
Processing ../rootlogon.C...
Processing ChargeTempFit_fuck.cpp...

======================================================================
Starting Unified Charge Analysis for chain: UnbiasedL1Inner
======================================================================

--- Processing Detector: TOF ---
  [bin 1] Ek_low = 0.0822516 GeV/n
  [bin 2] Ek_low = 0.12571 GeV/n
  [bin 3] Ek_low = 0.165811 GeV/n
  [bin 4] Ek_low = 0.213016 GeV/n
  [bin 5] Ek_low = 0.267548 GeV/n
  [bin 6] Ek_low = 0.332904 GeV/n
    Processing energy bin 6 (Ek=0.369524 GeV/n)
       -> Attempting fit with fixed range [4, 8.4]...
[#1] INFO:Eval -- RooRealVar::setRange(charge) new range named 'fit_range' created with bounds [4,8.4]
[#1] INFO:Minimization -- p.d.f. provides expected number of events, including extended term in likelihood.
[#1] INFO:Eval -- RooRealVar::setRange(charge) new range named 'fit_nll_total_pdf_data_hist' created with bounds [4,8.4]
[#1] INFO:Fitting -- RooAbsPdf::fitTo(total_pdf) fixing normalization set for coefficient determination to observables in data
[#1] INFO:Fitting -- using CPU computation library compiled with -mavx512
[#1] INFO:Fitting -- RooAddition::defaultErrorLevel(nll_total_pdf_data_hist) Summation contains a RooNLLVar, using its error level
[#1] INFO:Minimization -- RooAbsMinimizerFcn::setOptimizeConst: activating const optimization
Minuit2Minimizer: Minimize with max-calls 2000 convergence for edm < 1 strategy 2
Number of iterations 5
----------> Iteration 0
            FVAL = 1516464.05575 Edm = 2779.58904178 Nfcn = 48
            Error matrix change = 0
            Parameters :  p0 = 0.0337398 p1 = 0.139154 p2 = 0.421464 p3 = 0.102918
----------> Iteration 1
            FVAL = 1513645.99829 Edm = 2.37166683936 Nfcn = 57
            Error matrix change = 0.00803183
            Parameters :  p0 = 0.0293812 p1 = 0.144643 p2 = 0.398691 p3 = 0.123187
----------> Iteration 2
            FVAL = 1513643.44382 Edm = 0.00471370369002 Nfcn = 66
            Error matrix change = 0.0131715
            Parameters :  p0 = 0.0293337 p1 = 0.14426 p2 = 0.398318 p3 = 0.123809
----------> Iteration 3
            FVAL = 1513643.43888 Edm = 6.80137709894e-09 Nfcn = 75
            Error matrix change = 0.00686007
            Parameters :  p0 = 0.0293325 p1 = 0.14424 p2 = 0.398303 p3 = 0.123838
----------> Iteration 4
            FVAL = 1513643.43888 Edm = 3.38994006321e-08 Nfcn = 110
            Error matrix change = 0
            Parameters :  p0 = 0.0293325 p1 = 0.14424 p2 = 0.398303 p3 = 0.123838
Minuit2Minimizer : Valid minimum - status = 0
FVAL  = 1513643.43887998909
Edm   = 3.38994006321457507e-08
Nfcn  = 110
frac_Beryllium	  = 0.0293325	 +/-  0.000172719	(limited)
frac_Boron	  = 0.14424	 +/-  0.000349827	(limited)
frac_Carbon	  = 0.398303	 +/-  0.000475987	(limited)
frac_Nitrogen	  = 0.123838	 +/-  0.00034722	(limited)
Minuit2Minimizer::Hesse  - State returned from Hesse 

  Valid         : yes
  Function calls: 133
  Minimum value : 1513643.439
  Edm           : 3.394641251e-08
  Parameters    : 
  Pos |    Name    |  type   |      Value       |    Error +/-
    0 | frac_Beryllium | limited |    0.02933247061 | 0.0001726917731
    1 | frac_Boron | limited |     0.1442401625 | 0.0003496198391
    2 | frac_Carbon | limited |     0.3983033746 | 0.0004755769226
    3 | frac_Nitrogen | limited |     0.1238375944 | 0.0003470428702
  CovarianceStatus: 3
  Covariance and correlation matrix: 
  2.98225e-08 -8.25657e-09  -1.0431e-08 -3.31708e-09 |             1    -0.136751    -0.127009   -0.0553479
 -8.25657e-09  1.22234e-07  -6.0933e-08 -1.52232e-08 |     -0.136751            1    -0.366468    -0.125466
  -1.0431e-08  -6.0933e-08  2.26173e-07 -5.18572e-08 |     -0.127009    -0.366468            1    -0.314199
 -3.31708e-09 -1.52232e-08 -5.18572e-08  1.20439e-07 |    -0.0553479    -0.125466    -0.314199            1
  Global correlation coefficients: 
     0.283825
     0.493226
     0.555518
     0.433834
[#1] INFO:Minimization -- RooAbsMinimizerFcn::setOptimizeConst: deactivating const optimization
       -> Fit Successful!
xmin max: 4 8.4
Total chi2/ndf: 60.6762
  [bin 7] Ek_low = 0.406144 GeV/n
    Processing energy bin 7 (Ek=0.448539 GeV/n)
       -> Attempting fit with fixed range [4, 8.4]...
[#1] INFO:Eval -- RooRealVar::setRange(charge) new range named 'fit_range' created with bounds [4,8.4]
[#1] INFO:Minimization -- p.d.f. provides expected number of events, including extended term in likelihood.
[#1] INFO:Eval -- RooRealVar::setRange(charge) new range named 'fit_nll_total_pdf_data_hist' created with bounds [4,8.4]
[#1] INFO:Fitting -- RooAbsPdf::fitTo(total_pdf) fixing normalization set for coefficient determination to observables in data
[#1] INFO:Fitting -- RooAddition::defaultErrorLevel(nll_total_pdf_data_hist) Summation contains a RooNLLVar, using its error level
[#1] INFO:Minimization -- RooAbsMinimizerFcn::setOptimizeConst: activating const optimization
Minuit2Minimizer: Minimize with max-calls 2000 convergence for edm < 1 strategy 2
Number of iterations 5
----------> Iteration 0
            FVAL = 1989875.70024 Edm = 3836.54689534 Nfcn = 48
            Error matrix change = 0
            Parameters :  p0 = 0.0346957 p1 = 0.138941 p2 = 0.417573 p3 = 0.102367
----------> Iteration 1
            FVAL = 1985987.90567 Edm = 3.44342622465 Nfcn = 57
            Error matrix change = 0.00875093
            Parameters :  p0 = 0.02909 p1 = 0.144154 p2 = 0.396753 p3 = 0.122776
----------> Iteration 2
            FVAL = 1985984.21185 Edm = 0.00694179312367 Nfcn = 66
            Error matrix change = 0.0152063
            Parameters :  p0 = 0.0291046 p1 = 0.143761 p2 = 0.396258 p3 = 0.123406
----------> Iteration 3
            FVAL = 1985984.20465 Edm = 5.88380754059e-06 Nfcn = 75
            Error matrix change = 0.0151622
            Parameters :  p0 = 0.0290988 p1 = 0.143741 p2 = 0.396253 p3 = 0.123436
----------> Iteration 4
            FVAL = 1985984.20465 Edm = 4.83798262894e-06 Nfcn = 108
            Error matrix change = 0
            Parameters :  p0 = 0.0290988 p1 = 0.143741 p2 = 0.396253 p3 = 0.123436
Minuit2Minimizer : Valid minimum - status = 0
FVAL  = 1985984.20464713918
Edm   = 4.8379826289434924e-06
Nfcn  = 108
frac_Beryllium	  = 0.0290988	 +/-  0.000148582	(limited)
frac_Boron	  = 0.143741	 +/-  0.000303098	(limited)
frac_Carbon	  = 0.396253	 +/-  0.000413406	(limited)
frac_Nitrogen	  = 0.123436	 +/-  0.000299019	(limited)
Minuit2Minimizer::Hesse  - State returned from Hesse 

  Valid         : yes
  Function calls: 131
  Minimum value : 1985984.205
  Edm           : 4.833022352e-06
  Parameters    : 
  Pos |    Name    |  type   |      Value       |    Error +/-
    0 | frac_Beryllium | limited |    0.02909879586 | 0.0001485589939
    1 | frac_Boron | limited |      0.143740994 | 0.0003029274295
    2 | frac_Carbon | limited |     0.3962527069 | 0.0004130643313
    3 | frac_Nitrogen | limited |     0.1234363552 | 0.000298872175
  CovarianceStatus: 3
  Covariance and correlation matrix: 
  2.20698e-08 -5.99744e-09  -7.7293e-09 -2.41948e-09 |             1    -0.133269    -0.125957   -0.0544925
 -5.99744e-09  9.17651e-08 -4.55729e-08 -1.13976e-08 |     -0.133269            1    -0.364208    -0.125889
  -7.7293e-09 -4.55729e-08  1.70622e-07 -3.89834e-08 |     -0.125957    -0.364208            1    -0.315774
 -2.41948e-09 -1.13976e-08 -3.89834e-08  8.93246e-08 |    -0.0544925    -0.125889    -0.315774            1
  Global correlation coefficients: 
     0.278846
     0.489873
     0.553845
     0.434188
[#1] INFO:Minimization -- RooAbsMinimizerFcn::setOptimizeConst: deactivating const optimization
       -> Fit Successful!
xmin max: 4 8.4
Total chi2/ndf: 68.8225
  [bin 8] Ek_low = 0.490934 GeV/n
    Processing energy bin 8 (Ek=0.539271 GeV/n)
       -> Attempting fit with fixed range [4, 8.4]...
[#1] INFO:Eval -- RooRealVar::setRange(charge) new range named 'fit_range' created with bounds [4,8.4]
[#1] INFO:Minimization -- p.d.f. provides expected number of events, including extended term in likelihood.
[#1] INFO:Eval -- RooRealVar::setRange(charge) new range named 'fit_nll_total_pdf_data_hist' created with bounds [4,8.4]
[#1] INFO:Fitting -- RooAbsPdf::fitTo(total_pdf) fixing normalization set for coefficient determination to observables in data
[#1] INFO:Fitting -- RooAddition::defaultErrorLevel(nll_total_pdf_data_hist) Summation contains a RooNLLVar, using its error level
[#1] INFO:Minimization -- RooAbsMinimizerFcn::setOptimizeConst: activating const optimization
Minuit2Minimizer: Minimize with max-calls 2000 convergence for edm < 1 strategy 2
Number of iterations 5
----------> Iteration 0
            FVAL = 2417021.80232 Edm = 4810.37254717 Nfcn = 50
            Error matrix change = 0
            Parameters :  p0 = 0.0353531 p1 = 0.13873 p2 = 0.415998 p3 = 0.102346
----------> Iteration 1
            FVAL = 2412141.47555 Edm = 4.83765616166 Nfcn = 59
            Error matrix change = 0.00927744
            Parameters :  p0 = 0.0292878 p1 = 0.143042 p2 = 0.395196 p3 = 0.122592
----------> Iteration 2
            FVAL = 2412136.2814 Edm = 0.0103426869545 Nfcn = 68
            Error matrix change = 0.0165651
            Parameters :  p0 = 0.029318 p1 = 0.142637 p2 = 0.394642 p3 = 0.123273
----------> Iteration 3
            FVAL = 2412136.27071 Edm = 1.30086060709e-05 Nfcn = 77
            Error matrix change = 0.0172114
            Parameters :  p0 = 0.0293104 p1 = 0.142617 p2 = 0.394638 p3 = 0.123306
----------> Iteration 4
            FVAL = 2412136.27071 Edm = 1.10787602798e-05 Nfcn = 106
            Error matrix change = 0
            Parameters :  p0 = 0.0293104 p1 = 0.142617 p2 = 0.394638 p3 = 0.123306
Minuit2Minimizer : Valid minimum - status = 0
FVAL  = 2412136.27070791973
Edm   = 1.10787602798057131e-05
Nfcn  = 106
frac_Beryllium	  = 0.0293104	 +/-  0.000133716	(limited)
frac_Boron	  = 0.142617	 +/-  0.000272871	(limited)
frac_Carbon	  = 0.394638	 +/-  0.000373697	(limited)
frac_Nitrogen	  = 0.123306	 +/-  0.000269127	(limited)
Minuit2Minimizer::Hesse  - State returned from Hesse 

  Valid         : yes
  Function calls: 129
  Minimum value : 2412136.271
  Edm           : 1.104619568e-05
  Parameters    : 
  Pos |    Name    |  type   |      Value       |    Error +/-
    0 | frac_Beryllium | limited |    0.02931036891 | 0.0001336989457
    1 | frac_Boron | limited |     0.1426165147 | 0.0002727238774
    2 | frac_Carbon | limited |     0.3946377756 | 0.0003733995629
    3 | frac_Nitrogen | limited |      0.123305799 | 0.0002689977993
  CovarianceStatus: 3
  Covariance and correlation matrix: 
  1.78754e-08 -4.68553e-09 -6.29062e-09 -1.99163e-09 |             1    -0.128501    -0.126006   -0.0553774
 -4.68553e-09  7.43783e-08 -3.67941e-08 -9.26494e-09 |     -0.128501            1    -0.361311     -0.12629
 -6.29062e-09 -3.67941e-08  1.39427e-07 -3.18002e-08 |     -0.126006    -0.361311            1    -0.316597
 -1.99163e-09 -9.26494e-09 -3.18002e-08  7.23598e-08 |    -0.0553774     -0.12629    -0.316597            1
  Global correlation coefficients: 
     0.274606
     0.485584
     0.551613
     0.434205
[#1] INFO:Minimization -- RooAbsMinimizerFcn::setOptimizeConst: deactivating const optimization
       -> Fit Successful!
xmin max: 4 8.4
Total chi2/ndf: 86.1016
  [bin 9] Ek_low = 0.587609 GeV/n
    Processing energy bin 9 (Ek=0.641983 GeV/n)
       -> Attempting fit with fixed range [4, 8.4]...
[#1] INFO:Eval -- RooRealVar::setRange(charge) new range named 'fit_range' created with bounds [4,8.4]
[#1] INFO:Minimization -- p.d.f. provides expected number of events, including extended term in likelihood.
[#1] INFO:Eval -- RooRealVar::setRange(charge) new range named 'fit_nll_total_pdf_data_hist' created with bounds [4,8.4]
[#1] INFO:Fitting -- RooAbsPdf::fitTo(total_pdf) fixing normalization set for coefficient determination to observables in data
[#1] INFO:Fitting -- RooAddition::defaultErrorLevel(nll_total_pdf_data_hist) Summation contains a RooNLLVar, using its error level
[#1] INFO:Minimization -- RooAbsMinimizerFcn::setOptimizeConst: activating const optimization
Minuit2Minimizer: Minimize with max-calls 2000 convergence for edm < 1 strategy 2
Number of iterations 5
----------> Iteration 0
            FVAL = 2877127.24912 Edm = 6477.88011935 Nfcn = 48
            Error matrix change = 0
            Parameters :  p0 = 0.0372077 p1 = 0.138166 p2 = 0.414291 p3 = 0.102924
----------> Iteration 1
            FVAL = 2870550.02232 Edm = 8.15629159952 Nfcn = 57
            Error matrix change = 0.0105911
            Parameters :  p0 = 0.0295595 p1 = 0.141463 p2 = 0.393757 p3 = 0.123712
----------> Iteration 2
            FVAL = 2870541.30263 Edm = 0.0203491393203 Nfcn = 66
            Error matrix change = 0.0204918
            Parameters :  p0 = 0.0296399 p1 = 0.141001 p2 = 0.393 p3 = 0.124486
----------> Iteration 3
            FVAL = 2870541.28198 Edm = 4.8915441109e-05 Nfcn = 75
            Error matrix change = 0.0219755
            Parameters :  p0 = 0.0296259 p1 = 0.140977 p2 = 0.393003 p3 = 0.124525
----------> Iteration 4
            FVAL = 2870541.28198 Edm = 4.38308002982e-05 Nfcn = 100
            Error matrix change = 0
            Parameters :  p0 = 0.0296259 p1 = 0.140977 p2 = 0.393003 p3 = 0.124525
Minuit2Minimizer : Valid minimum - status = 0
FVAL  = 2870541.28197798226
Edm   = 4.38308002982052748e-05
Nfcn  = 100
frac_Beryllium	  = 0.0296259	 +/-  0.000123131	(limited)
frac_Boron	  = 0.140977	 +/-  0.00024903	(limited)
frac_Carbon	  = 0.393003	 +/-  0.000342567	(limited)
frac_Nitrogen	  = 0.124525	 +/-  0.000247873	(limited)
Minuit2Minimizer::Hesse  - State returned from Hesse 

  Valid         : yes
  Function calls: 123
  Minimum value : 2870541.282
  Edm           : 4.370094604e-05
  Parameters    : 
  Pos |    Name    |  type   |      Value       |    Error +/-
    0 | frac_Beryllium | limited |    0.02962585394 | 0.0001231155317
    1 | frac_Boron | limited |      0.140977025 | 0.0002489066489
    2 | frac_Carbon | limited |     0.3930028564 | 0.0003423302128
    3 | frac_Nitrogen | limited |     0.1245245291 | 0.0002477729426
  CovarianceStatus: 3
  Covariance and correlation matrix: 
  1.51574e-08 -3.96524e-09  -5.3011e-09 -1.70403e-09 |             1    -0.129396    -0.125779   -0.0558611
 -3.96524e-09  6.19545e-08 -3.05149e-08 -7.75614e-09 |     -0.129396            1    -0.358122    -0.125764
  -5.3011e-09 -3.05149e-08   1.1719e-07 -2.71202e-08 |     -0.125779    -0.358122            1    -0.319738
 -1.70403e-09 -7.75614e-09 -2.71202e-08  6.13914e-08 |    -0.0558611    -0.125764    -0.319738            1
  Global correlation coefficients: 
     0.275167
     0.483414
     0.551258
     0.436286
[#1] INFO:Minimization -- RooAbsMinimizerFcn::setOptimizeConst: deactivating const optimization
       -> Fit Successful!
xmin max: 4 8.4
Total chi2/ndf: 104.019
  [bin 10] Ek_low = 0.696357 GeV/n
    Processing energy bin 10 (Ek=0.758915 GeV/n)
       -> Attempting fit with fixed range [4, 8.4]...
[#1] INFO:Eval -- RooRealVar::setRange(charge) new range named 'fit_range' created with bounds [4,8.4]
[#1] INFO:Minimization -- p.d.f. provides expected number of events, including extended term in likelihood.
[#1] INFO:Eval -- RooRealVar::setRange(charge) new range named 'fit_nll_total_pdf_data_hist' created with bounds [4,8.4]
[#1] INFO:Fitting -- RooAbsPdf::fitTo(total_pdf) fixing normalization set for coefficient determination to observables in data
[#1] INFO:Fitting -- RooAddition::defaultErrorLevel(nll_total_pdf_data_hist) Summation contains a RooNLLVar, using its error level
[#1] INFO:Minimization -- RooAbsMinimizerFcn::setOptimizeConst: activating const optimization
Minuit2Minimizer: Minimize with max-calls 2000 convergence for edm < 1 strategy 2
Number of iterations 5
----------> Iteration 0
            FVAL = 3272083.19987 Edm = 6249.06075192 Nfcn = 48
            Error matrix change = 0
            Parameters :  p0 = 0.0358522 p1 = 0.138682 p2 = 0.413094 p3 = 0.103078
----------> Iteration 1
            FVAL = 3265734.13964 Edm = 6.60112384291 Nfcn = 57
            Error matrix change = 0.00900014
            Parameters :  p0 = 0.0297928 p1 = 0.14129 p2 = 0.392569 p3 = 0.122813
----------> Iteration 2
            FVAL = 3265727.04161 Edm = 0.0120959629823 Nfcn = 66
            Error matrix change = 0.0146313
            Parameters :  p0 = 0.0298033 p1 = 0.140878 p2 = 0.392028 p3 = 0.1235
----------> Iteration 3
            FVAL = 3265727.02906 Edm = 8.76838547559e-06 Nfcn = 75
            Error matrix change = 0.014808
            Parameters :  p0 = 0.0297969 p1 = 0.14086 p2 = 0.392018 p3 = 0.123532
----------> Iteration 4
            FVAL = 3265727.02906 Edm = 7.19288993831e-06 Nfcn = 106
            Error matrix change = 0
            Parameters :  p0 = 0.0297969 p1 = 0.14086 p2 = 0.392018 p3 = 0.123532
Minuit2Minimizer : Valid minimum - status = 0
FVAL  = 3265727.02906282665
Edm   = 7.19288993831431351e-06
Nfcn  = 106
frac_Beryllium	  = 0.0297969	 +/-  0.000115915	(limited)
frac_Boron	  = 0.14086	 +/-  0.000233612	(limited)
frac_Carbon	  = 0.392018	 +/-  0.00032147	(limited)
frac_Nitrogen	  = 0.123532	 +/-  0.00023228	(limited)
Minuit2Minimizer::Hesse  - State returned from Hesse 

  Valid         : yes
  Function calls: 129
  Minimum value : 3265727.029
  Edm           : 7.185124652e-06
  Parameters    : 
  Pos |    Name    |  type   |      Value       |    Error +/-
    0 | frac_Beryllium | limited |    0.02979690644 | 0.0001158978651
    1 | frac_Boron | limited |     0.1408598408 | 0.0002334892805
    2 | frac_Carbon | limited |     0.3920184629 | 0.0003212170549
    3 | frac_Nitrogen | limited |     0.1235315301 | 0.0002321700123
  CovarianceStatus: 3
  Covariance and correlation matrix: 
  1.34323e-08 -3.55177e-09 -4.67282e-09 -1.49025e-09 |             1    -0.131251    -0.125518    -0.055383
 -3.55177e-09  5.45173e-08 -2.68163e-08 -6.73199e-09 |     -0.131251            1    -0.357547    -0.124185
 -4.67282e-09 -2.68163e-08   1.0318e-07 -2.38905e-08 |     -0.125518    -0.357547            1    -0.320347
 -1.49025e-09 -6.73199e-09 -2.38905e-08  5.39029e-08 |     -0.055383    -0.124185    -0.320347            1
  Global correlation coefficients: 
     0.276002
     0.482757
     0.550887
     0.435618
[#1] INFO:Minimization -- RooAbsMinimizerFcn::setOptimizeConst: deactivating const optimization
       -> Fit Successful!
xmin max: 4 8.4
Total chi2/ndf: 116.372
  [bin 11] Ek_low = 0.821474 GeV/n
    Processing energy bin 11 (Ek=0.890201 GeV/n)
       -> Attempting fit with fixed range [4, 8.4]...
[#1] INFO:Eval -- RooRealVar::setRange(charge) new range named 'fit_range' created with bounds [4,8.4]
[#1] INFO:Minimization -- p.d.f. provides expected number of events, including extended term in likelihood.
[#1] INFO:Eval -- RooRealVar::setRange(charge) new range named 'fit_nll_total_pdf_data_hist' created with bounds [4,8.4]
[#1] INFO:Fitting -- RooAbsPdf::fitTo(total_pdf) fixing normalization set for coefficient determination to observables in data
[#1] INFO:Fitting -- RooAddition::defaultErrorLevel(nll_total_pdf_data_hist) Summation contains a RooNLLVar, using its error level
[#1] INFO:Minimization -- RooAbsMinimizerFcn::setOptimizeConst: activating const optimization
Minuit2Minimizer: Minimize with max-calls 2000 convergence for edm < 1 strategy 2
Number of iterations 5
----------> Iteration 0
            FVAL = 3689588.45917 Edm = 7927.92809281 Nfcn = 46
            Error matrix change = 0
            Parameters :  p0 = 0.0389628 p1 = 0.137834 p2 = 0.412784 p3 = 0.102329
----------> Iteration 1
            FVAL = 3681535.56828 Edm = 10.9412950509 Nfcn = 55
            Error matrix change = 0.01081
            Parameters :  p0 = 0.0304651 p1 = 0.138997 p2 = 0.393518 p3 = 0.121159
----------> Iteration 2
            FVAL = 3681524.01202 Edm = 0.0273698632774 Nfcn = 64
            Error matrix change = 0.0214624
            Parameters :  p0 = 0.0305535 p1 = 0.138528 p2 = 0.392621 p3 = 0.121824
----------> Iteration 3
            FVAL = 3681523.98499 Edm = 7.31939429935e-05 Nfcn = 73
            Error matrix change = 0.022402
            Parameters :  p0 = 0.0305342 p1 = 0.138507 p2 = 0.392632 p3 = 0.121855
----------> Iteration 4
            FVAL = 3681523.98499 Edm = 6.65824319646e-05 Nfcn = 100
            Error matrix change = 0
            Parameters :  p0 = 0.0305342 p1 = 0.138507 p2 = 0.392632 p3 = 0.121855
Minuit2Minimizer : Valid minimum - status = 0
FVAL  = 3681523.98499332322
Edm   = 6.65824319645859207e-05
Nfcn  = 100
frac_Beryllium	  = 0.0305342	 +/-  0.000110464	(limited)
frac_Boron	  = 0.138507	 +/-  0.000219013	(limited)
frac_Carbon	  = 0.392632	 +/-  0.000303243	(limited)
frac_Nitrogen	  = 0.121855	 +/-  0.000218073	(limited)
Minuit2Minimizer::Hesse  - State returned from Hesse 

  Valid         : yes
  Function calls: 123
  Minimum value : 3681523.985
  Edm           : 6.648368493e-05
  Parameters    : 
  Pos |    Name    |  type   |      Value       |    Error +/-
    0 | frac_Beryllium | limited |    0.03053421549 | 0.00011045008
    1 | frac_Boron | limited |     0.1385072556 | 0.0002189115743
    2 | frac_Carbon | limited |     0.3926319148 | 0.0003030166102
    3 | frac_Nitrogen | limited |     0.1218549394 | 0.00021797222
  CovarianceStatus: 3
  Covariance and correlation matrix: 
  1.21992e-08  -3.2502e-09 -4.21392e-09 -1.32948e-09 |             1    -0.134423    -0.125908   -0.0552223
  -3.2502e-09  4.79223e-08 -2.36239e-08 -5.76029e-09 |     -0.134423            1    -0.356136    -0.120719
 -4.21392e-09 -2.36239e-08  9.18191e-08 -2.12467e-08 |     -0.125908    -0.356136            1     -0.32168
 -1.32948e-09 -5.76029e-09 -2.12467e-08  4.75119e-08 |    -0.0552223    -0.120719     -0.32168            1
  Global correlation coefficients: 
     0.278488
     0.481114
     0.550298
      0.43448
[#1] INFO:Minimization -- RooAbsMinimizerFcn::setOptimizeConst: deactivating const optimization
       -> Fit Successful!
xmin max: 4 8.4
Total chi2/ndf: 122.601
  [bin 12] Ek_low = 0.958928 GeV/n
    Processing energy bin 12 (Ek=1.03598 GeV/n)
       -> Attempting fit with fixed range [4, 8.4]...
[#1] INFO:Eval -- RooRealVar::setRange(charge) new range named 'fit_range' created with bounds [4,8.4]
[#1] INFO:Minimization -- p.d.f. provides expected number of events, including extended term in likelihood.
[#1] INFO:Eval -- RooRealVar::setRange(charge) new range named 'fit_nll_total_pdf_data_hist' created with bounds [4,8.4]
[#1] INFO:Fitting -- RooAbsPdf::fitTo(total_pdf) fixing normalization set for coefficient determination to observables in data
[#1] INFO:Fitting -- RooAddition::defaultErrorLevel(nll_total_pdf_data_hist) Summation contains a RooNLLVar, using its error level
[#1] INFO:Minimization -- RooAbsMinimizerFcn::setOptimizeConst: activating const optimization
Minuit2Minimizer: Minimize with max-calls 2000 convergence for edm < 1 strategy 2
Number of iterations 5
----------> Iteration 0
            FVAL = 3946782.30232 Edm = 8091.67232074 Nfcn = 46
            Error matrix change = 0
            Parameters :  p0 = 0.0395688 p1 = 0.136409 p2 = 0.412702 p3 = 0.102377
----------> Iteration 1
            FVAL = 3938560.0124 Edm = 10.6734761921 Nfcn = 55
            Error matrix change = 0.00996873
            Parameters :  p0 = 0.0309813 p1 = 0.136958 p2 = 0.393493 p3 = 0.119597
----------> Iteration 2
            FVAL = 3938548.73185 Edm = 0.0239845315568 Nfcn = 64
            Error matrix change = 0.0194152
            Parameters :  p0 = 0.0310437 p1 = 0.136508 p2 = 0.39262 p3 = 0.120175
----------> Iteration 3
            FVAL = 3938548.70812 Edm = 6.33150582918e-05 Nfcn = 73
            Error matrix change = 0.0211159
            Parameters :  p0 = 0.0310255 p1 = 0.136488 p2 = 0.392628 p3 = 0.120201
----------> Iteration 4
            FVAL = 3938548.70812 Edm = 5.73054259539e-05 Nfcn = 100
            Error matrix change = 0
            Parameters :  p0 = 0.0310255 p1 = 0.136488 p2 = 0.392628 p3 = 0.120201
Minuit2Minimizer : Valid minimum - status = 0
FVAL  = 3938548.70811966155
Edm   = 5.73054259539342281e-05
Nfcn  = 100
frac_Beryllium	  = 0.0310255	 +/-  0.000107241	(limited)
frac_Boron	  = 0.136488	 +/-  0.000210269	(limited)
frac_Carbon	  = 0.392628	 +/-  0.000292779	(limited)
frac_Nitrogen	  = 0.120201	 +/-  0.000209692	(limited)
Minuit2Minimizer::Hesse  - State returned from Hesse 

  Valid         : yes
  Function calls: 123
  Minimum value : 3938548.708
  Edm           : 5.72126426e-05
  Parameters    : 
  Pos |    Name    |  type   |      Value       |    Error +/-
    0 | frac_Beryllium | limited |    0.03102554882 | 0.0001072271722
    1 | frac_Boron | limited |     0.1364881887 | 0.0002101741759
    2 | frac_Carbon | limited |     0.3926280862 | 0.0002925654293
    3 | frac_Nitrogen | limited |     0.1202005845 | 0.0002095971796
  CovarianceStatus: 3
  Covariance and correlation matrix: 
  1.14977e-08 -3.03523e-09 -3.96805e-09 -1.24603e-09 |             1    -0.134681    -0.126488   -0.0554419
 -3.03523e-09  4.41732e-08 -2.17325e-08 -5.21525e-09 |     -0.134681            1    -0.353433    -0.118389
 -3.96805e-09 -2.17325e-08  8.55945e-08 -1.96994e-08 |     -0.126488    -0.353433            1    -0.321251
 -1.24603e-09 -5.21525e-09 -1.96994e-08   4.3931e-08 |    -0.0554419    -0.118389    -0.321251            1
  Global correlation coefficients: 
     0.278326
     0.477215
     0.547481
     0.431797
[#1] INFO:Minimization -- RooAbsMinimizerFcn::setOptimizeConst: deactivating const optimization
       -> Fit Successful!
xmin max: 4 8.4
Total chi2/ndf: 112.181
  [bin 13] Ek_low = 1.11303 GeV/n
    Processing energy bin 13 (Ek=1.19844 GeV/n)
       -> Attempting fit with fixed range [4, 8.4]...
[#1] INFO:Eval -- RooRealVar::setRange(charge) new range named 'fit_range' created with bounds [4,8.4]
[#1] INFO:Minimization -- p.d.f. provides expected number of events, including extended term in likelihood.
[#1] INFO:Eval -- RooRealVar::setRange(charge) new range named 'fit_nll_total_pdf_data_hist' created with bounds [4,8.4]
[#1] INFO:Fitting -- RooAbsPdf::fitTo(total_pdf) fixing normalization set for coefficient determination to observables in data
[#1] INFO:Fitting -- RooAddition::defaultErrorLevel(nll_total_pdf_data_hist) Summation contains a RooNLLVar, using its error level
[#1] INFO:Minimization -- RooAbsMinimizerFcn::setOptimizeConst: activating const optimization
Minuit2Minimizer: Minimize with max-calls 2000 convergence for edm < 1 strategy 2
Number of iterations 5
----------> Iteration 0
            FVAL = 4050844.50531 Edm = 6699.12673286 Nfcn = 48
            Error matrix change = 0
            Parameters :  p0 = 0.0371389 p1 = 0.135986 p2 = 0.413447 p3 = 0.102481
----------> Iteration 1
            FVAL = 4044028.82623 Edm = 6.6668382982 Nfcn = 57
            Error matrix change = 0.00736466
            Parameters :  p0 = 0.0310683 p1 = 0.135639 p2 = 0.392968 p3 = 0.117963
----------> Iteration 2
            FVAL = 4044021.67665 Edm = 0.00941475251077 Nfcn = 66
            Error matrix change = 0.0121428
            Parameters :  p0 = 0.0310208 p1 = 0.135249 p2 = 0.392456 p3 = 0.11847
----------> Iteration 3
            FVAL = 4044021.66687 Edm = 1.32424316637e-06 Nfcn = 75
            Error matrix change = 0.00990007
            Parameters :  p0 = 0.0310162 p1 = 0.135234 p2 = 0.392441 p3 = 0.118491
----------> Iteration 4
            FVAL = 4044021.66687 Edm = 8.84185145839e-07 Nfcn = 106
            Error matrix change = 0
            Parameters :  p0 = 0.0310162 p1 = 0.135234 p2 = 0.392441 p3 = 0.118491
Minuit2Minimizer : Valid minimum - status = 0
FVAL  = 4044021.66687330045
Edm   = 8.84185145839136849e-07
Nfcn  = 106
frac_Beryllium	  = 0.0310162	 +/-  0.000105151	(limited)
frac_Boron	  = 0.135234	 +/-  0.000206451	(limited)
frac_Carbon	  = 0.392441	 +/-  0.000288394	(limited)
frac_Nitrogen	  = 0.118491	 +/-  0.000205466	(limited)
Minuit2Minimizer::Hesse  - State returned from Hesse 

  Valid         : yes
  Function calls: 129
  Minimum value : 4044021.667
  Edm           : 8.828430535e-07
  Parameters    : 
  Pos |    Name    |  type   |      Value       |    Error +/-
    0 | frac_Beryllium | limited |    0.03101622286 | 0.0001051363683
    1 | frac_Boron | limited |     0.1352341372 | 0.0002063491459
    2 | frac_Carbon | limited |     0.3924413862 | 0.000288179765
    3 | frac_Nitrogen | limited |     0.1184911779 | 0.000205375107
  CovarianceStatus: 3
  Covariance and correlation matrix: 
  1.10537e-08 -2.84932e-09 -3.83519e-09 -1.18936e-09 |             1    -0.131337    -0.126581   -0.0550823
 -2.84932e-09    4.258e-08 -2.10514e-08 -4.93485e-09 |     -0.131337            1    -0.354009    -0.116446
 -3.83519e-09 -2.10514e-08  8.30476e-08  -1.8838e-08 |     -0.126581    -0.354009            1    -0.318291
 -1.18936e-09 -4.93485e-09  -1.8838e-08  4.21789e-08 |    -0.0550823    -0.116446    -0.318291            1
  Global correlation coefficients: 
     0.274545
     0.474344
     0.544738
     0.427132
[#1] INFO:Minimization -- RooAbsMinimizerFcn::setOptimizeConst: deactivating const optimization
       -> Fit Successful!
xmin max: 4 8.4
Total chi2/ndf: 89.7632
  [bin 14] Ek_low = 1.28385 GeV/n
  [bin 15] Ek_low = 1.4714 GeV/n
  [bin 16] Ek_low = 1.68026 GeV/n
  [bin 17] Ek_low = 1.91049 GeV/n
  [bin 18] Ek_low = 2.16207 GeV/n
  [bin 19] Ek_low = 2.43494 GeV/n
  [bin 20] Ek_low = 2.73384 GeV/n
  [bin 21] Ek_low = 3.05875 GeV/n
  [bin 22] Ek_low = 3.40962 GeV/n
  [bin 23] Ek_low = 3.79127 GeV/n
  [bin 24] Ek_low = 4.20369 GeV/n
  [bin 25] Ek_low = 4.64682 GeV/n
  [bin 26] Ek_low = 5.14038 GeV/n
  [bin 27] Ek_low = 5.63491 GeV/n
  [bin 28] Ek_low = 6.17977 GeV/n
  [bin 29] Ek_low = 6.775 GeV/n
  [bin 30] Ek_low = 7.42061 GeV/n
  [bin 31] Ek_low = 8.11658 GeV/n
  [bin 32] Ek_low = 8.8629 GeV/n
  [bin 33] Ek_low = 9.65954 GeV/n
  [bin 34] Ek_low = 10.5065 GeV/n
  [bin 35] Ek_low = 11.4536 GeV/n
  [bin 36] Ek_low = 12.451 GeV/n
  [bin 37] Ek_low = 13.4986 GeV/n
  [bin 38] Ek_low = 14.6464 GeV/n
  [bin 39] Ek_low = 15.8444 GeV/n
  [bin 40] Ek_low = 17.1425 GeV/n
  [bin 41] Ek_low = 18.5408 GeV/n
  [bin 42] Ek_low = 20.0392 GeV/n
  [bin 43] Ek_low = 21.6377 GeV/n
  [bin 44] Ek_low = 23.3364 GeV/n
  [bin 45] Ek_low = 25.1851 GeV/n
  [bin 46] Ek_low = 27.134 GeV/n
  [bin 47] Ek_low = 29.2329 GeV/n
  [bin 48] Ek_low = 31.4819 GeV/n
  [bin 49] Ek_low = 33.9309 GeV/n
  [bin 50] Ek_low = 36.5301 GeV/n
  [bin 51] Ek_low = 39.3293 GeV/n
  [bin 52] Ek_low = 42.3285 GeV/n
  [bin 53] Ek_low = 45.5778 GeV/n
  [bin 54] Ek_low = 49.0772 GeV/n
  [bin 55] Ek_low = 53.0765 GeV/n
  [bin 56] Ek_low = 57.076 GeV/n
  [bin 57] Ek_low = 61.5754 GeV/n
  [bin 58] Ek_low = 66.5749 GeV/n
  [bin 59] Ek_low = 72.5744 GeV/n
  [bin 60] Ek_low = 79.0739 GeV/n
  [bin 61] Ek_low = 86.5735 GeV/n
  [bin 62] Ek_low = 95.073 GeV/n
  [bin 63] Ek_low = 104.573 GeV/n
  [bin 64] Ek_low = 115.572 GeV/n
  [bin 65] Ek_low = 128.572 GeV/n
  [bin 66] Ek_low = 144.571 GeV/n
  [bin 67] Ek_low = 164.071 GeV/n
  [bin 68] Ek_low = 188.571 GeV/n
  [bin 69] Ek_low = 219.57 GeV/n
  [bin 70] Ek_low = 261.57 GeV/n
  [bin 71] Ek_low = 329.07 GeV/n
  [bin 72] Ek_low = 439.069 GeV/n
  [bin 73] Ek_low = 649.069 GeV/n

--- Processing Detector: NaF ---
  [bin 1] Ek_low = 0.0822516 GeV/n
  [bin 2] Ek_low = 0.12571 GeV/n
  [bin 3] Ek_low = 0.165811 GeV/n
  [bin 4] Ek_low = 0.213016 GeV/n
  [bin 5] Ek_low = 0.267548 GeV/n
  [bin 6] Ek_low = 0.332904 GeV/n
  [bin 7] Ek_low = 0.406144 GeV/n
  [bin 8] Ek_low = 0.490934 GeV/n
  [bin 9] Ek_low = 0.587609 GeV/n
  [bin 10] Ek_low = 0.696357 GeV/n
  [bin 11] Ek_low = 0.821474 GeV/n
  [bin 12] Ek_low = 0.958928 GeV/n
    Processing energy bin 12 (Ek=1.03598 GeV/n)
       -> Attempting fit with fixed range [4, 8.4]...
[#1] INFO:Eval -- RooRealVar::setRange(charge) new range named 'fit_range' created with bounds [4,8.4]
[#1] INFO:Minimization -- p.d.f. provides expected number of events, including extended term in likelihood.
[#1] INFO:Eval -- RooRealVar::setRange(charge) new range named 'fit_nll_total_pdf_data_hist' created with bounds [4,8.4]
[#1] INFO:Fitting -- RooAbsPdf::fitTo(total_pdf) fixing normalization set for coefficient determination to observables in data
[#1] INFO:Fitting -- RooAddition::defaultErrorLevel(nll_total_pdf_data_hist) Summation contains a RooNLLVar, using its error level
[#1] INFO:Minimization -- RooAbsMinimizerFcn::setOptimizeConst: activating const optimization
Minuit2Minimizer: Minimize with max-calls 2000 convergence for edm < 1 strategy 2
Number of iterations 5
----------> Iteration 0
            FVAL = 512414.549207 Edm = 2244.08116754 Nfcn = 46
            Error matrix change = 0
            Parameters :  p0 = 0.0444592 p1 = 0.147182 p2 = 0.42746 p3 = 0.0987888
----------> Iteration 1
            FVAL = 510081.472107 Edm = 9.84349986464 Nfcn = 55
            Error matrix change = 0.0119689
            Parameters :  p0 = 0.0311222 p1 = 0.141404 p2 = 0.403278 p3 = 0.117065
----------> Iteration 2
            FVAL = 510070.195252 Edm = 0.0141862718804 Nfcn = 65
            Error matrix change = 0.0158495
            Parameters :  p0 = 0.0309069 p1 = 0.140308 p2 = 0.400831 p3 = 0.118091
----------> Iteration 3
            FVAL = 510070.181621 Edm = 9.40094466834e-05 Nfcn = 74
            Error matrix change = 0.0311753
            Parameters :  p0 = 0.0308621 p1 = 0.140286 p2 = 0.400898 p3 = 0.118067
----------> Iteration 4
            FVAL = 510070.181621 Edm = 9.12475607555e-05 Nfcn = 99
            Error matrix change = 0
            Parameters :  p0 = 0.0308621 p1 = 0.140286 p2 = 0.400898 p3 = 0.118067
Minuit2Minimizer : Valid minimum - status = 0
FVAL  = 510070.181621258031
Edm   = 9.12475607554990578e-05
Nfcn  = 99
frac_Beryllium	  = 0.0308621	 +/-  0.000299672	(limited)
frac_Boron	  = 0.140286	 +/-  0.000588856	(limited)
frac_Carbon	  = 0.400898	 +/-  0.000811982	(limited)
frac_Nitrogen	  = 0.118067	 +/-  0.000571535	(limited)
Minuit2Minimizer::Hesse  - State returned from Hesse 

  Valid         : yes
  Function calls: 122
  Minimum value : 510070.1816
  Edm           : 9.114922926e-05
  Parameters    : 
  Pos |    Name    |  type   |      Value       |    Error +/-
    0 | frac_Beryllium | limited |    0.03086209981 | 0.0002996318614
    1 | frac_Boron | limited |      0.140286238 | 0.0005885577668
    2 | frac_Carbon | limited |     0.4008983802 | 0.0008114105636
    3 | frac_Nitrogen | limited |     0.1180672779 | 0.0005713065863
  CovarianceStatus: 3
  Covariance and correlation matrix: 
  8.97793e-08 -2.46771e-08 -3.15097e-08 -9.59373e-09 |             1    -0.139932    -0.129603   -0.0560441
 -2.46771e-08  3.46401e-07 -1.72738e-07 -4.08363e-08 |     -0.139932            1    -0.361708    -0.121447
 -3.15097e-08 -1.72738e-07  6.58388e-07 -1.49052e-07 |     -0.129603    -0.361708            1    -0.321534
 -9.59373e-09 -4.08363e-08 -1.49052e-07  3.26392e-07 |    -0.0560441    -0.121447    -0.321534            1
  Global correlation coefficients: 
     0.289101
     0.490308
     0.557202
     0.438064
[#1] INFO:Minimization -- RooAbsMinimizerFcn::setOptimizeConst: deactivating const optimization
       -> Fit Successful!
xmin max: 4 8.4
Total chi2/ndf: 13.4567
  [bin 13] Ek_low = 1.11303 GeV/n
    Processing energy bin 13 (Ek=1.19844 GeV/n)
       -> Attempting fit with fixed range [4, 8.4]...
[#1] INFO:Eval -- RooRealVar::setRange(charge) new range named 'fit_range' created with bounds [4,8.4]
[#1] INFO:Minimization -- p.d.f. provides expected number of events, including extended term in likelihood.
[#1] INFO:Eval -- RooRealVar::setRange(charge) new range named 'fit_nll_total_pdf_data_hist' created with bounds [4,8.4]
[#1] INFO:Fitting -- RooAbsPdf::fitTo(total_pdf) fixing normalization set for coefficient determination to observables in data
[#1] INFO:Fitting -- RooAddition::defaultErrorLevel(nll_total_pdf_data_hist) Summation contains a RooNLLVar, using its error level
[#1] INFO:Minimization -- RooAbsMinimizerFcn::setOptimizeConst: activating const optimization
Minuit2Minimizer: Minimize with max-calls 2000 convergence for edm < 1 strategy 2
Number of iterations 5
----------> Iteration 0
            FVAL = 515012.061026 Edm = 2131.96350746 Nfcn = 46
            Error matrix change = 0
            Parameters :  p0 = 0.0420295 p1 = 0.148925 p2 = 0.432688 p3 = 0.0989605
----------> Iteration 1
            FVAL = 512784.904796 Edm = 9.98260182512 Nfcn = 55
            Error matrix change = 0.0103455
            Parameters :  p0 = 0.0315596 p1 = 0.143383 p2 = 0.403828 p3 = 0.116399
----------> Iteration 2
            FVAL = 512773.317532 Edm = 0.00366535367759 Nfcn = 65
            Error matrix change = 0.0141881
            Parameters :  p0 = 0.0311402 p1 = 0.142187 p2 = 0.40172 p3 = 0.117396
----------> Iteration 3
            FVAL = 512773.313487 Edm = 1.36957701724e-05 Nfcn = 75
            Error matrix change = 0.024334
            Parameters :  p0 = 0.0311312 p1 = 0.142176 p2 = 0.401743 p3 = 0.117353
----------> Iteration 4
            FVAL = 512773.313487 Edm = 1.27512881459e-05 Nfcn = 98
            Error matrix change = 0
            Parameters :  p0 = 0.0311312 p1 = 0.142176 p2 = 0.401743 p3 = 0.117353
Minuit2Minimizer : Valid minimum - status = 0
FVAL  = 512773.313487408275
Edm   = 1.27512881459105273e-05
Nfcn  = 98
frac_Beryllium	  = 0.0311312	 +/-  0.00030026	(limited)
frac_Boron	  = 0.142176	 +/-  0.000591562	(limited)
frac_Carbon	  = 0.401743	 +/-  0.000811621	(limited)
frac_Nitrogen	  = 0.117353	 +/-  0.000571483	(limited)
Minuit2Minimizer::Hesse  - State returned from Hesse 

  Valid         : yes
  Function calls: 121
  Minimum value : 512773.3135
  Edm           : 1.272285857e-05
  Parameters    : 
  Pos |    Name    |  type   |      Value       |    Error +/-
    0 | frac_Beryllium | limited |    0.03113120052 | 0.0003002192144
    1 | frac_Boron | limited |     0.1421759506 | 0.0005912869544
    2 | frac_Carbon | limited |     0.4017426221 | 0.0008110643052
    3 | frac_Nitrogen | limited |     0.1173534796 | 0.0005712559484
  CovarianceStatus: 3
  Covariance and correlation matrix: 
  9.01317e-08 -2.45456e-08  -3.1973e-08  -9.4413e-09 |             1    -0.138273    -0.131307   -0.0550506
 -2.45456e-08  3.49621e-07 -1.75652e-07 -4.08868e-08 |     -0.138273            1    -0.366269    -0.121047
  -3.1973e-08 -1.75652e-07  6.57826e-07 -1.47596e-07 |     -0.131307    -0.366269            1    -0.318559
  -9.4413e-09 -4.08868e-08 -1.47596e-07  3.26334e-07 |    -0.0550506    -0.121047    -0.318559            1
  Global correlation coefficients: 
     0.289241
     0.493226
     0.558851
     0.435891
[#1] INFO:Minimization -- RooAbsMinimizerFcn::setOptimizeConst: deactivating const optimization
       -> Fit Successful!
xmin max: 4 8.4
Total chi2/ndf: 14.1524
  [bin 14] Ek_low = 1.28385 GeV/n
    Processing energy bin 14 (Ek=1.37763 GeV/n)
       -> Attempting fit with fixed range [4, 8.4]...
[#1] INFO:Eval -- RooRealVar::setRange(charge) new range named 'fit_range' created with bounds [4,8.4]
[#1] INFO:Minimization -- p.d.f. provides expected number of events, including extended term in likelihood.
[#1] INFO:Eval -- RooRealVar::setRange(charge) new range named 'fit_nll_total_pdf_data_hist' created with bounds [4,8.4]
[#1] INFO:Fitting -- RooAbsPdf::fitTo(total_pdf) fixing normalization set for coefficient determination to observables in data
[#1] INFO:Fitting -- RooAddition::defaultErrorLevel(nll_total_pdf_data_hist) Summation contains a RooNLLVar, using its error level
[#1] INFO:Minimization -- RooAbsMinimizerFcn::setOptimizeConst: activating const optimization
Minuit2Minimizer: Minimize with max-calls 2000 convergence for edm < 1 strategy 2
Number of iterations 5
----------> Iteration 0
            FVAL = 534199.257533 Edm = 2275.3198484 Nfcn = 46
            Error matrix change = 0
            Parameters :  p0 = 0.0445633 p1 = 0.147531 p2 = 0.433311 p3 = 0.0987525
----------> Iteration 1
            FVAL = 531824.07843 Edm = 10.9662412032 Nfcn = 55
            Error matrix change = 0.0100122
            Parameters :  p0 = 0.0323001 p1 = 0.143067 p2 = 0.405852 p3 = 0.115411
----------> Iteration 2
            FVAL = 531811.313025 Edm = 0.00808506496601 Nfcn = 65
            Error matrix change = 0.0140596
            Parameters :  p0 = 0.0319196 p1 = 0.141904 p2 = 0.403536 p3 = 0.116301
----------> Iteration 3
            FVAL = 531811.304682 Edm = 7.31348404126e-05 Nfcn = 74
            Error matrix change = 0.0362499
            Parameters :  p0 = 0.0318965 p1 = 0.141886 p2 = 0.403588 p3 = 0.116257
----------> Iteration 4
            FVAL = 531811.304682 Edm = 7.71333851935e-05 Nfcn = 97
            Error matrix change = 0
            Parameters :  p0 = 0.0318965 p1 = 0.141886 p2 = 0.403588 p3 = 0.116257
Minuit2Minimizer : Valid minimum - status = 0
FVAL  = 531811.304682396702
Edm   = 7.71333851935464743e-05
Nfcn  = 97
frac_Beryllium	  = 0.0318965	 +/-  0.000297457	(limited)
frac_Boron	  = 0.141886	 +/-  0.000580356	(limited)
frac_Carbon	  = 0.403588	 +/-  0.000798792	(limited)
frac_Nitrogen	  = 0.116257	 +/-  0.000559879	(limited)
Minuit2Minimizer::Hesse  - State returned from Hesse 

  Valid         : yes
  Function calls: 120
  Minimum value : 531811.3047
  Edm           : 7.707830477e-05
  Parameters    : 
  Pos |    Name    |  type   |      Value       |    Error +/-
    0 | frac_Beryllium | limited |    0.03189654654 | 0.0002974160534
    1 | frac_Boron | limited |     0.1418857569 | 0.0005800849857
    2 | frac_Carbon | limited |     0.4035877978 | 0.0007982385582
    3 | frac_Nitrogen | limited |     0.1162570495 | 0.0005596539001
  CovarianceStatus: 3
  Covariance and correlation matrix: 
  8.84564e-08 -2.38163e-08 -3.16109e-08 -9.22473e-09 |             1    -0.138044    -0.133149   -0.0554204
 -2.38163e-08  3.36499e-07 -1.69136e-07 -3.91948e-08 |     -0.138044            1    -0.365269     -0.12073
 -3.16109e-08 -1.69136e-07  6.37185e-07 -1.43519e-07 |     -0.133149    -0.365269            1     -0.32126
 -9.22473e-09 -3.91948e-08 -1.43519e-07  3.13213e-07 |    -0.0554204     -0.12073     -0.32126            1
  Global correlation coefficients: 
      0.29124
     0.493167
     0.560546
      0.43856
[#1] INFO:Minimization -- RooAbsMinimizerFcn::setOptimizeConst: deactivating const optimization
       -> Fit Successful!
xmin max: 4 8.4
Total chi2/ndf: 12.8889
  [bin 15] Ek_low = 1.4714 GeV/n
    Processing energy bin 15 (Ek=1.57583 GeV/n)
       -> Attempting fit with fixed range [4, 8.4]...
[#1] INFO:Eval -- RooRealVar::setRange(charge) new range named 'fit_range' created with bounds [4,8.4]
[#1] INFO:Minimization -- p.d.f. provides expected number of events, including extended term in likelihood.
[#1] INFO:Eval -- RooRealVar::setRange(charge) new range named 'fit_nll_total_pdf_data_hist' created with bounds [4,8.4]
[#1] INFO:Fitting -- RooAbsPdf::fitTo(total_pdf) fixing normalization set for coefficient determination to observables in data
[#1] INFO:Fitting -- RooAddition::defaultErrorLevel(nll_total_pdf_data_hist) Summation contains a RooNLLVar, using its error level
[#1] INFO:Minimization -- RooAbsMinimizerFcn::setOptimizeConst: activating const optimization
Minuit2Minimizer: Minimize with max-calls 2000 convergence for edm < 1 strategy 2
Number of iterations 5
----------> Iteration 0
            FVAL = 553992.028866 Edm = 2488.03755667 Nfcn = 46
            Error matrix change = 0
            Parameters :  p0 = 0.0476404 p1 = 0.145918 p2 = 0.430986 p3 = 0.0982955
----------> Iteration 1
            FVAL = 551406.712445 Edm = 11.3052947448 Nfcn = 55
            Error matrix change = 0.0118399
            Parameters :  p0 = 0.0330232 p1 = 0.14269 p2 = 0.405802 p3 = 0.11593
----------> Iteration 2
            FVAL = 551393.721035 Edm = 0.0213539190085 Nfcn = 65
            Error matrix change = 0.016517
            Parameters :  p0 = 0.0327968 p1 = 0.141595 p2 = 0.403251 p3 = 0.116876
----------> Iteration 3
            FVAL = 551393.700595 Edm = 0.00014877099857 Nfcn = 74
            Error matrix change = 0.0324752
            Parameters :  p0 = 0.0327439 p1 = 0.141564 p2 = 0.403338 p3 = 0.116847
----------> Iteration 4
            FVAL = 551393.700595 Edm = 0.000143823595967 Nfcn = 101
            Error matrix change = 0
            Parameters :  p0 = 0.0327439 p1 = 0.141564 p2 = 0.403338 p3 = 0.116847
Minuit2Minimizer : Valid minimum - status = 0
FVAL  = 551393.700595090166
Edm   = 0.000143823595967163594
Nfcn  = 101
frac_Beryllium	  = 0.0327439	 +/-  0.000295631	(limited)
frac_Boron	  = 0.141564	 +/-  0.000568509	(limited)
frac_Carbon	  = 0.403338	 +/-  0.000783434	(limited)
frac_Nitrogen	  = 0.116847	 +/-  0.00055093	(limited)
Minuit2Minimizer::Hesse  - State returned from Hesse 

  Valid         : yes
  Function calls: 124
  Minimum value : 551393.7006
  Edm           : 0.0001436761457
  Parameters    : 
  Pos |    Name    |  type   |      Value       |    Error +/-
    0 | frac_Beryllium | limited |    0.03274394273 | 0.000295588643
    1 | frac_Boron | limited |     0.1415641763 | 0.0005682024893
    2 | frac_Carbon | limited |     0.4033375544 | 0.0007828612194
    3 | frac_Nitrogen | limited |     0.1168469012 | 0.0005507050907
  CovarianceStatus: 3
  Covariance and correlation matrix: 
  8.73727e-08 -2.33695e-08 -3.12763e-08 -9.32815e-09 |             1    -0.139142    -0.135158   -0.0573044
 -2.33695e-08  3.22854e-07 -1.61619e-07 -3.76471e-08 |     -0.139142            1    -0.363331    -0.120312
 -3.12763e-08 -1.61619e-07  6.12872e-07 -1.38717e-07 |     -0.135158    -0.363331            1    -0.321754
 -9.32815e-09 -3.76471e-08 -1.38717e-07  3.03276e-07 |    -0.0573044    -0.120312    -0.321754            1
  Global correlation coefficients: 
     0.294896
     0.492319
     0.560483
     0.439303
[#1] INFO:Minimization -- RooAbsMinimizerFcn::setOptimizeConst: deactivating const optimization
       -> Fit Successful!
xmin max: 4 8.4
Total chi2/ndf: 12.3394
  [bin 16] Ek_low = 1.68026 GeV/n
    Processing energy bin 16 (Ek=1.79538 GeV/n)
       -> Attempting fit with fixed range [4, 8.4]...
[#1] INFO:Eval -- RooRealVar::setRange(charge) new range named 'fit_range' created with bounds [4,8.4]
[#1] INFO:Minimization -- p.d.f. provides expected number of events, including extended term in likelihood.
[#1] INFO:Eval -- RooRealVar::setRange(charge) new range named 'fit_nll_total_pdf_data_hist' created with bounds [4,8.4]
[#1] INFO:Fitting -- RooAbsPdf::fitTo(total_pdf) fixing normalization set for coefficient determination to observables in data
[#1] INFO:Fitting -- RooAddition::defaultErrorLevel(nll_total_pdf_data_hist) Summation contains a RooNLLVar, using its error level
[#1] INFO:Minimization -- RooAbsMinimizerFcn::setOptimizeConst: activating const optimization
Minuit2Minimizer: Minimize with max-calls 2000 convergence for edm < 1 strategy 2
Number of iterations 5
----------> Iteration 0
            FVAL = 540069.483968 Edm = 2306.38960898 Nfcn = 46
            Error matrix change = 0
            Parameters :  p0 = 0.0479345 p1 = 0.143296 p2 = 0.432273 p3 = 0.0963899
----------> Iteration 1
            FVAL = 537675.084749 Edm = 9.70415568441 Nfcn = 55
            Error matrix change = 0.0110278
            Parameters :  p0 = 0.0337792 p1 = 0.14123 p2 = 0.406237 p3 = 0.113382
----------> Iteration 2
            FVAL = 537663.961505 Edm = 0.0146740348057 Nfcn = 65
            Error matrix change = 0.0155176
            Parameters :  p0 = 0.033526 p1 = 0.140212 p2 = 0.40388 p3 = 0.114259
----------> Iteration 3
            FVAL = 537663.947416 Edm = 0.000100871771569 Nfcn = 74
            Error matrix change = 0.032569
            Parameters :  p0 = 0.0334828 p1 = 0.140184 p2 = 0.403958 p3 = 0.114232
----------> Iteration 4
            FVAL = 537663.947416 Edm = 9.74410172582e-05 Nfcn = 99
            Error matrix change = 0
            Parameters :  p0 = 0.0334828 p1 = 0.140184 p2 = 0.403958 p3 = 0.114232
Minuit2Minimizer : Valid minimum - status = 0
FVAL  = 537663.947415964329
Edm   = 9.74410172582332448e-05
Nfcn  = 99
frac_Beryllium	  = 0.0334828	 +/-  0.000303517	(limited)
frac_Boron	  = 0.140184	 +/-  0.000573929	(limited)
frac_Carbon	  = 0.403958	 +/-  0.000792957	(limited)
frac_Nitrogen	  = 0.114232	 +/-  0.000552763	(limited)
Minuit2Minimizer::Hesse  - State returned from Hesse 

  Valid         : yes
  Function calls: 122
  Minimum value : 537663.9474
  Edm           : 9.733508879e-05
  Parameters    : 
  Pos |    Name    |  type   |      Value       |    Error +/-
    0 | frac_Beryllium | limited |    0.03348282065 | 0.0003034727956
    1 | frac_Boron | limited |     0.1401837886 | 0.0005736353453
    2 | frac_Carbon | limited |     0.4039576237 | 0.0007923922203
    3 | frac_Nitrogen | limited |     0.1142315836 | 0.0005525426639
  CovarianceStatus: 3
  Covariance and correlation matrix: 
  9.20958e-08 -2.52488e-08 -3.25757e-08 -9.43637e-09 |             1    -0.145039    -0.135467   -0.0562754
 -2.52488e-08  3.29058e-07 -1.63844e-07 -3.75329e-08 |     -0.145039            1    -0.360457    -0.118416
 -3.25757e-08 -1.63844e-07  6.27886e-07 -1.40419e-07 |     -0.135467    -0.360457            1    -0.320716
 -9.43637e-09 -3.75329e-08 -1.40419e-07  3.05304e-07 |    -0.0562754    -0.118416    -0.320716            1
  Global correlation coefficients: 
     0.298658
     0.490701
     0.557916
     0.436323
[#1] INFO:Minimization -- RooAbsMinimizerFcn::setOptimizeConst: deactivating const optimization
       -> Fit Successful!
xmin max: 4 8.4
Total chi2/ndf: 12.1443
  [bin 17] Ek_low = 1.91049 GeV/n
    Processing energy bin 17 (Ek=2.03628 GeV/n)
       -> Attempting fit with fixed range [4, 8.4]...
[#1] INFO:Eval -- RooRealVar::setRange(charge) new range named 'fit_range' created with bounds [4,8.4]
[#1] INFO:Minimization -- p.d.f. provides expected number of events, including extended term in likelihood.
[#1] INFO:Eval -- RooRealVar::setRange(charge) new range named 'fit_nll_total_pdf_data_hist' created with bounds [4,8.4]
[#1] INFO:Fitting -- RooAbsPdf::fitTo(total_pdf) fixing normalization set for coefficient determination to observables in data
[#1] INFO:Fitting -- RooAddition::defaultErrorLevel(nll_total_pdf_data_hist) Summation contains a RooNLLVar, using its error level
[#1] INFO:Minimization -- RooAbsMinimizerFcn::setOptimizeConst: activating const optimization
Minuit2Minimizer: Minimize with max-calls 2000 convergence for edm < 1 strategy 2
Number of iterations 5
----------> Iteration 0
            FVAL = 529916.941655 Edm = 1940.11864492 Nfcn = 46
            Error matrix change = 0
            Parameters :  p0 = 0.0460083 p1 = 0.142931 p2 = 0.432259 p3 = 0.0973556
----------> Iteration 1
            FVAL = 527905.371429 Edm = 6.92182875531 Nfcn = 55
            Error matrix change = 0.00969256
            Parameters :  p0 = 0.0342553 p1 = 0.141147 p2 = 0.405271 p3 = 0.113947
----------> Iteration 2
            FVAL = 527897.485629 Edm = 0.00407637794026 Nfcn = 65
            Error matrix change = 0.0137274
            Parameters :  p0 = 0.0339646 p1 = 0.14023 p2 = 0.403407 p3 = 0.114786
----------> Iteration 3
            FVAL = 527897.481602 Edm = 2.72449987408e-05 Nfcn = 74
            Error matrix change = 0.034224
            Parameters :  p0 = 0.0339449 p1 = 0.140212 p2 = 0.40345 p3 = 0.114763
----------> Iteration 4
            FVAL = 527897.481602 Edm = 2.69106953994e-05 Nfcn = 99
            Error matrix change = 0
            Parameters :  p0 = 0.0339449 p1 = 0.140212 p2 = 0.40345 p3 = 0.114763
Minuit2Minimizer : Valid minimum - status = 0
FVAL  = 527897.481601638719
Edm   = 2.69106953994156717e-05
Nfcn  = 99
frac_Beryllium	  = 0.0339449	 +/-  0.000307561	(limited)
frac_Boron	  = 0.140212	 +/-  0.000579951	(limited)
frac_Carbon	  = 0.40345	 +/-  0.000800538	(limited)
frac_Nitrogen	  = 0.114763	 +/-  0.00055924	(limited)
Minuit2Minimizer::Hesse  - State returned from Hesse 

  Valid         : yes
  Function calls: 122
  Minimum value : 527897.4816
  Edm           : 2.687348502e-05
  Parameters    : 
  Pos |    Name    |  type   |      Value       |    Error +/-
    0 | frac_Beryllium | limited |    0.03394486078 | 0.0003075162391
    1 | frac_Boron | limited |     0.1402124743 | 0.0005796535697
    2 | frac_Carbon | limited |     0.4034502728 | 0.0007999661916
    3 | frac_Nitrogen | limited |     0.1147633384 | 0.000559017216
  CovarianceStatus: 3
  Covariance and correlation matrix: 
  9.45663e-08 -2.56113e-08  -3.3799e-08 -9.68555e-09 |             1    -0.143679    -0.137393   -0.0563418
 -2.56113e-08  3.35999e-07  -1.6765e-07 -3.83584e-08 |     -0.143679            1    -0.361546    -0.118377
  -3.3799e-08  -1.6765e-07  6.39946e-07 -1.42907e-07 |     -0.137393    -0.361546            1    -0.319563
 -9.68555e-09 -3.83584e-08 -1.42907e-07  3.12501e-07 |    -0.0563418    -0.118377    -0.319563            1
  Global correlation coefficients: 
     0.299426
     0.491237
     0.558503
     0.435639
[#1] INFO:Minimization -- RooAbsMinimizerFcn::setOptimizeConst: deactivating const optimization
       -> Fit Successful!
xmin max: 4 8.4
Total chi2/ndf: 10.2271
  [bin 18] Ek_low = 2.16207 GeV/n
    Processing energy bin 18 (Ek=2.29851 GeV/n)
       -> Attempting fit with fixed range [4, 8.4]...
[#1] INFO:Eval -- RooRealVar::setRange(charge) new range named 'fit_range' created with bounds [4,8.4]
[#1] INFO:Minimization -- p.d.f. provides expected number of events, including extended term in likelihood.
[#1] INFO:Eval -- RooRealVar::setRange(charge) new range named 'fit_nll_total_pdf_data_hist' created with bounds [4,8.4]
[#1] INFO:Fitting -- RooAbsPdf::fitTo(total_pdf) fixing normalization set for coefficient determination to observables in data
[#1] INFO:Fitting -- RooAddition::defaultErrorLevel(nll_total_pdf_data_hist) Summation contains a RooNLLVar, using its error level
[#1] INFO:Minimization -- RooAbsMinimizerFcn::setOptimizeConst: activating const optimization
Minuit2Minimizer: Minimize with max-calls 2000 convergence for edm < 1 strategy 2
Number of iterations 5
----------> Iteration 0
            FVAL = 520316.771701 Edm = 1797.99988427 Nfcn = 46
            Error matrix change = 0
            Parameters :  p0 = 0.0450664 p1 = 0.139115 p2 = 0.433166 p3 = 0.0964933
----------> Iteration 1
            FVAL = 518456.428138 Edm = 5.62208326389 Nfcn = 55
            Error matrix change = 0.00950714
            Parameters :  p0 = 0.0343097 p1 = 0.137486 p2 = 0.405631 p3 = 0.113473
----------> Iteration 2
            FVAL = 518450.074382 Edm = 0.00213148241384 Nfcn = 65
            Error matrix change = 0.0139519
            Parameters :  p0 = 0.0340457 p1 = 0.136629 p2 = 0.403971 p3 = 0.11432
----------> Iteration 3
            FVAL = 518450.072278 Edm = 1.32212449377e-05 Nfcn = 74
            Error matrix change = 0.0330848
            Parameters :  p0 = 0.0340317 p1 = 0.136615 p2 = 0.404003 p3 = 0.114304
----------> Iteration 4
            FVAL = 518450.072278 Edm = 1.2812150751e-05 Nfcn = 99
            Error matrix change = 0
            Parameters :  p0 = 0.0340317 p1 = 0.136615 p2 = 0.404003 p3 = 0.114304
Minuit2Minimizer : Valid minimum - status = 0
FVAL  = 518450.072278418113
Edm   = 1.28121507509944109e-05
Nfcn  = 99
frac_Beryllium	  = 0.0340317	 +/-  0.000309709	(limited)
frac_Boron	  = 0.136615	 +/-  0.000578744	(limited)
frac_Carbon	  = 0.404003	 +/-  0.000807712	(limited)
frac_Nitrogen	  = 0.114304	 +/-  0.000563821	(limited)
Minuit2Minimizer::Hesse  - State returned from Hesse 

  Valid         : yes
  Function calls: 122
  Minimum value : 518450.0723
  Edm           : 1.278832425e-05
  Parameters    : 
  Pos |    Name    |  type   |      Value       |    Error +/-
    0 | frac_Beryllium | limited |    0.03403168801 | 0.000309665026
    1 | frac_Boron | limited |     0.1366145018 | 0.0005784579692
    2 | frac_Carbon | limited |      0.404002851 | 0.0008071498191
    3 | frac_Nitrogen | limited |     0.1143039919 | 0.0005636008303
  CovarianceStatus: 3
  Covariance and correlation matrix: 
  9.58925e-08 -2.53913e-08 -3.43442e-08 -9.91924e-09 |             1    -0.141749    -0.137406   -0.0568348
 -2.53913e-08  3.34614e-07 -1.66962e-07 -3.76814e-08 |     -0.141749            1    -0.357594     -0.11558
 -3.43442e-08 -1.66962e-07  6.51491e-07 -1.46064e-07 |     -0.137406    -0.357594            1    -0.321082
 -9.91924e-09 -3.76814e-08 -1.46064e-07  3.17646e-07 |    -0.0568348     -0.11558    -0.321082            1
  Global correlation coefficients: 
     0.296767
     0.485318
     0.555361
        0.434
[#1] INFO:Minimization -- RooAbsMinimizerFcn::setOptimizeConst: deactivating const optimization
       -> Fit Successful!
xmin max: 4 8.4
Total chi2/ndf: 9.82401
  [bin 19] Ek_low = 2.43494 GeV/n
    Processing energy bin 19 (Ek=2.58439 GeV/n)
       -> Attempting fit with fixed range [4, 8.4]...
[#1] INFO:Eval -- RooRealVar::setRange(charge) new range named 'fit_range' created with bounds [4,8.4]
[#1] INFO:Minimization -- p.d.f. provides expected number of events, including extended term in likelihood.
[#1] INFO:Eval -- RooRealVar::setRange(charge) new range named 'fit_nll_total_pdf_data_hist' created with bounds [4,8.4]
[#1] INFO:Fitting -- RooAbsPdf::fitTo(total_pdf) fixing normalization set for coefficient determination to observables in data
[#1] INFO:Fitting -- RooAddition::defaultErrorLevel(nll_total_pdf_data_hist) Summation contains a RooNLLVar, using its error level
[#1] INFO:Minimization -- RooAbsMinimizerFcn::setOptimizeConst: activating const optimization
Minuit2Minimizer: Minimize with max-calls 2000 convergence for edm < 1 strategy 2
Number of iterations 5
----------> Iteration 0
            FVAL = 515776.227117 Edm = 1655.43039757 Nfcn = 46
            Error matrix change = 0
            Parameters :  p0 = 0.0450419 p1 = 0.134719 p2 = 0.432216 p3 = 0.096029
----------> Iteration 1
            FVAL = 514069.926349 Edm = 4.43562789237 Nfcn = 55
            Error matrix change = 0.00862772
            Parameters :  p0 = 0.0337199 p1 = 0.134905 p2 = 0.405974 p3 = 0.110976
----------> Iteration 2
            FVAL = 514064.959267 Edm = 0.00328380208539 Nfcn = 65
            Error matrix change = 0.0124113
            Parameters :  p0 = 0.0335106 p1 = 0.134196 p2 = 0.404419 p3 = 0.111598
----------> Iteration 3
            FVAL = 514064.956093 Edm = 1.77204831768e-05 Nfcn = 74
            Error matrix change = 0.0288942
            Parameters :  p0 = 0.0334921 p1 = 0.134179 p2 = 0.404462 p3 = 0.111582
----------> Iteration 4
            FVAL = 514064.956093 Edm = 1.6721799213e-05 Nfcn = 99
            Error matrix change = 0
            Parameters :  p0 = 0.0334921 p1 = 0.134179 p2 = 0.404462 p3 = 0.111582
Minuit2Minimizer : Valid minimum - status = 0
FVAL  = 514064.95609266439
Edm   = 1.67217992130052153e-05
Nfcn  = 99
frac_Beryllium	  = 0.0334921	 +/-  0.000308582	(limited)
frac_Boron	  = 0.134179	 +/-  0.000576452	(limited)
frac_Carbon	  = 0.404462	 +/-  0.000809364	(limited)
frac_Nitrogen	  = 0.111582	 +/-  0.000559691	(limited)
Minuit2Minimizer::Hesse  - State returned from Hesse 

  Valid         : yes
  Function calls: 122
  Minimum value : 514064.9561
  Edm           : 1.669109365e-05
  Parameters    : 
  Pos |    Name    |  type   |      Value       |    Error +/-
    0 | frac_Beryllium | limited |    0.03349206516 | 0.0003085397255
    1 | frac_Boron | limited |     0.1341786505 | 0.0005761777656
    2 | frac_Carbon | limited |     0.4044615556 | 0.0008088188372
    3 | frac_Nitrogen | limited |     0.1115824169 | 0.0005594809327
  CovarianceStatus: 3
  Covariance and correlation matrix: 
  9.51969e-08 -2.53632e-08 -3.38333e-08 -9.62299e-09 |             1    -0.142671    -0.135576    -0.055746
 -2.53632e-08  3.31981e-07 -1.65844e-07 -3.61742e-08 |     -0.142671            1     -0.35587    -0.112216
 -3.38333e-08 -1.65844e-07  6.54189e-07 -1.44402e-07 |     -0.135576     -0.35587            1    -0.319107
 -9.62299e-09 -3.61742e-08 -1.44402e-07  3.13019e-07 |     -0.055746    -0.112216    -0.319107            1
  Global correlation coefficients: 
     0.293814
     0.481015
      0.55092
     0.428505
[#1] INFO:Minimization -- RooAbsMinimizerFcn::setOptimizeConst: deactivating const optimization
       -> Fit Successful!
xmin max: 4 8.4
Total chi2/ndf: 9.36927
  [bin 20] Ek_low = 2.73384 GeV/n
    Processing energy bin 20 (Ek=2.89629 GeV/n)
       -> Attempting fit with fixed range [4, 8.4]...
[#1] INFO:Eval -- RooRealVar::setRange(charge) new range named 'fit_range' created with bounds [4,8.4]
[#1] INFO:Minimization -- p.d.f. provides expected number of events, including extended term in likelihood.
[#1] INFO:Eval -- RooRealVar::setRange(charge) new range named 'fit_nll_total_pdf_data_hist' created with bounds [4,8.4]
[#1] INFO:Fitting -- RooAbsPdf::fitTo(total_pdf) fixing normalization set for coefficient determination to observables in data
[#1] INFO:Fitting -- RooAddition::defaultErrorLevel(nll_total_pdf_data_hist) Summation contains a RooNLLVar, using its error level
[#1] INFO:Minimization -- RooAbsMinimizerFcn::setOptimizeConst: activating const optimization
Minuit2Minimizer: Minimize with max-calls 2000 convergence for edm < 1 strategy 2
Number of iterations 5
----------> Iteration 0
            FVAL = 501359.236122 Edm = 1892.99638897 Nfcn = 46
            Error matrix change = 0
            Parameters :  p0 = 0.0468742 p1 = 0.131753 p2 = 0.434257 p3 = 0.0946658
----------> Iteration 1
            FVAL = 499406.922144 Edm = 5.85898639838 Nfcn = 55
            Error matrix change = 0.0102401
            Parameters :  p0 = 0.0335526 p1 = 0.131851 p2 = 0.408261 p3 = 0.110604
----------> Iteration 2
            FVAL = 499400.356443 Edm = 0.010024775188 Nfcn = 65
            Error matrix change = 0.0158662
            Parameters :  p0 = 0.0333955 p1 = 0.131064 p2 = 0.406312 p3 = 0.111318
----------> Iteration 3
            FVAL = 499400.346936 Edm = 2.15286914448e-05 Nfcn = 75
            Error matrix change = 0.0276405
            Parameters :  p0 = 0.0333597 p1 = 0.131039 p2 = 0.406375 p3 = 0.111305
----------> Iteration 4
            FVAL = 499400.346936 Edm = 2.26759359292e-05 Nfcn = 100
            Error matrix change = 0
            Parameters :  p0 = 0.0333597 p1 = 0.131039 p2 = 0.406375 p3 = 0.111305
Minuit2Minimizer : Valid minimum - status = 0
FVAL  = 499400.346936341026
Edm   = 2.2675935929215648e-05
Nfcn  = 100
frac_Beryllium	  = 0.0333597	 +/-  0.000311775	(limited)
frac_Boron	  = 0.131039	 +/-  0.000576958	(limited)
frac_Carbon	  = 0.406375	 +/-  0.000819312	(limited)
frac_Nitrogen	  = 0.111305	 +/-  0.000565784	(limited)
Minuit2Minimizer::Hesse  - State returned from Hesse 

  Valid         : yes
  Function calls: 123
  Minimum value : 499400.3469
  Edm           : 2.266070784e-05
  Parameters    : 
  Pos |    Name    |  type   |      Value       |    Error +/-
    0 | frac_Beryllium | limited |    0.03335973855 | 0.000311727836
    1 | frac_Boron | limited |      0.131038831 | 0.0005767192581
    2 | frac_Carbon | limited |     0.4063747685 | 0.0008187881775
    3 | frac_Nitrogen | limited |     0.1113049026 | 0.0005655756587
  CovarianceStatus: 3
  Covariance and correlation matrix: 
  9.71743e-08 -2.49521e-08 -3.52397e-08 -9.72557e-09 |             1    -0.138793    -0.138065    -0.055163
 -2.49521e-08  3.32605e-07 -1.66143e-07 -3.61467e-08 |     -0.138793            1     -0.35184    -0.110819
 -3.52397e-08 -1.66143e-07  6.70415e-07 -1.47663e-07 |     -0.138065     -0.35184            1    -0.318866
 -9.72557e-09 -3.61467e-08 -1.47663e-07  3.19876e-07 |     -0.055163    -0.110819    -0.318866            1
  Global correlation coefficients: 
     0.291141
     0.474852
     0.547454
     0.425867
[#1] INFO:Minimization -- RooAbsMinimizerFcn::setOptimizeConst: deactivating const optimization
       -> Fit Successful!
xmin max: 4 8.4
Total chi2/ndf: 8.67729
  [bin 21] Ek_low = 3.05875 GeV/n
    Processing energy bin 21 (Ek=3.23418 GeV/n)
       -> Attempting fit with fixed range [4, 8.4]...
[#1] INFO:Eval -- RooRealVar::setRange(charge) new range named 'fit_range' created with bounds [4,8.4]
[#1] INFO:Minimization -- p.d.f. provides expected number of events, including extended term in likelihood.
[#1] INFO:Eval -- RooRealVar::setRange(charge) new range named 'fit_nll_total_pdf_data_hist' created with bounds [4,8.4]
[#1] INFO:Fitting -- RooAbsPdf::fitTo(total_pdf) fixing normalization set for coefficient determination to observables in data
[#1] INFO:Fitting -- RooAddition::defaultErrorLevel(nll_total_pdf_data_hist) Summation contains a RooNLLVar, using its error level
[#1] INFO:Minimization -- RooAbsMinimizerFcn::setOptimizeConst: activating const optimization
Minuit2Minimizer: Minimize with max-calls 2000 convergence for edm < 1 strategy 2
Number of iterations 5
----------> Iteration 0
            FVAL = 471853.082511 Edm = 1863.20411197 Nfcn = 46
            Error matrix change = 0
            Parameters :  p0 = 0.0478432 p1 = 0.129987 p2 = 0.431747 p3 = 0.0942524
----------> Iteration 1
            FVAL = 469936.468909 Edm = 5.99347367809 Nfcn = 55
            Error matrix change = 0.0110692
            Parameters :  p0 = 0.0331192 p1 = 0.130403 p2 = 0.407361 p3 = 0.108826
----------> Iteration 2
            FVAL = 469929.834816 Edm = 0.0291614732453 Nfcn = 64
            Error matrix change = 0.0179309
            Parameters :  p0 = 0.0330687 p1 = 0.129663 p2 = 0.405317 p3 = 0.109367
----------> Iteration 3
            FVAL = 469929.804544 Edm = 9.79721482905e-05 Nfcn = 73
            Error matrix change = 0.0215904
            Parameters :  p0 = 0.033011 p1 = 0.129595 p2 = 0.40531 p3 = 0.109374
----------> Iteration 4
            FVAL = 469929.804544 Edm = 9.2431918116e-05 Nfcn = 96
            Error matrix change = 0
            Parameters :  p0 = 0.033011 p1 = 0.129595 p2 = 0.40531 p3 = 0.109374
Minuit2Minimizer : Valid minimum - status = 0
FVAL  = 469929.804544095008
Edm   = 9.24319181159623487e-05
Nfcn  = 96
frac_Beryllium	  = 0.033011	 +/-  0.000316712	(limited)
frac_Boron	  = 0.129595	 +/-  0.000589819	(limited)
frac_Carbon	  = 0.40531	 +/-  0.000840775	(limited)
frac_Nitrogen	  = 0.109374	 +/-  0.000575961	(limited)
Minuit2Minimizer::Hesse  - State returned from Hesse 

  Valid         : yes
  Function calls: 119
  Minimum value : 469929.8045
  Edm           : 9.233809406e-05
  Parameters    : 
  Pos |    Name    |  type   |      Value       |    Error +/-
    0 | frac_Beryllium | limited |    0.03301099632 | 0.0003166720657
    1 | frac_Boron | limited |     0.1295953186 | 0.0005895857564
    2 | frac_Carbon | limited |     0.4053098009 | 0.0008402648503
    3 | frac_Nitrogen | limited |     0.1093744082 | 0.0005757597617
  CovarianceStatus: 3
  Covariance and correlation matrix: 
  1.00281e-07 -2.51677e-08 -3.61552e-08 -1.00229e-08 |             1    -0.134799    -0.135877   -0.0549722
 -2.51677e-08  3.47612e-07 -1.72908e-07 -3.74734e-08 |     -0.134799            1     -0.34902    -0.110391
 -3.61552e-08 -1.72908e-07  7.06046e-07 -1.52282e-07 |     -0.135877     -0.34902            1    -0.314769
 -1.00229e-08 -3.74734e-08 -1.52282e-07    3.315e-07 |    -0.0549722    -0.110391    -0.314769            1
  Global correlation coefficients: 
     0.283909
      0.46842
     0.540761
     0.419669
[#1] INFO:Minimization -- RooAbsMinimizerFcn::setOptimizeConst: deactivating const optimization
       -> Fit Successful!
xmin max: 4 8.4
Total chi2/ndf: 7.47597
  [bin 22] Ek_low = 3.40962 GeV/n
    Processing energy bin 22 (Ek=3.60045 GeV/n)
       -> Attempting fit with fixed range [4, 8.4]...
[#1] INFO:Eval -- RooRealVar::setRange(charge) new range named 'fit_range' created with bounds [4,8.4]
[#1] INFO:Minimization -- p.d.f. provides expected number of events, including extended term in likelihood.
[#1] INFO:Eval -- RooRealVar::setRange(charge) new range named 'fit_nll_total_pdf_data_hist' created with bounds [4,8.4]
[#1] INFO:Fitting -- RooAbsPdf::fitTo(total_pdf) fixing normalization set for coefficient determination to observables in data
[#1] INFO:Fitting -- RooAddition::defaultErrorLevel(nll_total_pdf_data_hist) Summation contains a RooNLLVar, using its error level
[#1] INFO:Minimization -- RooAbsMinimizerFcn::setOptimizeConst: activating const optimization
Minuit2Minimizer: Minimize with max-calls 2000 convergence for edm < 1 strategy 2
Number of iterations 5
----------> Iteration 0
            FVAL = 432716.63025 Edm = 1783.84401441 Nfcn = 46
            Error matrix change = 0
            Parameters :  p0 = 0.0485234 p1 = 0.126353 p2 = 0.433132 p3 = 0.0929477
----------> Iteration 1
            FVAL = 430884.505005 Edm = 5.55028820545 Nfcn = 55
            Error matrix change = 0.0117654
            Parameters :  p0 = 0.0331458 p1 = 0.127373 p2 = 0.408859 p3 = 0.108427
----------> Iteration 2
            FVAL = 430878.41251 Edm = 0.0262446551552 Nfcn = 64
            Error matrix change = 0.0190879
            Parameters :  p0 = 0.0331291 p1 = 0.126667 p2 = 0.406727 p3 = 0.109046
----------> Iteration 3
            FVAL = 430878.385667 Edm = 9.0703265798e-05 Nfcn = 73
            Error matrix change = 0.0224627
            Parameters :  p0 = 0.0330685 p1 = 0.126602 p2 = 0.40673 p3 = 0.109063
----------> Iteration 4
            FVAL = 430878.385667 Edm = 8.52065644709e-05 Nfcn = 96
            Error matrix change = 0
            Parameters :  p0 = 0.0330685 p1 = 0.126602 p2 = 0.40673 p3 = 0.109063
Minuit2Minimizer : Valid minimum - status = 0
FVAL  = 430878.385667104449
Edm   = 8.5206564470931921e-05
Nfcn  = 96
frac_Beryllium	  = 0.0330685	 +/-  0.000331255	(limited)
frac_Boron	  = 0.126602	 +/-  0.000609542	(limited)
frac_Carbon	  = 0.40673	 +/-  0.000876066	(limited)
frac_Nitrogen	  = 0.109063	 +/-  0.000597175	(limited)
Minuit2Minimizer::Hesse  - State returned from Hesse 

  Valid         : yes
  Function calls: 119
  Minimum value : 430878.3857
  Edm           : 8.51233199e-05
  Parameters    : 
  Pos |    Name    |  type   |      Value       |    Error +/-
    0 | frac_Beryllium | limited |    0.03306853672 | 0.0003312129252
    1 | frac_Boron | limited |     0.1266019039 | 0.0006093071953
    2 | frac_Carbon | limited |     0.4067296964 | 0.000875542611
    3 | frac_Nitrogen | limited |      0.109063057 | 0.0005969703432
  CovarianceStatus: 3
  Covariance and correlation matrix: 
  1.09702e-07 -2.74683e-08 -3.97481e-08 -1.09309e-08 |             1    -0.136109    -0.137066   -0.0552833
 -2.74683e-08  3.71256e-07 -1.85329e-07 -3.93238e-08 |     -0.136109            1    -0.347399     -0.10811
 -3.97481e-08 -1.85329e-07  7.66576e-07 -1.64275e-07 |     -0.137066    -0.347399            1    -0.314298
 -1.09309e-08 -3.93238e-08 -1.64275e-07  3.56374e-07 |    -0.0552833     -0.10811    -0.314298            1
  Global correlation coefficients: 
     0.285592
     0.466285
     0.539259
     0.417616
[#1] INFO:Minimization -- RooAbsMinimizerFcn::setOptimizeConst: deactivating const optimization
       -> Fit Successful!
xmin max: 4 8.4
Total chi2/ndf: 6.26762
  [bin 23] Ek_low = 3.79127 GeV/n
    Processing energy bin 23 (Ek=3.99748 GeV/n)
       -> Attempting fit with fixed range [4, 8.4]...
[#1] INFO:Eval -- RooRealVar::setRange(charge) new range named 'fit_range' created with bounds [4,8.4]
[#1] INFO:Minimization -- p.d.f. provides expected number of events, including extended term in likelihood.
[#1] INFO:Eval -- RooRealVar::setRange(charge) new range named 'fit_nll_total_pdf_data_hist' created with bounds [4,8.4]
[#1] INFO:Fitting -- RooAbsPdf::fitTo(total_pdf) fixing normalization set for coefficient determination to observables in data
[#1] INFO:Fitting -- RooAddition::defaultErrorLevel(nll_total_pdf_data_hist) Summation contains a RooNLLVar, using its error level
[#1] INFO:Minimization -- RooAbsMinimizerFcn::setOptimizeConst: activating const optimization
Minuit2Minimizer: Minimize with max-calls 2000 convergence for edm < 1 strategy 2
Number of iterations 5
----------> Iteration 0
            FVAL = 390086.500348 Edm = 1650.00787323 Nfcn = 46
            Error matrix change = 0
            Parameters :  p0 = 0.0470515 p1 = 0.125523 p2 = 0.436364 p3 = 0.0916527
----------> Iteration 1
            FVAL = 388385.836181 Edm = 5.47263614358 Nfcn = 55
            Error matrix change = 0.0117032
            Parameters :  p0 = 0.032481 p1 = 0.124903 p2 = 0.411164 p3 = 0.107942
----------> Iteration 2
            FVAL = 388379.753325 Edm = 0.0249438701162 Nfcn = 64
            Error matrix change = 0.0183283
            Parameters :  p0 = 0.0324011 p1 = 0.124133 p2 = 0.409009 p3 = 0.108678
----------> Iteration 3
            FVAL = 388379.727427 Edm = 8.0991401431e-05 Nfcn = 73
            Error matrix change = 0.0225089
            Parameters :  p0 = 0.0323443 p1 = 0.124064 p2 = 0.40899 p3 = 0.108704
----------> Iteration 4
            FVAL = 388379.727427 Edm = 7.57109505836e-05 Nfcn = 96
            Error matrix change = 0
            Parameters :  p0 = 0.0323443 p1 = 0.124064 p2 = 0.40899 p3 = 0.108704
Minuit2Minimizer : Valid minimum - status = 0
FVAL  = 388379.727427210135
Edm   = 7.57109505835891841e-05
Nfcn  = 96
frac_Beryllium	  = 0.0323443	 +/-  0.000343923	(limited)
frac_Boron	  = 0.124064	 +/-  0.000634052	(limited)
frac_Carbon	  = 0.40899	 +/-  0.00092147	(limited)
frac_Nitrogen	  = 0.108704	 +/-  0.000629165	(limited)
Minuit2Minimizer::Hesse  - State returned from Hesse 

  Valid         : yes
  Function calls: 119
  Minimum value : 388379.7274
  Edm           : 7.563341546e-05
  Parameters    : 
  Pos |    Name    |  type   |      Value       |    Error +/-
    0 | frac_Beryllium | limited |    0.03234425355 | 0.0003438806174
    1 | frac_Boron | limited |     0.1240639757 | 0.0006338150548
    2 | frac_Carbon | limited |     0.4089900849 | 0.0009209287626
    3 | frac_Nitrogen | limited |     0.1087036231 | 0.0006289500164
  CovarianceStatus: 3
  Covariance and correlation matrix: 
  1.18254e-07 -2.91064e-08 -4.29462e-08 -1.19148e-08 |             1    -0.133542     -0.13561   -0.0550887
 -2.91064e-08  4.01722e-07 -2.00423e-07 -4.24565e-08 |     -0.133542            1    -0.343366    -0.106504
 -4.29462e-08 -2.00423e-07  8.48111e-07 -1.83022e-07 |      -0.13561    -0.343366            1    -0.315981
 -1.19148e-08 -4.24565e-08 -1.83022e-07  3.95579e-07 |    -0.0550887    -0.106504    -0.315981            1
  Global correlation coefficients: 
     0.280882
     0.460329
     0.535831
     0.416581
[#1] INFO:Minimization -- RooAbsMinimizerFcn::setOptimizeConst: deactivating const optimization
       -> Fit Successful!
xmin max: 4 8.4
Total chi2/ndf: 5.61852
  [bin 24] Ek_low = 4.20369 GeV/n
    Processing energy bin 24 (Ek=4.42526 GeV/n)
       -> Attempting fit with fixed range [4, 8.4]...
[#1] INFO:Eval -- RooRealVar::setRange(charge) new range named 'fit_range' created with bounds [4,8.4]
[#1] INFO:Minimization -- p.d.f. provides expected number of events, including extended term in likelihood.
[#1] INFO:Eval -- RooRealVar::setRange(charge) new range named 'fit_nll_total_pdf_data_hist' created with bounds [4,8.4]
[#1] INFO:Fitting -- RooAbsPdf::fitTo(total_pdf) fixing normalization set for coefficient determination to observables in data
[#1] INFO:Fitting -- RooAddition::defaultErrorLevel(nll_total_pdf_data_hist) Summation contains a RooNLLVar, using its error level
[#1] INFO:Minimization -- RooAbsMinimizerFcn::setOptimizeConst: activating const optimization
Minuit2Minimizer: Minimize with max-calls 2000 convergence for edm < 1 strategy 2
Number of iterations 5
----------> Iteration 0
            FVAL = 350150.218227 Edm = 1420.80486948 Nfcn = 46
            Error matrix change = 0
            Parameters :  p0 = 0.0467552 p1 = 0.122539 p2 = 0.435996 p3 = 0.0913398
----------> Iteration 1
            FVAL = 348686.682352 Edm = 4.5279641535 Nfcn = 55
            Error matrix change = 0.0105767
            Parameters :  p0 = 0.0324121 p1 = 0.122145 p2 = 0.411127 p3 = 0.105547
----------> Iteration 2
            FVAL = 348681.651549 Edm = 0.0210211413298 Nfcn = 64
            Error matrix change = 0.0172194
            Parameters :  p0 = 0.0323241 p1 = 0.12143 p2 = 0.40908 p3 = 0.106089
----------> Iteration 3
            FVAL = 348681.629586 Edm = 6.6796714222e-05 Nfcn = 73
            Error matrix change = 0.0211916
            Parameters :  p0 = 0.0322705 p1 = 0.121365 p2 = 0.409063 p3 = 0.106096
----------> Iteration 4
            FVAL = 348681.629586 Edm = 6.31534802054e-05 Nfcn = 98
            Error matrix change = 0
            Parameters :  p0 = 0.0322705 p1 = 0.121365 p2 = 0.409063 p3 = 0.106096
Minuit2Minimizer : Valid minimum - status = 0
FVAL  = 348681.629586259194
Edm   = 6.31534802054151015e-05
Nfcn  = 98
frac_Beryllium	  = 0.0322705	 +/-  0.000361002	(limited)
frac_Boron	  = 0.121365	 +/-  0.000661755	(limited)
frac_Carbon	  = 0.409063	 +/-  0.000967791	(limited)
frac_Nitrogen	  = 0.106096	 +/-  0.000651329	(limited)
Minuit2Minimizer::Hesse  - State returned from Hesse 

  Valid         : yes
  Function calls: 121
  Minimum value : 348681.6296
  Edm           : 6.308838018e-05
  Parameters    : 
  Pos |    Name    |  type   |      Value       |    Error +/-
    0 | frac_Beryllium | limited |    0.03227049484 | 0.0003609580489
    1 | frac_Boron | limited |     0.1213649413 | 0.0006614899123
    2 | frac_Carbon | limited |     0.4090633826 | 0.000967220932
    3 | frac_Nitrogen | limited |     0.1060961731 | 0.0006511153822
  CovarianceStatus: 3
  Covariance and correlation matrix: 
  1.30291e-07 -3.18102e-08 -4.76512e-08 -1.24633e-08 |             1    -0.133225    -0.136487   -0.0530296
 -3.18102e-08   4.3757e-07 -2.17741e-07 -4.52438e-08 |     -0.133225            1    -0.340323    -0.105045
 -4.76512e-08 -2.17741e-07  9.35518e-07 -1.96148e-07 |     -0.136487    -0.340323            1    -0.311457
 -1.24633e-08 -4.52438e-08 -1.96148e-07  4.23952e-07 |    -0.0530296    -0.105045    -0.311457            1
  Global correlation coefficients: 
     0.278593
     0.455144
     0.529953
     0.409461
[#1] INFO:Minimization -- RooAbsMinimizerFcn::setOptimizeConst: deactivating const optimization
       -> Fit Successful!
xmin max: 4 8.4
Total chi2/ndf: 4.46745
  [bin 25] Ek_low = 4.64682 GeV/n
    Processing energy bin 25 (Ek=4.8936 GeV/n)
       -> Attempting fit with fixed range [4, 8.4]...
[#1] INFO:Eval -- RooRealVar::setRange(charge) new range named 'fit_range' created with bounds [4,8.4]
[#1] INFO:Minimization -- p.d.f. provides expected number of events, including extended term in likelihood.
[#1] INFO:Eval -- RooRealVar::setRange(charge) new range named 'fit_nll_total_pdf_data_hist' created with bounds [4,8.4]
[#1] INFO:Fitting -- RooAbsPdf::fitTo(total_pdf) fixing normalization set for coefficient determination to observables in data
[#1] INFO:Fitting -- RooAddition::defaultErrorLevel(nll_total_pdf_data_hist) Summation contains a RooNLLVar, using its error level
[#1] INFO:Minimization -- RooAbsMinimizerFcn::setOptimizeConst: activating const optimization
Minuit2Minimizer: Minimize with max-calls 2000 convergence for edm < 1 strategy 2
Number of iterations 5
----------> Iteration 0
            FVAL = 321789.996908 Edm = 1263.77620855 Nfcn = 46
            Error matrix change = 0
            Parameters :  p0 = 0.0460309 p1 = 0.120145 p2 = 0.437107 p3 = 0.0913751
----------> Iteration 1
            FVAL = 320491.937361 Edm = 3.71132211798 Nfcn = 55
            Error matrix change = 0.0109818
            Parameters :  p0 = 0.0318082 p1 = 0.120004 p2 = 0.413061 p3 = 0.105512
----------> Iteration 2
            FVAL = 320487.861528 Edm = 0.0165163528968 Nfcn = 64
            Error matrix change = 0.0179032
            Parameters :  p0 = 0.0317837 p1 = 0.119334 p2 = 0.411073 p3 = 0.106034
----------> Iteration 3
            FVAL = 320487.844558 Edm = 5.60695442259e-05 Nfcn = 73
            Error matrix change = 0.0215682
            Parameters :  p0 = 0.0317312 p1 = 0.119275 p2 = 0.411071 p3 = 0.106043
----------> Iteration 4
            FVAL = 320487.844558 Edm = 5.27565308417e-05 Nfcn = 96
            Error matrix change = 0
            Parameters :  p0 = 0.0317312 p1 = 0.119275 p2 = 0.411071 p3 = 0.106043
Minuit2Minimizer : Valid minimum - status = 0
FVAL  = 320487.844557645032
Edm   = 5.27565308416572468e-05
Nfcn  = 96
frac_Beryllium	  = 0.0317312	 +/-  0.000371028	(limited)
frac_Boron	  = 0.119275	 +/-  0.000682472	(limited)
frac_Carbon	  = 0.411071	 +/-  0.0010081	(limited)
frac_Nitrogen	  = 0.106043	 +/-  0.000681084	(limited)
Minuit2Minimizer::Hesse  - State returned from Hesse 

  Valid         : yes
  Function calls: 119
  Minimum value : 320487.8446
  Edm           : 5.270205144e-05
  Parameters    : 
  Pos |    Name    |  type   |      Value       |    Error +/-
    0 | frac_Beryllium | limited |    0.03173121854 | 0.0003709856778
    1 | frac_Boron | limited |     0.1192750854 | 0.0006822336579
    2 | frac_Carbon | limited |     0.4110708727 | 0.001007534975
    3 | frac_Nitrogen | limited |     0.1060425122 | 0.0006808634607
  CovarianceStatus: 3
  Covariance and correlation matrix: 
  1.37631e-07 -3.21853e-08 -5.09875e-08 -1.31212e-08 |             1    -0.127165     -0.13641   -0.0519465
 -3.21853e-08  4.65443e-07 -2.32853e-07 -4.81531e-08 |     -0.127165            1    -0.338756    -0.103665
 -5.09875e-08 -2.32853e-07  1.01513e-06 -2.14615e-07 |      -0.13641    -0.338756            1    -0.312853
 -1.31212e-08 -4.81531e-08 -2.14615e-07  4.63576e-07 |    -0.0519465    -0.103665    -0.312853            1
  Global correlation coefficients: 
      0.27232
     0.450292
      0.52818
     0.408603
[#1] INFO:Minimization -- RooAbsMinimizerFcn::setOptimizeConst: deactivating const optimization
       -> Fit Successful!
xmin max: 4 8.4
Total chi2/ndf: 3.98515
  [bin 26] Ek_low = 5.14038 GeV/n
  [bin 27] Ek_low = 5.63491 GeV/n
  [bin 28] Ek_low = 6.17977 GeV/n
  [bin 29] Ek_low = 6.775 GeV/n
  [bin 30] Ek_low = 7.42061 GeV/n
  [bin 31] Ek_low = 8.11658 GeV/n
  [bin 32] Ek_low = 8.8629 GeV/n
  [bin 33] Ek_low = 9.65954 GeV/n
  [bin 34] Ek_low = 10.5065 GeV/n
  [bin 35] Ek_low = 11.4536 GeV/n
  [bin 36] Ek_low = 12.451 GeV/n
  [bin 37] Ek_low = 13.4986 GeV/n
  [bin 38] Ek_low = 14.6464 GeV/n
  [bin 39] Ek_low = 15.8444 GeV/n
  [bin 40] Ek_low = 17.1425 GeV/n
  [bin 41] Ek_low = 18.5408 GeV/n
  [bin 42] Ek_low = 20.0392 GeV/n
  [bin 43] Ek_low = 21.6377 GeV/n
  [bin 44] Ek_low = 23.3364 GeV/n
  [bin 45] Ek_low = 25.1851 GeV/n
  [bin 46] Ek_low = 27.134 GeV/n
  [bin 47] Ek_low = 29.2329 GeV/n
  [bin 48] Ek_low = 31.4819 GeV/n
  [bin 49] Ek_low = 33.9309 GeV/n
  [bin 50] Ek_low = 36.5301 GeV/n
  [bin 51] Ek_low = 39.3293 GeV/n
  [bin 52] Ek_low = 42.3285 GeV/n
  [bin 53] Ek_low = 45.5778 GeV/n
  [bin 54] Ek_low = 49.0772 GeV/n
  [bin 55] Ek_low = 53.0765 GeV/n
  [bin 56] Ek_low = 57.076 GeV/n
  [bin 57] Ek_low = 61.5754 GeV/n
  [bin 58] Ek_low = 66.5749 GeV/n
  [bin 59] Ek_low = 72.5744 GeV/n
  [bin 60] Ek_low = 79.0739 GeV/n
  [bin 61] Ek_low = 86.5735 GeV/n
  [bin 62] Ek_low = 95.073 GeV/n
  [bin 63] Ek_low = 104.573 GeV/n
  [bin 64] Ek_low = 115.572 GeV/n
  [bin 65] Ek_low = 128.572 GeV/n
  [bin 66] Ek_low = 144.571 GeV/n
  [bin 67] Ek_low = 164.071 GeV/n
  [bin 68] Ek_low = 188.571 GeV/n
  [bin 69] Ek_low = 219.57 GeV/n
  [bin 70] Ek_low = 261.57 GeV/n
  [bin 71] Ek_low = 329.07 GeV/n
  [bin 72] Ek_low = 439.069 GeV/n
  [bin 73] Ek_low = 649.069 GeV/n

--- Processing Detector: AGL ---
  [bin 1] Ek_low = 0.0822516 GeV/n
  [bin 2] Ek_low = 0.12571 GeV/n
  [bin 3] Ek_low = 0.165811 GeV/n
  [bin 4] Ek_low = 0.213016 GeV/n
  [bin 5] Ek_low = 0.267548 GeV/n
  [bin 6] Ek_low = 0.332904 GeV/n
  [bin 7] Ek_low = 0.406144 GeV/n
  [bin 8] Ek_low = 0.490934 GeV/n
  [bin 9] Ek_low = 0.587609 GeV/n
  [bin 10] Ek_low = 0.696357 GeV/n
  [bin 11] Ek_low = 0.821474 GeV/n
  [bin 12] Ek_low = 0.958928 GeV/n
  [bin 13] Ek_low = 1.11303 GeV/n
  [bin 14] Ek_low = 1.28385 GeV/n
  [bin 15] Ek_low = 1.4714 GeV/n
  [bin 16] Ek_low = 1.68026 GeV/n
  [bin 17] Ek_low = 1.91049 GeV/n
  [bin 18] Ek_low = 2.16207 GeV/n
  [bin 19] Ek_low = 2.43494 GeV/n
  [bin 20] Ek_low = 2.73384 GeV/n
  [bin 21] Ek_low = 3.05875 GeV/n
    Processing energy bin 21 (Ek=3.23418 GeV/n)
       -> Attempting fit with fixed range [4, 8.4]...
[#1] INFO:Eval -- RooRealVar::setRange(charge) new range named 'fit_range' created with bounds [4,8.4]
[#1] INFO:Minimization -- p.d.f. provides expected number of events, including extended term in likelihood.
[#1] INFO:Eval -- RooRealVar::setRange(charge) new range named 'fit_nll_total_pdf_data_hist' created with bounds [4,8.4]
[#1] INFO:Fitting -- RooAbsPdf::fitTo(total_pdf) fixing normalization set for coefficient determination to observables in data
[#1] INFO:Fitting -- RooAddition::defaultErrorLevel(nll_total_pdf_data_hist) Summation contains a RooNLLVar, using its error level
[#1] INFO:Minimization -- RooAbsMinimizerFcn::setOptimizeConst: activating const optimization
Minuit2Minimizer: Minimize with max-calls 2000 convergence for edm < 1 strategy 2
Number of iterations 5
----------> Iteration 0
            FVAL = 2225929.21482 Edm = 6776.27001891 Nfcn = 46
            Error matrix change = 0
            Parameters :  p0 = 0.0443863 p1 = 0.123533 p2 = 0.425103 p3 = 0.0954902
----------> Iteration 1
            FVAL = 2219112.16562 Edm = 19.6081579966 Nfcn = 55
            Error matrix change = 0.0147071
            Parameters :  p0 = 0.0298223 p1 = 0.123727 p2 = 0.410657 p3 = 0.107905
----------> Iteration 2
            FVAL = 2219092.97715 Edm = 0.102903306549 Nfcn = 64
            Error matrix change = 0.024597
            Parameters :  p0 = 0.0301954 p1 = 0.123188 p2 = 0.408868 p3 = 0.108169
----------> Iteration 3
            FVAL = 2219092.88032 Edm = 2.0329214709e-05 Nfcn = 73
            Error matrix change = 0.0156457
            Parameters :  p0 = 0.0301392 p1 = 0.123165 p2 = 0.408933 p3 = 0.10817
----------> Iteration 4
            FVAL = 2219092.88032 Edm = 2.1115524441e-05 Nfcn = 102
            Error matrix change = 0
            Parameters :  p0 = 0.0301392 p1 = 0.123165 p2 = 0.408933 p3 = 0.10817
Minuit2Minimizer : Valid minimum - status = 0
FVAL  = 2219092.88032295275
Edm   = 2.11155244409861016e-05
Nfcn  = 102
frac_Beryllium	  = 0.0301392	 +/-  0.000136432	(limited)
frac_Boron	  = 0.123165	 +/-  0.000260881	(limited)
frac_Carbon	  = 0.408933	 +/-  0.000382023	(limited)
frac_Nitrogen	  = 0.10817	 +/-  0.000259471	(limited)
Minuit2Minimizer::Hesse  - State returned from Hesse 

  Valid         : yes
  Function calls: 125
  Minimum value : 2219092.88
  Edm           : 2.108159631e-05
  Parameters    : 
  Pos |    Name    |  type   |      Value       |    Error +/-
    0 | frac_Beryllium | limited |    0.03013916725 | 0.0001364138088
    1 | frac_Boron | limited |     0.1231650557 | 0.0002607696046
    2 | frac_Carbon | limited |     0.4089328486 | 0.0003817726731
    3 | frac_Nitrogen | limited |     0.1081696169 | 0.000259378455
  CovarianceStatus: 3
  Covariance and correlation matrix: 
  1.86087e-08 -4.29026e-09 -6.90309e-09 -1.85512e-09 |             1    -0.120606     -0.13255   -0.0524299
 -4.29026e-09  6.80008e-08 -3.39302e-08 -7.27002e-09 |     -0.120606            1     -0.34082    -0.107484
 -6.90309e-09 -3.39302e-08   1.4575e-07 -3.10995e-08 |      -0.13255     -0.34082            1    -0.314062
 -1.85512e-09 -7.27002e-09 -3.10995e-08  6.72772e-08 |    -0.0524299    -0.107484    -0.314062            1
  Global correlation coefficients: 
     0.264388
      0.45124
     0.529226
     0.411899
[#1] INFO:Minimization -- RooAbsMinimizerFcn::setOptimizeConst: deactivating const optimization
       -> Fit Successful!
xmin max: 4 8.4
Total chi2/ndf: 13.5191
  [bin 22] Ek_low = 3.40962 GeV/n
    Processing energy bin 22 (Ek=3.60045 GeV/n)
       -> Attempting fit with fixed range [4, 8.4]...
[#1] INFO:Eval -- RooRealVar::setRange(charge) new range named 'fit_range' created with bounds [4,8.4]
[#1] INFO:Minimization -- p.d.f. provides expected number of events, including extended term in likelihood.
[#1] INFO:Eval -- RooRealVar::setRange(charge) new range named 'fit_nll_total_pdf_data_hist' created with bounds [4,8.4]
[#1] INFO:Fitting -- RooAbsPdf::fitTo(total_pdf) fixing normalization set for coefficient determination to observables in data
[#1] INFO:Fitting -- RooAddition::defaultErrorLevel(nll_total_pdf_data_hist) Summation contains a RooNLLVar, using its error level
[#1] INFO:Minimization -- RooAbsMinimizerFcn::setOptimizeConst: activating const optimization
Minuit2Minimizer: Minimize with max-calls 2000 convergence for edm < 1 strategy 2
Number of iterations 5
----------> Iteration 0
            FVAL = 2122781.65805 Edm = 6541.78969196 Nfcn = 46
            Error matrix change = 0
            Parameters :  p0 = 0.0441441 p1 = 0.121645 p2 = 0.425259 p3 = 0.0951198
----------> Iteration 1
            FVAL = 2116196.05511 Edm = 18.6147231607 Nfcn = 55
            Error matrix change = 0.0146266
            Parameters :  p0 = 0.029661 p1 = 0.121997 p2 = 0.410168 p3 = 0.107504
----------> Iteration 2
            FVAL = 2116177.7972 Edm = 0.0999779684843 Nfcn = 64
            Error matrix change = 0.0249157
            Parameters :  p0 = 0.0300248 p1 = 0.121458 p2 = 0.40838 p3 = 0.107773
----------> Iteration 3
            FVAL = 2116177.70321 Edm = 2.13787211723e-05 Nfcn = 73
            Error matrix change = 0.0160438
            Parameters :  p0 = 0.0299684 p1 = 0.121434 p2 = 0.408446 p3 = 0.107773
----------> Iteration 4
            FVAL = 2116177.70321 Edm = 2.20285078293e-05 Nfcn = 102
            Error matrix change = 0
            Parameters :  p0 = 0.0299684 p1 = 0.121434 p2 = 0.408446 p3 = 0.107773
Minuit2Minimizer : Valid minimum - status = 0
FVAL  = 2116177.7032132824
Edm   = 2.20285078292938277e-05
Nfcn  = 102
frac_Beryllium	  = 0.0299684	 +/-  0.000138914	(limited)
frac_Boron	  = 0.121434	 +/-  0.000264956	(limited)
frac_Carbon	  = 0.408446	 +/-  0.000390354	(limited)
frac_Nitrogen	  = 0.107773	 +/-  0.000265245	(limited)
Minuit2Minimizer::Hesse  - State returned from Hesse 

  Valid         : yes
  Function calls: 125
  Minimum value : 2116177.703
  Edm           : 2.199463456e-05
  Parameters    : 
  Pos |    Name    |  type   |      Value       |    Error +/-
    0 | frac_Beryllium | limited |    0.02996844878 | 0.000138895852
    1 | frac_Boron | limited |     0.1214338424 | 0.000264846849
    2 | frac_Carbon | limited |     0.4084461571 | 0.0003901044992
    3 | frac_Nitrogen | limited |     0.1077727226 | 0.0002651526024
  CovarianceStatus: 3
  Covariance and correlation matrix: 
  1.92921e-08 -4.40859e-09 -7.15913e-09 -1.91754e-09 |             1    -0.119844    -0.132127   -0.0520666
 -4.40859e-09  7.01439e-08 -3.49081e-08 -7.43723e-09 |     -0.119844            1    -0.337871    -0.105906
 -7.15913e-09 -3.49081e-08  1.52182e-07 -3.24248e-08 |     -0.132127    -0.337871            1    -0.313473
 -1.91754e-09 -7.43723e-09 -3.24248e-08  7.03059e-08 |    -0.0520666    -0.105906    -0.313473            1
  Global correlation coefficients: 
     0.262156
     0.446817
     0.525796
     0.409199
[#1] INFO:Minimization -- RooAbsMinimizerFcn::setOptimizeConst: deactivating const optimization
       -> Fit Successful!
xmin max: 4 8.4
Total chi2/ndf: 12.3778
  [bin 23] Ek_low = 3.79127 GeV/n
    Processing energy bin 23 (Ek=3.99748 GeV/n)
       -> Attempting fit with fixed range [4, 8.4]...
[#1] INFO:Eval -- RooRealVar::setRange(charge) new range named 'fit_range' created with bounds [4,8.4]
[#1] INFO:Minimization -- p.d.f. provides expected number of events, including extended term in likelihood.
[#1] INFO:Eval -- RooRealVar::setRange(charge) new range named 'fit_nll_total_pdf_data_hist' created with bounds [4,8.4]
[#1] INFO:Fitting -- RooAbsPdf::fitTo(total_pdf) fixing normalization set for coefficient determination to observables in data
[#1] INFO:Fitting -- RooAddition::defaultErrorLevel(nll_total_pdf_data_hist) Summation contains a RooNLLVar, using its error level
[#1] INFO:Minimization -- RooAbsMinimizerFcn::setOptimizeConst: activating const optimization
Minuit2Minimizer: Minimize with max-calls 2000 convergence for edm < 1 strategy 2
Number of iterations 5
----------> Iteration 0
            FVAL = 1962991.85949 Edm = 6213.52890226 Nfcn = 46
            Error matrix change = 0
            Parameters :  p0 = 0.0444482 p1 = 0.118988 p2 = 0.427184 p3 = 0.0932632
----------> Iteration 1
            FVAL = 1956751.17971 Edm = 18.3751343547 Nfcn = 55
            Error matrix change = 0.0151413
            Parameters :  p0 = 0.0295339 p1 = 0.119908 p2 = 0.412351 p3 = 0.105629
----------> Iteration 2
            FVAL = 1956733.41628 Edm = 0.105599869148 Nfcn = 64
            Error matrix change = 0.0253791
            Parameters :  p0 = 0.0299446 p1 = 0.119379 p2 = 0.410508 p3 = 0.105888
----------> Iteration 3
            FVAL = 1956733.31753 Edm = 1.3945134699e-05 Nfcn = 73
            Error matrix change = 0.0152636
            Parameters :  p0 = 0.0298849 p1 = 0.119357 p2 = 0.410582 p3 = 0.105889
----------> Iteration 4
            FVAL = 1956733.31753 Edm = 1.47293321025e-05 Nfcn = 102
            Error matrix change = 0
            Parameters :  p0 = 0.0298849 p1 = 0.119357 p2 = 0.410582 p3 = 0.105889
Minuit2Minimizer : Valid minimum - status = 0
FVAL  = 1956733.31753150187
Edm   = 1.47293321025288242e-05
Nfcn  = 102
frac_Beryllium	  = 0.0298849	 +/-  0.000144031	(limited)
frac_Boron	  = 0.119357	 +/-  0.000273152	(limited)
frac_Carbon	  = 0.410582	 +/-  0.00040528	(limited)
frac_Nitrogen	  = 0.105889	 +/-  0.000273533	(limited)
Minuit2Minimizer::Hesse  - State returned from Hesse 

  Valid         : yes
  Function calls: 125
  Minimum value : 1956733.318
  Edm           : 1.470524617e-05
  Parameters    : 
  Pos |    Name    |  type   |      Value       |    Error +/-
    0 | frac_Beryllium | limited |    0.02988489585 | 0.0001440130653
    1 | frac_Boron | limited |     0.1193566737 | 0.0002730415806
    2 | frac_Carbon | limited |     0.4105818451 | 0.0004050250095
    3 | frac_Nitrogen | limited |     0.1058885871 | 0.0002734394551
  CovarianceStatus: 3
  Covariance and correlation matrix: 
  2.07398e-08  -4.7155e-09 -7.70796e-09  -2.0371e-09 |             1    -0.119921    -0.132147   -0.0517308
  -4.7155e-09  7.45517e-08 -3.71195e-08 -7.76824e-09 |     -0.119921            1    -0.335654    -0.104048
 -7.70796e-09 -3.71195e-08  1.64045e-07 -3.45978e-08 |     -0.132147    -0.335654            1    -0.312396
  -2.0371e-09 -7.76824e-09 -3.45978e-08  7.47692e-08 |    -0.0517308    -0.104048    -0.312396            1
  Global correlation coefficients: 
     0.261153
     0.443294
     0.522816
     0.406186
[#1] INFO:Minimization -- RooAbsMinimizerFcn::setOptimizeConst: deactivating const optimization
       -> Fit Successful!
xmin max: 4 8.4
Total chi2/ndf: 10.8711
  [bin 24] Ek_low = 4.20369 GeV/n
    Processing energy bin 24 (Ek=4.42526 GeV/n)
       -> Attempting fit with fixed range [4, 8.4]...
[#1] INFO:Eval -- RooRealVar::setRange(charge) new range named 'fit_range' created with bounds [4,8.4]
[#1] INFO:Minimization -- p.d.f. provides expected number of events, including extended term in likelihood.
[#1] INFO:Eval -- RooRealVar::setRange(charge) new range named 'fit_nll_total_pdf_data_hist' created with bounds [4,8.4]
[#1] INFO:Fitting -- RooAbsPdf::fitTo(total_pdf) fixing normalization set for coefficient determination to observables in data
[#1] INFO:Fitting -- RooAddition::defaultErrorLevel(nll_total_pdf_data_hist) Summation contains a RooNLLVar, using its error level
[#1] INFO:Minimization -- RooAbsMinimizerFcn::setOptimizeConst: activating const optimization
Minuit2Minimizer: Minimize with max-calls 2000 convergence for edm < 1 strategy 2
Number of iterations 5
----------> Iteration 0
            FVAL = 1786799.23972 Edm = 5335.07682406 Nfcn = 46
            Error matrix change = 0
            Parameters :  p0 = 0.0436695 p1 = 0.117325 p2 = 0.428301 p3 = 0.0928218
----------> Iteration 1
            FVAL = 1781424.12961 Edm = 13.7920044168 Nfcn = 55
            Error matrix change = 0.0140371
            Parameters :  p0 = 0.0296927 p1 = 0.117977 p2 = 0.412502 p3 = 0.104817
----------> Iteration 2
            FVAL = 1781410.54392 Edm = 0.0725005251963 Nfcn = 64
            Error matrix change = 0.0247175
            Parameters :  p0 = 0.0300225 p1 = 0.117477 p2 = 0.410814 p3 = 0.105077
----------> Iteration 3
            FVAL = 1781410.47575 Edm = 1.61131524414e-05 Nfcn = 73
            Error matrix change = 0.0161377
            Parameters :  p0 = 0.0299706 p1 = 0.117454 p2 = 0.410876 p3 = 0.105077
----------> Iteration 4
            FVAL = 1781410.47575 Edm = 1.62462435692e-05 Nfcn = 102
            Error matrix change = 0
            Parameters :  p0 = 0.0299706 p1 = 0.117454 p2 = 0.410876 p3 = 0.105077
Minuit2Minimizer : Valid minimum - status = 0
FVAL  = 1781410.47574680112
Edm   = 1.62462435691708647e-05
Nfcn  = 102
frac_Beryllium	  = 0.0299706	 +/-  0.000150839	(limited)
frac_Boron	  = 0.117454	 +/-  0.000283883	(limited)
frac_Carbon	  = 0.410876	 +/-  0.000424046	(limited)
frac_Nitrogen	  = 0.105077	 +/-  0.000284826	(limited)
Minuit2Minimizer::Hesse  - State returned from Hesse 

  Valid         : yes
  Function calls: 125
  Minimum value : 1781410.476
  Edm           : 1.622324617e-05
  Parameters    : 
  Pos |    Name    |  type   |      Value       |    Error +/-
    0 | frac_Beryllium | limited |    0.02997055419 | 0.0001508200131
    1 | frac_Boron | limited |      0.117453747 | 0.0002837809672
    2 | frac_Carbon | limited |     0.4108758704 | 0.0004237906056
    3 | frac_Nitrogen | limited |     0.1050772819 | 0.0002847299378
  CovarianceStatus: 3
  Covariance and correlation matrix: 
  2.27467e-08 -5.07964e-09 -8.51888e-09 -2.21391e-09 |             1    -0.118684    -0.133282   -0.0515546
 -5.07964e-09  8.05317e-08 -4.01086e-08 -8.28894e-09 |     -0.118684            1    -0.333505    -0.102585
 -8.51888e-09 -4.01086e-08  1.79599e-07 -3.76024e-08 |     -0.133282    -0.333505            1    -0.311624
 -2.21391e-09 -8.28894e-09 -3.76024e-08  8.10712e-08 |    -0.0515546    -0.102585    -0.311624            1
  Global correlation coefficients: 
     0.260344
     0.439806
     0.520466
     0.403873
[#1] INFO:Minimization -- RooAbsMinimizerFcn::setOptimizeConst: deactivating const optimization
       -> Fit Successful!
xmin max: 4 8.4
Total chi2/ndf: 9.59758
  [bin 25] Ek_low = 4.64682 GeV/n
    Processing energy bin 25 (Ek=4.8936 GeV/n)
       -> Attempting fit with fixed range [4, 8.4]...
[#1] INFO:Eval -- RooRealVar::setRange(charge) new range named 'fit_range' created with bounds [4,8.4]
[#1] INFO:Minimization -- p.d.f. provides expected number of events, including extended term in likelihood.
[#1] INFO:Eval -- RooRealVar::setRange(charge) new range named 'fit_nll_total_pdf_data_hist' created with bounds [4,8.4]
[#1] INFO:Fitting -- RooAbsPdf::fitTo(total_pdf) fixing normalization set for coefficient determination to observables in data
[#1] INFO:Fitting -- RooAddition::defaultErrorLevel(nll_total_pdf_data_hist) Summation contains a RooNLLVar, using its error level
[#1] INFO:Minimization -- RooAbsMinimizerFcn::setOptimizeConst: activating const optimization
Minuit2Minimizer: Minimize with max-calls 2000 convergence for edm < 1 strategy 2
Number of iterations 5
----------> Iteration 0
            FVAL = 1671033.24794 Edm = 4820.50378977 Nfcn = 46
            Error matrix change = 0
            Parameters :  p0 = 0.0428549 p1 = 0.11411 p2 = 0.429532 p3 = 0.0925499
----------> Iteration 1
            FVAL = 1666173.41748 Edm = 11.1112244872 Nfcn = 55
            Error matrix change = 0.0132562
            Parameters :  p0 = 0.0294212 p1 = 0.115366 p2 = 0.412773 p3 = 0.104144
----------> Iteration 2
            FVAL = 1666162.42166 Edm = 0.0574966820789 Nfcn = 64
            Error matrix change = 0.0244764
            Parameters :  p0 = 0.0297105 p1 = 0.114916 p2 = 0.411192 p3 = 0.104377
----------> Iteration 3
            FVAL = 1666162.36751 Edm = 1.49313142405e-05 Nfcn = 73
            Error matrix change = 0.0164319
            Parameters :  p0 = 0.0296635 p1 = 0.114891 p2 = 0.41125 p3 = 0.104376
----------> Iteration 4
            FVAL = 1666162.36751 Edm = 1.47988190452e-05 Nfcn = 100
            Error matrix change = 0
            Parameters :  p0 = 0.0296635 p1 = 0.114891 p2 = 0.41125 p3 = 0.104376
Minuit2Minimizer : Valid minimum - status = 0
FVAL  = 1666162.36751391669
Edm   = 1.47988190452059502e-05
Nfcn  = 100
frac_Beryllium	  = 0.0296635	 +/-  0.00015487	(limited)
frac_Boron	  = 0.114891	 +/-  0.000289991	(limited)
frac_Carbon	  = 0.41125	 +/-  0.000437223	(limited)
frac_Nitrogen	  = 0.104376	 +/-  0.000292458	(limited)
Minuit2Minimizer::Hesse  - State returned from Hesse 

  Valid         : yes
  Function calls: 123
  Minimum value : 1666162.368
  Edm           : 1.477895314e-05
  Parameters    : 
  Pos |    Name    |  type   |      Value       |    Error +/-
    0 | frac_Beryllium | limited |    0.02966350573 | 0.0001548514654
    1 | frac_Boron | limited |     0.1148914919 | 0.0002898916576
    2 | frac_Carbon | limited |     0.4112501149 | 0.0004369692736
    3 | frac_Nitrogen | limited |     0.1043755446 | 0.0002923628577
  CovarianceStatus: 3
  Covariance and correlation matrix: 
   2.3979e-08 -5.27895e-09 -8.98242e-09 -2.33043e-09 |             1    -0.117597    -0.132748   -0.0514752
 -5.27895e-09  8.40372e-08 -4.17191e-08   -8.585e-09 |     -0.117597            1    -0.329342    -0.101294
 -8.98242e-09 -4.17191e-08  1.90942e-07 -3.97775e-08 |     -0.132748    -0.329342            1    -0.311361
 -2.33043e-09   -8.585e-09 -3.97775e-08  8.54761e-08 |    -0.0514752    -0.101294    -0.311361            1
  Global correlation coefficients: 
     0.257779
      0.43431
     0.516408
     0.401493
[#1] INFO:Minimization -- RooAbsMinimizerFcn::setOptimizeConst: deactivating const optimization
       -> Fit Successful!
xmin max: 4 8.4
Total chi2/ndf: 9.07674
  [bin 26] Ek_low = 5.14038 GeV/n
    Processing energy bin 26 (Ek=5.38764 GeV/n)
       -> Attempting fit with fixed range [4, 8.4]...
[#1] INFO:Eval -- RooRealVar::setRange(charge) new range named 'fit_range' created with bounds [4,8.4]
[#1] INFO:Minimization -- p.d.f. provides expected number of events, including extended term in likelihood.
[#1] INFO:Eval -- RooRealVar::setRange(charge) new range named 'fit_nll_total_pdf_data_hist' created with bounds [4,8.4]
[#1] INFO:Fitting -- RooAbsPdf::fitTo(total_pdf) fixing normalization set for coefficient determination to observables in data
[#1] INFO:Fitting -- RooAddition::defaultErrorLevel(nll_total_pdf_data_hist) Summation contains a RooNLLVar, using its error level
[#1] INFO:Minimization -- RooAbsMinimizerFcn::setOptimizeConst: activating const optimization
Minuit2Minimizer: Minimize with max-calls 2000 convergence for edm < 1 strategy 2
Number of iterations 5
----------> Iteration 0
            FVAL = 1411027.12333 Edm = 4101.26189819 Nfcn = 46
            Error matrix change = 0
            Parameters :  p0 = 0.0419138 p1 = 0.113079 p2 = 0.431439 p3 = 0.0909972
----------> Iteration 1
            FVAL = 1406878.80388 Edm = 8.95438519566 Nfcn = 55
            Error matrix change = 0.0125553
            Parameters :  p0 = 0.0290345 p1 = 0.11365 p2 = 0.413643 p3 = 0.102615
----------> Iteration 2
            FVAL = 1406869.76201 Edm = 0.0422394598739 Nfcn = 64
            Error matrix change = 0.0236991
            Parameters :  p0 = 0.0292663 p1 = 0.113187 p2 = 0.4121 p3 = 0.102877
----------> Iteration 3
            FVAL = 1406869.72193 Edm = 2.5092941804e-05 Nfcn = 73
            Error matrix change = 0.0173734
            Parameters :  p0 = 0.0292226 p1 = 0.113161 p2 = 0.412147 p3 = 0.102877
----------> Iteration 4
            FVAL = 1406869.72193 Edm = 2.4279706321e-05 Nfcn = 98
            Error matrix change = 0
            Parameters :  p0 = 0.0292226 p1 = 0.113161 p2 = 0.412147 p3 = 0.102877
Minuit2Minimizer : Valid minimum - status = 0
FVAL  = 1406869.72192629473
Edm   = 2.42797063210439493e-05
Nfcn  = 98
frac_Beryllium	  = 0.0292226	 +/-  0.000166725	(limited)
frac_Boron	  = 0.113161	 +/-  0.000312504	(limited)
frac_Carbon	  = 0.412147	 +/-  0.000474388	(limited)
frac_Nitrogen	  = 0.102877	 +/-  0.000315371	(limited)
Minuit2Minimizer::Hesse  - State returned from Hesse 

  Valid         : yes
  Function calls: 121
  Minimum value : 1406869.722
  Edm           : 2.423303798e-05
  Parameters    : 
  Pos |    Name    |  type   |      Value       |    Error +/-
    0 | frac_Beryllium | limited |    0.02922262931 | 0.0001667080653
    1 | frac_Boron | limited |      0.113160827 | 0.0003124006881
    2 | frac_Carbon | limited |     0.4121472851 | 0.000474121595
    3 | frac_Nitrogen | limited |     0.1028771643 | 0.0003152717761
  CovarianceStatus: 3
  Covariance and correlation matrix: 
  2.77916e-08 -6.06945e-09 -1.04665e-08 -2.62621e-09 |             1    -0.116542     -0.13242   -0.0499674
 -6.06945e-09  9.75942e-08 -4.84665e-08 -9.80624e-09 |     -0.116542            1     -0.32722   -0.0995647
 -1.04665e-08 -4.84665e-08  2.24791e-07 -4.63566e-08 |      -0.13242     -0.32722            1    -0.310125
 -2.62621e-09 -9.80624e-09 -4.63566e-08  9.93963e-08 |    -0.0499674   -0.0995647    -0.310125            1
  Global correlation coefficients: 
     0.254861
     0.430263
     0.512992
     0.397945
[#1] INFO:Minimization -- RooAbsMinimizerFcn::setOptimizeConst: deactivating const optimization
       -> Fit Successful!
xmin max: 4 8.4
Total chi2/ndf: 7.59779
  [bin 27] Ek_low = 5.63491 GeV/n
    Processing energy bin 27 (Ek=5.90734 GeV/n)
       -> Attempting fit with fixed range [4, 8.4]...
[#1] INFO:Eval -- RooRealVar::setRange(charge) new range named 'fit_range' created with bounds [4,8.4]
[#1] INFO:Minimization -- p.d.f. provides expected number of events, including extended term in likelihood.
[#1] INFO:Eval -- RooRealVar::setRange(charge) new range named 'fit_nll_total_pdf_data_hist' created with bounds [4,8.4]
[#1] INFO:Fitting -- RooAbsPdf::fitTo(total_pdf) fixing normalization set for coefficient determination to observables in data
[#1] INFO:Fitting -- RooAddition::defaultErrorLevel(nll_total_pdf_data_hist) Summation contains a RooNLLVar, using its error level
[#1] INFO:Minimization -- RooAbsMinimizerFcn::setOptimizeConst: activating const optimization
Minuit2Minimizer: Minimize with max-calls 2000 convergence for edm < 1 strategy 2
Number of iterations 5
----------> Iteration 0
            FVAL = 1314423.27731 Edm = 3619.70177076 Nfcn = 46
            Error matrix change = 0
            Parameters :  p0 = 0.0409971 p1 = 0.110987 p2 = 0.432554 p3 = 0.0904893
----------> Iteration 1
            FVAL = 1310765.8262 Edm = 7.39222241898 Nfcn = 55
            Error matrix change = 0.0125355
            Parameters :  p0 = 0.0286617 p1 = 0.111344 p2 = 0.41524 p3 = 0.102222
----------> Iteration 2
            FVAL = 1310758.41223 Edm = 0.0339642602745 Nfcn = 64
            Error matrix change = 0.0236652
            Parameters :  p0 = 0.0288979 p1 = 0.110907 p2 = 0.413788 p3 = 0.102503
----------> Iteration 3
            FVAL = 1310758.38016 Edm = 1.47995126618e-05 Nfcn = 73
            Error matrix change = 0.016694
            Parameters :  p0 = 0.0288575 p1 = 0.110885 p2 = 0.413834 p3 = 0.102506
----------> Iteration 4
            FVAL = 1310758.38016 Edm = 1.41427013813e-05 Nfcn = 98
            Error matrix change = 0
            Parameters :  p0 = 0.0288575 p1 = 0.110885 p2 = 0.413834 p3 = 0.102506
Minuit2Minimizer : Valid minimum - status = 0
FVAL  = 1310758.38016156922
Edm   = 1.41427013813237876e-05
Nfcn  = 98
frac_Beryllium	  = 0.0288575	 +/-  0.000171328	(limited)
frac_Boron	  = 0.110885	 +/-  0.000320569	(limited)
frac_Carbon	  = 0.413834	 +/-  0.000490777	(limited)
frac_Nitrogen	  = 0.102506	 +/-  0.000325428	(limited)
Minuit2Minimizer::Hesse  - State returned from Hesse 

  Valid         : yes
  Function calls: 121
  Minimum value : 1310758.38
  Edm           : 1.411008997e-05
  Parameters    : 
  Pos |    Name    |  type   |      Value       |    Error +/-
    0 | frac_Beryllium | limited |    0.02885751383 | 0.000171310474
    1 | frac_Boron | limited |     0.1108848769 | 0.0003204656304
    2 | frac_Carbon | limited |     0.4138338942 | 0.0004905057858
    3 | frac_Nitrogen | limited |     0.1025062666 | 0.000325326297
  CovarianceStatus: 3
  Covariance and correlation matrix: 
  2.93473e-08 -6.31464e-09  -1.1099e-08 -2.76988e-09 |             1    -0.115023    -0.132085   -0.0497001
 -6.31464e-09  1.02698e-07 -5.11695e-08 -1.02201e-08 |     -0.115023            1    -0.325526   -0.0980289
  -1.1099e-08 -5.11695e-08  2.40596e-07 -4.95168e-08 |     -0.132085    -0.325526            1    -0.310305
 -2.76988e-09 -1.02201e-08 -4.95168e-08  1.05837e-07 |    -0.0497001   -0.0980289    -0.310305            1
  Global correlation coefficients: 
     0.252608
     0.427026
     0.511048
     0.396482
[#1] INFO:Minimization -- RooAbsMinimizerFcn::setOptimizeConst: deactivating const optimization
       -> Fit Successful!
xmin max: 4 8.4
Total chi2/ndf: 7.01725
  [bin 28] Ek_low = 6.17977 GeV/n
    Processing energy bin 28 (Ek=6.47739 GeV/n)
       -> Attempting fit with fixed range [4, 8.4]...
[#1] INFO:Eval -- RooRealVar::setRange(charge) new range named 'fit_range' created with bounds [4,8.4]
[#1] INFO:Minimization -- p.d.f. provides expected number of events, including extended term in likelihood.
[#1] INFO:Eval -- RooRealVar::setRange(charge) new range named 'fit_nll_total_pdf_data_hist' created with bounds [4,8.4]
[#1] INFO:Fitting -- RooAbsPdf::fitTo(total_pdf) fixing normalization set for coefficient determination to observables in data
[#1] INFO:Fitting -- RooAddition::defaultErrorLevel(nll_total_pdf_data_hist) Summation contains a RooNLLVar, using its error level
[#1] INFO:Minimization -- RooAbsMinimizerFcn::setOptimizeConst: activating const optimization
Minuit2Minimizer: Minimize with max-calls 2000 convergence for edm < 1 strategy 2
Number of iterations 5
----------> Iteration 0
            FVAL = 1216979.60457 Edm = 3078.93732397 Nfcn = 46
            Error matrix change = 0
            Parameters :  p0 = 0.0400321 p1 = 0.107666 p2 = 0.433461 p3 = 0.0904974
----------> Iteration 1
            FVAL = 1213865.35462 Edm = 5.37303713436 Nfcn = 55
            Error matrix change = 0.0115063
            Parameters :  p0 = 0.0286321 p1 = 0.107786 p2 = 0.416029 p3 = 0.102067
----------> Iteration 2
            FVAL = 1213859.91492 Edm = 0.0210426613255 Nfcn = 64
            Error matrix change = 0.0221565
            Parameters :  p0 = 0.0288173 p1 = 0.107395 p2 = 0.414738 p3 = 0.10235
----------> Iteration 3
            FVAL = 1213859.89494 Edm = 1.3203835643e-05 Nfcn = 73
            Error matrix change = 0.0165808
            Parameters :  p0 = 0.0287843 p1 = 0.107375 p2 = 0.414774 p3 = 0.102354
----------> Iteration 4
            FVAL = 1213859.89494 Edm = 1.23653650312e-05 Nfcn = 98
            Error matrix change = 0
            Parameters :  p0 = 0.0287843 p1 = 0.107375 p2 = 0.414774 p3 = 0.102354
Minuit2Minimizer : Valid minimum - status = 0
FVAL  = 1213859.89494417375
Edm   = 1.23653650311868412e-05
Nfcn  = 98
frac_Beryllium	  = 0.0287843	 +/-  0.000177529	(limited)
frac_Boron	  = 0.107375	 +/-  0.000327811	(limited)
frac_Carbon	  = 0.414774	 +/-  0.000508679	(limited)
frac_Nitrogen	  = 0.102354	 +/-  0.000338405	(limited)
Minuit2Minimizer::Hesse  - State returned from Hesse 

  Valid         : yes
  Function calls: 121
  Minimum value : 1213859.895
  Edm           : 1.233585927e-05
  Parameters    : 
  Pos |    Name    |  type   |      Value       |    Error +/-
    0 | frac_Beryllium | limited |    0.02878433942 | 0.0001775114997
    1 | frac_Boron | limited |     0.1073753344 | 0.0003277101365
    2 | frac_Carbon | limited |     0.4147739311 | 0.0005084049256
    3 | frac_Nitrogen | limited |     0.1023542501 | 0.0003383013447
  CovarianceStatus: 3
  Covariance and correlation matrix: 
  3.15103e-08  -6.7124e-09 -1.19244e-08 -2.97952e-09 |             1    -0.115388    -0.132129   -0.0496153
  -6.7124e-09  1.07394e-07 -5.33203e-08 -1.06897e-08 |     -0.115388            1    -0.320032   -0.0964211
 -1.19244e-08 -5.33203e-08  2.58476e-07  -5.3357e-08 |     -0.132129    -0.320032            1    -0.310226
 -2.97952e-09 -1.06897e-08  -5.3357e-08  1.14448e-07 |    -0.0496153   -0.0964211    -0.310226            1
  Global correlation coefficients: 
     0.251588
     0.420819
     0.506521
     0.394043
[#1] INFO:Minimization -- RooAbsMinimizerFcn::setOptimizeConst: deactivating const optimization
       -> Fit Successful!
xmin max: 4 8.4
Total chi2/ndf: 6.43065
  [bin 29] Ek_low = 6.775 GeV/n
    Processing energy bin 29 (Ek=7.09781 GeV/n)
       -> Attempting fit with fixed range [4, 8.4]...
[#1] INFO:Eval -- RooRealVar::setRange(charge) new range named 'fit_range' created with bounds [4,8.4]
[#1] INFO:Minimization -- p.d.f. provides expected number of events, including extended term in likelihood.
[#1] INFO:Eval -- RooRealVar::setRange(charge) new range named 'fit_nll_total_pdf_data_hist' created with bounds [4,8.4]
[#1] INFO:Fitting -- RooAbsPdf::fitTo(total_pdf) fixing normalization set for coefficient determination to observables in data
[#1] INFO:Fitting -- RooAddition::defaultErrorLevel(nll_total_pdf_data_hist) Summation contains a RooNLLVar, using its error level
[#1] INFO:Minimization -- RooAbsMinimizerFcn::setOptimizeConst: activating const optimization
Minuit2Minimizer: Minimize with max-calls 2000 convergence for edm < 1 strategy 2
Number of iterations 5
----------> Iteration 0
            FVAL = 1124315.17789 Edm = 2428.11869123 Nfcn = 46
            Error matrix change = 0
            Parameters :  p0 = 0.038038 p1 = 0.10648 p2 = 0.435368 p3 = 0.0903029
----------> Iteration 1
            FVAL = 1121856.43985 Edm = 3.28856486114 Nfcn = 55
            Error matrix change = 0.00980239
            Parameters :  p0 = 0.028261 p1 = 0.106751 p2 = 0.417375 p3 = 0.1011
----------> Iteration 2
            FVAL = 1121853.06756 Edm = 0.0103368569573 Nfcn = 64
            Error matrix change = 0.019875
            Parameters :  p0 = 0.0283781 p1 = 0.106412 p2 = 0.416347 p3 = 0.10135
----------> Iteration 3
            FVAL = 1121853.05764 Edm = 1.17940603181e-05 Nfcn = 73
            Error matrix change = 0.0168628
            Parameters :  p0 = 0.0283545 p1 = 0.106394 p2 = 0.416371 p3 = 0.101354
----------> Iteration 4
            FVAL = 1121853.05764 Edm = 1.08158130783e-05 Nfcn = 98
            Error matrix change = 0
            Parameters :  p0 = 0.0283545 p1 = 0.106394 p2 = 0.416371 p3 = 0.101354
Minuit2Minimizer : Valid minimum - status = 0
FVAL  = 1121853.05764495791
Edm   = 1.08158130782826101e-05
Nfcn  = 98
frac_Beryllium	  = 0.0283545	 +/-  0.000182639	(limited)
frac_Boron	  = 0.106394	 +/-  0.00033856	(limited)
frac_Carbon	  = 0.416371	 +/-  0.000527424	(limited)
frac_Nitrogen	  = 0.101354	 +/-  0.000349821	(limited)
Minuit2Minimizer::Hesse  - State returned from Hesse 

  Valid         : yes
  Function calls: 121
  Minimum value : 1121853.058
  Edm           : 1.078851947e-05
  Parameters    : 
  Pos |    Name    |  type   |      Value       |    Error +/-
    0 | frac_Beryllium | limited |    0.02835446111 | 0.0001826216388
    1 | frac_Boron | limited |     0.1063944221 | 0.0003384569384
    2 | frac_Carbon | limited |     0.4163705125 | 0.0005271456559
    3 | frac_Nitrogen | limited |      0.101353694 | 0.000349716561
  CovarianceStatus: 3
  Covariance and correlation matrix: 
  3.33507e-08 -7.03911e-09 -1.26683e-08 -3.12118e-09 |             1    -0.113884    -0.131594   -0.0488709
 -7.03911e-09  1.14553e-07 -5.70711e-08 -1.12327e-08 |     -0.113884            1    -0.319876   -0.0948994
 -1.26683e-08 -5.70711e-08  2.77883e-07 -5.68259e-08 |     -0.131594    -0.319876            1    -0.308247
 -3.12118e-09 -1.12327e-08 -5.68259e-08  1.22302e-07 |    -0.0488709   -0.0948994    -0.308247            1
  Global correlation coefficients: 
     0.248919
     0.418542
     0.504096
     0.390607
[#1] INFO:Minimization -- RooAbsMinimizerFcn::setOptimizeConst: deactivating const optimization
       -> Fit Successful!
xmin max: 4 8.4
Total chi2/ndf: 5.24951
  [bin 30] Ek_low = 7.42061 GeV/n
    Processing energy bin 30 (Ek=7.76859 GeV/n)
       -> Attempting fit with fixed range [4, 8.4]...
[#1] INFO:Eval -- RooRealVar::setRange(charge) new range named 'fit_range' created with bounds [4,8.4]
[#1] INFO:Minimization -- p.d.f. provides expected number of events, including extended term in likelihood.
[#1] INFO:Eval -- RooRealVar::setRange(charge) new range named 'fit_nll_total_pdf_data_hist' created with bounds [4,8.4]
[#1] INFO:Fitting -- RooAbsPdf::fitTo(total_pdf) fixing normalization set for coefficient determination to observables in data
[#1] INFO:Fitting -- RooAddition::defaultErrorLevel(nll_total_pdf_data_hist) Summation contains a RooNLLVar, using its error level
[#1] INFO:Minimization -- RooAbsMinimizerFcn::setOptimizeConst: activating const optimization
Minuit2Minimizer: Minimize with max-calls 2000 convergence for edm < 1 strategy 2
Number of iterations 5
----------> Iteration 0
            FVAL = 1039912.41526 Edm = 2196.00452044 Nfcn = 46
            Error matrix change = 0
            Parameters :  p0 = 0.0359669 p1 = 0.104546 p2 = 0.437096 p3 = 0.0894106
----------> Iteration 1
            FVAL = 1037682.54157 Edm = 2.61944476201 Nfcn = 55
            Error matrix change = 0.00858918
            Parameters :  p0 = 0.0273487 p1 = 0.104375 p2 = 0.417398 p3 = 0.100685
----------> Iteration 2
            FVAL = 1037679.80043 Edm = 0.0061746811218 Nfcn = 64
            Error matrix change = 0.0168232
            Parameters :  p0 = 0.0274027 p1 = 0.104031 p2 = 0.416488 p3 = 0.100978
----------> Iteration 3
            FVAL = 1037679.7944 Edm = 1.54720063126e-05 Nfcn = 73
            Error matrix change = 0.0187818
            Parameters :  p0 = 0.0273848 p1 = 0.104014 p2 = 0.416498 p3 = 0.100985
----------> Iteration 4
            FVAL = 1037679.7944 Edm = 1.39352000362e-05 Nfcn = 98
            Error matrix change = 0
            Parameters :  p0 = 0.0273848 p1 = 0.104014 p2 = 0.416498 p3 = 0.100985
Minuit2Minimizer : Valid minimum - status = 0
FVAL  = 1037679.79439877497
Edm   = 1.39352000362404639e-05
Nfcn  = 98
frac_Beryllium	  = 0.0273848	 +/-  0.000186002	(limited)
frac_Boron	  = 0.104014	 +/-  0.000347344	(limited)
frac_Carbon	  = 0.416498	 +/-  0.000546735	(limited)
frac_Nitrogen	  = 0.100985	 +/-  0.00036319	(limited)
Minuit2Minimizer::Hesse  - State returned from Hesse 

  Valid         : yes
  Function calls: 121
  Minimum value : 1037679.794
  Edm           : 1.390281139e-05
  Parameters    : 
  Pos |    Name    |  type   |      Value       |    Error +/-
    0 | frac_Beryllium | limited |    0.02738479771 | 0.0001859845285
    1 | frac_Boron | limited |     0.1040140447 | 0.0003472432768
    2 | frac_Carbon | limited |     0.4164983639 | 0.0005464549355
    3 | frac_Nitrogen | limited |     0.1009850128 | 0.0003630838953
  CovarianceStatus: 3
  Covariance and correlation matrix: 
  3.45903e-08 -7.18898e-09 -1.31739e-08 -3.22569e-09 |             1    -0.111316    -0.129623   -0.0477682
 -7.18898e-09  1.20578e-07 -5.99266e-08 -1.18076e-08 |     -0.111316            1    -0.315814   -0.0936528
 -1.31739e-08 -5.99266e-08  2.98613e-07  -6.1089e-08 |     -0.129623    -0.315814            1    -0.307894
 -3.22569e-09 -1.18076e-08  -6.1089e-08   1.3183e-07 |    -0.0477682   -0.0936528    -0.307894            1
  Global correlation coefficients: 
     0.243297
     0.412193
     0.499253
     0.387692
[#1] INFO:Minimization -- RooAbsMinimizerFcn::setOptimizeConst: deactivating const optimization
       -> Fit Successful!
xmin max: 4 8.4
Total chi2/ndf: 4.61957
  [bin 31] Ek_low = 8.11658 GeV/n
    Processing energy bin 31 (Ek=8.48974 GeV/n)
       -> Attempting fit with fixed range [4, 8.4]...
[#1] INFO:Eval -- RooRealVar::setRange(charge) new range named 'fit_range' created with bounds [4,8.4]
[#1] INFO:Minimization -- p.d.f. provides expected number of events, including extended term in likelihood.
[#1] INFO:Eval -- RooRealVar::setRange(charge) new range named 'fit_nll_total_pdf_data_hist' created with bounds [4,8.4]
[#1] INFO:Fitting -- RooAbsPdf::fitTo(total_pdf) fixing normalization set for coefficient determination to observables in data
[#1] INFO:Fitting -- RooAddition::defaultErrorLevel(nll_total_pdf_data_hist) Summation contains a RooNLLVar, using its error level
[#1] INFO:Minimization -- RooAbsMinimizerFcn::setOptimizeConst: activating const optimization
Minuit2Minimizer: Minimize with max-calls 2000 convergence for edm < 1 strategy 2
Number of iterations 5
----------> Iteration 0
            FVAL = 979436.750517 Edm = 2175.93294554 Nfcn = 46
            Error matrix change = 0
            Parameters :  p0 = 0.0361116 p1 = 0.102551 p2 = 0.43804 p3 = 0.0886412
----------> Iteration 1
            FVAL = 977226.702696 Edm = 2.78209110668 Nfcn = 55
            Error matrix change = 0.00879839
            Parameters :  p0 = 0.0271312 p1 = 0.102303 p2 = 0.418175 p3 = 0.0995185
----------> Iteration 2
            FVAL = 977223.793239 Edm = 0.00716510712961 Nfcn = 64
            Error matrix change = 0.0172227
            Parameters :  p0 = 0.027192 p1 = 0.10195 p2 = 0.417198 p3 = 0.0997924
----------> Iteration 3
            FVAL = 977223.786257 Edm = 1.796579452e-05 Nfcn = 73
            Error matrix change = 0.0190527
            Parameters :  p0 = 0.027172 p1 = 0.101932 p2 = 0.417211 p3 = 0.0997972
----------> Iteration 4
            FVAL = 977223.786257 Edm = 1.63130974657e-05 Nfcn = 98
            Error matrix change = 0
            Parameters :  p0 = 0.027172 p1 = 0.101932 p2 = 0.417211 p3 = 0.0997972
Minuit2Minimizer : Valid minimum - status = 0
FVAL  = 977223.786257413449
Edm   = 1.63130974657463751e-05
Nfcn  = 98
frac_Beryllium	  = 0.027172	 +/-  0.000190445	(limited)
frac_Boron	  = 0.101932	 +/-  0.000354061	(limited)
frac_Carbon	  = 0.417211	 +/-  0.000562117	(limited)
frac_Nitrogen	  = 0.0997972	 +/-  0.000370038	(limited)
Minuit2Minimizer::Hesse  - State returned from Hesse 

  Valid         : yes
  Function calls: 121
  Minimum value : 977223.7863
  Edm           : 1.627817927e-05
  Parameters    : 
  Pos |    Name    |  type   |      Value       |    Error +/-
    0 | frac_Beryllium | limited |    0.02717199343 | 0.0001904276497
    1 | frac_Boron | limited |     0.1019320479 | 0.0003539611777
    2 | frac_Carbon | limited |     0.4172109487 | 0.0005618355052
    3 | frac_Nitrogen | limited |    0.09979722039 | 0.0003699319689
  CovarianceStatus: 3
  Covariance and correlation matrix: 
  3.62627e-08 -7.36775e-09 -1.38822e-08 -3.35256e-09 |             1    -0.109307    -0.129754   -0.0475909
 -7.36775e-09  1.25289e-07  -6.2374e-08 -1.20754e-08 |     -0.109307            1    -0.313645     -0.09222
 -1.38822e-08  -6.2374e-08  3.15659e-07 -6.36165e-08 |     -0.129754    -0.313645            1    -0.306083
 -3.35256e-09 -1.20754e-08 -6.36165e-08   1.3685e-07 |    -0.0475909     -0.09222    -0.306083            1
  Global correlation coefficients: 
     0.240876
        0.408
     0.495752
     0.384271
[#1] INFO:Minimization -- RooAbsMinimizerFcn::setOptimizeConst: deactivating const optimization
       -> Fit Successful!
xmin max: 4 8.4
Total chi2/ndf: 4.68824
  [bin 32] Ek_low = 8.8629 GeV/n
    Processing energy bin 32 (Ek=9.26122 GeV/n)
       -> Attempting fit with fixed range [4, 8.4]...
[#1] INFO:Eval -- RooRealVar::setRange(charge) new range named 'fit_range' created with bounds [4,8.4]
[#1] INFO:Minimization -- p.d.f. provides expected number of events, including extended term in likelihood.
[#1] INFO:Eval -- RooRealVar::setRange(charge) new range named 'fit_nll_total_pdf_data_hist' created with bounds [4,8.4]
[#1] INFO:Fitting -- RooAbsPdf::fitTo(total_pdf) fixing normalization set for coefficient determination to observables in data
[#1] INFO:Fitting -- RooAddition::defaultErrorLevel(nll_total_pdf_data_hist) Summation contains a RooNLLVar, using its error level
[#1] INFO:Minimization -- RooAbsMinimizerFcn::setOptimizeConst: activating const optimization
Minuit2Minimizer: Minimize with max-calls 2000 convergence for edm < 1 strategy 2
Number of iterations 5
----------> Iteration 0
            FVAL = 918645.078802 Edm = 2277.38077811 Nfcn = 46
            Error matrix change = 0
            Parameters :  p0 = 0.0359354 p1 = 0.0997985 p2 = 0.440384 p3 = 0.0869343
----------> Iteration 1
            FVAL = 916333.223881 Edm = 3.2628100166 Nfcn = 55
            Error matrix change = 0.00972274
            Parameters :  p0 = 0.0262804 p1 = 0.0996184 p2 = 0.420076 p3 = 0.0979405
----------> Iteration 2
            FVAL = 916329.838436 Edm = 0.0104915091621 Nfcn = 64
            Error matrix change = 0.0200006
            Parameters :  p0 = 0.0263772 p1 = 0.0992486 p2 = 0.418955 p3 = 0.0982235
----------> Iteration 3
            FVAL = 916329.828346 Edm = 2.04157940176e-05 Nfcn = 73
            Error matrix change = 0.0189641
            Parameters :  p0 = 0.0263523 p1 = 0.099228 p2 = 0.418976 p3 = 0.0982282
----------> Iteration 4
            FVAL = 916329.828346 Edm = 1.87650304364e-05 Nfcn = 98
            Error matrix change = 0
            Parameters :  p0 = 0.0263523 p1 = 0.099228 p2 = 0.418976 p3 = 0.0982282
Minuit2Minimizer : Valid minimum - status = 0
FVAL  = 916329.828346124268
Edm   = 1.87650304364319197e-05
Nfcn  = 98
frac_Beryllium	  = 0.0263523	 +/-  0.000192658	(limited)
frac_Boron	  = 0.099228	 +/-  0.000359676	(limited)
frac_Carbon	  = 0.418976	 +/-  0.000578198	(limited)
frac_Nitrogen	  = 0.0982282	 +/-  0.000376546	(limited)
Minuit2Minimizer::Hesse  - State returned from Hesse 

  Valid         : yes
  Function calls: 121
  Minimum value : 916329.8283
  Edm           : 1.872752271e-05
  Parameters    : 
  Pos |    Name    |  type   |      Value       |    Error +/-
    0 | frac_Beryllium | limited |    0.02635226253 | 0.0001926417013
    1 | frac_Boron | limited |    0.09922799987 | 0.0003595784716
    2 | frac_Carbon | limited |     0.4189763001 | 0.0005779151157
    3 | frac_Nitrogen | limited |    0.09822823121 | 0.0003764399886
  CovarianceStatus: 3
  Covariance and correlation matrix: 
  3.71108e-08 -7.33527e-09 -1.42816e-08 -3.39211e-09 |             1    -0.105894    -0.128281   -0.0467761
 -7.33527e-09  1.29297e-07 -6.44667e-08 -1.22615e-08 |     -0.105894            1    -0.310225   -0.0905848
 -1.42816e-08 -6.44667e-08  3.33986e-07 -6.66647e-08 |     -0.128281    -0.310225            1    -0.306433
 -3.39211e-09 -1.22615e-08 -6.66647e-08  1.41707e-07 |    -0.0467761   -0.0905848    -0.306433            1
  Global correlation coefficients: 
     0.235475
     0.402028
     0.491941
     0.382172
[#1] INFO:Minimization -- RooAbsMinimizerFcn::setOptimizeConst: deactivating const optimization
       -> Fit Successful!
xmin max: 4 8.4
Total chi2/ndf: 4.27262
  [bin 33] Ek_low = 9.65954 GeV/n
    Processing energy bin 33 (Ek=10.083 GeV/n)
       -> Attempting fit with fixed range [4, 8.4]...
[#1] INFO:Eval -- RooRealVar::setRange(charge) new range named 'fit_range' created with bounds [4,8.4]
[#1] INFO:Minimization -- p.d.f. provides expected number of events, including extended term in likelihood.
[#1] INFO:Eval -- RooRealVar::setRange(charge) new range named 'fit_nll_total_pdf_data_hist' created with bounds [4,8.4]
[#1] INFO:Fitting -- RooAbsPdf::fitTo(total_pdf) fixing normalization set for coefficient determination to observables in data
[#1] INFO:Fitting -- RooAddition::defaultErrorLevel(nll_total_pdf_data_hist) Summation contains a RooNLLVar, using its error level
[#1] INFO:Minimization -- RooAbsMinimizerFcn::setOptimizeConst: activating const optimization
Minuit2Minimizer: Minimize with max-calls 2000 convergence for edm < 1 strategy 2
Number of iterations 5
----------> Iteration 0
            FVAL = 853180.861605 Edm = 2362.30726216 Nfcn = 46
            Error matrix change = 0
            Parameters :  p0 = 0.0357613 p1 = 0.0971735 p2 = 0.442469 p3 = 0.0854934
----------> Iteration 1
            FVAL = 850779.614022 Edm = 3.69086583333 Nfcn = 55
            Error matrix change = 0.00990793
            Parameters :  p0 = 0.0256735 p1 = 0.096947 p2 = 0.420917 p3 = 0.0966445
----------> Iteration 2
            FVAL = 850775.763293 Edm = 0.012592683824 Nfcn = 64
            Error matrix change = 0.02
            Parameters :  p0 = 0.0257655 p1 = 0.0965464 p2 = 0.419681 p3 = 0.0969402
----------> Iteration 3
            FVAL = 850775.751158 Edm = 3.36298469584e-05 Nfcn = 73
            Error matrix change = 0.0204843
            Parameters :  p0 = 0.0257375 p1 = 0.0965225 p2 = 0.419703 p3 = 0.0969444
----------> Iteration 4
            FVAL = 850775.751158 Edm = 3.10362106153e-05 Nfcn = 98
            Error matrix change = 0
            Parameters :  p0 = 0.0257375 p1 = 0.0965225 p2 = 0.419703 p3 = 0.0969444
Minuit2Minimizer : Valid minimum - status = 0
FVAL  = 850775.751157658058
Edm   = 3.10362106152619105e-05
Nfcn  = 98
frac_Beryllium	  = 0.0257375	 +/-  0.000197098	(limited)
frac_Boron	  = 0.0965225	 +/-  0.00036783	(limited)
frac_Carbon	  = 0.419703	 +/-  0.000597898	(limited)
frac_Nitrogen	  = 0.0969444	 +/-  0.000386687	(limited)
Minuit2Minimizer::Hesse  - State returned from Hesse 

  Valid         : yes
  Function calls: 121
  Minimum value : 850775.7512
  Edm           : 3.098677239e-05
  Parameters    : 
  Pos |    Name    |  type   |      Value       |    Error +/-
    0 | frac_Beryllium | limited |    0.02573751168 | 0.0001970815094
    1 | frac_Boron | limited |    0.09652254363 | 0.0003677340216
    2 | frac_Carbon | limited |     0.4197025867 | 0.0005976154087
    3 | frac_Nitrogen | limited |    0.09694435972 | 0.0003865823028
  CovarianceStatus: 3
  Covariance and correlation matrix: 
  3.88411e-08 -7.57775e-09 -1.50149e-08 -3.47068e-09 |             1    -0.104559    -0.127484    -0.045554
 -7.57775e-09  1.35228e-07 -6.73867e-08 -1.25851e-08 |     -0.104559            1    -0.306633   -0.0885281
 -1.50149e-08 -6.73867e-08  3.57144e-07 -7.02299e-08 |     -0.127484    -0.306633            1    -0.303989
 -3.47068e-09 -1.25851e-08 -7.02299e-08  1.49446e-07 |     -0.045554   -0.0885281    -0.303989            1
  Global correlation coefficients: 
     0.231773
     0.396009
      0.48643
     0.377073
[#1] INFO:Minimization -- RooAbsMinimizerFcn::setOptimizeConst: deactivating const optimization
       -> Fit Successful!
xmin max: 4 8.4
Total chi2/ndf: 3.4364
  [bin 34] Ek_low = 10.5065 GeV/n
    Processing energy bin 34 (Ek=10.98 GeV/n)
       -> Attempting fit with fixed range [4, 8.4]...
[#1] INFO:Eval -- RooRealVar::setRange(charge) new range named 'fit_range' created with bounds [4,8.4]
[#1] INFO:Minimization -- p.d.f. provides expected number of events, including extended term in likelihood.
[#1] INFO:Eval -- RooRealVar::setRange(charge) new range named 'fit_nll_total_pdf_data_hist' created with bounds [4,8.4]
[#1] INFO:Fitting -- RooAbsPdf::fitTo(total_pdf) fixing normalization set for coefficient determination to observables in data
[#1] INFO:Fitting -- RooAddition::defaultErrorLevel(nll_total_pdf_data_hist) Summation contains a RooNLLVar, using its error level
[#1] INFO:Minimization -- RooAbsMinimizerFcn::setOptimizeConst: activating const optimization
Minuit2Minimizer: Minimize with max-calls 2000 convergence for edm < 1 strategy 2
Number of iterations 5
----------> Iteration 0
            FVAL = 827864.143863 Edm = 2374.04220335 Nfcn = 44
            Error matrix change = 0
            Parameters :  p0 = 0.0360466 p1 = 0.0959822 p2 = 0.442851 p3 = 0.0846561
----------> Iteration 1
            FVAL = 825453.614906 Edm = 4.47159142249 Nfcn = 53
            Error matrix change = 0.0113507
            Parameters :  p0 = 0.025244 p1 = 0.0951696 p2 = 0.422943 p3 = 0.095433
----------> Iteration 2
            FVAL = 825448.982925 Edm = 0.0165002992456 Nfcn = 62
            Error matrix change = 0.021633
            Parameters :  p0 = 0.0253887 p1 = 0.0946838 p2 = 0.421617 p3 = 0.0957143
----------> Iteration 3
            FVAL = 825448.967113 Edm = 3.32893351208e-05 Nfcn = 71
            Error matrix change = 0.0213315
            Parameters :  p0 = 0.0253562 p1 = 0.0946593 p2 = 0.421644 p3 = 0.0957153
----------> Iteration 4
            FVAL = 825448.967113 Edm = 3.13008014479e-05 Nfcn = 96
            Error matrix change = 0
            Parameters :  p0 = 0.0253562 p1 = 0.0946593 p2 = 0.421644 p3 = 0.0957153
Minuit2Minimizer : Valid minimum - status = 0
FVAL  = 825448.967112621292
Edm   = 3.13008014479449238e-05
Nfcn  = 96
frac_Beryllium	  = 0.0253562	 +/-  0.00019884	(limited)
frac_Boron	  = 0.0946593	 +/-  0.000369816	(limited)
frac_Carbon	  = 0.421644	 +/-  0.00060558	(limited)
frac_Nitrogen	  = 0.0957153	 +/-  0.000389174	(limited)
Minuit2Minimizer::Hesse  - State returned from Hesse 

  Valid         : yes
  Function calls: 119
  Minimum value : 825448.9671
  Edm           : 3.125325168e-05
  Parameters    : 
  Pos |    Name    |  type   |      Value       |    Error +/-
    0 | frac_Beryllium | limited |    0.02535616751 | 0.0001988232226
    1 | frac_Boron | limited |    0.09465925194 | 0.0003697215932
    2 | frac_Carbon | limited |     0.4216443528 | 0.000605298088
    3 | frac_Nitrogen | limited |    0.09571529531 | 0.0003890700628
  CovarianceStatus: 3
  Covariance and correlation matrix: 
  3.95307e-08 -7.92648e-09  -1.5163e-08  -3.4779e-09 |             1     -0.10783    -0.125993   -0.0449595
 -7.92648e-09  1.36694e-07 -6.81784e-08 -1.25345e-08 |      -0.10783            1    -0.304651    -0.087137
  -1.5163e-08 -6.81784e-08  3.66386e-07 -7.15129e-08 |     -0.125993    -0.304651            1     -0.30366
  -3.4779e-09 -1.25345e-08 -7.15129e-08  1.51376e-07 |    -0.0449595    -0.087137     -0.30366            1
  Global correlation coefficients: 
     0.232091
     0.394292
     0.484201
     0.375344
[#1] INFO:Minimization -- RooAbsMinimizerFcn::setOptimizeConst: deactivating const optimization
       -> Fit Successful!
xmin max: 4 8.4
Total chi2/ndf: 3.68395
  [bin 35] Ek_low = 11.4536 GeV/n
    Processing energy bin 35 (Ek=11.9523 GeV/n)
       -> Attempting fit with fixed range [4, 8.4]...
[#1] INFO:Eval -- RooRealVar::setRange(charge) new range named 'fit_range' created with bounds [4,8.4]
[#1] INFO:Minimization -- p.d.f. provides expected number of events, including extended term in likelihood.
[#1] INFO:Eval -- RooRealVar::setRange(charge) new range named 'fit_nll_total_pdf_data_hist' created with bounds [4,8.4]
[#1] INFO:Fitting -- RooAbsPdf::fitTo(total_pdf) fixing normalization set for coefficient determination to observables in data
[#1] INFO:Fitting -- RooAddition::defaultErrorLevel(nll_total_pdf_data_hist) Summation contains a RooNLLVar, using its error level
[#1] INFO:Minimization -- RooAbsMinimizerFcn::setOptimizeConst: activating const optimization
Minuit2Minimizer: Minimize with max-calls 2000 convergence for edm < 1 strategy 2
Number of iterations 5
----------> Iteration 0
            FVAL = 747077.453187 Edm = 2467.42693502 Nfcn = 44
            Error matrix change = 0
            Parameters :  p0 = 0.036772 p1 = 0.0931516 p2 = 0.443011 p3 = 0.0840574
----------> Iteration 1
            FVAL = 744579.976034 Edm = 5.61024953593 Nfcn = 53
            Error matrix change = 0.013125
            Parameters :  p0 = 0.0244897 p1 = 0.0924479 p2 = 0.423731 p3 = 0.0949767
----------> Iteration 2
            FVAL = 744574.31558 Edm = 0.0285469957913 Nfcn = 62
            Error matrix change = 0.0252994
            Parameters :  p0 = 0.0247344 p1 = 0.0919441 p2 = 0.422117 p3 = 0.0952446
----------> Iteration 3
            FVAL = 744574.288731 Edm = 2.6300805669e-05 Nfcn = 71
            Error matrix change = 0.0199836
            Parameters :  p0 = 0.02469 p1 = 0.0919171 p2 = 0.422168 p3 = 0.0952432
----------> Iteration 4
            FVAL = 744574.288731 Edm = 2.54500321885e-05 Nfcn = 96
            Error matrix change = 0
            Parameters :  p0 = 0.02469 p1 = 0.0919171 p2 = 0.422168 p3 = 0.0952432
Minuit2Minimizer : Valid minimum - status = 0
FVAL  = 744574.288730934728
Edm   = 2.54500321884547505e-05
Nfcn  = 96
frac_Beryllium	  = 0.02469	 +/-  0.000205541	(limited)
frac_Boron	  = 0.0919171	 +/-  0.000382971	(limited)
frac_Carbon	  = 0.422168	 +/-  0.000636224	(limited)
frac_Nitrogen	  = 0.0952432	 +/-  0.000408133	(limited)
Minuit2Minimizer::Hesse  - State returned from Hesse 

  Valid         : yes
  Function calls: 119
  Minimum value : 744574.2887
  Edm           : 2.541192136e-05
  Parameters    : 
  Pos |    Name    |  type   |      Value       |    Error +/-
    0 | frac_Beryllium | limited |    0.02468997814 | 0.0002055248206
    1 | frac_Boron | limited |    0.09191713774 | 0.0003828775131
    2 | frac_Carbon | limited |     0.4221684394 | 0.0006359365511
    3 | frac_Nitrogen | limited |    0.09524316368 | 0.000408026275
  CovarianceStatus: 3
  Covariance and correlation matrix: 
  4.22405e-08 -8.06428e-09 -1.63638e-08  -3.7096e-09 |             1     -0.10248      -0.1252   -0.0442359
 -8.06428e-09  1.46595e-07  -7.3189e-08 -1.33406e-08 |      -0.10248            1    -0.300588    -0.085394
 -1.63638e-08  -7.3189e-08  4.04416e-07 -7.88584e-08 |       -0.1252    -0.300588            1    -0.303911
  -3.7096e-09 -1.33406e-08 -7.88584e-08  1.66486e-07 |    -0.0442359    -0.085394    -0.303911            1
  Global correlation coefficients: 
     0.225809
     0.386947
     0.479913
     0.373042
[#1] INFO:Minimization -- RooAbsMinimizerFcn::setOptimizeConst: deactivating const optimization
       -> Fit Successful!
xmin max: 4 8.4
Total chi2/ndf: 3.07884
  [bin 36] Ek_low = 12.451 GeV/n
    Processing energy bin 36 (Ek=12.9748 GeV/n)
       -> Attempting fit with fixed range [4, 8.4]...
[#1] INFO:Eval -- RooRealVar::setRange(charge) new range named 'fit_range' created with bounds [4,8.4]
[#1] INFO:Minimization -- p.d.f. provides expected number of events, including extended term in likelihood.
[#1] INFO:Eval -- RooRealVar::setRange(charge) new range named 'fit_nll_total_pdf_data_hist' created with bounds [4,8.4]
[#1] INFO:Fitting -- RooAbsPdf::fitTo(total_pdf) fixing normalization set for coefficient determination to observables in data
[#1] INFO:Fitting -- RooAddition::defaultErrorLevel(nll_total_pdf_data_hist) Summation contains a RooNLLVar, using its error level
[#1] INFO:Minimization -- RooAbsMinimizerFcn::setOptimizeConst: activating const optimization
Minuit2Minimizer: Minimize with max-calls 2000 convergence for edm < 1 strategy 2
Number of iterations 5
----------> Iteration 0
            FVAL = 660265.937386 Edm = 2400.29969711 Nfcn = 44
            Error matrix change = 0
            Parameters :  p0 = 0.0371221 p1 = 0.0914955 p2 = 0.443274 p3 = 0.0826226
----------> Iteration 1
            FVAL = 657839.698125 Edm = 6.24618770492 Nfcn = 53
            Error matrix change = 0.0144441
            Parameters :  p0 = 0.0239632 p1 = 0.0903953 p2 = 0.424532 p3 = 0.0938708
----------> Iteration 2
            FVAL = 657833.487297 Edm = 0.0365990004046 Nfcn = 62
            Error matrix change = 0.0268842
            Parameters :  p0 = 0.0242734 p1 = 0.0898661 p2 = 0.422706 p3 = 0.0941658
----------> Iteration 3
            FVAL = 657833.453197 Edm = 2.0696771524e-05 Nfcn = 71
            Error matrix change = 0.0193313
            Parameters :  p0 = 0.0242203 p1 = 0.0898396 p2 = 0.422771 p3 = 0.0941657
----------> Iteration 4
            FVAL = 657833.453197 Edm = 2.03564214976e-05 Nfcn = 96
            Error matrix change = 0
            Parameters :  p0 = 0.0242203 p1 = 0.0898396 p2 = 0.422771 p3 = 0.0941657
Minuit2Minimizer : Valid minimum - status = 0
FVAL  = 657833.453197266906
Edm   = 2.03564214975901566e-05
Nfcn  = 96
frac_Beryllium	  = 0.0242203	 +/-  0.000215993	(limited)
frac_Boron	  = 0.0898396	 +/-  0.000401915	(limited)
frac_Carbon	  = 0.422771	 +/-  0.000673991	(limited)
frac_Nitrogen	  = 0.0941657	 +/-  0.000430383	(limited)
Minuit2Minimizer::Hesse  - State returned from Hesse 

  Valid         : yes
  Function calls: 119
  Minimum value : 657833.4532
  Edm           : 2.032632964e-05
  Parameters    : 
  Pos |    Name    |  type   |      Value       |    Error +/-
    0 | frac_Beryllium | limited |    0.02422030471 | 0.0002159763073
    1 | frac_Boron | limited |     0.0898395836 | 0.0004018205608
    2 | frac_Carbon | limited |     0.4227708376 | 0.0006736966364
    3 | frac_Nitrogen | limited |       0.09416566 | 0.0004302741809
  CovarianceStatus: 3
  Covariance and correlation matrix: 
  4.66458e-08 -8.66368e-09  -1.8145e-08 -4.15261e-09 |             1   -0.0998307    -0.124706   -0.0446858
 -8.66368e-09   1.6146e-07 -8.04595e-08 -1.45689e-08 |    -0.0998307            1    -0.297222   -0.0842652
  -1.8145e-08 -8.04595e-08  4.53867e-07 -8.69537e-08 |     -0.124706    -0.297222            1     -0.29997
 -4.15261e-09 -1.45689e-08 -8.69537e-08  1.85136e-07 |    -0.0446858   -0.0842652     -0.29997            1
  Global correlation coefficients: 
     0.222353
     0.381058
     0.473936
     0.367564
[#1] INFO:Minimization -- RooAbsMinimizerFcn::setOptimizeConst: deactivating const optimization
       -> Fit Successful!
xmin max: 4 8.4
Total chi2/ndf: 3.00052
  [bin 37] Ek_low = 13.4986 GeV/n
    Processing energy bin 37 (Ek=14.0725 GeV/n)
       -> Attempting fit with fixed range [4, 8.4]...
[#1] INFO:Eval -- RooRealVar::setRange(charge) new range named 'fit_range' created with bounds [4,8.4]
[#1] INFO:Minimization -- p.d.f. provides expected number of events, including extended term in likelihood.
[#1] INFO:Eval -- RooRealVar::setRange(charge) new range named 'fit_nll_total_pdf_data_hist' created with bounds [4,8.4]
[#1] INFO:Fitting -- RooAbsPdf::fitTo(total_pdf) fixing normalization set for coefficient determination to observables in data
[#1] INFO:Fitting -- RooAddition::defaultErrorLevel(nll_total_pdf_data_hist) Summation contains a RooNLLVar, using its error level
[#1] INFO:Minimization -- RooAbsMinimizerFcn::setOptimizeConst: activating const optimization
Minuit2Minimizer: Minimize with max-calls 2000 convergence for edm < 1 strategy 2
Number of iterations 5
----------> Iteration 0
            FVAL = 598668.907943 Edm = 2364.69432801 Nfcn = 44
            Error matrix change = 0
            Parameters :  p0 = 0.0367852 p1 = 0.0888079 p2 = 0.44591 p3 = 0.082247
----------> Iteration 1
            FVAL = 596273.428825 Edm = 6.33588717762 Nfcn = 53
            Error matrix change = 0.0142824
            Parameters :  p0 = 0.023394 p1 = 0.0877908 p2 = 0.425444 p3 = 0.093629
----------> Iteration 2
            FVAL = 596267.063472 Edm = 0.0391994130056 Nfcn = 62
            Error matrix change = 0.0274776
            Parameters :  p0 = 0.0236863 p1 = 0.0872358 p2 = 0.423498 p3 = 0.0939264
----------> Iteration 3
            FVAL = 596267.026924 Edm = 3.50126480979e-05 Nfcn = 71
            Error matrix change = 0.0209569
            Parameters :  p0 = 0.0236295 p1 = 0.0872043 p2 = 0.423565 p3 = 0.0939239
----------> Iteration 4
            FVAL = 596267.026924 Edm = 3.43023753748e-05 Nfcn = 96
            Error matrix change = 0
            Parameters :  p0 = 0.0236295 p1 = 0.0872043 p2 = 0.423565 p3 = 0.0939239
Minuit2Minimizer : Valid minimum - status = 0
FVAL  = 596267.026924422942
Edm   = 3.43023753747801803e-05
Nfcn  = 96
frac_Beryllium	  = 0.0236295	 +/-  0.000223596	(limited)
frac_Boron	  = 0.0872043	 +/-  0.000416789	(limited)
frac_Carbon	  = 0.423565	 +/-  0.000706629	(limited)
frac_Nitrogen	  = 0.0939239	 +/-  0.000452517	(limited)
Minuit2Minimizer::Hesse  - State returned from Hesse 

  Valid         : yes
  Function calls: 119
  Minimum value : 596267.0269
  Edm           : 3.425917443e-05
  Parameters    : 
  Pos |    Name    |  type   |      Value       |    Error +/-
    0 | frac_Beryllium | limited |    0.02362947132 | 0.0002235796783
    1 | frac_Boron | limited |    0.08720429731 | 0.000416694747
    2 | frac_Carbon | limited |     0.4235654344 | 0.0007063279931
    3 | frac_Nitrogen | limited |    0.09392391503 | 0.0004524052411
  CovarianceStatus: 3
  Covariance and correlation matrix: 
  4.99879e-08 -9.15697e-09 -1.95245e-08 -4.38454e-09 |             1   -0.0982881    -0.123635   -0.0433474
 -9.15697e-09  1.73635e-07 -8.68275e-08 -1.55762e-08 |    -0.0982881            1    -0.295007   -0.0826255
 -1.95245e-08 -8.68275e-08    4.989e-07 -9.56807e-08 |     -0.123635    -0.295007            1    -0.299426
 -4.38454e-09 -1.55762e-08 -9.56807e-08  2.04671e-07 |    -0.0433474   -0.0826255    -0.299426            1
  Global correlation coefficients: 
     0.218801
     0.376968
     0.470803
     0.365003
[#1] INFO:Minimization -- RooAbsMinimizerFcn::setOptimizeConst: deactivating const optimization
       -> Fit Successful!
xmin max: 4 8.4
Total chi2/ndf: 2.6901
  [bin 38] Ek_low = 14.6464 GeV/n
    Processing energy bin 38 (Ek=15.2454 GeV/n)
       -> Attempting fit with fixed range [4, 8.4]...
[#1] INFO:Eval -- RooRealVar::setRange(charge) new range named 'fit_range' created with bounds [4,8.4]
[#1] INFO:Minimization -- p.d.f. provides expected number of events, including extended term in likelihood.
[#1] INFO:Eval -- RooRealVar::setRange(charge) new range named 'fit_nll_total_pdf_data_hist' created with bounds [4,8.4]
[#1] INFO:Fitting -- RooAbsPdf::fitTo(total_pdf) fixing normalization set for coefficient determination to observables in data
[#1] INFO:Fitting -- RooAddition::defaultErrorLevel(nll_total_pdf_data_hist) Summation contains a RooNLLVar, using its error level
[#1] INFO:Minimization -- RooAbsMinimizerFcn::setOptimizeConst: activating const optimization
Minuit2Minimizer: Minimize with max-calls 2000 convergence for edm < 1 strategy 2
Number of iterations 5
----------> Iteration 0
            FVAL = 516953.724304 Edm = 2068.54806623 Nfcn = 44
            Error matrix change = 0
            Parameters :  p0 = 0.0369496 p1 = 0.086625 p2 = 0.444915 p3 = 0.0823607
----------> Iteration 1
            FVAL = 514865.578842 Edm = 5.89408896095 Nfcn = 53
            Error matrix change = 0.0148284
            Parameters :  p0 = 0.0229847 p1 = 0.0859198 p2 = 0.42577 p3 = 0.0930442
----------> Iteration 2
            FVAL = 514859.791329 Edm = 0.0403694003399 Nfcn = 62
            Error matrix change = 0.0280359
            Parameters :  p0 = 0.0233419 p1 = 0.0853951 p2 = 0.423758 p3 = 0.0932784
----------> Iteration 3
            FVAL = 514859.753918 Edm = 1.83965779218e-05 Nfcn = 71
            Error matrix change = 0.0198734
            Parameters :  p0 = 0.0232808 p1 = 0.0853676 p2 = 0.423838 p3 = 0.0932723
----------> Iteration 4
            FVAL = 514859.753918 Edm = 1.87082612212e-05 Nfcn = 96
            Error matrix change = 0
            Parameters :  p0 = 0.0232808 p1 = 0.0853676 p2 = 0.423838 p3 = 0.0932723
Minuit2Minimizer : Valid minimum - status = 0
FVAL  = 514859.753917725291
Edm   = 1.87082612212128813e-05
Nfcn  = 96
frac_Beryllium	  = 0.0232808	 +/-  0.000238408	(limited)
frac_Boron	  = 0.0853676	 +/-  0.000443021	(limited)
frac_Carbon	  = 0.423838	 +/-  0.000758054	(limited)
frac_Nitrogen	  = 0.0932723	 +/-  0.000485075	(limited)
Minuit2Minimizer::Hesse  - State returned from Hesse 

  Valid         : yes
  Function calls: 119
  Minimum value : 514859.7539
  Edm           : 1.868451103e-05
  Parameters    : 
  Pos |    Name    |  type   |      Value       |    Error +/-
    0 | frac_Beryllium | limited |    0.02328075982 | 0.0002383910848
    1 | frac_Boron | limited |    0.08536763139 | 0.0004429237793
    2 | frac_Carbon | limited |     0.4238377052 | 0.0007577389083
    3 | frac_Nitrogen | limited |    0.09327233971 | 0.0004849584509
  CovarianceStatus: 3
  Covariance and correlation matrix: 
  5.68304e-08 -1.04734e-08  -2.2192e-08  -4.8131e-09 |             1   -0.0991897    -0.122853   -0.0416323
 -1.04734e-08  1.96182e-07 -9.78912e-08 -1.72426e-08 |    -0.0991897            1    -0.291672   -0.0802729
  -2.2192e-08 -9.78912e-08  5.74169e-07 -1.09678e-07 |     -0.122853    -0.291672            1    -0.298466
  -4.8131e-09 -1.72426e-08 -1.09678e-07  2.35185e-07 |    -0.0416323   -0.0802729    -0.298466            1
  Global correlation coefficients: 
     0.216954
     0.372329
     0.466772
     0.361492
[#1] INFO:Minimization -- RooAbsMinimizerFcn::setOptimizeConst: deactivating const optimization
       -> Fit Successful!
xmin max: 4 8.4
Total chi2/ndf: 2.082
  [bin 39] Ek_low = 15.8444 GeV/n
    Processing energy bin 39 (Ek=16.4935 GeV/n)
       -> Attempting fit with fixed range [4, 8.4]...
[#1] INFO:Eval -- RooRealVar::setRange(charge) new range named 'fit_range' created with bounds [4,8.4]
[#1] INFO:Minimization -- p.d.f. provides expected number of events, including extended term in likelihood.
[#1] INFO:Eval -- RooRealVar::setRange(charge) new range named 'fit_nll_total_pdf_data_hist' created with bounds [4,8.4]
[#1] INFO:Fitting -- RooAbsPdf::fitTo(total_pdf) fixing normalization set for coefficient determination to observables in data
[#1] INFO:Fitting -- RooAddition::defaultErrorLevel(nll_total_pdf_data_hist) Summation contains a RooNLLVar, using its error level
[#1] INFO:Minimization -- RooAbsMinimizerFcn::setOptimizeConst: activating const optimization
Minuit2Minimizer: Minimize with max-calls 2000 convergence for edm < 1 strategy 2
Number of iterations 5
----------> Iteration 0
            FVAL = 457872.468118 Edm = 1875.43327895 Nfcn = 42
            Error matrix change = 0
            Parameters :  p0 = 0.0366046 p1 = 0.0834395 p2 = 0.448201 p3 = 0.0794525
----------> Iteration 1
            FVAL = 455985.020118 Edm = 4.84172801048 Nfcn = 51
            Error matrix change = 0.0142722
            Parameters :  p0 = 0.0226182 p1 = 0.0834923 p2 = 0.428151 p3 = 0.090569
----------> Iteration 2
            FVAL = 455980.336626 Edm = 0.0378804946317 Nfcn = 60
            Error matrix change = 0.0291074
            Parameters :  p0 = 0.0229899 p1 = 0.0830208 p2 = 0.42623 p3 = 0.0907329
----------> Iteration 3
            FVAL = 455980.301679 Edm = 1.35554686867e-05 Nfcn = 69
            Error matrix change = 0.019917
            Parameters :  p0 = 0.0229286 p1 = 0.0829942 p2 = 0.426319 p3 = 0.0907215
----------> Iteration 4
            FVAL = 455980.301679 Edm = 1.42537752947e-05 Nfcn = 96
            Error matrix change = 0
            Parameters :  p0 = 0.0229286 p1 = 0.0829942 p2 = 0.426319 p3 = 0.0907215
Minuit2Minimizer : Valid minimum - status = 0
FVAL  = 455980.301679352066
Edm   = 1.42537752947438781e-05
Nfcn  = 96
frac_Beryllium	  = 0.0229286	 +/-  0.00025097	(limited)
frac_Boron	  = 0.0829942	 +/-  0.000463367	(limited)
frac_Carbon	  = 0.426319	 +/-  0.000803029	(limited)
frac_Nitrogen	  = 0.0907215	 +/-  0.000507125	(limited)
Minuit2Minimizer::Hesse  - State returned from Hesse 

  Valid         : yes
  Function calls: 119
  Minimum value : 455980.3017
  Edm           : 1.424326762e-05
  Parameters    : 
  Pos |    Name    |  type   |      Value       |    Error +/-
    0 | frac_Beryllium | limited |    0.02292864661 | 0.0002509497906
    1 | frac_Boron | limited |    0.08299420465 | 0.0004632686223
    2 | frac_Carbon | limited |     0.4263192455 | 0.000802700359
    3 | frac_Nitrogen | limited |    0.09072150158 | 0.0005070055886
  CovarianceStatus: 3
  Covariance and correlation matrix: 
  6.29759e-08 -1.15306e-08 -2.46937e-08 -5.23962e-09 |             1   -0.0991815    -0.122587   -0.0411813
 -1.15306e-08  2.14618e-07 -1.07228e-07 -1.84405e-08 |    -0.0991815            1    -0.288352   -0.0785103
 -2.46937e-08 -1.07228e-07  6.44328e-07 -1.20956e-07 |     -0.122587    -0.288352            1    -0.297208
 -5.23962e-09 -1.84405e-08 -1.20956e-07  2.57055e-07 |    -0.0411813   -0.0785103    -0.297208            1
  Global correlation coefficients: 
     0.215621
     0.367788
     0.462925
     0.358414
[#1] INFO:Minimization -- RooAbsMinimizerFcn::setOptimizeConst: deactivating const optimization
       -> Fit Successful!
xmin max: 4 8.4
Total chi2/ndf: 1.92566
  [bin 40] Ek_low = 17.1425 GeV/n
    Processing energy bin 40 (Ek=17.8417 GeV/n)
       -> Attempting fit with fixed range [4, 8.4]...
[#1] INFO:Eval -- RooRealVar::setRange(charge) new range named 'fit_range' created with bounds [4,8.4]
[#1] INFO:Minimization -- p.d.f. provides expected number of events, including extended term in likelihood.
[#1] INFO:Eval -- RooRealVar::setRange(charge) new range named 'fit_nll_total_pdf_data_hist' created with bounds [4,8.4]
[#1] INFO:Fitting -- RooAbsPdf::fitTo(total_pdf) fixing normalization set for coefficient determination to observables in data
[#1] INFO:Fitting -- RooAddition::defaultErrorLevel(nll_total_pdf_data_hist) Summation contains a RooNLLVar, using its error level
[#1] INFO:Minimization -- RooAbsMinimizerFcn::setOptimizeConst: activating const optimization
Minuit2Minimizer: Minimize with max-calls 2000 convergence for edm < 1 strategy 2
Number of iterations 5
----------> Iteration 0
            FVAL = 398181.814655 Edm = 1706.56774675 Nfcn = 42
            Error matrix change = 0
            Parameters :  p0 = 0.0349184 p1 = 0.0826156 p2 = 0.450592 p3 = 0.0784186
----------> Iteration 1
            FVAL = 396461.666613 Edm = 4.53831773802 Nfcn = 51
            Error matrix change = 0.0145061
            Parameters :  p0 = 0.0211093 p1 = 0.0821684 p2 = 0.429959 p3 = 0.0894911
----------> Iteration 2
            FVAL = 396457.250102 Edm = 0.0361068281839 Nfcn = 60
            Error matrix change = 0.0296577
            Parameters :  p0 = 0.0214667 p1 = 0.0816765 p2 = 0.427959 p3 = 0.089674
----------> Iteration 3
            FVAL = 396457.216832 Edm = 1.60167132381e-05 Nfcn = 69
            Error matrix change = 0.020927
            Parameters :  p0 = 0.0214044 p1 = 0.0816486 p2 = 0.428048 p3 = 0.0896624
----------> Iteration 4
            FVAL = 396457.216832 Edm = 1.66397280509e-05 Nfcn = 96
            Error matrix change = 0
            Parameters :  p0 = 0.0214044 p1 = 0.0816486 p2 = 0.428048 p3 = 0.0896624
Minuit2Minimizer : Valid minimum - status = 0
FVAL  = 396457.216832164559
Edm   = 1.66397280508517984e-05
Nfcn  = 96
frac_Beryllium	  = 0.0214044	 +/-  0.000260015	(limited)
frac_Boron	  = 0.0816486	 +/-  0.000490979	(limited)
frac_Carbon	  = 0.428048	 +/-  0.000857511	(limited)
frac_Nitrogen	  = 0.0896624	 +/-  0.000535901	(limited)
Minuit2Minimizer::Hesse  - State returned from Hesse 

  Valid         : yes
  Function calls: 119
  Minimum value : 396457.2168
  Edm           : 1.662869089e-05
  Parameters    : 
  Pos |    Name    |  type   |      Value       |    Error +/-
    0 | frac_Beryllium | limited |    0.02140441575 | 0.0002599956082
    1 | frac_Boron | limited |    0.08164861668 | 0.0004908777015
    2 | frac_Carbon | limited |     0.4280484245 | 0.000857169479
    3 | frac_Nitrogen | limited |    0.08966243388 | 0.0005357779132
  CovarianceStatus: 3
  Covariance and correlation matrix: 
  6.75978e-08 -1.22497e-08 -2.66044e-08 -5.73451e-09 |             1   -0.0959814    -0.119377   -0.0411666
 -1.22497e-08  2.40961e-07 -1.20682e-07 -2.06506e-08 |    -0.0959814            1    -0.286815    -0.078519
 -2.66044e-08 -1.20682e-07   7.3474e-07 -1.35141e-07 |     -0.119377    -0.286815            1    -0.294262
 -5.73451e-09 -2.06506e-08 -1.35141e-07  2.87058e-07 |    -0.0411666    -0.078519    -0.294262            1
  Global correlation coefficients: 
     0.209527
     0.363928
     0.458181
     0.354582
[#1] INFO:Minimization -- RooAbsMinimizerFcn::setOptimizeConst: deactivating const optimization
       -> Fit Successful!
xmin max: 4 8.4
Total chi2/ndf: 1.87693
  [bin 41] Ek_low = 18.5408 GeV/n
    Processing energy bin 41 (Ek=19.29 GeV/n)
       -> Attempting fit with fixed range [4, 8.4]...
[#1] INFO:Eval -- RooRealVar::setRange(charge) new range named 'fit_range' created with bounds [4,8.4]
[#1] INFO:Minimization -- p.d.f. provides expected number of events, including extended term in likelihood.
[#1] INFO:Eval -- RooRealVar::setRange(charge) new range named 'fit_nll_total_pdf_data_hist' created with bounds [4,8.4]
[#1] INFO:Fitting -- RooAbsPdf::fitTo(total_pdf) fixing normalization set for coefficient determination to observables in data
[#1] INFO:Fitting -- RooAddition::defaultErrorLevel(nll_total_pdf_data_hist) Summation contains a RooNLLVar, using its error level
[#1] INFO:Minimization -- RooAbsMinimizerFcn::setOptimizeConst: activating const optimization
Minuit2Minimizer: Minimize with max-calls 2000 convergence for edm < 1 strategy 2
Number of iterations 5
----------> Iteration 0
            FVAL = 344982.153962 Edm = 1361.75078243 Nfcn = 42
            Error matrix change = 0
            Parameters :  p0 = 0.0335968 p1 = 0.0796802 p2 = 0.452151 p3 = 0.0787594
----------> Iteration 1
            FVAL = 343604.806161 Edm = 2.93063607894 Nfcn = 51
            Error matrix change = 0.0124116
            Parameters :  p0 = 0.0213297 p1 = 0.0793411 p2 = 0.42919 p3 = 0.0892172
----------> Iteration 2
            FVAL = 343601.87134 Edm = 0.020297518179 Nfcn = 60
            Error matrix change = 0.0280358
            Parameters :  p0 = 0.0215793 p1 = 0.0788806 p2 = 0.427474 p3 = 0.0893645
----------> Iteration 3
            FVAL = 343601.852423 Edm = 2.05052307602e-05 Nfcn = 69
            Error matrix change = 0.0227906
            Parameters :  p0 = 0.0215293 p1 = 0.0788516 p2 = 0.42754 p3 = 0.0893511
----------> Iteration 4
            FVAL = 343601.852423 Edm = 2.02376210273e-05 Nfcn = 94
            Error matrix change = 0
            Parameters :  p0 = 0.0215293 p1 = 0.0788516 p2 = 0.42754 p3 = 0.0893511
Minuit2Minimizer : Valid minimum - status = 0
FVAL  = 343601.85242276825
Edm   = 2.02376210273187285e-05
Nfcn  = 94
frac_Beryllium	  = 0.0215293	 +/-  0.000277902	(limited)
frac_Boron	  = 0.0788516	 +/-  0.000518445	(limited)
frac_Carbon	  = 0.42754	 +/-  0.000921052	(limited)
frac_Nitrogen	  = 0.0893511	 +/-  0.000577019	(limited)
Minuit2Minimizer::Hesse  - State returned from Hesse 

  Valid         : yes
  Function calls: 117
  Minimum value : 343601.8524
  Edm           : 2.021166841e-05
  Parameters    : 
  Pos |    Name    |  type   |      Value       |    Error +/-
    0 | frac_Beryllium | limited |    0.02152930327 | 0.0002778837537
    1 | frac_Boron | limited |     0.0788516169 | 0.0005183430156
    2 | frac_Carbon | limited |     0.4275397402 | 0.0009206962004
    3 | frac_Nitrogen | limited |     0.0893510601 | 0.0005768885273
  CovarianceStatus: 3
  Covariance and correlation matrix: 
  7.72195e-08 -1.30685e-08 -3.07541e-08 -6.35081e-09 |             1   -0.0907284    -0.120205   -0.0396163
 -1.30685e-08   2.6868e-07 -1.34602e-07 -2.27706e-08 |    -0.0907284            1    -0.282044   -0.0761491
 -3.07541e-08 -1.34602e-07  8.47682e-07 -1.57751e-07 |     -0.120205    -0.282044            1    -0.297004
 -6.35081e-09 -2.27706e-08 -1.57751e-07  3.32801e-07 |    -0.0396163   -0.0761491    -0.297004            1
  Global correlation coefficients: 
     0.204846
     0.356368
     0.455705
     0.354546
[#1] INFO:Minimization -- RooAbsMinimizerFcn::setOptimizeConst: deactivating const optimization
       -> Fit Successful!
xmin max: 4 8.4
Total chi2/ndf: 1.6068
  [bin 42] Ek_low = 20.0392 GeV/n
    Processing energy bin 42 (Ek=20.8385 GeV/n)
       -> Attempting fit with fixed range [4, 8.4]...
[#1] INFO:Eval -- RooRealVar::setRange(charge) new range named 'fit_range' created with bounds [4,8.4]
[#1] INFO:Minimization -- p.d.f. provides expected number of events, including extended term in likelihood.
[#1] INFO:Eval -- RooRealVar::setRange(charge) new range named 'fit_nll_total_pdf_data_hist' created with bounds [4,8.4]
[#1] INFO:Fitting -- RooAbsPdf::fitTo(total_pdf) fixing normalization set for coefficient determination to observables in data
[#1] INFO:Fitting -- RooAddition::defaultErrorLevel(nll_total_pdf_data_hist) Summation contains a RooNLLVar, using its error level
[#1] INFO:Minimization -- RooAbsMinimizerFcn::setOptimizeConst: activating const optimization
Minuit2Minimizer: Minimize with max-calls 2000 convergence for edm < 1 strategy 2
Number of iterations 5
----------> Iteration 0
            FVAL = 296279.282816 Edm = 1146.2294402 Nfcn = 40
            Error matrix change = 0
            Parameters :  p0 = 0.0332198 p1 = 0.0770002 p2 = 0.450016 p3 = 0.0779364
----------> Iteration 1
            FVAL = 295125.130556 Edm = 2.81004724944 Nfcn = 49
            Error matrix change = 0.0138429
            Parameters :  p0 = 0.0204625 p1 = 0.0763617 p2 = 0.43026 p3 = 0.0879304
----------> Iteration 2
            FVAL = 295122.41162 Edm = 0.0225044265965 Nfcn = 58
            Error matrix change = 0.0299532
            Parameters :  p0 = 0.0207968 p1 = 0.0759242 p2 = 0.42848 p3 = 0.088039
----------> Iteration 3
            FVAL = 295122.390919 Edm = 1.01151112922e-05 Nfcn = 67
            Error matrix change = 0.0214864
            Parameters :  p0 = 0.0207421 p1 = 0.0758989 p2 = 0.428567 p3 = 0.0880214
----------> Iteration 4
            FVAL = 295122.390919 Edm = 1.04396026773e-05 Nfcn = 94
            Error matrix change = 0
            Parameters :  p0 = 0.0207421 p1 = 0.0758989 p2 = 0.428567 p3 = 0.0880214
Minuit2Minimizer : Valid minimum - status = 0
FVAL  = 295122.390918605204
Edm   = 1.04396026773193588e-05
Nfcn  = 94
frac_Beryllium	  = 0.0207421	 +/-  0.000294058	(limited)
frac_Boron	  = 0.0758989	 +/-  0.000547492	(limited)
frac_Carbon	  = 0.428567	 +/-  0.000987415	(limited)
frac_Nitrogen	  = 0.0880214	 +/-  0.00061504	(limited)
Minuit2Minimizer::Hesse  - State returned from Hesse 

  Valid         : yes
  Function calls: 117
  Minimum value : 295122.3909
  Edm           : 1.043230981e-05
  Parameters    : 
  Pos |    Name    |  type   |      Value       |    Error +/-
    0 | frac_Beryllium | limited |    0.02074210209 | 0.0002940378293
    1 | frac_Boron | limited |    0.07589889172 | 0.0005473906636
    2 | frac_Carbon | limited |     0.4285669402 | 0.0009870458977
    3 | frac_Nitrogen | limited |    0.08802144813 | 0.0006149057784
  CovarianceStatus: 3
  Covariance and correlation matrix: 
  8.64584e-08 -1.50069e-08 -3.40716e-08 -7.06978e-09 |             1    -0.093237    -0.117396   -0.0391015
 -1.50069e-08  2.99637e-07 -1.49467e-07 -2.47622e-08 |     -0.093237            1    -0.276637   -0.0735669
 -3.40716e-08 -1.49467e-07  9.74261e-07 -1.78149e-07 |     -0.117396    -0.276637            1     -0.29352
 -7.06978e-09 -2.47622e-08 -1.78149e-07   3.7811e-07 |    -0.0391015   -0.0735669     -0.29352            1
  Global correlation coefficients: 
     0.202435
     0.349591
     0.448016
     0.348326
[#1] INFO:Minimization -- RooAbsMinimizerFcn::setOptimizeConst: deactivating const optimization
       -> Fit Successful!
xmin max: 4 8.4
Total chi2/ndf: 1.33105
  [bin 43] Ek_low = 21.6377 GeV/n
  [bin 44] Ek_low = 23.3364 GeV/n
  [bin 45] Ek_low = 25.1851 GeV/n
  [bin 46] Ek_low = 27.134 GeV/n
  [bin 47] Ek_low = 29.2329 GeV/n
  [bin 48] Ek_low = 31.4819 GeV/n
  [bin 49] Ek_low = 33.9309 GeV/n
  [bin 50] Ek_low = 36.5301 GeV/n
  [bin 51] Ek_low = 39.3293 GeV/n
  [bin 52] Ek_low = 42.3285 GeV/n
  [bin 53] Ek_low = 45.5778 GeV/n
  [bin 54] Ek_low = 49.0772 GeV/n
  [bin 55] Ek_low = 53.0765 GeV/n
  [bin 56] Ek_low = 57.076 GeV/n
  [bin 57] Ek_low = 61.5754 GeV/n
  [bin 58] Ek_low = 66.5749 GeV/n
  [bin 59] Ek_low = 72.5744 GeV/n
  [bin 60] Ek_low = 79.0739 GeV/n
  [bin 61] Ek_low = 86.5735 GeV/n
  [bin 62] Ek_low = 95.073 GeV/n
  [bin 63] Ek_low = 104.573 GeV/n
  [bin 64] Ek_low = 115.572 GeV/n
  [bin 65] Ek_low = 128.572 GeV/n
  [bin 66] Ek_low = 144.571 GeV/n
  [bin 67] Ek_low = 164.071 GeV/n
  [bin 68] Ek_low = 188.571 GeV/n
  [bin 69] Ek_low = 219.57 GeV/n
  [bin 70] Ek_low = 261.57 GeV/n
  [bin 71] Ek_low = 329.07 GeV/n
  [bin 72] Ek_low = 439.069 GeV/n
  [bin 73] Ek_low = 649.069 GeV/n
