
Processing ../rootlogon.C...
Processing ChargeTempFit.cpp...

======================================================================
Starting Unified Charge Analysis for chain: UnbiasedL1Inner
Using only Beryllium, Boron, and Carbon templates.
======================================================================

--- Processing Detector: TOF ---
  [bin 1] Ek_low = 0.0822516 GeV/n
  [bin 2] Ek_low = 0.12571 GeV/n
  [bin 3] Ek_low = 0.165811 GeV/n
  [bin 4] Ek_low = 0.213016 GeV/n
  [bin 5] Ek_low = 0.267548 GeV/n
  [bin 6] Ek_low = 0.332904 GeV/n
    Processing energy bin 6 (Ek=0.369524 GeV/n)
        -> Attempting fit with fixed range [3.7, 6.3]...
[#1] INFO:Eval -- RooRealVar::setRange(charge) new range named 'fit_range' created with bounds [3.7,6.3]
[#1] INFO:Minimization -- p.d.f. provides expected number of events, including extended term in likelihood.
[#1] INFO:Eval -- RooRealVar::setRange(charge) new range named 'fit_nll_total_pdf_data_hist' created with bounds [3.7,6.3]
[#1] INFO:Fitting -- RooAbsPdf::fitTo(total_pdf) fixing normalization set for coefficient determination to observables in data
[#1] INFO:Fitting -- using CPU computation library compiled with -mavx512
[#1] INFO:Fitting -- RooAddition::defaultErrorLevel(nll_total_pdf_data_hist) Summation contains a RooNLLVar, using its error level
[#1] INFO:Minimization -- RooAbsMinimizerFcn::setOptimizeConst: activating const optimization
Minuit2Minimizer: Minimize with max-calls 1000 convergence for edm < 1 strategy 2
Number of iterations 6
----------> Iteration 0
            FVAL = 246104.619016 Edm = 93224.2868811 Nfcn = 19
            Error matrix change = 0
            Parameters :  p0 = 0.0567668 p1 = 0.234126
----------> Iteration 1
            FVAL = 136250.138359 Edm = 78.0726483434 Nfcn = 28
            Error matrix change = 0.0333862
            Parameters :  p0 = 0.194371 p1 = 0.628931
----------> Iteration 2
            FVAL = 136125.384604 Edm = 54.2226611141 Nfcn = 34
            Error matrix change = 0.21989
            Parameters :  p0 = 0.187012 p1 = 0.647061
----------> Iteration 3
            FVAL = 136086.036203 Edm = 0.00116910171183 Nfcn = 40
            Error matrix change = 0.141655
            Parameters :  p0 = 0.179893 p1 = 0.648982
----------> Iteration 4
            FVAL = 136086.03476 Edm = 7.58883123899e-07 Nfcn = 45
            Error matrix change = 0.0748127
            Parameters :  p0 = 0.179852 p1 = 0.648988
----------> Iteration 5
            FVAL = 136086.03476 Edm = 7.04746070167e-07 Nfcn = 57
            Error matrix change = 0
            Parameters :  p0 = 0.179852 p1 = 0.648988
Minuit2Minimizer : Valid minimum - status = 0
FVAL  = 136086.034759789065
Edm   = 7.0474607016733511e-07
Nfcn  = 57
frac_Beryllium	  = 0.179852	 +/-  0.000922663	(limited)
frac_Boron	  = 0.648988	 +/-  0.00116057	(limited)
Minuit2Minimizer::Hesse  - State returned from Hesse 

  Valid         : yes
  Function calls: 67
  Minimum value : 136086.0348
  Edm           : 7.026976312e-07
  Parameters    : 
  Pos |    Name    |  type   |      Value       |    Error +/-
    0 | frac_Beryllium | limited |     0.1798524987 | 0.0009213076102
    1 | frac_Boron | limited |     0.6489880388 | 0.001158863717
  CovarianceStatus: 3
  Covariance and correlation matrix: 
  8.48809e-07 -6.86457e-07 |             1    -0.642947
 -6.86457e-07  1.34297e-06 |     -0.642947            1
  Global correlation coefficients: 
     0.642947
     0.642947
[#1] INFO:Minimization -- RooAbsMinimizerFcn::setOptimizeConst: deactivating const optimization
        -> Fit Successful!
xmin max: 3.7 6.3
Total chi2/ndf: 1.21557
  [bin 7] Ek_low = 0.406144 GeV/n
    Processing energy bin 7 (Ek=0.448539 GeV/n)
        -> Attempting fit with fixed range [3.7, 6.3]...
[#1] INFO:Eval -- RooRealVar::setRange(charge) new range named 'fit_range' created with bounds [3.7,6.3]
[#1] INFO:Minimization -- p.d.f. provides expected number of events, including extended term in likelihood.
[#1] INFO:Eval -- RooRealVar::setRange(charge) new range named 'fit_nll_total_pdf_data_hist' created with bounds [3.7,6.3]
[#1] INFO:Fitting -- RooAbsPdf::fitTo(total_pdf) fixing normalization set for coefficient determination to observables in data
[#1] INFO:Fitting -- RooAddition::defaultErrorLevel(nll_total_pdf_data_hist) Summation contains a RooNLLVar, using its error level
[#1] INFO:Minimization -- RooAbsMinimizerFcn::setOptimizeConst: activating const optimization
Minuit2Minimizer: Minimize with max-calls 1000 convergence for edm < 1 strategy 2
Number of iterations 6
----------> Iteration 0
            FVAL = 320544.804137 Edm = 120424.427777 Nfcn = 19
            Error matrix change = 0
            Parameters :  p0 = 0.0586859 p1 = 0.235012
----------> Iteration 1
            FVAL = 178880.131157 Edm = 149.134006869 Nfcn = 28
            Error matrix change = 0.032879
            Parameters :  p0 = 0.197826 p1 = 0.626162
----------> Iteration 2
            FVAL = 178679.880898 Edm = 109.047879694 Nfcn = 34
            Error matrix change = 0.185494
            Parameters :  p0 = 0.191886 p1 = 0.645536
----------> Iteration 3
            FVAL = 178586.246772 Edm = 0.0104412596101 Nfcn = 40
            Error matrix change = 0.172835
            Parameters :  p0 = 0.181482 p1 = 0.650104
----------> Iteration 4
            FVAL = 178586.235626 Edm = 2.93447439243e-06 Nfcn = 45
            Error matrix change = 0.0924453
            Parameters :  p0 = 0.181392 p1 = 0.650255
----------> Iteration 5
            FVAL = 178586.235626 Edm = 3.10660477716e-06 Nfcn = 57
            Error matrix change = 0
            Parameters :  p0 = 0.181392 p1 = 0.650255
Minuit2Minimizer : Valid minimum - status = 0
FVAL  = 178586.235625535919
Edm   = 3.10660477715670184e-06
Nfcn  = 57
frac_Beryllium	  = 0.181392	 +/-  0.000812568	(limited)
frac_Boron	  = 0.650255	 +/-  0.00101948	(limited)
Minuit2Minimizer::Hesse  - State returned from Hesse 

  Valid         : yes
  Function calls: 67
  Minimum value : 178586.2356
  Edm           : 3.111258872e-06
  Parameters    : 
  Pos |    Name    |  type   |      Value       |    Error +/-
    0 | frac_Beryllium | limited |     0.1813919305 | 0.0008113311272
    1 | frac_Boron | limited |     0.6502554519 | 0.001017928983
  CovarianceStatus: 3
  Covariance and correlation matrix: 
  6.58259e-07 -5.33702e-07 |             1    -0.646223
 -5.33702e-07  1.03618e-06 |     -0.646223            1
  Global correlation coefficients: 
     0.646223
     0.646223
[#1] INFO:Minimization -- RooAbsMinimizerFcn::setOptimizeConst: deactivating const optimization
        -> Fit Successful!
xmin max: 3.7 6.3
Total chi2/ndf: 2.04488
  [bin 8] Ek_low = 0.490934 GeV/n
    Processing energy bin 8 (Ek=0.539271 GeV/n)
        -> Attempting fit with fixed range [3.7, 6.3]...
[#1] INFO:Eval -- RooRealVar::setRange(charge) new range named 'fit_range' created with bounds [3.7,6.3]
[#1] INFO:Minimization -- p.d.f. provides expected number of events, including extended term in likelihood.
[#1] INFO:Eval -- RooRealVar::setRange(charge) new range named 'fit_nll_total_pdf_data_hist' created with bounds [3.7,6.3]
[#1] INFO:Fitting -- RooAbsPdf::fitTo(total_pdf) fixing normalization set for coefficient determination to observables in data
[#1] INFO:Fitting -- RooAddition::defaultErrorLevel(nll_total_pdf_data_hist) Summation contains a RooNLLVar, using its error level
[#1] INFO:Minimization -- RooAbsMinimizerFcn::setOptimizeConst: activating const optimization
Minuit2Minimizer: Minimize with max-calls 1000 convergence for edm < 1 strategy 2
Number of iterations 6
----------> Iteration 0
            FVAL = 397594.915395 Edm = 148406.349701 Nfcn = 19
            Error matrix change = 0
            Parameters :  p0 = 0.0599123 p1 = 0.235104
----------> Iteration 1
            FVAL = 222925.540721 Edm = 182.732811982 Nfcn = 28
            Error matrix change = 0.033834
            Parameters :  p0 = 0.200486 p1 = 0.624345
----------> Iteration 2
            FVAL = 222719.106319 Edm = 119.758937713 Nfcn = 34
            Error matrix change = 0.163997
            Parameters :  p0 = 0.196959 p1 = 0.641064
----------> Iteration 3
            FVAL = 222593.832788 Edm = 0.0402331272767 Nfcn = 40
            Error matrix change = 0.209981
            Parameters :  p0 = 0.185553 p1 = 0.647528
----------> Iteration 4
            FVAL = 222593.79199 Edm = 1.96253030681e-05 Nfcn = 45
            Error matrix change = 0.110745
            Parameters :  p0 = 0.18549 p1 = 0.647766
----------> Iteration 5
            FVAL = 222593.79199 Edm = 2.04993518324e-05 Nfcn = 55
            Error matrix change = 0
            Parameters :  p0 = 0.18549 p1 = 0.647766
Minuit2Minimizer : Valid minimum - status = 0
FVAL  = 222593.791989806981
Edm   = 2.04993518323893755e-05
Nfcn  = 55
frac_Beryllium	  = 0.18549	 +/-  0.000736026	(limited)
frac_Boron	  = 0.647766	 +/-  0.000918685	(limited)
Minuit2Minimizer::Hesse  - State returned from Hesse 

  Valid         : yes
  Function calls: 65
  Minimum value : 222593.792
  Edm           : 2.052645388e-05
  Parameters    : 
  Pos |    Name    |  type   |      Value       |    Error +/-
    0 | frac_Beryllium | limited |     0.1854902363 | 0.0007349741122
    1 | frac_Boron | limited |     0.6477661097 | 0.0009173716502
  CovarianceStatus: 3
  Covariance and correlation matrix: 
  5.40188e-07 -4.37772e-07 |             1    -0.649278
 -4.37772e-07  8.41572e-07 |     -0.649278            1
  Global correlation coefficients: 
     0.649278
     0.649278
[#1] INFO:Minimization -- RooAbsMinimizerFcn::setOptimizeConst: deactivating const optimization
        -> Fit Successful!
xmin max: 3.7 6.3
Total chi2/ndf: 2.5228
  [bin 9] Ek_low = 0.587609 GeV/n
    Processing energy bin 9 (Ek=0.641983 GeV/n)
        -> Attempting fit with fixed range [3.7, 6.3]...
[#1] INFO:Eval -- RooRealVar::setRange(charge) new range named 'fit_range' created with bounds [3.7,6.3]
[#1] INFO:Minimization -- p.d.f. provides expected number of events, including extended term in likelihood.
[#1] INFO:Eval -- RooRealVar::setRange(charge) new range named 'fit_nll_total_pdf_data_hist' created with bounds [3.7,6.3]
[#1] INFO:Fitting -- RooAbsPdf::fitTo(total_pdf) fixing normalization set for coefficient determination to observables in data
[#1] INFO:Fitting -- RooAddition::defaultErrorLevel(nll_total_pdf_data_hist) Summation contains a RooNLLVar, using its error level
[#1] INFO:Minimization -- RooAbsMinimizerFcn::setOptimizeConst: activating const optimization
Minuit2Minimizer: Minimize with max-calls 1000 convergence for edm < 1 strategy 2
Number of iterations 6
----------> Iteration 0
            FVAL = 464809.705705 Edm = 172788.484387 Nfcn = 19
            Error matrix change = 0
            Parameters :  p0 = 0.0630998 p1 = 0.234312
----------> Iteration 1
            FVAL = 262273.87031 Edm = 317.661184209 Nfcn = 28
            Error matrix change = 0.0329793
            Parameters :  p0 = 0.206524 p1 = 0.617631
----------> Iteration 2
            FVAL = 261986.256509 Edm = 146.820866121 Nfcn = 34
            Error matrix change = 0.159861
            Parameters :  p0 = 0.205127 p1 = 0.634311
----------> Iteration 3
            FVAL = 261791.212322 Edm = 0.134283111007 Nfcn = 40
            Error matrix change = 0.256658
            Parameters :  p0 = 0.191301 p1 = 0.644068
----------> Iteration 4
            FVAL = 261791.076235 Edm = 2.95940833438e-05 Nfcn = 45
            Error matrix change = 0.131215
            Parameters :  p0 = 0.191313 p1 = 0.644391
----------> Iteration 5
            FVAL = 261791.076235 Edm = 3.04255368528e-05 Nfcn = 55
            Error matrix change = 0
            Parameters :  p0 = 0.191313 p1 = 0.644391
Minuit2Minimizer : Valid minimum - status = 0
FVAL  = 261791.076235312474
Edm   = 3.04255368527912539e-05
Nfcn  = 55
frac_Beryllium	  = 0.191313	 +/-  0.000691406	(limited)
frac_Boron	  = 0.644391	 +/-  0.000856068	(limited)
Minuit2Minimizer::Hesse  - State returned from Hesse 

  Valid         : yes
  Function calls: 65
  Minimum value : 261791.0762
  Edm           : 3.044524447e-05
  Parameters    : 
  Pos |    Name    |  type   |      Value       |    Error +/-
    0 | frac_Beryllium | limited |     0.1913132356 | 0.0006903678228
    1 | frac_Boron | limited |     0.6443913224 | 0.0008547817539
  CovarianceStatus: 3
  Covariance and correlation matrix: 
  4.76608e-07 -3.87139e-07 |             1     -0.65604
 -3.87139e-07  7.30653e-07 |      -0.65604            1
  Global correlation coefficients: 
      0.65604
      0.65604
[#1] INFO:Minimization -- RooAbsMinimizerFcn::setOptimizeConst: deactivating const optimization
        -> Fit Successful!
xmin max: 3.7 6.3
Total chi2/ndf: 3.14664
  [bin 10] Ek_low = 0.696357 GeV/n
    Processing energy bin 10 (Ek=0.758915 GeV/n)
        -> Attempting fit with fixed range [3.7, 6.3]...
[#1] INFO:Eval -- RooRealVar::setRange(charge) new range named 'fit_range' created with bounds [3.7,6.3]
[#1] INFO:Minimization -- p.d.f. provides expected number of events, including extended term in likelihood.
[#1] INFO:Eval -- RooRealVar::setRange(charge) new range named 'fit_nll_total_pdf_data_hist' created with bounds [3.7,6.3]
[#1] INFO:Fitting -- RooAbsPdf::fitTo(total_pdf) fixing normalization set for coefficient determination to observables in data
[#1] INFO:Fitting -- RooAddition::defaultErrorLevel(nll_total_pdf_data_hist) Summation contains a RooNLLVar, using its error level
[#1] INFO:Minimization -- RooAbsMinimizerFcn::setOptimizeConst: activating const optimization
Minuit2Minimizer: Minimize with max-calls 1000 convergence for edm < 1 strategy 2
Number of iterations 6
----------> Iteration 0
            FVAL = 527328.918676 Edm = 197151.045244 Nfcn = 19
            Error matrix change = 0
            Parameters :  p0 = 0.0610117 p1 = 0.236002
----------> Iteration 1
            FVAL = 294990.902823 Edm = 259.455402663 Nfcn = 28
            Error matrix change = 0.0354965
            Parameters :  p0 = 0.204895 p1 = 0.623559
----------> Iteration 2
            FVAL = 294792.076878 Edm = 77.8317961699 Nfcn = 34
            Error matrix change = 0.168697
            Parameters :  p0 = 0.205187 p1 = 0.635455
----------> Iteration 3
            FVAL = 294664.062614 Edm = 0.0403775256681 Nfcn = 40
            Error matrix change = 0.295429
            Parameters :  p0 = 0.194529 p1 = 0.644167
----------> Iteration 4
            FVAL = 294664.020954 Edm = 1.62225892309e-06 Nfcn = 45
            Error matrix change = 0.149166
            Parameters :  p0 = 0.194585 p1 = 0.644289
----------> Iteration 5
            FVAL = 294664.020954 Edm = 1.48467449071e-06 Nfcn = 59
            Error matrix change = 0
            Parameters :  p0 = 0.194585 p1 = 0.644289
Minuit2Minimizer : Valid minimum - status = 0
FVAL  = 294664.020954187901
Edm   = 1.48467449070742598e-06
Nfcn  = 59
frac_Beryllium	  = 0.194585	 +/-  0.000655548	(limited)
frac_Boron	  = 0.644289	 +/-  0.000807694	(limited)
Minuit2Minimizer::Hesse  - State returned from Hesse 

  Valid         : yes
  Function calls: 69
  Minimum value : 294664.021
  Edm           : 1.480260661e-06
  Parameters    : 
  Pos |    Name    |  type   |      Value       |    Error +/-
    0 | frac_Beryllium | limited |     0.1945846842 | 0.0006543197577
    1 | frac_Boron | limited |     0.6442889956 | 0.000806180563
  CovarianceStatus: 3
  Covariance and correlation matrix: 
  4.28135e-07  -3.4909e-07 |             1    -0.661782
  -3.4909e-07  6.49928e-07 |     -0.661782            1
  Global correlation coefficients: 
     0.661782
     0.661782
[#1] INFO:Minimization -- RooAbsMinimizerFcn::setOptimizeConst: deactivating const optimization
        -> Fit Successful!
xmin max: 3.7 6.3
Total chi2/ndf: 2.57158
  [bin 11] Ek_low = 0.821474 GeV/n
    Processing energy bin 11 (Ek=0.890201 GeV/n)
        -> Attempting fit with fixed range [3.7, 6.3]...
[#1] INFO:Eval -- RooRealVar::setRange(charge) new range named 'fit_range' created with bounds [3.7,6.3]
[#1] INFO:Minimization -- p.d.f. provides expected number of events, including extended term in likelihood.
[#1] INFO:Eval -- RooRealVar::setRange(charge) new range named 'fit_nll_total_pdf_data_hist' created with bounds [3.7,6.3]
[#1] INFO:Fitting -- RooAbsPdf::fitTo(total_pdf) fixing normalization set for coefficient determination to observables in data
[#1] INFO:Fitting -- RooAddition::defaultErrorLevel(nll_total_pdf_data_hist) Summation contains a RooNLLVar, using its error level
[#1] INFO:Minimization -- RooAbsMinimizerFcn::setOptimizeConst: activating const optimization
Minuit2Minimizer: Minimize with max-calls 1000 convergence for edm < 1 strategy 2
Number of iterations 6
----------> Iteration 0
            FVAL = 577690.735508 Edm = 216839.61501 Nfcn = 19
            Error matrix change = 0
            Parameters :  p0 = 0.0660856 p1 = 0.233783
----------> Iteration 1
            FVAL = 324253.029251 Edm = 648.590436119 Nfcn = 26
            Error matrix change = 0.0336704
            Parameters :  p0 = 0.213112 p1 = 0.612542
----------> Iteration 2
            FVAL = 323789.90967 Edm = 146.032763939 Nfcn = 32
            Error matrix change = 0.179429
            Parameters :  p0 = 0.214578 p1 = 0.628938
----------> Iteration 3
            FVAL = 323531.974345 Edm = 0.076793826948 Nfcn = 38
            Error matrix change = 0.310921
            Parameters :  p0 = 0.19992 p1 = 0.641748
----------> Iteration 4
            FVAL = 323531.892142 Edm = 3.40143311523e-05 Nfcn = 43
            Error matrix change = 0.157804
            Parameters :  p0 = 0.200046 p1 = 0.641853
----------> Iteration 5
            FVAL = 323531.892142 Edm = 3.23367032992e-05 Nfcn = 53
            Error matrix change = 0
            Parameters :  p0 = 0.200046 p1 = 0.641853
Minuit2Minimizer : Valid minimum - status = 0
FVAL  = 323531.892142017256
Edm   = 3.2336703299182357e-05
Nfcn  = 53
frac_Beryllium	  = 0.200046	 +/-  0.00063251	(limited)
frac_Boron	  = 0.641853	 +/-  0.000774434	(limited)
Minuit2Minimizer::Hesse  - State returned from Hesse 

  Valid         : yes
  Function calls: 63
  Minimum value : 323531.8921
  Edm           : 3.231678258e-05
  Parameters    : 
  Pos |    Name    |  type   |      Value       |    Error +/-
    0 | frac_Beryllium | limited |     0.2000458411 | 0.0006314715987
    1 | frac_Boron | limited |     0.6418530584 | 0.0007731625546
  CovarianceStatus: 3
  Covariance and correlation matrix: 
  3.98757e-07 -3.26685e-07 |             1    -0.669121
 -3.26685e-07  5.97781e-07 |     -0.669121            1
  Global correlation coefficients: 
     0.669121
     0.669121
[#1] INFO:Minimization -- RooAbsMinimizerFcn::setOptimizeConst: deactivating const optimization
        -> Fit Successful!
xmin max: 3.7 6.3
Total chi2/ndf: 3.01572
  [bin 12] Ek_low = 0.958928 GeV/n
    Processing energy bin 12 (Ek=1.03598 GeV/n)
        -> Attempting fit with fixed range [3.7, 6.3]...
[#1] INFO:Eval -- RooRealVar::setRange(charge) new range named 'fit_range' created with bounds [3.7,6.3]
[#1] INFO:Minimization -- p.d.f. provides expected number of events, including extended term in likelihood.
[#1] INFO:Eval -- RooRealVar::setRange(charge) new range named 'fit_nll_total_pdf_data_hist' created with bounds [3.7,6.3]
[#1] INFO:Fitting -- RooAbsPdf::fitTo(total_pdf) fixing normalization set for coefficient determination to observables in data
[#1] INFO:Fitting -- RooAddition::defaultErrorLevel(nll_total_pdf_data_hist) Summation contains a RooNLLVar, using its error level
[#1] INFO:Minimization -- RooAbsMinimizerFcn::setOptimizeConst: activating const optimization
Minuit2Minimizer: Minimize with max-calls 1000 convergence for edm < 1 strategy 2
Number of iterations 6
----------> Iteration 0
            FVAL = 611758.95212 Edm = 230285.430778 Nfcn = 19
            Error matrix change = 0
            Parameters :  p0 = 0.0672161 p1 = 0.23172
----------> Iteration 1
            FVAL = 341867.59426 Edm = 681.577009 Nfcn = 26
            Error matrix change = 0.0344672
            Parameters :  p0 = 0.216724 p1 = 0.610205
----------> Iteration 2
            FVAL = 341379.496191 Edm = 158.169019355 Nfcn = 32
            Error matrix change = 0.179642
            Parameters :  p0 = 0.218153 p1 = 0.626592
----------> Iteration 3
            FVAL = 341100.709698 Edm = 0.0849138925125 Nfcn = 38
            Error matrix change = 0.311677
            Parameters :  p0 = 0.203233 p1 = 0.639608
----------> Iteration 4
            FVAL = 341100.619063 Edm = 3.54251854972e-05 Nfcn = 43
            Error matrix change = 0.15814
            Parameters :  p0 = 0.20336 p1 = 0.639717
----------> Iteration 5
            FVAL = 341100.619063 Edm = 3.36913604038e-05 Nfcn = 53
            Error matrix change = 0
            Parameters :  p0 = 0.20336 p1 = 0.639717
Minuit2Minimizer : Valid minimum - status = 0
FVAL  = 341100.61906299548
Edm   = 3.36913604038395099e-05
Nfcn  = 53
frac_Beryllium	  = 0.20336	 +/-  0.000619306	(limited)
frac_Boron	  = 0.639717	 +/-  0.0007558	(limited)
Minuit2Minimizer::Hesse  - State returned from Hesse 

  Valid         : yes
  Function calls: 63
  Minimum value : 341100.6191
  Edm           : 3.366929871e-05
  Parameters    : 
  Pos |    Name    |  type   |      Value       |    Error +/-
    0 | frac_Beryllium | limited |      0.203359548 | 0.0006182715265
    1 | frac_Boron | limited |     0.6397170502 | 0.0007545375158
  CovarianceStatus: 3
  Covariance and correlation matrix: 
   3.8226e-07 -3.13598e-07 |             1    -0.672222
 -3.13598e-07  5.69327e-07 |     -0.672222            1
  Global correlation coefficients: 
     0.672222
     0.672222
[#1] INFO:Minimization -- RooAbsMinimizerFcn::setOptimizeConst: deactivating const optimization
        -> Fit Successful!
xmin max: 3.7 6.3
Total chi2/ndf: 2.19851
  [bin 13] Ek_low = 1.11303 GeV/n
    Processing energy bin 13 (Ek=1.19844 GeV/n)
        -> Attempting fit with fixed range [3.7, 6.3]...
[#1] INFO:Eval -- RooRealVar::setRange(charge) new range named 'fit_range' created with bounds [3.7,6.3]
[#1] INFO:Minimization -- p.d.f. provides expected number of events, including extended term in likelihood.
[#1] INFO:Eval -- RooRealVar::setRange(charge) new range named 'fit_nll_total_pdf_data_hist' created with bounds [3.7,6.3]
[#1] INFO:Fitting -- RooAbsPdf::fitTo(total_pdf) fixing normalization set for coefficient determination to observables in data
[#1] INFO:Fitting -- RooAddition::defaultErrorLevel(nll_total_pdf_data_hist) Summation contains a RooNLLVar, using its error level
[#1] INFO:Minimization -- RooAbsMinimizerFcn::setOptimizeConst: activating const optimization
Minuit2Minimizer: Minimize with max-calls 1000 convergence for edm < 1 strategy 2
Number of iterations 6
----------> Iteration 0
            FVAL = 623455.478736 Edm = 234580.974441 Nfcn = 19
            Error matrix change = 0
            Parameters :  p0 = 0.0633152 p1 = 0.231831
----------> Iteration 1
            FVAL = 344578.509633 Edm = 250.966563555 Nfcn = 28
            Error matrix change = 0.0386316
            Parameters :  p0 = 0.214229 p1 = 0.622223
----------> Iteration 2
            FVAL = 344397.817209 Edm = 63.6191318117 Nfcn = 34
            Error matrix change = 0.181964
            Parameters :  p0 = 0.214951 p1 = 0.632293
----------> Iteration 3
            FVAL = 344283.781051 Edm = 0.0173813300669 Nfcn = 40
            Error matrix change = 0.317433
            Parameters :  p0 = 0.205503 p1 = 0.640486
----------> Iteration 4
            FVAL = 344283.762477 Edm = 1.75123707533e-06 Nfcn = 45
            Error matrix change = 0.159967
            Parameters :  p0 = 0.205554 p1 = 0.640541
----------> Iteration 5
            FVAL = 344283.762477 Edm = 1.53149169736e-06 Nfcn = 59
            Error matrix change = 0
            Parameters :  p0 = 0.205554 p1 = 0.640541
Minuit2Minimizer : Valid minimum - status = 0
FVAL  = 344283.762476799078
Edm   = 1.53149169735840391e-06
Nfcn  = 59
frac_Beryllium	  = 0.205554	 +/-  0.000618185	(limited)
frac_Boron	  = 0.640541	 +/-  0.000756629	(limited)
Minuit2Minimizer::Hesse  - State returned from Hesse 

  Valid         : yes
  Function calls: 69
  Minimum value : 344283.7625
  Edm           : 1.53148599e-06
  Parameters    : 
  Pos |    Name    |  type   |      Value       |    Error +/-
    0 | frac_Beryllium | limited |     0.2055544266 | 0.0006169433901
    1 | frac_Boron | limited |     0.6405414668 | 0.0007551092337
  CovarianceStatus: 3
  Covariance and correlation matrix: 
  3.80619e-07 -3.13216e-07 |             1    -0.672339
 -3.13216e-07   5.7019e-07 |     -0.672339            1
  Global correlation coefficients: 
     0.672339
     0.672339
[#1] INFO:Minimization -- RooAbsMinimizerFcn::setOptimizeConst: deactivating const optimization
        -> Fit Successful!
xmin max: 3.7 6.3
Total chi2/ndf: 2.02088
  [bin 14] Ek_low = 1.28385 GeV/n
  [bin 15] Ek_low = 1.4714 GeV/n
  [bin 16] Ek_low = 1.68026 GeV/n
  [bin 17] Ek_low = 1.91049 GeV/n
  [bin 18] Ek_low = 2.16207 GeV/n
  [bin 19] Ek_low = 2.43494 GeV/n
  [bin 20] Ek_low = 2.73384 GeV/n
  [bin 21] Ek_low = 3.05875 GeV/n
  [bin 22] Ek_low = 3.40962 GeV/n
  [bin 23] Ek_low = 3.79127 GeV/n
  [bin 24] Ek_low = 4.20369 GeV/n
  [bin 25] Ek_low = 4.64682 GeV/n
  [bin 26] Ek_low = 5.14038 GeV/n
  [bin 27] Ek_low = 5.63491 GeV/n
  [bin 28] Ek_low = 6.17977 GeV/n
  [bin 29] Ek_low = 6.775 GeV/n
  [bin 30] Ek_low = 7.42061 GeV/n
  [bin 31] Ek_low = 8.11658 GeV/n
  [bin 32] Ek_low = 8.8629 GeV/n
  [bin 33] Ek_low = 9.65954 GeV/n
  [bin 34] Ek_low = 10.5065 GeV/n
  [bin 35] Ek_low = 11.4536 GeV/n
  [bin 36] Ek_low = 12.451 GeV/n
  [bin 37] Ek_low = 13.4986 GeV/n
  [bin 38] Ek_low = 14.6464 GeV/n
  [bin 39] Ek_low = 15.8444 GeV/n
  [bin 40] Ek_low = 17.1425 GeV/n
  [bin 41] Ek_low = 18.5408 GeV/n
  [bin 42] Ek_low = 20.0392 GeV/n
  [bin 43] Ek_low = 21.6377 GeV/n
  [bin 44] Ek_low = 23.3364 GeV/n
  [bin 45] Ek_low = 25.1851 GeV/n
  [bin 46] Ek_low = 27.134 GeV/n
  [bin 47] Ek_low = 29.2329 GeV/n
  [bin 48] Ek_low = 31.4819 GeV/n
  [bin 49] Ek_low = 33.9309 GeV/n
  [bin 50] Ek_low = 36.5301 GeV/n
  [bin 51] Ek_low = 39.3293 GeV/n
  [bin 52] Ek_low = 42.3285 GeV/n
  [bin 53] Ek_low = 45.5778 GeV/n
  [bin 54] Ek_low = 49.0772 GeV/n
  [bin 55] Ek_low = 53.0765 GeV/n
  [bin 56] Ek_low = 57.076 GeV/n
  [bin 57] Ek_low = 61.5754 GeV/n
  [bin 58] Ek_low = 66.5749 GeV/n
  [bin 59] Ek_low = 72.5744 GeV/n
  [bin 60] Ek_low = 79.0739 GeV/n
  [bin 61] Ek_low = 86.5735 GeV/n
  [bin 62] Ek_low = 95.073 GeV/n
  [bin 63] Ek_low = 104.573 GeV/n
  [bin 64] Ek_low = 115.572 GeV/n
  [bin 65] Ek_low = 128.572 GeV/n
  [bin 66] Ek_low = 144.571 GeV/n
  [bin 67] Ek_low = 164.071 GeV/n
  [bin 68] Ek_low = 188.571 GeV/n
  [bin 69] Ek_low = 219.57 GeV/n
  [bin 70] Ek_low = 261.57 GeV/n
  [bin 71] Ek_low = 329.07 GeV/n
  [bin 72] Ek_low = 439.069 GeV/n
  [bin 73] Ek_low = 649.069 GeV/n

--- Processing Detector: NaF ---
  [bin 1] Ek_low = 0.0822516 GeV/n
  [bin 2] Ek_low = 0.12571 GeV/n
  [bin 3] Ek_low = 0.165811 GeV/n
  [bin 4] Ek_low = 0.213016 GeV/n
  [bin 5] Ek_low = 0.267548 GeV/n
  [bin 6] Ek_low = 0.332904 GeV/n
  [bin 7] Ek_low = 0.406144 GeV/n
  [bin 8] Ek_low = 0.490934 GeV/n
  [bin 9] Ek_low = 0.587609 GeV/n
  [bin 10] Ek_low = 0.696357 GeV/n
  [bin 11] Ek_low = 0.821474 GeV/n
  [bin 12] Ek_low = 0.958928 GeV/n
    Processing energy bin 12 (Ek=1.03598 GeV/n)
        -> Attempting fit with fixed range [3.7, 6.3]...
[#1] INFO:Eval -- RooRealVar::setRange(charge) new range named 'fit_range' created with bounds [3.7,6.3]
[#1] INFO:Minimization -- p.d.f. provides expected number of events, including extended term in likelihood.
[#1] INFO:Eval -- RooRealVar::setRange(charge) new range named 'fit_nll_total_pdf_data_hist' created with bounds [3.7,6.3]
[#1] INFO:Fitting -- RooAbsPdf::fitTo(total_pdf) fixing normalization set for coefficient determination to observables in data
[#1] INFO:Fitting -- RooAddition::defaultErrorLevel(nll_total_pdf_data_hist) Summation contains a RooNLLVar, using its error level
[#1] INFO:Minimization -- RooAbsMinimizerFcn::setOptimizeConst: activating const optimization
Minuit2Minimizer: Minimize with max-calls 1000 convergence for edm < 1 strategy 2
Number of iterations 6
----------> Iteration 0
            FVAL = 103235.467297 Edm = 39022.9194606 Nfcn = 19
            Error matrix change = 0
            Parameters :  p0 = 0.0718125 p1 = 0.237735
----------> Iteration 1
            FVAL = 58475.1179172 Edm = 426.296796566 Nfcn = 25
            Error matrix change = 0.0326622
            Parameters :  p0 = 0.217275 p1 = 0.598205
----------> Iteration 2
            FVAL = 58188.8608585 Edm = 52.9569847605 Nfcn = 35
            Error matrix change = 0.187939
            Parameters :  p0 = 0.222829 p1 = 0.62562
----------> Iteration 3
            FVAL = 58084.4101762 Edm = 0.0497970989073 Nfcn = 41
            Error matrix change = 0.322167
            Parameters :  p0 = 0.200851 p1 = 0.64782
----------> Iteration 4
            FVAL = 58084.3581393 Edm = 5.54359307025e-05 Nfcn = 47
            Error matrix change = 0.171315
            Parameters :  p0 = 0.200983 p1 = 0.647296
----------> Iteration 5
            FVAL = 58084.3581393 Edm = 5.39406915489e-05 Nfcn = 57
            Error matrix change = 0
            Parameters :  p0 = 0.200983 p1 = 0.647296
Minuit2Minimizer : Valid minimum - status = 0
FVAL  = 58084.358139321077
Edm   = 5.3940691548939365e-05
Nfcn  = 57
frac_Beryllium	  = 0.200983	 +/-  0.0015055	(limited)
frac_Boron	  = 0.647296	 +/-  0.00182738	(limited)
Minuit2Minimizer::Hesse  - State returned from Hesse 

  Valid         : yes
  Function calls: 67
  Minimum value : 58084.35814
  Edm           : 5.382525253e-05
  Parameters    : 
  Pos |    Name    |  type   |      Value       |    Error +/-
    0 | frac_Beryllium | limited |     0.2009827583 | 0.0015028304
    1 | frac_Boron | limited |     0.6472960927 | 0.001824143073
  CovarianceStatus: 3
  Covariance and correlation matrix: 
  2.25851e-06 -1.86595e-06 |             1    -0.680658
 -1.86595e-06  3.32751e-06 |     -0.680658            1
  Global correlation coefficients: 
     0.680658
     0.680658
[#1] INFO:Minimization -- RooAbsMinimizerFcn::setOptimizeConst: deactivating const optimization
        -> Fit Successful!
xmin max: 3.7 6.3
Total chi2/ndf: 2.16465
  [bin 13] Ek_low = 1.11303 GeV/n
    Processing energy bin 13 (Ek=1.19844 GeV/n)
        -> Attempting fit with fixed range [3.7, 6.3]...
[#1] INFO:Eval -- RooRealVar::setRange(charge) new range named 'fit_range' created with bounds [3.7,6.3]
[#1] INFO:Minimization -- p.d.f. provides expected number of events, including extended term in likelihood.
[#1] INFO:Eval -- RooRealVar::setRange(charge) new range named 'fit_nll_total_pdf_data_hist' created with bounds [3.7,6.3]
[#1] INFO:Fitting -- RooAbsPdf::fitTo(total_pdf) fixing normalization set for coefficient determination to observables in data
[#1] INFO:Fitting -- RooAddition::defaultErrorLevel(nll_total_pdf_data_hist) Summation contains a RooNLLVar, using its error level
[#1] INFO:Minimization -- RooAbsMinimizerFcn::setOptimizeConst: activating const optimization
Minuit2Minimizer: Minimize with max-calls 1000 convergence for edm < 1 strategy 2
Number of iterations 6
----------> Iteration 0
            FVAL = 111478.627112 Edm = 41885.0801899 Nfcn = 19
            Error matrix change = 0
            Parameters :  p0 = 0.0673936 p1 = 0.238798
----------> Iteration 1
            FVAL = 63106.9684163 Edm = 614.033224928 Nfcn = 25
            Error matrix change = 0.0417131
            Parameters :  p0 = 0.207777 p1 = 0.599198
----------> Iteration 2
            FVAL = 62706.1021709 Edm = 29.1698311512 Nfcn = 35
            Error matrix change = 0.203129
            Parameters :  p0 = 0.217223 p1 = 0.627547
----------> Iteration 3
            FVAL = 62642.2350935 Edm = 1.48185055973 Nfcn = 41
            Error matrix change = 0.346033
            Parameters :  p0 = 0.202388 p1 = 0.646554
----------> Iteration 4
            FVAL = 62640.9354083 Edm = 0.000229369699399 Nfcn = 47
            Error matrix change = 0.184231
            Parameters :  p0 = 0.201342 p1 = 0.64556
----------> Iteration 5
            FVAL = 62640.9354083 Edm = 0.000228070685799 Nfcn = 57
            Error matrix change = 0
            Parameters :  p0 = 0.201342 p1 = 0.64556
Minuit2Minimizer : Valid minimum - status = 0
FVAL  = 62640.9354082804712
Edm   = 0.000228070685798564018
Nfcn  = 57
frac_Beryllium	  = 0.201342	 +/-  0.0014531	(limited)
frac_Boron	  = 0.64556	 +/-  0.00176364	(limited)
Minuit2Minimizer::Hesse  - State returned from Hesse 

  Valid         : yes
  Function calls: 67
  Minimum value : 62640.93541
  Edm           : 0.0002271531948
  Parameters    : 
  Pos |    Name    |  type   |      Value       |    Error +/-
    0 | frac_Beryllium | limited |     0.2013423922 | 0.001450585287
    1 | frac_Boron | limited |     0.6455599016 | 0.001760591069
  CovarianceStatus: 3
  Covariance and correlation matrix: 
  2.10421e-06 -1.73075e-06 |             1    -0.677688
 -1.73075e-06  3.09969e-06 |     -0.677688            1
  Global correlation coefficients: 
     0.677688
     0.677688
[#1] INFO:Minimization -- RooAbsMinimizerFcn::setOptimizeConst: deactivating const optimization
        -> Fit Successful!
xmin max: 3.7 6.3
Total chi2/ndf: 1.97123
  [bin 14] Ek_low = 1.28385 GeV/n
    Processing energy bin 14 (Ek=1.37763 GeV/n)
        -> Attempting fit with fixed range [3.7, 6.3]...
[#1] INFO:Eval -- RooRealVar::setRange(charge) new range named 'fit_range' created with bounds [3.7,6.3]
[#1] INFO:Minimization -- p.d.f. provides expected number of events, including extended term in likelihood.
[#1] INFO:Eval -- RooRealVar::setRange(charge) new range named 'fit_nll_total_pdf_data_hist' created with bounds [3.7,6.3]
[#1] INFO:Fitting -- RooAbsPdf::fitTo(total_pdf) fixing normalization set for coefficient determination to observables in data
[#1] INFO:Fitting -- RooAddition::defaultErrorLevel(nll_total_pdf_data_hist) Summation contains a RooNLLVar, using its error level
[#1] INFO:Minimization -- RooAbsMinimizerFcn::setOptimizeConst: activating const optimization
Minuit2Minimizer: Minimize with max-calls 1000 convergence for edm < 1 strategy 2
Number of iterations 6
----------> Iteration 0
            FVAL = 113392.830848 Edm = 42786.0883506 Nfcn = 19
            Error matrix change = 0
            Parameters :  p0 = 0.071255 p1 = 0.235897
----------> Iteration 1
            FVAL = 64160.5574753 Edm = 507.300082473 Nfcn = 25
            Error matrix change = 0.0366343
            Parameters :  p0 = 0.217554 p1 = 0.595009
----------> Iteration 2
            FVAL = 63838.5756917 Edm = 32.734549098 Nfcn = 35
            Error matrix change = 0.202723
            Parameters :  p0 = 0.225255 p1 = 0.620605
----------> Iteration 3
            FVAL = 63767.3070606 Edm = 0.77933297323 Nfcn = 41
            Error matrix change = 0.342923
            Parameters :  p0 = 0.208834 p1 = 0.639934
----------> Iteration 4
            FVAL = 63766.6177471 Edm = 0.000151277873032 Nfcn = 47
            Error matrix change = 0.181434
            Parameters :  p0 = 0.208259 p1 = 0.639001
----------> Iteration 5
            FVAL = 63766.6177471 Edm = 0.000150385370393 Nfcn = 57
            Error matrix change = 0
            Parameters :  p0 = 0.208259 p1 = 0.639001
Minuit2Minimizer : Valid minimum - status = 0
FVAL  = 63766.6177470597686
Edm   = 0.00015038537039348287
Nfcn  = 57
frac_Beryllium	  = 0.208259	 +/-  0.00145641	(limited)
frac_Boron	  = 0.639001	 +/-  0.00175229	(limited)
Minuit2Minimizer::Hesse  - State returned from Hesse 

  Valid         : yes
  Function calls: 67
  Minimum value : 63766.61775
  Edm           : 0.0001497175506
  Parameters    : 
  Pos |    Name    |  type   |      Value       |    Error +/-
    0 | frac_Beryllium | limited |     0.2082589964 | 0.001453783751
    1 | frac_Boron | limited |      0.639001372 | 0.001749130446
  CovarianceStatus: 3
  Covariance and correlation matrix: 
   2.1135e-06 -1.73766e-06 |             1    -0.683348
 -1.73766e-06  3.05947e-06 |     -0.683348            1
  Global correlation coefficients: 
     0.683348
     0.683348
[#1] INFO:Minimization -- RooAbsMinimizerFcn::setOptimizeConst: deactivating const optimization
        -> Fit Successful!
xmin max: 3.7 6.3
Total chi2/ndf: 1.79575
  [bin 15] Ek_low = 1.4714 GeV/n
    Processing energy bin 15 (Ek=1.57583 GeV/n)
        -> Attempting fit with fixed range [3.7, 6.3]...
[#1] INFO:Eval -- RooRealVar::setRange(charge) new range named 'fit_range' created with bounds [3.7,6.3]
[#1] INFO:Minimization -- p.d.f. provides expected number of events, including extended term in likelihood.
[#1] INFO:Eval -- RooRealVar::setRange(charge) new range named 'fit_nll_total_pdf_data_hist' created with bounds [3.7,6.3]
[#1] INFO:Fitting -- RooAbsPdf::fitTo(total_pdf) fixing normalization set for coefficient determination to observables in data
[#1] INFO:Fitting -- RooAddition::defaultErrorLevel(nll_total_pdf_data_hist) Summation contains a RooNLLVar, using its error level
[#1] INFO:Minimization -- RooAbsMinimizerFcn::setOptimizeConst: activating const optimization
Minuit2Minimizer: Minimize with max-calls 1000 convergence for edm < 1 strategy 2
Number of iterations 6
----------> Iteration 0
            FVAL = 110313.742579 Edm = 41453.8982276 Nfcn = 19
            Error matrix change = 0
            Parameters :  p0 = 0.0762802 p1 = 0.233639
----------> Iteration 1
            FVAL = 62841.3234879 Edm = 384.897356131 Nfcn = 25
            Error matrix change = 0.0305981
            Parameters :  p0 = 0.229162 p1 = 0.589347
----------> Iteration 2
            FVAL = 62589.4382741 Edm = 50.9656788714 Nfcn = 35
            Error matrix change = 0.190918
            Parameters :  p0 = 0.234121 p1 = 0.614202
----------> Iteration 3
            FVAL = 62489.1285328 Edm = 0.0471783665258 Nfcn = 41
            Error matrix change = 0.325229
            Parameters :  p0 = 0.212885 p1 = 0.635373
----------> Iteration 4
            FVAL = 62489.079983 Edm = 3.88829048205e-05 Nfcn = 47
            Error matrix change = 0.171511
            Parameters :  p0 = 0.212996 p1 = 0.634891
----------> Iteration 5
            FVAL = 62489.079983 Edm = 3.81049028196e-05 Nfcn = 57
            Error matrix change = 0
            Parameters :  p0 = 0.212996 p1 = 0.634891
Minuit2Minimizer : Valid minimum - status = 0
FVAL  = 62489.0799829810276
Edm   = 3.81049028195816399e-05
Nfcn  = 57
frac_Beryllium	  = 0.212996	 +/-  0.00148767	(limited)
frac_Boron	  = 0.634891	 +/-  0.00178199	(limited)
Minuit2Minimizer::Hesse  - State returned from Hesse 

  Valid         : yes
  Function calls: 67
  Minimum value : 62489.07998
  Edm           : 3.801251345e-05
  Parameters    : 
  Pos |    Name    |  type   |      Value       |    Error +/-
    0 | frac_Beryllium | limited |     0.2129960194 | 0.001484909357
    1 | frac_Boron | limited |     0.6348912832 | 0.00177868065
  CovarianceStatus: 3
  Covariance and correlation matrix: 
  2.20497e-06   -1.813e-06 |             1    -0.686431
   -1.813e-06  3.16372e-06 |     -0.686431            1
  Global correlation coefficients: 
     0.686431
     0.686431
[#1] INFO:Minimization -- RooAbsMinimizerFcn::setOptimizeConst: deactivating const optimization
        -> Fit Successful!
xmin max: 3.7 6.3
Total chi2/ndf: 1.55252
  [bin 16] Ek_low = 1.68026 GeV/n
    Processing energy bin 16 (Ek=1.79538 GeV/n)
        -> Attempting fit with fixed range [3.7, 6.3]...
[#1] INFO:Eval -- RooRealVar::setRange(charge) new range named 'fit_range' created with bounds [3.7,6.3]
[#1] INFO:Minimization -- p.d.f. provides expected number of events, including extended term in likelihood.
[#1] INFO:Eval -- RooRealVar::setRange(charge) new range named 'fit_nll_total_pdf_data_hist' created with bounds [3.7,6.3]
[#1] INFO:Fitting -- RooAbsPdf::fitTo(total_pdf) fixing normalization set for coefficient determination to observables in data
[#1] INFO:Fitting -- RooAddition::defaultErrorLevel(nll_total_pdf_data_hist) Summation contains a RooNLLVar, using its error level
[#1] INFO:Minimization -- RooAbsMinimizerFcn::setOptimizeConst: activating const optimization
Minuit2Minimizer: Minimize with max-calls 1000 convergence for edm < 1 strategy 2
Number of iterations 6
----------> Iteration 0
            FVAL = 107935.972098 Edm = 40745.7193598 Nfcn = 19
            Error matrix change = 0
            Parameters :  p0 = 0.0768794 p1 = 0.229823
----------> Iteration 1
            FVAL = 61068.6817167 Edm = 445.318330545 Nfcn = 25
            Error matrix change = 0.0338813
            Parameters :  p0 = 0.232144 p1 = 0.583635
----------> Iteration 2
            FVAL = 60786.0296981 Edm = 40.109706717 Nfcn = 35
            Error matrix change = 0.198973
            Parameters :  p0 = 0.238891 p1 = 0.608827
----------> Iteration 3
            FVAL = 60700.9178274 Edm = 0.416461603363 Nfcn = 41
            Error matrix change = 0.337982
            Parameters :  p0 = 0.219468 p1 = 0.630139
----------> Iteration 4
            FVAL = 60700.545242 Edm = 0.000120587358854 Nfcn = 47
            Error matrix change = 0.177773
            Parameters :  p0 = 0.219183 p1 = 0.629273
----------> Iteration 5
            FVAL = 60700.545242 Edm = 0.000119680211097 Nfcn = 57
            Error matrix change = 0
            Parameters :  p0 = 0.219183 p1 = 0.629273
Minuit2Minimizer : Valid minimum - status = 0
FVAL  = 60700.5452419811263
Edm   = 0.000119680211097469765
Nfcn  = 57
frac_Beryllium	  = 0.219183	 +/-  0.00152941	(limited)
frac_Boron	  = 0.629273	 +/-  0.00181838	(limited)
Minuit2Minimizer::Hesse  - State returned from Hesse 

  Valid         : yes
  Function calls: 67
  Minimum value : 60700.54524
  Edm           : 0.0001191305416
  Parameters    : 
  Pos |    Name    |  type   |      Value       |    Error +/-
    0 | frac_Beryllium | limited |     0.2191830114 | 0.001526496771
    1 | frac_Boron | limited |      0.629273386 | 0.0018149105
  CovarianceStatus: 3
  Covariance and correlation matrix: 
   2.3302e-06 -1.91716e-06 |             1    -0.691997
 -1.91716e-06  3.29392e-06 |     -0.691997            1
  Global correlation coefficients: 
     0.691997
     0.691997
[#1] INFO:Minimization -- RooAbsMinimizerFcn::setOptimizeConst: deactivating const optimization
        -> Fit Successful!
xmin max: 3.7 6.3
Total chi2/ndf: 1.282
  [bin 17] Ek_low = 1.91049 GeV/n
    Processing energy bin 17 (Ek=2.03628 GeV/n)
        -> Attempting fit with fixed range [3.7, 6.3]...
[#1] INFO:Eval -- RooRealVar::setRange(charge) new range named 'fit_range' created with bounds [3.7,6.3]
[#1] INFO:Minimization -- p.d.f. provides expected number of events, including extended term in likelihood.
[#1] INFO:Eval -- RooRealVar::setRange(charge) new range named 'fit_nll_total_pdf_data_hist' created with bounds [3.7,6.3]
[#1] INFO:Fitting -- RooAbsPdf::fitTo(total_pdf) fixing normalization set for coefficient determination to observables in data
[#1] INFO:Fitting -- RooAddition::defaultErrorLevel(nll_total_pdf_data_hist) Summation contains a RooNLLVar, using its error level
[#1] INFO:Minimization -- RooAbsMinimizerFcn::setOptimizeConst: activating const optimization
Minuit2Minimizer: Minimize with max-calls 1000 convergence for edm < 1 strategy 2
Number of iterations 6
----------> Iteration 0
            FVAL = 107601.372369 Edm = 40387.223447 Nfcn = 19
            Error matrix change = 0
            Parameters :  p0 = 0.0740638 p1 = 0.23009
----------> Iteration 1
            FVAL = 60997.2999947 Edm = 521.41697598 Nfcn = 25
            Error matrix change = 0.038374
            Parameters :  p0 = 0.226085 p1 = 0.586025
----------> Iteration 2
            FVAL = 60667.773837 Edm = 30.6000500433 Nfcn = 35
            Error matrix change = 0.204837
            Parameters :  p0 = 0.234643 p1 = 0.612287
----------> Iteration 3
            FVAL = 60600.6858768 Edm = 1.22372088625 Nfcn = 41
            Error matrix change = 0.346838
            Parameters :  p0 = 0.218303 p1 = 0.632351
----------> Iteration 4
            FVAL = 60599.6075304 Edm = 0.000194783187027 Nfcn = 47
            Error matrix change = 0.183684
            Parameters :  p0 = 0.217381 p1 = 0.631348
----------> Iteration 5
            FVAL = 60599.6075304 Edm = 0.000193827127277 Nfcn = 57
            Error matrix change = 0
            Parameters :  p0 = 0.217381 p1 = 0.631348
Minuit2Minimizer : Valid minimum - status = 0
FVAL  = 60599.6075303927209
Edm   = 0.000193827127276545815
Nfcn  = 57
frac_Beryllium	  = 0.217381	 +/-  0.00153444	(limited)
frac_Boron	  = 0.631348	 +/-  0.00183063	(limited)
Minuit2Minimizer::Hesse  - State returned from Hesse 

  Valid         : yes
  Function calls: 67
  Minimum value : 60599.60753
  Edm           : 0.0001929690205
  Parameters    : 
  Pos |    Name    |  type   |      Value       |    Error +/-
    0 | frac_Beryllium | limited |     0.2173807139 | 0.001531555315
    1 | frac_Boron | limited |     0.6313484955 | 0.001827187577
  CovarianceStatus: 3
  Covariance and correlation matrix: 
  2.34567e-06 -1.92989e-06 |             1    -0.689629
 -1.92989e-06  3.33863e-06 |     -0.689629            1
  Global correlation coefficients: 
     0.689629
     0.689629
[#1] INFO:Minimization -- RooAbsMinimizerFcn::setOptimizeConst: deactivating const optimization
        -> Fit Successful!
xmin max: 3.7 6.3
Total chi2/ndf: 1.35463
  [bin 18] Ek_low = 2.16207 GeV/n
    Processing energy bin 18 (Ek=2.29851 GeV/n)
        -> Attempting fit with fixed range [3.7, 6.3]...
[#1] INFO:Eval -- RooRealVar::setRange(charge) new range named 'fit_range' created with bounds [3.7,6.3]
[#1] INFO:Minimization -- p.d.f. provides expected number of events, including extended term in likelihood.
[#1] INFO:Eval -- RooRealVar::setRange(charge) new range named 'fit_nll_total_pdf_data_hist' created with bounds [3.7,6.3]
[#1] INFO:Fitting -- RooAbsPdf::fitTo(total_pdf) fixing normalization set for coefficient determination to observables in data
[#1] INFO:Fitting -- RooAddition::defaultErrorLevel(nll_total_pdf_data_hist) Summation contains a RooNLLVar, using its error level
[#1] INFO:Minimization -- RooAbsMinimizerFcn::setOptimizeConst: activating const optimization
Minuit2Minimizer: Minimize with max-calls 1000 convergence for edm < 1 strategy 2
Number of iterations 6
----------> Iteration 0
            FVAL = 105121.892261 Edm = 39461.3096478 Nfcn = 19
            Error matrix change = 0
            Parameters :  p0 = 0.073 p1 = 0.225343
----------> Iteration 1
            FVAL = 59234.0100974 Edm = 706.761743265 Nfcn = 25
            Error matrix change = 0.0472915
            Parameters :  p0 = 0.223276 p1 = 0.57884
----------> Iteration 2
            FVAL = 58772.4221633 Edm = 25.6897494403 Nfcn = 35
            Error matrix change = 0.21108
            Parameters :  p0 = 0.235125 p1 = 0.609033
----------> Iteration 3
            FVAL = 58718.6088294 Edm = 3.77157121623 Nfcn = 41
            Error matrix change = 0.358562
            Parameters :  p0 = 0.222268 p1 = 0.628274
----------> Iteration 4
            FVAL = 58715.1933397 Edm = 0.000316260734596 Nfcn = 47
            Error matrix change = 0.188231
            Parameters :  p0 = 0.219722 p1 = 0.627643
----------> Iteration 5
            FVAL = 58715.1933397 Edm = 0.000314193547636 Nfcn = 57
            Error matrix change = 0
            Parameters :  p0 = 0.219722 p1 = 0.627643
Minuit2Minimizer : Valid minimum - status = 0
FVAL  = 58715.193339685924
Edm   = 0.000314193547636488612
Nfcn  = 57
frac_Beryllium	  = 0.219722	 +/-  0.00156173	(limited)
frac_Boron	  = 0.627643	 +/-  0.00186198	(limited)
Minuit2Minimizer::Hesse  - State returned from Hesse 

  Valid         : yes
  Function calls: 67
  Minimum value : 58715.19334
  Edm           : 0.0003134603307
  Parameters    : 
  Pos |    Name    |  type   |      Value       |    Error +/-
    0 | frac_Beryllium | limited |     0.2197221378 | 0.001558845802
    1 | frac_Boron | limited |     0.6276427664 | 0.001858541814
  CovarianceStatus: 3
  Covariance and correlation matrix: 
  2.43001e-06 -1.99314e-06 |             1    -0.687954
 -1.99314e-06  3.45419e-06 |     -0.687954            1
  Global correlation coefficients: 
     0.687954
     0.687954
[#1] INFO:Minimization -- RooAbsMinimizerFcn::setOptimizeConst: deactivating const optimization
        -> Fit Successful!
xmin max: 3.7 6.3
Total chi2/ndf: 0.982498
  [bin 19] Ek_low = 2.43494 GeV/n
    Processing energy bin 19 (Ek=2.58439 GeV/n)
        -> Attempting fit with fixed range [3.7, 6.3]...
[#1] INFO:Eval -- RooRealVar::setRange(charge) new range named 'fit_range' created with bounds [3.7,6.3]
[#1] INFO:Minimization -- p.d.f. provides expected number of events, including extended term in likelihood.
[#1] INFO:Eval -- RooRealVar::setRange(charge) new range named 'fit_nll_total_pdf_data_hist' created with bounds [3.7,6.3]
[#1] INFO:Fitting -- RooAbsPdf::fitTo(total_pdf) fixing normalization set for coefficient determination to observables in data
[#1] INFO:Fitting -- RooAddition::defaultErrorLevel(nll_total_pdf_data_hist) Summation contains a RooNLLVar, using its error level
[#1] INFO:Minimization -- RooAbsMinimizerFcn::setOptimizeConst: activating const optimization
Minuit2Minimizer: Minimize with max-calls 1000 convergence for edm < 1 strategy 2
Number of iterations 6
----------> Iteration 0
            FVAL = 102646.663466 Edm = 38620.1582782 Nfcn = 19
            Error matrix change = 0
            Parameters :  p0 = 0.0736005 p1 = 0.220138
----------> Iteration 1
            FVAL = 57596.7634193 Edm = 776.697713263 Nfcn = 25
            Error matrix change = 0.0497156
            Parameters :  p0 = 0.225863 p1 = 0.572464
----------> Iteration 2
            FVAL = 57074.7884955 Edm = 34.6110599129 Nfcn = 35
            Error matrix change = 0.20901
            Parameters :  p0 = 0.238347 p1 = 0.605645
----------> Iteration 3
            FVAL = 57000.5338657 Edm = 4.4250756439 Nfcn = 41
            Error matrix change = 0.356126
            Parameters :  p0 = 0.222397 p1 = 0.628556
----------> Iteration 4
            FVAL = 56996.6436577 Edm = 0.000575679934527 Nfcn = 47
            Error matrix change = 0.189371
            Parameters :  p0 = 0.219794 p1 = 0.627636
----------> Iteration 5
            FVAL = 56996.6436577 Edm = 0.00057225680667 Nfcn = 57
            Error matrix change = 0
            Parameters :  p0 = 0.219794 p1 = 0.627636
Minuit2Minimizer : Valid minimum - status = 0
FVAL  = 56996.6436577361528
Edm   = 0.000572256806669949524
Nfcn  = 57
frac_Beryllium	  = 0.219794	 +/-  0.00158822	(limited)
frac_Boron	  = 0.627636	 +/-  0.00189687	(limited)
Minuit2Minimizer::Hesse  - State returned from Hesse 

  Valid         : yes
  Function calls: 67
  Minimum value : 56996.64366
  Edm           : 0.0005705813769
  Parameters    : 
  Pos |    Name    |  type   |      Value       |    Error +/-
    0 | frac_Beryllium | limited |     0.2197936245 | 0.001585296973
    1 | frac_Boron | limited |     0.6276363965 | 0.001893374348
  CovarianceStatus: 3
  Covariance and correlation matrix: 
  2.51318e-06 -2.06519e-06 |             1    -0.688035
 -2.06519e-06  3.58488e-06 |     -0.688035            1
  Global correlation coefficients: 
     0.688035
     0.688035
[#1] INFO:Minimization -- RooAbsMinimizerFcn::setOptimizeConst: deactivating const optimization
        -> Fit Successful!
xmin max: 3.7 6.3
Total chi2/ndf: 1.06012
  [bin 20] Ek_low = 2.73384 GeV/n
    Processing energy bin 20 (Ek=2.89629 GeV/n)
        -> Attempting fit with fixed range [3.7, 6.3]...
[#1] INFO:Eval -- RooRealVar::setRange(charge) new range named 'fit_range' created with bounds [3.7,6.3]
[#1] INFO:Minimization -- p.d.f. provides expected number of events, including extended term in likelihood.
[#1] INFO:Eval -- RooRealVar::setRange(charge) new range named 'fit_nll_total_pdf_data_hist' created with bounds [3.7,6.3]
[#1] INFO:Fitting -- RooAbsPdf::fitTo(total_pdf) fixing normalization set for coefficient determination to observables in data
[#1] INFO:Fitting -- RooAddition::defaultErrorLevel(nll_total_pdf_data_hist) Summation contains a RooNLLVar, using its error level
[#1] INFO:Minimization -- RooAbsMinimizerFcn::setOptimizeConst: activating const optimization
Minuit2Minimizer: Minimize with max-calls 1000 convergence for edm < 1 strategy 2
Number of iterations 6
----------> Iteration 0
            FVAL = 97646.0914059 Edm = 36533.0973833 Nfcn = 19
            Error matrix change = 0
            Parameters :  p0 = 0.0764814 p1 = 0.214972
----------> Iteration 1
            FVAL = 55193.0233145 Edm = 657.634406619 Nfcn = 25
            Error matrix change = 0.0460606
            Parameters :  p0 = 0.231968 p1 = 0.565218
----------> Iteration 2
            FVAL = 54748.6630738 Edm = 38.9341802638 Nfcn = 35
            Error matrix change = 0.204442
            Parameters :  p0 = 0.243084 p1 = 0.597889
----------> Iteration 3
            FVAL = 54662.3492364 Edm = 2.04216173736 Nfcn = 41
            Error matrix change = 0.34885
            Parameters :  p0 = 0.223582 p1 = 0.62236
----------> Iteration 4
            FVAL = 54660.5929746 Edm = 0.000463412328821 Nfcn = 47
            Error matrix change = 0.187206
            Parameters :  p0 = 0.222225 p1 = 0.621098
----------> Iteration 5
            FVAL = 54660.5929746 Edm = 0.000460849528884 Nfcn = 57
            Error matrix change = 0
            Parameters :  p0 = 0.222225 p1 = 0.621098
Minuit2Minimizer : Valid minimum - status = 0
FVAL  = 54660.5929745972244
Edm   = 0.000460849528883893324
Nfcn  = 57
frac_Beryllium	  = 0.222225	 +/-  0.00163504	(limited)
frac_Boron	  = 0.621098	 +/-  0.00194981	(limited)
Minuit2Minimizer::Hesse  - State returned from Hesse 

  Valid         : yes
  Function calls: 67
  Minimum value : 54660.59297
  Edm           : 0.0004589495446
  Parameters    : 
  Pos |    Name    |  type   |      Value       |    Error +/-
    0 | frac_Beryllium | limited |     0.2222247497 | 0.001632127017
    1 | frac_Boron | limited |     0.6210984843 | 0.001946338609
  CovarianceStatus: 3
  Covariance and correlation matrix: 
  2.66385e-06 -2.16991e-06 |             1    -0.683074
 -2.16991e-06  3.78825e-06 |     -0.683074            1
  Global correlation coefficients: 
     0.683074
     0.683074
[#1] INFO:Minimization -- RooAbsMinimizerFcn::setOptimizeConst: deactivating const optimization
        -> Fit Successful!
xmin max: 3.7 6.3
Total chi2/ndf: 1.08537
  [bin 21] Ek_low = 3.05875 GeV/n
    Processing energy bin 21 (Ek=3.23418 GeV/n)
        -> Attempting fit with fixed range [3.7, 6.3]...
[#1] INFO:Eval -- RooRealVar::setRange(charge) new range named 'fit_range' created with bounds [3.7,6.3]
[#1] INFO:Minimization -- p.d.f. provides expected number of events, including extended term in likelihood.
[#1] INFO:Eval -- RooRealVar::setRange(charge) new range named 'fit_nll_total_pdf_data_hist' created with bounds [3.7,6.3]
[#1] INFO:Fitting -- RooAbsPdf::fitTo(total_pdf) fixing normalization set for coefficient determination to observables in data
[#1] INFO:Fitting -- RooAddition::defaultErrorLevel(nll_total_pdf_data_hist) Summation contains a RooNLLVar, using its error level
[#1] INFO:Minimization -- RooAbsMinimizerFcn::setOptimizeConst: activating const optimization
Minuit2Minimizer: Minimize with max-calls 1000 convergence for edm < 1 strategy 2
Number of iterations 7
----------> Iteration 0
            FVAL = 89535.8769798 Edm = 33788.5814869 Nfcn = 19
            Error matrix change = 0
            Parameters :  p0 = 0.078486 p1 = 0.213241
----------> Iteration 1
            FVAL = 50083.8887384 Edm = 688.896451563 Nfcn = 25
            Error matrix change = 0.0484298
            Parameters :  p0 = 0.236469 p1 = 0.563161
----------> Iteration 2
            FVAL = 49611.6299404 Edm = 51.5087486532 Nfcn = 35
            Error matrix change = 0.207278
            Parameters :  p0 = 0.247727 p1 = 0.59841
----------> Iteration 3
            FVAL = 49497.2237077 Edm = 2.7657116653 Nfcn = 41
            Error matrix change = 0.349529
            Parameters :  p0 = 0.223988 p1 = 0.62788
----------> Iteration 4
            FVAL = 49494.8824948 Edm = 0.000918216200718 Nfcn = 47
            Error matrix change = 0.188418
            Parameters :  p0 = 0.222403 p1 = 0.626339
----------> Iteration 5
            FVAL = 49494.8815877 Edm = 1.8697302766e-07 Nfcn = 52
            Error matrix change = 0.10115
            Parameters :  p0 = 0.222462 p1 = 0.626253
----------> Iteration 6
            FVAL = 49494.8815877 Edm = 1.82337205746e-07 Nfcn = 66
            Error matrix change = 0
            Parameters :  p0 = 0.222462 p1 = 0.626253
Minuit2Minimizer : Valid minimum - status = 0
FVAL  = 49494.8815876850858
Edm   = 1.82337205746101907e-07
Nfcn  = 66
frac_Beryllium	  = 0.222462	 +/-  0.00170954	(limited)
frac_Boron	  = 0.626253	 +/-  0.00203501	(limited)
Minuit2Minimizer::Hesse  - State returned from Hesse 

  Valid         : yes
  Function calls: 76
  Minimum value : 49494.88159
  Edm           : 1.813542926e-07
  Parameters    : 
  Pos |    Name    |  type   |      Value       |    Error +/-
    0 | frac_Beryllium | limited |      0.222462414 | 0.001705636886
    1 | frac_Boron | limited |     0.6262532839 | 0.002030361566
  CovarianceStatus: 3
  Covariance and correlation matrix: 
  2.90921e-06 -2.38898e-06 |             1    -0.689844
 -2.38898e-06  4.12239e-06 |     -0.689844            1
  Global correlation coefficients: 
     0.689844
     0.689844
[#1] INFO:Minimization -- RooAbsMinimizerFcn::setOptimizeConst: deactivating const optimization
        -> Fit Successful!
xmin max: 3.7 6.3
Total chi2/ndf: 0.836237
  [bin 22] Ek_low = 3.40962 GeV/n
    Processing energy bin 22 (Ek=3.60045 GeV/n)
        -> Attempting fit with fixed range [3.7, 6.3]...
[#1] INFO:Eval -- RooRealVar::setRange(charge) new range named 'fit_range' created with bounds [3.7,6.3]
[#1] INFO:Minimization -- p.d.f. provides expected number of events, including extended term in likelihood.
[#1] INFO:Eval -- RooRealVar::setRange(charge) new range named 'fit_nll_total_pdf_data_hist' created with bounds [3.7,6.3]
[#1] INFO:Fitting -- RooAbsPdf::fitTo(total_pdf) fixing normalization set for coefficient determination to observables in data
[#1] INFO:Fitting -- RooAddition::defaultErrorLevel(nll_total_pdf_data_hist) Summation contains a RooNLLVar, using its error level
[#1] INFO:Minimization -- RooAbsMinimizerFcn::setOptimizeConst: activating const optimization
Minuit2Minimizer: Minimize with max-calls 1000 convergence for edm < 1 strategy 2
Number of iterations 6
----------> Iteration 0
            FVAL = 80760.8284717 Edm = 30339.5257506 Nfcn = 19
            Error matrix change = 0
            Parameters :  p0 = 0.0798071 p1 = 0.207814
----------> Iteration 1
            FVAL = 44881.5579831 Edm = 152.688126668 Nfcn = 26
            Error matrix change = 0.0380359
            Parameters :  p0 = 0.252264 p1 = 0.574374
----------> Iteration 2
            FVAL = 44752.944673 Edm = 66.7250627589 Nfcn = 34
            Error matrix change = 0.172711
            Parameters :  p0 = 0.251706 p1 = 0.600194
----------> Iteration 3
            FVAL = 44658.9617721 Edm = 0.163070380655 Nfcn = 40
            Error matrix change = 0.286457
            Parameters :  p0 = 0.226101 p1 = 0.619702
----------> Iteration 4
            FVAL = 44658.7975147 Edm = 3.40145271516e-05 Nfcn = 45
            Error matrix change = 0.147347
            Parameters :  p0 = 0.226211 p1 = 0.620502
----------> Iteration 5
            FVAL = 44658.7975147 Edm = 3.40777104551e-05 Nfcn = 55
            Error matrix change = 0
            Parameters :  p0 = 0.226211 p1 = 0.620502
Minuit2Minimizer : Valid minimum - status = 0
FVAL  = 44658.7975146878016
Edm   = 3.40777104551388509e-05
Nfcn  = 55
frac_Beryllium	  = 0.226211	 +/-  0.001818	(limited)
frac_Boron	  = 0.620502	 +/-  0.00216437	(limited)
Minuit2Minimizer::Hesse  - State returned from Hesse 

  Valid         : yes
  Function calls: 65
  Minimum value : 44658.79751
  Edm           : 3.400250806e-05
  Parameters    : 
  Pos |    Name    |  type   |      Value       |    Error +/-
    0 | frac_Beryllium | limited |     0.2262113521 | 0.001814612051
    1 | frac_Boron | limited |     0.6205021308 | 0.002160328666
  CovarianceStatus: 3
  Covariance and correlation matrix: 
  3.29284e-06 -2.69579e-06 |             1     -0.68767
 -2.69579e-06  4.66705e-06 |      -0.68767            1
  Global correlation coefficients: 
      0.68767
      0.68767
[#1] INFO:Minimization -- RooAbsMinimizerFcn::setOptimizeConst: deactivating const optimization
        -> Fit Successful!
xmin max: 3.7 6.3
Total chi2/ndf: 0.940528
  [bin 23] Ek_low = 3.79127 GeV/n
    Processing energy bin 23 (Ek=3.99748 GeV/n)
        -> Attempting fit with fixed range [3.7, 6.3]...
[#1] INFO:Eval -- RooRealVar::setRange(charge) new range named 'fit_range' created with bounds [3.7,6.3]
[#1] INFO:Minimization -- p.d.f. provides expected number of events, including extended term in likelihood.
[#1] INFO:Eval -- RooRealVar::setRange(charge) new range named 'fit_nll_total_pdf_data_hist' created with bounds [3.7,6.3]
[#1] INFO:Fitting -- RooAbsPdf::fitTo(total_pdf) fixing normalization set for coefficient determination to observables in data
[#1] INFO:Fitting -- RooAddition::defaultErrorLevel(nll_total_pdf_data_hist) Summation contains a RooNLLVar, using its error level
[#1] INFO:Minimization -- RooAbsMinimizerFcn::setOptimizeConst: activating const optimization
Minuit2Minimizer: Minimize with max-calls 1000 convergence for edm < 1 strategy 2
Number of iterations 6
----------> Iteration 0
            FVAL = 72190.9373424 Edm = 27179.04599 Nfcn = 19
            Error matrix change = 0
            Parameters :  p0 = 0.077268 p1 = 0.206135
----------> Iteration 1
            FVAL = 39789.7112731 Edm = 99.3953068185 Nfcn = 26
            Error matrix change = 0.0386764
            Parameters :  p0 = 0.24942 p1 = 0.579681
----------> Iteration 2
            FVAL = 39695.1788794 Edm = 58.9889671683 Nfcn = 32
            Error matrix change = 0.180848
            Parameters :  p0 = 0.246665 p1 = 0.604817
----------> Iteration 3
            FVAL = 39623.7071909 Edm = 0.116911727139 Nfcn = 38
            Error matrix change = 0.268522
            Parameters :  p0 = 0.223453 p1 = 0.620779
----------> Iteration 4
            FVAL = 39623.5883483 Edm = 9.48264476851e-05 Nfcn = 43
            Error matrix change = 0.139829
            Parameters :  p0 = 0.223375 p1 = 0.621635
----------> Iteration 5
            FVAL = 39623.5883483 Edm = 9.7347242113e-05 Nfcn = 53
            Error matrix change = 0
            Parameters :  p0 = 0.223375 p1 = 0.621635
Minuit2Minimizer : Valid minimum - status = 0
FVAL  = 39623.5883483051148
Edm   = 9.73472421129834313e-05
Nfcn  = 53
frac_Beryllium	  = 0.223375	 +/-  0.00191858	(limited)
frac_Boron	  = 0.621635	 +/-  0.00228646	(limited)
Minuit2Minimizer::Hesse  - State returned from Hesse 

  Valid         : yes
  Function calls: 63
  Minimum value : 39623.58835
  Edm           : 9.738698176e-05
  Parameters    : 
  Pos |    Name    |  type   |      Value       |    Error +/-
    0 | frac_Beryllium | limited |     0.2233745922 | 0.001915056382
    1 | frac_Boron | limited |     0.6216351785 | 0.002282261186
  CovarianceStatus: 3
  Covariance and correlation matrix: 
  3.66747e-06 -2.99682e-06 |             1    -0.685664
 -2.99682e-06  5.20875e-06 |     -0.685664            1
  Global correlation coefficients: 
     0.685664
     0.685664
[#1] INFO:Minimization -- RooAbsMinimizerFcn::setOptimizeConst: deactivating const optimization
        -> Fit Successful!
xmin max: 3.7 6.3
Total chi2/ndf: 1.05406
  [bin 24] Ek_low = 4.20369 GeV/n
    Processing energy bin 24 (Ek=4.42526 GeV/n)
        -> Attempting fit with fixed range [3.7, 6.3]...
[#1] INFO:Eval -- RooRealVar::setRange(charge) new range named 'fit_range' created with bounds [3.7,6.3]
[#1] INFO:Minimization -- p.d.f. provides expected number of events, including extended term in likelihood.
[#1] INFO:Eval -- RooRealVar::setRange(charge) new range named 'fit_nll_total_pdf_data_hist' created with bounds [3.7,6.3]
[#1] INFO:Fitting -- RooAbsPdf::fitTo(total_pdf) fixing normalization set for coefficient determination to observables in data
[#1] INFO:Fitting -- RooAddition::defaultErrorLevel(nll_total_pdf_data_hist) Summation contains a RooNLLVar, using its error level
[#1] INFO:Minimization -- RooAbsMinimizerFcn::setOptimizeConst: activating const optimization
Minuit2Minimizer: Minimize with max-calls 1000 convergence for edm < 1 strategy 2
Number of iterations 6
----------> Iteration 0
            FVAL = 64833.9685109 Edm = 24293.1663479 Nfcn = 19
            Error matrix change = 0
            Parameters :  p0 = 0.0772443 p1 = 0.202446
----------> Iteration 1
            FVAL = 35710.8906772 Edm = 65.6016036743 Nfcn = 26
            Error matrix change = 0.039152
            Parameters :  p0 = 0.252327 p1 = 0.578564
----------> Iteration 2
            FVAL = 35628.2726152 Edm = 56.3126798389 Nfcn = 32
            Error matrix change = 0.181957
            Parameters :  p0 = 0.24463 p1 = 0.606695
----------> Iteration 3
            FVAL = 35578.8272151 Edm = 0.037518292224 Nfcn = 38
            Error matrix change = 0.205001
            Parameters :  p0 = 0.225247 p1 = 0.616952
----------> Iteration 4
            FVAL = 35578.7880976 Edm = 4.66648641397e-05 Nfcn = 43
            Error matrix change = 0.112754
            Parameters :  p0 = 0.224946 p1 = 0.617611
----------> Iteration 5
            FVAL = 35578.7880976 Edm = 4.8949527063e-05 Nfcn = 53
            Error matrix change = 0
            Parameters :  p0 = 0.224946 p1 = 0.617611
Minuit2Minimizer : Valid minimum - status = 0
FVAL  = 35578.7880975752996
Edm   = 4.89495270630368933e-05
Nfcn  = 53
frac_Beryllium	  = 0.224946	 +/-  0.00203624	(limited)
frac_Boron	  = 0.617611	 +/-  0.00242849	(limited)
Minuit2Minimizer::Hesse  - State returned from Hesse 

  Valid         : yes
  Function calls: 63
  Minimum value : 35578.7881
  Edm           : 4.898261446e-05
  Parameters    : 
  Pos |    Name    |  type   |      Value       |    Error +/-
    0 | frac_Beryllium | limited |     0.2249456625 | 0.002032610377
    1 | frac_Boron | limited |     0.6176109221 | 0.002424169481
  CovarianceStatus: 3
  Covariance and correlation matrix: 
  4.13154e-06  -3.3623e-06 |             1    -0.682364
  -3.3623e-06  5.87665e-06 |     -0.682364            1
  Global correlation coefficients: 
     0.682364
     0.682364
[#1] INFO:Minimization -- RooAbsMinimizerFcn::setOptimizeConst: deactivating const optimization
        -> Fit Successful!
xmin max: 3.7 6.3
Total chi2/ndf: 0.718574
  [bin 25] Ek_low = 4.64682 GeV/n
    Processing energy bin 25 (Ek=4.8936 GeV/n)
        -> Attempting fit with fixed range [3.7, 6.3]...
[#1] INFO:Eval -- RooRealVar::setRange(charge) new range named 'fit_range' created with bounds [3.7,6.3]
[#1] INFO:Minimization -- p.d.f. provides expected number of events, including extended term in likelihood.
[#1] INFO:Eval -- RooRealVar::setRange(charge) new range named 'fit_nll_total_pdf_data_hist' created with bounds [3.7,6.3]
[#1] INFO:Fitting -- RooAbsPdf::fitTo(total_pdf) fixing normalization set for coefficient determination to observables in data
[#1] INFO:Fitting -- RooAddition::defaultErrorLevel(nll_total_pdf_data_hist) Summation contains a RooNLLVar, using its error level
[#1] INFO:Minimization -- RooAbsMinimizerFcn::setOptimizeConst: activating const optimization
Minuit2Minimizer: Minimize with max-calls 1000 convergence for edm < 1 strategy 2
Number of iterations 6
----------> Iteration 0
            FVAL = 59479.7444768 Edm = 22272.4108377 Nfcn = 19
            Error matrix change = 0
            Parameters :  p0 = 0.0763007 p1 = 0.199152
----------> Iteration 1
            FVAL = 32633.9331613 Edm = 48.8471973246 Nfcn = 26
            Error matrix change = 0.0397093
            Parameters :  p0 = 0.252838 p1 = 0.579243
----------> Iteration 2
            FVAL = 32566.418644 Edm = 44.9053702829 Nfcn = 32
            Error matrix change = 0.195772
            Parameters :  p0 = 0.243917 p1 = 0.606693
----------> Iteration 3
            FVAL = 32530.4671735 Edm = 0.0148851824632 Nfcn = 38
            Error matrix change = 0.189655
            Parameters :  p0 = 0.227019 p1 = 0.614673
----------> Iteration 4
            FVAL = 32530.4512398 Edm = 1.0522939594e-05 Nfcn = 43
            Error matrix change = 0.103151
            Parameters :  p0 = 0.226746 p1 = 0.615126
----------> Iteration 5
            FVAL = 32530.4512398 Edm = 1.10505751232e-05 Nfcn = 53
            Error matrix change = 0
            Parameters :  p0 = 0.226746 p1 = 0.615126
Minuit2Minimizer : Valid minimum - status = 0
FVAL  = 32530.4512397586623
Edm   = 1.10505751232149916e-05
Nfcn  = 53
frac_Beryllium	  = 0.226746	 +/-  0.00213723	(limited)
frac_Boron	  = 0.615126	 +/-  0.00254423	(limited)
Minuit2Minimizer::Hesse  - State returned from Hesse 

  Valid         : yes
  Function calls: 63
  Minimum value : 32530.45124
  Edm           : 1.105644171e-05
  Parameters    : 
  Pos |    Name    |  type   |      Value       |    Error +/-
    0 | frac_Beryllium | limited |     0.2267456305 | 0.002133413913
    1 | frac_Boron | limited |     0.6151262297 | 0.002539686187
  CovarianceStatus: 3
  Covariance and correlation matrix: 
  4.55149e-06 -3.69559e-06 |             1    -0.682063
 -3.69559e-06  6.45006e-06 |     -0.682063            1
  Global correlation coefficients: 
     0.682063
     0.682063
[#1] INFO:Minimization -- RooAbsMinimizerFcn::setOptimizeConst: deactivating const optimization
        -> Fit Successful!
xmin max: 3.7 6.3
Total chi2/ndf: 0.875193
  [bin 26] Ek_low = 5.14038 GeV/n
  [bin 27] Ek_low = 5.63491 GeV/n
  [bin 28] Ek_low = 6.17977 GeV/n
  [bin 29] Ek_low = 6.775 GeV/n
  [bin 30] Ek_low = 7.42061 GeV/n
  [bin 31] Ek_low = 8.11658 GeV/n
  [bin 32] Ek_low = 8.8629 GeV/n
  [bin 33] Ek_low = 9.65954 GeV/n
  [bin 34] Ek_low = 10.5065 GeV/n
  [bin 35] Ek_low = 11.4536 GeV/n
  [bin 36] Ek_low = 12.451 GeV/n
  [bin 37] Ek_low = 13.4986 GeV/n
  [bin 38] Ek_low = 14.6464 GeV/n
  [bin 39] Ek_low = 15.8444 GeV/n
  [bin 40] Ek_low = 17.1425 GeV/n
  [bin 41] Ek_low = 18.5408 GeV/n
  [bin 42] Ek_low = 20.0392 GeV/n
  [bin 43] Ek_low = 21.6377 GeV/n
  [bin 44] Ek_low = 23.3364 GeV/n
  [bin 45] Ek_low = 25.1851 GeV/n
  [bin 46] Ek_low = 27.134 GeV/n
  [bin 47] Ek_low = 29.2329 GeV/n
  [bin 48] Ek_low = 31.4819 GeV/n
  [bin 49] Ek_low = 33.9309 GeV/n
  [bin 50] Ek_low = 36.5301 GeV/n
  [bin 51] Ek_low = 39.3293 GeV/n
  [bin 52] Ek_low = 42.3285 GeV/n
  [bin 53] Ek_low = 45.5778 GeV/n
  [bin 54] Ek_low = 49.0772 GeV/n
  [bin 55] Ek_low = 53.0765 GeV/n
  [bin 56] Ek_low = 57.076 GeV/n
  [bin 57] Ek_low = 61.5754 GeV/n
  [bin 58] Ek_low = 66.5749 GeV/n
  [bin 59] Ek_low = 72.5744 GeV/n
  [bin 60] Ek_low = 79.0739 GeV/n
  [bin 61] Ek_low = 86.5735 GeV/n
  [bin 62] Ek_low = 95.073 GeV/n
  [bin 63] Ek_low = 104.573 GeV/n
  [bin 64] Ek_low = 115.572 GeV/n
  [bin 65] Ek_low = 128.572 GeV/n
  [bin 66] Ek_low = 144.571 GeV/n
  [bin 67] Ek_low = 164.071 GeV/n
  [bin 68] Ek_low = 188.571 GeV/n
  [bin 69] Ek_low = 219.57 GeV/n
  [bin 70] Ek_low = 261.57 GeV/n
  [bin 71] Ek_low = 329.07 GeV/n
  [bin 72] Ek_low = 439.069 GeV/n
  [bin 73] Ek_low = 649.069 GeV/n

--- Processing Detector: AGL ---
  [bin 1] Ek_low = 0.0822516 GeV/n
  [bin 2] Ek_low = 0.12571 GeV/n
  [bin 3] Ek_low = 0.165811 GeV/n
  [bin 4] Ek_low = 0.213016 GeV/n
  [bin 5] Ek_low = 0.267548 GeV/n
  [bin 6] Ek_low = 0.332904 GeV/n
  [bin 7] Ek_low = 0.406144 GeV/n
  [bin 8] Ek_low = 0.490934 GeV/n
  [bin 9] Ek_low = 0.587609 GeV/n
  [bin 10] Ek_low = 0.696357 GeV/n
  [bin 11] Ek_low = 0.821474 GeV/n
  [bin 12] Ek_low = 0.958928 GeV/n
  [bin 13] Ek_low = 1.11303 GeV/n
  [bin 14] Ek_low = 1.28385 GeV/n
  [bin 15] Ek_low = 1.4714 GeV/n
  [bin 16] Ek_low = 1.68026 GeV/n
  [bin 17] Ek_low = 1.91049 GeV/n
  [bin 18] Ek_low = 2.16207 GeV/n
  [bin 19] Ek_low = 2.43494 GeV/n
  [bin 20] Ek_low = 2.73384 GeV/n
  [bin 21] Ek_low = 3.05875 GeV/n
    Processing energy bin 21 (Ek=3.23418 GeV/n)
        -> Attempting fit with fixed range [3.7, 6.3]...
[#1] INFO:Eval -- RooRealVar::setRange(charge) new range named 'fit_range' created with bounds [3.7,6.3]
[#1] INFO:Minimization -- p.d.f. provides expected number of events, including extended term in likelihood.
[#1] INFO:Eval -- RooRealVar::setRange(charge) new range named 'fit_nll_total_pdf_data_hist' created with bounds [3.7,6.3]
[#1] INFO:Fitting -- RooAbsPdf::fitTo(total_pdf) fixing normalization set for coefficient determination to observables in data
[#1] INFO:Fitting -- RooAddition::defaultErrorLevel(nll_total_pdf_data_hist) Summation contains a RooNLLVar, using its error level
[#1] INFO:Minimization -- RooAbsMinimizerFcn::setOptimizeConst: activating const optimization
Minuit2Minimizer: Minimize with max-calls 1000 convergence for edm < 1 strategy 2
Number of iterations 6
----------> Iteration 0
            FVAL = 475570.218033 Edm = 183057.65058 Nfcn = 19
            Error matrix change = 0
            Parameters :  p0 = 0.0748476 p1 = 0.208311
----------> Iteration 1
            FVAL = 255510.5735 Edm = 712.073028331 Nfcn = 26
            Error matrix change = 0.0426658
            Parameters :  p0 = 0.245339 p1 = 0.588851
----------> Iteration 2
            FVAL = 254940.562158 Edm = 298.816501099 Nfcn = 32
            Error matrix change = 0.181026
            Parameters :  p0 = 0.24537 p1 = 0.610337
----------> Iteration 3
            FVAL = 254480.820186 Edm = 0.475698606558 Nfcn = 38
            Error matrix change = 0.306711
            Parameters :  p0 = 0.222236 p1 = 0.628766
----------> Iteration 4
            FVAL = 254480.334671 Edm = 4.01499928485e-05 Nfcn = 43
            Error matrix change = 0.156193
            Parameters :  p0 = 0.2224 p1 = 0.62924
----------> Iteration 5
            FVAL = 254480.334671 Edm = 3.98236405501e-05 Nfcn = 55
            Error matrix change = 0
            Parameters :  p0 = 0.2224 p1 = 0.62924
Minuit2Minimizer : Valid minimum - status = 0
FVAL  = 254480.334670633165
Edm   = 3.98236405501434053e-05
Nfcn  = 55
frac_Beryllium	  = 0.2224	 +/-  0.000742118	(limited)
frac_Boron	  = 0.62924	 +/-  0.000881381	(limited)
Minuit2Minimizer::Hesse  - State returned from Hesse 

  Valid         : yes
  Function calls: 65
  Minimum value : 254480.3347
  Edm           : 3.967538867e-05
  Parameters    : 
  Pos |    Name    |  type   |      Value       |    Error +/-
    0 | frac_Beryllium | limited |     0.2223997129 | 0.000740507716
    1 | frac_Boron | limited |     0.6292396173 | 0.0008794691242
  CovarianceStatus: 3
  Covariance and correlation matrix: 
  5.48352e-07 -4.51996e-07 |             1    -0.694039
 -4.51996e-07  7.73467e-07 |     -0.694039            1
  Global correlation coefficients: 
     0.694039
     0.694039
[#1] INFO:Minimization -- RooAbsMinimizerFcn::setOptimizeConst: deactivating const optimization
        -> Fit Successful!
xmin max: 3.7 6.3
Total chi2/ndf: 1.38064
  [bin 22] Ek_low = 3.40962 GeV/n
    Processing energy bin 22 (Ek=3.60045 GeV/n)
        -> Attempting fit with fixed range [3.7, 6.3]...
[#1] INFO:Eval -- RooRealVar::setRange(charge) new range named 'fit_range' created with bounds [3.7,6.3]
[#1] INFO:Minimization -- p.d.f. provides expected number of events, including extended term in likelihood.
[#1] INFO:Eval -- RooRealVar::setRange(charge) new range named 'fit_nll_total_pdf_data_hist' created with bounds [3.7,6.3]
[#1] INFO:Fitting -- RooAbsPdf::fitTo(total_pdf) fixing normalization set for coefficient determination to observables in data
[#1] INFO:Fitting -- RooAddition::defaultErrorLevel(nll_total_pdf_data_hist) Summation contains a RooNLLVar, using its error level
[#1] INFO:Minimization -- RooAbsMinimizerFcn::setOptimizeConst: activating const optimization
Minuit2Minimizer: Minimize with max-calls 1000 convergence for edm < 1 strategy 2
Number of iterations 6
----------> Iteration 0
            FVAL = 445060.03466 Edm = 170901.554945 Nfcn = 19
            Error matrix change = 0
            Parameters :  p0 = 0.0746879 p1 = 0.205812
----------> Iteration 1
            FVAL = 238607.754919 Edm = 522.108009873 Nfcn = 26
            Error matrix change = 0.0426509
            Parameters :  p0 = 0.247177 p1 = 0.589258
----------> Iteration 2
            FVAL = 238111.14459 Edm = 336.486840856 Nfcn = 32
            Error matrix change = 0.185832
            Parameters :  p0 = 0.244537 p1 = 0.612199
----------> Iteration 3
            FVAL = 237698.577938 Edm = 0.594433868192 Nfcn = 38
            Error matrix change = 0.278016
            Parameters :  p0 = 0.222217 p1 = 0.627696
----------> Iteration 4
            FVAL = 237697.972335 Edm = 0.000512502143731 Nfcn = 43
            Error matrix change = 0.144153
            Parameters :  p0 = 0.222152 p1 = 0.628458
----------> Iteration 5
            FVAL = 237697.972335 Edm = 0.000527460443512 Nfcn = 53
            Error matrix change = 0
            Parameters :  p0 = 0.222152 p1 = 0.628458
Minuit2Minimizer : Valid minimum - status = 0
FVAL  = 237697.972335110302
Edm   = 0.000527460443511755311
Nfcn  = 53
frac_Beryllium	  = 0.222152	 +/-  0.000768408	(limited)
frac_Boron	  = 0.628458	 +/-  0.000914091	(limited)
Minuit2Minimizer::Hesse  - State returned from Hesse 

  Valid         : yes
  Function calls: 63
  Minimum value : 237697.9723
  Edm           : 0.0005277661863
  Parameters    : 
  Pos |    Name    |  type   |      Value       |    Error +/-
    0 | frac_Beryllium | limited |     0.2221521981 | 0.0007669204686
    1 | frac_Boron | limited |     0.6284576887 | 0.000912320834
  CovarianceStatus: 3
  Covariance and correlation matrix: 
  5.88168e-07 -4.84107e-07 |             1    -0.691899
 -4.84107e-07   8.3233e-07 |     -0.691899            1
  Global correlation coefficients: 
     0.691899
     0.691899
[#1] INFO:Minimization -- RooAbsMinimizerFcn::setOptimizeConst: deactivating const optimization
        -> Fit Successful!
xmin max: 3.7 6.3
Total chi2/ndf: 1.37393
  [bin 23] Ek_low = 3.79127 GeV/n
    Processing energy bin 23 (Ek=3.99748 GeV/n)
        -> Attempting fit with fixed range [3.7, 6.3]...
[#1] INFO:Eval -- RooRealVar::setRange(charge) new range named 'fit_range' created with bounds [3.7,6.3]
[#1] INFO:Minimization -- p.d.f. provides expected number of events, including extended term in likelihood.
[#1] INFO:Eval -- RooRealVar::setRange(charge) new range named 'fit_nll_total_pdf_data_hist' created with bounds [3.7,6.3]
[#1] INFO:Fitting -- RooAbsPdf::fitTo(total_pdf) fixing normalization set for coefficient determination to observables in data
[#1] INFO:Fitting -- RooAddition::defaultErrorLevel(nll_total_pdf_data_hist) Summation contains a RooNLLVar, using its error level
[#1] INFO:Minimization -- RooAbsMinimizerFcn::setOptimizeConst: activating const optimization
Minuit2Minimizer: Minimize with max-calls 1000 convergence for edm < 1 strategy 2
Number of iterations 6
----------> Iteration 0
            FVAL = 410023.243251 Edm = 156895.78569 Nfcn = 19
            Error matrix change = 0
            Parameters :  p0 = 0.0752568 p1 = 0.201463
----------> Iteration 1
            FVAL = 219767.418364 Edm = 408.916172854 Nfcn = 26
            Error matrix change = 0.0429208
            Parameters :  p0 = 0.2504 p1 = 0.585579
----------> Iteration 2
            FVAL = 219315.271662 Edm = 335.169532774 Nfcn = 31
            Error matrix change = 0.189884
            Parameters :  p0 = 0.245406 p1 = 0.61006
----------> Iteration 3
            FVAL = 218971.76934 Edm = 0.363442178823 Nfcn = 37
            Error matrix change = 0.2485
            Parameters :  p0 = 0.224557 p1 = 0.622874
----------> Iteration 4
            FVAL = 218971.395948 Edm = 0.000499407253015 Nfcn = 42
            Error matrix change = 0.133203
            Parameters :  p0 = 0.224346 p1 = 0.623603
----------> Iteration 5
            FVAL = 218971.395948 Edm = 0.000520807842975 Nfcn = 52
            Error matrix change = 0
            Parameters :  p0 = 0.224346 p1 = 0.623603
Minuit2Minimizer : Valid minimum - status = 0
FVAL  = 218971.395947939047
Edm   = 0.000520807842974524145
Nfcn  = 52
frac_Beryllium	  = 0.224346	 +/-  0.000806168	(limited)
frac_Boron	  = 0.623603	 +/-  0.000956653	(limited)
Minuit2Minimizer::Hesse  - State returned from Hesse 

  Valid         : yes
  Function calls: 62
  Minimum value : 218971.3959
  Edm           : 0.0005211925315
  Parameters    : 
  Pos |    Name    |  type   |      Value       |    Error +/-
    0 | frac_Beryllium | limited |     0.2243461755 | 0.0008046229313
    1 | frac_Boron | limited |     0.6236028208 | 0.0009548197614
  CovarianceStatus: 3
  Covariance and correlation matrix: 
  6.47419e-07 -5.30696e-07 |             1    -0.690767
 -5.30696e-07  9.11682e-07 |     -0.690767            1
  Global correlation coefficients: 
     0.690767
     0.690767
[#1] INFO:Minimization -- RooAbsMinimizerFcn::setOptimizeConst: deactivating const optimization
        -> Fit Successful!
xmin max: 3.7 6.3
Total chi2/ndf: 1.40874
  [bin 24] Ek_low = 4.20369 GeV/n
    Processing energy bin 24 (Ek=4.42526 GeV/n)
        -> Attempting fit with fixed range [3.7, 6.3]...
[#1] INFO:Eval -- RooRealVar::setRange(charge) new range named 'fit_range' created with bounds [3.7,6.3]
[#1] INFO:Minimization -- p.d.f. provides expected number of events, including extended term in likelihood.
[#1] INFO:Eval -- RooRealVar::setRange(charge) new range named 'fit_nll_total_pdf_data_hist' created with bounds [3.7,6.3]
[#1] INFO:Fitting -- RooAbsPdf::fitTo(total_pdf) fixing normalization set for coefficient determination to observables in data
[#1] INFO:Fitting -- RooAddition::defaultErrorLevel(nll_total_pdf_data_hist) Summation contains a RooNLLVar, using its error level
[#1] INFO:Minimization -- RooAbsMinimizerFcn::setOptimizeConst: activating const optimization
Minuit2Minimizer: Minimize with max-calls 1000 convergence for edm < 1 strategy 2
Number of iterations 6
----------> Iteration 0
            FVAL = 372013.539123 Edm = 142215.234757 Nfcn = 19
            Error matrix change = 0
            Parameters :  p0 = 0.0741045 p1 = 0.199094
----------> Iteration 1
            FVAL = 198475.034999 Edm = 278.723098377 Nfcn = 28
            Error matrix change = 0.0436812
            Parameters :  p0 = 0.251484 p1 = 0.587241
----------> Iteration 2
            FVAL = 198025.986447 Edm = 282.509658059 Nfcn = 34
            Error matrix change = 0.229312
            Parameters :  p0 = 0.239585 p1 = 0.616368
----------> Iteration 3
            FVAL = 197834.630888 Edm = 0.0334250470625 Nfcn = 40
            Error matrix change = 0.170661
            Parameters :  p0 = 0.224908 p1 = 0.62194
----------> Iteration 4
            FVAL = 197834.590591 Edm = 1.01803737303e-05 Nfcn = 45
            Error matrix change = 0.0925789
            Parameters :  p0 = 0.224667 p1 = 0.622167
----------> Iteration 5
            FVAL = 197834.590591 Edm = 1.01310189126e-05 Nfcn = 57
            Error matrix change = 0
            Parameters :  p0 = 0.224667 p1 = 0.622167
Minuit2Minimizer : Valid minimum - status = 0
FVAL  = 197834.590590693057
Edm   = 1.0131018912626458e-05
Nfcn  = 57
frac_Beryllium	  = 0.224667	 +/-  0.000848701	(limited)
frac_Boron	  = 0.622167	 +/-  0.00100776	(limited)
Minuit2Minimizer::Hesse  - State returned from Hesse 

  Valid         : yes
  Function calls: 67
  Minimum value : 197834.5906
  Edm           : 1.007934968e-05
  Parameters    : 
  Pos |    Name    |  type   |      Value       |    Error +/-
    0 | frac_Beryllium | limited |     0.2246674257 | 0.0008469439774
    1 | frac_Boron | limited |     0.6221666067 | 0.001005675154
  CovarianceStatus: 3
  Covariance and correlation matrix: 
  7.17315e-07 -5.86683e-07 |             1    -0.688796
 -5.86683e-07  1.01138e-06 |     -0.688796            1
  Global correlation coefficients: 
     0.688796
     0.688796
[#1] INFO:Minimization -- RooAbsMinimizerFcn::setOptimizeConst: deactivating const optimization
        -> Fit Successful!
xmin max: 3.7 6.3
Total chi2/ndf: 1.40002
  [bin 25] Ek_low = 4.64682 GeV/n
    Processing energy bin 25 (Ek=4.8936 GeV/n)
        -> Attempting fit with fixed range [3.7, 6.3]...
[#1] INFO:Eval -- RooRealVar::setRange(charge) new range named 'fit_range' created with bounds [3.7,6.3]
[#1] INFO:Minimization -- p.d.f. provides expected number of events, including extended term in likelihood.
[#1] INFO:Eval -- RooRealVar::setRange(charge) new range named 'fit_nll_total_pdf_data_hist' created with bounds [3.7,6.3]
[#1] INFO:Fitting -- RooAbsPdf::fitTo(total_pdf) fixing normalization set for coefficient determination to observables in data
[#1] INFO:Fitting -- RooAddition::defaultErrorLevel(nll_total_pdf_data_hist) Summation contains a RooNLLVar, using its error level
[#1] INFO:Minimization -- RooAbsMinimizerFcn::setOptimizeConst: activating const optimization
Minuit2Minimizer: Minimize with max-calls 1000 convergence for edm < 1 strategy 2
Number of iterations 6
----------> Iteration 0
            FVAL = 347370.158263 Edm = 132647.078359 Nfcn = 19
            Error matrix change = 0
            Parameters :  p0 = 0.0730693 p1 = 0.194562
----------> Iteration 1
            FVAL = 184109.196405 Edm = 224.125729054 Nfcn = 28
            Error matrix change = 0.0445072
            Parameters :  p0 = 0.252833 p1 = 0.588414
----------> Iteration 2
            FVAL = 183561.744381 Edm = 14.6624837735 Nfcn = 34
            Error matrix change = 0.289028
            Parameters :  p0 = 0.223282 p1 = 0.617679
----------> Iteration 3
            FVAL = 183554.733198 Edm = 0.0196502904156 Nfcn = 40
            Error matrix change = 0.240074
            Parameters :  p0 = 0.224211 p1 = 0.619652
----------> Iteration 4
            FVAL = 183554.713957 Edm = 7.67400343299e-06 Nfcn = 45
            Error matrix change = 0.128656
            Parameters :  p0 = 0.224384 p1 = 0.619483
----------> Iteration 5
            FVAL = 183554.713957 Edm = 7.52215227046e-06 Nfcn = 57
            Error matrix change = 0
            Parameters :  p0 = 0.224384 p1 = 0.619483
Minuit2Minimizer : Valid minimum - status = 0
FVAL  = 183554.713957283064
Edm   = 7.52215227046485468e-06
Nfcn  = 57
frac_Beryllium	  = 0.224384	 +/-  0.000880257	(limited)
frac_Boron	  = 0.619483	 +/-  0.00104594	(limited)
Minuit2Minimizer::Hesse  - State returned from Hesse 

  Valid         : yes
  Function calls: 67
  Minimum value : 183554.714
  Edm           : 7.47301808e-06
  Parameters    : 
  Pos |    Name    |  type   |      Value       |    Error +/-
    0 | frac_Beryllium | limited |     0.2243840878 | 0.0008784896121
    1 | frac_Boron | limited |     0.6194829348 | 0.001043840515
  CovarianceStatus: 3
  Covariance and correlation matrix: 
  7.71745e-07 -6.28355e-07 |             1    -0.685226
 -6.28355e-07   1.0896e-06 |     -0.685226            1
  Global correlation coefficients: 
     0.685226
     0.685226
[#1] INFO:Minimization -- RooAbsMinimizerFcn::setOptimizeConst: deactivating const optimization
        -> Fit Successful!
xmin max: 3.7 6.3
Total chi2/ndf: 1.13581
  [bin 26] Ek_low = 5.14038 GeV/n
    Processing energy bin 26 (Ek=5.38764 GeV/n)
        -> Attempting fit with fixed range [3.7, 6.3]...
[#1] INFO:Eval -- RooRealVar::setRange(charge) new range named 'fit_range' created with bounds [3.7,6.3]
[#1] INFO:Minimization -- p.d.f. provides expected number of events, including extended term in likelihood.
[#1] INFO:Eval -- RooRealVar::setRange(charge) new range named 'fit_nll_total_pdf_data_hist' created with bounds [3.7,6.3]
[#1] INFO:Fitting -- RooAbsPdf::fitTo(total_pdf) fixing normalization set for coefficient determination to observables in data
[#1] INFO:Fitting -- RooAddition::defaultErrorLevel(nll_total_pdf_data_hist) Summation contains a RooNLLVar, using its error level
[#1] INFO:Minimization -- RooAbsMinimizerFcn::setOptimizeConst: activating const optimization
Minuit2Minimizer: Minimize with max-calls 1000 convergence for edm < 1 strategy 2
Number of iterations 6
----------> Iteration 0
            FVAL = 296844.970813 Edm = 113399.518391 Nfcn = 19
            Error matrix change = 0
            Parameters :  p0 = 0.0714725 p1 = 0.192826
----------> Iteration 1
            FVAL = 156254.968522 Edm = 207.710079372 Nfcn = 28
            Error matrix change = 0.0457541
            Parameters :  p0 = 0.253326 p1 = 0.592031
----------> Iteration 2
            FVAL = 155943.182322 Edm = 167.316541244 Nfcn = 34
            Error matrix change = 0.22236
            Parameters :  p0 = 0.230744 p1 = 0.601706
----------> Iteration 3
            FVAL = 155804.459072 Edm = 0.153082715749 Nfcn = 40
            Error matrix change = 0.188245
            Parameters :  p0 = 0.223854 p1 = 0.619975
----------> Iteration 4
            FVAL = 155804.309518 Edm = 0.000201571998599 Nfcn = 45
            Error matrix change = 0.101455
            Parameters :  p0 = 0.224375 p1 = 0.619655
----------> Iteration 5
            FVAL = 155804.309518 Edm = 0.000189854084587 Nfcn = 55
            Error matrix change = 0
            Parameters :  p0 = 0.224375 p1 = 0.619655
Minuit2Minimizer : Valid minimum - status = 0
FVAL  = 155804.309517646732
Edm   = 0.000189854084586762604
Nfcn  = 55
frac_Beryllium	  = 0.224375	 +/-  0.000954617	(limited)
frac_Boron	  = 0.619655	 +/-  0.00113523	(limited)
Minuit2Minimizer::Hesse  - State returned from Hesse 

  Valid         : yes
  Function calls: 65
  Minimum value : 155804.3095
  Edm           : 0.0001899197017
  Parameters    : 
  Pos |    Name    |  type   |      Value       |    Error +/-
    0 | frac_Beryllium | limited |     0.2243749777 | 0.000952878821
    1 | frac_Boron | limited |     0.6196549793 | 0.001133165866
  CovarianceStatus: 3
  Covariance and correlation matrix: 
   9.0798e-07 -7.39377e-07 |             1    -0.684753
 -7.39377e-07  1.28407e-06 |     -0.684753            1
  Global correlation coefficients: 
     0.684753
     0.684753
[#1] INFO:Minimization -- RooAbsMinimizerFcn::setOptimizeConst: deactivating const optimization
        -> Fit Successful!
xmin max: 3.7 6.3
Total chi2/ndf: 1.16211
  [bin 27] Ek_low = 5.63491 GeV/n
    Processing energy bin 27 (Ek=5.90734 GeV/n)
        -> Attempting fit with fixed range [3.7, 6.3]...
[#1] INFO:Eval -- RooRealVar::setRange(charge) new range named 'fit_range' created with bounds [3.7,6.3]
[#1] INFO:Minimization -- p.d.f. provides expected number of events, including extended term in likelihood.
[#1] INFO:Eval -- RooRealVar::setRange(charge) new range named 'fit_nll_total_pdf_data_hist' created with bounds [3.7,6.3]
[#1] INFO:Fitting -- RooAbsPdf::fitTo(total_pdf) fixing normalization set for coefficient determination to observables in data
[#1] INFO:Fitting -- RooAddition::defaultErrorLevel(nll_total_pdf_data_hist) Summation contains a RooNLLVar, using its error level
[#1] INFO:Minimization -- RooAbsMinimizerFcn::setOptimizeConst: activating const optimization
Minuit2Minimizer: Minimize with max-calls 1000 convergence for edm < 1 strategy 2
Number of iterations 6
----------> Iteration 0
            FVAL = 280504.988668 Edm = 106802.784075 Nfcn = 19
            Error matrix change = 0
            Parameters :  p0 = 0.070136 p1 = 0.189871
----------> Iteration 1
            FVAL = 147303.961445 Edm = 246.165023103 Nfcn = 28
            Error matrix change = 0.0467313
            Parameters :  p0 = 0.25334 p1 = 0.594319
----------> Iteration 2
            FVAL = 147087.016808 Edm = 135.829077888 Nfcn = 34
            Error matrix change = 0.255963
            Parameters :  p0 = 0.237711 p1 = 0.594613
----------> Iteration 3
            FVAL = 146897.016113 Edm = 0.477009730675 Nfcn = 40
            Error matrix change = 0.333852
            Parameters :  p0 = 0.223804 p1 = 0.617606
----------> Iteration 4
            FVAL = 146896.541119 Edm = 7.73901355396e-06 Nfcn = 45
            Error matrix change = 0.167721
            Parameters :  p0 = 0.224495 p1 = 0.617628
----------> Iteration 5
            FVAL = 146896.541119 Edm = 7.41316161495e-06 Nfcn = 55
            Error matrix change = 0
            Parameters :  p0 = 0.224495 p1 = 0.617628
Minuit2Minimizer : Valid minimum - status = 0
FVAL  = 146896.541118632769
Edm   = 7.41316161495254901e-06
Nfcn  = 55
frac_Beryllium	  = 0.224495	 +/-  0.000985503	(limited)
frac_Boron	  = 0.617628	 +/-  0.00117387	(limited)
Minuit2Minimizer::Hesse  - State returned from Hesse 

  Valid         : yes
  Function calls: 65
  Minimum value : 146896.5411
  Edm           : 7.399145688e-06
  Parameters    : 
  Pos |    Name    |  type   |      Value       |    Error +/-
    0 | frac_Beryllium | limited |       0.22449546 | 0.0009837460557
    1 | frac_Boron | limited |      0.617627521 | 0.00117177901
  CovarianceStatus: 3
  Covariance and correlation matrix: 
  9.67758e-07 -7.85855e-07 |             1    -0.681731
 -7.85855e-07  1.37307e-06 |     -0.681731            1
  Global correlation coefficients: 
     0.681731
     0.681731
[#1] INFO:Minimization -- RooAbsMinimizerFcn::setOptimizeConst: deactivating const optimization
        -> Fit Successful!
xmin max: 3.7 6.3
Total chi2/ndf: 1.32573
  [bin 28] Ek_low = 6.17977 GeV/n
    Processing energy bin 28 (Ek=6.47739 GeV/n)
        -> Attempting fit with fixed range [3.7, 6.3]...
[#1] INFO:Eval -- RooRealVar::setRange(charge) new range named 'fit_range' created with bounds [3.7,6.3]
[#1] INFO:Minimization -- p.d.f. provides expected number of events, including extended term in likelihood.
[#1] INFO:Eval -- RooRealVar::setRange(charge) new range named 'fit_nll_total_pdf_data_hist' created with bounds [3.7,6.3]
[#1] INFO:Fitting -- RooAbsPdf::fitTo(total_pdf) fixing normalization set for coefficient determination to observables in data
[#1] INFO:Fitting -- RooAddition::defaultErrorLevel(nll_total_pdf_data_hist) Summation contains a RooNLLVar, using its error level
[#1] INFO:Minimization -- RooAbsMinimizerFcn::setOptimizeConst: activating const optimization
Minuit2Minimizer: Minimize with max-calls 1000 convergence for edm < 1 strategy 2
Number of iterations 6
----------> Iteration 0
            FVAL = 263540.408965 Edm = 100293.402999 Nfcn = 19
            Error matrix change = 0
            Parameters :  p0 = 0.0688831 p1 = 0.185261
----------> Iteration 1
            FVAL = 137278.085423 Edm = 308.371495114 Nfcn = 30
            Error matrix change = 0.0487817
            Parameters :  p0 = 0.256374 p1 = 0.594453
----------> Iteration 2
            FVAL = 137085.57661 Edm = 78.6210859766 Nfcn = 36
            Error matrix change = 0.230931
            Parameters :  p0 = 0.244069 p1 = 0.589992
----------> Iteration 3
            FVAL = 136932.822286 Edm = 0.0535679365697 Nfcn = 42
            Error matrix change = 0.379555
            Parameters :  p0 = 0.229171 p1 = 0.611019
----------> Iteration 4
            FVAL = 136932.766457 Edm = 7.80069129862e-05 Nfcn = 47
            Error matrix change = 0.19284
            Parameters :  p0 = 0.229396 p1 = 0.611047
----------> Iteration 5
            FVAL = 136932.766457 Edm = 8.18989378188e-05 Nfcn = 57
            Error matrix change = 0
            Parameters :  p0 = 0.229396 p1 = 0.611047
Minuit2Minimizer : Valid minimum - status = 0
FVAL  = 136932.766457303922
Edm   = 8.1898937818764521e-05
Nfcn  = 57
frac_Beryllium	  = 0.229396	 +/-  0.00103143	(limited)
frac_Boron	  = 0.611047	 +/-  0.00122125	(limited)
Minuit2Minimizer::Hesse  - State returned from Hesse 

  Valid         : yes
  Function calls: 67
  Minimum value : 136932.7665
  Edm           : 8.200100704e-05
  Parameters    : 
  Pos |    Name    |  type   |      Value       |    Error +/-
    0 | frac_Beryllium | limited |     0.2293960747 | 0.001029587133
    1 | frac_Boron | limited |     0.6110471472 | 0.001219058762
  CovarianceStatus: 3
  Covariance and correlation matrix: 
  1.06005e-06 -8.57757e-07 |             1    -0.683401
 -8.57757e-07  1.48611e-06 |     -0.683401            1
  Global correlation coefficients: 
     0.683401
     0.683401
[#1] INFO:Minimization -- RooAbsMinimizerFcn::setOptimizeConst: deactivating const optimization
        -> Fit Successful!
xmin max: 3.7 6.3
Total chi2/ndf: 1.27737
  [bin 29] Ek_low = 6.775 GeV/n
    Processing energy bin 29 (Ek=7.09781 GeV/n)
        -> Attempting fit with fixed range [3.7, 6.3]...
[#1] INFO:Eval -- RooRealVar::setRange(charge) new range named 'fit_range' created with bounds [3.7,6.3]
[#1] INFO:Minimization -- p.d.f. provides expected number of events, including extended term in likelihood.
[#1] INFO:Eval -- RooRealVar::setRange(charge) new range named 'fit_nll_total_pdf_data_hist' created with bounds [3.7,6.3]
[#1] INFO:Fitting -- RooAbsPdf::fitTo(total_pdf) fixing normalization set for coefficient determination to observables in data
[#1] INFO:Fitting -- RooAddition::defaultErrorLevel(nll_total_pdf_data_hist) Summation contains a RooNLLVar, using its error level
[#1] INFO:Minimization -- RooAbsMinimizerFcn::setOptimizeConst: activating const optimization
Minuit2Minimizer: Minimize with max-calls 1000 convergence for edm < 1 strategy 2
Number of iterations 6
----------> Iteration 0
            FVAL = 251459.033233 Edm = 95331.5396722 Nfcn = 19
            Error matrix change = 0
            Parameters :  p0 = 0.0655957 p1 = 0.183622
----------> Iteration 1
            FVAL = 131062.6692 Edm = 2462.11818251 Nfcn = 29
            Error matrix change = 0.0367693
            Parameters :  p0 = 0.259814 p1 = 0.615622
----------> Iteration 2
            FVAL = 130008.140915 Edm = 63.843436693 Nfcn = 39
            Error matrix change = 0.252365
            Parameters :  p0 = 0.238624 p1 = 0.592897
----------> Iteration 3
            FVAL = 129894.519813 Edm = 4.86401530299 Nfcn = 45
            Error matrix change = 0.404894
            Parameters :  p0 = 0.228747 p1 = 0.611796
----------> Iteration 4
            FVAL = 129888.011227 Edm = 0.000348659433512 Nfcn = 51
            Error matrix change = 0.23615
            Parameters :  p0 = 0.225803 p1 = 0.612115
----------> Iteration 5
            FVAL = 129888.011227 Edm = 0.000389930242057 Nfcn = 61
            Error matrix change = 0
            Parameters :  p0 = 0.225803 p1 = 0.612115
Minuit2Minimizer : Valid minimum - status = 0
FVAL  = 129888.011226827133
Edm   = 0.000389930242056793584
Nfcn  = 61
frac_Beryllium	  = 0.225803	 +/-  0.00105246	(limited)
frac_Boron	  = 0.612115	 +/-  0.00125214	(limited)
Minuit2Minimizer::Hesse  - State returned from Hesse 

  Valid         : yes
  Function calls: 71
  Minimum value : 129888.0112
  Edm           : 0.0003883488031
  Parameters    : 
  Pos |    Name    |  type   |      Value       |    Error +/-
    0 | frac_Beryllium | limited |     0.2258025552 | 0.001050665027
    1 | frac_Boron | limited |     0.6121147107 | 0.001250009175
  CovarianceStatus: 3
  Covariance and correlation matrix: 
   1.1039e-06 -8.90791e-07 |             1    -0.678262
 -8.90791e-07  1.56253e-06 |     -0.678262            1
  Global correlation coefficients: 
     0.678262
     0.678262
[#1] INFO:Minimization -- RooAbsMinimizerFcn::setOptimizeConst: deactivating const optimization
        -> Fit Successful!
xmin max: 3.7 6.3
Total chi2/ndf: 0.988273
  [bin 30] Ek_low = 7.42061 GeV/n
    Processing energy bin 30 (Ek=7.76859 GeV/n)
        -> Attempting fit with fixed range [3.7, 6.3]...
[#1] INFO:Eval -- RooRealVar::setRange(charge) new range named 'fit_range' created with bounds [3.7,6.3]
[#1] INFO:Minimization -- p.d.f. provides expected number of events, including extended term in likelihood.
[#1] INFO:Eval -- RooRealVar::setRange(charge) new range named 'fit_nll_total_pdf_data_hist' created with bounds [3.7,6.3]
[#1] INFO:Fitting -- RooAbsPdf::fitTo(total_pdf) fixing normalization set for coefficient determination to observables in data
[#1] INFO:Fitting -- RooAddition::defaultErrorLevel(nll_total_pdf_data_hist) Summation contains a RooNLLVar, using its error level
[#1] INFO:Minimization -- RooAbsMinimizerFcn::setOptimizeConst: activating const optimization
Minuit2Minimizer: Minimize with max-calls 1000 convergence for edm < 1 strategy 2
Number of iterations 6
----------> Iteration 0
            FVAL = 238580.082971 Edm = 90507.2593963 Nfcn = 19
            Error matrix change = 0
            Parameters :  p0 = 0.0622686 p1 = 0.180998
----------> Iteration 1
            FVAL = 122331.921803 Edm = 1433.64722853 Nfcn = 29
            Error matrix change = 0.0470731
            Parameters :  p0 = 0.254 p1 = 0.615443
----------> Iteration 2
            FVAL = 121661.219616 Edm = 39.4498102804 Nfcn = 39
            Error matrix change = 0.262917
            Parameters :  p0 = 0.236773 p1 = 0.596838
----------> Iteration 3
            FVAL = 121581.492599 Edm = 2.83680071426 Nfcn = 45
            Error matrix change = 0.421372
            Parameters :  p0 = 0.227309 p1 = 0.613231
----------> Iteration 4
            FVAL = 121577.93321 Edm = 4.6298331958e-05 Nfcn = 51
            Error matrix change = 0.230904
            Parameters :  p0 = 0.225217 p1 = 0.613193
----------> Iteration 5
            FVAL = 121577.93321 Edm = 5.8275970204e-05 Nfcn = 61
            Error matrix change = 0
            Parameters :  p0 = 0.225217 p1 = 0.613193
Minuit2Minimizer : Valid minimum - status = 0
FVAL  = 121577.933209509894
Edm   = 5.82759702039528285e-05
Nfcn  = 61
frac_Beryllium	  = 0.225217	 +/-  0.00108526	(limited)
frac_Boron	  = 0.613193	 +/-  0.00129386	(limited)
Minuit2Minimizer::Hesse  - State returned from Hesse 

  Valid         : yes
  Function calls: 71
  Minimum value : 121577.9332
  Edm           : 5.824175514e-05
  Parameters    : 
  Pos |    Name    |  type   |      Value       |    Error +/-
    0 | frac_Beryllium | limited |     0.2252167128 | 0.001083413863
    1 | frac_Boron | limited |      0.613192837 | 0.001291659646
  CovarianceStatus: 3
  Covariance and correlation matrix: 
  1.17379e-06 -9.48578e-07 |             1    -0.677844
 -9.48578e-07  1.66839e-06 |     -0.677844            1
  Global correlation coefficients: 
     0.677844
     0.677844
[#1] INFO:Minimization -- RooAbsMinimizerFcn::setOptimizeConst: deactivating const optimization
        -> Fit Successful!
xmin max: 3.7 6.3
Total chi2/ndf: 1.16445
  [bin 31] Ek_low = 8.11658 GeV/n
    Processing energy bin 31 (Ek=8.48974 GeV/n)
        -> Attempting fit with fixed range [3.7, 6.3]...
[#1] INFO:Eval -- RooRealVar::setRange(charge) new range named 'fit_range' created with bounds [3.7,6.3]
[#1] INFO:Minimization -- p.d.f. provides expected number of events, including extended term in likelihood.
[#1] INFO:Eval -- RooRealVar::setRange(charge) new range named 'fit_nll_total_pdf_data_hist' created with bounds [3.7,6.3]
[#1] INFO:Fitting -- RooAbsPdf::fitTo(total_pdf) fixing normalization set for coefficient determination to observables in data
[#1] INFO:Fitting -- RooAddition::defaultErrorLevel(nll_total_pdf_data_hist) Summation contains a RooNLLVar, using its error level
[#1] INFO:Minimization -- RooAbsMinimizerFcn::setOptimizeConst: activating const optimization
Minuit2Minimizer: Minimize with max-calls 1000 convergence for edm < 1 strategy 2
Number of iterations 6
----------> Iteration 0
            FVAL = 224445.143729 Edm = 84844.6998313 Nfcn = 19
            Error matrix change = 0
            Parameters :  p0 = 0.0626174 p1 = 0.177823
----------> Iteration 1
            FVAL = 115073.432609 Edm = 1099.35326851 Nfcn = 29
            Error matrix change = 0.0515481
            Parameters :  p0 = 0.25457 p1 = 0.609858
----------> Iteration 2
            FVAL = 114537.501385 Edm = 31.5934324411 Nfcn = 39
            Error matrix change = 0.264168
            Parameters :  p0 = 0.238571 p1 = 0.592748
----------> Iteration 3
            FVAL = 114469.939579 Edm = 1.9436006724 Nfcn = 45
            Error matrix change = 0.425026
            Parameters :  p0 = 0.229092 p1 = 0.608312
----------> Iteration 4
            FVAL = 114467.577862 Edm = 2.9151679307e-05 Nfcn = 51
            Error matrix change = 0.229891
            Parameters :  p0 = 0.227407 p1 = 0.608131
----------> Iteration 5
            FVAL = 114467.577862 Edm = 3.42602518131e-05 Nfcn = 61
            Error matrix change = 0
            Parameters :  p0 = 0.227407 p1 = 0.608131
Minuit2Minimizer : Valid minimum - status = 0
FVAL  = 114467.577861682599
Edm   = 3.4260251813125582e-05
Nfcn  = 61
frac_Beryllium	  = 0.227407	 +/-  0.0011242	(limited)
frac_Boron	  = 0.608131	 +/-  0.00133746	(limited)
Minuit2Minimizer::Hesse  - State returned from Hesse 

  Valid         : yes
  Function calls: 71
  Minimum value : 114467.5779
  Edm           : 3.426682122e-05
  Parameters    : 
  Pos |    Name    |  type   |      Value       |    Error +/-
    0 | frac_Beryllium | limited |     0.2274073009 | 0.00112233036
    1 | frac_Boron | limited |     0.6081308298 | 0.001335233224
  CovarianceStatus: 3
  Covariance and correlation matrix: 
  1.25963e-06 -1.01133e-06 |             1    -0.674858
 -1.01133e-06  1.78285e-06 |     -0.674858            1
  Global correlation coefficients: 
     0.674858
     0.674858
[#1] INFO:Minimization -- RooAbsMinimizerFcn::setOptimizeConst: deactivating const optimization
        -> Fit Successful!
xmin max: 3.7 6.3
Total chi2/ndf: 1.15914
  [bin 32] Ek_low = 8.8629 GeV/n
    Processing energy bin 32 (Ek=9.26122 GeV/n)
        -> Attempting fit with fixed range [3.7, 6.3]...
[#1] INFO:Eval -- RooRealVar::setRange(charge) new range named 'fit_range' created with bounds [3.7,6.3]
[#1] INFO:Minimization -- p.d.f. provides expected number of events, including extended term in likelihood.
[#1] INFO:Eval -- RooRealVar::setRange(charge) new range named 'fit_nll_total_pdf_data_hist' created with bounds [3.7,6.3]
[#1] INFO:Fitting -- RooAbsPdf::fitTo(total_pdf) fixing normalization set for coefficient determination to observables in data
[#1] INFO:Fitting -- RooAddition::defaultErrorLevel(nll_total_pdf_data_hist) Summation contains a RooNLLVar, using its error level
[#1] INFO:Minimization -- RooAbsMinimizerFcn::setOptimizeConst: activating const optimization
Minuit2Minimizer: Minimize with max-calls 1000 convergence for edm < 1 strategy 2
Number of iterations 6
----------> Iteration 0
            FVAL = 207753.140505 Edm = 78466.4868433 Nfcn = 19
            Error matrix change = 0
            Parameters :  p0 = 0.0623751 p1 = 0.173226
----------> Iteration 1
            FVAL = 105576.352649 Edm = 721.840289091 Nfcn = 29
            Error matrix change = 0.0597022
            Parameters :  p0 = 0.254648 p1 = 0.604565
----------> Iteration 2
            FVAL = 105203.244553 Edm = 30.7054743837 Nfcn = 39
            Error matrix change = 0.268864
            Parameters :  p0 = 0.240188 p1 = 0.590338
----------> Iteration 3
            FVAL = 105131.637536 Edm = 0.982551357719 Nfcn = 45
            Error matrix change = 0.432089
            Parameters :  p0 = 0.229094 p1 = 0.606877
----------> Iteration 4
            FVAL = 105130.509206 Edm = 1.87121908306e-05 Nfcn = 51
            Error matrix change = 0.228466
            Parameters :  p0 = 0.228013 p1 = 0.606528
----------> Iteration 5
            FVAL = 105130.509206 Edm = 1.96521282636e-05 Nfcn = 61
            Error matrix change = 0
            Parameters :  p0 = 0.228013 p1 = 0.606528
Minuit2Minimizer : Valid minimum - status = 0
FVAL  = 105130.509206177187
Edm   = 1.96521282635853616e-05
Nfcn  = 61
frac_Beryllium	  = 0.228013	 +/-  0.00117219	(limited)
frac_Boron	  = 0.606528	 +/-  0.00139459	(limited)
Minuit2Minimizer::Hesse  - State returned from Hesse 

  Valid         : yes
  Function calls: 71
  Minimum value : 105130.5092
  Edm           : 1.962256739e-05
  Parameters    : 
  Pos |    Name    |  type   |      Value       |    Error +/-
    0 | frac_Beryllium | limited |     0.2280133069 | 0.001170270862
    1 | frac_Boron | limited |     0.6065284888 | 0.001392299254
  CovarianceStatus: 3
  Covariance and correlation matrix: 
  1.36954e-06 -1.09615e-06 |             1    -0.672744
 -1.09615e-06   1.9385e-06 |     -0.672744            1
  Global correlation coefficients: 
     0.672744
     0.672744
[#1] INFO:Minimization -- RooAbsMinimizerFcn::setOptimizeConst: deactivating const optimization
        -> Fit Successful!
xmin max: 3.7 6.3
Total chi2/ndf: 1.11144
  [bin 33] Ek_low = 9.65954 GeV/n
    Processing energy bin 33 (Ek=10.083 GeV/n)
        -> Attempting fit with fixed range [3.7, 6.3]...
[#1] INFO:Eval -- RooRealVar::setRange(charge) new range named 'fit_range' created with bounds [3.7,6.3]
[#1] INFO:Minimization -- p.d.f. provides expected number of events, including extended term in likelihood.
[#1] INFO:Eval -- RooRealVar::setRange(charge) new range named 'fit_nll_total_pdf_data_hist' created with bounds [3.7,6.3]
[#1] INFO:Fitting -- RooAbsPdf::fitTo(total_pdf) fixing normalization set for coefficient determination to observables in data
[#1] INFO:Fitting -- RooAddition::defaultErrorLevel(nll_total_pdf_data_hist) Summation contains a RooNLLVar, using its error level
[#1] INFO:Minimization -- RooAbsMinimizerFcn::setOptimizeConst: activating const optimization
Minuit2Minimizer: Minimize with max-calls 1000 convergence for edm < 1 strategy 2
Number of iterations 6
----------> Iteration 0
            FVAL = 189589.565216 Edm = 71421.5003767 Nfcn = 19
            Error matrix change = 0
            Parameters :  p0 = 0.0621499 p1 = 0.168879
----------> Iteration 1
            FVAL = 95786.8257564 Edm = 474.260884339 Nfcn = 27
            Error matrix change = 0.0658939
            Parameters :  p0 = 0.256031 p1 = 0.597842
----------> Iteration 2
            FVAL = 95525.661999 Edm = 35.3801601237 Nfcn = 35
            Error matrix change = 0.266286
            Parameters :  p0 = 0.24234 p1 = 0.586487
----------> Iteration 3
            FVAL = 95440.430089 Edm = 0.305099231567 Nfcn = 41
            Error matrix change = 0.430762
            Parameters :  p0 = 0.228897 p1 = 0.605255
----------> Iteration 4
            FVAL = 95440.0936196 Edm = 2.81951963924e-06 Nfcn = 47
            Error matrix change = 0.224364
            Parameters :  p0 = 0.228355 p1 = 0.604939
----------> Iteration 5
            FVAL = 95440.0936196 Edm = 2.82556852382e-06 Nfcn = 59
            Error matrix change = 0
            Parameters :  p0 = 0.228355 p1 = 0.604939
Minuit2Minimizer : Valid minimum - status = 0
FVAL  = 95440.0936196179391
Edm   = 2.82556852382114503e-06
Nfcn  = 59
frac_Beryllium	  = 0.228355	 +/-  0.00123366	(limited)
frac_Boron	  = 0.604939	 +/-  0.00146898	(limited)
Minuit2Minimizer::Hesse  - State returned from Hesse 

  Valid         : yes
  Function calls: 69
  Minimum value : 95440.09362
  Edm           : 2.813600944e-06
  Parameters    : 
  Pos |    Name    |  type   |      Value       |    Error +/-
    0 | frac_Beryllium | limited |     0.2283549325 | 0.001231447423
    1 | frac_Boron | limited |      0.604938685 | 0.001466342253
  CovarianceStatus: 3
  Covariance and correlation matrix: 
  1.51647e-06 -1.21261e-06 |             1    -0.671537
 -1.21261e-06  2.15017e-06 |     -0.671537            1
  Global correlation coefficients: 
     0.671537
     0.671537
[#1] INFO:Minimization -- RooAbsMinimizerFcn::setOptimizeConst: deactivating const optimization
        -> Fit Successful!
xmin max: 3.7 6.3
Total chi2/ndf: 1.05825
  [bin 34] Ek_low = 10.5065 GeV/n
    Processing energy bin 34 (Ek=10.98 GeV/n)
        -> Attempting fit with fixed range [3.7, 6.3]...
[#1] INFO:Eval -- RooRealVar::setRange(charge) new range named 'fit_range' created with bounds [3.7,6.3]
[#1] INFO:Minimization -- p.d.f. provides expected number of events, including extended term in likelihood.
[#1] INFO:Eval -- RooRealVar::setRange(charge) new range named 'fit_nll_total_pdf_data_hist' created with bounds [3.7,6.3]
[#1] INFO:Fitting -- RooAbsPdf::fitTo(total_pdf) fixing normalization set for coefficient determination to observables in data
[#1] INFO:Fitting -- RooAddition::defaultErrorLevel(nll_total_pdf_data_hist) Summation contains a RooNLLVar, using its error level
[#1] INFO:Minimization -- RooAbsMinimizerFcn::setOptimizeConst: activating const optimization
Minuit2Minimizer: Minimize with max-calls 1000 convergence for edm < 1 strategy 2
Number of iterations 6
----------> Iteration 0
            FVAL = 175835.638796 Edm = 65800.2206547 Nfcn = 19
            Error matrix change = 0
            Parameters :  p0 = 0.062703 p1 = 0.166961
----------> Iteration 1
            FVAL = 89624.1976739 Edm = 359.20212482 Nfcn = 27
            Error matrix change = 0.0672178
            Parameters :  p0 = 0.254112 p1 = 0.590984
----------> Iteration 2
            FVAL = 89413.5329431 Edm = 35.4076005585 Nfcn = 33
            Error matrix change = 0.25303
            Parameters :  p0 = 0.240695 p1 = 0.58108
----------> Iteration 3
            FVAL = 89329.1794019 Edm = 0.0614196406353 Nfcn = 39
            Error matrix change = 0.419125
            Parameters :  p0 = 0.226624 p1 = 0.600286
----------> Iteration 4
            FVAL = 89329.1125315 Edm = 4.41405149325e-07 Nfcn = 45
            Error matrix change = 0.217184
            Parameters :  p0 = 0.226413 p1 = 0.600084
----------> Iteration 5
            FVAL = 89329.1125315 Edm = 4.36218015344e-07 Nfcn = 59
            Error matrix change = 0
            Parameters :  p0 = 0.226413 p1 = 0.600084
Minuit2Minimizer : Valid minimum - status = 0
FVAL  = 89329.1125314539677
Edm   = 4.36218015343920123e-07
Nfcn  = 59
frac_Beryllium	  = 0.226413	 +/-  0.00127546	(limited)
frac_Boron	  = 0.600084	 +/-  0.00152399	(limited)
Minuit2Minimizer::Hesse  - State returned from Hesse 

  Valid         : yes
  Function calls: 69
  Minimum value : 89329.11253
  Edm           : 4.344276428e-07
  Parameters    : 
  Pos |    Name    |  type   |      Value       |    Error +/-
    0 | frac_Beryllium | limited |     0.2264126083 | 0.001273126033
    1 | frac_Boron | limited |     0.6000838547 | 0.001521208073
  CovarianceStatus: 3
  Covariance and correlation matrix: 
  1.62085e-06 -1.28459e-06 |             1    -0.663288
 -1.28459e-06  2.31408e-06 |     -0.663288            1
  Global correlation coefficients: 
     0.663288
     0.663288
[#1] INFO:Minimization -- RooAbsMinimizerFcn::setOptimizeConst: deactivating const optimization
        -> Fit Successful!
xmin max: 3.7 6.3
Total chi2/ndf: 1.27424
  [bin 35] Ek_low = 11.4536 GeV/n
    Processing energy bin 35 (Ek=11.9523 GeV/n)
        -> Attempting fit with fixed range [3.7, 6.3]...
[#1] INFO:Eval -- RooRealVar::setRange(charge) new range named 'fit_range' created with bounds [3.7,6.3]
[#1] INFO:Minimization -- p.d.f. provides expected number of events, including extended term in likelihood.
[#1] INFO:Eval -- RooRealVar::setRange(charge) new range named 'fit_nll_total_pdf_data_hist' created with bounds [3.7,6.3]
[#1] INFO:Fitting -- RooAbsPdf::fitTo(total_pdf) fixing normalization set for coefficient determination to observables in data
[#1] INFO:Fitting -- RooAddition::defaultErrorLevel(nll_total_pdf_data_hist) Summation contains a RooNLLVar, using its error level
[#1] INFO:Minimization -- RooAbsMinimizerFcn::setOptimizeConst: activating const optimization
Minuit2Minimizer: Minimize with max-calls 1000 convergence for edm < 1 strategy 2
Number of iterations 6
----------> Iteration 0
            FVAL = 152080.94263 Edm = 56850.1973967 Nfcn = 19
            Error matrix change = 0
            Parameters :  p0 = 0.0641819 p1 = 0.162587
----------> Iteration 1
            FVAL = 77293.149405 Edm = 300.88366882 Nfcn = 25
            Error matrix change = 0.0690583
            Parameters :  p0 = 0.259568 p1 = 0.58358
----------> Iteration 2
            FVAL = 77105.9482647 Edm = 49.82868436 Nfcn = 31
            Error matrix change = 0.242239
            Parameters :  p0 = 0.244478 p1 = 0.575276
----------> Iteration 3
            FVAL = 76992.644438 Edm = 0.00476553647506 Nfcn = 37
            Error matrix change = 0.407274
            Parameters :  p0 = 0.226936 p1 = 0.599348
----------> Iteration 4
            FVAL = 76992.6387861 Edm = 1.76620367379e-05 Nfcn = 42
            Error matrix change = 0.211602
            Parameters :  p0 = 0.227058 p1 = 0.599312
----------> Iteration 5
            FVAL = 76992.6387861 Edm = 1.92133093251e-05 Nfcn = 52
            Error matrix change = 0
            Parameters :  p0 = 0.227058 p1 = 0.599312
Minuit2Minimizer : Valid minimum - status = 0
FVAL  = 76992.6387861368275
Edm   = 1.92133093250939073e-05
Nfcn  = 52
frac_Beryllium	  = 0.227058	 +/-  0.00137532	(limited)
frac_Boron	  = 0.599312	 +/-  0.00164425	(limited)
Minuit2Minimizer::Hesse  - State returned from Hesse 

  Valid         : yes
  Function calls: 62
  Minimum value : 76992.63879
  Edm           : 1.924016041e-05
  Parameters    : 
  Pos |    Name    |  type   |      Value       |    Error +/-
    0 | frac_Beryllium | limited |     0.2270577972 | 0.001373232131
    1 | frac_Boron | limited |     0.5993122002 | 0.001641755635
  CovarianceStatus: 3
  Covariance and correlation matrix: 
  1.88577e-06 -1.49289e-06 |             1    -0.662177
 -1.49289e-06  2.69537e-06 |     -0.662177            1
  Global correlation coefficients: 
     0.662177
     0.662177
[#1] INFO:Minimization -- RooAbsMinimizerFcn::setOptimizeConst: deactivating const optimization
        -> Fit Successful!
xmin max: 3.7 6.3
Total chi2/ndf: 1.01892
  [bin 36] Ek_low = 12.451 GeV/n
    Processing energy bin 36 (Ek=12.9748 GeV/n)
        -> Attempting fit with fixed range [3.7, 6.3]...
[#1] INFO:Eval -- RooRealVar::setRange(charge) new range named 'fit_range' created with bounds [3.7,6.3]
[#1] INFO:Minimization -- p.d.f. provides expected number of events, including extended term in likelihood.
[#1] INFO:Eval -- RooRealVar::setRange(charge) new range named 'fit_nll_total_pdf_data_hist' created with bounds [3.7,6.3]
[#1] INFO:Fitting -- RooAbsPdf::fitTo(total_pdf) fixing normalization set for coefficient determination to observables in data
[#1] INFO:Fitting -- RooAddition::defaultErrorLevel(nll_total_pdf_data_hist) Summation contains a RooNLLVar, using its error level
[#1] INFO:Minimization -- RooAbsMinimizerFcn::setOptimizeConst: activating const optimization
Minuit2Minimizer: Minimize with max-calls 1000 convergence for edm < 1 strategy 2
Number of iterations 6
----------> Iteration 0
            FVAL = 130517.256806 Edm = 48859.9384524 Nfcn = 19
            Error matrix change = 0
            Parameters :  p0 = 0.064911 p1 = 0.159987
----------> Iteration 1
            FVAL = 66089.9285047 Edm = 257.233841928 Nfcn = 25
            Error matrix change = 0.0700299
            Parameters :  p0 = 0.261222 p1 = 0.579676
----------> Iteration 2
            FVAL = 65922.5258621 Edm = 54.5004421019 Nfcn = 31
            Error matrix change = 0.239825
            Parameters :  p0 = 0.244973 p1 = 0.572287
----------> Iteration 3
            FVAL = 65803.1578338 Edm = 0.0616859929245 Nfcn = 37
            Error matrix change = 0.400506
            Parameters :  p0 = 0.225705 p1 = 0.598991
----------> Iteration 4
            FVAL = 65803.0920703 Edm = 2.00897454e-05 Nfcn = 43
            Error matrix change = 0.205226
            Parameters :  p0 = 0.226072 p1 = 0.599054
----------> Iteration 5
            FVAL = 65803.0920703 Edm = 2.02341614212e-05 Nfcn = 53
            Error matrix change = 0
            Parameters :  p0 = 0.226072 p1 = 0.599054
Minuit2Minimizer : Valid minimum - status = 0
FVAL  = 65803.0920702686853
Edm   = 2.02341614211951461e-05
Nfcn  = 53
frac_Beryllium	  = 0.226072	 +/-  0.00148126	(limited)
frac_Boron	  = 0.599054	 +/-  0.00177173	(limited)
Minuit2Minimizer::Hesse  - State returned from Hesse 

  Valid         : yes
  Function calls: 63
  Minimum value : 65803.09207
  Edm           : 2.016957058e-05
  Parameters    : 
  Pos |    Name    |  type   |      Value       |    Error +/-
    0 | frac_Beryllium | limited |     0.2260717704 | 0.001479048276
    1 | frac_Boron | limited |     0.5990543592 | 0.001769082183
  CovarianceStatus: 3
  Covariance and correlation matrix: 
  2.18759e-06 -1.72753e-06 |             1    -0.660226
 -1.72753e-06  3.12967e-06 |     -0.660226            1
  Global correlation coefficients: 
     0.660226
     0.660226
[#1] INFO:Minimization -- RooAbsMinimizerFcn::setOptimizeConst: deactivating const optimization
        -> Fit Successful!
xmin max: 3.7 6.3
Total chi2/ndf: 1.15938
  [bin 37] Ek_low = 13.4986 GeV/n
    Processing energy bin 37 (Ek=14.0725 GeV/n)
        -> Attempting fit with fixed range [3.7, 6.3]...
[#1] INFO:Eval -- RooRealVar::setRange(charge) new range named 'fit_range' created with bounds [3.7,6.3]
[#1] INFO:Minimization -- p.d.f. provides expected number of events, including extended term in likelihood.
[#1] INFO:Eval -- RooRealVar::setRange(charge) new range named 'fit_nll_total_pdf_data_hist' created with bounds [3.7,6.3]
[#1] INFO:Fitting -- RooAbsPdf::fitTo(total_pdf) fixing normalization set for coefficient determination to observables in data
[#1] INFO:Fitting -- RooAddition::defaultErrorLevel(nll_total_pdf_data_hist) Summation contains a RooNLLVar, using its error level
[#1] INFO:Minimization -- RooAbsMinimizerFcn::setOptimizeConst: activating const optimization
Minuit2Minimizer: Minimize with max-calls 1000 convergence for edm < 1 strategy 2
Number of iterations 6
----------> Iteration 0
            FVAL = 115457.390176 Edm = 43180.1081048 Nfcn = 19
            Error matrix change = 0
            Parameters :  p0 = 0.0643658 p1 = 0.155394
----------> Iteration 1
            FVAL = 58007.140799 Edm = 143.494868013 Nfcn = 25
            Error matrix change = 0.0770402
            Parameters :  p0 = 0.261556 p1 = 0.574399
----------> Iteration 2
            FVAL = 57900.2756459 Edm = 45.9199528137 Nfcn = 31
            Error matrix change = 0.268071
            Parameters :  p0 = 0.246478 p1 = 0.569774
----------> Iteration 3
            FVAL = 57806.9261248 Edm = 0.154921776947 Nfcn = 37
            Error matrix change = 0.40505
            Parameters :  p0 = 0.228708 p1 = 0.595236
----------> Iteration 4
            FVAL = 57806.7662637 Edm = 0.000184489521489 Nfcn = 42
            Error matrix change = 0.205622
            Parameters :  p0 = 0.229264 p1 = 0.595397
----------> Iteration 5
            FVAL = 57806.7662637 Edm = 0.000191262812295 Nfcn = 52
            Error matrix change = 0
            Parameters :  p0 = 0.229264 p1 = 0.595397
Minuit2Minimizer : Valid minimum - status = 0
FVAL  = 57806.7662636953683
Edm   = 0.000191262812295301971
Nfcn  = 52
frac_Beryllium	  = 0.229264	 +/-  0.00158909	(limited)
frac_Boron	  = 0.595397	 +/-  0.00189786	(limited)
Minuit2Minimizer::Hesse  - State returned from Hesse 

  Valid         : yes
  Function calls: 62
  Minimum value : 57806.76626
  Edm           : 0.0001914418181
  Parameters    : 
  Pos |    Name    |  type   |      Value       |    Error +/-
    0 | frac_Beryllium | limited |     0.2292640094 | 0.001586723944
    1 | frac_Boron | limited |     0.5953972565 | 0.001895032853
  CovarianceStatus: 3
  Covariance and correlation matrix: 
   2.5177e-06 -1.98244e-06 |             1    -0.659294
 -1.98244e-06  3.59117e-06 |     -0.659294            1
  Global correlation coefficients: 
     0.659294
     0.659294
[#1] INFO:Minimization -- RooAbsMinimizerFcn::setOptimizeConst: deactivating const optimization
        -> Fit Successful!
xmin max: 3.7 6.3
Total chi2/ndf: 0.931147
  [bin 38] Ek_low = 14.6464 GeV/n
    Processing energy bin 38 (Ek=15.2454 GeV/n)
        -> Attempting fit with fixed range [3.7, 6.3]...
[#1] INFO:Eval -- RooRealVar::setRange(charge) new range named 'fit_range' created with bounds [3.7,6.3]
[#1] INFO:Minimization -- p.d.f. provides expected number of events, including extended term in likelihood.
[#1] INFO:Eval -- RooRealVar::setRange(charge) new range named 'fit_nll_total_pdf_data_hist' created with bounds [3.7,6.3]
[#1] INFO:Fitting -- RooAbsPdf::fitTo(total_pdf) fixing normalization set for coefficient determination to observables in data
[#1] INFO:Fitting -- RooAddition::defaultErrorLevel(nll_total_pdf_data_hist) Summation contains a RooNLLVar, using its error level
[#1] INFO:Minimization -- RooAbsMinimizerFcn::setOptimizeConst: activating const optimization
Minuit2Minimizer: Minimize with max-calls 1000 convergence for edm < 1 strategy 2
Number of iterations 6
----------> Iteration 0
            FVAL = 96975.9864037 Edm = 36269.4344009 Nfcn = 19
            Error matrix change = 0
            Parameters :  p0 = 0.0649961 p1 = 0.152378
----------> Iteration 1
            FVAL = 48552.9479407 Edm = 113.439161744 Nfcn = 25
            Error matrix change = 0.078846
            Parameters :  p0 = 0.263813 p1 = 0.56873
----------> Iteration 2
            FVAL = 48458.4542992 Edm = 47.8578553453 Nfcn = 31
            Error matrix change = 0.28096
            Parameters :  p0 = 0.247027 p1 = 0.565861
----------> Iteration 3
            FVAL = 48370.594164 Edm = 0.26576696636 Nfcn = 37
            Error matrix change = 0.394528
            Parameters :  p0 = 0.228871 p1 = 0.593116
----------> Iteration 4
            FVAL = 48370.3236809 Edm = 0.000104439274261 Nfcn = 42
            Error matrix change = 0.19906
            Parameters :  p0 = 0.229693 p1 = 0.59332
----------> Iteration 5
            FVAL = 48370.3236809 Edm = 0.000106560718027 Nfcn = 52
            Error matrix change = 0
            Parameters :  p0 = 0.229693 p1 = 0.59332
Minuit2Minimizer : Valid minimum - status = 0
FVAL  = 48370.3236809319278
Edm   = 0.000106560718027018088
Nfcn  = 52
frac_Beryllium	  = 0.229693	 +/-  0.00173878	(limited)
frac_Boron	  = 0.59332	 +/-  0.00207537	(limited)
Minuit2Minimizer::Hesse  - State returned from Hesse 

  Valid         : yes
  Function calls: 62
  Minimum value : 48370.32368
  Edm           : 0.000106662762
  Parameters    : 
  Pos |    Name    |  type   |      Value       |    Error +/-
    0 | frac_Beryllium | limited |     0.2296926469 | 0.001736209794
    1 | frac_Boron | limited |     0.5933204406 | 0.002072299983
  CovarianceStatus: 3
  Covariance and correlation matrix: 
  3.01444e-06 -2.37086e-06 |             1    -0.658944
 -2.37086e-06  4.29445e-06 |     -0.658944            1
  Global correlation coefficients: 
     0.658944
     0.658944
[#1] INFO:Minimization -- RooAbsMinimizerFcn::setOptimizeConst: deactivating const optimization
        -> Fit Successful!
xmin max: 3.7 6.3
Total chi2/ndf: 0.8285
  [bin 39] Ek_low = 15.8444 GeV/n
    Processing energy bin 39 (Ek=16.4935 GeV/n)
        -> Attempting fit with fixed range [3.7, 6.3]...
[#1] INFO:Eval -- RooRealVar::setRange(charge) new range named 'fit_range' created with bounds [3.7,6.3]
[#1] INFO:Minimization -- p.d.f. provides expected number of events, including extended term in likelihood.
[#1] INFO:Eval -- RooRealVar::setRange(charge) new range named 'fit_nll_total_pdf_data_hist' created with bounds [3.7,6.3]
[#1] INFO:Fitting -- RooAbsPdf::fitTo(total_pdf) fixing normalization set for coefficient determination to observables in data
[#1] INFO:Fitting -- RooAddition::defaultErrorLevel(nll_total_pdf_data_hist) Summation contains a RooNLLVar, using its error level
[#1] INFO:Minimization -- RooAbsMinimizerFcn::setOptimizeConst: activating const optimization
Minuit2Minimizer: Minimize with max-calls 1000 convergence for edm < 1 strategy 2
Number of iterations 6
----------> Iteration 0
            FVAL = 84669.3099176 Edm = 31534.7178199 Nfcn = 19
            Error matrix change = 0
            Parameters :  p0 = 0.0644169 p1 = 0.146837
----------> Iteration 1
            FVAL = 41991.9621282 Edm = 68.7677141903 Nfcn = 26
            Error matrix change = 0.0879776
            Parameters :  p0 = 0.264193 p1 = 0.558377
----------> Iteration 2
            FVAL = 41863.9589709 Edm = 55.6928828578 Nfcn = 32
            Error matrix change = 0.338928
            Parameters :  p0 = 0.23471 p1 = 0.572003
----------> Iteration 3
            FVAL = 41815.6267008 Edm = 0.0179486506689 Nfcn = 38
            Error matrix change = 0.223461
            Parameters :  p0 = 0.228463 p1 = 0.592746
----------> Iteration 4
            FVAL = 41815.6096172 Edm = 3.4842505401e-05 Nfcn = 43
            Error matrix change = 0.120926
            Parameters :  p0 = 0.228815 p1 = 0.592521
----------> Iteration 5
            FVAL = 41815.6096172 Edm = 3.25175750493e-05 Nfcn = 53
            Error matrix change = 0
            Parameters :  p0 = 0.228815 p1 = 0.592521
Minuit2Minimizer : Valid minimum - status = 0
FVAL  = 41815.6096172164762
Edm   = 3.25175750493043988e-05
Nfcn  = 53
frac_Beryllium	  = 0.228815	 +/-  0.00187039	(limited)
frac_Boron	  = 0.592521	 +/-  0.00223698	(limited)
Minuit2Minimizer::Hesse  - State returned from Hesse 

  Valid         : yes
  Function calls: 63
  Minimum value : 41815.60962
  Edm           : 3.252100641e-05
  Parameters    : 
  Pos |    Name    |  type   |      Value       |    Error +/-
    0 | frac_Beryllium | limited |     0.2288147718 | 0.001867695241
    1 | frac_Boron | limited |     0.5925209165 | 0.002233759147
  CovarianceStatus: 3
  Covariance and correlation matrix: 
  3.48831e-06 -2.73661e-06 |             1    -0.655945
 -2.73661e-06  4.98971e-06 |     -0.655945            1
  Global correlation coefficients: 
     0.655945
     0.655945
[#1] INFO:Minimization -- RooAbsMinimizerFcn::setOptimizeConst: deactivating const optimization
        -> Fit Successful!
xmin max: 3.7 6.3
Total chi2/ndf: 0.924378
  [bin 40] Ek_low = 17.1425 GeV/n
    Processing energy bin 40 (Ek=17.8417 GeV/n)
        -> Attempting fit with fixed range [3.7, 6.3]...
[#1] INFO:Eval -- RooRealVar::setRange(charge) new range named 'fit_range' created with bounds [3.7,6.3]
[#1] INFO:Minimization -- p.d.f. provides expected number of events, including extended term in likelihood.
[#1] INFO:Eval -- RooRealVar::setRange(charge) new range named 'fit_nll_total_pdf_data_hist' created with bounds [3.7,6.3]
[#1] INFO:Fitting -- RooAbsPdf::fitTo(total_pdf) fixing normalization set for coefficient determination to observables in data
[#1] INFO:Fitting -- RooAddition::defaultErrorLevel(nll_total_pdf_data_hist) Summation contains a RooNLLVar, using its error level
[#1] INFO:Minimization -- RooAbsMinimizerFcn::setOptimizeConst: activating const optimization
Minuit2Minimizer: Minimize with max-calls 1000 convergence for edm < 1 strategy 2
Number of iterations 6
----------> Iteration 0
            FVAL = 72697.8059469 Edm = 27136.802878 Nfcn = 19
            Error matrix change = 0
            Parameters :  p0 = 0.0614624 p1 = 0.145418
----------> Iteration 1
            FVAL = 35767.1521854 Edm = 47.3154833459 Nfcn = 26
            Error matrix change = 0.0932067
            Parameters :  p0 = 0.255324 p1 = 0.559272
----------> Iteration 2
            FVAL = 35629.014574 Edm = 0.0578737401793 Nfcn = 32
            Error matrix change = 0.333787
            Parameters :  p0 = 0.222795 p1 = 0.595037
----------> Iteration 3
            FVAL = 35628.9694609 Edm = 0.0042487085438 Nfcn = 38
            Error matrix change = 0.231777
            Parameters :  p0 = 0.223244 p1 = 0.59505
----------> Iteration 4
            FVAL = 35628.9658706 Edm = 3.98193962989e-09 Nfcn = 44
            Error matrix change = 0.162209
            Parameters :  p0 = 0.223357 p1 = 0.594846
----------> Iteration 5
            FVAL = 35628.9658706 Edm = 6.32070124355e-09 Nfcn = 58
            Error matrix change = 0
            Parameters :  p0 = 0.223357 p1 = 0.594846
Minuit2Minimizer : Valid minimum - status = 0
FVAL  = 35628.9658705591064
Edm   = 6.32070124355219318e-09
Nfcn  = 58
frac_Beryllium	  = 0.223357	 +/-  0.00200344	(limited)
frac_Boron	  = 0.594846	 +/-  0.00240684	(limited)
Minuit2Minimizer::Hesse  - State returned from Hesse 

  Valid         : yes
  Function calls: 68
  Minimum value : 35628.96587
  Edm           : 6.322622817e-09
  Parameters    : 
  Pos |    Name    |  type   |      Value       |    Error +/-
    0 | frac_Beryllium | limited |      0.223356508 | 0.002000120324
    1 | frac_Boron | limited |      0.594846178 | 0.002402854885
  CovarianceStatus: 3
  Covariance and correlation matrix: 
  4.00051e-06 -3.12533e-06 |             1    -0.650292
 -3.12533e-06  5.77376e-06 |     -0.650292            1
  Global correlation coefficients: 
     0.650292
     0.650292
[#1] INFO:Minimization -- RooAbsMinimizerFcn::setOptimizeConst: deactivating const optimization
        -> Fit Successful!
xmin max: 3.7 6.3
Total chi2/ndf: 1.00139
  [bin 41] Ek_low = 18.5408 GeV/n
    Processing energy bin 41 (Ek=19.29 GeV/n)
        -> Attempting fit with fixed range [3.7, 6.3]...
[#1] INFO:Eval -- RooRealVar::setRange(charge) new range named 'fit_range' created with bounds [3.7,6.3]
[#1] INFO:Minimization -- p.d.f. provides expected number of events, including extended term in likelihood.
[#1] INFO:Eval -- RooRealVar::setRange(charge) new range named 'fit_nll_total_pdf_data_hist' created with bounds [3.7,6.3]
[#1] INFO:Fitting -- RooAbsPdf::fitTo(total_pdf) fixing normalization set for coefficient determination to observables in data
[#1] INFO:Fitting -- RooAddition::defaultErrorLevel(nll_total_pdf_data_hist) Summation contains a RooNLLVar, using its error level
[#1] INFO:Minimization -- RooAbsMinimizerFcn::setOptimizeConst: activating const optimization
Minuit2Minimizer: Minimize with max-calls 1000 convergence for edm < 1 strategy 2
Number of iterations 6
----------> Iteration 0
            FVAL = 62213.3543941 Edm = 23093.9390008 Nfcn = 19
            Error matrix change = 0
            Parameters :  p0 = 0.0594184 p1 = 0.14092
----------> Iteration 1
            FVAL = 30272.5732062 Edm = 54.5646926664 Nfcn = 26
            Error matrix change = 0.104803
            Parameters :  p0 = 0.250723 p1 = 0.550819
----------> Iteration 2
            FVAL = 30197.7147058 Edm = 47.6971541798 Nfcn = 32
            Error matrix change = 0.259878
            Parameters :  p0 = 0.246898 p1 = 0.578095
----------> Iteration 3
            FVAL = 30135.0089353 Edm = 0.161683147304 Nfcn = 38
            Error matrix change = 0.328675
            Parameters :  p0 = 0.22257 p1 = 0.592466
----------> Iteration 4
            FVAL = 30134.8423824 Edm = 0.000275491398964 Nfcn = 43
            Error matrix change = 0.170408
            Parameters :  p0 = 0.222325 p1 = 0.593751
----------> Iteration 5
            FVAL = 30134.8423824 Edm = 0.000287023366374 Nfcn = 53
            Error matrix change = 0
            Parameters :  p0 = 0.222325 p1 = 0.593751
Minuit2Minimizer : Valid minimum - status = 0
FVAL  = 30134.8423823791672
Edm   = 0.000287023366374063865
Nfcn  = 53
frac_Beryllium	  = 0.222325	 +/-  0.00216739	(limited)
frac_Boron	  = 0.593751	 +/-  0.00261313	(limited)
Minuit2Minimizer::Hesse  - State returned from Hesse 

  Valid         : yes
  Function calls: 63
  Minimum value : 30134.84238
  Edm           : 0.0002872475036
  Parameters    : 
  Pos |    Name    |  type   |      Value       |    Error +/-
    0 | frac_Beryllium | limited |     0.2223247776 | 0.002164507197
    1 | frac_Boron | limited |     0.5937507318 | 0.002609649986
  CovarianceStatus: 3
  Covariance and correlation matrix: 
  4.68513e-06 -3.64178e-06 |             1    -0.644716
 -3.64178e-06  6.81034e-06 |     -0.644716            1
  Global correlation coefficients: 
     0.644716
     0.644716
[#1] INFO:Minimization -- RooAbsMinimizerFcn::setOptimizeConst: deactivating const optimization
        -> Fit Successful!
xmin max: 3.7 6.3
Total chi2/ndf: 0.745422
  [bin 42] Ek_low = 20.0392 GeV/n
    Processing energy bin 42 (Ek=20.8385 GeV/n)
        -> Attempting fit with fixed range [3.7, 6.3]...
[#1] INFO:Eval -- RooRealVar::setRange(charge) new range named 'fit_range' created with bounds [3.7,6.3]
[#1] INFO:Minimization -- p.d.f. provides expected number of events, including extended term in likelihood.
[#1] INFO:Eval -- RooRealVar::setRange(charge) new range named 'fit_nll_total_pdf_data_hist' created with bounds [3.7,6.3]
[#1] INFO:Fitting -- RooAbsPdf::fitTo(total_pdf) fixing normalization set for coefficient determination to observables in data
[#1] INFO:Fitting -- RooAddition::defaultErrorLevel(nll_total_pdf_data_hist) Summation contains a RooNLLVar, using its error level
[#1] INFO:Minimization -- RooAbsMinimizerFcn::setOptimizeConst: activating const optimization
Minuit2Minimizer: Minimize with max-calls 1000 convergence for edm < 1 strategy 2
Number of iterations 6
----------> Iteration 0
            FVAL = 52849.4382675 Edm = 19454.6655225 Nfcn = 19
            Error matrix change = 0
            Parameters :  p0 = 0.0592961 p1 = 0.137442
----------> Iteration 1
            FVAL = 25866.7560367 Edm = 49.1092022509 Nfcn = 28
            Error matrix change = 0.107756
            Parameters :  p0 = 0.250273 p1 = 0.543351
----------> Iteration 2
            FVAL = 25810.346867 Edm = 27.5697213277 Nfcn = 34
            Error matrix change = 0.247138
            Parameters :  p0 = 0.250317 p1 = 0.566791
----------> Iteration 3
            FVAL = 25761.7411552 Edm = 0.145644615587 Nfcn = 40
            Error matrix change = 0.366829
            Parameters :  p0 = 0.226178 p1 = 0.5839
----------> Iteration 4
            FVAL = 25761.5933461 Edm = 5.61259211577e-05 Nfcn = 45
            Error matrix change = 0.185859
            Parameters :  p0 = 0.226275 p1 = 0.584992
----------> Iteration 5
            FVAL = 25761.5933461 Edm = 5.70393955254e-05 Nfcn = 55
            Error matrix change = 0
            Parameters :  p0 = 0.226275 p1 = 0.584992
Minuit2Minimizer : Valid minimum - status = 0
FVAL  = 25761.5933460584383
Edm   = 5.70393955254473422e-05
Nfcn  = 55
frac_Beryllium	  = 0.226275	 +/-  0.00238252	(limited)
frac_Boron	  = 0.584992	 +/-  0.00286025	(limited)
Minuit2Minimizer::Hesse  - State returned from Hesse 

  Valid         : yes
  Function calls: 65
  Minimum value : 25761.59335
  Edm           : 5.707845955e-05
  Parameters    : 
  Pos |    Name    |  type   |      Value       |    Error +/-
    0 | frac_Beryllium | limited |     0.2262754205 | 0.002379393388
    1 | frac_Boron | limited |     0.5849916281 | 0.002856490113
  CovarianceStatus: 3
  Covariance and correlation matrix: 
  5.66157e-06 -4.37536e-06 |             1     -0.64374
 -4.37536e-06  8.15963e-06 |      -0.64374            1
  Global correlation coefficients: 
      0.64374
      0.64374
[#1] INFO:Minimization -- RooAbsMinimizerFcn::setOptimizeConst: deactivating const optimization
        -> Fit Successful!
xmin max: 3.7 6.3
Total chi2/ndf: 0.877346
  [bin 43] Ek_low = 21.6377 GeV/n
  [bin 44] Ek_low = 23.3364 GeV/n
  [bin 45] Ek_low = 25.1851 GeV/n
  [bin 46] Ek_low = 27.134 GeV/n
  [bin 47] Ek_low = 29.2329 GeV/n
  [bin 48] Ek_low = 31.4819 GeV/n
  [bin 49] Ek_low = 33.9309 GeV/n
  [bin 50] Ek_low = 36.5301 GeV/n
  [bin 51] Ek_low = 39.3293 GeV/n
  [bin 52] Ek_low = 42.3285 GeV/n
  [bin 53] Ek_low = 45.5778 GeV/n
  [bin 54] Ek_low = 49.0772 GeV/n
  [bin 55] Ek_low = 53.0765 GeV/n
  [bin 56] Ek_low = 57.076 GeV/n
  [bin 57] Ek_low = 61.5754 GeV/n
  [bin 58] Ek_low = 66.5749 GeV/n
  [bin 59] Ek_low = 72.5744 GeV/n
  [bin 60] Ek_low = 79.0739 GeV/n
  [bin 61] Ek_low = 86.5735 GeV/n
  [bin 62] Ek_low = 95.073 GeV/n
  [bin 63] Ek_low = 104.573 GeV/n
  [bin 64] Ek_low = 115.572 GeV/n
  [bin 65] Ek_low = 128.572 GeV/n
  [bin 66] Ek_low = 144.571 GeV/n
  [bin 67] Ek_low = 164.071 GeV/n
  [bin 68] Ek_low = 188.571 GeV/n
  [bin 69] Ek_low = 219.57 GeV/n
  [bin 70] Ek_low = 261.57 GeV/n
  [bin 71] Ek_low = 329.07 GeV/n
  [bin 72] Ek_low = 439.069 GeV/n
  [bin 73] Ek_low = 649.069 GeV/n
