
Processing ../rootlogon.C...
Processing HistTempFit_hist.cpp...
====================================================================
Starting SIGNAL Mass Template Fit for: Be (UseMass: 7)
Chain: L1Inner
Templates: Pure (H2)
====================================================================
[INFO] Data file loaded: root://eoshome-z.cern.ch//eos/user/z/zixuan/Isotope/Add/Be_frag4.root
[INFO] Output ROOT file: /eos/user/z/zixuan/Isotope/MassTempFit/wide_MassTF_Be_L1Inner_H2_UseMass7.root

--- Processing Detector: TOF ---
2
2
2
Fitting bin 5 (Ek: 0.267548-0.406144 GeV/n)...
[#1] INFO:Minimization -- p.d.f. provides expected number of events, including extended term in likelihood.
[#1] INFO:Fitting -- RooAbsPdf::fitTo(model) fixing normalization set for coefficient determination to observables in data
[#1] INFO:Fitting -- using CPU computation library compiled with -mavx2
[#1] INFO:Fitting -- RooAddition::defaultErrorLevel(nll_model_data) Summation contains a RooNLLVar, using its error level
[#1] INFO:Minimization -- RooAbsMinimizerFcn::setOptimizeConst: activating const optimization
[#1] INFO:Fitting -- RooAbsPdf::fitTo(model) Calculating sum-of-weights-squared correction matrix for covariance matrix
[#1] INFO:Minimization -- RooAbsMinimizerFcn::setOptimizeConst: deactivating const optimization
Total chi2/ndf: 1.33465
  Fit Result: Chi2/NDF = 93.4255/70 = 1.33465, Status = 0
[#1] INFO:Plotting -- RooAbsPdf::plotOn(model) directly selected PDF components: (pdf7)
[#1] INFO:Plotting -- RooAbsPdf::plotOn(model) indirectly selected PDF components: ()
[#1] INFO:Plotting -- RooAbsPdf::plotOn(model) directly selected PDF components: (pdf9)
[#1] INFO:Plotting -- RooAbsPdf::plotOn(model) indirectly selected PDF components: ()
[#1] INFO:Plotting -- RooAbsPdf::plotOn(model) directly selected PDF components: (pdf10)
[#1] INFO:Plotting -- RooAbsPdf::plotOn(model) indirectly selected PDF components: ()
1/mass: 0.05125 pull:0.601589
1/mass: 0.05375 pull:0.28522
1/mass: 0.05625 pull:-0.185542
1/mass: 0.05875 pull:0.973696
1/mass: 0.06125 pull:-1.11863
1/mass: 0.06375 pull:-0.268141
1/mass: 0.06625 pull:0.634483
1/mass: 0.06875 pull:-0.0311539
1/mass: 0.07125 pull:0.918032
1/mass: 0.07375 pull:1.48871
1/mass: 0.07625 pull:0.706096
1/mass: 0.07875 pull:-0.895197
1/mass: 0.08125 pull:1.25213
1/mass: 0.08375 pull:0.616096
1/mass: 0.08625 pull:0.890624
1/mass: 0.08875 pull:-1.48502
1/mass: 0.09125 pull:0.116584
1/mass: 0.09375 pull:1.14916
1/mass: 0.09625 pull:0.485766
1/mass: 0.09875 pull:-1.48789
1/mass: 0.10125 pull:0.349185
1/mass: 0.10375 pull:-1.03139
1/mass: 0.10625 pull:1.45292
1/mass: 0.10875 pull:-2.62815
1/mass: 0.11125 pull:-0.352893
1/mass: 0.11375 pull:0.131768
1/mass: 0.11625 pull:-0.721199
1/mass: 0.11875 pull:-0.883942
1/mass: 0.12125 pull:0.581712
1/mass: 0.12375 pull:-1.45226
1/mass: 0.12625 pull:1.90235
1/mass: 0.12875 pull:1.0521
1/mass: 0.13125 pull:0.743912
1/mass: 0.13375 pull:0.344266
1/mass: 0.13625 pull:-0.0868805
1/mass: 0.13875 pull:-0.0373272
1/mass: 0.14125 pull:-0.123601
1/mass: 0.14375 pull:2.16344
1/mass: 0.14625 pull:-1.66047
1/mass: 0.14875 pull:0.805289
1/mass: 0.15125 pull:0.360073
1/mass: 0.15375 pull:-0.229525
1/mass: 0.15625 pull:-0.976787
1/mass: 0.15875 pull:-1.80164
1/mass: 0.16125 pull:-0.666129
1/mass: 0.16375 pull:-1.54396
1/mass: 0.16625 pull:1.32105
1/mass: 0.16875 pull:0.0766923
1/mass: 0.17125 pull:-0.520414
1/mass: 0.17375 pull:0.630436
1/mass: 0.17625 pull:0.229046
1/mass: 0.17875 pull:-0.910303
1/mass: 0.18125 pull:0.635127
1/mass: 0.18375 pull:1.78012
1/mass: 0.18625 pull:1.29023
1/mass: 0.18875 pull:-2.15124
1/mass: 0.19125 pull:-2.99524
1/mass: 0.19375 pull:1.20458
1/mass: 0.19625 pull:0.627626
1/mass: 0.19875 pull:2.10612
1/mass: 0.20125 pull:-2.39346
1/mass: 0.20375 pull:1.38256
1/mass: 0.20625 pull:0.547833
1/mass: 0.20875 pull:-0.361744
1/mass: 0.21125 pull:0.885166
1/mass: 0.21375 pull:0.902504
1/mass: 0.21625 pull:-0.323487
1/mass: 0.21875 pull:1.17723
1/mass: 0.22125 pull:-1.58115
1/mass: 0.22375 pull:-0.124538
1/mass: 0.22625 pull:0.0176071
1/mass: 0.22875 pull:0.527843
2
2
2
Fitting bin 7 (Ek: 0.406144-0.587609 GeV/n)...
[#1] INFO:Minimization -- p.d.f. provides expected number of events, including extended term in likelihood.
[#1] INFO:Fitting -- RooAbsPdf::fitTo(model) fixing normalization set for coefficient determination to observables in data
[#1] INFO:Fitting -- RooAddition::defaultErrorLevel(nll_model_data) Summation contains a RooNLLVar, using its error level
[#1] INFO:Minimization -- RooAbsMinimizerFcn::setOptimizeConst: activating const optimization
[#1] INFO:Fitting -- RooAbsPdf::fitTo(model) Calculating sum-of-weights-squared correction matrix for covariance matrix
[#1] INFO:Minimization -- RooAbsMinimizerFcn::setOptimizeConst: deactivating const optimization
Total chi2/ndf: 1.03029
  Fit Result: Chi2/NDF = 71.0903/70 = 1.01558, Status = 0
[#1] INFO:Plotting -- RooAbsPdf::plotOn(model) directly selected PDF components: (pdf7)
[#1] INFO:Plotting -- RooAbsPdf::plotOn(model) indirectly selected PDF components: ()
[#1] INFO:Plotting -- RooAbsPdf::plotOn(model) directly selected PDF components: (pdf9)
[#1] INFO:Plotting -- RooAbsPdf::plotOn(model) indirectly selected PDF components: ()
[#1] INFO:Plotting -- RooAbsPdf::plotOn(model) directly selected PDF components: (pdf10)
[#1] INFO:Plotting -- RooAbsPdf::plotOn(model) indirectly selected PDF components: ()
1/mass: 0.05375 pull:0.720707
1/mass: 0.05625 pull:0.299575
1/mass: 0.05875 pull:1.68539
1/mass: 0.06125 pull:1.84325
1/mass: 0.06375 pull:1.08243
1/mass: 0.06625 pull:0.475305
1/mass: 0.06875 pull:1.54906
1/mass: 0.07125 pull:1.17208
1/mass: 0.07375 pull:0.307341
1/mass: 0.07625 pull:1.92229
1/mass: 0.07875 pull:1.06058
1/mass: 0.08125 pull:1.84616
1/mass: 0.08375 pull:0.0806298
1/mass: 0.08625 pull:-1.0661
1/mass: 0.08875 pull:-0.544015
1/mass: 0.09125 pull:-1.65329
1/mass: 0.09375 pull:1.42505
1/mass: 0.09625 pull:1.02786
1/mass: 0.09875 pull:0.933111
1/mass: 0.10125 pull:-1.10479
1/mass: 0.10375 pull:-1.46918
1/mass: 0.10625 pull:-1.37526
1/mass: 0.10875 pull:-2.10847
1/mass: 0.11125 pull:0.634638
1/mass: 0.11375 pull:0.508742
1/mass: 0.11625 pull:-0.318993
1/mass: 0.11875 pull:-0.638694
1/mass: 0.12125 pull:1.19047
1/mass: 0.12375 pull:1.32135
1/mass: 0.12625 pull:-0.131783
1/mass: 0.12875 pull:-0.741276
1/mass: 0.13125 pull:-1.23184
1/mass: 0.13375 pull:0.967505
1/mass: 0.13625 pull:0.751579
1/mass: 0.13875 pull:0.895308
1/mass: 0.14125 pull:1.15337
1/mass: 0.14375 pull:-0.332401
1/mass: 0.14625 pull:-0.349361
1/mass: 0.14875 pull:-0.137796
1/mass: 0.15125 pull:1.15093
1/mass: 0.15375 pull:0.0450441
1/mass: 0.15625 pull:0.0652183
1/mass: 0.15875 pull:0.211711
1/mass: 0.16125 pull:0.587231
1/mass: 0.16375 pull:-1.42677
1/mass: 0.16625 pull:-0.291799
1/mass: 0.16875 pull:-0.254659
1/mass: 0.17125 pull:0.5515
1/mass: 0.17375 pull:-1.76411
1/mass: 0.17625 pull:0.660649
1/mass: 0.17875 pull:-0.771985
1/mass: 0.18125 pull:-1.70129
1/mass: 0.18375 pull:0.964002
1/mass: 0.18625 pull:0.091184
1/mass: 0.18875 pull:-0.52739
1/mass: 0.19125 pull:-0.0944488
1/mass: 0.19375 pull:0.8306
1/mass: 0.19625 pull:-0.0371589
1/mass: 0.19875 pull:0.0872309
1/mass: 0.20125 pull:-0.182609
1/mass: 0.20375 pull:-1.51892
1/mass: 0.20625 pull:0.119113
1/mass: 0.20875 pull:0.0263032
1/mass: 0.21125 pull:-0.231535
1/mass: 0.21375 pull:-0.647915
1/mass: 0.21625 pull:-0.35412
1/mass: 0.21875 pull:0.0667875
1/mass: 0.22125 pull:1.66733
1/mass: 0.22375 pull:-1.62081
1/mass: 0.22625 pull:0.363307
1/mass: 0.22875 pull:0.964018
2
2
2
Fitting bin 9 (Ek: 0.587609-0.821474 GeV/n)...
[#1] INFO:Minimization -- p.d.f. provides expected number of events, including extended term in likelihood.
[#1] INFO:Fitting -- RooAbsPdf::fitTo(model) fixing normalization set for coefficient determination to observables in data
[#1] INFO:Fitting -- RooAddition::defaultErrorLevel(nll_model_data) Summation contains a RooNLLVar, using its error level
[#1] INFO:Minimization -- RooAbsMinimizerFcn::setOptimizeConst: activating const optimization
[#1] INFO:Fitting -- RooAbsPdf::fitTo(model) Calculating sum-of-weights-squared correction matrix for covariance matrix
[#1] INFO:Minimization -- RooAbsMinimizerFcn::setOptimizeConst: deactivating const optimization
Total chi2/ndf: 1.89042
  Fit Result: Chi2/NDF = 132.329/70 = 1.89042, Status = 0
[#1] INFO:Plotting -- RooAbsPdf::plotOn(model) directly selected PDF components: (pdf7)
[#1] INFO:Plotting -- RooAbsPdf::plotOn(model) indirectly selected PDF components: ()
[#1] INFO:Plotting -- RooAbsPdf::plotOn(model) directly selected PDF components: (pdf9)
[#1] INFO:Plotting -- RooAbsPdf::plotOn(model) indirectly selected PDF components: ()
[#1] INFO:Plotting -- RooAbsPdf::plotOn(model) directly selected PDF components: (pdf10)
[#1] INFO:Plotting -- RooAbsPdf::plotOn(model) indirectly selected PDF components: ()
1/mass: 0.05125 pull:0.824504
1/mass: 0.05375 pull:0.47337
1/mass: 0.05625 pull:-0.312511
1/mass: 0.05875 pull:-0.406519
1/mass: 0.06125 pull:-1.0061
1/mass: 0.06375 pull:3.00227
1/mass: 0.06625 pull:0.488461
1/mass: 0.06875 pull:0.699174
1/mass: 0.07125 pull:-1.24164
1/mass: 0.07375 pull:1.85494
1/mass: 0.07625 pull:-0.389338
1/mass: 0.07875 pull:0.757745
1/mass: 0.08125 pull:2.04075
1/mass: 0.08375 pull:2.27027
1/mass: 0.08625 pull:-0.521612
1/mass: 0.08875 pull:1.28563
1/mass: 0.09125 pull:-0.798717
1/mass: 0.09375 pull:-1.00568
1/mass: 0.09625 pull:0.34614
1/mass: 0.09875 pull:-1.11652
1/mass: 0.10125 pull:-0.328361
1/mass: 0.10375 pull:-0.0747235
1/mass: 0.10625 pull:0.519908
1/mass: 0.10875 pull:0.551029
1/mass: 0.11125 pull:-0.34934
1/mass: 0.11375 pull:-1.30204
1/mass: 0.11625 pull:-3.06663
1/mass: 0.11875 pull:-0.872093
1/mass: 0.12125 pull:-0.104034
1/mass: 0.12375 pull:0.00839894
1/mass: 0.12625 pull:0.61629
1/mass: 0.12875 pull:3.2112
1/mass: 0.13125 pull:2.55345
1/mass: 0.13375 pull:-0.317257
1/mass: 0.13625 pull:1.78813
1/mass: 0.13875 pull:-0.647971
1/mass: 0.14125 pull:-2.04624
1/mass: 0.14375 pull:-0.63667
1/mass: 0.14625 pull:0.0747464
1/mass: 0.14875 pull:-0.183711
1/mass: 0.15125 pull:-0.0843192
1/mass: 0.15375 pull:-1.19138
1/mass: 0.15625 pull:-0.596808
1/mass: 0.15875 pull:-0.809611
1/mass: 0.16125 pull:-0.430412
1/mass: 0.16375 pull:-0.449705
1/mass: 0.16625 pull:-0.0696396
1/mass: 0.16875 pull:-1.98664
1/mass: 0.17125 pull:-0.0465865
1/mass: 0.17375 pull:-1.73522
1/mass: 0.17625 pull:0.856804
1/mass: 0.17875 pull:2.90491
1/mass: 0.18125 pull:-0.158841
1/mass: 0.18375 pull:0.160015
1/mass: 0.18625 pull:1.16863
1/mass: 0.18875 pull:1.84366
1/mass: 0.19125 pull:3.93852
1/mass: 0.19375 pull:1.68414
1/mass: 0.19625 pull:-0.859606
1/mass: 0.19875 pull:2.36019
1/mass: 0.20125 pull:-0.549237
1/mass: 0.20375 pull:-0.226853
1/mass: 0.20625 pull:-0.438601
1/mass: 0.20875 pull:1.97921
1/mass: 0.21125 pull:-1.38597
1/mass: 0.21375 pull:0.210044
1/mass: 0.21625 pull:-0.11045
1/mass: 0.21875 pull:1.07586
1/mass: 0.22125 pull:-2.15668
1/mass: 0.22375 pull:-0.470446
1/mass: 0.22625 pull:1.13202
1/mass: 0.22875 pull:0.109041
2
2
2
Fitting bin 11 (Ek: 0.821474-1.11303 GeV/n)...
[#1] INFO:Minimization -- p.d.f. provides expected number of events, including extended term in likelihood.
[#1] INFO:Fitting -- RooAbsPdf::fitTo(model) fixing normalization set for coefficient determination to observables in data
[#1] INFO:Fitting -- RooAddition::defaultErrorLevel(nll_model_data) Summation contains a RooNLLVar, using its error level
[#1] INFO:Minimization -- RooAbsMinimizerFcn::setOptimizeConst: activating const optimization
[#1] INFO:Fitting -- RooAbsPdf::fitTo(model) Calculating sum-of-weights-squared correction matrix for covariance matrix
[#1] INFO:Minimization -- RooAbsMinimizerFcn::setOptimizeConst: deactivating const optimization
Total chi2/ndf: 1.9636
  Fit Result: Chi2/NDF = 137.452/70 = 1.9636, Status = 0
[#1] INFO:Plotting -- RooAbsPdf::plotOn(model) directly selected PDF components: (pdf7)
[#1] INFO:Plotting -- RooAbsPdf::plotOn(model) indirectly selected PDF components: ()
[#1] INFO:Plotting -- RooAbsPdf::plotOn(model) directly selected PDF components: (pdf9)
[#1] INFO:Plotting -- RooAbsPdf::plotOn(model) indirectly selected PDF components: ()
[#1] INFO:Plotting -- RooAbsPdf::plotOn(model) directly selected PDF components: (pdf10)
[#1] INFO:Plotting -- RooAbsPdf::plotOn(model) indirectly selected PDF components: ()
1/mass: 0.05125 pull:0.315653
1/mass: 0.05375 pull:-0.382198
1/mass: 0.05625 pull:-1.54431
1/mass: 0.05875 pull:-0.242163
1/mass: 0.06125 pull:1.18191
1/mass: 0.06375 pull:1.44741
1/mass: 0.06625 pull:-0.707187
1/mass: 0.06875 pull:-0.377747
1/mass: 0.07125 pull:0.0973216
1/mass: 0.07375 pull:1.48982
1/mass: 0.07625 pull:2.05405
1/mass: 0.07875 pull:-0.277128
1/mass: 0.08125 pull:2.06643
1/mass: 0.08375 pull:-0.434233
1/mass: 0.08625 pull:0.733984
1/mass: 0.08875 pull:1.23971
1/mass: 0.09125 pull:0.529158
1/mass: 0.09375 pull:-0.448859
1/mass: 0.09625 pull:-1.11924
1/mass: 0.09875 pull:-0.366305
1/mass: 0.10125 pull:-0.760475
1/mass: 0.10375 pull:-1.03082
1/mass: 0.10625 pull:0.299481
1/mass: 0.10875 pull:0.814802
1/mass: 0.11125 pull:-1.32778
1/mass: 0.11375 pull:1.27004
1/mass: 0.11625 pull:-1.36529
1/mass: 0.11875 pull:-2.42195
1/mass: 0.12125 pull:1.35564
1/mass: 0.12375 pull:-1.5672
1/mass: 0.12625 pull:2.737
1/mass: 0.12875 pull:1.51882
1/mass: 0.13125 pull:1.41388
1/mass: 0.13375 pull:-0.592304
1/mass: 0.13625 pull:-0.186991
1/mass: 0.13875 pull:1.14403
1/mass: 0.14125 pull:-2.11069
1/mass: 0.14375 pull:-0.644714
1/mass: 0.14625 pull:0.960443
1/mass: 0.14875 pull:-2.42323
1/mass: 0.15125 pull:-2.98685
1/mass: 0.15375 pull:-2.0018
1/mass: 0.15625 pull:0.417845
1/mass: 0.15875 pull:-0.795209
1/mass: 0.16125 pull:0.31628
1/mass: 0.16375 pull:-0.841979
1/mass: 0.16625 pull:0.272531
1/mass: 0.16875 pull:-2.11169
1/mass: 0.17125 pull:0.623893
1/mass: 0.17375 pull:0.137737
1/mass: 0.17625 pull:1.18464
1/mass: 0.17875 pull:-0.441648
1/mass: 0.18125 pull:1.60288
1/mass: 0.18375 pull:2.67219
1/mass: 0.18625 pull:1.53363
1/mass: 0.18875 pull:2.24322
1/mass: 0.19125 pull:1.93981
1/mass: 0.19375 pull:1.9862
1/mass: 0.19625 pull:1.38737
1/mass: 0.19875 pull:2.10973
1/mass: 0.20125 pull:1.07351
1/mass: 0.20375 pull:2.92508
1/mass: 0.20625 pull:0.747324
1/mass: 0.20875 pull:0.545299
1/mass: 0.21125 pull:0.98026
1/mass: 0.21375 pull:2.14732
1/mass: 0.21625 pull:-0.708154
1/mass: 0.21875 pull:0.772276
1/mass: 0.22125 pull:0.0839461
1/mass: 0.22375 pull:0.666258
1/mass: 0.22625 pull:-1.48246
1/mass: 0.22875 pull:0.777475
2
2
2
Fitting bin 13 (Ek: 1.11303-1.4714 GeV/n)...
[#1] INFO:Minimization -- p.d.f. provides expected number of events, including extended term in likelihood.
[#1] INFO:Fitting -- RooAbsPdf::fitTo(model) fixing normalization set for coefficient determination to observables in data
[#1] INFO:Fitting -- RooAddition::defaultErrorLevel(nll_model_data) Summation contains a RooNLLVar, using its error level
[#1] INFO:Minimization -- RooAbsMinimizerFcn::setOptimizeConst: activating const optimization
[#1] INFO:Fitting -- RooAbsPdf::fitTo(model) Calculating sum-of-weights-squared correction matrix for covariance matrix
[#1] INFO:Minimization -- RooAbsMinimizerFcn::setOptimizeConst: deactivating const optimization
Total chi2/ndf: 3.08945
  Fit Result: Chi2/NDF = 216.261/70 = 3.08945, Status = 0
[#1] INFO:Plotting -- RooAbsPdf::plotOn(model) directly selected PDF components: (pdf7)
[#1] INFO:Plotting -- RooAbsPdf::plotOn(model) indirectly selected PDF components: ()
[#1] INFO:Plotting -- RooAbsPdf::plotOn(model) directly selected PDF components: (pdf9)
[#1] INFO:Plotting -- RooAbsPdf::plotOn(model) indirectly selected PDF components: ()
[#1] INFO:Plotting -- RooAbsPdf::plotOn(model) directly selected PDF components: (pdf10)
[#1] INFO:Plotting -- RooAbsPdf::plotOn(model) indirectly selected PDF components: ()
1/mass: 0.05125 pull:0.245164
1/mass: 0.05375 pull:2.71899
1/mass: 0.05625 pull:0.662522
1/mass: 0.05875 pull:1.47472
1/mass: 0.06125 pull:-1.32977
1/mass: 0.06375 pull:0.538364
1/mass: 0.06625 pull:1.03648
1/mass: 0.06875 pull:-0.189373
1/mass: 0.07125 pull:1.71694
1/mass: 0.07375 pull:1.2296
1/mass: 0.07625 pull:-0.423171
1/mass: 0.07875 pull:1.84038
1/mass: 0.08125 pull:-0.167286
1/mass: 0.08375 pull:2.37256
1/mass: 0.08625 pull:0.403552
1/mass: 0.08875 pull:1.53492
1/mass: 0.09125 pull:-0.205129
1/mass: 0.09375 pull:-0.0995544
1/mass: 0.09625 pull:-3.33866
1/mass: 0.09875 pull:0.595709
1/mass: 0.10125 pull:-0.604481
1/mass: 0.10375 pull:-1.7277
1/mass: 0.10625 pull:-0.0838085
1/mass: 0.10875 pull:-1.14729
1/mass: 0.11125 pull:-0.275574
1/mass: 0.11375 pull:0.0315366
1/mass: 0.11625 pull:1.28904
1/mass: 0.11875 pull:-0.0244648
1/mass: 0.12125 pull:1.53142
1/mass: 0.12375 pull:-0.163986
1/mass: 0.12625 pull:-0.61483
1/mass: 0.12875 pull:1.13345
1/mass: 0.13125 pull:2.72589
1/mass: 0.13375 pull:-0.808411
1/mass: 0.13625 pull:0.952908
1/mass: 0.13875 pull:-1.8622
1/mass: 0.14125 pull:-1.99709
1/mass: 0.14375 pull:-2.53269
1/mass: 0.14625 pull:-1.85427
1/mass: 0.14875 pull:-1.84606
1/mass: 0.15125 pull:-2.6586
1/mass: 0.15375 pull:-3.12046
1/mass: 0.15625 pull:-2.32891
1/mass: 0.15875 pull:-0.163406
1/mass: 0.16125 pull:0.199495
1/mass: 0.16375 pull:-1.54375
1/mass: 0.16625 pull:-0.529235
1/mass: 0.16875 pull:0.922457
1/mass: 0.17125 pull:2.34053
1/mass: 0.17375 pull:1.02277
1/mass: 0.17625 pull:2.07265
1/mass: 0.17875 pull:1.12908
1/mass: 0.18125 pull:0.77096
1/mass: 0.18375 pull:1.73716
1/mass: 0.18625 pull:3.73241
1/mass: 0.18875 pull:2.59297
1/mass: 0.19125 pull:4.57753
1/mass: 0.19375 pull:2.70081
1/mass: 0.19625 pull:0.89884
1/mass: 0.19875 pull:1.77817
1/mass: 0.20125 pull:1.25908
1/mass: 0.20375 pull:1.22114
1/mass: 0.20625 pull:0.476712
1/mass: 0.20875 pull:3.27625
1/mass: 0.21125 pull:1.46535
1/mass: 0.21375 pull:2.47122
1/mass: 0.21625 pull:2.04885
1/mass: 0.21875 pull:1.50289
1/mass: 0.22125 pull:1.85035
1/mass: 0.22375 pull:1.49132
1/mass: 0.22625 pull:-2.4857
1/mass: 0.22875 pull:0.388035

--- Processing Detector: NaF ---
2
2
2
Fitting bin 11 (Ek: 0.821474-1.11303 GeV/n)...
[#1] INFO:Minimization -- p.d.f. provides expected number of events, including extended term in likelihood.
[#1] INFO:Fitting -- RooAbsPdf::fitTo(model) fixing normalization set for coefficient determination to observables in data
[#1] INFO:Fitting -- RooAddition::defaultErrorLevel(nll_model_data) Summation contains a RooNLLVar, using its error level
[#1] INFO:Minimization -- RooAbsMinimizerFcn::setOptimizeConst: activating const optimization
[#1] INFO:Fitting -- RooAbsPdf::fitTo(model) Calculating sum-of-weights-squared correction matrix for covariance matrix
[#1] INFO:Minimization -- RooAbsMinimizerFcn::setOptimizeConst: deactivating const optimization
Total chi2/ndf: 1.50289
  Fit Result: Chi2/NDF = 102.196/70 = 1.45995, Status = 0
[#1] INFO:Plotting -- RooAbsPdf::plotOn(model) directly selected PDF components: (pdf7)
[#1] INFO:Plotting -- RooAbsPdf::plotOn(model) indirectly selected PDF components: ()
[#1] INFO:Plotting -- RooAbsPdf::plotOn(model) directly selected PDF components: (pdf9)
[#1] INFO:Plotting -- RooAbsPdf::plotOn(model) indirectly selected PDF components: ()
[#1] INFO:Plotting -- RooAbsPdf::plotOn(model) directly selected PDF components: (pdf10)
[#1] INFO:Plotting -- RooAbsPdf::plotOn(model) indirectly selected PDF components: ()
1/mass: 0.05125 pull:1.11982
1/mass: 0.05375 pull:1.74341
1/mass: 0.06125 pull:0.435044
1/mass: 0.06375 pull:1.45189
1/mass: 0.06625 pull:-1.51373
1/mass: 0.06875 pull:1.04044
1/mass: 0.07125 pull:1.50671
1/mass: 0.07375 pull:1.40537
1/mass: 0.07625 pull:1.06069
1/mass: 0.07875 pull:-0.337547
1/mass: 0.08125 pull:1.32362
1/mass: 0.08375 pull:0.755209
1/mass: 0.08625 pull:-2.01544
1/mass: 0.08875 pull:-1.17731
1/mass: 0.09125 pull:0.410905
1/mass: 0.09375 pull:0.137884
1/mass: 0.09625 pull:-0.112453
1/mass: 0.09875 pull:-0.951724
1/mass: 0.10125 pull:1.08017
1/mass: 0.10375 pull:-1.452
1/mass: 0.10625 pull:1.26348
1/mass: 0.10875 pull:-1.42876
1/mass: 0.11125 pull:-0.48033
1/mass: 0.11375 pull:0.459601
1/mass: 0.11625 pull:-0.277287
1/mass: 0.11875 pull:0.166691
1/mass: 0.12125 pull:-0.459925
1/mass: 0.12375 pull:0.0421354
1/mass: 0.12625 pull:0.81211
1/mass: 0.12875 pull:-0.00385329
1/mass: 0.13125 pull:0.689393
1/mass: 0.13375 pull:0.62244
1/mass: 0.13625 pull:-1.98915
1/mass: 0.13875 pull:0.53242
1/mass: 0.14125 pull:2.00595
1/mass: 0.14375 pull:0.830685
1/mass: 0.14625 pull:-2.55725
1/mass: 0.14875 pull:-0.526167
1/mass: 0.15125 pull:0.876273
1/mass: 0.15375 pull:0.61295
1/mass: 0.15625 pull:-0.449796
1/mass: 0.15875 pull:1.28687
1/mass: 0.16125 pull:-0.777559
1/mass: 0.16375 pull:-1.84681
1/mass: 0.16625 pull:-0.418236
1/mass: 0.16875 pull:-0.221947
1/mass: 0.17125 pull:-0.42296
1/mass: 0.17375 pull:-1.35949
1/mass: 0.17625 pull:0.061101
1/mass: 0.17875 pull:2.0237
1/mass: 0.18125 pull:2.24895
1/mass: 0.18375 pull:-2.34555
1/mass: 0.18625 pull:0.656345
1/mass: 0.18875 pull:1.04226
1/mass: 0.19125 pull:-1.68053
1/mass: 0.19375 pull:0.601007
1/mass: 0.19625 pull:0.361889
1/mass: 0.19875 pull:0.335416
1/mass: 0.20125 pull:1.16367
1/mass: 0.20375 pull:0.267646
1/mass: 0.20625 pull:-1.5057
1/mass: 0.20875 pull:0.390652
1/mass: 0.21125 pull:-0.876399
1/mass: 0.21375 pull:-1.26019
1/mass: 0.21625 pull:-3.89967
1/mass: 0.21875 pull:-1.44667
1/mass: 0.22125 pull:0.556729
1/mass: 0.22375 pull:0.255625
1/mass: 0.22625 pull:-0.266309
1/mass: 0.22875 pull:-0.290232
2
2
2
Fitting bin 13 (Ek: 1.11303-1.4714 GeV/n)...
[#1] INFO:Minimization -- p.d.f. provides expected number of events, including extended term in likelihood.
[#1] INFO:Fitting -- RooAbsPdf::fitTo(model) fixing normalization set for coefficient determination to observables in data
[#1] INFO:Fitting -- RooAddition::defaultErrorLevel(nll_model_data) Summation contains a RooNLLVar, using its error level
[#1] INFO:Minimization -- RooAbsMinimizerFcn::setOptimizeConst: activating const optimization
[#1] INFO:Fitting -- RooAbsPdf::fitTo(model) Calculating sum-of-weights-squared correction matrix for covariance matrix
[#1] INFO:Minimization -- RooAbsMinimizerFcn::setOptimizeConst: deactivating const optimization
Total chi2/ndf: 1.48338
  Fit Result: Chi2/NDF = 100.87/70 = 1.44099, Status = 0
[#1] INFO:Plotting -- RooAbsPdf::plotOn(model) directly selected PDF components: (pdf7)
[#1] INFO:Plotting -- RooAbsPdf::plotOn(model) indirectly selected PDF components: ()
[#1] INFO:Plotting -- RooAbsPdf::plotOn(model) directly selected PDF components: (pdf9)
[#1] INFO:Plotting -- RooAbsPdf::plotOn(model) indirectly selected PDF components: ()
[#1] INFO:Plotting -- RooAbsPdf::plotOn(model) directly selected PDF components: (pdf10)
[#1] INFO:Plotting -- RooAbsPdf::plotOn(model) indirectly selected PDF components: ()
1/mass: 0.05375 pull:0.242832
1/mass: 0.05625 pull:0.250956
1/mass: 0.05875 pull:0.745005
1/mass: 0.06125 pull:0.510698
1/mass: 0.06375 pull:0.134218
1/mass: 0.06875 pull:-1.92474
1/mass: 0.07125 pull:-5.56219
1/mass: 0.07375 pull:0.944912
1/mass: 0.07625 pull:0.874008
1/mass: 0.07875 pull:0.914335
1/mass: 0.08125 pull:0.0571833
1/mass: 0.08375 pull:0.431297
1/mass: 0.08625 pull:-0.328433
1/mass: 0.08875 pull:0.158586
1/mass: 0.09125 pull:-1.01049
1/mass: 0.09375 pull:0.361996
1/mass: 0.09625 pull:-0.84564
1/mass: 0.09875 pull:0.291547
1/mass: 0.10125 pull:-1.0153
1/mass: 0.10375 pull:1.14392
1/mass: 0.10625 pull:-0.429108
1/mass: 0.10875 pull:1.44706
1/mass: 0.11125 pull:-0.607206
1/mass: 0.11375 pull:-0.772792
1/mass: 0.11625 pull:-0.234917
1/mass: 0.11875 pull:1.81297
1/mass: 0.12125 pull:-0.42847
1/mass: 0.12375 pull:-0.408059
1/mass: 0.12625 pull:-0.783285
1/mass: 0.12875 pull:1.00661
1/mass: 0.13125 pull:-0.61128
1/mass: 0.13375 pull:1.76685
1/mass: 0.13625 pull:-1.40928
1/mass: 0.13875 pull:-2.13164
1/mass: 0.14125 pull:-0.52388
1/mass: 0.14375 pull:0.0414998
1/mass: 0.14625 pull:-1.45072
1/mass: 0.14875 pull:2.25496
1/mass: 0.15125 pull:0.204263
1/mass: 0.15375 pull:0.370498
1/mass: 0.15625 pull:-0.412974
1/mass: 0.15875 pull:0.251143
1/mass: 0.16125 pull:0.338312
1/mass: 0.16375 pull:-0.563468
1/mass: 0.16625 pull:0.274166
1/mass: 0.16875 pull:0.0483277
1/mass: 0.17125 pull:-2.86111
1/mass: 0.17375 pull:0.323827
1/mass: 0.17625 pull:0.363133
1/mass: 0.17875 pull:1.05608
1/mass: 0.18125 pull:1.88501
1/mass: 0.18375 pull:1.83957
1/mass: 0.18625 pull:-0.597402
1/mass: 0.18875 pull:-0.27971
1/mass: 0.19125 pull:-0.931801
1/mass: 0.19375 pull:-0.520899
1/mass: 0.19625 pull:-0.293347
1/mass: 0.19875 pull:-1.12208
1/mass: 0.20125 pull:0.31341
1/mass: 0.20375 pull:0.120265
1/mass: 0.20625 pull:1.2199
1/mass: 0.20875 pull:0.510497
1/mass: 0.21125 pull:1.13863
1/mass: 0.21375 pull:1.75591
1/mass: 0.21625 pull:-0.557265
1/mass: 0.21875 pull:-0.533245
1/mass: 0.22125 pull:0.815776
1/mass: 0.22375 pull:-1.78396
1/mass: 0.22625 pull:-0.53052
1/mass: 0.22875 pull:0.909938
2
2
2
Fitting bin 15 (Ek: 1.4714-1.91049 GeV/n)...
[#1] INFO:Minimization -- p.d.f. provides expected number of events, including extended term in likelihood.
[#1] INFO:Fitting -- RooAbsPdf::fitTo(model) fixing normalization set for coefficient determination to observables in data
[#1] INFO:Fitting -- RooAddition::defaultErrorLevel(nll_model_data) Summation contains a RooNLLVar, using its error level
[#1] INFO:Minimization -- RooAbsMinimizerFcn::setOptimizeConst: activating const optimization
[#1] INFO:Fitting -- RooAbsPdf::fitTo(model) Calculating sum-of-weights-squared correction matrix for covariance matrix
[#1] INFO:Minimization -- RooAbsMinimizerFcn::setOptimizeConst: deactivating const optimization
Total chi2/ndf: 1.2124
  Fit Result: Chi2/NDF = 83.6555/70 = 1.19508, Status = 0
[#1] INFO:Plotting -- RooAbsPdf::plotOn(model) directly selected PDF components: (pdf7)
[#1] INFO:Plotting -- RooAbsPdf::plotOn(model) indirectly selected PDF components: ()
[#1] INFO:Plotting -- RooAbsPdf::plotOn(model) directly selected PDF components: (pdf9)
[#1] INFO:Plotting -- RooAbsPdf::plotOn(model) indirectly selected PDF components: ()
[#1] INFO:Plotting -- RooAbsPdf::plotOn(model) directly selected PDF components: (pdf10)
[#1] INFO:Plotting -- RooAbsPdf::plotOn(model) indirectly selected PDF components: ()
1/mass: 0.05125 pull:1.09109
1/mass: 0.05375 pull:0.392201
1/mass: 0.05875 pull:-0.0758089
1/mass: 0.06125 pull:0.883231
1/mass: 0.06375 pull:-1.13465
1/mass: 0.06625 pull:1.26585
1/mass: 0.06875 pull:1.43902
1/mass: 0.07125 pull:0.84894
1/mass: 0.07375 pull:-1.93113
1/mass: 0.07625 pull:-2.33588
1/mass: 0.07875 pull:-0.850846
1/mass: 0.08125 pull:0.848047
1/mass: 0.08375 pull:0.867831
1/mass: 0.08625 pull:1.63822
1/mass: 0.08875 pull:3.08546
1/mass: 0.09125 pull:-1.36069
1/mass: 0.09375 pull:-1.76394
1/mass: 0.09625 pull:1.10212
1/mass: 0.09875 pull:-0.0604221
1/mass: 0.10125 pull:0.217368
1/mass: 0.10375 pull:-0.610018
1/mass: 0.10625 pull:-1.70431
1/mass: 0.10875 pull:-1.23801
1/mass: 0.11125 pull:0.924505
1/mass: 0.11375 pull:-1.71559
1/mass: 0.11625 pull:-0.672815
1/mass: 0.11875 pull:0.712159
1/mass: 0.12125 pull:0.260782
1/mass: 0.12375 pull:0.276083
1/mass: 0.12625 pull:1.8387
1/mass: 0.12875 pull:-0.00789876
1/mass: 0.13125 pull:-0.763211
1/mass: 0.13375 pull:-0.236337
1/mass: 0.13625 pull:1.66415
1/mass: 0.13875 pull:0.419155
1/mass: 0.14125 pull:0.632302
1/mass: 0.14375 pull:-0.754746
1/mass: 0.14625 pull:0.256573
1/mass: 0.14875 pull:-0.323355
1/mass: 0.15125 pull:-0.459666
1/mass: 0.15375 pull:-0.891759
1/mass: 0.15625 pull:0.176966
1/mass: 0.15875 pull:0.818625
1/mass: 0.16125 pull:-0.291351
1/mass: 0.16375 pull:-0.568342
1/mass: 0.16625 pull:-0.351682
1/mass: 0.16875 pull:-0.0816463
1/mass: 0.17125 pull:-1.27897
1/mass: 0.17375 pull:1.18437
1/mass: 0.17625 pull:-0.72021
1/mass: 0.17875 pull:-0.144976
1/mass: 0.18125 pull:-0.361351
1/mass: 0.18375 pull:0.989685
1/mass: 0.18625 pull:-0.649972
1/mass: 0.18875 pull:-0.0129687
1/mass: 0.19125 pull:0.136738
1/mass: 0.19375 pull:0.866143
1/mass: 0.19625 pull:-1.01833
1/mass: 0.19875 pull:-0.248721
1/mass: 0.20125 pull:1.46008
1/mass: 0.20375 pull:0.855119
1/mass: 0.20625 pull:1.31548
1/mass: 0.20875 pull:0.599299
1/mass: 0.21125 pull:2.30821
1/mass: 0.21375 pull:-1.3599
1/mass: 0.21625 pull:0.42829
1/mass: 0.21875 pull:-1.55801
1/mass: 0.22125 pull:-0.0722501
1/mass: 0.22375 pull:-0.59699
1/mass: 0.22625 pull:-1.77442
1/mass: 0.22875 pull:0.859272
2
2
2
Fitting bin 17 (Ek: 1.91049-2.43494 GeV/n)...
[#1] INFO:Minimization -- p.d.f. provides expected number of events, including extended term in likelihood.
[#1] INFO:Fitting -- RooAbsPdf::fitTo(model) fixing normalization set for coefficient determination to observables in data
[#1] INFO:Fitting -- RooAddition::defaultErrorLevel(nll_model_data) Summation contains a RooNLLVar, using its error level
[#1] INFO:Minimization -- RooAbsMinimizerFcn::setOptimizeConst: activating const optimization
[#1] INFO:Fitting -- RooAbsPdf::fitTo(model) Calculating sum-of-weights-squared correction matrix for covariance matrix
[#1] INFO:Minimization -- RooAbsMinimizerFcn::setOptimizeConst: deactivating const optimization
Total chi2/ndf: 1.66637
  Fit Result: Chi2/NDF = 113.313/70 = 1.61876, Status = 0
[#1] INFO:Plotting -- RooAbsPdf::plotOn(model) directly selected PDF components: (pdf7)
[#1] INFO:Plotting -- RooAbsPdf::plotOn(model) indirectly selected PDF components: ()
[#1] INFO:Plotting -- RooAbsPdf::plotOn(model) directly selected PDF components: (pdf9)
[#1] INFO:Plotting -- RooAbsPdf::plotOn(model) indirectly selected PDF components: ()
[#1] INFO:Plotting -- RooAbsPdf::plotOn(model) directly selected PDF components: (pdf10)
[#1] INFO:Plotting -- RooAbsPdf::plotOn(model) indirectly selected PDF components: ()
1/mass: 0.05375 pull:1.9949
1/mass: 0.05875 pull:-0.168716
1/mass: 0.06125 pull:0.92677
1/mass: 0.06375 pull:0.699724
1/mass: 0.06625 pull:0.0523061
1/mass: 0.06875 pull:-0.844287
1/mass: 0.07125 pull:-0.0673066
1/mass: 0.07375 pull:0.491602
1/mass: 0.07625 pull:0.204837
1/mass: 0.07875 pull:2.73295
1/mass: 0.08125 pull:0.603952
1/mass: 0.08375 pull:1.71674
1/mass: 0.08625 pull:-1.22799
1/mass: 0.08875 pull:0.70978
1/mass: 0.09125 pull:0.605195
1/mass: 0.09375 pull:-0.463478
1/mass: 0.09625 pull:-3.98111
1/mass: 0.09875 pull:1.86525
1/mass: 0.10125 pull:0.340472
1/mass: 0.10375 pull:0.235145
1/mass: 0.10625 pull:-1.22017
1/mass: 0.10875 pull:-0.381096
1/mass: 0.11125 pull:-2.05363
1/mass: 0.11375 pull:-0.273067
1/mass: 0.11625 pull:1.39795
1/mass: 0.11875 pull:1.04603
1/mass: 0.12125 pull:-0.385139
1/mass: 0.12375 pull:-0.0529489
1/mass: 0.12625 pull:-0.819931
1/mass: 0.12875 pull:2.33681
1/mass: 0.13125 pull:-0.842847
1/mass: 0.13375 pull:0.569656
1/mass: 0.13625 pull:-0.970347
1/mass: 0.13875 pull:-0.961546
1/mass: 0.14125 pull:0.942932
1/mass: 0.14375 pull:0.7628
1/mass: 0.14625 pull:-0.854555
1/mass: 0.14875 pull:0.228812
1/mass: 0.15125 pull:1.59996
1/mass: 0.15375 pull:-0.707888
1/mass: 0.15625 pull:1.14941
1/mass: 0.15875 pull:-1.02082
1/mass: 0.16125 pull:-0.0115888
1/mass: 0.16375 pull:0.877751
1/mass: 0.16625 pull:0.791344
1/mass: 0.16875 pull:-1.75425
1/mass: 0.17125 pull:0.398422
1/mass: 0.17375 pull:-0.350002
1/mass: 0.17625 pull:-0.302404
1/mass: 0.17875 pull:1.13901
1/mass: 0.18125 pull:1.52603
1/mass: 0.18375 pull:-1.76779
1/mass: 0.18625 pull:-1.85941
1/mass: 0.18875 pull:-1.50387
1/mass: 0.19125 pull:-0.935942
1/mass: 0.19375 pull:1.04846
1/mass: 0.19625 pull:-0.711713
1/mass: 0.19875 pull:-0.77248
1/mass: 0.20125 pull:-1.6543
1/mass: 0.20375 pull:-0.92579
1/mass: 0.20625 pull:-1.13248
1/mass: 0.20875 pull:-2.02442
1/mass: 0.21125 pull:0.095994
1/mass: 0.21375 pull:1.70357
1/mass: 0.21625 pull:-0.56761
1/mass: 0.21875 pull:-0.708354
1/mass: 0.22125 pull:-1.0751
1/mass: 0.22375 pull:-1.60689
1/mass: 0.22625 pull:-1.11291
1/mass: 0.22875 pull:-3.18751
2
2
2
Fitting bin 19 (Ek: 2.43494-3.05875 GeV/n)...
[#1] INFO:Minimization -- p.d.f. provides expected number of events, including extended term in likelihood.
[#1] INFO:Fitting -- RooAbsPdf::fitTo(model) fixing normalization set for coefficient determination to observables in data
[#1] INFO:Fitting -- RooAddition::defaultErrorLevel(nll_model_data) Summation contains a RooNLLVar, using its error level
[#1] INFO:Minimization -- RooAbsMinimizerFcn::setOptimizeConst: activating const optimization
[#1] INFO:Fitting -- RooAbsPdf::fitTo(model) Calculating sum-of-weights-squared correction matrix for covariance matrix
[#1] INFO:Minimization -- RooAbsMinimizerFcn::setOptimizeConst: deactivating const optimization
Total chi2/ndf: 1.77269
  Fit Result: Chi2/NDF = 118.771/70 = 1.69672, Status = 0
[#1] INFO:Plotting -- RooAbsPdf::plotOn(model) directly selected PDF components: (pdf7)
[#1] INFO:Plotting -- RooAbsPdf::plotOn(model) indirectly selected PDF components: ()
[#1] INFO:Plotting -- RooAbsPdf::plotOn(model) directly selected PDF components: (pdf9)
[#1] INFO:Plotting -- RooAbsPdf::plotOn(model) indirectly selected PDF components: ()
[#1] INFO:Plotting -- RooAbsPdf::plotOn(model) directly selected PDF components: (pdf10)
[#1] INFO:Plotting -- RooAbsPdf::plotOn(model) indirectly selected PDF components: ()
1/mass: 0.05875 pull:2.04359
1/mass: 0.06125 pull:-0.209993
1/mass: 0.06375 pull:-0.82409
1/mass: 0.06625 pull:0.0479947
1/mass: 0.06875 pull:-1.69039
1/mass: 0.07125 pull:-0.347321
1/mass: 0.07375 pull:0.937785
1/mass: 0.07625 pull:-1.2561
1/mass: 0.07875 pull:0.623319
1/mass: 0.08125 pull:0.550616
1/mass: 0.08375 pull:2.53157
1/mass: 0.08625 pull:-0.605454
1/mass: 0.08875 pull:0.0529288
1/mass: 0.09125 pull:-0.642033
1/mass: 0.09375 pull:0.630317
1/mass: 0.09625 pull:0.66411
1/mass: 0.09875 pull:-1.36649
1/mass: 0.10125 pull:-1.87298
1/mass: 0.10375 pull:-2.26061
1/mass: 0.10625 pull:1.58281
1/mass: 0.10875 pull:1.11711
1/mass: 0.11125 pull:1.5506
1/mass: 0.11375 pull:-0.29987
1/mass: 0.11625 pull:-0.208331
1/mass: 0.11875 pull:0.376707
1/mass: 0.12125 pull:-1.07133
1/mass: 0.12375 pull:-0.327481
1/mass: 0.12625 pull:-1.80835
1/mass: 0.12875 pull:-0.3777
1/mass: 0.13125 pull:-0.33424
1/mass: 0.13375 pull:0.875359
1/mass: 0.13625 pull:1.82932
1/mass: 0.13875 pull:1.20219
1/mass: 0.14125 pull:2.06643
1/mass: 0.14375 pull:1.89982
1/mass: 0.14625 pull:-1.34776
1/mass: 0.14875 pull:-0.324314
1/mass: 0.15125 pull:0.808071
1/mass: 0.15375 pull:-0.588152
1/mass: 0.15625 pull:-0.42166
1/mass: 0.15875 pull:-1.65335
1/mass: 0.16125 pull:-0.274931
1/mass: 0.16375 pull:-0.115123
1/mass: 0.16625 pull:-0.576792
1/mass: 0.16875 pull:0.340719
1/mass: 0.17125 pull:-0.560094
1/mass: 0.17375 pull:0.101014
1/mass: 0.17625 pull:-0.374064
1/mass: 0.17875 pull:-0.761283
1/mass: 0.18125 pull:-2.36855
1/mass: 0.18375 pull:0.583585
1/mass: 0.18625 pull:1.32992
1/mass: 0.18875 pull:0.0088525
1/mass: 0.19125 pull:-0.216157
1/mass: 0.19375 pull:-0.450208
1/mass: 0.19625 pull:0.168697
1/mass: 0.19875 pull:0.068967
1/mass: 0.20125 pull:0.932305
1/mass: 0.20375 pull:0.931529
1/mass: 0.20625 pull:0.470225
1/mass: 0.20875 pull:1.09083
1/mass: 0.21125 pull:-0.152434
1/mass: 0.21375 pull:0.294228
1/mass: 0.21625 pull:0.0939945
1/mass: 0.21875 pull:-1.96036
1/mass: 0.22125 pull:-5.47105
1/mass: 0.22375 pull:0.55384
1/mass: 0.22625 pull:-2.77901
1/mass: 0.22875 pull:-2.02263
2
2
2
Fitting bin 21 (Ek: 3.05875-3.79127 GeV/n)...
[#1] INFO:Minimization -- p.d.f. provides expected number of events, including extended term in likelihood.
[#1] INFO:Fitting -- RooAbsPdf::fitTo(model) fixing normalization set for coefficient determination to observables in data
[#1] INFO:Fitting -- RooAddition::defaultErrorLevel(nll_model_data) Summation contains a RooNLLVar, using its error level
[#1] INFO:Minimization -- RooAbsMinimizerFcn::setOptimizeConst: activating const optimization
[#1] INFO:Fitting -- RooAbsPdf::fitTo(model) Calculating sum-of-weights-squared correction matrix for covariance matrix
[#1] INFO:Minimization -- RooAbsMinimizerFcn::setOptimizeConst: deactivating const optimization
Total chi2/ndf: 1.19133
  Fit Result: Chi2/NDF = 79.8194/70 = 1.14028, Status = 0
[#1] INFO:Plotting -- RooAbsPdf::plotOn(model) directly selected PDF components: (pdf7)
[#1] INFO:Plotting -- RooAbsPdf::plotOn(model) indirectly selected PDF components: ()
[#1] INFO:Plotting -- RooAbsPdf::plotOn(model) directly selected PDF components: (pdf9)
[#1] INFO:Plotting -- RooAbsPdf::plotOn(model) indirectly selected PDF components: ()
[#1] INFO:Plotting -- RooAbsPdf::plotOn(model) directly selected PDF components: (pdf10)
[#1] INFO:Plotting -- RooAbsPdf::plotOn(model) indirectly selected PDF components: ()
1/mass: 0.05375 pull:0.101274
1/mass: 0.05875 pull:0.401722
1/mass: 0.06375 pull:-1.67758
1/mass: 0.06625 pull:-0.459923
1/mass: 0.06875 pull:-1.20533
1/mass: 0.07125 pull:0.121352
1/mass: 0.07375 pull:1.59342
1/mass: 0.07625 pull:-1.20624
1/mass: 0.07875 pull:1.03114
1/mass: 0.08125 pull:-1.38661
1/mass: 0.08375 pull:-0.543016
1/mass: 0.08625 pull:2.19663
1/mass: 0.08875 pull:-0.694696
1/mass: 0.09125 pull:-0.0418779
1/mass: 0.09375 pull:1.76469
1/mass: 0.09625 pull:1.19908
1/mass: 0.09875 pull:-0.491152
1/mass: 0.10125 pull:-2.369
1/mass: 0.10375 pull:1.34745
1/mass: 0.10625 pull:-1.25708
1/mass: 0.10875 pull:-0.965794
1/mass: 0.11125 pull:0.240816
1/mass: 0.11375 pull:-0.779975
1/mass: 0.11625 pull:-1.64202
1/mass: 0.11875 pull:1.70538
1/mass: 0.12125 pull:2.11057
1/mass: 0.12375 pull:-0.882243
1/mass: 0.12625 pull:0.115635
1/mass: 0.12875 pull:-0.417798
1/mass: 0.13125 pull:0.0658083
1/mass: 0.13375 pull:1.05501
1/mass: 0.13625 pull:-1.0738
1/mass: 0.13875 pull:0.0747862
1/mass: 0.14125 pull:-0.65809
1/mass: 0.14375 pull:0.904593
1/mass: 0.14625 pull:1.05035
1/mass: 0.14875 pull:-0.0519773
1/mass: 0.15125 pull:0.0864381
1/mass: 0.15375 pull:0.517848
1/mass: 0.15625 pull:-1.49071
1/mass: 0.15875 pull:-0.371055
1/mass: 0.16125 pull:-1.03884
1/mass: 0.16375 pull:1.31353
1/mass: 0.16625 pull:-0.466321
1/mass: 0.16875 pull:-0.00083319
1/mass: 0.17125 pull:-0.813566
1/mass: 0.17375 pull:-0.99212
1/mass: 0.17625 pull:0.546492
1/mass: 0.17875 pull:-0.230725
1/mass: 0.18125 pull:0.765668
1/mass: 0.18375 pull:0.386454
1/mass: 0.18625 pull:-0.197198
1/mass: 0.18875 pull:0.636976
1/mass: 0.19125 pull:-0.140211
1/mass: 0.19375 pull:-0.609677
1/mass: 0.19625 pull:0.200587
1/mass: 0.19875 pull:0.873102
1/mass: 0.20125 pull:0.64538
1/mass: 0.20375 pull:0.354549
1/mass: 0.20625 pull:-0.553512
1/mass: 0.20875 pull:-0.565403
1/mass: 0.21125 pull:-0.696168
1/mass: 0.21375 pull:0.696159
1/mass: 0.21625 pull:2.01223
1/mass: 0.21875 pull:-0.267578
1/mass: 0.22125 pull:-0.255222
1/mass: 0.22375 pull:-3.61593
1/mass: 0.22625 pull:1.21662
1/mass: 0.22875 pull:0.77644
2
2
2
Fitting bin 23 (Ek: 3.79127-4.64682 GeV/n)...
[#1] INFO:Minimization -- p.d.f. provides expected number of events, including extended term in likelihood.
[#1] INFO:Fitting -- RooAbsPdf::fitTo(model) fixing normalization set for coefficient determination to observables in data
[#1] INFO:Fitting -- RooAddition::defaultErrorLevel(nll_model_data) Summation contains a RooNLLVar, using its error level
[#1] INFO:Minimization -- RooAbsMinimizerFcn::setOptimizeConst: activating const optimization
[#1] INFO:Fitting -- RooAbsPdf::fitTo(model) Calculating sum-of-weights-squared correction matrix for covariance matrix
[#1] INFO:Minimization -- RooAbsMinimizerFcn::setOptimizeConst: deactivating const optimization
Total chi2/ndf: 1.0393
  Fit Result: Chi2/NDF = 69.6334/70 = 0.994762, Status = 0
[#1] INFO:Plotting -- RooAbsPdf::plotOn(model) directly selected PDF components: (pdf7)
[#1] INFO:Plotting -- RooAbsPdf::plotOn(model) indirectly selected PDF components: ()
[#1] INFO:Plotting -- RooAbsPdf::plotOn(model) directly selected PDF components: (pdf9)
[#1] INFO:Plotting -- RooAbsPdf::plotOn(model) indirectly selected PDF components: ()
[#1] INFO:Plotting -- RooAbsPdf::plotOn(model) directly selected PDF components: (pdf10)
[#1] INFO:Plotting -- RooAbsPdf::plotOn(model) indirectly selected PDF components: ()
1/mass: 0.05625 pull:0.776696
1/mass: 0.06125 pull:-0.99202
1/mass: 0.06375 pull:0.243923
1/mass: 0.06625 pull:-0.470736
1/mass: 0.06875 pull:-0.628359
1/mass: 0.07125 pull:0.97422
1/mass: 0.07375 pull:0.504957
1/mass: 0.07625 pull:-0.322864
1/mass: 0.07875 pull:0.19421
1/mass: 0.08125 pull:-0.145568
1/mass: 0.08375 pull:-0.613837
1/mass: 0.08625 pull:0.848749
1/mass: 0.08875 pull:-0.937925
1/mass: 0.09125 pull:0.0445722
1/mass: 0.09375 pull:-1.88275
1/mass: 0.09625 pull:-0.17255
1/mass: 0.09875 pull:0.457176
1/mass: 0.10125 pull:-0.601345
1/mass: 0.10375 pull:1.52119
1/mass: 0.10625 pull:1.23575
1/mass: 0.10875 pull:0.0975524
1/mass: 0.11125 pull:-1.35586
1/mass: 0.11375 pull:0.969222
1/mass: 0.11625 pull:0.616667
1/mass: 0.11875 pull:-0.678068
1/mass: 0.12125 pull:-0.0134283
1/mass: 0.12375 pull:-1.32836
1/mass: 0.12625 pull:-0.108757
1/mass: 0.12875 pull:0.367393
1/mass: 0.13125 pull:0.0271419
1/mass: 0.13375 pull:-0.0400364
1/mass: 0.13625 pull:-1.14694
1/mass: 0.13875 pull:0.726908
1/mass: 0.14125 pull:0.568653
1/mass: 0.14375 pull:0.668999
1/mass: 0.14625 pull:-0.259078
1/mass: 0.14875 pull:0.994305
1/mass: 0.15125 pull:-0.556075
1/mass: 0.15375 pull:-0.235179
1/mass: 0.15625 pull:0.529247
1/mass: 0.15875 pull:-1.65158
1/mass: 0.16125 pull:-1.01216
1/mass: 0.16375 pull:-1.09342
1/mass: 0.16625 pull:-2.26212
1/mass: 0.16875 pull:0.588354
1/mass: 0.17125 pull:0.661294
1/mass: 0.17375 pull:0.420176
1/mass: 0.17625 pull:0.718909
1/mass: 0.17875 pull:-0.0389482
1/mass: 0.18125 pull:1.16878
1/mass: 0.18375 pull:-1.20431
1/mass: 0.18625 pull:-0.697039
1/mass: 0.18875 pull:0.306816
1/mass: 0.19125 pull:1.52559
1/mass: 0.19375 pull:0.45516
1/mass: 0.19625 pull:0.503259
1/mass: 0.19875 pull:1.68491
1/mass: 0.20125 pull:0.820706
1/mass: 0.20375 pull:0.557209
1/mass: 0.20625 pull:2.49442
1/mass: 0.20875 pull:1.32086
1/mass: 0.21125 pull:0.799738
1/mass: 0.21375 pull:0.902509
1/mass: 0.21625 pull:0.188783
1/mass: 0.21875 pull:-0.458627
1/mass: 0.22125 pull:0.164049
1/mass: 0.22375 pull:-2.11283
1/mass: 0.22625 pull:2.0504
1/mass: 0.22875 pull:-2.50376
2
2
2
Fitting bin 25 (Ek: 4.64682-5.63491 GeV/n)...
[#1] INFO:Minimization -- p.d.f. provides expected number of events, including extended term in likelihood.
[#1] INFO:Fitting -- RooAbsPdf::fitTo(model) fixing normalization set for coefficient determination to observables in data
[#1] INFO:Fitting -- RooAddition::defaultErrorLevel(nll_model_data) Summation contains a RooNLLVar, using its error level
[#1] INFO:Minimization -- RooAbsMinimizerFcn::setOptimizeConst: activating const optimization
[#1] INFO:Fitting -- RooAbsPdf::fitTo(model) Calculating sum-of-weights-squared correction matrix for covariance matrix
[#1] INFO:Minimization -- RooAbsMinimizerFcn::setOptimizeConst: deactivating const optimization
Total chi2/ndf: 2.01756
  Fit Result: Chi2/NDF = 137.194/70 = 1.95992, Status = 0
[#1] INFO:Plotting -- RooAbsPdf::plotOn(model) directly selected PDF components: (pdf7)
[#1] INFO:Plotting -- RooAbsPdf::plotOn(model) indirectly selected PDF components: ()
[#1] INFO:Plotting -- RooAbsPdf::plotOn(model) directly selected PDF components: (pdf9)
[#1] INFO:Plotting -- RooAbsPdf::plotOn(model) indirectly selected PDF components: ()
[#1] INFO:Plotting -- RooAbsPdf::plotOn(model) directly selected PDF components: (pdf10)
[#1] INFO:Plotting -- RooAbsPdf::plotOn(model) indirectly selected PDF components: ()
1/mass: 0.05375 pull:0.528523
1/mass: 0.05875 pull:-1.35459
1/mass: 0.06125 pull:0.37078
1/mass: 0.06375 pull:-3.01927
1/mass: 0.06625 pull:0.0703276
1/mass: 0.06875 pull:-0.028631
1/mass: 0.07125 pull:1.63463
1/mass: 0.07375 pull:1.33233
1/mass: 0.07625 pull:1.16105
1/mass: 0.07875 pull:1.82059
1/mass: 0.08125 pull:-0.611843
1/mass: 0.08375 pull:2.00471
1/mass: 0.08625 pull:-0.679583
1/mass: 0.08875 pull:-1.65923
1/mass: 0.09125 pull:1.10802
1/mass: 0.09375 pull:0.659599
1/mass: 0.09625 pull:-0.0978574
1/mass: 0.09875 pull:0.902826
1/mass: 0.10125 pull:-0.715171
1/mass: 0.10375 pull:0.917512
1/mass: 0.10625 pull:-0.502668
1/mass: 0.10875 pull:-2.29093
1/mass: 0.11125 pull:-1.97285
1/mass: 0.11375 pull:-0.638243
1/mass: 0.11625 pull:-1.36544
1/mass: 0.11875 pull:1.32006
1/mass: 0.12125 pull:-0.472768
1/mass: 0.12375 pull:-1.46919
1/mass: 0.12625 pull:1.94419
1/mass: 0.12875 pull:-0.225567
1/mass: 0.13125 pull:-0.458035
1/mass: 0.13375 pull:0.765
1/mass: 0.13625 pull:3.24923
1/mass: 0.13875 pull:1.46923
1/mass: 0.14125 pull:0.433507
1/mass: 0.14375 pull:1.00559
1/mass: 0.14625 pull:2.30726
1/mass: 0.14875 pull:-0.0666829
1/mass: 0.15125 pull:-0.551706
1/mass: 0.15375 pull:0.564727
1/mass: 0.15625 pull:0.925487
1/mass: 0.15875 pull:0.198663
1/mass: 0.16125 pull:-0.869291
1/mass: 0.16375 pull:-0.574848
1/mass: 0.16625 pull:-2.5989
1/mass: 0.16875 pull:-3.92067
1/mass: 0.17125 pull:-1.67068
1/mass: 0.17375 pull:0.942719
1/mass: 0.17625 pull:-0.261544
1/mass: 0.17875 pull:-0.494289
1/mass: 0.18125 pull:0.0901173
1/mass: 0.18375 pull:-1.45122
1/mass: 0.18625 pull:0.760378
1/mass: 0.18875 pull:0.25469
1/mass: 0.19125 pull:0.451172
1/mass: 0.19375 pull:0.446132
1/mass: 0.19625 pull:-2.87413
1/mass: 0.19875 pull:0.652603
1/mass: 0.20125 pull:0.695633
1/mass: 0.20375 pull:0.476685
1/mass: 0.20625 pull:-1.61743
1/mass: 0.20875 pull:-0.654287
1/mass: 0.21125 pull:-0.358269
1/mass: 0.21375 pull:-1.26599
1/mass: 0.21625 pull:-0.996807
1/mass: 0.21875 pull:-2.76555
1/mass: 0.22125 pull:-1.07241
1/mass: 0.22375 pull:1.07196
1/mass: 0.22625 pull:-2.66152
1/mass: 0.22875 pull:1.23381

--- Processing Detector: AGL ---
2
2
2
Fitting bin 19 (Ek: 2.43494-3.05875 GeV/n)...
[#1] INFO:Minimization -- p.d.f. provides expected number of events, including extended term in likelihood.
[#1] INFO:Fitting -- RooAbsPdf::fitTo(model) fixing normalization set for coefficient determination to observables in data
[#1] INFO:Fitting -- RooAddition::defaultErrorLevel(nll_model_data) Summation contains a RooNLLVar, using its error level
[#1] INFO:Minimization -- RooAbsMinimizerFcn::setOptimizeConst: activating const optimization
[#1] INFO:Fitting -- RooAbsPdf::fitTo(model) Calculating sum-of-weights-squared correction matrix for covariance matrix
[#1] INFO:Minimization -- RooAbsMinimizerFcn::setOptimizeConst: deactivating const optimization
Total chi2/ndf: 1.5377
  Fit Result: Chi2/NDF = 107.639/70 = 1.5377, Status = 0
[#1] INFO:Plotting -- RooAbsPdf::plotOn(model) directly selected PDF components: (pdf7)
[#1] INFO:Plotting -- RooAbsPdf::plotOn(model) indirectly selected PDF components: ()
[#1] INFO:Plotting -- RooAbsPdf::plotOn(model) directly selected PDF components: (pdf9)
[#1] INFO:Plotting -- RooAbsPdf::plotOn(model) indirectly selected PDF components: ()
[#1] INFO:Plotting -- RooAbsPdf::plotOn(model) directly selected PDF components: (pdf10)
[#1] INFO:Plotting -- RooAbsPdf::plotOn(model) indirectly selected PDF components: ()
1/mass: 0.05125 pull:-0.544506
1/mass: 0.05375 pull:0.684179
1/mass: 0.05625 pull:-0.100718
1/mass: 0.05875 pull:-1.94691
1/mass: 0.06125 pull:1.2963
1/mass: 0.06375 pull:-1.7386
1/mass: 0.06625 pull:1.3434
1/mass: 0.06875 pull:0.495849
1/mass: 0.07125 pull:-1.01652
1/mass: 0.07375 pull:0.21338
1/mass: 0.07625 pull:-1.06336
1/mass: 0.07875 pull:0.77795
1/mass: 0.08125 pull:2.85782
1/mass: 0.08375 pull:0.496987
1/mass: 0.08625 pull:-0.601984
1/mass: 0.08875 pull:-0.684056
1/mass: 0.09125 pull:1.02612
1/mass: 0.09375 pull:-1.31988
1/mass: 0.09625 pull:1.11802
1/mass: 0.09875 pull:-0.850256
1/mass: 0.10125 pull:0.623051
1/mass: 0.10375 pull:-0.645081
1/mass: 0.10625 pull:1.78122
1/mass: 0.10875 pull:-1.11924
1/mass: 0.11125 pull:-0.390437
1/mass: 0.11375 pull:-1.90359
1/mass: 0.11625 pull:-0.90705
1/mass: 0.11875 pull:-0.00572168
1/mass: 0.12125 pull:1.10291
1/mass: 0.12375 pull:1.09473
1/mass: 0.12625 pull:-1.8095
1/mass: 0.12875 pull:2.19466
1/mass: 0.13125 pull:0.212149
1/mass: 0.13375 pull:-1.16293
1/mass: 0.13625 pull:-1.19897
1/mass: 0.13875 pull:2.37617
1/mass: 0.14125 pull:1.44327
1/mass: 0.14375 pull:2.19073
1/mass: 0.14625 pull:0.315455
1/mass: 0.14875 pull:0.0799988
1/mass: 0.15125 pull:-0.497434
1/mass: 0.15375 pull:-0.87907
1/mass: 0.15625 pull:0.866101
1/mass: 0.15875 pull:-0.0808907
1/mass: 0.16125 pull:-1.43438
1/mass: 0.16375 pull:-0.841617
1/mass: 0.16625 pull:-1.22908
1/mass: 0.16875 pull:-1.17256
1/mass: 0.17125 pull:-1.65079
1/mass: 0.17375 pull:0.222086
1/mass: 0.17625 pull:-0.0272041
1/mass: 0.17875 pull:-1.12011
1/mass: 0.18125 pull:-0.223712
1/mass: 0.18375 pull:-0.613197
1/mass: 0.18625 pull:0.874882
1/mass: 0.18875 pull:3.20614
1/mass: 0.19125 pull:-0.519274
1/mass: 0.19375 pull:1.67725
1/mass: 0.19625 pull:0.741036
1/mass: 0.19875 pull:0.541671
1/mass: 0.20125 pull:0.298182
1/mass: 0.20375 pull:0.683425
1/mass: 0.20625 pull:1.10465
1/mass: 0.20875 pull:-0.761091
1/mass: 0.21125 pull:0.378244
1/mass: 0.21375 pull:-0.595508
1/mass: 0.21625 pull:1.32936
1/mass: 0.21875 pull:0.978958
1/mass: 0.22125 pull:-3.15876
1/mass: 0.22375 pull:-0.779401
1/mass: 0.22625 pull:0.18886
1/mass: 0.22875 pull:-0.797247
2
2
2
Fitting bin 21 (Ek: 3.05875-3.79127 GeV/n)...
[#1] INFO:Minimization -- p.d.f. provides expected number of events, including extended term in likelihood.
[#1] INFO:Fitting -- RooAbsPdf::fitTo(model) fixing normalization set for coefficient determination to observables in data
[#1] INFO:Fitting -- RooAddition::defaultErrorLevel(nll_model_data) Summation contains a RooNLLVar, using its error level
[#1] INFO:Minimization -- RooAbsMinimizerFcn::setOptimizeConst: activating const optimization
[#1] INFO:Fitting -- RooAbsPdf::fitTo(model) Calculating sum-of-weights-squared correction matrix for covariance matrix
[#1] INFO:Minimization -- RooAbsMinimizerFcn::setOptimizeConst: deactivating const optimization
Total chi2/ndf: 2.10492
  Fit Result: Chi2/NDF = 145.24/70 = 2.07485, Status = 0
[#1] INFO:Plotting -- RooAbsPdf::plotOn(model) directly selected PDF components: (pdf7)
[#1] INFO:Plotting -- RooAbsPdf::plotOn(model) indirectly selected PDF components: ()
[#1] INFO:Plotting -- RooAbsPdf::plotOn(model) directly selected PDF components: (pdf9)
[#1] INFO:Plotting -- RooAbsPdf::plotOn(model) indirectly selected PDF components: ()
[#1] INFO:Plotting -- RooAbsPdf::plotOn(model) directly selected PDF components: (pdf10)
[#1] INFO:Plotting -- RooAbsPdf::plotOn(model) indirectly selected PDF components: ()
1/mass: 0.05375 pull:0.366176
1/mass: 0.05625 pull:-3.11821
1/mass: 0.05875 pull:-5.22086
1/mass: 0.06125 pull:-0.855859
1/mass: 0.06375 pull:-1.6853
1/mass: 0.06625 pull:-1.3046
1/mass: 0.06875 pull:-1.01067
1/mass: 0.07125 pull:-1.13907
1/mass: 0.07375 pull:0.621943
1/mass: 0.07625 pull:1.21844
1/mass: 0.07875 pull:1.09217
1/mass: 0.08125 pull:0.256794
1/mass: 0.08375 pull:-1.10731
1/mass: 0.08625 pull:-0.471956
1/mass: 0.08875 pull:-0.596422
1/mass: 0.09125 pull:-1.07669
1/mass: 0.09375 pull:2.41468
1/mass: 0.09625 pull:-1.72595
1/mass: 0.09875 pull:-1.31878
1/mass: 0.10125 pull:0.856096
1/mass: 0.10375 pull:1.47641
1/mass: 0.10625 pull:0.297176
1/mass: 0.10875 pull:0.231236
1/mass: 0.11125 pull:-0.733588
1/mass: 0.11375 pull:-0.597033
1/mass: 0.11625 pull:0.792495
1/mass: 0.11875 pull:0.059935
1/mass: 0.12125 pull:-0.893061
1/mass: 0.12375 pull:1.11486
1/mass: 0.12625 pull:0.618293
1/mass: 0.12875 pull:-0.9503
1/mass: 0.13125 pull:-0.913802
1/mass: 0.13375 pull:-1.25568
1/mass: 0.13625 pull:0.295538
1/mass: 0.13875 pull:0.982922
1/mass: 0.14125 pull:0.879682
1/mass: 0.14375 pull:1.51077
1/mass: 0.14625 pull:0.553082
1/mass: 0.14875 pull:1.54863
1/mass: 0.15125 pull:0.247915
1/mass: 0.15375 pull:1.94135
1/mass: 0.15625 pull:-1.5591
1/mass: 0.15875 pull:-3.52543
1/mass: 0.16125 pull:-1.14413
1/mass: 0.16375 pull:-2.0051
1/mass: 0.16625 pull:-0.16309
1/mass: 0.16875 pull:0.646622
1/mass: 0.17125 pull:0.243461
1/mass: 0.17375 pull:0.24956
1/mass: 0.17625 pull:-0.126842
1/mass: 0.17875 pull:-0.390568
1/mass: 0.18125 pull:-1.62284
1/mass: 0.18375 pull:0.952691
1/mass: 0.18625 pull:1.66335
1/mass: 0.18875 pull:0.147786
1/mass: 0.19125 pull:1.89511
1/mass: 0.19375 pull:-0.571939
1/mass: 0.19625 pull:1.20412
1/mass: 0.19875 pull:0.612084
1/mass: 0.20125 pull:0.333977
1/mass: 0.20375 pull:3.15195
1/mass: 0.20625 pull:0.976705
1/mass: 0.20875 pull:-1.2684
1/mass: 0.21125 pull:-0.595565
1/mass: 0.21375 pull:-1.70216
1/mass: 0.21625 pull:0.73544
1/mass: 0.21875 pull:-2.7632
1/mass: 0.22125 pull:-2.3347
1/mass: 0.22375 pull:-0.567011
1/mass: 0.22625 pull:0.0497795
1/mass: 0.22875 pull:0.342234
2
2
2
Fitting bin 23 (Ek: 3.79127-4.64682 GeV/n)...
[#1] INFO:Minimization -- p.d.f. provides expected number of events, including extended term in likelihood.
[#1] INFO:Fitting -- RooAbsPdf::fitTo(model) fixing normalization set for coefficient determination to observables in data
[#1] INFO:Fitting -- RooAddition::defaultErrorLevel(nll_model_data) Summation contains a RooNLLVar, using its error level
[#1] INFO:Minimization -- RooAbsMinimizerFcn::setOptimizeConst: activating const optimization
[#1] INFO:Fitting -- RooAbsPdf::fitTo(model) Calculating sum-of-weights-squared correction matrix for covariance matrix
[#1] INFO:Minimization -- RooAbsMinimizerFcn::setOptimizeConst: deactivating const optimization
Total chi2/ndf: 1.33473
  Fit Result: Chi2/NDF = 92.0961/70 = 1.31566, Status = 0
[#1] INFO:Plotting -- RooAbsPdf::plotOn(model) directly selected PDF components: (pdf7)
[#1] INFO:Plotting -- RooAbsPdf::plotOn(model) indirectly selected PDF components: ()
[#1] INFO:Plotting -- RooAbsPdf::plotOn(model) directly selected PDF components: (pdf9)
[#1] INFO:Plotting -- RooAbsPdf::plotOn(model) indirectly selected PDF components: ()
[#1] INFO:Plotting -- RooAbsPdf::plotOn(model) directly selected PDF components: (pdf10)
[#1] INFO:Plotting -- RooAbsPdf::plotOn(model) indirectly selected PDF components: ()
1/mass: 0.05125 pull:1.09547
1/mass: 0.05625 pull:1.03251
1/mass: 0.05875 pull:-0.390235
1/mass: 0.06125 pull:0.136209
1/mass: 0.06375 pull:0.941397
1/mass: 0.06625 pull:-0.0774979
1/mass: 0.06875 pull:0.584801
1/mass: 0.07125 pull:-0.813219
1/mass: 0.07375 pull:1.07645
1/mass: 0.07625 pull:-1.02169
1/mass: 0.07875 pull:-0.506031
1/mass: 0.08125 pull:-0.276298
1/mass: 0.08375 pull:-1.07473
1/mass: 0.08625 pull:-0.354176
1/mass: 0.08875 pull:0.466109
1/mass: 0.09125 pull:-0.459344
1/mass: 0.09375 pull:0.88673
1/mass: 0.09625 pull:1.56367
1/mass: 0.09875 pull:1.13458
1/mass: 0.10125 pull:-0.102022
1/mass: 0.10375 pull:-0.115783
1/mass: 0.10625 pull:-0.501229
1/mass: 0.10875 pull:0.165471
1/mass: 0.11125 pull:-1.58794
1/mass: 0.11375 pull:-1.70197
1/mass: 0.11625 pull:-0.0252603
1/mass: 0.11875 pull:0.0798569
1/mass: 0.12125 pull:0.0513103
1/mass: 0.12375 pull:0.411277
1/mass: 0.12625 pull:-0.142237
1/mass: 0.12875 pull:0.210517
1/mass: 0.13125 pull:0.278134
1/mass: 0.13375 pull:1.54304
1/mass: 0.13625 pull:2.05182
1/mass: 0.13875 pull:-0.739473
1/mass: 0.14125 pull:0.28272
1/mass: 0.14375 pull:-0.724635
1/mass: 0.14625 pull:1.93088
1/mass: 0.14875 pull:1.99067
1/mass: 0.15125 pull:1.09441
1/mass: 0.15375 pull:1.32056
1/mass: 0.15625 pull:-0.287233
1/mass: 0.15875 pull:-1.17377
1/mass: 0.16125 pull:-2.52952
1/mass: 0.16375 pull:-1.96795
1/mass: 0.16625 pull:-0.166948
1/mass: 0.16875 pull:-2.8402
1/mass: 0.17125 pull:-0.285301
1/mass: 0.17375 pull:-0.147895
1/mass: 0.17625 pull:0.598123
1/mass: 0.17875 pull:-1.69132
1/mass: 0.18125 pull:0.607
1/mass: 0.18375 pull:0.950573
1/mass: 0.18625 pull:-0.416574
1/mass: 0.18875 pull:0.715442
1/mass: 0.19125 pull:2.28691
1/mass: 0.19375 pull:0.98956
1/mass: 0.19625 pull:-0.0697326
1/mass: 0.19875 pull:2.26068
1/mass: 0.20125 pull:0.299292
1/mass: 0.20375 pull:-2.23994
1/mass: 0.20625 pull:-1.04025
1/mass: 0.20875 pull:-0.9561
1/mass: 0.21125 pull:-1.94634
1/mass: 0.21375 pull:-0.734008
1/mass: 0.21625 pull:-0.533366
1/mass: 0.21875 pull:-1.69891
1/mass: 0.22125 pull:0.028491
1/mass: 0.22375 pull:-1.46598
1/mass: 0.22625 pull:-0.71273
1/mass: 0.22875 pull:-0.9464
2
2
2
Fitting bin 25 (Ek: 4.64682-5.63491 GeV/n)...
[#1] INFO:Minimization -- p.d.f. provides expected number of events, including extended term in likelihood.
[#1] INFO:Fitting -- RooAbsPdf::fitTo(model) fixing normalization set for coefficient determination to observables in data
[#1] INFO:Fitting -- RooAddition::defaultErrorLevel(nll_model_data) Summation contains a RooNLLVar, using its error level
[#1] INFO:Minimization -- RooAbsMinimizerFcn::setOptimizeConst: activating const optimization
[#1] INFO:Fitting -- RooAbsPdf::fitTo(model) Calculating sum-of-weights-squared correction matrix for covariance matrix
[#1] INFO:Minimization -- RooAbsMinimizerFcn::setOptimizeConst: deactivating const optimization
Total chi2/ndf: 1.35969
  Fit Result: Chi2/NDF = 93.8183/70 = 1.34026, Status = 0
[#1] INFO:Plotting -- RooAbsPdf::plotOn(model) directly selected PDF components: (pdf7)
[#1] INFO:Plotting -- RooAbsPdf::plotOn(model) indirectly selected PDF components: ()
[#1] INFO:Plotting -- RooAbsPdf::plotOn(model) directly selected PDF components: (pdf9)
[#1] INFO:Plotting -- RooAbsPdf::plotOn(model) indirectly selected PDF components: ()
[#1] INFO:Plotting -- RooAbsPdf::plotOn(model) directly selected PDF components: (pdf10)
[#1] INFO:Plotting -- RooAbsPdf::plotOn(model) indirectly selected PDF components: ()
1/mass: 0.05375 pull:0.0289259
1/mass: 0.05625 pull:0.744721
1/mass: 0.05875 pull:-1.44032
1/mass: 0.06125 pull:2.0149
1/mass: 0.06375 pull:0.891256
1/mass: 0.06625 pull:0.314291
1/mass: 0.06875 pull:0.343668
1/mass: 0.07125 pull:-0.417758
1/mass: 0.07375 pull:-0.465959
1/mass: 0.07625 pull:0.349631
1/mass: 0.07875 pull:0.966008
1/mass: 0.08125 pull:-0.486046
1/mass: 0.08375 pull:0.879077
1/mass: 0.08625 pull:-0.694619
1/mass: 0.08875 pull:0.263088
1/mass: 0.09125 pull:0.641978
1/mass: 0.09375 pull:0.673774
1/mass: 0.09625 pull:-0.910035
1/mass: 0.09875 pull:0.245819
1/mass: 0.10125 pull:-0.0358263
1/mass: 0.10375 pull:-0.695408
1/mass: 0.10625 pull:-0.949229
1/mass: 0.10875 pull:0.0480685
1/mass: 0.11125 pull:1.43675
1/mass: 0.11375 pull:0.917946
1/mass: 0.11625 pull:-1.07255
1/mass: 0.11875 pull:-1.35547
1/mass: 0.12125 pull:-0.732638
1/mass: 0.12375 pull:-0.647662
1/mass: 0.12625 pull:0.729928
1/mass: 0.12875 pull:0.301568
1/mass: 0.13125 pull:0.587022
1/mass: 0.13375 pull:1.71417
1/mass: 0.13625 pull:1.22709
1/mass: 0.13875 pull:-1.00532
1/mass: 0.14125 pull:-1.60685
1/mass: 0.14375 pull:1.87902
1/mass: 0.14625 pull:0.677936
1/mass: 0.14875 pull:0.972493
1/mass: 0.15125 pull:0.331373
1/mass: 0.15375 pull:-0.968906
1/mass: 0.15625 pull:-2.52898
1/mass: 0.15875 pull:-0.706596
1/mass: 0.16125 pull:-1.90302
1/mass: 0.16375 pull:0.0129409
1/mass: 0.16625 pull:-0.705415
1/mass: 0.16875 pull:-1.42261
1/mass: 0.17125 pull:0.156864
1/mass: 0.17375 pull:0.317896
1/mass: 0.17625 pull:0.743605
1/mass: 0.17875 pull:-0.611248
1/mass: 0.18125 pull:0.837948
1/mass: 0.18375 pull:0.849908
1/mass: 0.18625 pull:1.42165
1/mass: 0.18875 pull:2.89849
1/mass: 0.19125 pull:2.26028
1/mass: 0.19375 pull:3.34183
1/mass: 0.19625 pull:2.00497
1/mass: 0.19875 pull:0.856303
1/mass: 0.20125 pull:-0.826248
1/mass: 0.20375 pull:-1.99022
1/mass: 0.20625 pull:-0.586163
1/mass: 0.20875 pull:-0.202535
1/mass: 0.21125 pull:-0.447661
1/mass: 0.21375 pull:1.0052
1/mass: 0.21625 pull:-0.84345
1/mass: 0.21875 pull:-0.0892546
1/mass: 0.22125 pull:-0.228756
1/mass: 0.22375 pull:-1.47229
1/mass: 0.22625 pull:-0.150802
1/mass: 0.22875 pull:-1.39925
2
2
2
Fitting bin 27 (Ek: 5.63491-6.775 GeV/n)...
[#1] INFO:Minimization -- p.d.f. provides expected number of events, including extended term in likelihood.
[#1] INFO:Fitting -- RooAbsPdf::fitTo(model) fixing normalization set for coefficient determination to observables in data
[#1] INFO:Fitting -- RooAddition::defaultErrorLevel(nll_model_data) Summation contains a RooNLLVar, using its error level
[#1] INFO:Minimization -- RooAbsMinimizerFcn::setOptimizeConst: activating const optimization
[#1] INFO:Fitting -- RooAbsPdf::fitTo(model) Calculating sum-of-weights-squared correction matrix for covariance matrix
[#1] INFO:Minimization -- RooAbsMinimizerFcn::setOptimizeConst: deactivating const optimization
Total chi2/ndf: 1.30522
  Fit Result: Chi2/NDF = 90.0602/70 = 1.28657, Status = 0
[#1] INFO:Plotting -- RooAbsPdf::plotOn(model) directly selected PDF components: (pdf7)
[#1] INFO:Plotting -- RooAbsPdf::plotOn(model) indirectly selected PDF components: ()
[#1] INFO:Plotting -- RooAbsPdf::plotOn(model) directly selected PDF components: (pdf9)
[#1] INFO:Plotting -- RooAbsPdf::plotOn(model) indirectly selected PDF components: ()
[#1] INFO:Plotting -- RooAbsPdf::plotOn(model) directly selected PDF components: (pdf10)
[#1] INFO:Plotting -- RooAbsPdf::plotOn(model) indirectly selected PDF components: ()
1/mass: 0.05125 pull:0.388137
1/mass: 0.05375 pull:-1.19145
1/mass: 0.05875 pull:-0.176775
1/mass: 0.06125 pull:-0.289789
1/mass: 0.06375 pull:0.0197122
1/mass: 0.06625 pull:-0.0538191
1/mass: 0.06875 pull:0.992031
1/mass: 0.07125 pull:-0.18405
1/mass: 0.07375 pull:1.77603
1/mass: 0.07625 pull:0.0170092
1/mass: 0.07875 pull:0.30111
1/mass: 0.08125 pull:0.42668
1/mass: 0.08375 pull:-0.150968
1/mass: 0.08625 pull:0.158113
1/mass: 0.08875 pull:0.965881
1/mass: 0.09125 pull:0.167418
1/mass: 0.09375 pull:1.19525
1/mass: 0.09625 pull:0.482805
1/mass: 0.09875 pull:-0.852126
1/mass: 0.10125 pull:0.562294
1/mass: 0.10375 pull:-1.53162
1/mass: 0.10625 pull:0.0624701
1/mass: 0.10875 pull:-0.0497542
1/mass: 0.11125 pull:-0.510117
1/mass: 0.11375 pull:-2.97897
1/mass: 0.11625 pull:0.319116
1/mass: 0.11875 pull:1.2478
1/mass: 0.12125 pull:0.606582
1/mass: 0.12375 pull:2.02883
1/mass: 0.12625 pull:-1.41316
1/mass: 0.12875 pull:-0.032579
1/mass: 0.13125 pull:-1.44378
1/mass: 0.13375 pull:0.0150843
1/mass: 0.13625 pull:1.34823
1/mass: 0.13875 pull:0.912631
1/mass: 0.14125 pull:0.673889
1/mass: 0.14375 pull:-0.327373
1/mass: 0.14625 pull:0.535367
1/mass: 0.14875 pull:0.237452
1/mass: 0.15125 pull:1.59351
1/mass: 0.15375 pull:-1.15639
1/mass: 0.15625 pull:0.250117
1/mass: 0.15875 pull:0.213419
1/mass: 0.16125 pull:0.204766
1/mass: 0.16375 pull:-4.12542
1/mass: 0.16625 pull:-0.19441
1/mass: 0.16875 pull:-0.417108
1/mass: 0.17125 pull:-0.47388
1/mass: 0.17375 pull:-2.10455
1/mass: 0.17625 pull:-0.499795
1/mass: 0.17875 pull:0.543901
1/mass: 0.18125 pull:0.705131
1/mass: 0.18375 pull:0.499244
1/mass: 0.18625 pull:0.971701
1/mass: 0.18875 pull:0.794784
1/mass: 0.19125 pull:-1.64402
1/mass: 0.19375 pull:0.832508
1/mass: 0.19625 pull:1.89753
1/mass: 0.19875 pull:0.677202
1/mass: 0.20125 pull:1.14091
1/mass: 0.20375 pull:1.7457
1/mass: 0.20625 pull:1.89256
1/mass: 0.20875 pull:0.770056
1/mass: 0.21125 pull:0.369252
1/mass: 0.21375 pull:0.591482
1/mass: 0.21625 pull:-1.79413
1/mass: 0.21875 pull:1.66636
1/mass: 0.22125 pull:0.832751
1/mass: 0.22375 pull:0.928265
1/mass: 0.22625 pull:-1.33118
1/mass: 0.22875 pull:0.615528
2
2
2
Fitting bin 29 (Ek: 6.775-8.11658 GeV/n)...
[#1] INFO:Minimization -- p.d.f. provides expected number of events, including extended term in likelihood.
[#1] INFO:Fitting -- RooAbsPdf::fitTo(model) fixing normalization set for coefficient determination to observables in data
[#1] INFO:Fitting -- RooAddition::defaultErrorLevel(nll_model_data) Summation contains a RooNLLVar, using its error level
[#1] INFO:Minimization -- RooAbsMinimizerFcn::setOptimizeConst: activating const optimization
[#1] INFO:Fitting -- RooAbsPdf::fitTo(model) Calculating sum-of-weights-squared correction matrix for covariance matrix
[#1] INFO:Minimization -- RooAbsMinimizerFcn::setOptimizeConst: deactivating const optimization
Total chi2/ndf: 1.39369
  Fit Result: Chi2/NDF = 96.1649/70 = 1.37378, Status = 0
[#1] INFO:Plotting -- RooAbsPdf::plotOn(model) directly selected PDF components: (pdf7)
[#1] INFO:Plotting -- RooAbsPdf::plotOn(model) indirectly selected PDF components: ()
[#1] INFO:Plotting -- RooAbsPdf::plotOn(model) directly selected PDF components: (pdf9)
[#1] INFO:Plotting -- RooAbsPdf::plotOn(model) indirectly selected PDF components: ()
[#1] INFO:Plotting -- RooAbsPdf::plotOn(model) directly selected PDF components: (pdf10)
[#1] INFO:Plotting -- RooAbsPdf::plotOn(model) indirectly selected PDF components: ()
1/mass: 0.05125 pull:-0.00153994
1/mass: 0.05375 pull:0.146093
1/mass: 0.05875 pull:0.219043
1/mass: 0.06125 pull:-1.82713
1/mass: 0.06375 pull:1.52085
1/mass: 0.06625 pull:-0.974906
1/mass: 0.06875 pull:-0.967155
1/mass: 0.07125 pull:-1.10387
1/mass: 0.07375 pull:-0.779673
1/mass: 0.07625 pull:-1.08724
1/mass: 0.07875 pull:1.16318
1/mass: 0.08125 pull:0.105917
1/mass: 0.08375 pull:-0.261704
1/mass: 0.08625 pull:2.37575
1/mass: 0.08875 pull:1.38335
1/mass: 0.09125 pull:0.188623
1/mass: 0.09375 pull:-0.0169543
1/mass: 0.09625 pull:0.254312
1/mass: 0.09875 pull:-1.34071
1/mass: 0.10125 pull:0.850595
1/mass: 0.10375 pull:-0.348599
1/mass: 0.10625 pull:-0.678983
1/mass: 0.10875 pull:-0.82335
1/mass: 0.11125 pull:-1.49197
1/mass: 0.11375 pull:-0.806251
1/mass: 0.11625 pull:0.802918
1/mass: 0.11875 pull:1.38977
1/mass: 0.12125 pull:-0.487476
1/mass: 0.12375 pull:-0.0722782
1/mass: 0.12625 pull:0.862786
1/mass: 0.12875 pull:2.06659
1/mass: 0.13125 pull:0.0950126
1/mass: 0.13375 pull:-0.343101
1/mass: 0.13625 pull:-1.11954
1/mass: 0.13875 pull:-1.11579
1/mass: 0.14125 pull:-1.04863
1/mass: 0.14375 pull:0.252707
1/mass: 0.14625 pull:1.17989
1/mass: 0.14875 pull:-2.21753
1/mass: 0.15125 pull:-1.12717
1/mass: 0.15375 pull:0.949457
1/mass: 0.15625 pull:-2.71572
1/mass: 0.15875 pull:-1.3669
1/mass: 0.16125 pull:0.112597
1/mass: 0.16375 pull:-0.232523
1/mass: 0.16625 pull:-0.408003
1/mass: 0.16875 pull:0.0175358
1/mass: 0.17125 pull:1.96915
1/mass: 0.17375 pull:1.57479
1/mass: 0.17625 pull:1.42629
1/mass: 0.17875 pull:-0.878396
1/mass: 0.18125 pull:1.15468
1/mass: 0.18375 pull:0.824231
1/mass: 0.18625 pull:0.577996
1/mass: 0.18875 pull:2.63813
1/mass: 0.19125 pull:1.03693
1/mass: 0.19375 pull:1.20733
1/mass: 0.19625 pull:2.17149
1/mass: 0.19875 pull:-0.155723
1/mass: 0.20125 pull:-0.705801
1/mass: 0.20375 pull:-1.40459
1/mass: 0.20625 pull:1.39838
1/mass: 0.20875 pull:1.57252
1/mass: 0.21125 pull:1.50801
1/mass: 0.21375 pull:0.255147
1/mass: 0.21625 pull:0.356606
1/mass: 0.21875 pull:0.330186
1/mass: 0.22125 pull:1.14964
1/mass: 0.22375 pull:-1.68013
1/mass: 0.22625 pull:0.732052
1/mass: 0.22875 pull:-0.56782
2
2
2
Fitting bin 31 (Ek: 8.11658-9.65954 GeV/n)...
[#1] INFO:Minimization -- p.d.f. provides expected number of events, including extended term in likelihood.
[#1] INFO:Fitting -- RooAbsPdf::fitTo(model) fixing normalization set for coefficient determination to observables in data
[#1] INFO:Fitting -- RooAddition::defaultErrorLevel(nll_model_data) Summation contains a RooNLLVar, using its error level
[#1] INFO:Minimization -- RooAbsMinimizerFcn::setOptimizeConst: activating const optimization
[#1] INFO:Fitting -- RooAbsPdf::fitTo(model) Calculating sum-of-weights-squared correction matrix for covariance matrix
[#1] INFO:Minimization -- RooAbsMinimizerFcn::setOptimizeConst: deactivating const optimization
Total chi2/ndf: 1.03176
  Fit Result: Chi2/NDF = 71.1917/70 = 1.01702, Status = 0
[#1] INFO:Plotting -- RooAbsPdf::plotOn(model) directly selected PDF components: (pdf7)
[#1] INFO:Plotting -- RooAbsPdf::plotOn(model) indirectly selected PDF components: ()
[#1] INFO:Plotting -- RooAbsPdf::plotOn(model) directly selected PDF components: (pdf9)
[#1] INFO:Plotting -- RooAbsPdf::plotOn(model) indirectly selected PDF components: ()
[#1] INFO:Plotting -- RooAbsPdf::plotOn(model) directly selected PDF components: (pdf10)
[#1] INFO:Plotting -- RooAbsPdf::plotOn(model) indirectly selected PDF components: ()
1/mass: 0.05375 pull:-0.765467
1/mass: 0.05625 pull:0.712607
1/mass: 0.05875 pull:-1.7194
1/mass: 0.06125 pull:0.673349
1/mass: 0.06375 pull:-0.097646
1/mass: 0.06625 pull:-1.18609
1/mass: 0.06875 pull:1.07252
1/mass: 0.07125 pull:-1.23828
1/mass: 0.07375 pull:-0.527113
1/mass: 0.07625 pull:-1.19565
1/mass: 0.07875 pull:0.187204
1/mass: 0.08125 pull:-0.593715
1/mass: 0.08375 pull:-0.324095
1/mass: 0.08625 pull:-1.73267
1/mass: 0.08875 pull:0.539028
1/mass: 0.09125 pull:1.45139
1/mass: 0.09375 pull:0.360393
1/mass: 0.09625 pull:-0.273792
1/mass: 0.09875 pull:-1.22317
1/mass: 0.10125 pull:-1.28807
1/mass: 0.10375 pull:2.25806
1/mass: 0.10625 pull:1.0717
1/mass: 0.10875 pull:0.299273
1/mass: 0.11125 pull:-0.665432
1/mass: 0.11375 pull:0.232519
1/mass: 0.11625 pull:0.124661
1/mass: 0.11875 pull:-0.405754
1/mass: 0.12125 pull:-0.489143
1/mass: 0.12375 pull:-1.33079
1/mass: 0.12625 pull:0.771939
1/mass: 0.12875 pull:0.0533033
1/mass: 0.13125 pull:0.920152
1/mass: 0.13375 pull:-0.124308
1/mass: 0.13625 pull:0.0738465
1/mass: 0.13875 pull:-0.0313296
1/mass: 0.14125 pull:-0.128065
1/mass: 0.14375 pull:0.452432
1/mass: 0.14625 pull:-0.0361991
1/mass: 0.14875 pull:-0.404503
1/mass: 0.15125 pull:-1.08216
1/mass: 0.15375 pull:-0.523039
1/mass: 0.15625 pull:-0.862753
1/mass: 0.15875 pull:-0.410926
1/mass: 0.16125 pull:-1.68333
1/mass: 0.16375 pull:-1.28423
1/mass: 0.16625 pull:-0.259505
1/mass: 0.16875 pull:-0.638508
1/mass: 0.17125 pull:1.09558
1/mass: 0.17375 pull:1.44793
1/mass: 0.17625 pull:1.27224
1/mass: 0.17875 pull:0.174575
1/mass: 0.18125 pull:1.91609
1/mass: 0.18375 pull:0.448697
1/mass: 0.18625 pull:1.16
1/mass: 0.18875 pull:0.917245
1/mass: 0.19125 pull:0.952655
1/mass: 0.19375 pull:0.52727
1/mass: 0.19625 pull:2.0474
1/mass: 0.19875 pull:0.797148
1/mass: 0.20125 pull:-0.568738
1/mass: 0.20375 pull:-1.81713
1/mass: 0.20625 pull:-0.0747454
1/mass: 0.20875 pull:0.503441
1/mass: 0.21125 pull:-2.12296
1/mass: 0.21375 pull:-0.516147
1/mass: 0.21625 pull:1.79356
1/mass: 0.21875 pull:1.77001
1/mass: 0.22125 pull:0.692093
1/mass: 0.22375 pull:0.643185
1/mass: 0.22625 pull:-0.686643
1/mass: 0.22875 pull:-0.21319
2
2
2
Fitting bin 33 (Ek: 9.65954-11.4536 GeV/n)...
[#1] INFO:Minimization -- p.d.f. provides expected number of events, including extended term in likelihood.
[#1] INFO:Fitting -- RooAbsPdf::fitTo(model) fixing normalization set for coefficient determination to observables in data
[#1] INFO:Fitting -- RooAddition::defaultErrorLevel(nll_model_data) Summation contains a RooNLLVar, using its error level
[#1] INFO:Minimization -- RooAbsMinimizerFcn::setOptimizeConst: activating const optimization
[#1] INFO:Fitting -- RooAbsPdf::fitTo(model) Calculating sum-of-weights-squared correction matrix for covariance matrix
[#1] INFO:Minimization -- RooAbsMinimizerFcn::setOptimizeConst: deactivating const optimization
Total chi2/ndf: 1.39906
  Fit Result: Chi2/NDF = 97.9344/70 = 1.39906, Status = 0
[#1] INFO:Plotting -- RooAbsPdf::plotOn(model) directly selected PDF components: (pdf7)
[#1] INFO:Plotting -- RooAbsPdf::plotOn(model) indirectly selected PDF components: ()
[#1] INFO:Plotting -- RooAbsPdf::plotOn(model) directly selected PDF components: (pdf9)
[#1] INFO:Plotting -- RooAbsPdf::plotOn(model) indirectly selected PDF components: ()
[#1] INFO:Plotting -- RooAbsPdf::plotOn(model) directly selected PDF components: (pdf10)
[#1] INFO:Plotting -- RooAbsPdf::plotOn(model) indirectly selected PDF components: ()
1/mass: 0.05125 pull:0.327032
1/mass: 0.05375 pull:-0.675115
1/mass: 0.05625 pull:-0.565901
1/mass: 0.05875 pull:0.132126
1/mass: 0.06125 pull:1.26687
1/mass: 0.06375 pull:0.558648
1/mass: 0.06625 pull:0.920821
1/mass: 0.06875 pull:-0.887848
1/mass: 0.07125 pull:0.165788
1/mass: 0.07375 pull:0.28048
1/mass: 0.07625 pull:0.884416
1/mass: 0.07875 pull:-0.562671
1/mass: 0.08125 pull:1.17374
1/mass: 0.08375 pull:-1.256
1/mass: 0.08625 pull:-2.67096
1/mass: 0.08875 pull:0.858488
1/mass: 0.09125 pull:-0.415945
1/mass: 0.09375 pull:1.13124
1/mass: 0.09625 pull:-1.30547
1/mass: 0.09875 pull:-0.870205
1/mass: 0.10125 pull:-1.33003
1/mass: 0.10375 pull:0.801201
1/mass: 0.10625 pull:1.05057
1/mass: 0.10875 pull:1.03325
1/mass: 0.11125 pull:-0.997429
1/mass: 0.11375 pull:0.785031
1/mass: 0.11625 pull:0.853286
1/mass: 0.11875 pull:0.783634
1/mass: 0.12125 pull:0.891904
1/mass: 0.12375 pull:-0.332578
1/mass: 0.12625 pull:-1.19814
1/mass: 0.12875 pull:-0.47109
1/mass: 0.13125 pull:-0.888192
1/mass: 0.13375 pull:1.03152
1/mass: 0.13625 pull:1.45338
1/mass: 0.13875 pull:-1.85081
1/mass: 0.14125 pull:-2.26497
1/mass: 0.14375 pull:0.170394
1/mass: 0.14625 pull:-0.86713
1/mass: 0.14875 pull:-2.06005
1/mass: 0.15125 pull:-3.25527
1/mass: 0.15375 pull:1.01451
1/mass: 0.15625 pull:-0.225362
1/mass: 0.15875 pull:0.290112
1/mass: 0.16125 pull:-1.02063
1/mass: 0.16375 pull:0.576889
1/mass: 0.16625 pull:-0.584983
1/mass: 0.16875 pull:0.110133
1/mass: 0.17125 pull:0.695229
1/mass: 0.17375 pull:1.48586
1/mass: 0.17625 pull:-0.322614
1/mass: 0.17875 pull:0.581676
1/mass: 0.18125 pull:1.1529
1/mass: 0.18375 pull:-0.603397
1/mass: 0.18625 pull:1.70468
1/mass: 0.18875 pull:1.78285
1/mass: 0.19125 pull:2.473
1/mass: 0.19375 pull:0.830475
1/mass: 0.19625 pull:1.65195
1/mass: 0.19875 pull:0.0558433
1/mass: 0.20125 pull:1.29298
1/mass: 0.20375 pull:1.53274
1/mass: 0.20625 pull:1.37056
1/mass: 0.20875 pull:1.07858
1/mass: 0.21125 pull:0.561598
1/mass: 0.21375 pull:0.0849955
1/mass: 0.21625 pull:-0.0173481
1/mass: 0.21875 pull:1.71574
1/mass: 0.22125 pull:0.417627
1/mass: 0.22375 pull:-1.8329
1/mass: 0.22625 pull:1.23263
1/mass: 0.22875 pull:-0.754466
2
2
2
Fitting bin 35 (Ek: 11.4536-13.4986 GeV/n)...
[#1] INFO:Minimization -- p.d.f. provides expected number of events, including extended term in likelihood.
[#1] INFO:Fitting -- RooAbsPdf::fitTo(model) fixing normalization set for coefficient determination to observables in data
[#1] INFO:Fitting -- RooAddition::defaultErrorLevel(nll_model_data) Summation contains a RooNLLVar, using its error level
[#1] INFO:Minimization -- RooAbsMinimizerFcn::setOptimizeConst: activating const optimization
[#1] INFO:Fitting -- RooAbsPdf::fitTo(model) Calculating sum-of-weights-squared correction matrix for covariance matrix
[#1] INFO:Minimization -- RooAbsMinimizerFcn::setOptimizeConst: deactivating const optimization
Total chi2/ndf: 1.14287
  Fit Result: Chi2/NDF = 80.0007/70 = 1.14287, Status = 0
[#1] INFO:Plotting -- RooAbsPdf::plotOn(model) directly selected PDF components: (pdf7)
[#1] INFO:Plotting -- RooAbsPdf::plotOn(model) indirectly selected PDF components: ()
[#1] INFO:Plotting -- RooAbsPdf::plotOn(model) directly selected PDF components: (pdf9)
[#1] INFO:Plotting -- RooAbsPdf::plotOn(model) indirectly selected PDF components: ()
[#1] INFO:Plotting -- RooAbsPdf::plotOn(model) directly selected PDF components: (pdf10)
[#1] INFO:Plotting -- RooAbsPdf::plotOn(model) indirectly selected PDF components: ()
1/mass: 0.05125 pull:0.0685741
1/mass: 0.05375 pull:1.23748
1/mass: 0.05625 pull:-1.30063
1/mass: 0.05875 pull:0.55175
1/mass: 0.06125 pull:-0.748182
1/mass: 0.06375 pull:-0.840259
1/mass: 0.06625 pull:-1.71518
1/mass: 0.06875 pull:0.680994
1/mass: 0.07125 pull:0.304021
1/mass: 0.07375 pull:1.79343
1/mass: 0.07625 pull:-1.77637
1/mass: 0.07875 pull:1.27583
1/mass: 0.08125 pull:-0.636359
1/mass: 0.08375 pull:0.843864
1/mass: 0.08625 pull:-0.352404
1/mass: 0.08875 pull:-0.493755
1/mass: 0.09125 pull:-0.00899452
1/mass: 0.09375 pull:0.184863
1/mass: 0.09625 pull:0.371318
1/mass: 0.09875 pull:1.39474
1/mass: 0.10125 pull:-1.44417
1/mass: 0.10375 pull:-0.284758
1/mass: 0.10625 pull:-1.25361
1/mass: 0.10875 pull:0.0230446
1/mass: 0.11125 pull:0.588324
1/mass: 0.11375 pull:-0.104888
1/mass: 0.11625 pull:0.950584
1/mass: 0.11875 pull:-0.65354
1/mass: 0.12125 pull:0.430169
1/mass: 0.12375 pull:-0.98581
1/mass: 0.12625 pull:-0.963032
1/mass: 0.12875 pull:0.544942
1/mass: 0.13125 pull:-0.102512
1/mass: 0.13375 pull:2.47951
1/mass: 0.13625 pull:-1.018
1/mass: 0.13875 pull:0.236134
1/mass: 0.14125 pull:-0.430729
1/mass: 0.14375 pull:1.10658
1/mass: 0.14625 pull:0.858318
1/mass: 0.14875 pull:-0.419266
1/mass: 0.15125 pull:-0.501286
1/mass: 0.15375 pull:-1.03859
1/mass: 0.15625 pull:-1.14231
1/mass: 0.15875 pull:-1.31605
1/mass: 0.16125 pull:1.14207
1/mass: 0.16375 pull:0.640483
1/mass: 0.16625 pull:-0.969842
1/mass: 0.16875 pull:-2.18932
1/mass: 0.17125 pull:-1.34353
1/mass: 0.17375 pull:-0.244399
1/mass: 0.17625 pull:-0.368983
1/mass: 0.17875 pull:1.99185
1/mass: 0.18125 pull:0.85421
1/mass: 0.18375 pull:0.92845
1/mass: 0.18625 pull:-1.07291
1/mass: 0.18875 pull:0.173409
1/mass: 0.19125 pull:0.199835
1/mass: 0.19375 pull:1.75619
1/mass: 0.19625 pull:-0.632171
1/mass: 0.19875 pull:1.0349
1/mass: 0.20125 pull:0.441206
1/mass: 0.20375 pull:3.00044
1/mass: 0.20625 pull:0.220679
1/mass: 0.20875 pull:-0.0725237
1/mass: 0.21125 pull:-0.877433
1/mass: 0.21375 pull:1.45892
1/mass: 0.21625 pull:0.190957
1/mass: 0.21875 pull:0.953755
1/mass: 0.22125 pull:-0.244981
1/mass: 0.22375 pull:0.379955
1/mass: 0.22625 pull:-2.02678
1/mass: 0.22875 pull:0.403028
2
2
2
Fitting bin 37 (Ek: 13.4986-15.8444 GeV/n)...
[#1] INFO:Minimization -- p.d.f. provides expected number of events, including extended term in likelihood.
[#1] INFO:Fitting -- RooAbsPdf::fitTo(model) fixing normalization set for coefficient determination to observables in data
[#1] INFO:Fitting -- RooAddition::defaultErrorLevel(nll_model_data) Summation contains a RooNLLVar, using its error level
[#1] INFO:Minimization -- RooAbsMinimizerFcn::setOptimizeConst: activating const optimization
[#1] INFO:Fitting -- RooAbsPdf::fitTo(model) Calculating sum-of-weights-squared correction matrix for covariance matrix
[#1] INFO:Minimization -- RooAbsMinimizerFcn::setOptimizeConst: deactivating const optimization
Total chi2/ndf: 1.01505
  Fit Result: Chi2/NDF = 71.0534/70 = 1.01505, Status = 0
[#1] INFO:Plotting -- RooAbsPdf::plotOn(model) directly selected PDF components: (pdf7)
[#1] INFO:Plotting -- RooAbsPdf::plotOn(model) indirectly selected PDF components: ()
[#1] INFO:Plotting -- RooAbsPdf::plotOn(model) directly selected PDF components: (pdf9)
[#1] INFO:Plotting -- RooAbsPdf::plotOn(model) indirectly selected PDF components: ()
[#1] INFO:Plotting -- RooAbsPdf::plotOn(model) directly selected PDF components: (pdf10)
[#1] INFO:Plotting -- RooAbsPdf::plotOn(model) indirectly selected PDF components: ()
1/mass: 0.05125 pull:0.0286231
1/mass: 0.05375 pull:-0.0627871
1/mass: 0.05625 pull:1.62157
1/mass: 0.05875 pull:-0.224203
1/mass: 0.06125 pull:-0.20374
1/mass: 0.06375 pull:-0.259183
1/mass: 0.06625 pull:0.12592
1/mass: 0.06875 pull:-0.813155
1/mass: 0.07125 pull:0.821884
1/mass: 0.07375 pull:0.439124
1/mass: 0.07625 pull:-0.113378
1/mass: 0.07875 pull:-0.190012
1/mass: 0.08125 pull:0.0876945
1/mass: 0.08375 pull:-1.00418
1/mass: 0.08625 pull:-1.18803
1/mass: 0.08875 pull:0.616887
1/mass: 0.09125 pull:-0.397155
1/mass: 0.09375 pull:0.364664
1/mass: 0.09625 pull:0.353904
1/mass: 0.09875 pull:1.433
1/mass: 0.10125 pull:-3.27661
1/mass: 0.10375 pull:1.84465
1/mass: 0.10625 pull:0.799841
1/mass: 0.10875 pull:0.463988
1/mass: 0.11125 pull:0.3112
1/mass: 0.11375 pull:-0.674817
1/mass: 0.11625 pull:-2.13521
1/mass: 0.11875 pull:-0.312567
1/mass: 0.12125 pull:0.621865
1/mass: 0.12375 pull:-0.348474
1/mass: 0.12625 pull:0.127442
1/mass: 0.12875 pull:1.1303
1/mass: 0.13125 pull:0.607428
1/mass: 0.13375 pull:0.54343
1/mass: 0.13625 pull:-0.786846
1/mass: 0.13875 pull:0.807616
1/mass: 0.14125 pull:-0.76857
1/mass: 0.14375 pull:0.578866
1/mass: 0.14625 pull:-0.116783
1/mass: 0.14875 pull:-1.44472
1/mass: 0.15125 pull:1.08269
1/mass: 0.15375 pull:-0.657152
1/mass: 0.15625 pull:-1.24293
1/mass: 0.15875 pull:-0.435489
1/mass: 0.16125 pull:-0.815013
1/mass: 0.16375 pull:-1.94407
1/mass: 0.16625 pull:0.626173
1/mass: 0.16875 pull:-0.572454
1/mass: 0.17125 pull:1.53685
1/mass: 0.17375 pull:0.622859
1/mass: 0.17625 pull:-0.323337
1/mass: 0.17875 pull:0.0224606
1/mass: 0.18125 pull:-1.4542
1/mass: 0.18375 pull:-0.634794
1/mass: 0.18625 pull:-0.202445
1/mass: 0.18875 pull:-0.926149
1/mass: 0.19125 pull:0.324264
1/mass: 0.19375 pull:1.47619
1/mass: 0.19625 pull:-0.209681
1/mass: 0.19875 pull:1.78677
1/mass: 0.20125 pull:0.860273
1/mass: 0.20375 pull:1.06172
1/mass: 0.20625 pull:0.515513
1/mass: 0.20875 pull:1.86318
1/mass: 0.21125 pull:-0.557785
1/mass: 0.21375 pull:-0.723721
1/mass: 0.21625 pull:1.66898
1/mass: 0.21875 pull:1.60691
1/mass: 0.22125 pull:0.532697
1/mass: 0.22375 pull:-0.25626
1/mass: 0.22625 pull:0.472816
1/mass: 0.22875 pull:1.3217
2
2
2
Fitting bin 39 (Ek: 15.8444-18.5408 GeV/n)...
[#1] INFO:Minimization -- p.d.f. provides expected number of events, including extended term in likelihood.
[#1] INFO:Fitting -- RooAbsPdf::fitTo(model) fixing normalization set for coefficient determination to observables in data
[#1] INFO:Fitting -- RooAddition::defaultErrorLevel(nll_model_data) Summation contains a RooNLLVar, using its error level
[#1] INFO:Minimization -- RooAbsMinimizerFcn::setOptimizeConst: activating const optimization
[#1] INFO:Fitting -- RooAbsPdf::fitTo(model) Calculating sum-of-weights-squared correction matrix for covariance matrix
[#1] INFO:Minimization -- RooAbsMinimizerFcn::setOptimizeConst: deactivating const optimization
Total chi2/ndf: 1.04235
  Fit Result: Chi2/NDF = 72.9646/70 = 1.04235, Status = 0
[#1] INFO:Plotting -- RooAbsPdf::plotOn(model) directly selected PDF components: (pdf7)
[#1] INFO:Plotting -- RooAbsPdf::plotOn(model) indirectly selected PDF components: ()
[#1] INFO:Plotting -- RooAbsPdf::plotOn(model) directly selected PDF components: (pdf9)
[#1] INFO:Plotting -- RooAbsPdf::plotOn(model) indirectly selected PDF components: ()
[#1] INFO:Plotting -- RooAbsPdf::plotOn(model) directly selected PDF components: (pdf10)
[#1] INFO:Plotting -- RooAbsPdf::plotOn(model) indirectly selected PDF components: ()
1/mass: 0.05125 pull:-0.714791
1/mass: 0.05375 pull:-0.461822
1/mass: 0.05625 pull:-1.69104
1/mass: 0.05875 pull:0.148526
1/mass: 0.06125 pull:-0.560996
1/mass: 0.06375 pull:0.879656
1/mass: 0.06625 pull:0.0900348
1/mass: 0.06875 pull:-2.11207
1/mass: 0.07125 pull:-0.849135
1/mass: 0.07375 pull:0.0197115
1/mass: 0.07625 pull:1.51718
1/mass: 0.07875 pull:0.48791
1/mass: 0.08125 pull:-1.6917
1/mass: 0.08375 pull:0.628897
1/mass: 0.08625 pull:-1.71371
1/mass: 0.08875 pull:1.59898
1/mass: 0.09125 pull:-1.0904
1/mass: 0.09375 pull:0.138544
1/mass: 0.09625 pull:-0.635804
1/mass: 0.09875 pull:1.01651
1/mass: 0.10125 pull:0.670206
1/mass: 0.10375 pull:-0.0830474
1/mass: 0.10625 pull:-0.114515
1/mass: 0.10875 pull:1.38894
1/mass: 0.11125 pull:1.75372
1/mass: 0.11375 pull:-0.761236
1/mass: 0.11625 pull:-0.843964
1/mass: 0.11875 pull:-0.994041
1/mass: 0.12125 pull:1.14639
1/mass: 0.12375 pull:-1.03863
1/mass: 0.12625 pull:-1.98116
1/mass: 0.12875 pull:1.04758
1/mass: 0.13125 pull:1.10864
1/mass: 0.13375 pull:0.455029
1/mass: 0.13625 pull:-0.0516861
1/mass: 0.13875 pull:0.987463
1/mass: 0.14125 pull:-0.957754
1/mass: 0.14375 pull:0.0066906
1/mass: 0.14625 pull:-0.40318
1/mass: 0.14875 pull:-1.73248
1/mass: 0.15125 pull:0.281503
1/mass: 0.15375 pull:0.253721
1/mass: 0.15625 pull:0.663949
1/mass: 0.15875 pull:-1.05628
1/mass: 0.16125 pull:1.36318
1/mass: 0.16375 pull:0.330552
1/mass: 0.16625 pull:-1.30999
1/mass: 0.16875 pull:-1.55413
1/mass: 0.17125 pull:0.169096
1/mass: 0.17375 pull:0.0575231
1/mass: 0.17625 pull:1.17468
1/mass: 0.17875 pull:-0.242585
1/mass: 0.18125 pull:0.0612449
1/mass: 0.18375 pull:-0.380989
1/mass: 0.18625 pull:0.954487
1/mass: 0.18875 pull:-1.34566
1/mass: 0.19125 pull:-0.788741
1/mass: 0.19375 pull:-1.57238
1/mass: 0.19625 pull:2.03162
1/mass: 0.19875 pull:0.93853
1/mass: 0.20125 pull:0.45736
1/mass: 0.20375 pull:-0.142537
1/mass: 0.20625 pull:-0.795106
1/mass: 0.20875 pull:0.823405
1/mass: 0.21125 pull:-0.689263
1/mass: 0.21375 pull:-0.440999
1/mass: 0.21625 pull:0.0890314
1/mass: 0.21875 pull:0.676427
1/mass: 0.22125 pull:1.59855
1/mass: 0.22375 pull:1.34449
1/mass: 0.22625 pull:0.244725
1/mass: 0.22875 pull:-0.371509
2
2
2
Fitting bin 41 (Ek: 18.5408-21.6377 GeV/n)...
[#1] INFO:Minimization -- p.d.f. provides expected number of events, including extended term in likelihood.
[#1] INFO:Fitting -- RooAbsPdf::fitTo(model) fixing normalization set for coefficient determination to observables in data
[#1] INFO:Fitting -- RooAddition::defaultErrorLevel(nll_model_data) Summation contains a RooNLLVar, using its error level
[#1] INFO:Minimization -- RooAbsMinimizerFcn::setOptimizeConst: activating const optimization
[#1] INFO:Fitting -- RooAbsPdf::fitTo(model) Calculating sum-of-weights-squared correction matrix for covariance matrix
[#1] INFO:Minimization -- RooAbsMinimizerFcn::setOptimizeConst: deactivating const optimization
Total chi2/ndf: 1.61148
  Fit Result: Chi2/NDF = 112.803/70 = 1.61148, Status = 0
[#1] INFO:Plotting -- RooAbsPdf::plotOn(model) directly selected PDF components: (pdf7)
[#1] INFO:Plotting -- RooAbsPdf::plotOn(model) indirectly selected PDF components: ()
[#1] INFO:Plotting -- RooAbsPdf::plotOn(model) directly selected PDF components: (pdf9)
[#1] INFO:Plotting -- RooAbsPdf::plotOn(model) indirectly selected PDF components: ()
[#1] INFO:Plotting -- RooAbsPdf::plotOn(model) directly selected PDF components: (pdf10)
[#1] INFO:Plotting -- RooAbsPdf::plotOn(model) indirectly selected PDF components: ()
1/mass: 0.05125 pull:-0.107871
1/mass: 0.05375 pull:-1.20249
1/mass: 0.05625 pull:-1.41272
1/mass: 0.05875 pull:-1.28733
1/mass: 0.06125 pull:0.186465
1/mass: 0.06375 pull:-0.829465
1/mass: 0.06625 pull:0.502648
1/mass: 0.06875 pull:0.367342
1/mass: 0.07125 pull:-0.459018
1/mass: 0.07375 pull:-0.705476
1/mass: 0.07625 pull:-0.870185
1/mass: 0.07875 pull:0.830887
1/mass: 0.08125 pull:-0.565163
1/mass: 0.08375 pull:-0.140603
1/mass: 0.08625 pull:1.60949
1/mass: 0.08875 pull:1.3063
1/mass: 0.09125 pull:1.68451
1/mass: 0.09375 pull:1.50827
1/mass: 0.09625 pull:-0.0707065
1/mass: 0.09875 pull:-2.25265
1/mass: 0.10125 pull:0.340712
1/mass: 0.10375 pull:-1.40218
1/mass: 0.10625 pull:-1.43445
1/mass: 0.10875 pull:-0.33928
1/mass: 0.11125 pull:-0.65723
1/mass: 0.11375 pull:-0.718014
1/mass: 0.11625 pull:-0.282501
1/mass: 0.11875 pull:-0.0176058
1/mass: 0.12125 pull:2.70754
1/mass: 0.12375 pull:-0.897493
1/mass: 0.12625 pull:-0.841205
1/mass: 0.12875 pull:0.140817
1/mass: 0.13125 pull:3.93797
1/mass: 0.13375 pull:0.338918
1/mass: 0.13625 pull:0.678078
1/mass: 0.13875 pull:0.695371
1/mass: 0.14125 pull:-0.651952
1/mass: 0.14375 pull:-1.33413
1/mass: 0.14625 pull:0.651281
1/mass: 0.14875 pull:-0.544476
1/mass: 0.15125 pull:-0.897003
1/mass: 0.15375 pull:-1.85694
1/mass: 0.15625 pull:-0.0049573
1/mass: 0.15875 pull:-1.04353
1/mass: 0.16125 pull:-0.0346303
1/mass: 0.16375 pull:0.546152
1/mass: 0.16625 pull:-0.71715
1/mass: 0.16875 pull:0.395521
1/mass: 0.17125 pull:-0.077831
1/mass: 0.17375 pull:-0.542695
1/mass: 0.17625 pull:-0.842997
1/mass: 0.17875 pull:-1.1734
1/mass: 0.18125 pull:-0.916441
1/mass: 0.18375 pull:-0.0717962
1/mass: 0.18625 pull:-0.230839
1/mass: 0.18875 pull:0.817903
1/mass: 0.19125 pull:-0.88205
1/mass: 0.19375 pull:2.50594
1/mass: 0.19625 pull:1.21554
1/mass: 0.19875 pull:2.33844
1/mass: 0.20125 pull:-1.64918
1/mass: 0.20375 pull:-1.00075
1/mass: 0.20625 pull:0.097403
1/mass: 0.20875 pull:-0.465257
1/mass: 0.21125 pull:-1.73122
1/mass: 0.21375 pull:1.3308
1/mass: 0.21625 pull:1.76631
1/mass: 0.21875 pull:0.16145
1/mass: 0.22125 pull:2.12505
1/mass: 0.22375 pull:-3.78312
1/mass: 0.22625 pull:0.670188
1/mass: 0.22875 pull:0.742531

[SUCCESS] Fitting process completed. Results saved to:
/eos/user/z/zixuan/Isotope/MassTempFit/wide_MassTF_Be_L1Inner_H2_UseMass7.pdf
/eos/user/z/zixuan/Isotope/MassTempFit/wide_MassTF_Be_L1Inner_H2_UseMass7.root
====================================================================
Starting FRAGMENT Mass Template Fit for: Be from source Boron (UseMass: 7)
Chain: L1Inner
Templates: Pure (H2)
====================================================================
[INFO] Data file loaded: root://eoshome-z.cern.ch//eos/user/z/zixuan/Isotope/Add/Be_frag4.root
[INFO] Output ROOT file: /eos/user/z/zixuan/Isotope/MassTempFit/wide_MassTF_Be_L1Inner_H2_UseMass7_FragFromBoron.root

--- Processing Detector: TOF ---
2
2
2
Fitting bin 5 (Ek: 0.267548-0.406144 GeV/n)...
[#1] INFO:Minimization -- p.d.f. provides expected number of events, including extended term in likelihood.
[#1] INFO:Fitting -- RooAbsPdf::fitTo(model) fixing normalization set for coefficient determination to observables in data
[#1] INFO:Fitting -- RooAddition::defaultErrorLevel(nll_model_data) Summation contains a RooNLLVar, using its error level
[#1] INFO:Minimization -- RooAbsMinimizerFcn::setOptimizeConst: activating const optimization
[#1] INFO:Fitting -- RooAbsPdf::fitTo(model) Calculating sum-of-weights-squared correction matrix for covariance matrix
[#1] INFO:Minimization -- RooAbsMinimizerFcn::setOptimizeConst: deactivating const optimization
Total chi2/ndf: 1.05237
  Fit Result: Chi2/NDF = 33.6758/34 = 0.990465, Status = 0
[#1] INFO:Plotting -- RooAbsPdf::plotOn(model) directly selected PDF components: (pdf7)
[#1] INFO:Plotting -- RooAbsPdf::plotOn(model) indirectly selected PDF components: ()
[#1] INFO:Plotting -- RooAbsPdf::plotOn(model) directly selected PDF components: (pdf9)
[#1] INFO:Plotting -- RooAbsPdf::plotOn(model) indirectly selected PDF components: ()
[#1] INFO:Plotting -- RooAbsPdf::plotOn(model) directly selected PDF components: (pdf10)
[#1] INFO:Plotting -- RooAbsPdf::plotOn(model) indirectly selected PDF components: ()
1/mass: 0.0575 pull:0.965266
1/mass: 0.0625 pull:0.653296
1/mass: 0.0675 pull:-0.304487
1/mass: 0.0725 pull:-0.540331
1/mass: 0.0775 pull:1.88812
1/mass: 0.0825 pull:1.74591
1/mass: 0.0875 pull:-0.999676
1/mass: 0.0925 pull:-0.765393
1/mass: 0.0975 pull:1.13589
1/mass: 0.1025 pull:-1.91774
1/mass: 0.1075 pull:-0.84312
1/mass: 0.1125 pull:0.488539
1/mass: 0.1175 pull:-0.422106
1/mass: 0.1225 pull:1.06943
1/mass: 0.1275 pull:-0.400573
1/mass: 0.1325 pull:0.130635
1/mass: 0.1375 pull:1.56067
1/mass: 0.1425 pull:-1.20358
1/mass: 0.1475 pull:-0.7045
1/mass: 0.1525 pull:-0.818763
1/mass: 0.1575 pull:-0.0234416
1/mass: 0.1625 pull:0.100066
1/mass: 0.1675 pull:-1.55156
1/mass: 0.1725 pull:0.394686
1/mass: 0.1775 pull:0.279418
1/mass: 0.1825 pull:0.730838
1/mass: 0.1875 pull:1.17687
1/mass: 0.1925 pull:-0.585939
1/mass: 0.1975 pull:1.30002
1/mass: 0.2025 pull:0.795305
1/mass: 0.2075 pull:-1.79296
1/mass: 0.2125 pull:0.018169
1/mass: 0.2175 pull:0.884993
1/mass: 0.2275 pull:0.177012
2
2
2
Fitting bin 7 (Ek: 0.406144-0.587609 GeV/n)...
[#1] INFO:Minimization -- p.d.f. provides expected number of events, including extended term in likelihood.
[#1] INFO:Fitting -- RooAbsPdf::fitTo(model) fixing normalization set for coefficient determination to observables in data
[#1] INFO:Fitting -- RooAddition::defaultErrorLevel(nll_model_data) Summation contains a RooNLLVar, using its error level
[#1] INFO:Minimization -- RooAbsMinimizerFcn::setOptimizeConst: activating const optimization
[#1] INFO:Fitting -- RooAbsPdf::fitTo(model) Calculating sum-of-weights-squared correction matrix for covariance matrix
[#1] INFO:Minimization -- RooAbsMinimizerFcn::setOptimizeConst: deactivating const optimization
Total chi2/ndf: 1.34931
  Fit Result: Chi2/NDF = 41.8285/34 = 1.23025, Status = 0
[#1] INFO:Plotting -- RooAbsPdf::plotOn(model) directly selected PDF components: (pdf7)
[#1] INFO:Plotting -- RooAbsPdf::plotOn(model) indirectly selected PDF components: ()
[#1] INFO:Plotting -- RooAbsPdf::plotOn(model) directly selected PDF components: (pdf9)
[#1] INFO:Plotting -- RooAbsPdf::plotOn(model) indirectly selected PDF components: ()
[#1] INFO:Plotting -- RooAbsPdf::plotOn(model) directly selected PDF components: (pdf10)
[#1] INFO:Plotting -- RooAbsPdf::plotOn(model) indirectly selected PDF components: ()
1/mass: 0.0675 pull:2.8121
1/mass: 0.0725 pull:-0.375548
1/mass: 0.0775 pull:-1.48833
1/mass: 0.0825 pull:0.642353
1/mass: 0.0875 pull:-0.895549
1/mass: 0.0925 pull:0.72875
1/mass: 0.0975 pull:0.778094
1/mass: 0.1025 pull:0.441684
1/mass: 0.1075 pull:-2.12814
1/mass: 0.1125 pull:-0.0803165
1/mass: 0.1175 pull:0.145456
1/mass: 0.1225 pull:-0.136833
1/mass: 0.1275 pull:0.658587
1/mass: 0.1325 pull:1.19535
1/mass: 0.1375 pull:-0.87522
1/mass: 0.1425 pull:-1.21364
1/mass: 0.1475 pull:0.298677
1/mass: 0.1525 pull:-0.500725
1/mass: 0.1575 pull:-0.250889
1/mass: 0.1625 pull:0.881811
1/mass: 0.1675 pull:-0.467227
1/mass: 0.1725 pull:-0.942871
1/mass: 0.1775 pull:0.919605
1/mass: 0.1825 pull:-2.59937
1/mass: 0.1875 pull:1.4846
1/mass: 0.1925 pull:-0.338631
1/mass: 0.1975 pull:-0.392967
1/mass: 0.2025 pull:1.17344
1/mass: 0.2075 pull:0.996594
1/mass: 0.2125 pull:-1.0077
1/mass: 0.2175 pull:1.87153
1/mass: 0.2225 pull:0.664388
1/mass: 0.2275 pull:0.805194
2
2
2
Fitting bin 9 (Ek: 0.587609-0.821474 GeV/n)...
[#1] INFO:Minimization -- p.d.f. provides expected number of events, including extended term in likelihood.
[#1] INFO:Fitting -- RooAbsPdf::fitTo(model) fixing normalization set for coefficient determination to observables in data
[#1] INFO:Fitting -- RooAddition::defaultErrorLevel(nll_model_data) Summation contains a RooNLLVar, using its error level
[#1] INFO:Minimization -- RooAbsMinimizerFcn::setOptimizeConst: activating const optimization
[#1] INFO:Fitting -- RooAbsPdf::fitTo(model) Calculating sum-of-weights-squared correction matrix for covariance matrix
[#1] INFO:Minimization -- RooAbsMinimizerFcn::setOptimizeConst: deactivating const optimization
Total chi2/ndf: 0.827939
  Fit Result: Chi2/NDF = 28.1499/34 = 0.827939, Status = 0
[#1] INFO:Plotting -- RooAbsPdf::plotOn(model) directly selected PDF components: (pdf7)
[#1] INFO:Plotting -- RooAbsPdf::plotOn(model) indirectly selected PDF components: ()
[#1] INFO:Plotting -- RooAbsPdf::plotOn(model) directly selected PDF components: (pdf9)
[#1] INFO:Plotting -- RooAbsPdf::plotOn(model) indirectly selected PDF components: ()
[#1] INFO:Plotting -- RooAbsPdf::plotOn(model) directly selected PDF components: (pdf10)
[#1] INFO:Plotting -- RooAbsPdf::plotOn(model) indirectly selected PDF components: ()
1/mass: 0.0525 pull:0.662003
1/mass: 0.0575 pull:1.58204
1/mass: 0.0625 pull:0.502782
1/mass: 0.0675 pull:-0.62628
1/mass: 0.0725 pull:0.559196
1/mass: 0.0775 pull:0.116447
1/mass: 0.0825 pull:-0.612025
1/mass: 0.0875 pull:0.185214
1/mass: 0.0925 pull:0.0347245
1/mass: 0.0975 pull:-1.06681
1/mass: 0.1025 pull:-0.204685
1/mass: 0.1075 pull:0.937668
1/mass: 0.1125 pull:0.363278
1/mass: 0.1175 pull:-0.427916
1/mass: 0.1225 pull:-0.103427
1/mass: 0.1275 pull:-0.416219
1/mass: 0.1325 pull:0.523512
1/mass: 0.1375 pull:0.182331
1/mass: 0.1425 pull:-0.930287
1/mass: 0.1475 pull:0.0664729
1/mass: 0.1525 pull:-0.260875
1/mass: 0.1575 pull:0.794954
1/mass: 0.1625 pull:-1.18774
1/mass: 0.1675 pull:-0.444088
1/mass: 0.1725 pull:-2.06355
1/mass: 0.1775 pull:0.943172
1/mass: 0.1825 pull:0.275011
1/mass: 0.1875 pull:0.535797
1/mass: 0.1925 pull:2.18832
1/mass: 0.1975 pull:-0.0640721
1/mass: 0.2025 pull:-0.653615
1/mass: 0.2075 pull:-0.575266
1/mass: 0.2125 pull:1.34252
1/mass: 0.2175 pull:1.25085
1/mass: 0.2225 pull:-0.146642
1/mass: 0.2275 pull:1.82597
2
2
2
Fitting bin 11 (Ek: 0.821474-1.11303 GeV/n)...
[#1] INFO:Minimization -- p.d.f. provides expected number of events, including extended term in likelihood.
[#1] INFO:Fitting -- RooAbsPdf::fitTo(model) fixing normalization set for coefficient determination to observables in data
[#1] INFO:Fitting -- RooAddition::defaultErrorLevel(nll_model_data) Summation contains a RooNLLVar, using its error level
[#1] INFO:Minimization -- RooAbsMinimizerFcn::setOptimizeConst: activating const optimization
[#1] INFO:Fitting -- RooAbsPdf::fitTo(model) Calculating sum-of-weights-squared correction matrix for covariance matrix
[#1] INFO:Minimization -- RooAbsMinimizerFcn::setOptimizeConst: deactivating const optimization
Total chi2/ndf: 1.69897
  Fit Result: Chi2/NDF = 57.7651/34 = 1.69897, Status = 0
[#1] INFO:Plotting -- RooAbsPdf::plotOn(model) directly selected PDF components: (pdf7)
[#1] INFO:Plotting -- RooAbsPdf::plotOn(model) indirectly selected PDF components: ()
[#1] INFO:Plotting -- RooAbsPdf::plotOn(model) directly selected PDF components: (pdf9)
[#1] INFO:Plotting -- RooAbsPdf::plotOn(model) indirectly selected PDF components: ()
[#1] INFO:Plotting -- RooAbsPdf::plotOn(model) directly selected PDF components: (pdf10)
[#1] INFO:Plotting -- RooAbsPdf::plotOn(model) indirectly selected PDF components: ()
1/mass: 0.0525 pull:-0.106623
1/mass: 0.0575 pull:1.02685
1/mass: 0.0625 pull:0.989411
1/mass: 0.0675 pull:1.1183
1/mass: 0.0725 pull:-1.25721
1/mass: 0.0775 pull:-1.88847
1/mass: 0.0825 pull:-0.204623
1/mass: 0.0875 pull:1.79817
1/mass: 0.0925 pull:0.610754
1/mass: 0.0975 pull:0.11271
1/mass: 0.1025 pull:0.655668
1/mass: 0.1075 pull:-1.34665
1/mass: 0.1125 pull:-2.07059
1/mass: 0.1175 pull:0.0789916
1/mass: 0.1225 pull:1.96166
1/mass: 0.1275 pull:-0.896479
1/mass: 0.1325 pull:0.254921
1/mass: 0.1375 pull:-0.573783
1/mass: 0.1425 pull:0.36206
1/mass: 0.1475 pull:0.862371
1/mass: 0.1525 pull:1.00085
1/mass: 0.1575 pull:-2.19466
1/mass: 0.1625 pull:-2.91192
1/mass: 0.1675 pull:0.0279192
1/mass: 0.1725 pull:-1.28962
1/mass: 0.1775 pull:-0.531353
1/mass: 0.1825 pull:1.51665
1/mass: 0.1875 pull:0.916137
1/mass: 0.1925 pull:1.8197
1/mass: 0.1975 pull:2.00352
1/mass: 0.2025 pull:-0.0612963
1/mass: 0.2075 pull:0.142608
1/mass: 0.2125 pull:1.36998
1/mass: 0.2175 pull:0.901278
1/mass: 0.2225 pull:0.626857
1/mass: 0.2275 pull:1.84097
2
2
2
Fitting bin 13 (Ek: 1.11303-1.4714 GeV/n)...
[#1] INFO:Minimization -- p.d.f. provides expected number of events, including extended term in likelihood.
[#1] INFO:Fitting -- RooAbsPdf::fitTo(model) fixing normalization set for coefficient determination to observables in data
[#1] INFO:Fitting -- RooAddition::defaultErrorLevel(nll_model_data) Summation contains a RooNLLVar, using its error level
[#1] INFO:Minimization -- RooAbsMinimizerFcn::setOptimizeConst: activating const optimization
[#1] INFO:Fitting -- RooAbsPdf::fitTo(model) Calculating sum-of-weights-squared correction matrix for covariance matrix
[#1] INFO:Minimization -- RooAbsMinimizerFcn::setOptimizeConst: deactivating const optimization
Total chi2/ndf: 2.29945
  Fit Result: Chi2/NDF = 78.1812/34 = 2.29945, Status = 0
[#1] INFO:Plotting -- RooAbsPdf::plotOn(model) directly selected PDF components: (pdf7)
[#1] INFO:Plotting -- RooAbsPdf::plotOn(model) indirectly selected PDF components: ()
[#1] INFO:Plotting -- RooAbsPdf::plotOn(model) directly selected PDF components: (pdf9)
[#1] INFO:Plotting -- RooAbsPdf::plotOn(model) indirectly selected PDF components: ()
[#1] INFO:Plotting -- RooAbsPdf::plotOn(model) directly selected PDF components: (pdf10)
[#1] INFO:Plotting -- RooAbsPdf::plotOn(model) indirectly selected PDF components: ()
1/mass: 0.0525 pull:1.69505
1/mass: 0.0575 pull:1.38106
1/mass: 0.0625 pull:1.01684
1/mass: 0.0675 pull:-0.508817
1/mass: 0.0725 pull:2.55133
1/mass: 0.0775 pull:1.00963
1/mass: 0.0825 pull:1.04467
1/mass: 0.0875 pull:-0.107779
1/mass: 0.0925 pull:1.38773
1/mass: 0.0975 pull:-1.34896
1/mass: 0.1025 pull:1.03213
1/mass: 0.1075 pull:-2.3419
1/mass: 0.1125 pull:-0.248548
1/mass: 0.1175 pull:-2.37156
1/mass: 0.1225 pull:0.0883186
1/mass: 0.1275 pull:1.24637
1/mass: 0.1325 pull:-1.16477
1/mass: 0.1375 pull:3.31641
1/mass: 0.1425 pull:1.18354
1/mass: 0.1475 pull:-1.60857
1/mass: 0.1525 pull:-2.44351
1/mass: 0.1575 pull:-1.22191
1/mass: 0.1625 pull:-1.8027
1/mass: 0.1675 pull:-0.892623
1/mass: 0.1725 pull:0.2889
1/mass: 0.1775 pull:0.436456
1/mass: 0.1825 pull:0.410123
1/mass: 0.1875 pull:0.816749
1/mass: 0.1925 pull:1.88016
1/mass: 0.1975 pull:1.96393
1/mass: 0.2025 pull:0.939454
1/mass: 0.2075 pull:2.48325
1/mass: 0.2125 pull:-1.22527
1/mass: 0.2175 pull:0.819053
1/mass: 0.2225 pull:0.58484
1/mass: 0.2275 pull:0.123157

--- Processing Detector: NaF ---
2
2
2
Fitting bin 11 (Ek: 0.821474-1.11303 GeV/n)...
[#1] INFO:Minimization -- p.d.f. provides expected number of events, including extended term in likelihood.
[#1] INFO:Fitting -- RooAbsPdf::fitTo(model) fixing normalization set for coefficient determination to observables in data
[#1] INFO:Fitting -- RooAddition::defaultErrorLevel(nll_model_data) Summation contains a RooNLLVar, using its error level
[#1] INFO:Minimization -- RooAbsMinimizerFcn::setOptimizeConst: activating const optimization
[#1] INFO:Fitting -- RooAbsPdf::fitTo(model) Calculating sum-of-weights-squared correction matrix for covariance matrix
[#1] INFO:Minimization -- RooAbsMinimizerFcn::setOptimizeConst: deactivating const optimization
Total chi2/ndf: 1.65709
  Fit Result: Chi2/NDF = 39.77/34 = 1.16971, Status = 0
[#1] INFO:Plotting -- RooAbsPdf::plotOn(model) directly selected PDF components: (pdf7)
[#1] INFO:Plotting -- RooAbsPdf::plotOn(model) indirectly selected PDF components: ()
[#1] INFO:Plotting -- RooAbsPdf::plotOn(model) directly selected PDF components: (pdf9)
[#1] INFO:Plotting -- RooAbsPdf::plotOn(model) indirectly selected PDF components: ()
[#1] INFO:Plotting -- RooAbsPdf::plotOn(model) directly selected PDF components: (pdf10)
[#1] INFO:Plotting -- RooAbsPdf::plotOn(model) indirectly selected PDF components: ()
1/mass: 0.0575 pull:1.32955
1/mass: 0.0775 pull:0.591784
1/mass: 0.0825 pull:-2.87703
1/mass: 0.0875 pull:0.0554078
1/mass: 0.0925 pull:0.244931
1/mass: 0.0975 pull:0.714648
1/mass: 0.1025 pull:0.52404
1/mass: 0.1075 pull:-1.62192
1/mass: 0.1125 pull:-0.503237
1/mass: 0.1175 pull:1.3001
1/mass: 0.1225 pull:0.332817
1/mass: 0.1275 pull:-1.61189
1/mass: 0.1325 pull:1.22925
1/mass: 0.1375 pull:-0.392448
1/mass: 0.1425 pull:-1.16936
1/mass: 0.1475 pull:-0.992821
1/mass: 0.1525 pull:0.355736
1/mass: 0.1575 pull:0.204905
1/mass: 0.1625 pull:1.24094
1/mass: 0.1675 pull:0.54142
1/mass: 0.1725 pull:-3.58565
1/mass: 0.1775 pull:-0.737479
1/mass: 0.1825 pull:1.03235
1/mass: 0.1925 pull:0.237739
1/mass: 0.1975 pull:0.511175
1/mass: 0.2025 pull:0.66272
2
2
2
Fitting bin 13 (Ek: 1.11303-1.4714 GeV/n)...
[#1] INFO:Minimization -- p.d.f. provides expected number of events, including extended term in likelihood.
[#1] INFO:Fitting -- RooAbsPdf::fitTo(model) fixing normalization set for coefficient determination to observables in data
[#1] INFO:Fitting -- RooAddition::defaultErrorLevel(nll_model_data) Summation contains a RooNLLVar, using its error level
[#1] INFO:Minimization -- RooAbsMinimizerFcn::setOptimizeConst: activating const optimization
[#1] INFO:Fitting -- RooAbsPdf::fitTo(model) Calculating sum-of-weights-squared correction matrix for covariance matrix
[#1] INFO:Minimization -- RooAbsMinimizerFcn::setOptimizeConst: deactivating const optimization
Total chi2/ndf: 1.39722
  Fit Result: Chi2/NDF = 30.7389/34 = 0.904085, Status = 0
[#1] INFO:Plotting -- RooAbsPdf::plotOn(model) directly selected PDF components: (pdf7)
[#1] INFO:Plotting -- RooAbsPdf::plotOn(model) indirectly selected PDF components: ()
[#1] INFO:Plotting -- RooAbsPdf::plotOn(model) directly selected PDF components: (pdf9)
[#1] INFO:Plotting -- RooAbsPdf::plotOn(model) indirectly selected PDF components: ()
[#1] INFO:Plotting -- RooAbsPdf::plotOn(model) directly selected PDF components: (pdf10)
[#1] INFO:Plotting -- RooAbsPdf::plotOn(model) indirectly selected PDF components: ()
1/mass: 0.0775 pull:0.630361
1/mass: 0.0825 pull:-1.06087
1/mass: 0.0875 pull:1.50591
1/mass: 0.0925 pull:-1.8688
1/mass: 0.0975 pull:-3.22248
1/mass: 0.1025 pull:-0.191319
1/mass: 0.1075 pull:1.7867
1/mass: 0.1125 pull:1.44009
1/mass: 0.1175 pull:0.549181
1/mass: 0.1225 pull:-0.407602
1/mass: 0.1275 pull:-1.37704
1/mass: 0.1325 pull:-1.02026
1/mass: 0.1375 pull:-0.108395
1/mass: 0.1425 pull:0.727614
1/mass: 0.1475 pull:-0.234018
1/mass: 0.1525 pull:0.147931
1/mass: 0.1575 pull:-1.24502
1/mass: 0.1625 pull:-0.254359
1/mass: 0.1675 pull:0.145622
1/mass: 0.1725 pull:0.698241
1/mass: 0.1775 pull:0.518292
1/mass: 0.1825 pull:0.356785
1/mass: 0.1875 pull:0.85797
1/mass: 0.1925 pull:0.700319
2
2
2
Fitting bin 15 (Ek: 1.4714-1.91049 GeV/n)...
[#1] INFO:Minimization -- p.d.f. provides expected number of events, including extended term in likelihood.
[#1] INFO:Fitting -- RooAbsPdf::fitTo(model) fixing normalization set for coefficient determination to observables in data
[#1] INFO:Fitting -- RooAddition::defaultErrorLevel(nll_model_data) Summation contains a RooNLLVar, using its error level
[#1] INFO:Minimization -- RooAbsMinimizerFcn::setOptimizeConst: activating const optimization
[#1] INFO:Fitting -- RooAbsPdf::fitTo(model) Calculating sum-of-weights-squared correction matrix for covariance matrix
[#1] INFO:Minimization -- RooAbsMinimizerFcn::setOptimizeConst: deactivating const optimization
Total chi2/ndf: 0.860793
  Fit Result: Chi2/NDF = 20.659/34 = 0.607619, Status = 0
[#1] INFO:Plotting -- RooAbsPdf::plotOn(model) directly selected PDF components: (pdf7)
[#1] INFO:Plotting -- RooAbsPdf::plotOn(model) indirectly selected PDF components: ()
[#1] INFO:Plotting -- RooAbsPdf::plotOn(model) directly selected PDF components: (pdf9)
[#1] INFO:Plotting -- RooAbsPdf::plotOn(model) indirectly selected PDF components: ()
[#1] INFO:Plotting -- RooAbsPdf::plotOn(model) directly selected PDF components: (pdf10)
[#1] INFO:Plotting -- RooAbsPdf::plotOn(model) indirectly selected PDF components: ()
1/mass: 0.0675 pull:1.01687
1/mass: 0.0725 pull:-0.143793
1/mass: 0.0775 pull:-0.314892
1/mass: 0.0825 pull:0.0791251
1/mass: 0.0875 pull:0.191143
1/mass: 0.0925 pull:0.751002
1/mass: 0.0975 pull:0.427777
1/mass: 0.1025 pull:-1.58495
1/mass: 0.1075 pull:-0.0722628
1/mass: 0.1125 pull:0.746216
1/mass: 0.1175 pull:0.123263
1/mass: 0.1225 pull:-0.629543
1/mass: 0.1275 pull:-2.3947
1/mass: 0.1325 pull:1.29813
1/mass: 0.1375 pull:1.2
1/mass: 0.1425 pull:-0.180363
1/mass: 0.1475 pull:0.853246
1/mass: 0.1525 pull:0.188186
1/mass: 0.1575 pull:0.269993
1/mass: 0.1625 pull:-0.762844
1/mass: 0.1675 pull:-1.25327
1/mass: 0.1725 pull:-0.244057
1/mass: 0.1775 pull:0.593732
1/mass: 0.1825 pull:-1.25255
1/mass: 0.2075 pull:0.800754
1/mass: 0.2125 pull:0.852266
2
2
2
Fitting bin 17 (Ek: 1.91049-2.43494 GeV/n)...
[#1] INFO:Minimization -- p.d.f. provides expected number of events, including extended term in likelihood.
[#1] INFO:Fitting -- RooAbsPdf::fitTo(model) fixing normalization set for coefficient determination to observables in data
[#1] INFO:Fitting -- RooAddition::defaultErrorLevel(nll_model_data) Summation contains a RooNLLVar, using its error level
[#1] INFO:Minimization -- RooAbsMinimizerFcn::setOptimizeConst: activating const optimization
[#1] INFO:Fitting -- RooAbsPdf::fitTo(model) Calculating sum-of-weights-squared correction matrix for covariance matrix
[#1] INFO:Minimization -- RooAbsMinimizerFcn::setOptimizeConst: deactivating const optimization
Total chi2/ndf: 0.960321
  Fit Result: Chi2/NDF = 21.1271/34 = 0.621384, Status = 0
[#1] INFO:Plotting -- RooAbsPdf::plotOn(model) directly selected PDF components: (pdf7)
[#1] INFO:Plotting -- RooAbsPdf::plotOn(model) indirectly selected PDF components: ()
[#1] INFO:Plotting -- RooAbsPdf::plotOn(model) directly selected PDF components: (pdf9)
[#1] INFO:Plotting -- RooAbsPdf::plotOn(model) indirectly selected PDF components: ()
[#1] INFO:Plotting -- RooAbsPdf::plotOn(model) directly selected PDF components: (pdf10)
[#1] INFO:Plotting -- RooAbsPdf::plotOn(model) indirectly selected PDF components: ()
1/mass: 0.0675 pull:0.555514
1/mass: 0.0775 pull:0.874019
1/mass: 0.0825 pull:0.421076
1/mass: 0.0875 pull:-0.506172
1/mass: 0.0925 pull:0.904717
1/mass: 0.0975 pull:-0.851789
1/mass: 0.1025 pull:-0.0872847
1/mass: 0.1075 pull:-0.553211
1/mass: 0.1125 pull:-0.777208
1/mass: 0.1175 pull:1.59505
1/mass: 0.1225 pull:-0.0448797
1/mass: 0.1275 pull:-0.619824
1/mass: 0.1325 pull:0.187014
1/mass: 0.1375 pull:-0.632314
1/mass: 0.1425 pull:0.565185
1/mass: 0.1475 pull:-1.16367
1/mass: 0.1525 pull:-0.147953
1/mass: 0.1575 pull:1.45733
1/mass: 0.1625 pull:-2.51364
1/mass: 0.1675 pull:0.671123
1/mass: 0.1725 pull:0.399163
1/mass: 0.1775 pull:-0.206209
1/mass: 0.1825 pull:0.501111
1/mass: 0.2225 pull:1.65925
2
2
2
Fitting bin 19 (Ek: 2.43494-3.05875 GeV/n)...
[#1] INFO:Minimization -- p.d.f. provides expected number of events, including extended term in likelihood.
[#1] INFO:Fitting -- RooAbsPdf::fitTo(model) fixing normalization set for coefficient determination to observables in data
[#1] INFO:Fitting -- RooAddition::defaultErrorLevel(nll_model_data) Summation contains a RooNLLVar, using its error level
[#1] INFO:Minimization -- RooAbsMinimizerFcn::setOptimizeConst: activating const optimization
[#1] INFO:Fitting -- RooAbsPdf::fitTo(model) Calculating sum-of-weights-squared correction matrix for covariance matrix
[#1] INFO:Minimization -- RooAbsMinimizerFcn::setOptimizeConst: deactivating const optimization
Total chi2/ndf: 1.60695
  Fit Result: Chi2/NDF = 46.6015/34 = 1.37063, Status = 0
[#1] INFO:Plotting -- RooAbsPdf::plotOn(model) directly selected PDF components: (pdf7)
[#1] INFO:Plotting -- RooAbsPdf::plotOn(model) indirectly selected PDF components: ()
[#1] INFO:Plotting -- RooAbsPdf::plotOn(model) directly selected PDF components: (pdf9)
[#1] INFO:Plotting -- RooAbsPdf::plotOn(model) indirectly selected PDF components: ()
[#1] INFO:Plotting -- RooAbsPdf::plotOn(model) directly selected PDF components: (pdf10)
[#1] INFO:Plotting -- RooAbsPdf::plotOn(model) indirectly selected PDF components: ()
1/mass: 0.0625 pull:0.79404
1/mass: 0.0675 pull:0.555793
1/mass: 0.0775 pull:-0.92258
1/mass: 0.0825 pull:-3.49069
1/mass: 0.0875 pull:0.675987
1/mass: 0.0925 pull:1.26617
1/mass: 0.0975 pull:0.992552
1/mass: 0.1025 pull:-0.423039
1/mass: 0.1075 pull:-1.80136
1/mass: 0.1125 pull:-1.15833
1/mass: 0.1175 pull:1.31151
1/mass: 0.1225 pull:0.411879
1/mass: 0.1275 pull:-0.695348
1/mass: 0.1325 pull:0.539365
1/mass: 0.1375 pull:-0.491439
1/mass: 0.1425 pull:-0.561421
1/mass: 0.1475 pull:1.09977
1/mass: 0.1525 pull:-1.91619
1/mass: 0.1575 pull:-0.687572
1/mass: 0.1625 pull:1.22304
1/mass: 0.1675 pull:-0.369805
1/mass: 0.1725 pull:-2.63596
1/mass: 0.1775 pull:-1.29071
1/mass: 0.1825 pull:0.337674
1/mass: 0.1875 pull:1.25914
1/mass: 0.1925 pull:0.0560667
1/mass: 0.2025 pull:0.65228
1/mass: 0.2075 pull:1.25739
1/mass: 0.2125 pull:0.842093
1/mass: 0.2175 pull:0.879062
1/mass: 0.2225 pull:0.895792
2
2
2
Fitting bin 21 (Ek: 3.05875-3.79127 GeV/n)...
[#1] INFO:Minimization -- p.d.f. provides expected number of events, including extended term in likelihood.
[#1] INFO:Fitting -- RooAbsPdf::fitTo(model) fixing normalization set for coefficient determination to observables in data
[#1] INFO:Fitting -- RooAddition::defaultErrorLevel(nll_model_data) Summation contains a RooNLLVar, using its error level
[#1] INFO:Minimization -- RooAbsMinimizerFcn::setOptimizeConst: activating const optimization
[#1] INFO:Fitting -- RooAbsPdf::fitTo(model) Calculating sum-of-weights-squared correction matrix for covariance matrix
[#1] INFO:Minimization -- RooAbsMinimizerFcn::setOptimizeConst: deactivating const optimization
Total chi2/ndf: 0.900084
  Fit Result: Chi2/NDF = 22.5021/34 = 0.661827, Status = 0
[#1] INFO:Plotting -- RooAbsPdf::plotOn(model) directly selected PDF components: (pdf7)
[#1] INFO:Plotting -- RooAbsPdf::plotOn(model) indirectly selected PDF components: ()
[#1] INFO:Plotting -- RooAbsPdf::plotOn(model) directly selected PDF components: (pdf9)
[#1] INFO:Plotting -- RooAbsPdf::plotOn(model) indirectly selected PDF components: ()
[#1] INFO:Plotting -- RooAbsPdf::plotOn(model) directly selected PDF components: (pdf10)
[#1] INFO:Plotting -- RooAbsPdf::plotOn(model) indirectly selected PDF components: ()
1/mass: 0.0725 pull:0.431824
1/mass: 0.0825 pull:0.54386
1/mass: 0.0875 pull:-0.963828
1/mass: 0.0925 pull:-0.650034
1/mass: 0.0975 pull:1.29015
1/mass: 0.1025 pull:-1.49951
1/mass: 0.1075 pull:1.28401
1/mass: 0.1125 pull:0.382021
1/mass: 0.1175 pull:-2.08953
1/mass: 0.1225 pull:0.543335
1/mass: 0.1275 pull:-0.179979
1/mass: 0.1325 pull:0.4563
1/mass: 0.1375 pull:0.0983782
1/mass: 0.1425 pull:0.418256
1/mass: 0.1475 pull:-1.50687
1/mass: 0.1525 pull:-1.7321
1/mass: 0.1575 pull:0.803517
1/mass: 0.1625 pull:0.247611
1/mass: 0.1675 pull:0.624333
1/mass: 0.1725 pull:-0.422583
1/mass: 0.1775 pull:0.758547
1/mass: 0.1825 pull:-0.441965
1/mass: 0.1875 pull:-0.579809
1/mass: 0.1975 pull:0.382315
1/mass: 0.2075 pull:0.736225
1/mass: 0.2125 pull:0.80795
1/mass: 0.2275 pull:0.938129
2
2
2
Fitting bin 23 (Ek: 3.79127-4.64682 GeV/n)...
[#1] INFO:Minimization -- p.d.f. provides expected number of events, including extended term in likelihood.
[#1] INFO:Fitting -- RooAbsPdf::fitTo(model) fixing normalization set for coefficient determination to observables in data
[#1] INFO:Fitting -- RooAddition::defaultErrorLevel(nll_model_data) Summation contains a RooNLLVar, using its error level
[#1] INFO:Minimization -- RooAbsMinimizerFcn::setOptimizeConst: activating const optimization
[#1] INFO:Fitting -- RooAbsPdf::fitTo(model) Calculating sum-of-weights-squared correction matrix for covariance matrix
[#1] INFO:Minimization -- RooAbsMinimizerFcn::setOptimizeConst: deactivating const optimization
Total chi2/ndf: 1.70605
  Fit Result: Chi2/NDF = 40.9452/34 = 1.20427, Status = 0
[#1] INFO:Plotting -- RooAbsPdf::plotOn(model) directly selected PDF components: (pdf7)
[#1] INFO:Plotting -- RooAbsPdf::plotOn(model) indirectly selected PDF components: ()
[#1] INFO:Plotting -- RooAbsPdf::plotOn(model) directly selected PDF components: (pdf9)
[#1] INFO:Plotting -- RooAbsPdf::plotOn(model) indirectly selected PDF components: ()
[#1] INFO:Plotting -- RooAbsPdf::plotOn(model) directly selected PDF components: (pdf10)
[#1] INFO:Plotting -- RooAbsPdf::plotOn(model) indirectly selected PDF components: ()
1/mass: 0.0675 pull:0.684751
1/mass: 0.0725 pull:0.950101
1/mass: 0.0775 pull:0.862643
1/mass: 0.0825 pull:0.763816
1/mass: 0.0875 pull:-3.12541
1/mass: 0.0925 pull:0.971325
1/mass: 0.0975 pull:-0.537325
1/mass: 0.1025 pull:0.882669
1/mass: 0.1075 pull:-2.25178
1/mass: 0.1125 pull:-0.794905
1/mass: 0.1175 pull:1.45345
1/mass: 0.1225 pull:-1.01817
1/mass: 0.1275 pull:0.718616
1/mass: 0.1325 pull:-2.07391
1/mass: 0.1375 pull:1.85261
1/mass: 0.1425 pull:-1.76964
1/mass: 0.1475 pull:0.433904
1/mass: 0.1525 pull:0.993385
1/mass: 0.1575 pull:-1.0855
1/mass: 0.1625 pull:-0.124943
1/mass: 0.1675 pull:-1.52744
1/mass: 0.1725 pull:0.870407
1/mass: 0.1775 pull:-0.0895942
1/mass: 0.1825 pull:-0.418609
1/mass: 0.1925 pull:0.421778
1/mass: 0.1975 pull:0.642571
2
2
2
Fitting bin 25 (Ek: 4.64682-5.63491 GeV/n)...
[#1] INFO:Minimization -- p.d.f. provides expected number of events, including extended term in likelihood.
[#1] INFO:Fitting -- RooAbsPdf::fitTo(model) fixing normalization set for coefficient determination to observables in data
[#1] INFO:Fitting -- RooAddition::defaultErrorLevel(nll_model_data) Summation contains a RooNLLVar, using its error level
[#1] INFO:Minimization -- RooAbsMinimizerFcn::setOptimizeConst: activating const optimization
[#1] INFO:Fitting -- RooAbsPdf::fitTo(model) Calculating sum-of-weights-squared correction matrix for covariance matrix
[#1] INFO:Minimization -- RooAbsMinimizerFcn::setOptimizeConst: deactivating const optimization
Total chi2/ndf: 1.0293
  Fit Result: Chi2/NDF = 22.6446/34 = 0.666018, Status = 0
[#1] INFO:Plotting -- RooAbsPdf::plotOn(model) directly selected PDF components: (pdf7)
[#1] INFO:Plotting -- RooAbsPdf::plotOn(model) indirectly selected PDF components: ()
[#1] INFO:Plotting -- RooAbsPdf::plotOn(model) directly selected PDF components: (pdf9)
[#1] INFO:Plotting -- RooAbsPdf::plotOn(model) indirectly selected PDF components: ()
[#1] INFO:Plotting -- RooAbsPdf::plotOn(model) directly selected PDF components: (pdf10)
[#1] INFO:Plotting -- RooAbsPdf::plotOn(model) indirectly selected PDF components: ()
1/mass: 0.0675 pull:0.663331
1/mass: 0.0725 pull:0.944547
1/mass: 0.0775 pull:0.946857
1/mass: 0.0825 pull:1.37177
1/mass: 0.0875 pull:-0.377535
1/mass: 0.0925 pull:-0.278917
1/mass: 0.0975 pull:-0.0300384
1/mass: 0.1025 pull:-0.888877
1/mass: 0.1075 pull:-2.22716
1/mass: 0.1125 pull:0.0135696
1/mass: 0.1175 pull:1.38296
1/mass: 0.1225 pull:-1.18948
1/mass: 0.1275 pull:0.427954
1/mass: 0.1325 pull:0.377361
1/mass: 0.1375 pull:-0.314286
1/mass: 0.1425 pull:-0.642851
1/mass: 0.1475 pull:0.844169
1/mass: 0.1525 pull:0.973187
1/mass: 0.1575 pull:-0.630898
1/mass: 0.1625 pull:0.131199
1/mass: 0.1675 pull:-0.96029
1/mass: 0.1725 pull:1.02337
1/mass: 0.1775 pull:-1.53177
1/mass: 0.1975 pull:1.41655

--- Processing Detector: AGL ---
2
2
2
Fitting bin 19 (Ek: 2.43494-3.05875 GeV/n)...
[#1] INFO:Minimization -- p.d.f. provides expected number of events, including extended term in likelihood.
[#1] INFO:Fitting -- RooAbsPdf::fitTo(model) fixing normalization set for coefficient determination to observables in data
[#1] INFO:Fitting -- RooAddition::defaultErrorLevel(nll_model_data) Summation contains a RooNLLVar, using its error level
[#1] INFO:Minimization -- RooAbsMinimizerFcn::setOptimizeConst: activating const optimization
[#1] INFO:Fitting -- RooAbsPdf::fitTo(model) Calculating sum-of-weights-squared correction matrix for covariance matrix
[#1] INFO:Minimization -- RooAbsMinimizerFcn::setOptimizeConst: deactivating const optimization
Total chi2/ndf: 1.396
  Fit Result: Chi2/NDF = 37.692/34 = 1.10859, Status = 0
[#1] INFO:Plotting -- RooAbsPdf::plotOn(model) directly selected PDF components: (pdf7)
[#1] INFO:Plotting -- RooAbsPdf::plotOn(model) indirectly selected PDF components: ()
[#1] INFO:Plotting -- RooAbsPdf::plotOn(model) directly selected PDF components: (pdf9)
[#1] INFO:Plotting -- RooAbsPdf::plotOn(model) indirectly selected PDF components: ()
[#1] INFO:Plotting -- RooAbsPdf::plotOn(model) directly selected PDF components: (pdf10)
[#1] INFO:Plotting -- RooAbsPdf::plotOn(model) indirectly selected PDF components: ()
1/mass: 0.0725 pull:-0.798695
1/mass: 0.0775 pull:-0.0451216
1/mass: 0.0825 pull:1.5191
1/mass: 0.0875 pull:1.96111
1/mass: 0.0925 pull:-0.0138863
1/mass: 0.0975 pull:-1.46783
1/mass: 0.1025 pull:0.381503
1/mass: 0.1075 pull:-0.106151
1/mass: 0.1125 pull:-0.865624
1/mass: 0.1175 pull:0.061595
1/mass: 0.1225 pull:0.709022
1/mass: 0.1275 pull:-1.59525
1/mass: 0.1325 pull:0.341813
1/mass: 0.1375 pull:0.669247
1/mass: 0.1425 pull:1.87422
1/mass: 0.1475 pull:0.150949
1/mass: 0.1525 pull:-0.575972
1/mass: 0.1575 pull:-0.614058
1/mass: 0.1625 pull:0.171095
1/mass: 0.1675 pull:0.567184
1/mass: 0.1725 pull:-2.19854
1/mass: 0.1775 pull:-0.385496
1/mass: 0.1825 pull:0.429642
1/mass: 0.1875 pull:-2.90721
1/mass: 0.1925 pull:-0.36836
1/mass: 0.2025 pull:1.23851
1/mass: 0.2125 pull:0.21847
1/mass: 0.2225 pull:1.74106
1/mass: 0.2275 pull:1.12207
2
2
2
Fitting bin 21 (Ek: 3.05875-3.79127 GeV/n)...
[#1] INFO:Minimization -- p.d.f. provides expected number of events, including extended term in likelihood.
[#1] INFO:Fitting -- RooAbsPdf::fitTo(model) fixing normalization set for coefficient determination to observables in data
[#1] INFO:Fitting -- RooAddition::defaultErrorLevel(nll_model_data) Summation contains a RooNLLVar, using its error level
[#1] INFO:Minimization -- RooAbsMinimizerFcn::setOptimizeConst: activating const optimization
[#1] INFO:Fitting -- RooAbsPdf::fitTo(model) Calculating sum-of-weights-squared correction matrix for covariance matrix
[#1] INFO:Minimization -- RooAbsMinimizerFcn::setOptimizeConst: deactivating const optimization
Total chi2/ndf: 1.55411
  Fit Result: Chi2/NDF = 48.1773/34 = 1.41698, Status = 0
[#1] INFO:Plotting -- RooAbsPdf::plotOn(model) directly selected PDF components: (pdf7)
[#1] INFO:Plotting -- RooAbsPdf::plotOn(model) indirectly selected PDF components: ()
[#1] INFO:Plotting -- RooAbsPdf::plotOn(model) directly selected PDF components: (pdf9)
[#1] INFO:Plotting -- RooAbsPdf::plotOn(model) indirectly selected PDF components: ()
[#1] INFO:Plotting -- RooAbsPdf::plotOn(model) directly selected PDF components: (pdf10)
[#1] INFO:Plotting -- RooAbsPdf::plotOn(model) indirectly selected PDF components: ()
1/mass: 0.0525 pull:0.77912
1/mass: 0.0675 pull:0.264589
1/mass: 0.0725 pull:0.413881
1/mass: 0.0775 pull:-0.0588781
1/mass: 0.0825 pull:1.75101
1/mass: 0.0875 pull:-0.747284
1/mass: 0.0925 pull:-2.22842
1/mass: 0.0975 pull:0.222452
1/mass: 0.1025 pull:0.66124
1/mass: 0.1075 pull:2.33682
1/mass: 0.1125 pull:-1.66574
1/mass: 0.1175 pull:-2.63483
1/mass: 0.1225 pull:0.982151
1/mass: 0.1275 pull:-0.597993
1/mass: 0.1325 pull:1.13984
1/mass: 0.1375 pull:1.76338
1/mass: 0.1425 pull:-1.597
1/mass: 0.1475 pull:-1.70342
1/mass: 0.1525 pull:0.771903
1/mass: 0.1575 pull:-0.0850029
1/mass: 0.1625 pull:-1.71828
1/mass: 0.1675 pull:1.24765
1/mass: 0.1725 pull:0.494042
1/mass: 0.1775 pull:0.0342822
1/mass: 0.1825 pull:-0.429378
1/mass: 0.1875 pull:-0.639702
1/mass: 0.1925 pull:-0.385491
1/mass: 0.1975 pull:0.841408
1/mass: 0.2025 pull:0.854276
1/mass: 0.2075 pull:0.700713
1/mass: 0.2175 pull:0.487879
1/mass: 0.2225 pull:1.11839
1/mass: 0.2275 pull:1.53961
2
2
2
Fitting bin 23 (Ek: 3.79127-4.64682 GeV/n)...
[#1] INFO:Minimization -- p.d.f. provides expected number of events, including extended term in likelihood.
[#1] INFO:Fitting -- RooAbsPdf::fitTo(model) fixing normalization set for coefficient determination to observables in data
[#1] INFO:Fitting -- RooAddition::defaultErrorLevel(nll_model_data) Summation contains a RooNLLVar, using its error level
[#1] INFO:Minimization -- RooAbsMinimizerFcn::setOptimizeConst: activating const optimization
[#1] INFO:Fitting -- RooAbsPdf::fitTo(model) Calculating sum-of-weights-squared correction matrix for covariance matrix
[#1] INFO:Minimization -- RooAbsMinimizerFcn::setOptimizeConst: deactivating const optimization
Total chi2/ndf: 1.13868
  Fit Result: Chi2/NDF = 34.1605/34 = 1.00472, Status = 0
[#1] INFO:Plotting -- RooAbsPdf::plotOn(model) directly selected PDF components: (pdf7)
[#1] INFO:Plotting -- RooAbsPdf::plotOn(model) indirectly selected PDF components: ()
[#1] INFO:Plotting -- RooAbsPdf::plotOn(model) directly selected PDF components: (pdf9)
[#1] INFO:Plotting -- RooAbsPdf::plotOn(model) indirectly selected PDF components: ()
[#1] INFO:Plotting -- RooAbsPdf::plotOn(model) directly selected PDF components: (pdf10)
[#1] INFO:Plotting -- RooAbsPdf::plotOn(model) indirectly selected PDF components: ()
1/mass: 0.0575 pull:0.733624
1/mass: 0.0675 pull:-0.168933
1/mass: 0.0725 pull:0.23052
1/mass: 0.0775 pull:0.155575
1/mass: 0.0825 pull:0.527519
1/mass: 0.0875 pull:1.91097
1/mass: 0.0925 pull:0.0497024
1/mass: 0.0975 pull:-0.908666
1/mass: 0.1025 pull:1.16758
1/mass: 0.1075 pull:-1.86546
1/mass: 0.1125 pull:-1.00167
1/mass: 0.1175 pull:0.499695
1/mass: 0.1225 pull:0.222058
1/mass: 0.1275 pull:0.663672
1/mass: 0.1325 pull:-0.619082
1/mass: 0.1375 pull:0.242087
1/mass: 0.1425 pull:0.216452
1/mass: 0.1475 pull:0.483854
1/mass: 0.1525 pull:1.18136
1/mass: 0.1575 pull:-1.85278
1/mass: 0.1625 pull:-0.301997
1/mass: 0.1675 pull:0.330399
1/mass: 0.1725 pull:-2.92031
1/mass: 0.1775 pull:-0.912193
1/mass: 0.1825 pull:1.89858
1/mass: 0.1875 pull:-0.460285
1/mass: 0.1925 pull:1.52309
1/mass: 0.1975 pull:0.105328
1/mass: 0.2025 pull:-0.18249
1/mass: 0.2075 pull:0.166242
1/mass: 0.2225 pull:0.624665
1/mass: 0.2275 pull:0.679518
2
2
2
Fitting bin 25 (Ek: 4.64682-5.63491 GeV/n)...
[#1] INFO:Minimization -- p.d.f. provides expected number of events, including extended term in likelihood.
[#1] INFO:Fitting -- RooAbsPdf::fitTo(model) fixing normalization set for coefficient determination to observables in data
[#1] INFO:Fitting -- RooAddition::defaultErrorLevel(nll_model_data) Summation contains a RooNLLVar, using its error level
[#1] INFO:Minimization -- RooAbsMinimizerFcn::setOptimizeConst: activating const optimization
[#1] INFO:Fitting -- RooAbsPdf::fitTo(model) Calculating sum-of-weights-squared correction matrix for covariance matrix
[#1] INFO:Minimization -- RooAbsMinimizerFcn::setOptimizeConst: deactivating const optimization
Total chi2/ndf: 0.904063
  Fit Result: Chi2/NDF = 26.2178/34 = 0.771113, Status = 0
[#1] INFO:Plotting -- RooAbsPdf::plotOn(model) directly selected PDF components: (pdf7)
[#1] INFO:Plotting -- RooAbsPdf::plotOn(model) indirectly selected PDF components: ()
[#1] INFO:Plotting -- RooAbsPdf::plotOn(model) directly selected PDF components: (pdf9)
[#1] INFO:Plotting -- RooAbsPdf::plotOn(model) indirectly selected PDF components: ()
[#1] INFO:Plotting -- RooAbsPdf::plotOn(model) directly selected PDF components: (pdf10)
[#1] INFO:Plotting -- RooAbsPdf::plotOn(model) indirectly selected PDF components: ()
1/mass: 0.0625 pull:1.12318
1/mass: 0.0675 pull:0.874036
1/mass: 0.0725 pull:1.1308
1/mass: 0.0775 pull:1.42751
1/mass: 0.0825 pull:-0.222729
1/mass: 0.0875 pull:-2.26898
1/mass: 0.0925 pull:-0.650047
1/mass: 0.0975 pull:0.455491
1/mass: 0.1025 pull:0.100732
1/mass: 0.1075 pull:-0.513954
1/mass: 0.1125 pull:0.302431
1/mass: 0.1175 pull:-0.0554874
1/mass: 0.1225 pull:1.11928
1/mass: 0.1275 pull:-1.03003
1/mass: 0.1325 pull:-1.00674
1/mass: 0.1375 pull:1.20413
1/mass: 0.1425 pull:-0.727702
1/mass: 0.1475 pull:-0.858725
1/mass: 0.1525 pull:0.626813
1/mass: 0.1575 pull:0.914601
1/mass: 0.1625 pull:-1.58714
1/mass: 0.1675 pull:0.869285
1/mass: 0.1725 pull:-1.32139
1/mass: 0.1775 pull:0.697741
1/mass: 0.1825 pull:-0.214714
1/mass: 0.1875 pull:0.604393
1/mass: 0.1925 pull:0.17382
1/mass: 0.1975 pull:-0.660499
1/mass: 0.2025 pull:0.641021
1/mass: 0.2125 pull:0.476928
1/mass: 0.2175 pull:0.617871
2
2
2
Fitting bin 27 (Ek: 5.63491-6.775 GeV/n)...
[#1] INFO:Minimization -- p.d.f. provides expected number of events, including extended term in likelihood.
[#1] INFO:Fitting -- RooAbsPdf::fitTo(model) fixing normalization set for coefficient determination to observables in data
[#1] INFO:Fitting -- RooAddition::defaultErrorLevel(nll_model_data) Summation contains a RooNLLVar, using its error level
[#1] INFO:Minimization -- RooAbsMinimizerFcn::setOptimizeConst: activating const optimization
[#1] INFO:Fitting -- RooAbsPdf::fitTo(model) Calculating sum-of-weights-squared correction matrix for covariance matrix
[#1] INFO:Minimization -- RooAbsMinimizerFcn::setOptimizeConst: deactivating const optimization
Total chi2/ndf: 1.04898
  Fit Result: Chi2/NDF = 29.3715/34 = 0.863869, Status = 0
[#1] INFO:Plotting -- RooAbsPdf::plotOn(model) directly selected PDF components: (pdf7)
[#1] INFO:Plotting -- RooAbsPdf::plotOn(model) indirectly selected PDF components: ()
[#1] INFO:Plotting -- RooAbsPdf::plotOn(model) directly selected PDF components: (pdf9)
[#1] INFO:Plotting -- RooAbsPdf::plotOn(model) indirectly selected PDF components: ()
[#1] INFO:Plotting -- RooAbsPdf::plotOn(model) directly selected PDF components: (pdf10)
[#1] INFO:Plotting -- RooAbsPdf::plotOn(model) indirectly selected PDF components: ()
1/mass: 0.0625 pull:1.45875
1/mass: 0.0675 pull:1.8494
1/mass: 0.0725 pull:0.807126
1/mass: 0.0775 pull:-0.249908
1/mass: 0.0825 pull:0.0638334
1/mass: 0.0875 pull:0.361337
1/mass: 0.0925 pull:-1.0281
1/mass: 0.0975 pull:-0.171754
1/mass: 0.1025 pull:1.37622
1/mass: 0.1075 pull:-2.78001
1/mass: 0.1125 pull:0.281079
1/mass: 0.1175 pull:0.0730418
1/mass: 0.1225 pull:1.04869
1/mass: 0.1275 pull:-0.434186
1/mass: 0.1325 pull:-0.428196
1/mass: 0.1375 pull:-0.463733
1/mass: 0.1425 pull:0.0753115
1/mass: 0.1475 pull:0.690997
1/mass: 0.1525 pull:1.17216
1/mass: 0.1575 pull:0.281489
1/mass: 0.1625 pull:-0.71981
1/mass: 0.1675 pull:-1.92268
1/mass: 0.1725 pull:-0.889099
1/mass: 0.1775 pull:0.0524439
1/mass: 0.1825 pull:0.738248
1/mass: 0.1875 pull:-0.651572
1/mass: 0.1925 pull:-0.33847
1/mass: 0.1975 pull:0.365188
1/mass: 0.2025 pull:1.19011
1/mass: 0.2075 pull:0.957363
2
2
2
Fitting bin 29 (Ek: 6.775-8.11658 GeV/n)...
[#1] INFO:Minimization -- p.d.f. provides expected number of events, including extended term in likelihood.
[#1] INFO:Fitting -- RooAbsPdf::fitTo(model) fixing normalization set for coefficient determination to observables in data
[#1] INFO:Fitting -- RooAddition::defaultErrorLevel(nll_model_data) Summation contains a RooNLLVar, using its error level
[#1] INFO:Minimization -- RooAbsMinimizerFcn::setOptimizeConst: activating const optimization
[#1] INFO:Fitting -- RooAbsPdf::fitTo(model) Calculating sum-of-weights-squared correction matrix for covariance matrix
[#1] INFO:Minimization -- RooAbsMinimizerFcn::setOptimizeConst: deactivating const optimization
Total chi2/ndf: 0.944209
  Fit Result: Chi2/NDF = 26.4379/34 = 0.777584, Status = 0
[#1] INFO:Plotting -- RooAbsPdf::plotOn(model) directly selected PDF components: (pdf7)
[#1] INFO:Plotting -- RooAbsPdf::plotOn(model) indirectly selected PDF components: ()
[#1] INFO:Plotting -- RooAbsPdf::plotOn(model) directly selected PDF components: (pdf9)
[#1] INFO:Plotting -- RooAbsPdf::plotOn(model) indirectly selected PDF components: ()
[#1] INFO:Plotting -- RooAbsPdf::plotOn(model) directly selected PDF components: (pdf10)
[#1] INFO:Plotting -- RooAbsPdf::plotOn(model) indirectly selected PDF components: ()
1/mass: 0.0675 pull:0.799761
1/mass: 0.0725 pull:0.731278
1/mass: 0.0775 pull:0.542246
1/mass: 0.0825 pull:0.269691
1/mass: 0.0875 pull:-2.06465
1/mass: 0.0925 pull:-0.738777
1/mass: 0.0975 pull:0.00330984
1/mass: 0.1025 pull:0.516403
1/mass: 0.1075 pull:0.0879199
1/mass: 0.1125 pull:-0.161895
1/mass: 0.1175 pull:1.5234
1/mass: 0.1225 pull:-1.56288
1/mass: 0.1275 pull:0.64993
1/mass: 0.1325 pull:-1.13446
1/mass: 0.1375 pull:-0.930533
1/mass: 0.1425 pull:0.986352
1/mass: 0.1475 pull:0.231846
1/mass: 0.1525 pull:0.847778
1/mass: 0.1575 pull:0.0562852
1/mass: 0.1625 pull:0.348285
1/mass: 0.1675 pull:-1.70292
1/mass: 0.1725 pull:-0.970271
1/mass: 0.1775 pull:-1.03525
1/mass: 0.1825 pull:-0.307119
1/mass: 0.1875 pull:-0.382592
1/mass: 0.1925 pull:0.563362
1/mass: 0.1975 pull:1.73084
1/mass: 0.2025 pull:-0.135206
1/mass: 0.2075 pull:0.237176
1/mass: 0.2125 pull:1.42741
2
2
2
Fitting bin 31 (Ek: 8.11658-9.65954 GeV/n)...
[#1] INFO:Minimization -- p.d.f. provides expected number of events, including extended term in likelihood.
[#1] INFO:Fitting -- RooAbsPdf::fitTo(model) fixing normalization set for coefficient determination to observables in data
[#1] INFO:Fitting -- RooAddition::defaultErrorLevel(nll_model_data) Summation contains a RooNLLVar, using its error level
[#1] INFO:Minimization -- RooAbsMinimizerFcn::setOptimizeConst: activating const optimization
[#1] INFO:Fitting -- RooAbsPdf::fitTo(model) Calculating sum-of-weights-squared correction matrix for covariance matrix
[#1] INFO:Minimization -- RooAbsMinimizerFcn::setOptimizeConst: deactivating const optimization
Total chi2/ndf: 1.32391
  Fit Result: Chi2/NDF = 35.7456/34 = 1.05134, Status = 0
[#1] INFO:Plotting -- RooAbsPdf::plotOn(model) directly selected PDF components: (pdf7)
[#1] INFO:Plotting -- RooAbsPdf::plotOn(model) indirectly selected PDF components: ()
[#1] INFO:Plotting -- RooAbsPdf::plotOn(model) directly selected PDF components: (pdf9)
[#1] INFO:Plotting -- RooAbsPdf::plotOn(model) indirectly selected PDF components: ()
[#1] INFO:Plotting -- RooAbsPdf::plotOn(model) directly selected PDF components: (pdf10)
[#1] INFO:Plotting -- RooAbsPdf::plotOn(model) indirectly selected PDF components: ()
1/mass: 0.0575 pull:0.737537
1/mass: 0.0675 pull:1.58172
1/mass: 0.0775 pull:0.31833
1/mass: 0.0825 pull:-1.43945
1/mass: 0.0875 pull:-0.0299149
1/mass: 0.0925 pull:-1.30773
1/mass: 0.0975 pull:1.2233
1/mass: 0.1025 pull:0.421184
1/mass: 0.1075 pull:0.0273547
1/mass: 0.1125 pull:-1.2382
1/mass: 0.1175 pull:-0.014218
1/mass: 0.1225 pull:0.146776
1/mass: 0.1275 pull:0.962809
1/mass: 0.1325 pull:0.0161925
1/mass: 0.1375 pull:-1.1045
1/mass: 0.1425 pull:-1.08111
1/mass: 0.1475 pull:0.579478
1/mass: 0.1525 pull:0.150632
1/mass: 0.1575 pull:0.604205
1/mass: 0.1625 pull:-0.130347
1/mass: 0.1675 pull:0.844638
1/mass: 0.1725 pull:0.0142924
1/mass: 0.1775 pull:-0.929435
1/mass: 0.1825 pull:-3.70996
1/mass: 0.1875 pull:0.521305
1/mass: 0.1975 pull:1.06416
1/mass: 0.2025 pull:-0.209077
1/mass: 0.2175 pull:1.14251
1/mass: 0.2225 pull:1.85336
2
2
2
Fitting bin 33 (Ek: 9.65954-11.4536 GeV/n)...
[#1] INFO:Minimization -- p.d.f. provides expected number of events, including extended term in likelihood.
[#1] INFO:Fitting -- RooAbsPdf::fitTo(model) fixing normalization set for coefficient determination to observables in data
[#1] INFO:Fitting -- RooAddition::defaultErrorLevel(nll_model_data) Summation contains a RooNLLVar, using its error level
[#1] INFO:Minimization -- RooAbsMinimizerFcn::setOptimizeConst: activating const optimization
[#1] INFO:Fitting -- RooAbsPdf::fitTo(model) Calculating sum-of-weights-squared correction matrix for covariance matrix
[#1] INFO:Minimization -- RooAbsMinimizerFcn::setOptimizeConst: deactivating const optimization
Total chi2/ndf: 2.15101
  Fit Result: Chi2/NDF = 58.0773/34 = 1.70816, Status = 0
[#1] INFO:Plotting -- RooAbsPdf::plotOn(model) directly selected PDF components: (pdf7)
[#1] INFO:Plotting -- RooAbsPdf::plotOn(model) indirectly selected PDF components: ()
[#1] INFO:Plotting -- RooAbsPdf::plotOn(model) directly selected PDF components: (pdf9)
[#1] INFO:Plotting -- RooAbsPdf::plotOn(model) indirectly selected PDF components: ()
[#1] INFO:Plotting -- RooAbsPdf::plotOn(model) directly selected PDF components: (pdf10)
[#1] INFO:Plotting -- RooAbsPdf::plotOn(model) indirectly selected PDF components: ()
1/mass: 0.0725 pull:-0.924062
1/mass: 0.0775 pull:0.552053
1/mass: 0.0825 pull:0.939421
1/mass: 0.0875 pull:-1.03962
1/mass: 0.0925 pull:0.378618
1/mass: 0.0975 pull:0.387872
1/mass: 0.1025 pull:1.00911
1/mass: 0.1075 pull:-0.167721
1/mass: 0.1125 pull:-1.39869
1/mass: 0.1175 pull:-0.836637
1/mass: 0.1225 pull:0.136047
1/mass: 0.1275 pull:-1.10634
1/mass: 0.1325 pull:1.5182
1/mass: 0.1375 pull:0.621897
1/mass: 0.1425 pull:1.37962
1/mass: 0.1475 pull:-3.05686
1/mass: 0.1525 pull:1.25652
1/mass: 0.1575 pull:-1.17511
1/mass: 0.1625 pull:-4.96394
1/mass: 0.1675 pull:0.440038
1/mass: 0.1725 pull:0.20128
1/mass: 0.1775 pull:1.23937
1/mass: 0.1825 pull:-0.740015
1/mass: 0.1925 pull:1.39393
1/mass: 0.1975 pull:0.195381
1/mass: 0.2025 pull:0.631066
1/mass: 0.2075 pull:0.897349
1/mass: 0.2125 pull:1.06303
1/mass: 0.2225 pull:1.24255
2
2
2
Fitting bin 35 (Ek: 11.4536-13.4986 GeV/n)...
[#1] INFO:Minimization -- p.d.f. provides expected number of events, including extended term in likelihood.
[#1] INFO:Fitting -- RooAbsPdf::fitTo(model) fixing normalization set for coefficient determination to observables in data
[#1] INFO:Fitting -- RooAddition::defaultErrorLevel(nll_model_data) Summation contains a RooNLLVar, using its error level
[#1] INFO:Minimization -- RooAbsMinimizerFcn::setOptimizeConst: activating const optimization
[#1] INFO:Fitting -- RooAbsPdf::fitTo(model) Calculating sum-of-weights-squared correction matrix for covariance matrix
[#1] INFO:Minimization -- RooAbsMinimizerFcn::setOptimizeConst: deactivating const optimization
Total chi2/ndf: 1.02966
  Fit Result: Chi2/NDF = 30.8899/34 = 0.908527, Status = 0
[#1] INFO:Plotting -- RooAbsPdf::plotOn(model) directly selected PDF components: (pdf7)
[#1] INFO:Plotting -- RooAbsPdf::plotOn(model) indirectly selected PDF components: ()
[#1] INFO:Plotting -- RooAbsPdf::plotOn(model) directly selected PDF components: (pdf9)
[#1] INFO:Plotting -- RooAbsPdf::plotOn(model) indirectly selected PDF components: ()
[#1] INFO:Plotting -- RooAbsPdf::plotOn(model) directly selected PDF components: (pdf10)
[#1] INFO:Plotting -- RooAbsPdf::plotOn(model) indirectly selected PDF components: ()
1/mass: 0.0575 pull:0.535404
1/mass: 0.0675 pull:0.390083
1/mass: 0.0725 pull:-1.44945
1/mass: 0.0775 pull:-0.0236592
1/mass: 0.0825 pull:-1.26544
1/mass: 0.0875 pull:-0.353387
1/mass: 0.0925 pull:1.43161
1/mass: 0.0975 pull:-1.65907
1/mass: 0.1025 pull:0.193723
1/mass: 0.1075 pull:-0.656824
1/mass: 0.1125 pull:0.732185
1/mass: 0.1175 pull:1.48272
1/mass: 0.1225 pull:0.234933
1/mass: 0.1275 pull:-1.10633
1/mass: 0.1325 pull:-0.23896
1/mass: 0.1375 pull:-1.39664
1/mass: 0.1425 pull:0.131745
1/mass: 0.1475 pull:-0.0645846
1/mass: 0.1525 pull:0.421575
1/mass: 0.1575 pull:0.0617378
1/mass: 0.1625 pull:0.0128097
1/mass: 0.1675 pull:-1.68759
1/mass: 0.1725 pull:-2.44645
1/mass: 0.1775 pull:1.31502
1/mass: 0.1825 pull:0.273173
1/mass: 0.1875 pull:1.70448
1/mass: 0.1925 pull:-0.181518
1/mass: 0.1975 pull:0.382017
1/mass: 0.2025 pull:-0.582035
1/mass: 0.2075 pull:0.670324
1/mass: 0.2125 pull:0.275174
1/mass: 0.2275 pull:0.736759
2
2
2
Fitting bin 37 (Ek: 13.4986-15.8444 GeV/n)...
[#1] INFO:Minimization -- p.d.f. provides expected number of events, including extended term in likelihood.
[#1] INFO:Fitting -- RooAbsPdf::fitTo(model) fixing normalization set for coefficient determination to observables in data
[#1] INFO:Fitting -- RooAddition::defaultErrorLevel(nll_model_data) Summation contains a RooNLLVar, using its error level
[#1] INFO:Minimization -- RooAbsMinimizerFcn::setOptimizeConst: activating const optimization
[#1] INFO:Fitting -- RooAbsPdf::fitTo(model) Calculating sum-of-weights-squared correction matrix for covariance matrix
[#1] INFO:Minimization -- RooAbsMinimizerFcn::setOptimizeConst: deactivating const optimization
Total chi2/ndf: 1.77089
  Fit Result: Chi2/NDF = 53.1266/34 = 1.56255, Status = 0
[#1] INFO:Plotting -- RooAbsPdf::plotOn(model) directly selected PDF components: (pdf7)
[#1] INFO:Plotting -- RooAbsPdf::plotOn(model) indirectly selected PDF components: ()
[#1] INFO:Plotting -- RooAbsPdf::plotOn(model) directly selected PDF components: (pdf9)
[#1] INFO:Plotting -- RooAbsPdf::plotOn(model) indirectly selected PDF components: ()
[#1] INFO:Plotting -- RooAbsPdf::plotOn(model) directly selected PDF components: (pdf10)
[#1] INFO:Plotting -- RooAbsPdf::plotOn(model) indirectly selected PDF components: ()
1/mass: 0.0575 pull:0.198832
1/mass: 0.0675 pull:1.10939
1/mass: 0.0725 pull:0.212551
1/mass: 0.0775 pull:-0.530028
1/mass: 0.0825 pull:-0.822703
1/mass: 0.0875 pull:-0.323915
1/mass: 0.0925 pull:-0.190188
1/mass: 0.0975 pull:-1.98803
1/mass: 0.1025 pull:1.14619
1/mass: 0.1075 pull:-0.569438
1/mass: 0.1125 pull:0.338511
1/mass: 0.1175 pull:1.99161
1/mass: 0.1225 pull:-0.0816022
1/mass: 0.1275 pull:0.677415
1/mass: 0.1325 pull:-1.3604
1/mass: 0.1375 pull:-0.890082
1/mass: 0.1425 pull:-0.0863201
1/mass: 0.1475 pull:0.421537
1/mass: 0.1525 pull:-5.55577
1/mass: 0.1575 pull:-0.0390727
1/mass: 0.1625 pull:-0.575692
1/mass: 0.1675 pull:0.585623
1/mass: 0.1725 pull:-0.819956
1/mass: 0.1775 pull:-0.290285
1/mass: 0.1825 pull:0.933888
1/mass: 0.1875 pull:0.225007
1/mass: 0.1925 pull:0.179924
1/mass: 0.1975 pull:1.35396
1/mass: 0.2025 pull:0.392521
1/mass: 0.2125 pull:1.28041
1/mass: 0.2225 pull:0.597082
1/mass: 0.2275 pull:0.713989
2
2
2
Fitting bin 39 (Ek: 15.8444-18.5408 GeV/n)...
[#1] INFO:Minimization -- p.d.f. provides expected number of events, including extended term in likelihood.
[#1] INFO:Fitting -- RooAbsPdf::fitTo(model) fixing normalization set for coefficient determination to observables in data
[#1] INFO:Fitting -- RooAddition::defaultErrorLevel(nll_model_data) Summation contains a RooNLLVar, using its error level
[#1] INFO:Minimization -- RooAbsMinimizerFcn::setOptimizeConst: activating const optimization
[#1] INFO:Fitting -- RooAbsPdf::fitTo(model) Calculating sum-of-weights-squared correction matrix for covariance matrix
[#1] INFO:Minimization -- RooAbsMinimizerFcn::setOptimizeConst: deactivating const optimization
Total chi2/ndf: 1.32528
  Fit Result: Chi2/NDF = 39.7585/34 = 1.16937, Status = 0
[#1] INFO:Plotting -- RooAbsPdf::plotOn(model) directly selected PDF components: (pdf7)
[#1] INFO:Plotting -- RooAbsPdf::plotOn(model) indirectly selected PDF components: ()
[#1] INFO:Plotting -- RooAbsPdf::plotOn(model) directly selected PDF components: (pdf9)
[#1] INFO:Plotting -- RooAbsPdf::plotOn(model) indirectly selected PDF components: ()
[#1] INFO:Plotting -- RooAbsPdf::plotOn(model) directly selected PDF components: (pdf10)
[#1] INFO:Plotting -- RooAbsPdf::plotOn(model) indirectly selected PDF components: ()
1/mass: 0.0575 pull:-0.390727
1/mass: 0.0625 pull:-0.883574
1/mass: 0.0675 pull:0.264012
1/mass: 0.0725 pull:0.291761
1/mass: 0.0775 pull:0.596966
1/mass: 0.0825 pull:-0.923271
1/mass: 0.0875 pull:-0.527938
1/mass: 0.0925 pull:0.0484574
1/mass: 0.0975 pull:0.158428
1/mass: 0.1025 pull:0.285091
1/mass: 0.1075 pull:-0.0319631
1/mass: 0.1125 pull:0.0462129
1/mass: 0.1175 pull:-0.298868
1/mass: 0.1225 pull:0.527993
1/mass: 0.1275 pull:0.428095
1/mass: 0.1325 pull:1.49049
1/mass: 0.1375 pull:-3.77535
1/mass: 0.1425 pull:-0.543807
1/mass: 0.1475 pull:-0.215541
1/mass: 0.1525 pull:0.722488
1/mass: 0.1575 pull:0.731564
1/mass: 0.1625 pull:-1.45404
1/mass: 0.1725 pull:-0.625695
1/mass: 0.1775 pull:2.55829
1/mass: 0.1825 pull:0.12401
1/mass: 0.1875 pull:-2.12908
1/mass: 0.1925 pull:-1.54962
1/mass: 0.1975 pull:-1.04976
1/mass: 0.2025 pull:0.791652
1/mass: 0.2075 pull:0.493275
1/mass: 0.2125 pull:0.694169
1/mass: 0.2225 pull:0.437345
2
2
2
Fitting bin 41 (Ek: 18.5408-21.6377 GeV/n)...
[#1] INFO:Minimization -- p.d.f. provides expected number of events, including extended term in likelihood.
[#1] INFO:Fitting -- RooAbsPdf::fitTo(model) fixing normalization set for coefficient determination to observables in data
[#1] INFO:Fitting -- RooAddition::defaultErrorLevel(nll_model_data) Summation contains a RooNLLVar, using its error level
[#1] INFO:Minimization -- RooAbsMinimizerFcn::setOptimizeConst: activating const optimization
[#1] INFO:Fitting -- RooAbsPdf::fitTo(model) Calculating sum-of-weights-squared correction matrix for covariance matrix
[#1] INFO:Minimization -- RooAbsMinimizerFcn::setOptimizeConst: deactivating const optimization
Total chi2/ndf: 1.19022
  Fit Result: Chi2/NDF = 38.0869/34 = 1.1202, Status = 0
[#1] INFO:Plotting -- RooAbsPdf::plotOn(model) directly selected PDF components: (pdf7)
[#1] INFO:Plotting -- RooAbsPdf::plotOn(model) indirectly selected PDF components: ()
[#1] INFO:Plotting -- RooAbsPdf::plotOn(model) directly selected PDF components: (pdf9)
[#1] INFO:Plotting -- RooAbsPdf::plotOn(model) indirectly selected PDF components: ()
[#1] INFO:Plotting -- RooAbsPdf::plotOn(model) directly selected PDF components: (pdf10)
[#1] INFO:Plotting -- RooAbsPdf::plotOn(model) indirectly selected PDF components: ()
1/mass: 0.0525 pull:0.526154
1/mass: 0.0575 pull:1.20749
1/mass: 0.0625 pull:0.589461
1/mass: 0.0675 pull:0.319363
1/mass: 0.0725 pull:0.00202182
1/mass: 0.0775 pull:0.184803
1/mass: 0.0825 pull:-1.66081
1/mass: 0.0875 pull:0.713652
1/mass: 0.0925 pull:-2.75547
1/mass: 0.0975 pull:-1.34282
1/mass: 0.1025 pull:-0.562619
1/mass: 0.1075 pull:-1.96524
1/mass: 0.1125 pull:0.792827
1/mass: 0.1175 pull:1.41791
1/mass: 0.1225 pull:1.14807
1/mass: 0.1275 pull:0.364103
1/mass: 0.1325 pull:-1.63771
1/mass: 0.1375 pull:0.205921
1/mass: 0.1425 pull:-0.405861
1/mass: 0.1475 pull:-1.19372
1/mass: 0.1525 pull:-0.983764
1/mass: 0.1575 pull:-0.774555
1/mass: 0.1625 pull:0.908786
1/mass: 0.1675 pull:0.0810069
1/mass: 0.1725 pull:1.23196
1/mass: 0.1775 pull:0.0917943
1/mass: 0.1825 pull:0.698486
1/mass: 0.1875 pull:0.114906
1/mass: 0.1975 pull:-1.67828
1/mass: 0.2025 pull:-0.250444
1/mass: 0.2075 pull:-1.01637
1/mass: 0.2125 pull:0.264385
1/mass: 0.2225 pull:1.4769
1/mass: 0.2275 pull:0.177605

[SUCCESS] Fitting process completed. Results saved to:
/eos/user/z/zixuan/Isotope/MassTempFit/wide_MassTF_Be_L1Inner_H2_UseMass7_FragFromBoron.pdf
/eos/user/z/zixuan/Isotope/MassTempFit/wide_MassTF_Be_L1Inner_H2_UseMass7_FragFromBoron.root
====================================================================
Starting SIGNAL Mass Template Fit for: B (UseMass: 10)
Chain: L1Inner
Templates: Pure (H2)
====================================================================
[INFO] Data file loaded: root://eoshome-z.cern.ch//eos/user/z/zixuan/Isotope/Add/B_frag5.root
[INFO] Output ROOT file: /eos/user/z/zixuan/Isotope/MassTempFit/wide_MassTF_B_L1Inner_H2_UseMass10.root

--- Processing Detector: TOF ---
2
2
Fitting bin 5 (Ek: 0.267548-0.406144 GeV/n)...
[#1] INFO:Minimization -- p.d.f. provides expected number of events, including extended term in likelihood.
[#1] INFO:Fitting -- RooAbsPdf::fitTo(model) fixing normalization set for coefficient determination to observables in data
[#1] INFO:Fitting -- RooAddition::defaultErrorLevel(nll_model_data) Summation contains a RooNLLVar, using its error level
[#1] INFO:Minimization -- RooAbsMinimizerFcn::setOptimizeConst: activating const optimization
[#1] INFO:Fitting -- RooAbsPdf::fitTo(model) Calculating sum-of-weights-squared correction matrix for covariance matrix
[#1] INFO:Minimization -- RooAbsMinimizerFcn::setOptimizeConst: deactivating const optimization
Total chi2/ndf: 5.49498
  Fit Result: Chi2/NDF = 208.809/39 = 5.35409, Status = 0
[#1] INFO:Plotting -- RooAbsPdf::plotOn(model) directly selected PDF components: (pdf10)
[#1] INFO:Plotting -- RooAbsPdf::plotOn(model) indirectly selected PDF components: ()
[#1] INFO:Plotting -- RooAbsPdf::plotOn(model) directly selected PDF components: (pdf11)
[#1] INFO:Plotting -- RooAbsPdf::plotOn(model) indirectly selected PDF components: ()
1/mass: 0.05125 pull:1.00621
1/mass: 0.05375 pull:-0.256887
1/mass: 0.05625 pull:1.73493
1/mass: 0.05875 pull:0.0910315
1/mass: 0.06125 pull:2.07288
1/mass: 0.06375 pull:2.41965
1/mass: 0.06625 pull:2.91055
1/mass: 0.06875 pull:3.01014
1/mass: 0.07125 pull:2.6743
1/mass: 0.07375 pull:4.37791
1/mass: 0.07625 pull:3.9224
1/mass: 0.07875 pull:2.37151
1/mass: 0.08125 pull:1.83833
1/mass: 0.08375 pull:0.971998
1/mass: 0.08625 pull:-1.41869
1/mass: 0.08875 pull:1.44101
1/mass: 0.09125 pull:0.395173
1/mass: 0.09375 pull:-2.26178
1/mass: 0.09625 pull:0.780475
1/mass: 0.09875 pull:-1.69421
1/mass: 0.10125 pull:-1.42666
1/mass: 0.10375 pull:-4.65536
1/mass: 0.10625 pull:-3.62406
1/mass: 0.10875 pull:-1.39527
1/mass: 0.11125 pull:-3.76456
1/mass: 0.11375 pull:-1.43013
1/mass: 0.11625 pull:0.514542
1/mass: 0.11875 pull:0.157726
1/mass: 0.12125 pull:1.1448
1/mass: 0.12375 pull:0.372392
1/mass: 0.12625 pull:0.38195
1/mass: 0.12875 pull:3.25117
1/mass: 0.13125 pull:3.77143
1/mass: 0.13375 pull:2.39259
1/mass: 0.13625 pull:1.20554
1/mass: 0.13875 pull:1.52636
1/mass: 0.14125 pull:1.56898
1/mass: 0.14375 pull:1.29881
1/mass: 0.14625 pull:2.15035
1/mass: 0.14875 pull:3.54578
2
2
Fitting bin 7 (Ek: 0.406144-0.587609 GeV/n)...
[#1] INFO:Minimization -- p.d.f. provides expected number of events, including extended term in likelihood.
[#1] INFO:Fitting -- RooAbsPdf::fitTo(model) fixing normalization set for coefficient determination to observables in data
[#1] INFO:Fitting -- RooAddition::defaultErrorLevel(nll_model_data) Summation contains a RooNLLVar, using its error level
[#1] INFO:Minimization -- RooAbsMinimizerFcn::setOptimizeConst: activating const optimization
[#1] INFO:Fitting -- RooAbsPdf::fitTo(model) Calculating sum-of-weights-squared correction matrix for covariance matrix
[#1] INFO:Minimization -- RooAbsMinimizerFcn::setOptimizeConst: deactivating const optimization
Total chi2/ndf: 12.277
  Fit Result: Chi2/NDF = 466.527/39 = 11.9622, Status = 0
[#1] INFO:Plotting -- RooAbsPdf::plotOn(model) directly selected PDF components: (pdf10)
[#1] INFO:Plotting -- RooAbsPdf::plotOn(model) indirectly selected PDF components: ()
[#1] INFO:Plotting -- RooAbsPdf::plotOn(model) directly selected PDF components: (pdf11)
[#1] INFO:Plotting -- RooAbsPdf::plotOn(model) indirectly selected PDF components: ()
1/mass: 0.05125 pull:2.64405
1/mass: 0.05375 pull:3.26483
1/mass: 0.05625 pull:1.79143
1/mass: 0.05875 pull:5.46103
1/mass: 0.06125 pull:6.39737
1/mass: 0.06375 pull:4.06212
1/mass: 0.06625 pull:6.64243
1/mass: 0.06875 pull:5.34558
1/mass: 0.07125 pull:5.24673
1/mass: 0.07375 pull:3.02329
1/mass: 0.07625 pull:4.44762
1/mass: 0.07875 pull:3.514
1/mass: 0.08125 pull:4.31445
1/mass: 0.08375 pull:2.86344
1/mass: 0.08625 pull:1.47949
1/mass: 0.08875 pull:-1.35174
1/mass: 0.09125 pull:-1.68126
1/mass: 0.09375 pull:-1.19072
1/mass: 0.09625 pull:-3.17475
1/mass: 0.09875 pull:-2.23997
1/mass: 0.10125 pull:-3.57673
1/mass: 0.10375 pull:-4.54927
1/mass: 0.10625 pull:-4.28935
1/mass: 0.10875 pull:-3.84209
1/mass: 0.11125 pull:-0.948378
1/mass: 0.11375 pull:0.511323
1/mass: 0.11625 pull:1.85746
1/mass: 0.11875 pull:-1.98628
1/mass: 0.12125 pull:1.0684
1/mass: 0.12375 pull:2.24443
1/mass: 0.12625 pull:3.63921
1/mass: 0.12875 pull:-0.11757
1/mass: 0.13125 pull:3.15013
1/mass: 0.13375 pull:2.65144
1/mass: 0.13625 pull:4.78979
1/mass: 0.13875 pull:3.16184
1/mass: 0.14125 pull:0.961767
1/mass: 0.14375 pull:1.61475
1/mass: 0.14625 pull:3.46262
1/mass: 0.14875 pull:2.58737
2
2
Fitting bin 9 (Ek: 0.587609-0.821474 GeV/n)...
[#1] INFO:Minimization -- p.d.f. provides expected number of events, including extended term in likelihood.
[#1] INFO:Fitting -- RooAbsPdf::fitTo(model) fixing normalization set for coefficient determination to observables in data
[#1] INFO:Fitting -- RooAddition::defaultErrorLevel(nll_model_data) Summation contains a RooNLLVar, using its error level
[#1] INFO:Minimization -- RooAbsMinimizerFcn::setOptimizeConst: activating const optimization
[#1] INFO:Fitting -- RooAbsPdf::fitTo(model) Calculating sum-of-weights-squared correction matrix for covariance matrix
[#1] INFO:Minimization -- RooAbsMinimizerFcn::setOptimizeConst: deactivating const optimization
Total chi2/ndf: 22.137
  Fit Result: Chi2/NDF = 841.206/39 = 21.5694, Status = 0
[#1] INFO:Plotting -- RooAbsPdf::plotOn(model) directly selected PDF components: (pdf10)
[#1] INFO:Plotting -- RooAbsPdf::plotOn(model) indirectly selected PDF components: ()
[#1] INFO:Plotting -- RooAbsPdf::plotOn(model) directly selected PDF components: (pdf11)
[#1] INFO:Plotting -- RooAbsPdf::plotOn(model) indirectly selected PDF components: ()
1/mass: 0.05125 pull:1.91769
1/mass: 0.05375 pull:1.99321
1/mass: 0.05625 pull:4.37414
1/mass: 0.05875 pull:3.14083
1/mass: 0.06125 pull:3.64301
1/mass: 0.06375 pull:6.18735
1/mass: 0.06625 pull:6.10217
1/mass: 0.06875 pull:9.73791
1/mass: 0.07125 pull:8.49364
1/mass: 0.07375 pull:7.58119
1/mass: 0.07625 pull:6.73809
1/mass: 0.07875 pull:8.77268
1/mass: 0.08125 pull:6.83217
1/mass: 0.08375 pull:3.31421
1/mass: 0.08625 pull:1.62375
1/mass: 0.08875 pull:-0.877336
1/mass: 0.09125 pull:-1.81927
1/mass: 0.09375 pull:-4.44692
1/mass: 0.09625 pull:-5.03075
1/mass: 0.09875 pull:-2.28601
1/mass: 0.10125 pull:-5.02556
1/mass: 0.10375 pull:-7.25934
1/mass: 0.10625 pull:-6.73256
1/mass: 0.10875 pull:-3.70155
1/mass: 0.11125 pull:-0.724154
1/mass: 0.11375 pull:1.99745
1/mass: 0.11625 pull:-0.645513
1/mass: 0.11875 pull:0.691336
1/mass: 0.12125 pull:2.42377
1/mass: 0.12375 pull:4.08954
1/mass: 0.12625 pull:3.506
1/mass: 0.12875 pull:6.2238
1/mass: 0.13125 pull:2.79142
1/mass: 0.13375 pull:3.29199
1/mass: 0.13625 pull:2.85484
1/mass: 0.13875 pull:1.03535
1/mass: 0.14125 pull:2.80146
1/mass: 0.14375 pull:1.41261
1/mass: 0.14625 pull:-0.329832
1/mass: 0.14875 pull:0.67186
2
2
Fitting bin 11 (Ek: 0.821474-1.11303 GeV/n)...
[#1] INFO:Minimization -- p.d.f. provides expected number of events, including extended term in likelihood.
[#1] INFO:Fitting -- RooAbsPdf::fitTo(model) fixing normalization set for coefficient determination to observables in data
[#1] INFO:Fitting -- RooAddition::defaultErrorLevel(nll_model_data) Summation contains a RooNLLVar, using its error level
[#1] INFO:Minimization -- RooAbsMinimizerFcn::setOptimizeConst: activating const optimization
[#1] INFO:Fitting -- RooAbsPdf::fitTo(model) Calculating sum-of-weights-squared correction matrix for covariance matrix
[#1] INFO:Minimization -- RooAbsMinimizerFcn::setOptimizeConst: deactivating const optimization
Total chi2/ndf: 34.46
  Fit Result: Chi2/NDF = 1309.48/39 = 33.5765, Status = 0
[#1] INFO:Plotting -- RooAbsPdf::plotOn(model) directly selected PDF components: (pdf10)
[#1] INFO:Plotting -- RooAbsPdf::plotOn(model) indirectly selected PDF components: ()
[#1] INFO:Plotting -- RooAbsPdf::plotOn(model) directly selected PDF components: (pdf11)
[#1] INFO:Plotting -- RooAbsPdf::plotOn(model) indirectly selected PDF components: ()
1/mass: 0.05125 pull:3.12712
1/mass: 0.05375 pull:6.05494
1/mass: 0.05625 pull:6.77483
1/mass: 0.05875 pull:4.95401
1/mass: 0.06125 pull:7.68694
1/mass: 0.06375 pull:9.54308
1/mass: 0.06625 pull:9.21739
1/mass: 0.07125 pull:9.95583
1/mass: 0.07875 pull:8.43414
1/mass: 0.08125 pull:5.26183
1/mass: 0.08375 pull:2.69428
1/mass: 0.08625 pull:-0.362536
1/mass: 0.08875 pull:-0.432
1/mass: 0.09125 pull:-4.57685
1/mass: 0.09375 pull:-4.78321
1/mass: 0.09625 pull:-4.5613
1/mass: 0.09875 pull:-4.75826
1/mass: 0.10125 pull:-6.76708
1/mass: 0.10375 pull:-6.1297
1/mass: 0.10625 pull:-7.53304
1/mass: 0.10875 pull:-1.75174
1/mass: 0.11125 pull:-1.44047
1/mass: 0.11375 pull:1.50247
1/mass: 0.11625 pull:-1.08079
1/mass: 0.11875 pull:2.72166
1/mass: 0.12125 pull:2.47006
1/mass: 0.12375 pull:3.11567
1/mass: 0.12625 pull:1.9971
1/mass: 0.12875 pull:4.85829
1/mass: 0.13125 pull:4.02006
1/mass: 0.13375 pull:5.12738
1/mass: 0.13625 pull:2.71087
1/mass: 0.13875 pull:3.4996
1/mass: 0.14125 pull:5.10375
1/mass: 0.14375 pull:1.54826
1/mass: 0.14625 pull:0.93732
1/mass: 0.14875 pull:-0.000979647
2
2
Fitting bin 13 (Ek: 1.11303-1.4714 GeV/n)...
[#1] INFO:Minimization -- p.d.f. provides expected number of events, including extended term in likelihood.
[#1] INFO:Fitting -- RooAbsPdf::fitTo(model) fixing normalization set for coefficient determination to observables in data
[#1] INFO:Fitting -- RooAddition::defaultErrorLevel(nll_model_data) Summation contains a RooNLLVar, using its error level
[#1] INFO:Minimization -- RooAbsMinimizerFcn::setOptimizeConst: activating const optimization
[#1] INFO:Fitting -- RooAbsPdf::fitTo(model) Calculating sum-of-weights-squared correction matrix for covariance matrix
[#1] INFO:Minimization -- RooAbsMinimizerFcn::setOptimizeConst: deactivating const optimization
Total chi2/ndf: 50.0698
  Fit Result: Chi2/NDF = 1902.65/39 = 48.786, Status = 0
[#1] INFO:Plotting -- RooAbsPdf::plotOn(model) directly selected PDF components: (pdf10)
[#1] INFO:Plotting -- RooAbsPdf::plotOn(model) indirectly selected PDF components: ()
[#1] INFO:Plotting -- RooAbsPdf::plotOn(model) directly selected PDF components: (pdf11)
[#1] INFO:Plotting -- RooAbsPdf::plotOn(model) indirectly selected PDF components: ()
1/mass: 0.05125 pull:7.04692
1/mass: 0.05375 pull:9.60043
1/mass: 0.07625 pull:8.29312
1/mass: 0.07875 pull:7.7229
1/mass: 0.08125 pull:3.55104
1/mass: 0.08375 pull:2.31218
1/mass: 0.08625 pull:-1.7845
1/mass: 0.08875 pull:-3.91284
1/mass: 0.09125 pull:-5.27297
1/mass: 0.09375 pull:-5.25094
1/mass: 0.09625 pull:-5.56583
1/mass: 0.09875 pull:-5.08775
1/mass: 0.10125 pull:-7.10039
1/mass: 0.10375 pull:-7.63161
1/mass: 0.10625 pull:-5.57488
1/mass: 0.10875 pull:-1.19252
1/mass: 0.11125 pull:-2.91699
1/mass: 0.11375 pull:-0.136718
1/mass: 0.11625 pull:-0.660634
1/mass: 0.11875 pull:2.4488
1/mass: 0.12125 pull:3.08039
1/mass: 0.12375 pull:1.49896
1/mass: 0.12625 pull:3.03851
1/mass: 0.12875 pull:4.12967
1/mass: 0.13125 pull:4.9216
1/mass: 0.13375 pull:3.48379
1/mass: 0.13625 pull:4.24012
1/mass: 0.13875 pull:3.90584
1/mass: 0.14125 pull:0.751935
1/mass: 0.14375 pull:2.36212
1/mass: 0.14625 pull:3.8534
1/mass: 0.14875 pull:2.03234

--- Processing Detector: NaF ---
2
2
Fitting bin 11 (Ek: 0.821474-1.11303 GeV/n)...
[#1] INFO:Minimization -- p.d.f. provides expected number of events, including extended term in likelihood.
[#1] INFO:Fitting -- RooAbsPdf::fitTo(model) fixing normalization set for coefficient determination to observables in data
[#1] INFO:Fitting -- RooAddition::defaultErrorLevel(nll_model_data) Summation contains a RooNLLVar, using its error level
[#1] INFO:Minimization -- RooAbsMinimizerFcn::setOptimizeConst: activating const optimization
[#1] INFO:Fitting -- RooAbsPdf::fitTo(model) Calculating sum-of-weights-squared correction matrix for covariance matrix
[#1] INFO:Minimization -- RooAbsMinimizerFcn::setOptimizeConst: deactivating const optimization
Total chi2/ndf: 2.77469
  Fit Result: Chi2/NDF = 105.438/39 = 2.70354, Status = 0
[#1] INFO:Plotting -- RooAbsPdf::plotOn(model) directly selected PDF components: (pdf10)
[#1] INFO:Plotting -- RooAbsPdf::plotOn(model) indirectly selected PDF components: ()
[#1] INFO:Plotting -- RooAbsPdf::plotOn(model) directly selected PDF components: (pdf11)
[#1] INFO:Plotting -- RooAbsPdf::plotOn(model) indirectly selected PDF components: ()
1/mass: 0.05125 pull:0.752571
1/mass: 0.05375 pull:1.07352
1/mass: 0.05625 pull:0.260019
1/mass: 0.05875 pull:1.47203
1/mass: 0.06125 pull:3.38735
1/mass: 0.06375 pull:-0.469878
1/mass: 0.06625 pull:1.97957
1/mass: 0.06875 pull:2.09988
1/mass: 0.07125 pull:1.65621
1/mass: 0.07375 pull:0.458631
1/mass: 0.07625 pull:0.164501
1/mass: 0.07875 pull:2.03459
1/mass: 0.08125 pull:1.23272
1/mass: 0.08375 pull:2.64254
1/mass: 0.08625 pull:1.50724
1/mass: 0.08875 pull:0.286738
1/mass: 0.09125 pull:-1.16284
1/mass: 0.09375 pull:-1.34406
1/mass: 0.09625 pull:0.0769242
1/mass: 0.09875 pull:-0.841317
1/mass: 0.10125 pull:-2.80418
1/mass: 0.10375 pull:-2.94749
1/mass: 0.10625 pull:-1.18691
1/mass: 0.10875 pull:-0.150371
1/mass: 0.11125 pull:-1.68477
1/mass: 0.11375 pull:0.516695
1/mass: 0.11625 pull:1.31328
1/mass: 0.11875 pull:2.37143
1/mass: 0.12125 pull:1.01307
1/mass: 0.12375 pull:0.867727
1/mass: 0.12625 pull:0.730614
1/mass: 0.12875 pull:1.43323
1/mass: 0.13125 pull:-0.489511
1/mass: 0.13375 pull:-0.84161
1/mass: 0.13625 pull:2.17929
1/mass: 0.13875 pull:1.17487
1/mass: 0.14125 pull:2.16069
1/mass: 0.14375 pull:0.265885
1/mass: 0.14625 pull:-2.80407
1/mass: 0.14875 pull:-2.67014
2
2
Fitting bin 13 (Ek: 1.11303-1.4714 GeV/n)...
[#1] INFO:Minimization -- p.d.f. provides expected number of events, including extended term in likelihood.
[#1] INFO:Fitting -- RooAbsPdf::fitTo(model) fixing normalization set for coefficient determination to observables in data
[#1] INFO:Fitting -- RooAddition::defaultErrorLevel(nll_model_data) Summation contains a RooNLLVar, using its error level
[#1] INFO:Minimization -- RooAbsMinimizerFcn::setOptimizeConst: activating const optimization
[#1] INFO:Fitting -- RooAbsPdf::fitTo(model) Calculating sum-of-weights-squared correction matrix for covariance matrix
[#1] INFO:Minimization -- RooAbsMinimizerFcn::setOptimizeConst: deactivating const optimization
Total chi2/ndf: 2.55086
  Fit Result: Chi2/NDF = 96.9328/39 = 2.48546, Status = 0
[#1] INFO:Plotting -- RooAbsPdf::plotOn(model) directly selected PDF components: (pdf10)
[#1] INFO:Plotting -- RooAbsPdf::plotOn(model) indirectly selected PDF components: ()
[#1] INFO:Plotting -- RooAbsPdf::plotOn(model) directly selected PDF components: (pdf11)
[#1] INFO:Plotting -- RooAbsPdf::plotOn(model) indirectly selected PDF components: ()
1/mass: 0.05125 pull:1.29576
1/mass: 0.05375 pull:2.18242
1/mass: 0.05625 pull:3.94144
1/mass: 0.05875 pull:2.03852
1/mass: 0.06125 pull:1.118
1/mass: 0.06375 pull:1.83648
1/mass: 0.06625 pull:3.65767
1/mass: 0.06875 pull:0.488867
1/mass: 0.07125 pull:0.133189
1/mass: 0.07375 pull:1.31948
1/mass: 0.07625 pull:0.635025
1/mass: 0.07875 pull:0.535227
1/mass: 0.08125 pull:-1.00498
1/mass: 0.08375 pull:0.76024
1/mass: 0.08625 pull:1.10267
1/mass: 0.08875 pull:-1.38311
1/mass: 0.09125 pull:-0.476284
1/mass: 0.09375 pull:-1.5096
1/mass: 0.09625 pull:0.549114
1/mass: 0.09875 pull:0.269638
1/mass: 0.10125 pull:1.1057
1/mass: 0.10375 pull:-0.363542
1/mass: 0.10625 pull:-0.980467
1/mass: 0.10875 pull:-2.85818
1/mass: 0.11125 pull:-1.99863
1/mass: 0.11375 pull:-0.501023
1/mass: 0.11625 pull:1.62219
1/mass: 0.11875 pull:1.84271
1/mass: 0.12125 pull:-1.35195
1/mass: 0.12375 pull:-0.725183
1/mass: 0.12625 pull:1.05223
1/mass: 0.12875 pull:0.977646
1/mass: 0.13125 pull:2.55938
1/mass: 0.13375 pull:1.65317
1/mass: 0.13625 pull:1.06617
1/mass: 0.13875 pull:1.92179
1/mass: 0.14125 pull:0.636369
1/mass: 0.14375 pull:0.784088
1/mass: 0.14625 pull:-1.41782
1/mass: 0.14875 pull:-0.443862
2
2
Fitting bin 15 (Ek: 1.4714-1.91049 GeV/n)...
[#1] INFO:Minimization -- p.d.f. provides expected number of events, including extended term in likelihood.
[#1] INFO:Fitting -- RooAbsPdf::fitTo(model) fixing normalization set for coefficient determination to observables in data
[#1] INFO:Fitting -- RooAddition::defaultErrorLevel(nll_model_data) Summation contains a RooNLLVar, using its error level
[#1] INFO:Minimization -- RooAbsMinimizerFcn::setOptimizeConst: activating const optimization
[#1] INFO:Fitting -- RooAbsPdf::fitTo(model) Calculating sum-of-weights-squared correction matrix for covariance matrix
[#1] INFO:Minimization -- RooAbsMinimizerFcn::setOptimizeConst: deactivating const optimization
Total chi2/ndf: 2.53165
  Fit Result: Chi2/NDF = 96.2027/39 = 2.46674, Status = 0
[#1] INFO:Plotting -- RooAbsPdf::plotOn(model) directly selected PDF components: (pdf10)
[#1] INFO:Plotting -- RooAbsPdf::plotOn(model) indirectly selected PDF components: ()
[#1] INFO:Plotting -- RooAbsPdf::plotOn(model) directly selected PDF components: (pdf11)
[#1] INFO:Plotting -- RooAbsPdf::plotOn(model) indirectly selected PDF components: ()
1/mass: 0.05125 pull:2.59873
1/mass: 0.05375 pull:-0.29323
1/mass: 0.05625 pull:-2.97952
1/mass: 0.05875 pull:-1.97523
1/mass: 0.06125 pull:1.7364
1/mass: 0.06375 pull:1.92573
1/mass: 0.06625 pull:1.47177
1/mass: 0.06875 pull:3.31977
1/mass: 0.07125 pull:1.20405
1/mass: 0.07375 pull:-0.0786827
1/mass: 0.07625 pull:-0.619123
1/mass: 0.07875 pull:-0.828988
1/mass: 0.08125 pull:-0.637531
1/mass: 0.08375 pull:1.44512
1/mass: 0.08625 pull:1.93403
1/mass: 0.08875 pull:-0.556549
1/mass: 0.09125 pull:-1.15266
1/mass: 0.09375 pull:-0.415663
1/mass: 0.09625 pull:2.17451
1/mass: 0.09875 pull:0.636024
1/mass: 0.10125 pull:-0.489222
1/mass: 0.10375 pull:-3.73538
1/mass: 0.10625 pull:-2.81323
1/mass: 0.10875 pull:0.258643
1/mass: 0.11125 pull:1.28151
1/mass: 0.11375 pull:1.02421
1/mass: 0.11625 pull:1.88901
1/mass: 0.11875 pull:-1.16938
1/mass: 0.12125 pull:-1.59869
1/mass: 0.12375 pull:0.787504
1/mass: 0.12625 pull:0.664547
1/mass: 0.12875 pull:1.52395
1/mass: 0.13125 pull:0.591161
1/mass: 0.13375 pull:0.281664
1/mass: 0.13625 pull:-1.44074
1/mass: 0.13875 pull:0.766437
1/mass: 0.14125 pull:0.724648
1/mass: 0.14375 pull:0.495265
1/mass: 0.14625 pull:-1.05815
1/mass: 0.14875 pull:-0.495135
2
2
Fitting bin 17 (Ek: 1.91049-2.43494 GeV/n)...
[#1] INFO:Minimization -- p.d.f. provides expected number of events, including extended term in likelihood.
[#1] INFO:Fitting -- RooAbsPdf::fitTo(model) fixing normalization set for coefficient determination to observables in data
[#1] INFO:Fitting -- RooAddition::defaultErrorLevel(nll_model_data) Summation contains a RooNLLVar, using its error level
[#1] INFO:Minimization -- RooAbsMinimizerFcn::setOptimizeConst: activating const optimization
[#1] INFO:Fitting -- RooAbsPdf::fitTo(model) Calculating sum-of-weights-squared correction matrix for covariance matrix
[#1] INFO:Minimization -- RooAbsMinimizerFcn::setOptimizeConst: deactivating const optimization
Total chi2/ndf: 3.24478
  Fit Result: Chi2/NDF = 123.302/39 = 3.16158, Status = 0
[#1] INFO:Plotting -- RooAbsPdf::plotOn(model) directly selected PDF components: (pdf10)
[#1] INFO:Plotting -- RooAbsPdf::plotOn(model) indirectly selected PDF components: ()
[#1] INFO:Plotting -- RooAbsPdf::plotOn(model) directly selected PDF components: (pdf11)
[#1] INFO:Plotting -- RooAbsPdf::plotOn(model) indirectly selected PDF components: ()
1/mass: 0.05125 pull:-0.457312
1/mass: 0.05375 pull:-0.822676
1/mass: 0.05625 pull:-0.203875
1/mass: 0.05875 pull:-0.278134
1/mass: 0.06125 pull:0.423512
1/mass: 0.06375 pull:0.208387
1/mass: 0.06625 pull:1.48182
1/mass: 0.06875 pull:0.339687
1/mass: 0.07125 pull:2.32159
1/mass: 0.07375 pull:4.53786
1/mass: 0.07625 pull:3.63059
1/mass: 0.07875 pull:3.0594
1/mass: 0.08125 pull:1.8197
1/mass: 0.08375 pull:0.240555
1/mass: 0.08625 pull:0.391695
1/mass: 0.08875 pull:1.59637
1/mass: 0.09125 pull:-2.2573
1/mass: 0.09375 pull:-0.80316
1/mass: 0.09625 pull:-0.550145
1/mass: 0.09875 pull:-1.03187
1/mass: 0.10125 pull:-2.58683
1/mass: 0.10375 pull:0.174351
1/mass: 0.10625 pull:-2.83516
1/mass: 0.10875 pull:-2.60056
1/mass: 0.11125 pull:-0.218679
1/mass: 0.11375 pull:1.21868
1/mass: 0.11625 pull:1.98828
1/mass: 0.11875 pull:-1.04556
1/mass: 0.12125 pull:-0.0688879
1/mass: 0.12375 pull:0.43849
1/mass: 0.12625 pull:0.549291
1/mass: 0.12875 pull:2.1935
1/mass: 0.13125 pull:1.06554
1/mass: 0.13375 pull:4.3014
1/mass: 0.13625 pull:0.870311
1/mass: 0.13875 pull:1.32047
1/mass: 0.14125 pull:-0.64451
1/mass: 0.14375 pull:1.15482
1/mass: 0.14625 pull:0.210661
1/mass: 0.14875 pull:0.846218
2
2
Fitting bin 19 (Ek: 2.43494-3.05875 GeV/n)...
[#1] INFO:Minimization -- p.d.f. provides expected number of events, including extended term in likelihood.
[#1] INFO:Fitting -- RooAbsPdf::fitTo(model) fixing normalization set for coefficient determination to observables in data
[#1] INFO:Fitting -- RooAddition::defaultErrorLevel(nll_model_data) Summation contains a RooNLLVar, using its error level
[#1] INFO:Minimization -- RooAbsMinimizerFcn::setOptimizeConst: activating const optimization
[#1] INFO:Fitting -- RooAbsPdf::fitTo(model) Calculating sum-of-weights-squared correction matrix for covariance matrix
[#1] INFO:Minimization -- RooAbsMinimizerFcn::setOptimizeConst: deactivating const optimization
Total chi2/ndf: 2.54084
  Fit Result: Chi2/NDF = 96.5517/39 = 2.47569, Status = 0
[#1] INFO:Plotting -- RooAbsPdf::plotOn(model) directly selected PDF components: (pdf10)
[#1] INFO:Plotting -- RooAbsPdf::plotOn(model) indirectly selected PDF components: ()
[#1] INFO:Plotting -- RooAbsPdf::plotOn(model) directly selected PDF components: (pdf11)
[#1] INFO:Plotting -- RooAbsPdf::plotOn(model) indirectly selected PDF components: ()
1/mass: 0.05125 pull:0.842165
1/mass: 0.05375 pull:0.847471
1/mass: 0.05625 pull:1.69884
1/mass: 0.05875 pull:-0.803867
1/mass: 0.06125 pull:0.265603
1/mass: 0.06375 pull:-0.277966
1/mass: 0.06625 pull:-1.54813
1/mass: 0.06875 pull:1.83946
1/mass: 0.07125 pull:1.5759
1/mass: 0.07375 pull:1.55611
1/mass: 0.07625 pull:3.04669
1/mass: 0.07875 pull:2.93194
1/mass: 0.08125 pull:-0.46632
1/mass: 0.08375 pull:0.985753
1/mass: 0.08625 pull:3.16781
1/mass: 0.08875 pull:0.777436
1/mass: 0.09125 pull:-1.0281
1/mass: 0.09375 pull:-1.26868
1/mass: 0.09625 pull:-0.973964
1/mass: 0.09875 pull:-0.978434
1/mass: 0.10125 pull:-1.903
1/mass: 0.10375 pull:-1.20093
1/mass: 0.10625 pull:-1.15741
1/mass: 0.10875 pull:-1.15491
1/mass: 0.11125 pull:-0.360659
1/mass: 0.11375 pull:0.173793
1/mass: 0.11625 pull:0.660035
1/mass: 0.11875 pull:-1.10813
1/mass: 0.12125 pull:0.060953
1/mass: 0.12375 pull:0.477134
1/mass: 0.12625 pull:3.16259
1/mass: 0.12875 pull:1.01594
1/mass: 0.13125 pull:3.0045
1/mass: 0.13375 pull:1.43146
1/mass: 0.13625 pull:1.67192
1/mass: 0.13875 pull:-1.05506
1/mass: 0.14125 pull:-0.633446
1/mass: 0.14375 pull:-2.45666
1/mass: 0.14625 pull:-0.156903
1/mass: 0.14875 pull:2.05117
2
2
Fitting bin 21 (Ek: 3.05875-3.79127 GeV/n)...
[#1] INFO:Minimization -- p.d.f. provides expected number of events, including extended term in likelihood.
[#1] INFO:Fitting -- RooAbsPdf::fitTo(model) fixing normalization set for coefficient determination to observables in data
[#1] INFO:Fitting -- RooAddition::defaultErrorLevel(nll_model_data) Summation contains a RooNLLVar, using its error level
[#1] INFO:Minimization -- RooAbsMinimizerFcn::setOptimizeConst: activating const optimization
[#1] INFO:Fitting -- RooAbsPdf::fitTo(model) Calculating sum-of-weights-squared correction matrix for covariance matrix
[#1] INFO:Minimization -- RooAbsMinimizerFcn::setOptimizeConst: deactivating const optimization
Total chi2/ndf: 2.54576
  Fit Result: Chi2/NDF = 96.739/39 = 2.48049, Status = 0
[#1] INFO:Plotting -- RooAbsPdf::plotOn(model) directly selected PDF components: (pdf10)
[#1] INFO:Plotting -- RooAbsPdf::plotOn(model) indirectly selected PDF components: ()
[#1] INFO:Plotting -- RooAbsPdf::plotOn(model) directly selected PDF components: (pdf11)
[#1] INFO:Plotting -- RooAbsPdf::plotOn(model) indirectly selected PDF components: ()
1/mass: 0.05125 pull:0.837576
1/mass: 0.05375 pull:-0.0294513
1/mass: 0.05625 pull:-0.489412
1/mass: 0.05875 pull:-1.64817
1/mass: 0.06125 pull:-0.145972
1/mass: 0.06375 pull:0.541883
1/mass: 0.06625 pull:1.74397
1/mass: 0.06875 pull:3.02557
1/mass: 0.07125 pull:1.60402
1/mass: 0.07375 pull:2.64107
1/mass: 0.07625 pull:1.4738
1/mass: 0.07875 pull:1.75798
1/mass: 0.08125 pull:-0.0838231
1/mass: 0.08375 pull:2.87574
1/mass: 0.08625 pull:-0.853947
1/mass: 0.08875 pull:0.453265
1/mass: 0.09125 pull:-0.783612
1/mass: 0.09375 pull:0.594749
1/mass: 0.09625 pull:-0.120071
1/mass: 0.09875 pull:-1.84936
1/mass: 0.10125 pull:-2.79114
1/mass: 0.10375 pull:-1.57352
1/mass: 0.10625 pull:0.943647
1/mass: 0.10875 pull:-0.334714
1/mass: 0.11125 pull:-3.19152
1/mass: 0.11375 pull:0.930681
1/mass: 0.11625 pull:0.705114
1/mass: 0.11875 pull:-0.969506
1/mass: 0.12125 pull:2.01508
1/mass: 0.12375 pull:-0.348679
1/mass: 0.12625 pull:2.41368
1/mass: 0.12875 pull:1.36056
1/mass: 0.13125 pull:1.71376
1/mass: 0.13375 pull:-0.840416
1/mass: 0.13625 pull:2.16641
1/mass: 0.13875 pull:-0.694007
1/mass: 0.14125 pull:1.95487
1/mass: 0.14375 pull:-0.421459
1/mass: 0.14625 pull:0.183915
1/mass: 0.14875 pull:-1.91759
2
2
Fitting bin 23 (Ek: 3.79127-4.64682 GeV/n)...
[#1] INFO:Minimization -- p.d.f. provides expected number of events, including extended term in likelihood.
[#1] INFO:Fitting -- RooAbsPdf::fitTo(model) fixing normalization set for coefficient determination to observables in data
[#1] INFO:Fitting -- RooAddition::defaultErrorLevel(nll_model_data) Summation contains a RooNLLVar, using its error level
[#1] INFO:Minimization -- RooAbsMinimizerFcn::setOptimizeConst: activating const optimization
[#1] INFO:Fitting -- RooAbsPdf::fitTo(model) Calculating sum-of-weights-squared correction matrix for covariance matrix
[#1] INFO:Minimization -- RooAbsMinimizerFcn::setOptimizeConst: deactivating const optimization
Total chi2/ndf: 1.49383
  Fit Result: Chi2/NDF = 56.7656/39 = 1.45553, Status = 0
[#1] INFO:Plotting -- RooAbsPdf::plotOn(model) directly selected PDF components: (pdf10)
[#1] INFO:Plotting -- RooAbsPdf::plotOn(model) indirectly selected PDF components: ()
[#1] INFO:Plotting -- RooAbsPdf::plotOn(model) directly selected PDF components: (pdf11)
[#1] INFO:Plotting -- RooAbsPdf::plotOn(model) indirectly selected PDF components: ()
1/mass: 0.05125 pull:0.546454
1/mass: 0.05375 pull:0.446523
1/mass: 0.05625 pull:0.740696
1/mass: 0.05875 pull:0.984845
1/mass: 0.06125 pull:-1.41402
1/mass: 0.06375 pull:0.411409
1/mass: 0.06625 pull:-0.0396785
1/mass: 0.06875 pull:1.61265
1/mass: 0.07125 pull:1.87065
1/mass: 0.07375 pull:2.44084
1/mass: 0.07625 pull:0.84966
1/mass: 0.07875 pull:0.417365
1/mass: 0.08125 pull:1.84929
1/mass: 0.08375 pull:0.358255
1/mass: 0.08625 pull:0.153432
1/mass: 0.08875 pull:1.37074
1/mass: 0.09125 pull:0.308579
1/mass: 0.09375 pull:-1.03115
1/mass: 0.09625 pull:-1.8473
1/mass: 0.09875 pull:-0.780093
1/mass: 0.10125 pull:-0.890426
1/mass: 0.10375 pull:-0.853619
1/mass: 0.10625 pull:-0.979283
1/mass: 0.10875 pull:0.44798
1/mass: 0.11125 pull:-0.715699
1/mass: 0.11375 pull:-1.513
1/mass: 0.11625 pull:0.815152
1/mass: 0.11875 pull:-0.146629
1/mass: 0.12125 pull:-0.642517
1/mass: 0.12375 pull:2.40203
1/mass: 0.12625 pull:0.859651
1/mass: 0.12875 pull:1.75321
1/mass: 0.13125 pull:2.39682
1/mass: 0.13375 pull:-0.0884937
1/mass: 0.13625 pull:0.440377
1/mass: 0.13875 pull:0.0756189
1/mass: 0.14125 pull:0.47035
1/mass: 0.14375 pull:-0.938468
1/mass: 0.14625 pull:-0.569795
1/mass: 0.14875 pull:-2.33496
2
2
Fitting bin 25 (Ek: 4.64682-5.63491 GeV/n)...
[#1] INFO:Minimization -- p.d.f. provides expected number of events, including extended term in likelihood.
[#1] INFO:Fitting -- RooAbsPdf::fitTo(model) fixing normalization set for coefficient determination to observables in data
[#1] INFO:Fitting -- RooAddition::defaultErrorLevel(nll_model_data) Summation contains a RooNLLVar, using its error level
[#1] INFO:Minimization -- RooAbsMinimizerFcn::setOptimizeConst: activating const optimization
[#1] INFO:Fitting -- RooAbsPdf::fitTo(model) Calculating sum-of-weights-squared correction matrix for covariance matrix
[#1] INFO:Minimization -- RooAbsMinimizerFcn::setOptimizeConst: deactivating const optimization
Total chi2/ndf: 2.56437
  Fit Result: Chi2/NDF = 97.4461/39 = 2.49862, Status = 0
[#1] INFO:Plotting -- RooAbsPdf::plotOn(model) directly selected PDF components: (pdf10)
[#1] INFO:Plotting -- RooAbsPdf::plotOn(model) indirectly selected PDF components: ()
[#1] INFO:Plotting -- RooAbsPdf::plotOn(model) directly selected PDF components: (pdf11)
[#1] INFO:Plotting -- RooAbsPdf::plotOn(model) indirectly selected PDF components: ()
1/mass: 0.05125 pull:2.27389
1/mass: 0.05375 pull:1.17608
1/mass: 0.05625 pull:-0.077284
1/mass: 0.05875 pull:0.0183697
1/mass: 0.06125 pull:0.240405
1/mass: 0.06375 pull:1.82417
1/mass: 0.06625 pull:2.19219
1/mass: 0.06875 pull:2.36508
1/mass: 0.07125 pull:1.49423
1/mass: 0.07375 pull:1.59205
1/mass: 0.07625 pull:3.61781
1/mass: 0.07875 pull:1.42417
1/mass: 0.08125 pull:0.575682
1/mass: 0.08375 pull:2.4138
1/mass: 0.08625 pull:0.580586
1/mass: 0.08875 pull:-1.75148
1/mass: 0.09125 pull:0.025583
1/mass: 0.09375 pull:0.544863
1/mass: 0.09625 pull:-1.25164
1/mass: 0.09875 pull:-0.960868
1/mass: 0.10125 pull:-1.56684
1/mass: 0.10375 pull:-2.86579
1/mass: 0.10625 pull:-1.70597
1/mass: 0.10875 pull:-1.26386
1/mass: 0.11125 pull:-0.307935
1/mass: 0.11375 pull:-1.28549
1/mass: 0.11625 pull:0.804184
1/mass: 0.11875 pull:0.334084
1/mass: 0.12125 pull:1.53036
1/mass: 0.12375 pull:-1.14758
1/mass: 0.12625 pull:1.63765
1/mass: 0.12875 pull:2.29156
1/mass: 0.13125 pull:0.827824
1/mass: 0.13375 pull:1.40013
1/mass: 0.13625 pull:0.304846
1/mass: 0.13875 pull:0.791543
1/mass: 0.14125 pull:1.04763
1/mass: 0.14375 pull:-0.078254
1/mass: 0.14625 pull:1.72843
1/mass: 0.14875 pull:2.85268
2
2
[WARN] Low statistics in bin 73 max:0. Skipping.

--- Processing Detector: AGL ---
2
2
Fitting bin 19 (Ek: 2.43494-3.05875 GeV/n)...
[#1] INFO:Minimization -- p.d.f. provides expected number of events, including extended term in likelihood.
[#1] INFO:Fitting -- RooAbsPdf::fitTo(model) fixing normalization set for coefficient determination to observables in data
[#1] INFO:Fitting -- RooAddition::defaultErrorLevel(nll_model_data) Summation contains a RooNLLVar, using its error level
[#1] INFO:Minimization -- RooAbsMinimizerFcn::setOptimizeConst: activating const optimization
[#1] INFO:Fitting -- RooAbsPdf::fitTo(model) Calculating sum-of-weights-squared correction matrix for covariance matrix
[#1] INFO:Minimization -- RooAbsMinimizerFcn::setOptimizeConst: deactivating const optimization
Total chi2/ndf: 6.82206
  Fit Result: Chi2/NDF = 259.238/39 = 6.64714, Status = 0
[#1] INFO:Plotting -- RooAbsPdf::plotOn(model) directly selected PDF components: (pdf10)
[#1] INFO:Plotting -- RooAbsPdf::plotOn(model) indirectly selected PDF components: ()
[#1] INFO:Plotting -- RooAbsPdf::plotOn(model) directly selected PDF components: (pdf11)
[#1] INFO:Plotting -- RooAbsPdf::plotOn(model) indirectly selected PDF components: ()
1/mass: 0.05125 pull:0.39779
1/mass: 0.05375 pull:0.138045
1/mass: 0.05625 pull:0.826409
1/mass: 0.05875 pull:-0.673597
1/mass: 0.06125 pull:0.471552
1/mass: 0.06375 pull:0.147828
1/mass: 0.06625 pull:-2.44821
1/mass: 0.06875 pull:3.04767
1/mass: 0.07125 pull:3.3584
1/mass: 0.07375 pull:5.17343
1/mass: 0.07625 pull:5.3663
1/mass: 0.07875 pull:1.60449
1/mass: 0.08125 pull:2.73568
1/mass: 0.08375 pull:4.61672
1/mass: 0.08625 pull:4.03974
1/mass: 0.08875 pull:0.483656
1/mass: 0.09125 pull:1.09379
1/mass: 0.09375 pull:-0.924866
1/mass: 0.09625 pull:-2.39129
1/mass: 0.09875 pull:-3.26686
1/mass: 0.10125 pull:-5.64609
1/mass: 0.10375 pull:-3.74862
1/mass: 0.10625 pull:-1.98806
1/mass: 0.10875 pull:-0.582846
1/mass: 0.11125 pull:-0.9627
1/mass: 0.11375 pull:0.0546368
1/mass: 0.11625 pull:0.700616
1/mass: 0.11875 pull:1.11013
1/mass: 0.12125 pull:1.94296
1/mass: 0.12375 pull:3.43829
1/mass: 0.12625 pull:3.60655
1/mass: 0.12875 pull:0.203213
1/mass: 0.13125 pull:1.85218
1/mass: 0.13375 pull:2.60751
1/mass: 0.13625 pull:2.35365
1/mass: 0.13875 pull:2.2933
1/mass: 0.14125 pull:1.48224
1/mass: 0.14375 pull:0.16624
1/mass: 0.14625 pull:1.41296
1/mass: 0.14875 pull:-1.55521
2
2
Fitting bin 21 (Ek: 3.05875-3.79127 GeV/n)...
[#1] INFO:Minimization -- p.d.f. provides expected number of events, including extended term in likelihood.
[#1] INFO:Fitting -- RooAbsPdf::fitTo(model) fixing normalization set for coefficient determination to observables in data
[#1] INFO:Fitting -- RooAddition::defaultErrorLevel(nll_model_data) Summation contains a RooNLLVar, using its error level
[#1] INFO:Minimization -- RooAbsMinimizerFcn::setOptimizeConst: activating const optimization
[#1] INFO:Fitting -- RooAbsPdf::fitTo(model) Calculating sum-of-weights-squared correction matrix for covariance matrix
[#1] INFO:Minimization -- RooAbsMinimizerFcn::setOptimizeConst: deactivating const optimization
Total chi2/ndf: 5.44885
  Fit Result: Chi2/NDF = 207.056/39 = 5.30914, Status = 0
[#1] INFO:Plotting -- RooAbsPdf::plotOn(model) directly selected PDF components: (pdf10)
[#1] INFO:Plotting -- RooAbsPdf::plotOn(model) indirectly selected PDF components: ()
[#1] INFO:Plotting -- RooAbsPdf::plotOn(model) directly selected PDF components: (pdf11)
[#1] INFO:Plotting -- RooAbsPdf::plotOn(model) indirectly selected PDF components: ()
1/mass: 0.05125 pull:0.715703
1/mass: 0.05375 pull:-0.276003
1/mass: 0.05625 pull:0.14461
1/mass: 0.05875 pull:-0.659859
1/mass: 0.06125 pull:1.09908
1/mass: 0.06375 pull:2.18977
1/mass: 0.06625 pull:1.11522
1/mass: 0.06875 pull:3.34886
1/mass: 0.07125 pull:4.56397
1/mass: 0.07375 pull:3.84457
1/mass: 0.07625 pull:3.03377
1/mass: 0.07875 pull:1.15829
1/mass: 0.08125 pull:1.61627
1/mass: 0.08375 pull:3.18597
1/mass: 0.08625 pull:3.94513
1/mass: 0.08875 pull:1.07819
1/mass: 0.09125 pull:-1.31185
1/mass: 0.09375 pull:-0.452525
1/mass: 0.09625 pull:-1.65239
1/mass: 0.09875 pull:-2.42858
1/mass: 0.10125 pull:-0.263757
1/mass: 0.10375 pull:-3.70291
1/mass: 0.10625 pull:-4.16794
1/mass: 0.10875 pull:-3.20544
1/mass: 0.11125 pull:-1.58903
1/mass: 0.11375 pull:-0.332897
1/mass: 0.11625 pull:1.69803
1/mass: 0.11875 pull:2.97671
1/mass: 0.12125 pull:2.77856
1/mass: 0.12375 pull:0.373755
1/mass: 0.12625 pull:1.54527
1/mass: 0.12875 pull:4.46728
1/mass: 0.13125 pull:2.85554
1/mass: 0.13375 pull:1.45576
1/mass: 0.13625 pull:1.68964
1/mass: 0.13875 pull:1.35793
1/mass: 0.14125 pull:0.166087
1/mass: 0.14375 pull:0.0833837
1/mass: 0.14625 pull:0.245101
1/mass: 0.14875 pull:0.521262
2
2
Fitting bin 23 (Ek: 3.79127-4.64682 GeV/n)...
[#1] INFO:Minimization -- p.d.f. provides expected number of events, including extended term in likelihood.
[#1] INFO:Fitting -- RooAbsPdf::fitTo(model) fixing normalization set for coefficient determination to observables in data
[#1] INFO:Fitting -- RooAddition::defaultErrorLevel(nll_model_data) Summation contains a RooNLLVar, using its error level
[#1] INFO:Minimization -- RooAbsMinimizerFcn::setOptimizeConst: activating const optimization
[#1] INFO:Fitting -- RooAbsPdf::fitTo(model) Calculating sum-of-weights-squared correction matrix for covariance matrix
[#1] INFO:Minimization -- RooAbsMinimizerFcn::setOptimizeConst: deactivating const optimization
Total chi2/ndf: 5.35507
  Fit Result: Chi2/NDF = 203.493/39 = 5.21776, Status = 0
[#1] INFO:Plotting -- RooAbsPdf::plotOn(model) directly selected PDF components: (pdf10)
[#1] INFO:Plotting -- RooAbsPdf::plotOn(model) indirectly selected PDF components: ()
[#1] INFO:Plotting -- RooAbsPdf::plotOn(model) directly selected PDF components: (pdf11)
[#1] INFO:Plotting -- RooAbsPdf::plotOn(model) indirectly selected PDF components: ()
1/mass: 0.05125 pull:1.31618
1/mass: 0.05375 pull:-1.04724
1/mass: 0.05625 pull:-0.370928
1/mass: 0.05875 pull:3.95099
1/mass: 0.06125 pull:1.65677
1/mass: 0.06375 pull:2.76223
1/mass: 0.06625 pull:2.03062
1/mass: 0.06875 pull:2.40354
1/mass: 0.07125 pull:3.62699
1/mass: 0.07375 pull:5.00269
1/mass: 0.07625 pull:3.72096
1/mass: 0.07875 pull:2.37939
1/mass: 0.08125 pull:2.16567
1/mass: 0.08375 pull:1.13835
1/mass: 0.08625 pull:0.25838
1/mass: 0.08875 pull:-0.810859
1/mass: 0.09125 pull:-0.860352
1/mass: 0.09375 pull:-0.974716
1/mass: 0.09625 pull:0.592239
1/mass: 0.09875 pull:0.573193
1/mass: 0.10125 pull:-1.61963
1/mass: 0.10375 pull:-2.55398
1/mass: 0.10625 pull:-5.76165
1/mass: 0.10875 pull:-3.01184
1/mass: 0.11125 pull:-1.61899
1/mass: 0.11375 pull:1.97564
1/mass: 0.11625 pull:1.27924
1/mass: 0.11875 pull:1.61601
1/mass: 0.12125 pull:2.46332
1/mass: 0.12375 pull:0.281782
1/mass: 0.12625 pull:1.72886
1/mass: 0.12875 pull:1.59755
1/mass: 0.13125 pull:2.28903
1/mass: 0.13375 pull:1.24531
1/mass: 0.13625 pull:0.27725
1/mass: 0.13875 pull:2.13686
1/mass: 0.14125 pull:2.88087
1/mass: 0.14375 pull:0.318215
1/mass: 0.14625 pull:0.527595
1/mass: 0.14875 pull:1.97093
2
2
Fitting bin 25 (Ek: 4.64682-5.63491 GeV/n)...
[#1] INFO:Minimization -- p.d.f. provides expected number of events, including extended term in likelihood.
[#1] INFO:Fitting -- RooAbsPdf::fitTo(model) fixing normalization set for coefficient determination to observables in data
[#1] INFO:Fitting -- RooAddition::defaultErrorLevel(nll_model_data) Summation contains a RooNLLVar, using its error level
[#1] INFO:Minimization -- RooAbsMinimizerFcn::setOptimizeConst: activating const optimization
[#1] INFO:Fitting -- RooAbsPdf::fitTo(model) Calculating sum-of-weights-squared correction matrix for covariance matrix
[#1] INFO:Minimization -- RooAbsMinimizerFcn::setOptimizeConst: deactivating const optimization
Total chi2/ndf: 5.02167
  Fit Result: Chi2/NDF = 190.823/39 = 4.89291, Status = 0
[#1] INFO:Plotting -- RooAbsPdf::plotOn(model) directly selected PDF components: (pdf10)
[#1] INFO:Plotting -- RooAbsPdf::plotOn(model) indirectly selected PDF components: ()
[#1] INFO:Plotting -- RooAbsPdf::plotOn(model) directly selected PDF components: (pdf11)
[#1] INFO:Plotting -- RooAbsPdf::plotOn(model) indirectly selected PDF components: ()
1/mass: 0.05125 pull:-0.383427
1/mass: 0.05375 pull:-2.2344
1/mass: 0.05625 pull:-2.18172
1/mass: 0.05875 pull:-1.13923
1/mass: 0.06125 pull:-0.754668
1/mass: 0.06375 pull:-0.952344
1/mass: 0.06625 pull:2.6872
1/mass: 0.06875 pull:1.82381
1/mass: 0.07125 pull:0.718885
1/mass: 0.07375 pull:1.17811
1/mass: 0.07625 pull:1.65003
1/mass: 0.07875 pull:4.20026
1/mass: 0.08125 pull:3.71478
1/mass: 0.08375 pull:4.14212
1/mass: 0.08625 pull:2.90037
1/mass: 0.08875 pull:-2.09365
1/mass: 0.09125 pull:-1.08345
1/mass: 0.09375 pull:-0.416642
1/mass: 0.09625 pull:-1.02137
1/mass: 0.09875 pull:-0.467474
1/mass: 0.10125 pull:-1.71379
1/mass: 0.10375 pull:-3.23427
1/mass: 0.10625 pull:-1.96661
1/mass: 0.10875 pull:-0.79268
1/mass: 0.11125 pull:-3.28424
1/mass: 0.11375 pull:0.422488
1/mass: 0.11625 pull:0.847592
1/mass: 0.11875 pull:1.51736
1/mass: 0.12125 pull:1.51001
1/mass: 0.12375 pull:0.613132
1/mass: 0.12625 pull:0.91064
1/mass: 0.12875 pull:3.84489
1/mass: 0.13125 pull:2.75302
1/mass: 0.13375 pull:2.6869
1/mass: 0.13625 pull:2.5841
1/mass: 0.13875 pull:1.59104
1/mass: 0.14125 pull:0.959826
1/mass: 0.14375 pull:-1.93046
1/mass: 0.14625 pull:-3.89939
1/mass: 0.14875 pull:-2.22776
2
2
Fitting bin 27 (Ek: 5.63491-6.775 GeV/n)...
[#1] INFO:Minimization -- p.d.f. provides expected number of events, including extended term in likelihood.
[#1] INFO:Fitting -- RooAbsPdf::fitTo(model) fixing normalization set for coefficient determination to observables in data
[#1] INFO:Fitting -- RooAddition::defaultErrorLevel(nll_model_data) Summation contains a RooNLLVar, using its error level
[#1] INFO:Minimization -- RooAbsMinimizerFcn::setOptimizeConst: activating const optimization
[#1] INFO:Fitting -- RooAbsPdf::fitTo(model) Calculating sum-of-weights-squared correction matrix for covariance matrix
[#1] INFO:Minimization -- RooAbsMinimizerFcn::setOptimizeConst: deactivating const optimization
Total chi2/ndf: 3.2281
  Fit Result: Chi2/NDF = 122.668/39 = 3.14533, Status = 0
[#1] INFO:Plotting -- RooAbsPdf::plotOn(model) directly selected PDF components: (pdf10)
[#1] INFO:Plotting -- RooAbsPdf::plotOn(model) indirectly selected PDF components: ()
[#1] INFO:Plotting -- RooAbsPdf::plotOn(model) directly selected PDF components: (pdf11)
[#1] INFO:Plotting -- RooAbsPdf::plotOn(model) indirectly selected PDF components: ()
1/mass: 0.05125 pull:0.413588
1/mass: 0.05375 pull:1.83362
1/mass: 0.05625 pull:0.898694
1/mass: 0.05875 pull:-0.356576
1/mass: 0.06125 pull:-0.72832
1/mass: 0.06375 pull:1.62507
1/mass: 0.06625 pull:0.98048
1/mass: 0.06875 pull:0.65959
1/mass: 0.07125 pull:1.63124
1/mass: 0.07375 pull:2.93037
1/mass: 0.07625 pull:2.65918
1/mass: 0.07875 pull:0.68319
1/mass: 0.08125 pull:1.6442
1/mass: 0.08375 pull:0.873844
1/mass: 0.08625 pull:1.48328
1/mass: 0.08875 pull:1.38224
1/mass: 0.09125 pull:1.63466
1/mass: 0.09375 pull:-0.0773731
1/mass: 0.09625 pull:-2.05165
1/mass: 0.09875 pull:-1.8565
1/mass: 0.10125 pull:-0.271689
1/mass: 0.10375 pull:-4.10038
1/mass: 0.10625 pull:-0.144866
1/mass: 0.10875 pull:-2.90737
1/mass: 0.11125 pull:-3.33283
1/mass: 0.11375 pull:-0.0563943
1/mass: 0.11625 pull:2.47096
1/mass: 0.11875 pull:3.06928
1/mass: 0.12125 pull:2.6079
1/mass: 0.12375 pull:-0.1738
1/mass: 0.12625 pull:1.66598
1/mass: 0.12875 pull:1.37408
1/mass: 0.13125 pull:2.09584
1/mass: 0.13375 pull:0.907751
1/mass: 0.13625 pull:-1.04356
1/mass: 0.13875 pull:0.497822
1/mass: 0.14125 pull:-0.46645
1/mass: 0.14375 pull:0.516547
1/mass: 0.14625 pull:-1.93472
1/mass: 0.14875 pull:-1.63119
2
2
Fitting bin 29 (Ek: 6.775-8.11658 GeV/n)...
[#1] INFO:Minimization -- p.d.f. provides expected number of events, including extended term in likelihood.
[#1] INFO:Fitting -- RooAbsPdf::fitTo(model) fixing normalization set for coefficient determination to observables in data
[#1] INFO:Fitting -- RooAddition::defaultErrorLevel(nll_model_data) Summation contains a RooNLLVar, using its error level
[#1] INFO:Minimization -- RooAbsMinimizerFcn::setOptimizeConst: activating const optimization
[#1] INFO:Fitting -- RooAbsPdf::fitTo(model) Calculating sum-of-weights-squared correction matrix for covariance matrix
[#1] INFO:Minimization -- RooAbsMinimizerFcn::setOptimizeConst: deactivating const optimization
Total chi2/ndf: 2.84812
  Fit Result: Chi2/NDF = 108.228/39 = 2.77509, Status = 0
[#1] INFO:Plotting -- RooAbsPdf::plotOn(model) directly selected PDF components: (pdf10)
[#1] INFO:Plotting -- RooAbsPdf::plotOn(model) indirectly selected PDF components: ()
[#1] INFO:Plotting -- RooAbsPdf::plotOn(model) directly selected PDF components: (pdf11)
[#1] INFO:Plotting -- RooAbsPdf::plotOn(model) indirectly selected PDF components: ()
1/mass: 0.05125 pull:0.436772
1/mass: 0.05375 pull:-0.434254
1/mass: 0.05625 pull:-1.62703
1/mass: 0.05875 pull:-0.757938
1/mass: 0.06125 pull:1.42635
1/mass: 0.06375 pull:1.22317
1/mass: 0.06625 pull:0.696698
1/mass: 0.06875 pull:4.26315
1/mass: 0.07125 pull:1.17326
1/mass: 0.07375 pull:1.69402
1/mass: 0.07625 pull:1.13191
1/mass: 0.07875 pull:3.52483
1/mass: 0.08125 pull:0.400957
1/mass: 0.08375 pull:0.634284
1/mass: 0.08625 pull:2.54205
1/mass: 0.08875 pull:0.873313
1/mass: 0.09125 pull:0.0040516
1/mass: 0.09375 pull:0.798269
1/mass: 0.09625 pull:-1.71501
1/mass: 0.09875 pull:-2.94662
1/mass: 0.10125 pull:-3.14527
1/mass: 0.10375 pull:-1.84824
1/mass: 0.10625 pull:-0.192546
1/mass: 0.10875 pull:-0.835822
1/mass: 0.11125 pull:0.0459651
1/mass: 0.11375 pull:-0.992641
1/mass: 0.11625 pull:-0.975413
1/mass: 0.11875 pull:0.558964
1/mass: 0.12125 pull:1.12598
1/mass: 0.12375 pull:1.56784
1/mass: 0.12625 pull:1.75379
1/mass: 0.12875 pull:1.10718
1/mass: 0.13125 pull:3.84755
1/mass: 0.13375 pull:0.712009
1/mass: 0.13625 pull:0.452907
1/mass: 0.13875 pull:1.03835
1/mass: 0.14125 pull:-0.409433
1/mass: 0.14375 pull:1.78712
1/mass: 0.14625 pull:-0.0371196
1/mass: 0.14875 pull:0.395185
2
2
Fitting bin 31 (Ek: 8.11658-9.65954 GeV/n)...
[#1] INFO:Minimization -- p.d.f. provides expected number of events, including extended term in likelihood.
[#1] INFO:Fitting -- RooAbsPdf::fitTo(model) fixing normalization set for coefficient determination to observables in data
[#1] INFO:Fitting -- RooAddition::defaultErrorLevel(nll_model_data) Summation contains a RooNLLVar, using its error level
[#1] INFO:Minimization -- RooAbsMinimizerFcn::setOptimizeConst: activating const optimization
[#1] INFO:Fitting -- RooAbsPdf::fitTo(model) Calculating sum-of-weights-squared correction matrix for covariance matrix
[#1] INFO:Minimization -- RooAbsMinimizerFcn::setOptimizeConst: deactivating const optimization
Total chi2/ndf: 3.25444
  Fit Result: Chi2/NDF = 123.669/39 = 3.17099, Status = 0
[#1] INFO:Plotting -- RooAbsPdf::plotOn(model) directly selected PDF components: (pdf10)
[#1] INFO:Plotting -- RooAbsPdf::plotOn(model) indirectly selected PDF components: ()
[#1] INFO:Plotting -- RooAbsPdf::plotOn(model) directly selected PDF components: (pdf11)
[#1] INFO:Plotting -- RooAbsPdf::plotOn(model) indirectly selected PDF components: ()
1/mass: 0.05125 pull:0.887547
1/mass: 0.05375 pull:0.811575
1/mass: 0.05625 pull:1.1326
1/mass: 0.05875 pull:-0.091442
1/mass: 0.06125 pull:1.39178
1/mass: 0.06375 pull:-0.979868
1/mass: 0.06625 pull:3.06287
1/mass: 0.06875 pull:3.08264
1/mass: 0.07125 pull:0.128982
1/mass: 0.07375 pull:1.39432
1/mass: 0.07625 pull:1.26067
1/mass: 0.07875 pull:1.26636
1/mass: 0.08125 pull:0.0131442
1/mass: 0.08375 pull:1.78916
1/mass: 0.08625 pull:-0.189495
1/mass: 0.08875 pull:3.08495
1/mass: 0.09125 pull:-0.119883
1/mass: 0.09375 pull:0.319573
1/mass: 0.09625 pull:1.00593
1/mass: 0.09875 pull:-2.74062
1/mass: 0.10125 pull:-2.05836
1/mass: 0.10375 pull:-2.45357
1/mass: 0.10625 pull:-1.08751
1/mass: 0.10875 pull:-3.51122
1/mass: 0.11125 pull:-2.90205
1/mass: 0.11375 pull:0.924383
1/mass: 0.11625 pull:0.813144
1/mass: 0.11875 pull:0.449333
1/mass: 0.12125 pull:0.0551685
1/mass: 0.12375 pull:1.1998
1/mass: 0.12625 pull:1.51407
1/mass: 0.12875 pull:1.42664
1/mass: 0.13125 pull:3.15234
1/mass: 0.13375 pull:3.36479
1/mass: 0.13625 pull:2.27671
1/mass: 0.13875 pull:0.896975
1/mass: 0.14125 pull:2.29673
1/mass: 0.14375 pull:0.0391802
1/mass: 0.14625 pull:-0.621168
1/mass: 0.14875 pull:0.124348
2
2
Fitting bin 33 (Ek: 9.65954-11.4536 GeV/n)...
[#1] INFO:Minimization -- p.d.f. provides expected number of events, including extended term in likelihood.
[#1] INFO:Fitting -- RooAbsPdf::fitTo(model) fixing normalization set for coefficient determination to observables in data
[#1] INFO:Fitting -- RooAddition::defaultErrorLevel(nll_model_data) Summation contains a RooNLLVar, using its error level
[#1] INFO:Minimization -- RooAbsMinimizerFcn::setOptimizeConst: activating const optimization
[#1] INFO:Fitting -- RooAbsPdf::fitTo(model) Calculating sum-of-weights-squared correction matrix for covariance matrix
[#1] INFO:Minimization -- RooAbsMinimizerFcn::setOptimizeConst: deactivating const optimization
Total chi2/ndf: 3.0459
  Fit Result: Chi2/NDF = 115.744/39 = 2.9678, Status = 0
[#1] INFO:Plotting -- RooAbsPdf::plotOn(model) directly selected PDF components: (pdf10)
[#1] INFO:Plotting -- RooAbsPdf::plotOn(model) indirectly selected PDF components: ()
[#1] INFO:Plotting -- RooAbsPdf::plotOn(model) directly selected PDF components: (pdf11)
[#1] INFO:Plotting -- RooAbsPdf::plotOn(model) indirectly selected PDF components: ()
1/mass: 0.05125 pull:-0.449524
1/mass: 0.05375 pull:1.72345
1/mass: 0.05625 pull:-0.831786
1/mass: 0.05875 pull:2.68692
1/mass: 0.06125 pull:-1.5158
1/mass: 0.06375 pull:1.29507
1/mass: 0.06625 pull:-2.18448
1/mass: 0.06875 pull:0.00530154
1/mass: 0.07125 pull:1.74231
1/mass: 0.07375 pull:1.91426
1/mass: 0.07625 pull:-0.560659
1/mass: 0.07875 pull:-0.645116
1/mass: 0.08125 pull:1.37754
1/mass: 0.08375 pull:0.506712
1/mass: 0.08625 pull:2.13185
1/mass: 0.08875 pull:-0.356363
1/mass: 0.09125 pull:0.931888
1/mass: 0.09375 pull:1.03623
1/mass: 0.09625 pull:2.19844
1/mass: 0.09875 pull:-2.07169
1/mass: 0.10125 pull:-0.264703
1/mass: 0.10375 pull:-3.9942
1/mass: 0.10625 pull:-0.614938
1/mass: 0.10875 pull:-2.68804
1/mass: 0.11125 pull:-2.02638
1/mass: 0.11375 pull:-0.708152
1/mass: 0.11625 pull:-0.863776
1/mass: 0.11875 pull:0.0630073
1/mass: 0.12125 pull:1.27863
1/mass: 0.12375 pull:1.05981
1/mass: 0.12625 pull:-0.462758
1/mass: 0.12875 pull:0.134927
1/mass: 0.13125 pull:3.42284
1/mass: 0.13375 pull:2.00921
1/mass: 0.13625 pull:3.37902
1/mass: 0.13875 pull:1.16463
1/mass: 0.14125 pull:1.91198
1/mass: 0.14375 pull:0.119093
1/mass: 0.14625 pull:2.18171
1/mass: 0.14875 pull:1.28743
2
2
Fitting bin 35 (Ek: 11.4536-13.4986 GeV/n)...
[#1] INFO:Minimization -- p.d.f. provides expected number of events, including extended term in likelihood.
[#1] INFO:Fitting -- RooAbsPdf::fitTo(model) fixing normalization set for coefficient determination to observables in data
[#1] INFO:Fitting -- RooAddition::defaultErrorLevel(nll_model_data) Summation contains a RooNLLVar, using its error level
[#1] INFO:Minimization -- RooAbsMinimizerFcn::setOptimizeConst: activating const optimization
[#1] INFO:Fitting -- RooAbsPdf::fitTo(model) Calculating sum-of-weights-squared correction matrix for covariance matrix
[#1] INFO:Minimization -- RooAbsMinimizerFcn::setOptimizeConst: deactivating const optimization
Total chi2/ndf: 1.95581
  Fit Result: Chi2/NDF = 74.3206/39 = 1.90566, Status = 0
[#1] INFO:Plotting -- RooAbsPdf::plotOn(model) directly selected PDF components: (pdf10)
[#1] INFO:Plotting -- RooAbsPdf::plotOn(model) indirectly selected PDF components: ()
[#1] INFO:Plotting -- RooAbsPdf::plotOn(model) directly selected PDF components: (pdf11)
[#1] INFO:Plotting -- RooAbsPdf::plotOn(model) indirectly selected PDF components: ()
1/mass: 0.05125 pull:-1.20555
1/mass: 0.05375 pull:1.02826
1/mass: 0.05625 pull:-0.786765
1/mass: 0.05875 pull:0.393485
1/mass: 0.06125 pull:2.07169
1/mass: 0.06375 pull:0.51913
1/mass: 0.06625 pull:0.505678
1/mass: 0.06875 pull:2.09246
1/mass: 0.07125 pull:-0.0646346
1/mass: 0.07375 pull:-0.491752
1/mass: 0.07625 pull:1.14017
1/mass: 0.07875 pull:3.36622
1/mass: 0.08125 pull:0.634947
1/mass: 0.08375 pull:1.00984
1/mass: 0.08625 pull:0.440861
1/mass: 0.08875 pull:0.619161
1/mass: 0.09125 pull:-0.904971
1/mass: 0.09375 pull:1.18324
1/mass: 0.09625 pull:-0.899971
1/mass: 0.09875 pull:0.0877512
1/mass: 0.10125 pull:-2.26391
1/mass: 0.10375 pull:-3.46495
1/mass: 0.10625 pull:-1.55384
1/mass: 0.10875 pull:-1.56488
1/mass: 0.11125 pull:-0.695871
1/mass: 0.11375 pull:0.482475
1/mass: 0.11625 pull:-0.115473
1/mass: 0.11875 pull:1.35552
1/mass: 0.12125 pull:-0.502876
1/mass: 0.12375 pull:0.542361
1/mass: 0.12625 pull:0.387261
1/mass: 0.12875 pull:-0.226243
1/mass: 0.13125 pull:0.137337
1/mass: 0.13375 pull:3.09834
1/mass: 0.13625 pull:1.35219
1/mass: 0.13875 pull:2.28717
1/mass: 0.14125 pull:0.581941
1/mass: 0.14375 pull:-0.0391913
1/mass: 0.14625 pull:0.156164
1/mass: 0.14875 pull:1.2541
2
2
Fitting bin 37 (Ek: 13.4986-15.8444 GeV/n)...
[#1] INFO:Minimization -- p.d.f. provides expected number of events, including extended term in likelihood.
[#1] INFO:Fitting -- RooAbsPdf::fitTo(model) fixing normalization set for coefficient determination to observables in data
[#1] INFO:Fitting -- RooAddition::defaultErrorLevel(nll_model_data) Summation contains a RooNLLVar, using its error level
[#1] INFO:Minimization -- RooAbsMinimizerFcn::setOptimizeConst: activating const optimization
[#1] INFO:Fitting -- RooAbsPdf::fitTo(model) Calculating sum-of-weights-squared correction matrix for covariance matrix
[#1] INFO:Minimization -- RooAbsMinimizerFcn::setOptimizeConst: deactivating const optimization
Total chi2/ndf: 2.12212
  Fit Result: Chi2/NDF = 80.6407/39 = 2.06771, Status = 0
[#1] INFO:Plotting -- RooAbsPdf::plotOn(model) directly selected PDF components: (pdf10)
[#1] INFO:Plotting -- RooAbsPdf::plotOn(model) indirectly selected PDF components: ()
[#1] INFO:Plotting -- RooAbsPdf::plotOn(model) directly selected PDF components: (pdf11)
[#1] INFO:Plotting -- RooAbsPdf::plotOn(model) indirectly selected PDF components: ()
1/mass: 0.05125 pull:-0.617327
1/mass: 0.05375 pull:0.133107
1/mass: 0.05625 pull:-1.52805
1/mass: 0.05875 pull:-0.204901
1/mass: 0.06125 pull:0.433813
1/mass: 0.06375 pull:0.0569642
1/mass: 0.06625 pull:-0.0719379
1/mass: 0.06875 pull:-0.558814
1/mass: 0.07125 pull:-2.93477
1/mass: 0.07375 pull:-2.05769
1/mass: 0.07625 pull:2.43312
1/mass: 0.07875 pull:-0.0877138
1/mass: 0.08125 pull:-0.779652
1/mass: 0.08375 pull:-0.78006
1/mass: 0.08625 pull:-1.07561
1/mass: 0.08875 pull:0.567689
1/mass: 0.09125 pull:1.86853
1/mass: 0.09375 pull:0.947901
1/mass: 0.09625 pull:-0.855548
1/mass: 0.09875 pull:0.864565
1/mass: 0.10125 pull:1.61286
1/mass: 0.10375 pull:0.0209553
1/mass: 0.10625 pull:-1.03515
1/mass: 0.10875 pull:-1.75613
1/mass: 0.11125 pull:1.59251
1/mass: 0.11375 pull:2.10832
1/mass: 0.11625 pull:1.72028
1/mass: 0.11875 pull:-1.88282
1/mass: 0.12125 pull:-1.88594
1/mass: 0.12375 pull:-0.953089
1/mass: 0.12625 pull:0.212858
1/mass: 0.12875 pull:-1.32466
1/mass: 0.13125 pull:1.64333
1/mass: 0.13375 pull:1.04633
1/mass: 0.13625 pull:-1.77179
1/mass: 0.13875 pull:0.159068
1/mass: 0.14125 pull:-0.498135
1/mass: 0.14375 pull:0.448757
1/mass: 0.14625 pull:-3.29261
1/mass: 0.14875 pull:2.29302
2
2
Fitting bin 39 (Ek: 15.8444-18.5408 GeV/n)...
[#1] INFO:Minimization -- p.d.f. provides expected number of events, including extended term in likelihood.
[#1] INFO:Fitting -- RooAbsPdf::fitTo(model) fixing normalization set for coefficient determination to observables in data
[#1] INFO:Fitting -- RooAddition::defaultErrorLevel(nll_model_data) Summation contains a RooNLLVar, using its error level
[#1] INFO:Minimization -- RooAbsMinimizerFcn::setOptimizeConst: activating const optimization
[#1] INFO:Fitting -- RooAbsPdf::fitTo(model) Calculating sum-of-weights-squared correction matrix for covariance matrix
[#1] INFO:Minimization -- RooAbsMinimizerFcn::setOptimizeConst: deactivating const optimization
Total chi2/ndf: 1.79224
  Fit Result: Chi2/NDF = 68.105/39 = 1.74628, Status = 0
[#1] INFO:Plotting -- RooAbsPdf::plotOn(model) directly selected PDF components: (pdf10)
[#1] INFO:Plotting -- RooAbsPdf::plotOn(model) indirectly selected PDF components: ()
[#1] INFO:Plotting -- RooAbsPdf::plotOn(model) directly selected PDF components: (pdf11)
[#1] INFO:Plotting -- RooAbsPdf::plotOn(model) indirectly selected PDF components: ()
1/mass: 0.05125 pull:0.527434
1/mass: 0.05375 pull:0.216804
1/mass: 0.05625 pull:-1.45026
1/mass: 0.05875 pull:-1.34488
1/mass: 0.06125 pull:-2.02212
1/mass: 0.06375 pull:-2.76068
1/mass: 0.06625 pull:1.03452
1/mass: 0.06875 pull:0.417211
1/mass: 0.07125 pull:-1.10925
1/mass: 0.07375 pull:0.915248
1/mass: 0.07625 pull:0.176202
1/mass: 0.07875 pull:1.70943
1/mass: 0.08125 pull:-0.176395
1/mass: 0.08375 pull:0.874697
1/mass: 0.08625 pull:1.58902
1/mass: 0.08875 pull:-0.411342
1/mass: 0.09125 pull:0.429542
1/mass: 0.09375 pull:1.03586
1/mass: 0.09625 pull:-0.964342
1/mass: 0.09875 pull:2.53358
1/mass: 0.10125 pull:-0.765027
1/mass: 0.10375 pull:-0.475399
1/mass: 0.10625 pull:-0.56915
1/mass: 0.10875 pull:0.579974
1/mass: 0.11125 pull:-2.72063
1/mass: 0.11375 pull:-1.76423
1/mass: 0.11625 pull:-0.417838
1/mass: 0.11875 pull:-1.43362
1/mass: 0.12125 pull:-0.220315
1/mass: 0.12375 pull:1.30277
1/mass: 0.12625 pull:-1.11008
1/mass: 0.12875 pull:1.52598
1/mass: 0.13125 pull:-1.08603
1/mass: 0.13375 pull:1.80454
1/mass: 0.13625 pull:0.777696
1/mass: 0.13875 pull:0.302955
1/mass: 0.14125 pull:-0.867243
1/mass: 0.14375 pull:1.533
1/mass: 0.14625 pull:-0.855278
1/mass: 0.14875 pull:2.30358
2
2
Fitting bin 41 (Ek: 18.5408-21.6377 GeV/n)...
[#1] INFO:Minimization -- p.d.f. provides expected number of events, including extended term in likelihood.
[#1] INFO:Fitting -- RooAbsPdf::fitTo(model) fixing normalization set for coefficient determination to observables in data
[#1] INFO:Fitting -- RooAddition::defaultErrorLevel(nll_model_data) Summation contains a RooNLLVar, using its error level
[#1] INFO:Minimization -- RooAbsMinimizerFcn::setOptimizeConst: activating const optimization
[#1] INFO:Fitting -- RooAbsPdf::fitTo(model) Calculating sum-of-weights-squared correction matrix for covariance matrix
[#1] INFO:Minimization -- RooAbsMinimizerFcn::setOptimizeConst: deactivating const optimization
Total chi2/ndf: 1.10954
  Fit Result: Chi2/NDF = 42.1626/39 = 1.08109, Status = 0
[#1] INFO:Plotting -- RooAbsPdf::plotOn(model) directly selected PDF components: (pdf10)
[#1] INFO:Plotting -- RooAbsPdf::plotOn(model) indirectly selected PDF components: ()
[#1] INFO:Plotting -- RooAbsPdf::plotOn(model) directly selected PDF components: (pdf11)
[#1] INFO:Plotting -- RooAbsPdf::plotOn(model) indirectly selected PDF components: ()
1/mass: 0.05125 pull:-0.785573
1/mass: 0.05375 pull:0.635554
1/mass: 0.05625 pull:0.289259
1/mass: 0.05875 pull:-0.91658
1/mass: 0.06125 pull:0.0830566
1/mass: 0.06375 pull:0.583247
1/mass: 0.06625 pull:-0.666789
1/mass: 0.06875 pull:0.126406
1/mass: 0.07125 pull:0.751318
1/mass: 0.07375 pull:-1.26192
1/mass: 0.07625 pull:-0.171968
1/mass: 0.07875 pull:0.397418
1/mass: 0.08125 pull:0.102996
1/mass: 0.08375 pull:-2.30869
1/mass: 0.08625 pull:1.03144
1/mass: 0.08875 pull:2.25394
1/mass: 0.09125 pull:0.380103
1/mass: 0.09375 pull:-0.220155
1/mass: 0.09625 pull:1.34892
1/mass: 0.09875 pull:0.735056
1/mass: 0.10125 pull:0.259119
1/mass: 0.10375 pull:1.01671
1/mass: 0.10625 pull:-2.27686
1/mass: 0.10875 pull:-0.57823
1/mass: 0.11125 pull:-0.572543
1/mass: 0.11375 pull:-1.81988
1/mass: 0.11625 pull:-1.37047
1/mass: 0.11875 pull:-0.726591
1/mass: 0.12125 pull:-0.320751
1/mass: 0.12375 pull:2.30112
1/mass: 0.12625 pull:-0.257405
1/mass: 0.12875 pull:0.542702
1/mass: 0.13125 pull:-0.65194
1/mass: 0.13375 pull:-0.164471
1/mass: 0.13625 pull:1.39928
1/mass: 0.13875 pull:0.826718
1/mass: 0.14125 pull:0.674251
1/mass: 0.14375 pull:-0.686531
1/mass: 0.14625 pull:0.312554
1/mass: 0.14875 pull:-0.697742
2
2
Fitting bin 73 (Ek: 649.069--nan GeV/n)...
[#1] INFO:Minimization -- p.d.f. provides expected number of events, including extended term in likelihood.
[#1] INFO:Fitting -- RooAbsPdf::fitTo(model) fixing normalization set for coefficient determination to observables in data
[#1] INFO:Fitting -- RooAddition::defaultErrorLevel(nll_model_data) Summation contains a RooNLLVar, using its error level
[#1] INFO:Minimization -- RooAbsMinimizerFcn::setOptimizeConst: activating const optimization
[#1] INFO:Fitting -- RooAbsPdf::fitTo(model) Calculating sum-of-weights-squared correction matrix for covariance matrix
[#0] ERROR:Fitting -- RooAbsPdf::fitTo(model) ERROR: Cannot apply sum-of-weights correction to covariance matrix: correction matrix calculated with weight-squared is singular
[#1] INFO:Minimization -- RooAbsMinimizerFcn::setOptimizeConst: deactivating const optimization
Total chi2/ndf: -0
  Fit Result: Chi2/NDF = 0/39 = 5000, Status = 602
[#1] INFO:Plotting -- RooAbsPdf::plotOn(model) directly selected PDF components: (pdf10)
[#1] INFO:Plotting -- RooAbsPdf::plotOn(model) indirectly selected PDF components: ()
[#1] INFO:Plotting -- RooAbsPdf::plotOn(model) directly selected PDF components: (pdf11)
[#1] INFO:Plotting -- RooAbsPdf::plotOn(model) indirectly selected PDF components: ()

[SUCCESS] Fitting process completed. Results saved to:
/eos/user/z/zixuan/Isotope/MassTempFit/wide_MassTF_B_L1Inner_H2_UseMass10.pdf
/eos/user/z/zixuan/Isotope/MassTempFit/wide_MassTF_B_L1Inner_H2_UseMass10.root
====================================================================
Starting FRAGMENT Mass Template Fit for: B from source Carbon (UseMass: 10)
Chain: L1Inner
Templates: Pure (H2)
====================================================================
[INFO] Data file loaded: root://eoshome-z.cern.ch//eos/user/z/zixuan/Isotope/Add/B_frag5.root
[INFO] Output ROOT file: /eos/user/z/zixuan/Isotope/MassTempFit/wide_MassTF_B_L1Inner_H2_UseMass10_FragFromCarbon.root

--- Processing Detector: TOF ---
2
2
Fitting bin 5 (Ek: 0.267548-0.406144 GeV/n)...
[#1] INFO:Minimization -- p.d.f. provides expected number of events, including extended term in likelihood.
[#1] INFO:Fitting -- RooAbsPdf::fitTo(model) fixing normalization set for coefficient determination to observables in data
[#1] INFO:Fitting -- RooAddition::defaultErrorLevel(nll_model_data) Summation contains a RooNLLVar, using its error level
[#1] INFO:Minimization -- RooAbsMinimizerFcn::setOptimizeConst: activating const optimization
[#1] INFO:Fitting -- RooAbsPdf::fitTo(model) Calculating sum-of-weights-squared correction matrix for covariance matrix
[#1] INFO:Minimization -- RooAbsMinimizerFcn::setOptimizeConst: deactivating const optimization
Total chi2/ndf: 1.95668
  Fit Result: Chi2/NDF = 74.354/39 = 1.90651, Status = 0
[#1] INFO:Plotting -- RooAbsPdf::plotOn(model) directly selected PDF components: (pdf10)
[#1] INFO:Plotting -- RooAbsPdf::plotOn(model) indirectly selected PDF components: ()
[#1] INFO:Plotting -- RooAbsPdf::plotOn(model) directly selected PDF components: (pdf11)
[#1] INFO:Plotting -- RooAbsPdf::plotOn(model) indirectly selected PDF components: ()
1/mass: 0.05125 pull:-0.578896
1/mass: 0.05375 pull:0.179729
1/mass: 0.05625 pull:0.464956
1/mass: 0.05875 pull:-0.00489115
1/mass: 0.06125 pull:1.40526
1/mass: 0.06375 pull:2.41705
1/mass: 0.06625 pull:1.5716
1/mass: 0.06875 pull:1.89463
1/mass: 0.07125 pull:1.07252
1/mass: 0.07375 pull:1.92589
1/mass: 0.07625 pull:2.39448
1/mass: 0.07875 pull:0.994629
1/mass: 0.08125 pull:0.178627
1/mass: 0.08375 pull:0.265999
1/mass: 0.08625 pull:0.897523
1/mass: 0.08875 pull:-0.350812
1/mass: 0.09125 pull:0.529436
1/mass: 0.09375 pull:-0.505401
1/mass: 0.09625 pull:-0.427265
1/mass: 0.09875 pull:-1.61649
1/mass: 0.10125 pull:-1.91964
1/mass: 0.10375 pull:-1.67764
1/mass: 0.10625 pull:-1.12368
1/mass: 0.10875 pull:0.110855
1/mass: 0.11125 pull:-1.49772
1/mass: 0.11375 pull:-1.52185
1/mass: 0.11625 pull:1.00276
1/mass: 0.11875 pull:-1.29385
1/mass: 0.12125 pull:0.612717
1/mass: 0.12375 pull:0.6877
1/mass: 0.12625 pull:-1.20182
1/mass: 0.12875 pull:-0.136991
1/mass: 0.13125 pull:1.59504
1/mass: 0.13375 pull:1.50979
1/mass: 0.13625 pull:3.29842
1/mass: 0.13875 pull:1.71016
1/mass: 0.14125 pull:2.29482
1/mass: 0.14375 pull:1.3918
1/mass: 0.14625 pull:0.586784
1/mass: 0.14875 pull:-0.670024
2
2
Fitting bin 7 (Ek: 0.406144-0.587609 GeV/n)...
[#1] INFO:Minimization -- p.d.f. provides expected number of events, including extended term in likelihood.
[#1] INFO:Fitting -- RooAbsPdf::fitTo(model) fixing normalization set for coefficient determination to observables in data
[#1] INFO:Fitting -- RooAddition::defaultErrorLevel(nll_model_data) Summation contains a RooNLLVar, using its error level
[#1] INFO:Minimization -- RooAbsMinimizerFcn::setOptimizeConst: activating const optimization
[#1] INFO:Fitting -- RooAbsPdf::fitTo(model) Calculating sum-of-weights-squared correction matrix for covariance matrix
[#1] INFO:Minimization -- RooAbsMinimizerFcn::setOptimizeConst: deactivating const optimization
Total chi2/ndf: 3.36298
  Fit Result: Chi2/NDF = 127.793/39 = 3.27675, Status = 0
[#1] INFO:Plotting -- RooAbsPdf::plotOn(model) directly selected PDF components: (pdf10)
[#1] INFO:Plotting -- RooAbsPdf::plotOn(model) indirectly selected PDF components: ()
[#1] INFO:Plotting -- RooAbsPdf::plotOn(model) directly selected PDF components: (pdf11)
[#1] INFO:Plotting -- RooAbsPdf::plotOn(model) indirectly selected PDF components: ()
1/mass: 0.05125 pull:-0.718543
1/mass: 0.05375 pull:0.275164
1/mass: 0.05625 pull:1.18205
1/mass: 0.05875 pull:2.47683
1/mass: 0.06125 pull:0.119245
1/mass: 0.06375 pull:2.91021
1/mass: 0.06625 pull:1.45942
1/mass: 0.06875 pull:1.20835
1/mass: 0.07125 pull:0.523184
1/mass: 0.07375 pull:1.78771
1/mass: 0.07625 pull:0.939447
1/mass: 0.07875 pull:2.08141
1/mass: 0.08125 pull:2.4637
1/mass: 0.08375 pull:1.75445
1/mass: 0.08625 pull:0.458096
1/mass: 0.08875 pull:-0.302003
1/mass: 0.09125 pull:-1.11915
1/mass: 0.09375 pull:0.969045
1/mass: 0.09625 pull:-2.01251
1/mass: 0.09875 pull:-0.854254
1/mass: 0.10125 pull:-0.961884
1/mass: 0.10375 pull:-1.65089
1/mass: 0.10625 pull:-1.44062
1/mass: 0.10875 pull:-2.41108
1/mass: 0.11125 pull:0.307006
1/mass: 0.11375 pull:-1.6145
1/mass: 0.11625 pull:-0.938408
1/mass: 0.11875 pull:-2.72778
1/mass: 0.12125 pull:0.685506
1/mass: 0.12375 pull:-0.183748
1/mass: 0.12625 pull:1.47265
1/mass: 0.12875 pull:0.693415
1/mass: 0.13125 pull:1.7602
1/mass: 0.13375 pull:1.08995
1/mass: 0.13625 pull:2.9731
1/mass: 0.13875 pull:4.28485
1/mass: 0.14125 pull:1.62734
1/mass: 0.14375 pull:2.49823
1/mass: 0.14625 pull:1.01009
1/mass: 0.14875 pull:3.92184
2
2
Fitting bin 9 (Ek: 0.587609-0.821474 GeV/n)...
[#1] INFO:Minimization -- p.d.f. provides expected number of events, including extended term in likelihood.
[#1] INFO:Fitting -- RooAbsPdf::fitTo(model) fixing normalization set for coefficient determination to observables in data
[#1] INFO:Fitting -- RooAddition::defaultErrorLevel(nll_model_data) Summation contains a RooNLLVar, using its error level
[#1] INFO:Minimization -- RooAbsMinimizerFcn::setOptimizeConst: activating const optimization
[#1] INFO:Fitting -- RooAbsPdf::fitTo(model) Calculating sum-of-weights-squared correction matrix for covariance matrix
[#1] INFO:Minimization -- RooAbsMinimizerFcn::setOptimizeConst: deactivating const optimization
Total chi2/ndf: 6.58086
  Fit Result: Chi2/NDF = 250.073/39 = 6.41212, Status = 0
[#1] INFO:Plotting -- RooAbsPdf::plotOn(model) directly selected PDF components: (pdf10)
[#1] INFO:Plotting -- RooAbsPdf::plotOn(model) indirectly selected PDF components: ()
[#1] INFO:Plotting -- RooAbsPdf::plotOn(model) directly selected PDF components: (pdf11)
[#1] INFO:Plotting -- RooAbsPdf::plotOn(model) indirectly selected PDF components: ()
1/mass: 0.05125 pull:-0.396001
1/mass: 0.05375 pull:0.549518
1/mass: 0.05625 pull:1.84341
1/mass: 0.05875 pull:2.26384
1/mass: 0.06125 pull:1.67962
1/mass: 0.06375 pull:3.24907
1/mass: 0.06625 pull:3.1988
1/mass: 0.06875 pull:3.98153
1/mass: 0.07125 pull:3.84966
1/mass: 0.07375 pull:2.28804
1/mass: 0.07625 pull:2.46885
1/mass: 0.07875 pull:2.69887
1/mass: 0.08125 pull:2.70426
1/mass: 0.08375 pull:2.71189
1/mass: 0.08625 pull:2.32216
1/mass: 0.08875 pull:0.604347
1/mass: 0.09125 pull:-0.554365
1/mass: 0.09375 pull:-1.22213
1/mass: 0.09625 pull:-1.06154
1/mass: 0.09875 pull:-2.65765
1/mass: 0.10125 pull:-2.88505
1/mass: 0.10375 pull:-2.52268
1/mass: 0.10625 pull:-4.61584
1/mass: 0.10875 pull:-1.50071
1/mass: 0.11125 pull:-2.16903
1/mass: 0.11375 pull:-2.5921
1/mass: 0.11625 pull:-2.197
1/mass: 0.11875 pull:0.361542
1/mass: 0.12125 pull:1.36449
1/mass: 0.12375 pull:1.12064
1/mass: 0.12625 pull:2.66797
1/mass: 0.12875 pull:3.44086
1/mass: 0.13125 pull:3.70227
1/mass: 0.13375 pull:2.03238
1/mass: 0.13625 pull:2.96412
1/mass: 0.13875 pull:1.89218
1/mass: 0.14125 pull:1.76538
1/mass: 0.14375 pull:3.89879
1/mass: 0.14625 pull:3.09386
1/mass: 0.14875 pull:1.72726
2
2
Fitting bin 11 (Ek: 0.821474-1.11303 GeV/n)...
[#1] INFO:Minimization -- p.d.f. provides expected number of events, including extended term in likelihood.
[#1] INFO:Fitting -- RooAbsPdf::fitTo(model) fixing normalization set for coefficient determination to observables in data
[#1] INFO:Fitting -- RooAddition::defaultErrorLevel(nll_model_data) Summation contains a RooNLLVar, using its error level
[#1] INFO:Minimization -- RooAbsMinimizerFcn::setOptimizeConst: activating const optimization
[#1] INFO:Fitting -- RooAbsPdf::fitTo(model) Calculating sum-of-weights-squared correction matrix for covariance matrix
[#1] INFO:Minimization -- RooAbsMinimizerFcn::setOptimizeConst: deactivating const optimization
Total chi2/ndf: 10.8928
  Fit Result: Chi2/NDF = 413.927/39 = 10.6135, Status = 0
[#1] INFO:Plotting -- RooAbsPdf::plotOn(model) directly selected PDF components: (pdf10)
[#1] INFO:Plotting -- RooAbsPdf::plotOn(model) indirectly selected PDF components: ()
[#1] INFO:Plotting -- RooAbsPdf::plotOn(model) directly selected PDF components: (pdf11)
[#1] INFO:Plotting -- RooAbsPdf::plotOn(model) indirectly selected PDF components: ()
1/mass: 0.05125 pull:0.67688
1/mass: 0.05375 pull:0.575616
1/mass: 0.05625 pull:3.23323
1/mass: 0.05875 pull:3.01304
1/mass: 0.06125 pull:3.60741
1/mass: 0.06375 pull:3.90442
1/mass: 0.06625 pull:4.70932
1/mass: 0.06875 pull:5.24257
1/mass: 0.07125 pull:4.37259
1/mass: 0.07375 pull:4.7118
1/mass: 0.07625 pull:4.17744
1/mass: 0.07875 pull:4.12747
1/mass: 0.08125 pull:4.45179
1/mass: 0.08375 pull:2.92339
1/mass: 0.08625 pull:2.66981
1/mass: 0.08875 pull:0.444508
1/mass: 0.09125 pull:-3.49547
1/mass: 0.09375 pull:-2.19242
1/mass: 0.09625 pull:-1.8441
1/mass: 0.09875 pull:-4.24085
1/mass: 0.10125 pull:-3.34105
1/mass: 0.10375 pull:-3.90022
1/mass: 0.10625 pull:-4.2499
1/mass: 0.10875 pull:-2.96712
1/mass: 0.11125 pull:-1.98518
1/mass: 0.11375 pull:-1.35424
1/mass: 0.11625 pull:-1.21838
1/mass: 0.11875 pull:0.34188
1/mass: 0.12125 pull:2.08887
1/mass: 0.12375 pull:0.696024
1/mass: 0.12625 pull:2.31725
1/mass: 0.12875 pull:3.37709
1/mass: 0.13125 pull:3.87026
1/mass: 0.13375 pull:3.06536
1/mass: 0.13625 pull:1.46779
1/mass: 0.13875 pull:3.7291
1/mass: 0.14125 pull:3.57069
1/mass: 0.14375 pull:4.28261
1/mass: 0.14625 pull:2.13262
1/mass: 0.14875 pull:2.73209
2
2
Fitting bin 13 (Ek: 1.11303-1.4714 GeV/n)...
[#1] INFO:Minimization -- p.d.f. provides expected number of events, including extended term in likelihood.
[#1] INFO:Fitting -- RooAbsPdf::fitTo(model) fixing normalization set for coefficient determination to observables in data
[#1] INFO:Fitting -- RooAddition::defaultErrorLevel(nll_model_data) Summation contains a RooNLLVar, using its error level
[#1] INFO:Minimization -- RooAbsMinimizerFcn::setOptimizeConst: activating const optimization
[#1] INFO:Fitting -- RooAbsPdf::fitTo(model) Calculating sum-of-weights-squared correction matrix for covariance matrix
[#1] INFO:Minimization -- RooAbsMinimizerFcn::setOptimizeConst: deactivating const optimization
Total chi2/ndf: 16.8726
  Fit Result: Chi2/NDF = 641.16/39 = 16.44, Status = 0
[#1] INFO:Plotting -- RooAbsPdf::plotOn(model) directly selected PDF components: (pdf10)
[#1] INFO:Plotting -- RooAbsPdf::plotOn(model) indirectly selected PDF components: ()
[#1] INFO:Plotting -- RooAbsPdf::plotOn(model) directly selected PDF components: (pdf11)
[#1] INFO:Plotting -- RooAbsPdf::plotOn(model) indirectly selected PDF components: ()
1/mass: 0.05125 pull:4.35607
1/mass: 0.05375 pull:4.38953
1/mass: 0.05625 pull:2.95304
1/mass: 0.05875 pull:5.75156
1/mass: 0.06125 pull:5.45775
1/mass: 0.06375 pull:5.25793
1/mass: 0.06625 pull:6.00034
1/mass: 0.06875 pull:6.35016
1/mass: 0.07125 pull:5.61391
1/mass: 0.07375 pull:7.18754
1/mass: 0.07625 pull:6.25666
1/mass: 0.07875 pull:3.24105
1/mass: 0.08125 pull:3.77245
1/mass: 0.08375 pull:2.40429
1/mass: 0.08625 pull:1.64799
1/mass: 0.08875 pull:-0.594877
1/mass: 0.09125 pull:-0.508927
1/mass: 0.09375 pull:-4.77772
1/mass: 0.09625 pull:-3.06516
1/mass: 0.09875 pull:-5.95552
1/mass: 0.10125 pull:-4.96503
1/mass: 0.10375 pull:-6.99756
1/mass: 0.10625 pull:-2.67575
1/mass: 0.10875 pull:-2.46353
1/mass: 0.11125 pull:-2.47781
1/mass: 0.11375 pull:-2.47963
1/mass: 0.11625 pull:0.600218
1/mass: 0.11875 pull:-0.0317315
1/mass: 0.12125 pull:0.428483
1/mass: 0.12375 pull:2.24938
1/mass: 0.12625 pull:1.50311
1/mass: 0.12875 pull:3.92374
1/mass: 0.13125 pull:2.95733
1/mass: 0.13375 pull:3.82231
1/mass: 0.13625 pull:2.20938
1/mass: 0.13875 pull:3.17557
1/mass: 0.14125 pull:3.50047
1/mass: 0.14375 pull:3.56358
1/mass: 0.14625 pull:3.07696
1/mass: 0.14875 pull:2.89164

--- Processing Detector: NaF ---
2
2
Fitting bin 11 (Ek: 0.821474-1.11303 GeV/n)...
[#1] INFO:Minimization -- p.d.f. provides expected number of events, including extended term in likelihood.
[#1] INFO:Fitting -- RooAbsPdf::fitTo(model) fixing normalization set for coefficient determination to observables in data
[#1] INFO:Fitting -- RooAddition::defaultErrorLevel(nll_model_data) Summation contains a RooNLLVar, using its error level
[#1] INFO:Minimization -- RooAbsMinimizerFcn::setOptimizeConst: activating const optimization
[#1] INFO:Fitting -- RooAbsPdf::fitTo(model) Calculating sum-of-weights-squared correction matrix for covariance matrix
[#1] INFO:Minimization -- RooAbsMinimizerFcn::setOptimizeConst: deactivating const optimization
Total chi2/ndf: 1.58956
  Fit Result: Chi2/NDF = 57.2241/39 = 1.46728, Status = 0
[#1] INFO:Plotting -- RooAbsPdf::plotOn(model) directly selected PDF components: (pdf10)
[#1] INFO:Plotting -- RooAbsPdf::plotOn(model) indirectly selected PDF components: ()
[#1] INFO:Plotting -- RooAbsPdf::plotOn(model) directly selected PDF components: (pdf11)
[#1] INFO:Plotting -- RooAbsPdf::plotOn(model) indirectly selected PDF components: ()
1/mass: 0.05375 pull:1.36783
1/mass: 0.05625 pull:0.770428
1/mass: 0.05875 pull:1.07658
1/mass: 0.06375 pull:-0.470978
1/mass: 0.06625 pull:2.07179
1/mass: 0.06875 pull:-0.795416
1/mass: 0.07125 pull:0.567607
1/mass: 0.07375 pull:1.96682
1/mass: 0.07625 pull:1.4114
1/mass: 0.07875 pull:0.562454
1/mass: 0.08125 pull:1.5933
1/mass: 0.08375 pull:0.158072
1/mass: 0.08625 pull:-1.50858
1/mass: 0.08875 pull:1.19179
1/mass: 0.09125 pull:0.600567
1/mass: 0.09375 pull:-1.5839
1/mass: 0.09625 pull:0.0482356
1/mass: 0.09875 pull:-1.00563
1/mass: 0.10125 pull:-2.58244
1/mass: 0.10375 pull:-1.02181
1/mass: 0.10625 pull:1.37398
1/mass: 0.10875 pull:-1.02577
1/mass: 0.11125 pull:-0.427524
1/mass: 0.11375 pull:-0.452088
1/mass: 0.11625 pull:-0.421894
1/mass: 0.11875 pull:-0.0152028
1/mass: 0.12125 pull:-1.7593
1/mass: 0.12375 pull:0.438728
1/mass: 0.12625 pull:0.147926
1/mass: 0.12875 pull:1.59458
1/mass: 0.13125 pull:1.97483
1/mass: 0.13375 pull:1.1266
1/mass: 0.13625 pull:0.843811
1/mass: 0.13875 pull:1.86024
1/mass: 0.14125 pull:1.13909
1/mass: 0.14375 pull:1.85702
1/mass: 0.14625 pull:0.807421
1/mass: 0.14875 pull:-0.0396451
2
2
Fitting bin 13 (Ek: 1.11303-1.4714 GeV/n)...
[#1] INFO:Minimization -- p.d.f. provides expected number of events, including extended term in likelihood.
[#1] INFO:Fitting -- RooAbsPdf::fitTo(model) fixing normalization set for coefficient determination to observables in data
[#1] INFO:Fitting -- RooAddition::defaultErrorLevel(nll_model_data) Summation contains a RooNLLVar, using its error level
[#1] INFO:Minimization -- RooAbsMinimizerFcn::setOptimizeConst: activating const optimization
[#1] INFO:Fitting -- RooAbsPdf::fitTo(model) Calculating sum-of-weights-squared correction matrix for covariance matrix
[#1] INFO:Minimization -- RooAbsMinimizerFcn::setOptimizeConst: deactivating const optimization
Total chi2/ndf: 1.15276
  Fit Result: Chi2/NDF = 41.4993/39 = 1.06409, Status = 0
[#1] INFO:Plotting -- RooAbsPdf::plotOn(model) directly selected PDF components: (pdf10)
[#1] INFO:Plotting -- RooAbsPdf::plotOn(model) indirectly selected PDF components: ()
[#1] INFO:Plotting -- RooAbsPdf::plotOn(model) directly selected PDF components: (pdf11)
[#1] INFO:Plotting -- RooAbsPdf::plotOn(model) indirectly selected PDF components: ()
1/mass: 0.05375 pull:0.602651
1/mass: 0.05875 pull:-0.144139
1/mass: 0.06125 pull:0.436748
1/mass: 0.06375 pull:0.34911
1/mass: 0.06625 pull:0.656403
1/mass: 0.06875 pull:1.33916
1/mass: 0.07125 pull:0.796863
1/mass: 0.07375 pull:1.28615
1/mass: 0.07625 pull:0.504665
1/mass: 0.07875 pull:0.533285
1/mass: 0.08125 pull:-1.51658
1/mass: 0.08375 pull:2.1404
1/mass: 0.08625 pull:0.465402
1/mass: 0.08875 pull:0.437177
1/mass: 0.09125 pull:-1.38388
1/mass: 0.09375 pull:0.315055
1/mass: 0.09625 pull:-0.39337
1/mass: 0.09875 pull:0.254138
1/mass: 0.10125 pull:-0.248893
1/mass: 0.10375 pull:-2.22465
1/mass: 0.10625 pull:-1.52154
1/mass: 0.10875 pull:0.530605
1/mass: 0.11125 pull:-1.88917
1/mass: 0.11375 pull:0.467748
1/mass: 0.11625 pull:0.91795
1/mass: 0.11875 pull:1.10243
1/mass: 0.12125 pull:-1.58899
1/mass: 0.12375 pull:-0.538926
1/mass: 0.12625 pull:0.725338
1/mass: 0.12875 pull:1.91545
1/mass: 0.13125 pull:1.02454
1/mass: 0.13375 pull:-0.759773
1/mass: 0.13625 pull:0.491535
1/mass: 0.13875 pull:1.16124
1/mass: 0.14125 pull:1.00466
1/mass: 0.14375 pull:0.806517
1/mass: 0.14625 pull:0.925627
1/mass: 0.14875 pull:0.173705
2
2
Fitting bin 15 (Ek: 1.4714-1.91049 GeV/n)...
[#1] INFO:Minimization -- p.d.f. provides expected number of events, including extended term in likelihood.
[#1] INFO:Fitting -- RooAbsPdf::fitTo(model) fixing normalization set for coefficient determination to observables in data
[#1] INFO:Fitting -- RooAddition::defaultErrorLevel(nll_model_data) Summation contains a RooNLLVar, using its error level
[#1] INFO:Minimization -- RooAbsMinimizerFcn::setOptimizeConst: activating const optimization
[#1] INFO:Fitting -- RooAbsPdf::fitTo(model) Calculating sum-of-weights-squared correction matrix for covariance matrix
[#1] INFO:Minimization -- RooAbsMinimizerFcn::setOptimizeConst: deactivating const optimization
Total chi2/ndf: 0.953066
  Fit Result: Chi2/NDF = 33.3573/39 = 0.855316, Status = 0
[#1] INFO:Plotting -- RooAbsPdf::plotOn(model) directly selected PDF components: (pdf10)
[#1] INFO:Plotting -- RooAbsPdf::plotOn(model) indirectly selected PDF components: ()
[#1] INFO:Plotting -- RooAbsPdf::plotOn(model) directly selected PDF components: (pdf11)
[#1] INFO:Plotting -- RooAbsPdf::plotOn(model) indirectly selected PDF components: ()
1/mass: 0.05625 pull:0.668404
1/mass: 0.06125 pull:-0.678769
1/mass: 0.06375 pull:1.86044
1/mass: 0.06625 pull:1.02448
1/mass: 0.06875 pull:0.953196
1/mass: 0.07125 pull:-0.122703
1/mass: 0.07375 pull:1.85709
1/mass: 0.07625 pull:0.625598
1/mass: 0.07875 pull:1.43678
1/mass: 0.08125 pull:-1.05117
1/mass: 0.08375 pull:0.642774
1/mass: 0.08625 pull:0.0372445
1/mass: 0.08875 pull:-0.627413
1/mass: 0.09125 pull:-0.0344811
1/mass: 0.09375 pull:0.26904
1/mass: 0.09625 pull:-0.698089
1/mass: 0.09875 pull:0.599279
1/mass: 0.10125 pull:-1.53159
1/mass: 0.10375 pull:-0.128685
1/mass: 0.10625 pull:-1.46326
1/mass: 0.10875 pull:-0.332194
1/mass: 0.11125 pull:0.301082
1/mass: 0.11375 pull:-1.38655
1/mass: 0.11625 pull:0.730017
1/mass: 0.11875 pull:1.24654
1/mass: 0.12125 pull:-0.0237652
1/mass: 0.12375 pull:0.110961
1/mass: 0.12625 pull:0.103955
1/mass: 0.12875 pull:-0.474347
1/mass: 0.13125 pull:-0.184154
1/mass: 0.13375 pull:1.15894
1/mass: 0.13625 pull:1.76136
1/mass: 0.13875 pull:0.789279
1/mass: 0.14125 pull:0.603632
1/mass: 0.14375 pull:-1.22248
1/mass: 0.14625 pull:1.32816
1/mass: 0.14875 pull:-0.768137
2
2
Fitting bin 17 (Ek: 1.91049-2.43494 GeV/n)...
[#1] INFO:Minimization -- p.d.f. provides expected number of events, including extended term in likelihood.
[#1] INFO:Fitting -- RooAbsPdf::fitTo(model) fixing normalization set for coefficient determination to observables in data
[#1] INFO:Fitting -- RooAddition::defaultErrorLevel(nll_model_data) Summation contains a RooNLLVar, using its error level
[#1] INFO:Minimization -- RooAbsMinimizerFcn::setOptimizeConst: activating const optimization
[#1] INFO:Fitting -- RooAbsPdf::fitTo(model) Calculating sum-of-weights-squared correction matrix for covariance matrix
[#1] INFO:Minimization -- RooAbsMinimizerFcn::setOptimizeConst: deactivating const optimization
Total chi2/ndf: 2.03884
  Fit Result: Chi2/NDF = 73.3981/39 = 1.882, Status = 0
[#1] INFO:Plotting -- RooAbsPdf::plotOn(model) directly selected PDF components: (pdf10)
[#1] INFO:Plotting -- RooAbsPdf::plotOn(model) indirectly selected PDF components: ()
[#1] INFO:Plotting -- RooAbsPdf::plotOn(model) directly selected PDF components: (pdf11)
[#1] INFO:Plotting -- RooAbsPdf::plotOn(model) indirectly selected PDF components: ()
1/mass: 0.05125 pull:0.607334
1/mass: 0.05875 pull:-0.285448
1/mass: 0.06125 pull:-1.10392
1/mass: 0.06375 pull:2.09451
1/mass: 0.06625 pull:-0.4228
1/mass: 0.06875 pull:-0.51808
1/mass: 0.07125 pull:2.27164
1/mass: 0.07375 pull:2.1877
1/mass: 0.07625 pull:0.975364
1/mass: 0.07875 pull:1.62421
1/mass: 0.08125 pull:1.15162
1/mass: 0.08375 pull:-0.450884
1/mass: 0.08625 pull:1.40046
1/mass: 0.08875 pull:1.94273
1/mass: 0.09125 pull:-0.206591
1/mass: 0.09375 pull:-1.51606
1/mass: 0.09625 pull:-1.38767
1/mass: 0.09875 pull:-2.10571
1/mass: 0.10125 pull:-0.0596037
1/mass: 0.10375 pull:-2.85255
1/mass: 0.10625 pull:-1.05111
1/mass: 0.10875 pull:0.556622
1/mass: 0.11125 pull:-0.97695
1/mass: 0.11375 pull:-0.291181
1/mass: 0.11625 pull:1.82039
1/mass: 0.11875 pull:-1.99178
1/mass: 0.12125 pull:-0.105949
1/mass: 0.12375 pull:0.263156
1/mass: 0.12625 pull:1.17875
1/mass: 0.12875 pull:0.922109
1/mass: 0.13125 pull:0.899695
1/mass: 0.13375 pull:0.0444623
1/mass: 0.13625 pull:1.11571
1/mass: 0.13875 pull:2.44785
1/mass: 0.14125 pull:1.75682
1/mass: 0.14375 pull:0.456224
1/mass: 0.14625 pull:1.50148
1/mass: 0.14875 pull:1.89751
2
2
Fitting bin 19 (Ek: 2.43494-3.05875 GeV/n)...
[#1] INFO:Minimization -- p.d.f. provides expected number of events, including extended term in likelihood.
[#1] INFO:Fitting -- RooAbsPdf::fitTo(model) fixing normalization set for coefficient determination to observables in data
[#1] INFO:Fitting -- RooAddition::defaultErrorLevel(nll_model_data) Summation contains a RooNLLVar, using its error level
[#1] INFO:Minimization -- RooAbsMinimizerFcn::setOptimizeConst: activating const optimization
[#1] INFO:Fitting -- RooAbsPdf::fitTo(model) Calculating sum-of-weights-squared correction matrix for covariance matrix
[#1] INFO:Minimization -- RooAbsMinimizerFcn::setOptimizeConst: deactivating const optimization
Total chi2/ndf: 1.52669
  Fit Result: Chi2/NDF = 53.4341/39 = 1.37011, Status = 0
[#1] INFO:Plotting -- RooAbsPdf::plotOn(model) directly selected PDF components: (pdf10)
[#1] INFO:Plotting -- RooAbsPdf::plotOn(model) indirectly selected PDF components: ()
[#1] INFO:Plotting -- RooAbsPdf::plotOn(model) directly selected PDF components: (pdf11)
[#1] INFO:Plotting -- RooAbsPdf::plotOn(model) indirectly selected PDF components: ()
1/mass: 0.05375 pull:0.592941
1/mass: 0.05875 pull:0.530721
1/mass: 0.06125 pull:0.02924
1/mass: 0.06375 pull:-0.740298
1/mass: 0.06625 pull:0.00320542
1/mass: 0.06875 pull:1.43689
1/mass: 0.07125 pull:0.747905
1/mass: 0.07375 pull:-2.58627
1/mass: 0.07625 pull:-0.867319
1/mass: 0.07875 pull:1.10206
1/mass: 0.08125 pull:0.685586
1/mass: 0.08375 pull:1.70866
1/mass: 0.08625 pull:-0.0542461
1/mass: 0.08875 pull:0.756644
1/mass: 0.09125 pull:-2.11427
1/mass: 0.09375 pull:0.455222
1/mass: 0.09625 pull:0.345193
1/mass: 0.09875 pull:0.343501
1/mass: 0.10125 pull:0.458847
1/mass: 0.10375 pull:-3.1923
1/mass: 0.10625 pull:-1.20756
1/mass: 0.10875 pull:0.655551
1/mass: 0.11125 pull:0.364296
1/mass: 0.11375 pull:-1.21386
1/mass: 0.11625 pull:0.0894711
1/mass: 0.11875 pull:0.694143
1/mass: 0.12125 pull:-0.259063
1/mass: 0.12375 pull:-0.651815
1/mass: 0.12625 pull:-1.47132
1/mass: 0.12875 pull:0.974273
1/mass: 0.13125 pull:0.152344
1/mass: 0.13375 pull:1.11478
1/mass: 0.13625 pull:1.27958
1/mass: 0.13875 pull:2.53243
1/mass: 0.14125 pull:0.813861
1/mass: 0.14375 pull:2.01791
1/mass: 0.14875 pull:-0.225543
2
2
Fitting bin 21 (Ek: 3.05875-3.79127 GeV/n)...
[#1] INFO:Minimization -- p.d.f. provides expected number of events, including extended term in likelihood.
[#1] INFO:Fitting -- RooAbsPdf::fitTo(model) fixing normalization set for coefficient determination to observables in data
[#1] INFO:Fitting -- RooAddition::defaultErrorLevel(nll_model_data) Summation contains a RooNLLVar, using its error level
[#1] INFO:Minimization -- RooAbsMinimizerFcn::setOptimizeConst: activating const optimization
[#1] INFO:Fitting -- RooAbsPdf::fitTo(model) Calculating sum-of-weights-squared correction matrix for covariance matrix
[#1] INFO:Minimization -- RooAbsMinimizerFcn::setOptimizeConst: deactivating const optimization
Total chi2/ndf: 1.51613
  Fit Result: Chi2/NDF = 54.5806/39 = 1.3995, Status = 0
[#1] INFO:Plotting -- RooAbsPdf::plotOn(model) directly selected PDF components: (pdf10)
[#1] INFO:Plotting -- RooAbsPdf::plotOn(model) indirectly selected PDF components: ()
[#1] INFO:Plotting -- RooAbsPdf::plotOn(model) directly selected PDF components: (pdf11)
[#1] INFO:Plotting -- RooAbsPdf::plotOn(model) indirectly selected PDF components: ()
1/mass: 0.05375 pull:0.439556
1/mass: 0.05625 pull:0.163436
1/mass: 0.05875 pull:-0.0840025
1/mass: 0.06375 pull:-0.210322
1/mass: 0.06625 pull:-0.289752
1/mass: 0.06875 pull:2.65434
1/mass: 0.07125 pull:1.65331
1/mass: 0.07375 pull:1.70558
1/mass: 0.07625 pull:0.769013
1/mass: 0.07875 pull:1.30283
1/mass: 0.08125 pull:-0.345784
1/mass: 0.08375 pull:-1.06254
1/mass: 0.08625 pull:1.22109
1/mass: 0.08875 pull:1.51135
1/mass: 0.09125 pull:-1.22535
1/mass: 0.09375 pull:-0.748724
1/mass: 0.09625 pull:-0.684414
1/mass: 0.09875 pull:-0.410742
1/mass: 0.10125 pull:0.847973
1/mass: 0.10375 pull:-1.89688
1/mass: 0.10625 pull:-1.7923
1/mass: 0.10875 pull:0.238449
1/mass: 0.11125 pull:-1.6565
1/mass: 0.11375 pull:0.156259
1/mass: 0.11625 pull:-1.10419
1/mass: 0.11875 pull:-0.645642
1/mass: 0.12125 pull:-0.741834
1/mass: 0.12375 pull:0.974511
1/mass: 0.12625 pull:1.51339
1/mass: 0.12875 pull:0.515891
1/mass: 0.13125 pull:0.143146
1/mass: 0.13375 pull:1.77906
1/mass: 0.13625 pull:2.72043
1/mass: 0.13875 pull:0.402166
1/mass: 0.14125 pull:1.12285
1/mass: 0.14375 pull:0.528552
1/mass: 0.14625 pull:0.745368
1/mass: 0.14875 pull:1.62315
2
2
Fitting bin 23 (Ek: 3.79127-4.64682 GeV/n)...
[#1] INFO:Minimization -- p.d.f. provides expected number of events, including extended term in likelihood.
[#1] INFO:Fitting -- RooAbsPdf::fitTo(model) fixing normalization set for coefficient determination to observables in data
[#1] INFO:Fitting -- RooAddition::defaultErrorLevel(nll_model_data) Summation contains a RooNLLVar, using its error level
[#1] INFO:Minimization -- RooAbsMinimizerFcn::setOptimizeConst: activating const optimization
[#1] INFO:Fitting -- RooAbsPdf::fitTo(model) Calculating sum-of-weights-squared correction matrix for covariance matrix
[#1] INFO:Minimization -- RooAbsMinimizerFcn::setOptimizeConst: deactivating const optimization
Total chi2/ndf: 1.74471
  Fit Result: Chi2/NDF = 59.32/39 = 1.52103, Status = 0
[#1] INFO:Plotting -- RooAbsPdf::plotOn(model) directly selected PDF components: (pdf10)
[#1] INFO:Plotting -- RooAbsPdf::plotOn(model) indirectly selected PDF components: ()
[#1] INFO:Plotting -- RooAbsPdf::plotOn(model) directly selected PDF components: (pdf11)
[#1] INFO:Plotting -- RooAbsPdf::plotOn(model) indirectly selected PDF components: ()
1/mass: 0.05375 pull:0.641203
1/mass: 0.05625 pull:0.458789
1/mass: 0.05875 pull:0.0304214
1/mass: 0.06625 pull:0.925971
1/mass: 0.06875 pull:-0.737472
1/mass: 0.07125 pull:-2.15134
1/mass: 0.07375 pull:3.0759
1/mass: 0.07625 pull:-1.53856
1/mass: 0.07875 pull:2.31731
1/mass: 0.08125 pull:1.17281
1/mass: 0.08375 pull:1.00788
1/mass: 0.08625 pull:-0.821437
1/mass: 0.08875 pull:1.12292
1/mass: 0.09125 pull:-1.27683
1/mass: 0.09375 pull:-1.88209
1/mass: 0.09625 pull:0.109959
1/mass: 0.09875 pull:-0.437767
1/mass: 0.10125 pull:-0.697793
1/mass: 0.10375 pull:0.280999
1/mass: 0.10625 pull:-2.13451
1/mass: 0.10875 pull:-0.507479
1/mass: 0.11125 pull:0.8266
1/mass: 0.11375 pull:1.91289
1/mass: 0.11625 pull:-2.30062
1/mass: 0.11875 pull:0.350488
1/mass: 0.12125 pull:-0.522224
1/mass: 0.12375 pull:0.109148
1/mass: 0.12625 pull:1.22071
1/mass: 0.12875 pull:-1.55909
1/mass: 0.13125 pull:-0.502792
1/mass: 0.13375 pull:1.11476
1/mass: 0.13625 pull:1.27922
1/mass: 0.13875 pull:0.0058292
1/mass: 0.14125 pull:0.521667
1/mass: 0.14375 pull:1.46666
1/mass: 0.14625 pull:0.931673
2
2
Fitting bin 25 (Ek: 4.64682-5.63491 GeV/n)...
[#1] INFO:Minimization -- p.d.f. provides expected number of events, including extended term in likelihood.
[#1] INFO:Fitting -- RooAbsPdf::fitTo(model) fixing normalization set for coefficient determination to observables in data
[#1] INFO:Fitting -- RooAddition::defaultErrorLevel(nll_model_data) Summation contains a RooNLLVar, using its error level
[#1] INFO:Minimization -- RooAbsMinimizerFcn::setOptimizeConst: activating const optimization
[#1] INFO:Fitting -- RooAbsPdf::fitTo(model) Calculating sum-of-weights-squared correction matrix for covariance matrix
[#1] INFO:Minimization -- RooAbsMinimizerFcn::setOptimizeConst: deactivating const optimization
Total chi2/ndf: 1.19656
  Fit Result: Chi2/NDF = 40.6831/39 = 1.04316, Status = 0
[#1] INFO:Plotting -- RooAbsPdf::plotOn(model) directly selected PDF components: (pdf10)
[#1] INFO:Plotting -- RooAbsPdf::plotOn(model) indirectly selected PDF components: ()
[#1] INFO:Plotting -- RooAbsPdf::plotOn(model) directly selected PDF components: (pdf11)
[#1] INFO:Plotting -- RooAbsPdf::plotOn(model) indirectly selected PDF components: ()
1/mass: 0.05375 pull:1.55634
1/mass: 0.05875 pull:0.0248311
1/mass: 0.06125 pull:0.489601
1/mass: 0.06375 pull:-0.752518
1/mass: 0.06625 pull:1.89793
1/mass: 0.06875 pull:-0.164851
1/mass: 0.07125 pull:1.28894
1/mass: 0.07375 pull:1.2824
1/mass: 0.07625 pull:-3.04497
1/mass: 0.07875 pull:1.32731
1/mass: 0.08125 pull:0.278466
1/mass: 0.08375 pull:1.05405
1/mass: 0.08625 pull:1.11513
1/mass: 0.08875 pull:-0.0198086
1/mass: 0.09125 pull:-0.260411
1/mass: 0.09375 pull:-1.47826
1/mass: 0.09625 pull:-1.15869
1/mass: 0.09875 pull:-0.336932
1/mass: 0.10125 pull:-0.867791
1/mass: 0.10375 pull:0.0956653
1/mass: 0.10625 pull:-0.62056
1/mass: 0.10875 pull:0.593541
1/mass: 0.11125 pull:-0.736172
1/mass: 0.11375 pull:0.658157
1/mass: 0.11625 pull:-1.1678
1/mass: 0.11875 pull:0.847754
1/mass: 0.12125 pull:0.165825
1/mass: 0.12375 pull:-1.0343
1/mass: 0.12625 pull:0.798587
1/mass: 0.12875 pull:1.30361
1/mass: 0.13125 pull:-0.471787
1/mass: 0.13375 pull:1.25606
1/mass: 0.13625 pull:0.354658
1/mass: 0.13875 pull:-1.49128
1/mass: 0.14125 pull:-0.756571
1/mass: 0.14625 pull:0.793662

--- Processing Detector: AGL ---
2
2
Fitting bin 19 (Ek: 2.43494-3.05875 GeV/n)...
[#1] INFO:Minimization -- p.d.f. provides expected number of events, including extended term in likelihood.
[#1] INFO:Fitting -- RooAbsPdf::fitTo(model) fixing normalization set for coefficient determination to observables in data
[#1] INFO:Fitting -- RooAddition::defaultErrorLevel(nll_model_data) Summation contains a RooNLLVar, using its error level
[#1] INFO:Minimization -- RooAbsMinimizerFcn::setOptimizeConst: activating const optimization
[#1] INFO:Fitting -- RooAbsPdf::fitTo(model) Calculating sum-of-weights-squared correction matrix for covariance matrix
[#1] INFO:Minimization -- RooAbsMinimizerFcn::setOptimizeConst: deactivating const optimization
Total chi2/ndf: 3.64724
  Fit Result: Chi2/NDF = 138.595/39 = 3.55372, Status = 0
[#1] INFO:Plotting -- RooAbsPdf::plotOn(model) directly selected PDF components: (pdf10)
[#1] INFO:Plotting -- RooAbsPdf::plotOn(model) indirectly selected PDF components: ()
[#1] INFO:Plotting -- RooAbsPdf::plotOn(model) directly selected PDF components: (pdf11)
[#1] INFO:Plotting -- RooAbsPdf::plotOn(model) indirectly selected PDF components: ()
1/mass: 0.05125 pull:-0.118096
1/mass: 0.05375 pull:1.06285
1/mass: 0.05625 pull:1.76082
1/mass: 0.05875 pull:1.68957
1/mass: 0.06125 pull:0.0884262
1/mass: 0.06375 pull:1.34865
1/mass: 0.06625 pull:-0.0244095
1/mass: 0.06875 pull:3.05283
1/mass: 0.07125 pull:1.64032
1/mass: 0.07375 pull:2.94411
1/mass: 0.07625 pull:0.542325
1/mass: 0.07875 pull:1.44156
1/mass: 0.08125 pull:0.884185
1/mass: 0.08375 pull:-1.19339
1/mass: 0.08625 pull:1.14545
1/mass: 0.08875 pull:1.96783
1/mass: 0.09125 pull:0.329553
1/mass: 0.09375 pull:1.71675
1/mass: 0.09625 pull:-2.23041
1/mass: 0.09875 pull:-2.71627
1/mass: 0.10125 pull:-1.25232
1/mass: 0.10375 pull:-1.01944
1/mass: 0.10625 pull:-2.733
1/mass: 0.10875 pull:0.432197
1/mass: 0.11125 pull:-0.679176
1/mass: 0.11375 pull:-2.68414
1/mass: 0.11625 pull:-2.52259
1/mass: 0.11875 pull:1.08105
1/mass: 0.12125 pull:0.873071
1/mass: 0.12375 pull:-0.110044
1/mass: 0.12625 pull:3.40547
1/mass: 0.12875 pull:2.61183
1/mass: 0.13125 pull:1.1786
1/mass: 0.13375 pull:2.12593
1/mass: 0.13625 pull:2.12074
1/mass: 0.13875 pull:2.24317
1/mass: 0.14125 pull:2.66965
1/mass: 0.14375 pull:2.8029
1/mass: 0.14625 pull:1.62858
1/mass: 0.14875 pull:2.46803
2
2
Fitting bin 21 (Ek: 3.05875-3.79127 GeV/n)...
[#1] INFO:Minimization -- p.d.f. provides expected number of events, including extended term in likelihood.
[#1] INFO:Fitting -- RooAbsPdf::fitTo(model) fixing normalization set for coefficient determination to observables in data
[#1] INFO:Fitting -- RooAddition::defaultErrorLevel(nll_model_data) Summation contains a RooNLLVar, using its error level
[#1] INFO:Minimization -- RooAbsMinimizerFcn::setOptimizeConst: activating const optimization
[#1] INFO:Fitting -- RooAbsPdf::fitTo(model) Calculating sum-of-weights-squared correction matrix for covariance matrix
[#1] INFO:Minimization -- RooAbsMinimizerFcn::setOptimizeConst: deactivating const optimization
Total chi2/ndf: 2.90023
  Fit Result: Chi2/NDF = 110.209/39 = 2.82586, Status = 0
[#1] INFO:Plotting -- RooAbsPdf::plotOn(model) directly selected PDF components: (pdf10)
[#1] INFO:Plotting -- RooAbsPdf::plotOn(model) indirectly selected PDF components: ()
[#1] INFO:Plotting -- RooAbsPdf::plotOn(model) directly selected PDF components: (pdf11)
[#1] INFO:Plotting -- RooAbsPdf::plotOn(model) indirectly selected PDF components: ()
1/mass: 0.05125 pull:-0.373467
1/mass: 0.05375 pull:-0.0861626
1/mass: 0.05625 pull:0.378159
1/mass: 0.05875 pull:-0.487896
1/mass: 0.06125 pull:1.25527
1/mass: 0.06375 pull:0.242919
1/mass: 0.06625 pull:1.10845
1/mass: 0.06875 pull:-0.119657
1/mass: 0.07125 pull:1.95357
1/mass: 0.07375 pull:1.95175
1/mass: 0.07625 pull:1.62506
1/mass: 0.07875 pull:1.46385
1/mass: 0.08125 pull:1.42102
1/mass: 0.08375 pull:1.78504
1/mass: 0.08625 pull:1.0323
1/mass: 0.08875 pull:0.678242
1/mass: 0.09125 pull:0.527083
1/mass: 0.09375 pull:-1.14872
1/mass: 0.09625 pull:-1.49236
1/mass: 0.09875 pull:-0.965655
1/mass: 0.10125 pull:-1.47431
1/mass: 0.10375 pull:-2.03181
1/mass: 0.10625 pull:-0.702418
1/mass: 0.10875 pull:0.475523
1/mass: 0.11125 pull:-3.8803
1/mass: 0.11375 pull:-0.431067
1/mass: 0.11625 pull:0.815962
1/mass: 0.11875 pull:-1.14066
1/mass: 0.12125 pull:-0.87433
1/mass: 0.12375 pull:1.54066
1/mass: 0.12625 pull:1.31007
1/mass: 0.12875 pull:1.93065
1/mass: 0.13125 pull:2.06028
1/mass: 0.13375 pull:1.4898
1/mass: 0.13625 pull:2.5873
1/mass: 0.13875 pull:2.45155
1/mass: 0.14125 pull:1.82388
1/mass: 0.14375 pull:2.38848
1/mass: 0.14625 pull:3.82737
1/mass: 0.14875 pull:2.69148
2
2
Fitting bin 23 (Ek: 3.79127-4.64682 GeV/n)...
[#1] INFO:Minimization -- p.d.f. provides expected number of events, including extended term in likelihood.
[#1] INFO:Fitting -- RooAbsPdf::fitTo(model) fixing normalization set for coefficient determination to observables in data
[#1] INFO:Fitting -- RooAddition::defaultErrorLevel(nll_model_data) Summation contains a RooNLLVar, using its error level
[#1] INFO:Minimization -- RooAbsMinimizerFcn::setOptimizeConst: activating const optimization
[#1] INFO:Fitting -- RooAbsPdf::fitTo(model) Calculating sum-of-weights-squared correction matrix for covariance matrix
[#1] INFO:Minimization -- RooAbsMinimizerFcn::setOptimizeConst: deactivating const optimization
Total chi2/ndf: 2.12022
  Fit Result: Chi2/NDF = 80.5684/39 = 2.06586, Status = 0
[#1] INFO:Plotting -- RooAbsPdf::plotOn(model) directly selected PDF components: (pdf10)
[#1] INFO:Plotting -- RooAbsPdf::plotOn(model) indirectly selected PDF components: ()
[#1] INFO:Plotting -- RooAbsPdf::plotOn(model) directly selected PDF components: (pdf11)
[#1] INFO:Plotting -- RooAbsPdf::plotOn(model) indirectly selected PDF components: ()
1/mass: 0.05125 pull:1.45913
1/mass: 0.05375 pull:0.312295
1/mass: 0.05625 pull:0.708233
1/mass: 0.05875 pull:0.89913
1/mass: 0.06125 pull:-0.741611
1/mass: 0.06375 pull:0.613186
1/mass: 0.06625 pull:0.0801161
1/mass: 0.06875 pull:1.00074
1/mass: 0.07125 pull:0.483939
1/mass: 0.07375 pull:0.633183
1/mass: 0.07625 pull:2.06622
1/mass: 0.07875 pull:0.519261
1/mass: 0.08125 pull:1.91499
1/mass: 0.08375 pull:-0.976628
1/mass: 0.08625 pull:1.67615
1/mass: 0.08875 pull:-2.30391
1/mass: 0.09125 pull:0.792245
1/mass: 0.09375 pull:-0.741552
1/mass: 0.09625 pull:0.800135
1/mass: 0.09875 pull:-0.135208
1/mass: 0.10125 pull:0.944338
1/mass: 0.10375 pull:-1.53683
1/mass: 0.10625 pull:-1.95255
1/mass: 0.10875 pull:-1.64517
1/mass: 0.11125 pull:-2.41771
1/mass: 0.11375 pull:0.328894
1/mass: 0.11625 pull:-0.833843
1/mass: 0.11875 pull:-0.769076
1/mass: 0.12125 pull:0.298586
1/mass: 0.12375 pull:0.77481
1/mass: 0.12625 pull:0.290127
1/mass: 0.12875 pull:3.09346
1/mass: 0.13125 pull:2.46941
1/mass: 0.13375 pull:1.17631
1/mass: 0.13625 pull:3.32547
1/mass: 0.13875 pull:1.11058
1/mass: 0.14125 pull:1.74958
1/mass: 0.14375 pull:0.957002
1/mass: 0.14625 pull:1.09328
1/mass: 0.14875 pull:1.74566
2
2
Fitting bin 25 (Ek: 4.64682-5.63491 GeV/n)...
[#1] INFO:Minimization -- p.d.f. provides expected number of events, including extended term in likelihood.
[#1] INFO:Fitting -- RooAbsPdf::fitTo(model) fixing normalization set for coefficient determination to observables in data
[#1] INFO:Fitting -- RooAddition::defaultErrorLevel(nll_model_data) Summation contains a RooNLLVar, using its error level
[#1] INFO:Minimization -- RooAbsMinimizerFcn::setOptimizeConst: activating const optimization
[#1] INFO:Fitting -- RooAbsPdf::fitTo(model) Calculating sum-of-weights-squared correction matrix for covariance matrix
[#1] INFO:Minimization -- RooAbsMinimizerFcn::setOptimizeConst: deactivating const optimization
Total chi2/ndf: 2.02325
  Fit Result: Chi2/NDF = 74.8601/39 = 1.91949, Status = 0
[#1] INFO:Plotting -- RooAbsPdf::plotOn(model) directly selected PDF components: (pdf10)
[#1] INFO:Plotting -- RooAbsPdf::plotOn(model) indirectly selected PDF components: ()
[#1] INFO:Plotting -- RooAbsPdf::plotOn(model) directly selected PDF components: (pdf11)
[#1] INFO:Plotting -- RooAbsPdf::plotOn(model) indirectly selected PDF components: ()
1/mass: 0.05125 pull:0.643499
1/mass: 0.05625 pull:0.051096
1/mass: 0.05875 pull:-0.513158
1/mass: 0.06125 pull:0.933866
1/mass: 0.06375 pull:0.0724816
1/mass: 0.06625 pull:-0.510469
1/mass: 0.06875 pull:0.202129
1/mass: 0.07125 pull:2.02237
1/mass: 0.07375 pull:0.954549
1/mass: 0.07625 pull:0.444216
1/mass: 0.07875 pull:1.09081
1/mass: 0.08125 pull:0.75382
1/mass: 0.08375 pull:1.63649
1/mass: 0.08625 pull:-0.00776387
1/mass: 0.08875 pull:1.88631
1/mass: 0.09125 pull:1.15835
1/mass: 0.09375 pull:-0.839106
1/mass: 0.09625 pull:-1.0459
1/mass: 0.09875 pull:-0.576948
1/mass: 0.10125 pull:-1.33848
1/mass: 0.10375 pull:-0.313863
1/mass: 0.10625 pull:-2.4614
1/mass: 0.10875 pull:-1.9793
1/mass: 0.11125 pull:-1.68268
1/mass: 0.11375 pull:0.672006
1/mass: 0.11625 pull:-1.11333
1/mass: 0.11875 pull:-0.063019
1/mass: 0.12125 pull:0.47171
1/mass: 0.12375 pull:0.0929269
1/mass: 0.12625 pull:3.17134
1/mass: 0.12875 pull:2.48453
1/mass: 0.13125 pull:1.47668
1/mass: 0.13375 pull:1.47713
1/mass: 0.13625 pull:-0.335108
1/mass: 0.13875 pull:2.03945
1/mass: 0.14125 pull:2.65192
1/mass: 0.14375 pull:-1.32959
1/mass: 0.14625 pull:2.03084
1/mass: 0.14875 pull:1.38661
2
2
Fitting bin 27 (Ek: 5.63491-6.775 GeV/n)...
[#1] INFO:Minimization -- p.d.f. provides expected number of events, including extended term in likelihood.
[#1] INFO:Fitting -- RooAbsPdf::fitTo(model) fixing normalization set for coefficient determination to observables in data
[#1] INFO:Fitting -- RooAddition::defaultErrorLevel(nll_model_data) Summation contains a RooNLLVar, using its error level
[#1] INFO:Minimization -- RooAbsMinimizerFcn::setOptimizeConst: activating const optimization
[#1] INFO:Fitting -- RooAbsPdf::fitTo(model) Calculating sum-of-weights-squared correction matrix for covariance matrix
[#1] INFO:Minimization -- RooAbsMinimizerFcn::setOptimizeConst: deactivating const optimization
Total chi2/ndf: 1.97497
  Fit Result: Chi2/NDF = 75.049/39 = 1.92433, Status = 0
[#1] INFO:Plotting -- RooAbsPdf::plotOn(model) directly selected PDF components: (pdf10)
[#1] INFO:Plotting -- RooAbsPdf::plotOn(model) indirectly selected PDF components: ()
[#1] INFO:Plotting -- RooAbsPdf::plotOn(model) directly selected PDF components: (pdf11)
[#1] INFO:Plotting -- RooAbsPdf::plotOn(model) indirectly selected PDF components: ()
1/mass: 0.05125 pull:0.70663
1/mass: 0.05375 pull:-0.50335
1/mass: 0.05625 pull:-0.143853
1/mass: 0.05875 pull:0.385229
1/mass: 0.06125 pull:0.0866364
1/mass: 0.06375 pull:0.00964176
1/mass: 0.06625 pull:0.941434
1/mass: 0.06875 pull:1.56128
1/mass: 0.07125 pull:1.78796
1/mass: 0.07375 pull:1.64196
1/mass: 0.07625 pull:1.16663
1/mass: 0.07875 pull:0.920826
1/mass: 0.08125 pull:2.5893
1/mass: 0.08375 pull:0.0309299
1/mass: 0.08625 pull:1.15241
1/mass: 0.08875 pull:0.892014
1/mass: 0.09125 pull:-0.224277
1/mass: 0.09375 pull:-2.26449
1/mass: 0.09625 pull:-0.604882
1/mass: 0.09875 pull:0.342306
1/mass: 0.10125 pull:-2.185
1/mass: 0.10375 pull:-1.92867
1/mass: 0.10625 pull:1.364
1/mass: 0.10875 pull:-2.01934
1/mass: 0.11125 pull:-0.458226
1/mass: 0.11375 pull:-1.34681
1/mass: 0.11625 pull:-2.15653
1/mass: 0.11875 pull:0.299164
1/mass: 0.12125 pull:0.560761
1/mass: 0.12375 pull:1.28838
1/mass: 0.12625 pull:1.37855
1/mass: 0.12875 pull:2.07985
1/mass: 0.13125 pull:1.21284
1/mass: 0.13375 pull:-0.00655799
1/mass: 0.13625 pull:0.974662
1/mass: 0.13875 pull:2.7771
1/mass: 0.14125 pull:1.65085
1/mass: 0.14375 pull:1.91062
1/mass: 0.14625 pull:1.1284
1/mass: 0.14875 pull:1.01217
2
2
Fitting bin 29 (Ek: 6.775-8.11658 GeV/n)...
[#1] INFO:Minimization -- p.d.f. provides expected number of events, including extended term in likelihood.
[#1] INFO:Fitting -- RooAbsPdf::fitTo(model) fixing normalization set for coefficient determination to observables in data
[#1] INFO:Fitting -- RooAddition::defaultErrorLevel(nll_model_data) Summation contains a RooNLLVar, using its error level
[#1] INFO:Minimization -- RooAbsMinimizerFcn::setOptimizeConst: activating const optimization
[#1] INFO:Fitting -- RooAbsPdf::fitTo(model) Calculating sum-of-weights-squared correction matrix for covariance matrix
[#1] INFO:Minimization -- RooAbsMinimizerFcn::setOptimizeConst: deactivating const optimization
Total chi2/ndf: 2.05973
  Fit Result: Chi2/NDF = 78.2699/39 = 2.00692, Status = 0
[#1] INFO:Plotting -- RooAbsPdf::plotOn(model) directly selected PDF components: (pdf10)
[#1] INFO:Plotting -- RooAbsPdf::plotOn(model) indirectly selected PDF components: ()
[#1] INFO:Plotting -- RooAbsPdf::plotOn(model) directly selected PDF components: (pdf11)
[#1] INFO:Plotting -- RooAbsPdf::plotOn(model) indirectly selected PDF components: ()
1/mass: 0.05125 pull:1.01869
1/mass: 0.05375 pull:0.239519
1/mass: 0.05625 pull:0.774304
1/mass: 0.05875 pull:-0.94594
1/mass: 0.06125 pull:0.728656
1/mass: 0.06375 pull:1.72592
1/mass: 0.06625 pull:0.91488
1/mass: 0.06875 pull:0.63389
1/mass: 0.07125 pull:0.248703
1/mass: 0.07375 pull:1.25588
1/mass: 0.07625 pull:1.99482
1/mass: 0.07875 pull:0.840708
1/mass: 0.08125 pull:1.54001
1/mass: 0.08375 pull:0.171917
1/mass: 0.08625 pull:-0.192742
1/mass: 0.08875 pull:1.77969
1/mass: 0.09125 pull:-1.23568
1/mass: 0.09375 pull:0.849693
1/mass: 0.09625 pull:-0.885035
1/mass: 0.09875 pull:-3.61884
1/mass: 0.10125 pull:0.48134
1/mass: 0.10375 pull:0.056085
1/mass: 0.10625 pull:-1.54254
1/mass: 0.10875 pull:-1.34924
1/mass: 0.11125 pull:-0.0816636
1/mass: 0.11375 pull:-1.78076
1/mass: 0.11625 pull:-1.55625
1/mass: 0.11875 pull:0.901871
1/mass: 0.12125 pull:0.0748947
1/mass: 0.12375 pull:0.674313
1/mass: 0.12625 pull:0.623968
1/mass: 0.12875 pull:0.841246
1/mass: 0.13125 pull:1.98437
1/mass: 0.13375 pull:1.4048
1/mass: 0.13625 pull:1.27477
1/mass: 0.13875 pull:1.26708
1/mass: 0.14125 pull:-0.943157
1/mass: 0.14375 pull:2.91924
1/mass: 0.14625 pull:1.8787
1/mass: 0.14875 pull:2.8957
2
2
Fitting bin 31 (Ek: 8.11658-9.65954 GeV/n)...
[#1] INFO:Minimization -- p.d.f. provides expected number of events, including extended term in likelihood.
[#1] INFO:Fitting -- RooAbsPdf::fitTo(model) fixing normalization set for coefficient determination to observables in data
[#1] INFO:Fitting -- RooAddition::defaultErrorLevel(nll_model_data) Summation contains a RooNLLVar, using its error level
[#1] INFO:Minimization -- RooAbsMinimizerFcn::setOptimizeConst: activating const optimization
[#1] INFO:Fitting -- RooAbsPdf::fitTo(model) Calculating sum-of-weights-squared correction matrix for covariance matrix
[#1] INFO:Minimization -- RooAbsMinimizerFcn::setOptimizeConst: deactivating const optimization
Total chi2/ndf: 2.17441
  Fit Result: Chi2/NDF = 78.2789/39 = 2.00715, Status = 0
[#1] INFO:Plotting -- RooAbsPdf::plotOn(model) directly selected PDF components: (pdf10)
[#1] INFO:Plotting -- RooAbsPdf::plotOn(model) indirectly selected PDF components: ()
[#1] INFO:Plotting -- RooAbsPdf::plotOn(model) directly selected PDF components: (pdf11)
[#1] INFO:Plotting -- RooAbsPdf::plotOn(model) indirectly selected PDF components: ()
1/mass: 0.05625 pull:0.389143
1/mass: 0.05875 pull:1.54939
1/mass: 0.06125 pull:0.94846
1/mass: 0.06375 pull:-0.512273
1/mass: 0.06625 pull:0.420833
1/mass: 0.06875 pull:0.648095
1/mass: 0.07125 pull:-0.0148101
1/mass: 0.07375 pull:-0.850494
1/mass: 0.07625 pull:0.659469
1/mass: 0.07875 pull:-0.0892025
1/mass: 0.08125 pull:2.46177
1/mass: 0.08375 pull:0.539824
1/mass: 0.08625 pull:1.2552
1/mass: 0.08875 pull:-0.427149
1/mass: 0.09125 pull:0.839961
1/mass: 0.09375 pull:1.03403
1/mass: 0.09625 pull:-1.19502
1/mass: 0.09875 pull:-1.95852
1/mass: 0.10125 pull:-0.932818
1/mass: 0.10375 pull:-0.228239
1/mass: 0.10625 pull:-0.200603
1/mass: 0.10875 pull:-0.332827
1/mass: 0.11125 pull:-2.48592
1/mass: 0.11375 pull:-1.67915
1/mass: 0.11625 pull:0.0588077
1/mass: 0.11875 pull:-2.96481
1/mass: 0.12125 pull:-0.0948976
1/mass: 0.12375 pull:1.47427
1/mass: 0.12625 pull:-0.649356
1/mass: 0.12875 pull:1.7586
1/mass: 0.13125 pull:2.89334
1/mass: 0.13375 pull:2.25697
1/mass: 0.13625 pull:0.59202
1/mass: 0.13875 pull:1.69326
1/mass: 0.14125 pull:2.49856
1/mass: 0.14375 pull:1.68847
1/mass: 0.14625 pull:1.62352
1/mass: 0.14875 pull:2.16277
2
2
Fitting bin 33 (Ek: 9.65954-11.4536 GeV/n)...
[#1] INFO:Minimization -- p.d.f. provides expected number of events, including extended term in likelihood.
[#1] INFO:Fitting -- RooAbsPdf::fitTo(model) fixing normalization set for coefficient determination to observables in data
[#1] INFO:Fitting -- RooAddition::defaultErrorLevel(nll_model_data) Summation contains a RooNLLVar, using its error level
[#1] INFO:Minimization -- RooAbsMinimizerFcn::setOptimizeConst: activating const optimization
[#1] INFO:Fitting -- RooAbsPdf::fitTo(model) Calculating sum-of-weights-squared correction matrix for covariance matrix
[#1] INFO:Minimization -- RooAbsMinimizerFcn::setOptimizeConst: deactivating const optimization
Total chi2/ndf: 2.46557
  Fit Result: Chi2/NDF = 93.6916/39 = 2.40235, Status = 0
[#1] INFO:Plotting -- RooAbsPdf::plotOn(model) directly selected PDF components: (pdf10)
[#1] INFO:Plotting -- RooAbsPdf::plotOn(model) indirectly selected PDF components: ()
[#1] INFO:Plotting -- RooAbsPdf::plotOn(model) directly selected PDF components: (pdf11)
[#1] INFO:Plotting -- RooAbsPdf::plotOn(model) indirectly selected PDF components: ()
1/mass: 0.05125 pull:1.33316
1/mass: 0.05375 pull:-0.742956
1/mass: 0.05625 pull:0.313994
1/mass: 0.05875 pull:1.54461
1/mass: 0.06125 pull:1.40544
1/mass: 0.06375 pull:1.27704
1/mass: 0.06625 pull:0.769687
1/mass: 0.06875 pull:1.37452
1/mass: 0.07125 pull:1.15388
1/mass: 0.07375 pull:0.409447
1/mass: 0.07625 pull:0.0320237
1/mass: 0.07875 pull:1.27518
1/mass: 0.08125 pull:-0.745089
1/mass: 0.08375 pull:-0.748561
1/mass: 0.08625 pull:0.897715
1/mass: 0.08875 pull:1.39591
1/mass: 0.09125 pull:1.80435
1/mass: 0.09375 pull:0.605205
1/mass: 0.09625 pull:-0.805479
1/mass: 0.09875 pull:1.12657
1/mass: 0.10125 pull:-3.95769
1/mass: 0.10375 pull:-2.68283
1/mass: 0.10625 pull:-2.41635
1/mass: 0.10875 pull:-1.86288
1/mass: 0.11125 pull:1.31411
1/mass: 0.11375 pull:-1.47208
1/mass: 0.11625 pull:-1.23436
1/mass: 0.11875 pull:0.220088
1/mass: 0.12125 pull:-0.314843
1/mass: 0.12375 pull:0.210761
1/mass: 0.12625 pull:0.758547
1/mass: 0.12875 pull:0.37054
1/mass: 0.13125 pull:-0.322569
1/mass: 0.13375 pull:3.674
1/mass: 0.13625 pull:1.96845
1/mass: 0.13875 pull:0.622001
1/mass: 0.14125 pull:1.39416
1/mass: 0.14375 pull:2.03082
1/mass: 0.14625 pull:0.530803
1/mass: 0.14875 pull:2.74739
2
2
Fitting bin 35 (Ek: 11.4536-13.4986 GeV/n)...
[#1] INFO:Minimization -- p.d.f. provides expected number of events, including extended term in likelihood.
[#1] INFO:Fitting -- RooAbsPdf::fitTo(model) fixing normalization set for coefficient determination to observables in data
[#1] INFO:Fitting -- RooAddition::defaultErrorLevel(nll_model_data) Summation contains a RooNLLVar, using its error level
[#1] INFO:Minimization -- RooAbsMinimizerFcn::setOptimizeConst: activating const optimization
[#1] INFO:Fitting -- RooAbsPdf::fitTo(model) Calculating sum-of-weights-squared correction matrix for covariance matrix
[#1] INFO:Minimization -- RooAbsMinimizerFcn::setOptimizeConst: deactivating const optimization
Total chi2/ndf: 1.04726
  Fit Result: Chi2/NDF = 38.7487/39 = 0.993555, Status = 0
[#1] INFO:Plotting -- RooAbsPdf::plotOn(model) directly selected PDF components: (pdf10)
[#1] INFO:Plotting -- RooAbsPdf::plotOn(model) indirectly selected PDF components: ()
[#1] INFO:Plotting -- RooAbsPdf::plotOn(model) directly selected PDF components: (pdf11)
[#1] INFO:Plotting -- RooAbsPdf::plotOn(model) indirectly selected PDF components: ()
1/mass: 0.05375 pull:2.06288
1/mass: 0.05625 pull:-0.604449
1/mass: 0.05875 pull:0.180999
1/mass: 0.06125 pull:-0.160742
1/mass: 0.06375 pull:0.224887
1/mass: 0.06625 pull:-0.109108
1/mass: 0.06875 pull:-0.56104
1/mass: 0.07125 pull:-0.64233
1/mass: 0.07375 pull:1.92529
1/mass: 0.07625 pull:0.604139
1/mass: 0.07875 pull:-1.48276
1/mass: 0.08125 pull:1.15671
1/mass: 0.08375 pull:1.26328
1/mass: 0.08625 pull:0.157444
1/mass: 0.08875 pull:-1.06127
1/mass: 0.09125 pull:-0.0706726
1/mass: 0.09375 pull:0.491183
1/mass: 0.09625 pull:1.32452
1/mass: 0.09875 pull:-0.787988
1/mass: 0.10125 pull:-1.39137
1/mass: 0.10375 pull:-1.91
1/mass: 0.10625 pull:0.492491
1/mass: 0.10875 pull:0.506142
1/mass: 0.11125 pull:-0.287246
1/mass: 0.11375 pull:-0.68626
1/mass: 0.11625 pull:-1.50642
1/mass: 0.11875 pull:-1.49207
1/mass: 0.12125 pull:0.0210815
1/mass: 0.12375 pull:0.381598
1/mass: 0.12625 pull:0.399592
1/mass: 0.12875 pull:1.24134
1/mass: 0.13125 pull:0.32482
1/mass: 0.13375 pull:0.502838
1/mass: 0.13625 pull:0.749791
1/mass: 0.13875 pull:1.58038
1/mass: 0.14125 pull:1.86659
1/mass: 0.14375 pull:0.144857
1/mass: 0.14625 pull:-0.631803
1/mass: 0.14875 pull:0.0412913
2
2
Fitting bin 37 (Ek: 13.4986-15.8444 GeV/n)...
[#1] INFO:Minimization -- p.d.f. provides expected number of events, including extended term in likelihood.
[#1] INFO:Fitting -- RooAbsPdf::fitTo(model) fixing normalization set for coefficient determination to observables in data
[#1] INFO:Fitting -- RooAddition::defaultErrorLevel(nll_model_data) Summation contains a RooNLLVar, using its error level
[#1] INFO:Minimization -- RooAbsMinimizerFcn::setOptimizeConst: activating const optimization
[#1] INFO:Fitting -- RooAbsPdf::fitTo(model) Calculating sum-of-weights-squared correction matrix for covariance matrix
[#1] INFO:Minimization -- RooAbsMinimizerFcn::setOptimizeConst: deactivating const optimization
Total chi2/ndf: 0.9041
  Fit Result: Chi2/NDF = 34.3558/39 = 0.880918, Status = 0
[#1] INFO:Plotting -- RooAbsPdf::plotOn(model) directly selected PDF components: (pdf10)
[#1] INFO:Plotting -- RooAbsPdf::plotOn(model) indirectly selected PDF components: ()
[#1] INFO:Plotting -- RooAbsPdf::plotOn(model) directly selected PDF components: (pdf11)
[#1] INFO:Plotting -- RooAbsPdf::plotOn(model) indirectly selected PDF components: ()
1/mass: 0.05125 pull:-1.11329
1/mass: 0.05375 pull:0.15587
1/mass: 0.05625 pull:0.000126583
1/mass: 0.05875 pull:-0.686434
1/mass: 0.06125 pull:1.34756
1/mass: 0.06375 pull:-0.204814
1/mass: 0.06625 pull:0.667977
1/mass: 0.06875 pull:-0.338994
1/mass: 0.07125 pull:0.384114
1/mass: 0.07375 pull:-0.298715
1/mass: 0.07625 pull:0.0459558
1/mass: 0.07875 pull:-0.227483
1/mass: 0.08125 pull:0.671847
1/mass: 0.08375 pull:2.13617
1/mass: 0.08625 pull:-0.935493
1/mass: 0.08875 pull:0.571695
1/mass: 0.09125 pull:1.06536
1/mass: 0.09375 pull:-0.750295
1/mass: 0.09625 pull:-0.0100301
1/mass: 0.09875 pull:-1.63355
1/mass: 0.10125 pull:-0.56949
1/mass: 0.10375 pull:0.636293
1/mass: 0.10625 pull:-1.07699
1/mass: 0.10875 pull:-0.105151
1/mass: 0.11125 pull:-0.759916
1/mass: 0.11375 pull:-0.790261
1/mass: 0.11625 pull:0.227187
1/mass: 0.11875 pull:-0.62105
1/mass: 0.12125 pull:0.352391
1/mass: 0.12375 pull:-0.826327
1/mass: 0.12625 pull:-1.76517
1/mass: 0.12875 pull:0.519465
1/mass: 0.13125 pull:-0.890717
1/mass: 0.13375 pull:-0.2188
1/mass: 0.13625 pull:1.99813
1/mass: 0.13875 pull:1.3883
1/mass: 0.14125 pull:1.40301
1/mass: 0.14375 pull:1.1098
1/mass: 0.14625 pull:1.0901
1/mass: 0.14875 pull:0.668232
2
2
Fitting bin 39 (Ek: 15.8444-18.5408 GeV/n)...
[#1] INFO:Minimization -- p.d.f. provides expected number of events, including extended term in likelihood.
[#1] INFO:Fitting -- RooAbsPdf::fitTo(model) fixing normalization set for coefficient determination to observables in data
[#1] INFO:Fitting -- RooAddition::defaultErrorLevel(nll_model_data) Summation contains a RooNLLVar, using its error level
[#1] INFO:Minimization -- RooAbsMinimizerFcn::setOptimizeConst: activating const optimization
[#1] INFO:Fitting -- RooAbsPdf::fitTo(model) Calculating sum-of-weights-squared correction matrix for covariance matrix
[#1] INFO:Minimization -- RooAbsMinimizerFcn::setOptimizeConst: deactivating const optimization
Total chi2/ndf: 0.933009
  Fit Result: Chi2/NDF = 35.4544/39 = 0.909086, Status = 0
[#1] INFO:Plotting -- RooAbsPdf::plotOn(model) directly selected PDF components: (pdf10)
[#1] INFO:Plotting -- RooAbsPdf::plotOn(model) indirectly selected PDF components: ()
[#1] INFO:Plotting -- RooAbsPdf::plotOn(model) directly selected PDF components: (pdf11)
[#1] INFO:Plotting -- RooAbsPdf::plotOn(model) indirectly selected PDF components: ()
1/mass: 0.05125 pull:-2.59845
1/mass: 0.05375 pull:0.920156
1/mass: 0.05625 pull:0.643198
1/mass: 0.05875 pull:-1.04328
1/mass: 0.06125 pull:0.886866
1/mass: 0.06375 pull:0.657329
1/mass: 0.06625 pull:0.0804037
1/mass: 0.06875 pull:1.70988
1/mass: 0.07125 pull:0.565492
1/mass: 0.07375 pull:1.68724
1/mass: 0.07625 pull:0.602255
1/mass: 0.07875 pull:0.553418
1/mass: 0.08125 pull:-0.579112
1/mass: 0.08375 pull:0.535732
1/mass: 0.08625 pull:-0.896801
1/mass: 0.08875 pull:-1.16335
1/mass: 0.09125 pull:-0.851548
1/mass: 0.09375 pull:0.44233
1/mass: 0.09625 pull:0.0780159
1/mass: 0.09875 pull:-0.676347
1/mass: 0.10125 pull:-0.412452
1/mass: 0.10375 pull:-1.54576
1/mass: 0.10625 pull:-0.36235
1/mass: 0.10875 pull:-0.347206
1/mass: 0.11125 pull:-0.105474
1/mass: 0.11375 pull:-0.688842
1/mass: 0.11625 pull:0.443647
1/mass: 0.11875 pull:-0.77449
1/mass: 0.12125 pull:-0.795989
1/mass: 0.12375 pull:1.45845
1/mass: 0.12625 pull:-0.696902
1/mass: 0.12875 pull:1.41483
1/mass: 0.13125 pull:0.591007
1/mass: 0.13375 pull:-0.382563
1/mass: 0.13625 pull:0.0672211
1/mass: 0.13875 pull:0.847765
1/mass: 0.14125 pull:0.0451878
1/mass: 0.14375 pull:0.797749
1/mass: 0.14625 pull:0.618359
1/mass: 0.14875 pull:-1.61974
2
2
Fitting bin 41 (Ek: 18.5408-21.6377 GeV/n)...
[#1] INFO:Minimization -- p.d.f. provides expected number of events, including extended term in likelihood.
[#1] INFO:Fitting -- RooAbsPdf::fitTo(model) fixing normalization set for coefficient determination to observables in data
[#1] INFO:Fitting -- RooAddition::defaultErrorLevel(nll_model_data) Summation contains a RooNLLVar, using its error level
[#1] INFO:Minimization -- RooAbsMinimizerFcn::setOptimizeConst: activating const optimization
[#1] INFO:Fitting -- RooAbsPdf::fitTo(model) Calculating sum-of-weights-squared correction matrix for covariance matrix
[#1] INFO:Minimization -- RooAbsMinimizerFcn::setOptimizeConst: deactivating const optimization
Total chi2/ndf: 0.94283
  Fit Result: Chi2/NDF = 35.8275/39 = 0.918655, Status = 0
[#1] INFO:Plotting -- RooAbsPdf::plotOn(model) directly selected PDF components: (pdf10)
[#1] INFO:Plotting -- RooAbsPdf::plotOn(model) indirectly selected PDF components: ()
[#1] INFO:Plotting -- RooAbsPdf::plotOn(model) directly selected PDF components: (pdf11)
[#1] INFO:Plotting -- RooAbsPdf::plotOn(model) indirectly selected PDF components: ()
1/mass: 0.05125 pull:1.10937
1/mass: 0.05375 pull:0.175768
1/mass: 0.05625 pull:0.29586
1/mass: 0.05875 pull:0.559012
1/mass: 0.06125 pull:2.23174
1/mass: 0.06375 pull:-0.216206
1/mass: 0.06625 pull:-2.56965
1/mass: 0.06875 pull:1.05671
1/mass: 0.07125 pull:1.19861
1/mass: 0.07375 pull:-0.960574
1/mass: 0.07625 pull:-0.504195
1/mass: 0.07875 pull:-0.131829
1/mass: 0.08125 pull:2.01811
1/mass: 0.08375 pull:-1.55985
1/mass: 0.08625 pull:-0.0405895
1/mass: 0.08875 pull:-0.192067
1/mass: 0.09125 pull:0.0824545
1/mass: 0.09375 pull:-1.91036
1/mass: 0.09625 pull:-0.462374
1/mass: 0.09875 pull:0.365351
1/mass: 0.10125 pull:-1.01284
1/mass: 0.10375 pull:1.19811
1/mass: 0.10625 pull:-0.235918
1/mass: 0.10875 pull:-0.633977
1/mass: 0.11125 pull:-0.1569
1/mass: 0.11375 pull:0.0935021
1/mass: 0.11625 pull:-0.040704
1/mass: 0.11875 pull:-0.779692
1/mass: 0.12125 pull:-0.908785
1/mass: 0.12375 pull:0.570095
1/mass: 0.12625 pull:-0.458913
1/mass: 0.12875 pull:-0.305187
1/mass: 0.13125 pull:-0.801742
1/mass: 0.13375 pull:0.372155
1/mass: 0.13625 pull:1.01374
1/mass: 0.13875 pull:0.797041
1/mass: 0.14125 pull:-0.212905
1/mass: 0.14375 pull:0.848057
1/mass: 0.14625 pull:-0.0963794
1/mass: 0.14875 pull:-0.0724771

[SUCCESS] Fitting process completed. Results saved to:
/eos/user/z/zixuan/Isotope/MassTempFit/wide_MassTF_B_L1Inner_H2_UseMass10_FragFromCarbon.pdf
/eos/user/z/zixuan/Isotope/MassTempFit/wide_MassTF_B_L1Inner_H2_UseMass10_FragFromCarbon.root
