
Processing ../rootlogon.C...
Processing HistTempFit_hist.cpp...
====================================================================
Starting SIGNAL Mass Template Fit for: Be (UseMass: 7)
Chain: UnbiasedL1Inner
Templates: Pure (H2)
====================================================================
[INFO] Data file loaded: root://eoshome-z.cern.ch//eos/user/z/zixuan/Isotope/Add/Be_frag4.root
[INFO] Output ROOT file: /eos/user/z/zixuan/Isotope/MassTempFit/wide_MassTF_Be_UnbiasedL1Inner_H2_UseMass7.root

--- Processing Detector: TOF ---
2
2
2
Fitting bin 5 (Ek: 0.267548-0.406144 GeV/n)...
[#1] INFO:Minimization -- p.d.f. provides expected number of events, including extended term in likelihood.
[#1] INFO:Fitting -- RooAbsPdf::fitTo(model) fixing normalization set for coefficient determination to observables in data
[#1] INFO:Fitting -- using generic CPU library compiled with no vectorizations
[#1] INFO:Fitting -- Creation of NLL object took 9.05166 ms
[#1] INFO:Fitting -- RooAddition::defaultErrorLevel(nll_model_data) Summation contains a RooNLLVar, using its error level
[#1] INFO:Minimization -- RooAbsMinimizerFcn::setOptimizeConst: activating const optimization
[#1] INFO:Fitting -- RooAbsPdf::fitTo(model) Calculating sum-of-weights-squared correction matrix for covariance matrix
[#1] INFO:Minimization -- RooAbsMinimizerFcn::setOptimizeConst: deactivating const optimization
Total chi2/ndf: 1.52005
  Fit Result: Chi2/NDF = 106.404/70 = 1.52005, Status = 0
[#1] INFO:Plotting -- RooAbsPdf::plotOn(model) directly selected PDF components: (pdf7)
[#1] INFO:Plotting -- RooAbsPdf::plotOn(model) indirectly selected PDF components: ()
[#1] INFO:Plotting -- RooAbsPdf::plotOn(model) directly selected PDF components: (pdf9)
[#1] INFO:Plotting -- RooAbsPdf::plotOn(model) indirectly selected PDF components: ()
[#1] INFO:Plotting -- RooAbsPdf::plotOn(model) directly selected PDF components: (pdf10)
[#1] INFO:Plotting -- RooAbsPdf::plotOn(model) indirectly selected PDF components: ()
1/mass: 0.05125 pull:0.943758
1/mass: 0.05375 pull:0.481077
1/mass: 0.05625 pull:0.37247
1/mass: 0.05875 pull:-0.332446
1/mass: 0.06125 pull:-0.205044
1/mass: 0.06375 pull:0.0969698
1/mass: 0.06625 pull:0.61556
1/mass: 0.06875 pull:-2.38948
1/mass: 0.07125 pull:1.63955
1/mass: 0.07375 pull:1.61151
1/mass: 0.07625 pull:-0.873263
1/mass: 0.07875 pull:0.0875475
1/mass: 0.08125 pull:0.637808
1/mass: 0.08375 pull:2.1383
1/mass: 0.08625 pull:1.14215
1/mass: 0.08875 pull:-0.194649
1/mass: 0.09125 pull:-0.876736
1/mass: 0.09375 pull:1.04533
1/mass: 0.09625 pull:-0.173737
1/mass: 0.09875 pull:-0.586888
1/mass: 0.10125 pull:-0.415446
1/mass: 0.10375 pull:1.12168
1/mass: 0.10625 pull:-0.763888
1/mass: 0.10875 pull:-2.37621
1/mass: 0.11125 pull:-0.809393
1/mass: 0.11375 pull:-1.03141
1/mass: 0.11625 pull:-0.498331
1/mass: 0.11875 pull:-0.482709
1/mass: 0.12125 pull:1.75133
1/mass: 0.12375 pull:-2.09251
1/mass: 0.12625 pull:1.83583
1/mass: 0.12875 pull:1.05741
1/mass: 0.13125 pull:1.52528
1/mass: 0.13375 pull:-0.157063
1/mass: 0.13625 pull:0.13465
1/mass: 0.13875 pull:-0.421283
1/mass: 0.14125 pull:1.95484
1/mass: 0.14375 pull:0.866866
1/mass: 0.14625 pull:-0.278
1/mass: 0.14875 pull:-1.79093
1/mass: 0.15125 pull:0.20218
1/mass: 0.15375 pull:-1.06454
1/mass: 0.15625 pull:-0.783045
1/mass: 0.15875 pull:-0.119254
1/mass: 0.16125 pull:-0.905675
1/mass: 0.16375 pull:-2.62677
1/mass: 0.16625 pull:1.68321
1/mass: 0.16875 pull:0.148018
1/mass: 0.17125 pull:-1.51798
1/mass: 0.17375 pull:1.46105
1/mass: 0.17625 pull:-1.53683
1/mass: 0.17875 pull:1.59065
1/mass: 0.18125 pull:0.0897785
1/mass: 0.18375 pull:1.32809
1/mass: 0.18625 pull:0.165634
1/mass: 0.18875 pull:-1.02905
1/mass: 0.19125 pull:-0.943475
1/mass: 0.19375 pull:-1.43214
1/mass: 0.19625 pull:1.8062
1/mass: 0.19875 pull:3.27094
1/mass: 0.20125 pull:-1.10052
1/mass: 0.20375 pull:0.292501
1/mass: 0.20625 pull:1.00597
1/mass: 0.20875 pull:-0.28997
1/mass: 0.21125 pull:1.29302
1/mass: 0.21375 pull:2.20372
1/mass: 0.21625 pull:0.779082
1/mass: 0.21875 pull:-0.629507
1/mass: 0.22125 pull:-0.511614
1/mass: 0.22375 pull:-0.416669
1/mass: 0.22625 pull:-0.235243
1/mass: 0.22875 pull:-0.443268
2
2
2
Fitting bin 7 (Ek: 0.406144-0.587609 GeV/n)...
[#1] INFO:Minimization -- p.d.f. provides expected number of events, including extended term in likelihood.
[#1] INFO:Fitting -- RooAbsPdf::fitTo(model) fixing normalization set for coefficient determination to observables in data
[#1] INFO:Fitting -- Creation of NLL object took 174.43 μs
[#1] INFO:Fitting -- RooAddition::defaultErrorLevel(nll_model_data) Summation contains a RooNLLVar, using its error level
[#1] INFO:Minimization -- RooAbsMinimizerFcn::setOptimizeConst: activating const optimization
[#1] INFO:Fitting -- RooAbsPdf::fitTo(model) Calculating sum-of-weights-squared correction matrix for covariance matrix
[#1] INFO:Minimization -- RooAbsMinimizerFcn::setOptimizeConst: deactivating const optimization
Total chi2/ndf: 1.36613
  Fit Result: Chi2/NDF = 95.629/70 = 1.36613, Status = 0
[#1] INFO:Plotting -- RooAbsPdf::plotOn(model) directly selected PDF components: (pdf7)
[#1] INFO:Plotting -- RooAbsPdf::plotOn(model) indirectly selected PDF components: ()
[#1] INFO:Plotting -- RooAbsPdf::plotOn(model) directly selected PDF components: (pdf9)
[#1] INFO:Plotting -- RooAbsPdf::plotOn(model) indirectly selected PDF components: ()
[#1] INFO:Plotting -- RooAbsPdf::plotOn(model) directly selected PDF components: (pdf10)
[#1] INFO:Plotting -- RooAbsPdf::plotOn(model) indirectly selected PDF components: ()
1/mass: 0.05125 pull:0.050374
1/mass: 0.05375 pull:-0.379616
1/mass: 0.05625 pull:1.71015
1/mass: 0.05875 pull:1.94195
1/mass: 0.06125 pull:0.256253
1/mass: 0.06375 pull:0.987376
1/mass: 0.06625 pull:2.40281
1/mass: 0.06875 pull:2.05062
1/mass: 0.07125 pull:1.04901
1/mass: 0.07375 pull:-0.170677
1/mass: 0.07625 pull:2.22131
1/mass: 0.07875 pull:1.59273
1/mass: 0.08125 pull:1.84824
1/mass: 0.08375 pull:-0.0464262
1/mass: 0.08625 pull:-1.08303
1/mass: 0.08875 pull:-0.219709
1/mass: 0.09125 pull:0.502832
1/mass: 0.09375 pull:0.834967
1/mass: 0.09625 pull:-0.651484
1/mass: 0.09875 pull:1.34384
1/mass: 0.10125 pull:-1.56195
1/mass: 0.10375 pull:-0.952076
1/mass: 0.10625 pull:-2.88323
1/mass: 0.10875 pull:-0.529522
1/mass: 0.11125 pull:0.724737
1/mass: 0.11375 pull:-1.65425
1/mass: 0.11625 pull:-0.670757
1/mass: 0.11875 pull:0.188818
1/mass: 0.12125 pull:2.0836
1/mass: 0.12375 pull:-0.0417438
1/mass: 0.12625 pull:0.185706
1/mass: 0.12875 pull:0.399895
1/mass: 0.13125 pull:-0.719812
1/mass: 0.13375 pull:0.792778
1/mass: 0.13625 pull:0.385498
1/mass: 0.13875 pull:0.244571
1/mass: 0.14125 pull:2.19013
1/mass: 0.14375 pull:-0.114137
1/mass: 0.14625 pull:0.422735
1/mass: 0.14875 pull:-0.410735
1/mass: 0.15125 pull:0.593513
1/mass: 0.15375 pull:-0.0688018
1/mass: 0.15625 pull:-1.0947
1/mass: 0.15875 pull:-0.277285
1/mass: 0.16125 pull:-0.896494
1/mass: 0.16375 pull:-1.4366
1/mass: 0.16625 pull:-0.675507
1/mass: 0.16875 pull:0.0340708
1/mass: 0.17125 pull:-0.0274122
1/mass: 0.17375 pull:0.688627
1/mass: 0.17625 pull:1.51994
1/mass: 0.17875 pull:-3.57364
1/mass: 0.18125 pull:-0.578165
1/mass: 0.18375 pull:0.970998
1/mass: 0.18625 pull:-0.671702
1/mass: 0.18875 pull:0.474487
1/mass: 0.19125 pull:0.968568
1/mass: 0.19375 pull:1.98375
1/mass: 0.19625 pull:1.18287
1/mass: 0.19875 pull:0.018633
1/mass: 0.20125 pull:0.467842
1/mass: 0.20375 pull:-1.3833
1/mass: 0.20625 pull:0.690622
1/mass: 0.20875 pull:-0.158365
1/mass: 0.21125 pull:0.77423
1/mass: 0.21375 pull:-0.480802
1/mass: 0.21625 pull:0.602318
1/mass: 0.21875 pull:0.0638187
1/mass: 0.22125 pull:0.281346
1/mass: 0.22375 pull:0.277565
1/mass: 0.22625 pull:0.534075
1/mass: 0.22875 pull:-1.26396
2
2
2
Fitting bin 9 (Ek: 0.587609-0.821474 GeV/n)...
[#1] INFO:Minimization -- p.d.f. provides expected number of events, including extended term in likelihood.
[#1] INFO:Fitting -- RooAbsPdf::fitTo(model) fixing normalization set for coefficient determination to observables in data
[#1] INFO:Fitting -- Creation of NLL object took 164.35 μs
[#1] INFO:Fitting -- RooAddition::defaultErrorLevel(nll_model_data) Summation contains a RooNLLVar, using its error level
[#1] INFO:Minimization -- RooAbsMinimizerFcn::setOptimizeConst: activating const optimization
[#1] INFO:Fitting -- RooAbsPdf::fitTo(model) Calculating sum-of-weights-squared correction matrix for covariance matrix
[#1] INFO:Minimization -- RooAbsMinimizerFcn::setOptimizeConst: deactivating const optimization
Total chi2/ndf: 2.59637
  Fit Result: Chi2/NDF = 181.746/70 = 2.59637, Status = 0
[#1] INFO:Plotting -- RooAbsPdf::plotOn(model) directly selected PDF components: (pdf7)
[#1] INFO:Plotting -- RooAbsPdf::plotOn(model) indirectly selected PDF components: ()
[#1] INFO:Plotting -- RooAbsPdf::plotOn(model) directly selected PDF components: (pdf9)
[#1] INFO:Plotting -- RooAbsPdf::plotOn(model) indirectly selected PDF components: ()
[#1] INFO:Plotting -- RooAbsPdf::plotOn(model) directly selected PDF components: (pdf10)
[#1] INFO:Plotting -- RooAbsPdf::plotOn(model) indirectly selected PDF components: ()
1/mass: 0.05125 pull:1.69773
1/mass: 0.05375 pull:1.08981
1/mass: 0.05625 pull:0.815971
1/mass: 0.05875 pull:0.446502
1/mass: 0.06125 pull:1.41243
1/mass: 0.06375 pull:2.70262
1/mass: 0.06625 pull:2.32325
1/mass: 0.06875 pull:0.777781
1/mass: 0.07125 pull:-0.208745
1/mass: 0.07375 pull:2.10525
1/mass: 0.07625 pull:2.63884
1/mass: 0.07875 pull:2.17509
1/mass: 0.08125 pull:2.35935
1/mass: 0.08375 pull:1.0042
1/mass: 0.08625 pull:2.20181
1/mass: 0.08875 pull:0.994783
1/mass: 0.09125 pull:0.121158
1/mass: 0.09375 pull:-0.36561
1/mass: 0.09625 pull:-2.12424
1/mass: 0.09875 pull:-1.20005
1/mass: 0.10125 pull:-1.46754
1/mass: 0.10375 pull:0.132995
1/mass: 0.10625 pull:-0.808358
1/mass: 0.10875 pull:-0.391041
1/mass: 0.11125 pull:-0.767082
1/mass: 0.11375 pull:-0.812433
1/mass: 0.11625 pull:-2.81558
1/mass: 0.11875 pull:-1.14274
1/mass: 0.12125 pull:-0.188601
1/mass: 0.12375 pull:0.842307
1/mass: 0.12625 pull:2.51207
1/mass: 0.12875 pull:0.385174
1/mass: 0.13125 pull:3.0298
1/mass: 0.13375 pull:1.58539
1/mass: 0.13625 pull:0.782173
1/mass: 0.13875 pull:0.803463
1/mass: 0.14125 pull:-0.905895
1/mass: 0.14375 pull:-1.10934
1/mass: 0.14625 pull:-0.578262
1/mass: 0.14875 pull:-1.61725
1/mass: 0.15125 pull:0.22072
1/mass: 0.15375 pull:-1.65324
1/mass: 0.15625 pull:0.309324
1/mass: 0.15875 pull:0.284131
1/mass: 0.16125 pull:-1.73406
1/mass: 0.16375 pull:-4.09403
1/mass: 0.16625 pull:-0.116553
1/mass: 0.16875 pull:-1.4316
1/mass: 0.17125 pull:-0.356851
1/mass: 0.17375 pull:-1.01345
1/mass: 0.17625 pull:0.600131
1/mass: 0.17875 pull:0.866636
1/mass: 0.18125 pull:2.71028
1/mass: 0.18375 pull:1.29137
1/mass: 0.18625 pull:0.0948233
1/mass: 0.18875 pull:1.69655
1/mass: 0.19125 pull:5.55295
1/mass: 0.19375 pull:0.902295
1/mass: 0.19625 pull:0.613878
1/mass: 0.19875 pull:1.61836
1/mass: 0.20125 pull:1.34577
1/mass: 0.20375 pull:-0.0752002
1/mass: 0.20625 pull:1.1163
1/mass: 0.20875 pull:0.846562
1/mass: 0.21125 pull:2.19551
1/mass: 0.21375 pull:1.34365
1/mass: 0.21625 pull:-0.607533
1/mass: 0.21875 pull:1.17203
1/mass: 0.22125 pull:0.286035
1/mass: 0.22375 pull:-1.14019
1/mass: 0.22625 pull:0.940212
1/mass: 0.22875 pull:-0.44239
2
2
2
Fitting bin 11 (Ek: 0.821474-1.11303 GeV/n)...
[#1] INFO:Minimization -- p.d.f. provides expected number of events, including extended term in likelihood.
[#1] INFO:Fitting -- RooAbsPdf::fitTo(model) fixing normalization set for coefficient determination to observables in data
[#1] INFO:Fitting -- Creation of NLL object took 160.571 μs
[#1] INFO:Fitting -- RooAddition::defaultErrorLevel(nll_model_data) Summation contains a RooNLLVar, using its error level
[#1] INFO:Minimization -- RooAbsMinimizerFcn::setOptimizeConst: activating const optimization
[#1] INFO:Fitting -- RooAbsPdf::fitTo(model) Calculating sum-of-weights-squared correction matrix for covariance matrix
[#1] INFO:Minimization -- RooAbsMinimizerFcn::setOptimizeConst: deactivating const optimization
Total chi2/ndf: 3.06921
  Fit Result: Chi2/NDF = 214.844/70 = 3.06921, Status = 0
[#1] INFO:Plotting -- RooAbsPdf::plotOn(model) directly selected PDF components: (pdf7)
[#1] INFO:Plotting -- RooAbsPdf::plotOn(model) indirectly selected PDF components: ()
[#1] INFO:Plotting -- RooAbsPdf::plotOn(model) directly selected PDF components: (pdf9)
[#1] INFO:Plotting -- RooAbsPdf::plotOn(model) indirectly selected PDF components: ()
[#1] INFO:Plotting -- RooAbsPdf::plotOn(model) directly selected PDF components: (pdf10)
[#1] INFO:Plotting -- RooAbsPdf::plotOn(model) indirectly selected PDF components: ()
1/mass: 0.05125 pull:0.802426
1/mass: 0.05375 pull:2.12299
1/mass: 0.05625 pull:-0.283926
1/mass: 0.05875 pull:2.44165
1/mass: 0.06125 pull:2.15323
1/mass: 0.06375 pull:2.92818
1/mass: 0.06625 pull:1.23834
1/mass: 0.06875 pull:1.13685
1/mass: 0.07125 pull:2.16276
1/mass: 0.07375 pull:3.29165
1/mass: 0.07625 pull:2.97586
1/mass: 0.07875 pull:1.93854
1/mass: 0.08125 pull:0.692569
1/mass: 0.08375 pull:0.974607
1/mass: 0.08625 pull:1.44827
1/mass: 0.08875 pull:1.65193
1/mass: 0.09125 pull:-0.0876344
1/mass: 0.09375 pull:-0.239817
1/mass: 0.09625 pull:-1.90524
1/mass: 0.09875 pull:-1.06127
1/mass: 0.10125 pull:-1.8147
1/mass: 0.10375 pull:-1.54495
1/mass: 0.10625 pull:0.51353
1/mass: 0.10875 pull:-0.409456
1/mass: 0.11125 pull:-2.08118
1/mass: 0.11375 pull:-0.552122
1/mass: 0.11625 pull:-0.927396
1/mass: 0.11875 pull:-0.644962
1/mass: 0.12125 pull:0.779041
1/mass: 0.12375 pull:0.63818
1/mass: 0.12625 pull:2.64356
1/mass: 0.12875 pull:2.14303
1/mass: 0.13125 pull:-0.692922
1/mass: 0.13375 pull:-0.0779648
1/mass: 0.13625 pull:0.893817
1/mass: 0.13875 pull:0.552257
1/mass: 0.14125 pull:-2.52011
1/mass: 0.14375 pull:-0.490065
1/mass: 0.14625 pull:-0.0947549
1/mass: 0.14875 pull:-0.584774
1/mass: 0.15125 pull:-2.74403
1/mass: 0.15375 pull:-0.124196
1/mass: 0.15625 pull:-1.0173
1/mass: 0.15875 pull:-1.40507
1/mass: 0.16125 pull:-0.890247
1/mass: 0.16375 pull:-1.55112
1/mass: 0.16625 pull:-0.271848
1/mass: 0.16875 pull:-2.65878
1/mass: 0.17125 pull:-1.144
1/mass: 0.17375 pull:1.20423
1/mass: 0.17625 pull:-0.335968
1/mass: 0.17875 pull:0.307401
1/mass: 0.18125 pull:2.66411
1/mass: 0.18375 pull:2.25864
1/mass: 0.18625 pull:1.88169
1/mass: 0.18875 pull:4.3655
1/mass: 0.19125 pull:0.606351
1/mass: 0.19375 pull:2.38278
1/mass: 0.19625 pull:3.36251
1/mass: 0.19875 pull:3.46963
1/mass: 0.20125 pull:2.86524
1/mass: 0.20375 pull:2.23047
1/mass: 0.20625 pull:1.76632
1/mass: 0.20875 pull:0.8277
1/mass: 0.21125 pull:1.79547
1/mass: 0.21375 pull:1.73413
1/mass: 0.21625 pull:0.97764
1/mass: 0.21875 pull:-0.31085
1/mass: 0.22125 pull:0.717972
1/mass: 0.22375 pull:-0.804892
1/mass: 0.22625 pull:0.978857
1/mass: 0.22875 pull:-0.903592
2
2
2
Fitting bin 13 (Ek: 1.11303-1.4714 GeV/n)...
[#1] INFO:Minimization -- p.d.f. provides expected number of events, including extended term in likelihood.
[#1] INFO:Fitting -- RooAbsPdf::fitTo(model) fixing normalization set for coefficient determination to observables in data
[#1] INFO:Fitting -- Creation of NLL object took 164.851 μs
[#1] INFO:Fitting -- RooAddition::defaultErrorLevel(nll_model_data) Summation contains a RooNLLVar, using its error level
[#1] INFO:Minimization -- RooAbsMinimizerFcn::setOptimizeConst: activating const optimization
[#1] INFO:Fitting -- RooAbsPdf::fitTo(model) Calculating sum-of-weights-squared correction matrix for covariance matrix
[#1] INFO:Minimization -- RooAbsMinimizerFcn::setOptimizeConst: deactivating const optimization
Total chi2/ndf: 7.18439
  Fit Result: Chi2/NDF = 502.908/70 = 7.18439, Status = 0
[#1] INFO:Plotting -- RooAbsPdf::plotOn(model) directly selected PDF components: (pdf7)
[#1] INFO:Plotting -- RooAbsPdf::plotOn(model) indirectly selected PDF components: ()
[#1] INFO:Plotting -- RooAbsPdf::plotOn(model) directly selected PDF components: (pdf9)
[#1] INFO:Plotting -- RooAbsPdf::plotOn(model) indirectly selected PDF components: ()
[#1] INFO:Plotting -- RooAbsPdf::plotOn(model) directly selected PDF components: (pdf10)
[#1] INFO:Plotting -- RooAbsPdf::plotOn(model) indirectly selected PDF components: ()
1/mass: 0.05125 pull:3.68615
1/mass: 0.05375 pull:4.96333
1/mass: 0.05625 pull:4.738
1/mass: 0.05875 pull:3.25847
1/mass: 0.06125 pull:2.32648
1/mass: 0.06375 pull:3.90567
1/mass: 0.06625 pull:3.17354
1/mass: 0.06875 pull:3.81341
1/mass: 0.07125 pull:4.26808
1/mass: 0.07375 pull:3.87062
1/mass: 0.07625 pull:1.2
1/mass: 0.07875 pull:3.35432
1/mass: 0.08125 pull:1.88952
1/mass: 0.08375 pull:2.70398
1/mass: 0.08625 pull:2.37882
1/mass: 0.08875 pull:0.399026
1/mass: 0.09125 pull:-0.639126
1/mass: 0.09375 pull:-1.53144
1/mass: 0.09625 pull:-2.33281
1/mass: 0.09875 pull:-2.03711
1/mass: 0.10125 pull:-2.2257
1/mass: 0.10375 pull:-3.34756
1/mass: 0.10625 pull:-1.23716
1/mass: 0.10875 pull:-2.14537
1/mass: 0.11125 pull:-1.53514
1/mass: 0.11375 pull:1.83921
1/mass: 0.11625 pull:-0.286961
1/mass: 0.11875 pull:0.226563
1/mass: 0.12125 pull:0.520025
1/mass: 0.12375 pull:0.0674743
1/mass: 0.12625 pull:0.971284
1/mass: 0.12875 pull:3.23368
1/mass: 0.13125 pull:2.03133
1/mass: 0.13375 pull:1.38223
1/mass: 0.13625 pull:0.866301
1/mass: 0.13875 pull:-2.50301
1/mass: 0.14125 pull:-2.72867
1/mass: 0.14375 pull:-3.26712
1/mass: 0.14625 pull:-1.77568
1/mass: 0.14875 pull:-3.43155
1/mass: 0.15125 pull:-3.47884
1/mass: 0.15375 pull:-5.20391
1/mass: 0.15625 pull:-0.489438
1/mass: 0.15875 pull:-0.922327
1/mass: 0.16125 pull:-1.02621
1/mass: 0.16375 pull:-0.63558
1/mass: 0.16625 pull:-1.13866
1/mass: 0.16875 pull:-1.52844
1/mass: 0.17125 pull:2.35046
1/mass: 0.17375 pull:1.55817
1/mass: 0.17625 pull:2.78292
1/mass: 0.17875 pull:1.24358
1/mass: 0.18125 pull:1.594
1/mass: 0.18375 pull:2.88277
1/mass: 0.18625 pull:1.73177
1/mass: 0.18875 pull:4.78235
1/mass: 0.19125 pull:4.35508
1/mass: 0.19375 pull:4.87592
1/mass: 0.19625 pull:1.9084
1/mass: 0.19875 pull:0.501734
1/mass: 0.20125 pull:2.11418
1/mass: 0.20375 pull:4.26324
1/mass: 0.20625 pull:2.13692
1/mass: 0.20875 pull:2.96301
1/mass: 0.21125 pull:2.08285
1/mass: 0.21375 pull:4.64305
1/mass: 0.21625 pull:1.15252
1/mass: 0.21875 pull:2.44403
1/mass: 0.22125 pull:2.35556
1/mass: 0.22375 pull:2.08714
1/mass: 0.22625 pull:0.614426
1/mass: 0.22875 pull:0.16809

--- Processing Detector: NaF ---
2
2
2
Fitting bin 11 (Ek: 0.821474-1.11303 GeV/n)...
[#1] INFO:Minimization -- p.d.f. provides expected number of events, including extended term in likelihood.
[#1] INFO:Fitting -- RooAbsPdf::fitTo(model) fixing normalization set for coefficient determination to observables in data
[#1] INFO:Fitting -- Creation of NLL object took 183.181 μs
[#1] INFO:Fitting -- RooAddition::defaultErrorLevel(nll_model_data) Summation contains a RooNLLVar, using its error level
[#1] INFO:Minimization -- RooAbsMinimizerFcn::setOptimizeConst: activating const optimization
[#1] INFO:Fitting -- RooAbsPdf::fitTo(model) Calculating sum-of-weights-squared correction matrix for covariance matrix
[#1] INFO:Minimization -- RooAbsMinimizerFcn::setOptimizeConst: deactivating const optimization
Total chi2/ndf: 1.77344
  Fit Result: Chi2/NDF = 120.594/70 = 1.72277, Status = 0
[#1] INFO:Plotting -- RooAbsPdf::plotOn(model) directly selected PDF components: (pdf7)
[#1] INFO:Plotting -- RooAbsPdf::plotOn(model) indirectly selected PDF components: ()
[#1] INFO:Plotting -- RooAbsPdf::plotOn(model) directly selected PDF components: (pdf9)
[#1] INFO:Plotting -- RooAbsPdf::plotOn(model) indirectly selected PDF components: ()
[#1] INFO:Plotting -- RooAbsPdf::plotOn(model) directly selected PDF components: (pdf10)
[#1] INFO:Plotting -- RooAbsPdf::plotOn(model) indirectly selected PDF components: ()
1/mass: 0.05125 pull:1.3695
1/mass: 0.05375 pull:1.64235
1/mass: 0.06125 pull:1.07994
1/mass: 0.06375 pull:0.3634
1/mass: 0.06625 pull:0.2874
1/mass: 0.06875 pull:1.3362
1/mass: 0.07125 pull:2.30202
1/mass: 0.07375 pull:1.02806
1/mass: 0.07625 pull:0.52075
1/mass: 0.07875 pull:0.586931
1/mass: 0.08125 pull:-0.110447
1/mass: 0.08375 pull:0.556609
1/mass: 0.08625 pull:-0.7959
1/mass: 0.08875 pull:-2.83179
1/mass: 0.09125 pull:0.73228
1/mass: 0.09375 pull:-0.480035
1/mass: 0.09625 pull:0.301983
1/mass: 0.09875 pull:-0.601684
1/mass: 0.10125 pull:1.49084
1/mass: 0.10375 pull:-0.632719
1/mass: 0.10625 pull:-0.226669
1/mass: 0.10875 pull:-0.365293
1/mass: 0.11125 pull:-0.471733
1/mass: 0.11375 pull:-0.496993
1/mass: 0.11625 pull:0.00257016
1/mass: 0.11875 pull:1.00509
1/mass: 0.12125 pull:-2.32055
1/mass: 0.12375 pull:1.9357
1/mass: 0.12625 pull:0.618115
1/mass: 0.12875 pull:-0.966339
1/mass: 0.13125 pull:1.07967
1/mass: 0.13375 pull:0.270129
1/mass: 0.13625 pull:-2.38818
1/mass: 0.13875 pull:1.05692
1/mass: 0.14125 pull:2.2552
1/mass: 0.14375 pull:0.0846064
1/mass: 0.14625 pull:-0.325272
1/mass: 0.14875 pull:-1.73883
1/mass: 0.15125 pull:1.02347
1/mass: 0.15375 pull:0.528081
1/mass: 0.15625 pull:0.204754
1/mass: 0.15875 pull:0.447755
1/mass: 0.16125 pull:-0.803895
1/mass: 0.16375 pull:-2.23937
1/mass: 0.16625 pull:-0.447927
1/mass: 0.16875 pull:-0.751363
1/mass: 0.17125 pull:0.026151
1/mass: 0.17375 pull:-1.21127
1/mass: 0.17625 pull:1.40314
1/mass: 0.17875 pull:1.92283
1/mass: 0.18125 pull:0.370468
1/mass: 0.18375 pull:-1.16093
1/mass: 0.18625 pull:-0.856452
1/mass: 0.18875 pull:0.94701
1/mass: 0.19125 pull:0.77251
1/mass: 0.19375 pull:-0.100721
1/mass: 0.19625 pull:0.69991
1/mass: 0.19875 pull:-0.626715
1/mass: 0.20125 pull:0.39198
1/mass: 0.20375 pull:0.98657
1/mass: 0.20625 pull:0.170594
1/mass: 0.20875 pull:0.556445
1/mass: 0.21125 pull:-1.02213
1/mass: 0.21375 pull:-1.66432
1/mass: 0.21625 pull:-2.94942
1/mass: 0.21875 pull:-4.29928
1/mass: 0.22125 pull:0.503749
1/mass: 0.22375 pull:0.253609
1/mass: 0.22625 pull:-3.33411
1/mass: 0.22875 pull:1.01989
2
2
2
Fitting bin 13 (Ek: 1.11303-1.4714 GeV/n)...
[#1] INFO:Minimization -- p.d.f. provides expected number of events, including extended term in likelihood.
[#1] INFO:Fitting -- RooAbsPdf::fitTo(model) fixing normalization set for coefficient determination to observables in data
[#1] INFO:Fitting -- Creation of NLL object took 203.86 μs
[#1] INFO:Fitting -- RooAddition::defaultErrorLevel(nll_model_data) Summation contains a RooNLLVar, using its error level
[#1] INFO:Minimization -- RooAbsMinimizerFcn::setOptimizeConst: activating const optimization
[#1] INFO:Fitting -- RooAbsPdf::fitTo(model) Calculating sum-of-weights-squared correction matrix for covariance matrix
[#1] INFO:Minimization -- RooAbsMinimizerFcn::setOptimizeConst: deactivating const optimization
Total chi2/ndf: 1.58834
  Fit Result: Chi2/NDF = 108.007/70 = 1.54296, Status = 0
[#1] INFO:Plotting -- RooAbsPdf::plotOn(model) directly selected PDF components: (pdf7)
[#1] INFO:Plotting -- RooAbsPdf::plotOn(model) indirectly selected PDF components: ()
[#1] INFO:Plotting -- RooAbsPdf::plotOn(model) directly selected PDF components: (pdf9)
[#1] INFO:Plotting -- RooAbsPdf::plotOn(model) indirectly selected PDF components: ()
[#1] INFO:Plotting -- RooAbsPdf::plotOn(model) directly selected PDF components: (pdf10)
[#1] INFO:Plotting -- RooAbsPdf::plotOn(model) indirectly selected PDF components: ()
1/mass: 0.05375 pull:-0.185596
1/mass: 0.05625 pull:0.607581
1/mass: 0.05875 pull:1.06351
1/mass: 0.06125 pull:0.92327
1/mass: 0.06625 pull:-2.94143
1/mass: 0.06875 pull:-1.23857
1/mass: 0.07125 pull:0.306748
1/mass: 0.07375 pull:-0.215815
1/mass: 0.07625 pull:-0.113912
1/mass: 0.07875 pull:1.55289
1/mass: 0.08125 pull:0.361273
1/mass: 0.08375 pull:-1.52681
1/mass: 0.08625 pull:-0.487327
1/mass: 0.08875 pull:0.617524
1/mass: 0.09125 pull:-1.31087
1/mass: 0.09375 pull:0.961141
1/mass: 0.09625 pull:0.401632
1/mass: 0.09875 pull:-0.725573
1/mass: 0.10125 pull:-0.427789
1/mass: 0.10375 pull:-1.09403
1/mass: 0.10625 pull:0.796813
1/mass: 0.10875 pull:1.53614
1/mass: 0.11125 pull:-1.48475
1/mass: 0.11375 pull:1.42103
1/mass: 0.11625 pull:-1.203
1/mass: 0.11875 pull:0.818311
1/mass: 0.12125 pull:1.06456
1/mass: 0.12375 pull:-0.531474
1/mass: 0.12625 pull:0.202135
1/mass: 0.12875 pull:-1.33628
1/mass: 0.13125 pull:-0.377764
1/mass: 0.13375 pull:1.36159
1/mass: 0.13625 pull:0.00656108
1/mass: 0.13875 pull:-1.22503
1/mass: 0.14125 pull:-1.93532
1/mass: 0.14375 pull:-0.0663948
1/mass: 0.14625 pull:-0.397155
1/mass: 0.14875 pull:0.280182
1/mass: 0.15125 pull:0.590728
1/mass: 0.15375 pull:0.324092
1/mass: 0.15625 pull:-0.113541
1/mass: 0.15875 pull:1.07309
1/mass: 0.16125 pull:-0.143821
1/mass: 0.16375 pull:-0.753501
1/mass: 0.16625 pull:-0.697621
1/mass: 0.16875 pull:1.17409
1/mass: 0.17125 pull:-2.65888
1/mass: 0.17375 pull:-1.75019
1/mass: 0.17625 pull:1.97089
1/mass: 0.17875 pull:2.65472
1/mass: 0.18125 pull:-0.0767742
1/mass: 0.18375 pull:1.67811
1/mass: 0.18625 pull:2.13348
1/mass: 0.18875 pull:1.42956
1/mass: 0.19125 pull:-1.82651
1/mass: 0.19375 pull:-1.50103
1/mass: 0.19625 pull:-0.41753
1/mass: 0.19875 pull:-1.41367
1/mass: 0.20125 pull:0.116644
1/mass: 0.20375 pull:-2.01401
1/mass: 0.20625 pull:-0.227535
1/mass: 0.20875 pull:-1.819
1/mass: 0.21125 pull:1.68787
1/mass: 0.21375 pull:2.77214
1/mass: 0.21625 pull:0.806478
1/mass: 0.21875 pull:0.902008
1/mass: 0.22125 pull:0.452747
1/mass: 0.22375 pull:-1.68643
1/mass: 0.22625 pull:-0.033632
1/mass: 0.22875 pull:-0.472389
2
2
2
Fitting bin 15 (Ek: 1.4714-1.91049 GeV/n)...
[#1] INFO:Minimization -- p.d.f. provides expected number of events, including extended term in likelihood.
[#1] INFO:Fitting -- RooAbsPdf::fitTo(model) fixing normalization set for coefficient determination to observables in data
[#1] INFO:Fitting -- Creation of NLL object took 171.33 μs
[#1] INFO:Fitting -- RooAddition::defaultErrorLevel(nll_model_data) Summation contains a RooNLLVar, using its error level
[#1] INFO:Minimization -- RooAbsMinimizerFcn::setOptimizeConst: activating const optimization
[#1] INFO:Fitting -- RooAbsPdf::fitTo(model) Calculating sum-of-weights-squared correction matrix for covariance matrix
[#1] INFO:Minimization -- RooAbsMinimizerFcn::setOptimizeConst: deactivating const optimization
Total chi2/ndf: 1.16486
  Fit Result: Chi2/NDF = 81.5405/70 = 1.16486, Status = 0
[#1] INFO:Plotting -- RooAbsPdf::plotOn(model) directly selected PDF components: (pdf7)
[#1] INFO:Plotting -- RooAbsPdf::plotOn(model) indirectly selected PDF components: ()
[#1] INFO:Plotting -- RooAbsPdf::plotOn(model) directly selected PDF components: (pdf9)
[#1] INFO:Plotting -- RooAbsPdf::plotOn(model) indirectly selected PDF components: ()
[#1] INFO:Plotting -- RooAbsPdf::plotOn(model) directly selected PDF components: (pdf10)
[#1] INFO:Plotting -- RooAbsPdf::plotOn(model) indirectly selected PDF components: ()
1/mass: 0.05125 pull:1.77982
1/mass: 0.05375 pull:0.272693
1/mass: 0.05625 pull:0.611946
1/mass: 0.05875 pull:0.24954
1/mass: 0.06125 pull:-0.263476
1/mass: 0.06375 pull:-0.778334
1/mass: 0.06625 pull:1.86349
1/mass: 0.06875 pull:0.781871
1/mass: 0.07125 pull:0.839809
1/mass: 0.07375 pull:-0.364646
1/mass: 0.07625 pull:-1.97674
1/mass: 0.07875 pull:0.562268
1/mass: 0.08125 pull:-0.862305
1/mass: 0.08375 pull:2.08857
1/mass: 0.08625 pull:1.37547
1/mass: 0.08875 pull:0.0702312
1/mass: 0.09125 pull:1.13046
1/mass: 0.09375 pull:-0.34745
1/mass: 0.09625 pull:1.14947
1/mass: 0.09875 pull:-0.451317
1/mass: 0.10125 pull:-0.517714
1/mass: 0.10375 pull:-0.794561
1/mass: 0.10625 pull:-1.80456
1/mass: 0.10875 pull:-1.9879
1/mass: 0.11125 pull:1.93553
1/mass: 0.11375 pull:-1.50039
1/mass: 0.11625 pull:-0.416998
1/mass: 0.11875 pull:-0.608422
1/mass: 0.12125 pull:1.68686
1/mass: 0.12375 pull:0.327557
1/mass: 0.12625 pull:0.697678
1/mass: 0.12875 pull:1.03207
1/mass: 0.13125 pull:-2.11519
1/mass: 0.13375 pull:1.18416
1/mass: 0.13625 pull:0.638105
1/mass: 0.13875 pull:0.927219
1/mass: 0.14125 pull:-0.584769
1/mass: 0.14375 pull:-0.276688
1/mass: 0.14625 pull:-0.808965
1/mass: 0.14875 pull:0.277648
1/mass: 0.15125 pull:-0.878549
1/mass: 0.15375 pull:2.10783
1/mass: 0.15625 pull:-1.20784
1/mass: 0.15875 pull:-1.31848
1/mass: 0.16125 pull:0.85139
1/mass: 0.16375 pull:0.509958
1/mass: 0.16625 pull:-0.786764
1/mass: 0.16875 pull:0.842088
1/mass: 0.17125 pull:-1.47098
1/mass: 0.17375 pull:1.49002
1/mass: 0.17625 pull:-0.937335
1/mass: 0.17875 pull:-1.08335
1/mass: 0.18125 pull:-1.12388
1/mass: 0.18375 pull:0.278101
1/mass: 0.18625 pull:0.371574
1/mass: 0.18875 pull:0.710375
1/mass: 0.19125 pull:0.0550726
1/mass: 0.19375 pull:-0.388099
1/mass: 0.19625 pull:-0.802531
1/mass: 0.19875 pull:0.636104
1/mass: 0.20125 pull:0.649517
1/mass: 0.20375 pull:0.648925
1/mass: 0.20625 pull:1.26563
1/mass: 0.20875 pull:1.61619
1/mass: 0.21125 pull:0.19351
1/mass: 0.21375 pull:0.960379
1/mass: 0.21625 pull:0.415179
1/mass: 0.21875 pull:-0.680534
1/mass: 0.22125 pull:-1.69293
1/mass: 0.22375 pull:-0.0824955
1/mass: 0.22625 pull:-0.318087
1/mass: 0.22875 pull:0.833343
2
2
2
Fitting bin 17 (Ek: 1.91049-2.43494 GeV/n)...
[#1] INFO:Minimization -- p.d.f. provides expected number of events, including extended term in likelihood.
[#1] INFO:Fitting -- RooAbsPdf::fitTo(model) fixing normalization set for coefficient determination to observables in data
[#1] INFO:Fitting -- Creation of NLL object took 163.18 μs
[#1] INFO:Fitting -- RooAddition::defaultErrorLevel(nll_model_data) Summation contains a RooNLLVar, using its error level
[#1] INFO:Minimization -- RooAbsMinimizerFcn::setOptimizeConst: activating const optimization
[#1] INFO:Fitting -- RooAbsPdf::fitTo(model) Calculating sum-of-weights-squared correction matrix for covariance matrix
[#1] INFO:Minimization -- RooAbsMinimizerFcn::setOptimizeConst: deactivating const optimization
Total chi2/ndf: 1.03777
  Fit Result: Chi2/NDF = 70.5681/70 = 1.00812, Status = 0
[#1] INFO:Plotting -- RooAbsPdf::plotOn(model) directly selected PDF components: (pdf7)
[#1] INFO:Plotting -- RooAbsPdf::plotOn(model) indirectly selected PDF components: ()
[#1] INFO:Plotting -- RooAbsPdf::plotOn(model) directly selected PDF components: (pdf9)
[#1] INFO:Plotting -- RooAbsPdf::plotOn(model) indirectly selected PDF components: ()
[#1] INFO:Plotting -- RooAbsPdf::plotOn(model) directly selected PDF components: (pdf10)
[#1] INFO:Plotting -- RooAbsPdf::plotOn(model) indirectly selected PDF components: ()
1/mass: 0.05125 pull:1.72445
1/mass: 0.05375 pull:0.862022
1/mass: 0.05875 pull:0.756489
1/mass: 0.06125 pull:-0.00716785
1/mass: 0.06375 pull:0.157285
1/mass: 0.06625 pull:-0.209669
1/mass: 0.06875 pull:-0.847994
1/mass: 0.07125 pull:-2.03668
1/mass: 0.07375 pull:1.90753
1/mass: 0.07625 pull:0.00141167
1/mass: 0.07875 pull:1.84051
1/mass: 0.08125 pull:1.86834
1/mass: 0.08375 pull:0.369872
1/mass: 0.08625 pull:-0.241585
1/mass: 0.08875 pull:0.176168
1/mass: 0.09125 pull:0.742866
1/mass: 0.09375 pull:-0.544289
1/mass: 0.09625 pull:-0.444401
1/mass: 0.09875 pull:0.213011
1/mass: 0.10125 pull:-0.983624
1/mass: 0.10375 pull:0.211725
1/mass: 0.10625 pull:-1.41933
1/mass: 0.10875 pull:0.187197
1/mass: 0.11125 pull:-0.328963
1/mass: 0.11375 pull:-1.40284
1/mass: 0.11625 pull:0.932689
1/mass: 0.11875 pull:0.585047
1/mass: 0.12125 pull:0.243383
1/mass: 0.12375 pull:-0.864033
1/mass: 0.12625 pull:-0.171647
1/mass: 0.12875 pull:1.95258
1/mass: 0.13125 pull:1.06317
1/mass: 0.13375 pull:-0.683798
1/mass: 0.13625 pull:-0.335911
1/mass: 0.13875 pull:-1.42044
1/mass: 0.14125 pull:0.530211
1/mass: 0.14375 pull:0.566341
1/mass: 0.14625 pull:-0.744563
1/mass: 0.14875 pull:1.17721
1/mass: 0.15125 pull:-0.0443511
1/mass: 0.15375 pull:0.361435
1/mass: 0.15625 pull:0.661824
1/mass: 0.15875 pull:-2.10152
1/mass: 0.16125 pull:0.567615
1/mass: 0.16375 pull:1.47577
1/mass: 0.16625 pull:0.316579
1/mass: 0.16875 pull:-0.697318
1/mass: 0.17125 pull:0.133945
1/mass: 0.17375 pull:-0.922343
1/mass: 0.17625 pull:-0.258937
1/mass: 0.17875 pull:0.88579
1/mass: 0.18125 pull:1.09706
1/mass: 0.18375 pull:-1.47354
1/mass: 0.18625 pull:-1.03323
1/mass: 0.18875 pull:-0.530104
1/mass: 0.19125 pull:1.08157
1/mass: 0.19375 pull:-0.923514
1/mass: 0.19625 pull:0.0811566
1/mass: 0.19875 pull:-0.591337
1/mass: 0.20125 pull:-0.290155
1/mass: 0.20375 pull:-2.40395
1/mass: 0.20625 pull:-0.00397262
1/mass: 0.20875 pull:0.243106
1/mass: 0.21125 pull:-0.05043
1/mass: 0.21375 pull:-0.773289
1/mass: 0.21625 pull:-0.552122
1/mass: 0.21875 pull:-0.121059
1/mass: 0.22125 pull:-2.72948
1/mass: 0.22375 pull:-0.893249
1/mass: 0.22875 pull:-0.503954
2
2
2
Fitting bin 19 (Ek: 2.43494-3.05875 GeV/n)...
[#1] INFO:Minimization -- p.d.f. provides expected number of events, including extended term in likelihood.
[#1] INFO:Fitting -- RooAbsPdf::fitTo(model) fixing normalization set for coefficient determination to observables in data
[#1] INFO:Fitting -- Creation of NLL object took 170.562 μs
[#1] INFO:Fitting -- RooAddition::defaultErrorLevel(nll_model_data) Summation contains a RooNLLVar, using its error level
[#1] INFO:Minimization -- RooAbsMinimizerFcn::setOptimizeConst: activating const optimization
[#1] INFO:Fitting -- RooAbsPdf::fitTo(model) Calculating sum-of-weights-squared correction matrix for covariance matrix
[#1] INFO:Minimization -- RooAbsMinimizerFcn::setOptimizeConst: deactivating const optimization
Total chi2/ndf: 1.76789
  Fit Result: Chi2/NDF = 123.752/70 = 1.76789, Status = 0
[#1] INFO:Plotting -- RooAbsPdf::plotOn(model) directly selected PDF components: (pdf7)
[#1] INFO:Plotting -- RooAbsPdf::plotOn(model) indirectly selected PDF components: ()
[#1] INFO:Plotting -- RooAbsPdf::plotOn(model) directly selected PDF components: (pdf9)
[#1] INFO:Plotting -- RooAbsPdf::plotOn(model) indirectly selected PDF components: ()
[#1] INFO:Plotting -- RooAbsPdf::plotOn(model) directly selected PDF components: (pdf10)
[#1] INFO:Plotting -- RooAbsPdf::plotOn(model) indirectly selected PDF components: ()
1/mass: 0.05125 pull:1.15697
1/mass: 0.05375 pull:0.237546
1/mass: 0.05625 pull:0.950709
1/mass: 0.05875 pull:1.05933
1/mass: 0.06125 pull:0.723987
1/mass: 0.06375 pull:-0.972645
1/mass: 0.06625 pull:0.214341
1/mass: 0.06875 pull:-1.03065
1/mass: 0.07125 pull:0.487174
1/mass: 0.07375 pull:-0.786394
1/mass: 0.07625 pull:1.67076
1/mass: 0.07875 pull:1.06972
1/mass: 0.08125 pull:-0.123617
1/mass: 0.08375 pull:1.38918
1/mass: 0.08625 pull:0.661524
1/mass: 0.08875 pull:0.950855
1/mass: 0.09125 pull:-0.782773
1/mass: 0.09375 pull:0.537033
1/mass: 0.09625 pull:1.04161
1/mass: 0.09875 pull:-0.155226
1/mass: 0.10125 pull:-4.4298
1/mass: 0.10375 pull:-0.997704
1/mass: 0.10625 pull:-0.506821
1/mass: 0.10875 pull:0.479279
1/mass: 0.11125 pull:2.56191
1/mass: 0.11375 pull:-0.515024
1/mass: 0.11625 pull:-0.149226
1/mass: 0.11875 pull:-0.0706134
1/mass: 0.12125 pull:1.28824
1/mass: 0.12375 pull:-0.914841
1/mass: 0.12625 pull:-1.65593
1/mass: 0.12875 pull:-2.08278
1/mass: 0.13125 pull:-0.0398374
1/mass: 0.13375 pull:1.96377
1/mass: 0.13625 pull:0.33399
1/mass: 0.13875 pull:0.275353
1/mass: 0.14125 pull:4.40001
1/mass: 0.14375 pull:0.343219
1/mass: 0.14625 pull:0.959739
1/mass: 0.14875 pull:0.184745
1/mass: 0.15125 pull:-0.274761
1/mass: 0.15375 pull:-0.486358
1/mass: 0.15625 pull:-0.668579
1/mass: 0.15875 pull:-1.85849
1/mass: 0.16125 pull:-0.63085
1/mass: 0.16375 pull:1.00964
1/mass: 0.16625 pull:-2.01375
1/mass: 0.16875 pull:-0.221269
1/mass: 0.17125 pull:-2.54169
1/mass: 0.17375 pull:0.227127
1/mass: 0.17625 pull:1.00368
1/mass: 0.17875 pull:-1.14855
1/mass: 0.18125 pull:0.0290749
1/mass: 0.18375 pull:1.33093
1/mass: 0.18625 pull:0.378327
1/mass: 0.18875 pull:0.0885177
1/mass: 0.19125 pull:0.405924
1/mass: 0.19375 pull:-1.00674
1/mass: 0.19625 pull:-0.477511
1/mass: 0.19875 pull:0.0397657
1/mass: 0.20125 pull:-1.08126
1/mass: 0.20375 pull:1.43061
1/mass: 0.20625 pull:0.93195
1/mass: 0.20875 pull:0.0812038
1/mass: 0.21125 pull:1.12967
1/mass: 0.21375 pull:-2.00606
1/mass: 0.21625 pull:0.625636
1/mass: 0.21875 pull:-3.37984
1/mass: 0.22125 pull:-0.560255
1/mass: 0.22375 pull:-0.509541
1/mass: 0.22625 pull:0.703327
1/mass: 0.22875 pull:-1.21245
2
2
2
Fitting bin 21 (Ek: 3.05875-3.79127 GeV/n)...
[#1] INFO:Minimization -- p.d.f. provides expected number of events, including extended term in likelihood.
[#1] INFO:Fitting -- RooAbsPdf::fitTo(model) fixing normalization set for coefficient determination to observables in data
[#1] INFO:Fitting -- Creation of NLL object took 165.88 μs
[#1] INFO:Fitting -- RooAddition::defaultErrorLevel(nll_model_data) Summation contains a RooNLLVar, using its error level
[#1] INFO:Minimization -- RooAbsMinimizerFcn::setOptimizeConst: activating const optimization
[#1] INFO:Fitting -- RooAbsPdf::fitTo(model) Calculating sum-of-weights-squared correction matrix for covariance matrix
[#1] INFO:Minimization -- RooAbsMinimizerFcn::setOptimizeConst: deactivating const optimization
Total chi2/ndf: 0.961434
  Fit Result: Chi2/NDF = 65.3775/70 = 0.933965, Status = 0
[#1] INFO:Plotting -- RooAbsPdf::plotOn(model) directly selected PDF components: (pdf7)
[#1] INFO:Plotting -- RooAbsPdf::plotOn(model) indirectly selected PDF components: ()
[#1] INFO:Plotting -- RooAbsPdf::plotOn(model) directly selected PDF components: (pdf9)
[#1] INFO:Plotting -- RooAbsPdf::plotOn(model) indirectly selected PDF components: ()
[#1] INFO:Plotting -- RooAbsPdf::plotOn(model) directly selected PDF components: (pdf10)
[#1] INFO:Plotting -- RooAbsPdf::plotOn(model) indirectly selected PDF components: ()
1/mass: 0.05375 pull:-0.343608
1/mass: 0.05625 pull:-0.412871
1/mass: 0.05875 pull:-0.0267139
1/mass: 0.06375 pull:-0.525139
1/mass: 0.06625 pull:-1.89538
1/mass: 0.06875 pull:-0.248148
1/mass: 0.07125 pull:-0.125733
1/mass: 0.07375 pull:-0.150903
1/mass: 0.07625 pull:0.721505
1/mass: 0.07875 pull:0.0313804
1/mass: 0.08125 pull:0.621389
1/mass: 0.08375 pull:1.2804
1/mass: 0.08625 pull:0.654383
1/mass: 0.08875 pull:-0.59587
1/mass: 0.09125 pull:-0.741233
1/mass: 0.09375 pull:0.0872745
1/mass: 0.09625 pull:1.20289
1/mass: 0.09875 pull:0.80477
1/mass: 0.10125 pull:-1.41941
1/mass: 0.10375 pull:0.538118
1/mass: 0.10625 pull:0.718682
1/mass: 0.10875 pull:0.0233611
1/mass: 0.11125 pull:-2.71561
1/mass: 0.11375 pull:-1.65515
1/mass: 0.11625 pull:0.654768
1/mass: 0.11875 pull:0.558181
1/mass: 0.12125 pull:1.09741
1/mass: 0.12375 pull:-0.142589
1/mass: 0.12625 pull:0.677681
1/mass: 0.12875 pull:-0.996501
1/mass: 0.13125 pull:-0.240425
1/mass: 0.13375 pull:1.08211
1/mass: 0.13625 pull:1.07044
1/mass: 0.13875 pull:-0.494612
1/mass: 0.14125 pull:0.837974
1/mass: 0.14375 pull:0.181236
1/mass: 0.14625 pull:-0.30551
1/mass: 0.14875 pull:0.574714
1/mass: 0.15125 pull:-1.20099
1/mass: 0.15375 pull:0.653837
1/mass: 0.15625 pull:-0.246534
1/mass: 0.15875 pull:-1.67317
1/mass: 0.16125 pull:1.04311
1/mass: 0.16375 pull:-1.64743
1/mass: 0.16625 pull:-0.145708
1/mass: 0.16875 pull:0.577639
1/mass: 0.17125 pull:-1.49561
1/mass: 0.17375 pull:-2.26095
1/mass: 0.17625 pull:1.84175
1/mass: 0.17875 pull:1.17548
1/mass: 0.18125 pull:0.46286
1/mass: 0.18375 pull:-0.121976
1/mass: 0.18625 pull:1.0635
1/mass: 0.18875 pull:-1.16412
1/mass: 0.19125 pull:0.256161
1/mass: 0.19375 pull:0.0194452
1/mass: 0.19625 pull:1.12447
1/mass: 0.19875 pull:1.2824
1/mass: 0.20125 pull:-0.283983
1/mass: 0.20375 pull:0.0589668
1/mass: 0.20625 pull:-0.310298
1/mass: 0.20875 pull:-1.71071
1/mass: 0.21125 pull:0.243751
1/mass: 0.21375 pull:1.68149
1/mass: 0.21625 pull:0.124549
1/mass: 0.21875 pull:0.213473
1/mass: 0.22125 pull:0.346034
1/mass: 0.22375 pull:1.21416
1/mass: 0.22625 pull:0.557061
1/mass: 0.22875 pull:0.590158
2
2
2
Fitting bin 23 (Ek: 3.79127-4.64682 GeV/n)...
[#1] INFO:Minimization -- p.d.f. provides expected number of events, including extended term in likelihood.
[#1] INFO:Fitting -- RooAbsPdf::fitTo(model) fixing normalization set for coefficient determination to observables in data
[#1] INFO:Fitting -- Creation of NLL object took 157.961 μs
[#1] INFO:Fitting -- RooAddition::defaultErrorLevel(nll_model_data) Summation contains a RooNLLVar, using its error level
[#1] INFO:Minimization -- RooAbsMinimizerFcn::setOptimizeConst: activating const optimization
[#1] INFO:Fitting -- RooAbsPdf::fitTo(model) Calculating sum-of-weights-squared correction matrix for covariance matrix
[#1] INFO:Minimization -- RooAbsMinimizerFcn::setOptimizeConst: deactivating const optimization
Total chi2/ndf: 1.17135
  Fit Result: Chi2/NDF = 79.652/70 = 1.13789, Status = 0
[#1] INFO:Plotting -- RooAbsPdf::plotOn(model) directly selected PDF components: (pdf7)
[#1] INFO:Plotting -- RooAbsPdf::plotOn(model) indirectly selected PDF components: ()
[#1] INFO:Plotting -- RooAbsPdf::plotOn(model) directly selected PDF components: (pdf9)
[#1] INFO:Plotting -- RooAbsPdf::plotOn(model) indirectly selected PDF components: ()
[#1] INFO:Plotting -- RooAbsPdf::plotOn(model) directly selected PDF components: (pdf10)
[#1] INFO:Plotting -- RooAbsPdf::plotOn(model) indirectly selected PDF components: ()
1/mass: 0.05375 pull:-0.434889
1/mass: 0.05875 pull:-0.141435
1/mass: 0.06125 pull:-1.69003
1/mass: 0.06375 pull:1.36562
1/mass: 0.06625 pull:0.130133
1/mass: 0.06875 pull:-1.389
1/mass: 0.07125 pull:0.550768
1/mass: 0.07375 pull:0.877212
1/mass: 0.07625 pull:-0.912093
1/mass: 0.07875 pull:-1.155
1/mass: 0.08125 pull:0.272529
1/mass: 0.08375 pull:0.159334
1/mass: 0.08625 pull:1.04633
1/mass: 0.08875 pull:-0.902035
1/mass: 0.09125 pull:-0.388189
1/mass: 0.09375 pull:0.319512
1/mass: 0.09625 pull:-0.725527
1/mass: 0.09875 pull:1.43508
1/mass: 0.10125 pull:-1.99459
1/mass: 0.10375 pull:0.823963
1/mass: 0.10625 pull:0.517121
1/mass: 0.10875 pull:-0.814476
1/mass: 0.11125 pull:1.38104
1/mass: 0.11375 pull:0.788965
1/mass: 0.11625 pull:-2.43956
1/mass: 0.11875 pull:1.35886
1/mass: 0.12125 pull:-0.82338
1/mass: 0.12375 pull:-0.703792
1/mass: 0.12625 pull:-0.0307361
1/mass: 0.12875 pull:0.863517
1/mass: 0.13125 pull:1.0707
1/mass: 0.13375 pull:-1.54904
1/mass: 0.13625 pull:-0.476808
1/mass: 0.13875 pull:0.75049
1/mass: 0.14125 pull:-0.387394
1/mass: 0.14375 pull:0.902965
1/mass: 0.14625 pull:0.855233
1/mass: 0.14875 pull:-2.77188
1/mass: 0.15125 pull:1.92447
1/mass: 0.15375 pull:-0.0232564
1/mass: 0.15625 pull:-0.0342069
1/mass: 0.15875 pull:-1.82904
1/mass: 0.16125 pull:-0.44678
1/mass: 0.16375 pull:-0.63541
1/mass: 0.16625 pull:0.126153
1/mass: 0.16875 pull:-0.430033
1/mass: 0.17125 pull:-1.68384
1/mass: 0.17375 pull:0.0219766
1/mass: 0.17625 pull:2.00545
1/mass: 0.17875 pull:0.341549
1/mass: 0.18125 pull:-0.108412
1/mass: 0.18375 pull:-0.469034
1/mass: 0.18625 pull:0.867073
1/mass: 0.18875 pull:1.29801
1/mass: 0.19125 pull:-0.240342
1/mass: 0.19375 pull:-0.199007
1/mass: 0.19625 pull:0.78659
1/mass: 0.19875 pull:0.0761383
1/mass: 0.20125 pull:2.11153
1/mass: 0.20375 pull:-0.515722
1/mass: 0.20625 pull:1.69164
1/mass: 0.20875 pull:1.13812
1/mass: 0.21125 pull:-0.719231
1/mass: 0.21375 pull:0.509165
1/mass: 0.21625 pull:-0.416686
1/mass: 0.21875 pull:1.83583
1/mass: 0.22125 pull:0.0567503
1/mass: 0.22375 pull:1.28593
1/mass: 0.22625 pull:0.208782
1/mass: 0.22875 pull:0.125816
2
2
2
Fitting bin 25 (Ek: 4.64682-5.63491 GeV/n)...
[#1] INFO:Minimization -- p.d.f. provides expected number of events, including extended term in likelihood.
[#1] INFO:Fitting -- RooAbsPdf::fitTo(model) fixing normalization set for coefficient determination to observables in data
[#1] INFO:Fitting -- Creation of NLL object took 171.862 μs
[#1] INFO:Fitting -- RooAddition::defaultErrorLevel(nll_model_data) Summation contains a RooNLLVar, using its error level
[#1] INFO:Minimization -- RooAbsMinimizerFcn::setOptimizeConst: activating const optimization
[#1] INFO:Fitting -- RooAbsPdf::fitTo(model) Calculating sum-of-weights-squared correction matrix for covariance matrix
[#1] INFO:Minimization -- RooAbsMinimizerFcn::setOptimizeConst: deactivating const optimization
Total chi2/ndf: 2.65448
  Fit Result: Chi2/NDF = 183.159/70 = 2.61656, Status = 0
[#1] INFO:Plotting -- RooAbsPdf::plotOn(model) directly selected PDF components: (pdf7)
[#1] INFO:Plotting -- RooAbsPdf::plotOn(model) indirectly selected PDF components: ()
[#1] INFO:Plotting -- RooAbsPdf::plotOn(model) directly selected PDF components: (pdf9)
[#1] INFO:Plotting -- RooAbsPdf::plotOn(model) indirectly selected PDF components: ()
[#1] INFO:Plotting -- RooAbsPdf::plotOn(model) directly selected PDF components: (pdf10)
[#1] INFO:Plotting -- RooAbsPdf::plotOn(model) indirectly selected PDF components: ()
1/mass: 0.05125 pull:0.449133
1/mass: 0.05375 pull:-0.587885
1/mass: 0.05875 pull:-0.0904026
1/mass: 0.06125 pull:-0.605426
1/mass: 0.06375 pull:0.391814
1/mass: 0.06625 pull:-1.8356
1/mass: 0.06875 pull:1.56685
1/mass: 0.07125 pull:2.4057
1/mass: 0.07375 pull:2.59739
1/mass: 0.07625 pull:0.203947
1/mass: 0.07875 pull:1.78107
1/mass: 0.08125 pull:1.69517
1/mass: 0.08375 pull:-0.561479
1/mass: 0.08625 pull:-1.5532
1/mass: 0.08875 pull:-0.302323
1/mass: 0.09125 pull:-0.364696
1/mass: 0.09375 pull:0.178903
1/mass: 0.09625 pull:1.18312
1/mass: 0.09875 pull:-1.44126
1/mass: 0.10125 pull:1.04952
1/mass: 0.10375 pull:1.04774
1/mass: 0.10625 pull:-1.11314
1/mass: 0.10875 pull:-2.01181
1/mass: 0.11125 pull:-2.01289
1/mass: 0.11375 pull:0.660277
1/mass: 0.11625 pull:-2.56039
1/mass: 0.11875 pull:1.5944
1/mass: 0.12125 pull:-0.506314
1/mass: 0.12375 pull:-0.850688
1/mass: 0.12625 pull:0.14735
1/mass: 0.12875 pull:-0.563026
1/mass: 0.13125 pull:1.98987
1/mass: 0.13375 pull:0.909422
1/mass: 0.13625 pull:0.671803
1/mass: 0.13875 pull:0.941204
1/mass: 0.14125 pull:2.5796
1/mass: 0.14375 pull:1.91777
1/mass: 0.14625 pull:1.21449
1/mass: 0.14875 pull:-0.366946
1/mass: 0.15125 pull:-0.0844002
1/mass: 0.15375 pull:2.25827
1/mass: 0.15625 pull:0.546873
1/mass: 0.15875 pull:-0.723796
1/mass: 0.16125 pull:-1.86809
1/mass: 0.16375 pull:-1.79167
1/mass: 0.16625 pull:-0.359034
1/mass: 0.16875 pull:-2.81589
1/mass: 0.17125 pull:-2.0021
1/mass: 0.17375 pull:0.669972
1/mass: 0.17625 pull:1.23439
1/mass: 0.17875 pull:-1.64916
1/mass: 0.18125 pull:-1.61759
1/mass: 0.18375 pull:0.330642
1/mass: 0.18625 pull:-1.95826
1/mass: 0.18875 pull:0.793703
1/mass: 0.19125 pull:-1.71553
1/mass: 0.19375 pull:-1.30341
1/mass: 0.19625 pull:-0.913045
1/mass: 0.19875 pull:0.577342
1/mass: 0.20125 pull:-1.66942
1/mass: 0.20375 pull:1.76584
1/mass: 0.20625 pull:0.329677
1/mass: 0.20875 pull:2.78757
1/mass: 0.21125 pull:-0.902864
1/mass: 0.21375 pull:-1.53048
1/mass: 0.21625 pull:-1.73466
1/mass: 0.21875 pull:-1.22995
1/mass: 0.22125 pull:-5.28426
1/mass: 0.22375 pull:-4.22717
1/mass: 0.22625 pull:0.908302
1/mass: 0.22875 pull:0.501915

--- Processing Detector: AGL ---
2
2
2
Fitting bin 19 (Ek: 2.43494-3.05875 GeV/n)...
[#1] INFO:Minimization -- p.d.f. provides expected number of events, including extended term in likelihood.
[#1] INFO:Fitting -- RooAbsPdf::fitTo(model) fixing normalization set for coefficient determination to observables in data
[#1] INFO:Fitting -- Creation of NLL object took 180.84 μs
[#1] INFO:Fitting -- RooAddition::defaultErrorLevel(nll_model_data) Summation contains a RooNLLVar, using its error level
[#1] INFO:Minimization -- RooAbsMinimizerFcn::setOptimizeConst: activating const optimization
[#1] INFO:Fitting -- RooAbsPdf::fitTo(model) Calculating sum-of-weights-squared correction matrix for covariance matrix
[#1] INFO:Minimization -- RooAbsMinimizerFcn::setOptimizeConst: deactivating const optimization
Total chi2/ndf: 2.03995
  Fit Result: Chi2/NDF = 140.757/70 = 2.01081, Status = 0
[#1] INFO:Plotting -- RooAbsPdf::plotOn(model) directly selected PDF components: (pdf7)
[#1] INFO:Plotting -- RooAbsPdf::plotOn(model) indirectly selected PDF components: ()
[#1] INFO:Plotting -- RooAbsPdf::plotOn(model) directly selected PDF components: (pdf9)
[#1] INFO:Plotting -- RooAbsPdf::plotOn(model) indirectly selected PDF components: ()
[#1] INFO:Plotting -- RooAbsPdf::plotOn(model) directly selected PDF components: (pdf10)
[#1] INFO:Plotting -- RooAbsPdf::plotOn(model) indirectly selected PDF components: ()
1/mass: 0.05125 pull:0.387657
1/mass: 0.05375 pull:0.85724
1/mass: 0.05875 pull:-2.02823
1/mass: 0.06125 pull:1.19842
1/mass: 0.06375 pull:1.50254
1/mass: 0.06625 pull:-1.47138
1/mass: 0.06875 pull:0.256214
1/mass: 0.07125 pull:-0.540146
1/mass: 0.07375 pull:-1.45085
1/mass: 0.07625 pull:-0.0344554
1/mass: 0.07875 pull:0.41748
1/mass: 0.08125 pull:2.18921
1/mass: 0.08375 pull:-0.0127826
1/mass: 0.08625 pull:2.78158
1/mass: 0.08875 pull:-0.00829762
1/mass: 0.09125 pull:1.81541
1/mass: 0.09375 pull:-2.55406
1/mass: 0.09625 pull:-0.259064
1/mass: 0.09875 pull:1.43957
1/mass: 0.10125 pull:-0.544496
1/mass: 0.10375 pull:-0.877164
1/mass: 0.10625 pull:1.95194
1/mass: 0.10875 pull:-1.53812
1/mass: 0.11125 pull:-2.12075
1/mass: 0.11375 pull:-1.77549
1/mass: 0.11625 pull:0.20749
1/mass: 0.11875 pull:0.747753
1/mass: 0.12125 pull:-0.351767
1/mass: 0.12375 pull:1.98311
1/mass: 0.12625 pull:-0.0480062
1/mass: 0.12875 pull:0.316106
1/mass: 0.13125 pull:0.451713
1/mass: 0.13375 pull:-2.23975
1/mass: 0.13625 pull:1.04478
1/mass: 0.13875 pull:2.61077
1/mass: 0.14125 pull:-1.04488
1/mass: 0.14375 pull:1.77572
1/mass: 0.14625 pull:1.52365
1/mass: 0.14875 pull:0.351267
1/mass: 0.15125 pull:0.875778
1/mass: 0.15375 pull:-0.929231
1/mass: 0.15625 pull:-0.357412
1/mass: 0.15875 pull:0.756146
1/mass: 0.16125 pull:-0.746254
1/mass: 0.16375 pull:-2.92919
1/mass: 0.16625 pull:-1.43652
1/mass: 0.16875 pull:-1.40462
1/mass: 0.17125 pull:-1.3341
1/mass: 0.17375 pull:-1.68835
1/mass: 0.17625 pull:0.902724
1/mass: 0.17875 pull:-0.890635
1/mass: 0.18125 pull:1.09645
1/mass: 0.18375 pull:-0.884897
1/mass: 0.18625 pull:0.483042
1/mass: 0.18875 pull:3.48439
1/mass: 0.19125 pull:0.258153
1/mass: 0.19375 pull:1.52113
1/mass: 0.19625 pull:2.11018
1/mass: 0.19875 pull:0.54906
1/mass: 0.20125 pull:-0.312732
1/mass: 0.20375 pull:-0.718748
1/mass: 0.20625 pull:3.1965
1/mass: 0.20875 pull:-1.17785
1/mass: 0.21125 pull:-2.05918
1/mass: 0.21375 pull:-0.0284907
1/mass: 0.21625 pull:0.413928
1/mass: 0.21875 pull:0.880405
1/mass: 0.22125 pull:-1.19084
1/mass: 0.22375 pull:1.0516
1/mass: 0.22625 pull:0.102758
1/mass: 0.22875 pull:-0.352632
2
2
2
Fitting bin 21 (Ek: 3.05875-3.79127 GeV/n)...
[#1] INFO:Minimization -- p.d.f. provides expected number of events, including extended term in likelihood.
[#1] INFO:Fitting -- RooAbsPdf::fitTo(model) fixing normalization set for coefficient determination to observables in data
[#1] INFO:Fitting -- Creation of NLL object took 154.39 μs
[#1] INFO:Fitting -- RooAddition::defaultErrorLevel(nll_model_data) Summation contains a RooNLLVar, using its error level
[#1] INFO:Minimization -- RooAbsMinimizerFcn::setOptimizeConst: activating const optimization
[#1] INFO:Fitting -- RooAbsPdf::fitTo(model) Calculating sum-of-weights-squared correction matrix for covariance matrix
[#1] INFO:Minimization -- RooAbsMinimizerFcn::setOptimizeConst: deactivating const optimization
Total chi2/ndf: 2.41277
  Fit Result: Chi2/NDF = 168.894/70 = 2.41277, Status = 0
[#1] INFO:Plotting -- RooAbsPdf::plotOn(model) directly selected PDF components: (pdf7)
[#1] INFO:Plotting -- RooAbsPdf::plotOn(model) indirectly selected PDF components: ()
[#1] INFO:Plotting -- RooAbsPdf::plotOn(model) directly selected PDF components: (pdf9)
[#1] INFO:Plotting -- RooAbsPdf::plotOn(model) indirectly selected PDF components: ()
[#1] INFO:Plotting -- RooAbsPdf::plotOn(model) directly selected PDF components: (pdf10)
[#1] INFO:Plotting -- RooAbsPdf::plotOn(model) indirectly selected PDF components: ()
1/mass: 0.05125 pull:-1.70833
1/mass: 0.05375 pull:0.94994
1/mass: 0.05625 pull:-2.44344
1/mass: 0.05875 pull:-6.54092
1/mass: 0.06125 pull:-1.96236
1/mass: 0.06375 pull:-2.43299
1/mass: 0.06625 pull:-0.093949
1/mass: 0.06875 pull:-0.387021
1/mass: 0.07125 pull:-1.54786
1/mass: 0.07375 pull:-0.312481
1/mass: 0.07625 pull:1.35817
1/mass: 0.07875 pull:2.53101
1/mass: 0.08125 pull:0.67162
1/mass: 0.08375 pull:-1.91995
1/mass: 0.08625 pull:0.690357
1/mass: 0.08875 pull:-0.480543
1/mass: 0.09125 pull:-0.49459
1/mass: 0.09375 pull:0.876224
1/mass: 0.09625 pull:0.576613
1/mass: 0.09875 pull:0.207018
1/mass: 0.10125 pull:-0.736563
1/mass: 0.10375 pull:1.14045
1/mass: 0.10625 pull:-0.746927
1/mass: 0.10875 pull:0.309183
1/mass: 0.11125 pull:-1.07183
1/mass: 0.11375 pull:-0.986528
1/mass: 0.11625 pull:0.648893
1/mass: 0.11875 pull:-0.118017
1/mass: 0.12125 pull:-0.415774
1/mass: 0.12375 pull:0.994361
1/mass: 0.12625 pull:0.351929
1/mass: 0.12875 pull:0.210708
1/mass: 0.13125 pull:-0.339691
1/mass: 0.13375 pull:-0.878897
1/mass: 0.13625 pull:-0.297611
1/mass: 0.13875 pull:-0.0340554
1/mass: 0.14125 pull:1.5446
1/mass: 0.14375 pull:1.89415
1/mass: 0.14625 pull:2.96497
1/mass: 0.14875 pull:0.494519
1/mass: 0.15125 pull:0.685505
1/mass: 0.15375 pull:-1.95507
1/mass: 0.15625 pull:-2.14339
1/mass: 0.15875 pull:-1.1572
1/mass: 0.16125 pull:-1.97122
1/mass: 0.16375 pull:-0.997856
1/mass: 0.16625 pull:-0.0689866
1/mass: 0.16875 pull:0.602515
1/mass: 0.17125 pull:-0.388615
1/mass: 0.17375 pull:0.785386
1/mass: 0.17625 pull:-1.63799
1/mass: 0.17875 pull:0.756634
1/mass: 0.18125 pull:-1.76311
1/mass: 0.18375 pull:0.292596
1/mass: 0.18625 pull:2.37918
1/mass: 0.18875 pull:1.81498
1/mass: 0.19125 pull:2.17639
1/mass: 0.19375 pull:-1.60395
1/mass: 0.19625 pull:-1.02937
1/mass: 0.19875 pull:1.58938
1/mass: 0.20125 pull:2.28985
1/mass: 0.20375 pull:0.983416
1/mass: 0.20625 pull:1.795
1/mass: 0.20875 pull:-1.15398
1/mass: 0.21125 pull:-0.184666
1/mass: 0.21375 pull:0.451266
1/mass: 0.21625 pull:-2.40561
1/mass: 0.21875 pull:0.0970172
1/mass: 0.22125 pull:-1.30045
1/mass: 0.22375 pull:-0.76467
1/mass: 0.22625 pull:-2.25007
1/mass: 0.22875 pull:0.603535
2
2
2
Fitting bin 23 (Ek: 3.79127-4.64682 GeV/n)...
[#1] INFO:Minimization -- p.d.f. provides expected number of events, including extended term in likelihood.
[#1] INFO:Fitting -- RooAbsPdf::fitTo(model) fixing normalization set for coefficient determination to observables in data
[#1] INFO:Fitting -- Creation of NLL object took 146.151 μs
[#1] INFO:Fitting -- RooAddition::defaultErrorLevel(nll_model_data) Summation contains a RooNLLVar, using its error level
[#1] INFO:Minimization -- RooAbsMinimizerFcn::setOptimizeConst: activating const optimization
[#1] INFO:Fitting -- RooAbsPdf::fitTo(model) Calculating sum-of-weights-squared correction matrix for covariance matrix
[#1] INFO:Minimization -- RooAbsMinimizerFcn::setOptimizeConst: deactivating const optimization
Total chi2/ndf: 1.81417
  Fit Result: Chi2/NDF = 126.992/70 = 1.81417, Status = 0
[#1] INFO:Plotting -- RooAbsPdf::plotOn(model) directly selected PDF components: (pdf7)
[#1] INFO:Plotting -- RooAbsPdf::plotOn(model) indirectly selected PDF components: ()
[#1] INFO:Plotting -- RooAbsPdf::plotOn(model) directly selected PDF components: (pdf9)
[#1] INFO:Plotting -- RooAbsPdf::plotOn(model) indirectly selected PDF components: ()
[#1] INFO:Plotting -- RooAbsPdf::plotOn(model) directly selected PDF components: (pdf10)
[#1] INFO:Plotting -- RooAbsPdf::plotOn(model) indirectly selected PDF components: ()
1/mass: 0.05125 pull:0.71339
1/mass: 0.05375 pull:0.296601
1/mass: 0.05625 pull:-1.70978
1/mass: 0.05875 pull:0.295242
1/mass: 0.06125 pull:-0.235277
1/mass: 0.06375 pull:2.24493
1/mass: 0.06625 pull:-0.0454778
1/mass: 0.06875 pull:0.694313
1/mass: 0.07125 pull:0.572995
1/mass: 0.07375 pull:0.971971
1/mass: 0.07625 pull:0.79957
1/mass: 0.07875 pull:-1.61043
1/mass: 0.08125 pull:-0.123594
1/mass: 0.08375 pull:-1.6388
1/mass: 0.08625 pull:0.313762
1/mass: 0.08875 pull:2.1249
1/mass: 0.09125 pull:-2.13485
1/mass: 0.09375 pull:-0.114914
1/mass: 0.09625 pull:2.5077
1/mass: 0.09875 pull:1.26245
1/mass: 0.10125 pull:0.263523
1/mass: 0.10375 pull:0.316853
1/mass: 0.10625 pull:0.152981
1/mass: 0.10875 pull:-2.98814
1/mass: 0.11125 pull:0.0166162
1/mass: 0.11375 pull:-1.54343
1/mass: 0.11625 pull:-1.44054
1/mass: 0.11875 pull:-0.532344
1/mass: 0.12125 pull:-0.80159
1/mass: 0.12375 pull:1.84006
1/mass: 0.12625 pull:-0.494093
1/mass: 0.12875 pull:0.838857
1/mass: 0.13125 pull:1.60868
1/mass: 0.13375 pull:0.993452
1/mass: 0.13625 pull:2.31306
1/mass: 0.13875 pull:0.50306
1/mass: 0.14125 pull:0.126231
1/mass: 0.14375 pull:-0.325322
1/mass: 0.14625 pull:2.33565
1/mass: 0.14875 pull:2.31924
1/mass: 0.15125 pull:0.370073
1/mass: 0.15375 pull:-1.61095
1/mass: 0.15625 pull:0.337608
1/mass: 0.15875 pull:-1.36791
1/mass: 0.16125 pull:-2.66747
1/mass: 0.16375 pull:-1.61546
1/mass: 0.16625 pull:-1.49146
1/mass: 0.16875 pull:-0.84917
1/mass: 0.17125 pull:0.804153
1/mass: 0.17375 pull:-0.8497
1/mass: 0.17625 pull:-1.03875
1/mass: 0.17875 pull:-0.0271669
1/mass: 0.18125 pull:0.167813
1/mass: 0.18375 pull:1.21945
1/mass: 0.18625 pull:1.58366
1/mass: 0.18875 pull:-1.29436
1/mass: 0.19125 pull:1.86803
1/mass: 0.19375 pull:-0.531797
1/mass: 0.19625 pull:0.226661
1/mass: 0.19875 pull:2.66513
1/mass: 0.20125 pull:0.0529861
1/mass: 0.20375 pull:-0.928579
1/mass: 0.20625 pull:-1.74945
1/mass: 0.20875 pull:-0.215453
1/mass: 0.21125 pull:-0.227033
1/mass: 0.21375 pull:-2.54111
1/mass: 0.21625 pull:0.904615
1/mass: 0.21875 pull:-1.57836
1/mass: 0.22125 pull:-1.82304
1/mass: 0.22375 pull:-0.027721
1/mass: 0.22625 pull:-0.000641119
1/mass: 0.22875 pull:-0.991004
2
2
2
Fitting bin 25 (Ek: 4.64682-5.63491 GeV/n)...
[#1] INFO:Minimization -- p.d.f. provides expected number of events, including extended term in likelihood.
[#1] INFO:Fitting -- RooAbsPdf::fitTo(model) fixing normalization set for coefficient determination to observables in data
[#1] INFO:Fitting -- Creation of NLL object took 182.861 μs
[#1] INFO:Fitting -- RooAddition::defaultErrorLevel(nll_model_data) Summation contains a RooNLLVar, using its error level
[#1] INFO:Minimization -- RooAbsMinimizerFcn::setOptimizeConst: activating const optimization
[#1] INFO:Fitting -- RooAbsPdf::fitTo(model) Calculating sum-of-weights-squared correction matrix for covariance matrix
[#1] INFO:Minimization -- RooAbsMinimizerFcn::setOptimizeConst: deactivating const optimization
Total chi2/ndf: 1.97042
  Fit Result: Chi2/NDF = 135.959/70 = 1.94227, Status = 0
[#1] INFO:Plotting -- RooAbsPdf::plotOn(model) directly selected PDF components: (pdf7)
[#1] INFO:Plotting -- RooAbsPdf::plotOn(model) indirectly selected PDF components: ()
[#1] INFO:Plotting -- RooAbsPdf::plotOn(model) directly selected PDF components: (pdf9)
[#1] INFO:Plotting -- RooAbsPdf::plotOn(model) indirectly selected PDF components: ()
[#1] INFO:Plotting -- RooAbsPdf::plotOn(model) directly selected PDF components: (pdf10)
[#1] INFO:Plotting -- RooAbsPdf::plotOn(model) indirectly selected PDF components: ()
1/mass: 0.05375 pull:-3.55738
1/mass: 0.05625 pull:1.20377
1/mass: 0.05875 pull:1.33192
1/mass: 0.06125 pull:0.900543
1/mass: 0.06375 pull:1.29872
1/mass: 0.06625 pull:-0.87046
1/mass: 0.06875 pull:0.517254
1/mass: 0.07125 pull:0.580429
1/mass: 0.07375 pull:0.448732
1/mass: 0.07625 pull:-0.0742008
1/mass: 0.07875 pull:1.4163
1/mass: 0.08125 pull:1.06762
1/mass: 0.08375 pull:0.149377
1/mass: 0.08625 pull:0.0649056
1/mass: 0.08875 pull:1.05668
1/mass: 0.09125 pull:1.18838
1/mass: 0.09375 pull:-1.19439
1/mass: 0.09625 pull:-0.0985896
1/mass: 0.09875 pull:0.0107726
1/mass: 0.10125 pull:0.247176
1/mass: 0.10375 pull:-1.58453
1/mass: 0.10625 pull:-1.6016
1/mass: 0.10875 pull:-0.644991
1/mass: 0.11125 pull:1.71106
1/mass: 0.11375 pull:-0.226662
1/mass: 0.11625 pull:0.832717
1/mass: 0.11875 pull:0.650903
1/mass: 0.12125 pull:-1.6585
1/mass: 0.12375 pull:-0.447727
1/mass: 0.12625 pull:1.42379
1/mass: 0.12875 pull:-1.72436
1/mass: 0.13125 pull:0.0363405
1/mass: 0.13375 pull:2.68967
1/mass: 0.13625 pull:-0.35844
1/mass: 0.13875 pull:-1.68583
1/mass: 0.14125 pull:0.42238
1/mass: 0.14375 pull:0.757152
1/mass: 0.14625 pull:0.18937
1/mass: 0.14875 pull:1.06994
1/mass: 0.15125 pull:-0.131755
1/mass: 0.15375 pull:-0.84329
1/mass: 0.15625 pull:-3.13332
1/mass: 0.15875 pull:-0.617222
1/mass: 0.16125 pull:-1.72339
1/mass: 0.16375 pull:0.767651
1/mass: 0.16625 pull:-2.45305
1/mass: 0.16875 pull:0.200548
1/mass: 0.17125 pull:0.758784
1/mass: 0.17375 pull:1.1229
1/mass: 0.17625 pull:-0.555278
1/mass: 0.17875 pull:-0.048942
1/mass: 0.18125 pull:-0.0356819
1/mass: 0.18375 pull:1.09661
1/mass: 0.18625 pull:1.54956
1/mass: 0.18875 pull:2.91484
1/mass: 0.19125 pull:4.14947
1/mass: 0.19375 pull:3.22804
1/mass: 0.19625 pull:0.234251
1/mass: 0.19875 pull:0.346079
1/mass: 0.20125 pull:2.94708
1/mass: 0.20375 pull:-0.204347
1/mass: 0.20625 pull:-0.0617403
1/mass: 0.20875 pull:-1.0905
1/mass: 0.21125 pull:1.47471
1/mass: 0.21375 pull:0.576009
1/mass: 0.21625 pull:-0.982109
1/mass: 0.21875 pull:0.424147
1/mass: 0.22125 pull:-0.320624
1/mass: 0.22375 pull:-0.062293
1/mass: 0.22625 pull:0.42377
1/mass: 0.22875 pull:-1.63545
2
2
2
Fitting bin 27 (Ek: 5.63491-6.775 GeV/n)...
[#1] INFO:Minimization -- p.d.f. provides expected number of events, including extended term in likelihood.
[#1] INFO:Fitting -- RooAbsPdf::fitTo(model) fixing normalization set for coefficient determination to observables in data
[#1] INFO:Fitting -- Creation of NLL object took 235.901 μs
[#1] INFO:Fitting -- RooAddition::defaultErrorLevel(nll_model_data) Summation contains a RooNLLVar, using its error level
[#1] INFO:Minimization -- RooAbsMinimizerFcn::setOptimizeConst: activating const optimization
[#1] INFO:Fitting -- RooAbsPdf::fitTo(model) Calculating sum-of-weights-squared correction matrix for covariance matrix
[#1] INFO:Minimization -- RooAbsMinimizerFcn::setOptimizeConst: deactivating const optimization
Total chi2/ndf: 1.68132
  Fit Result: Chi2/NDF = 116.011/70 = 1.6573, Status = 0
[#1] INFO:Plotting -- RooAbsPdf::plotOn(model) directly selected PDF components: (pdf7)
[#1] INFO:Plotting -- RooAbsPdf::plotOn(model) indirectly selected PDF components: ()
[#1] INFO:Plotting -- RooAbsPdf::plotOn(model) directly selected PDF components: (pdf9)
[#1] INFO:Plotting -- RooAbsPdf::plotOn(model) indirectly selected PDF components: ()
[#1] INFO:Plotting -- RooAbsPdf::plotOn(model) directly selected PDF components: (pdf10)
[#1] INFO:Plotting -- RooAbsPdf::plotOn(model) indirectly selected PDF components: ()
1/mass: 0.05375 pull:-1.25085
1/mass: 0.05625 pull:-4.07323
1/mass: 0.05875 pull:0.834088
1/mass: 0.06125 pull:0.530061
1/mass: 0.06375 pull:-0.322532
1/mass: 0.06625 pull:0.890519
1/mass: 0.06875 pull:0.609811
1/mass: 0.07125 pull:1.37705
1/mass: 0.07375 pull:-1.38297
1/mass: 0.07625 pull:1.34844
1/mass: 0.07875 pull:-1.57578
1/mass: 0.08125 pull:1.04381
1/mass: 0.08375 pull:0.168332
1/mass: 0.08625 pull:0.78937
1/mass: 0.08875 pull:0.582159
1/mass: 0.09125 pull:-0.330511
1/mass: 0.09375 pull:-0.140128
1/mass: 0.09625 pull:0.82908
1/mass: 0.09875 pull:0.449092
1/mass: 0.10125 pull:0.0910244
1/mass: 0.10375 pull:-1.79778
1/mass: 0.10625 pull:-0.588964
1/mass: 0.10875 pull:1.23559
1/mass: 0.11125 pull:-2.62102
1/mass: 0.11375 pull:0.828212
1/mass: 0.11625 pull:-1.12485
1/mass: 0.11875 pull:1.85625
1/mass: 0.12125 pull:0.453268
1/mass: 0.12375 pull:2.11375
1/mass: 0.12625 pull:-1.39581
1/mass: 0.12875 pull:-0.998178
1/mass: 0.13125 pull:-1.79815
1/mass: 0.13375 pull:-0.638736
1/mass: 0.13625 pull:0.812442
1/mass: 0.13875 pull:0.891872
1/mass: 0.14125 pull:1.57279
1/mass: 0.14375 pull:0.100792
1/mass: 0.14625 pull:-0.438725
1/mass: 0.14875 pull:1.13693
1/mass: 0.15125 pull:0.509584
1/mass: 0.15375 pull:-0.155552
1/mass: 0.15625 pull:0.836963
1/mass: 0.15875 pull:-1.8374
1/mass: 0.16125 pull:0.908936
1/mass: 0.16375 pull:-2.06279
1/mass: 0.16625 pull:-0.651625
1/mass: 0.16875 pull:-1.61564
1/mass: 0.17125 pull:-1.78628
1/mass: 0.17375 pull:0.846456
1/mass: 0.17625 pull:-2.16781
1/mass: 0.17875 pull:-0.0178366
1/mass: 0.18125 pull:1.23826
1/mass: 0.18375 pull:0.135558
1/mass: 0.18625 pull:1.5957
1/mass: 0.18875 pull:-0.118043
1/mass: 0.19125 pull:-0.101104
1/mass: 0.19375 pull:0.31886
1/mass: 0.19625 pull:2.90763
1/mass: 0.19875 pull:0.00922028
1/mass: 0.20125 pull:1.0635
1/mass: 0.20375 pull:1.65664
1/mass: 0.20625 pull:1.86489
1/mass: 0.20875 pull:1.24089
1/mass: 0.21125 pull:-0.482975
1/mass: 0.21375 pull:-0.41002
1/mass: 0.21625 pull:0.157992
1/mass: 0.21875 pull:1.81151
1/mass: 0.22125 pull:1.48228
1/mass: 0.22375 pull:0.580279
1/mass: 0.22625 pull:0.392396
1/mass: 0.22875 pull:1.13439
2
2
2
Fitting bin 29 (Ek: 6.775-8.11658 GeV/n)...
[#1] INFO:Minimization -- p.d.f. provides expected number of events, including extended term in likelihood.
[#1] INFO:Fitting -- RooAbsPdf::fitTo(model) fixing normalization set for coefficient determination to observables in data
[#1] INFO:Fitting -- Creation of NLL object took 163.72 μs
[#1] INFO:Fitting -- RooAddition::defaultErrorLevel(nll_model_data) Summation contains a RooNLLVar, using its error level
[#1] INFO:Minimization -- RooAbsMinimizerFcn::setOptimizeConst: activating const optimization
[#1] INFO:Fitting -- RooAbsPdf::fitTo(model) Calculating sum-of-weights-squared correction matrix for covariance matrix
[#1] INFO:Minimization -- RooAbsMinimizerFcn::setOptimizeConst: deactivating const optimization
Total chi2/ndf: 1.9976
  Fit Result: Chi2/NDF = 139.832/70 = 1.9976, Status = 0
[#1] INFO:Plotting -- RooAbsPdf::plotOn(model) directly selected PDF components: (pdf7)
[#1] INFO:Plotting -- RooAbsPdf::plotOn(model) indirectly selected PDF components: ()
[#1] INFO:Plotting -- RooAbsPdf::plotOn(model) directly selected PDF components: (pdf9)
[#1] INFO:Plotting -- RooAbsPdf::plotOn(model) indirectly selected PDF components: ()
[#1] INFO:Plotting -- RooAbsPdf::plotOn(model) directly selected PDF components: (pdf10)
[#1] INFO:Plotting -- RooAbsPdf::plotOn(model) indirectly selected PDF components: ()
1/mass: 0.05125 pull:-2.47864
1/mass: 0.05375 pull:-0.670635
1/mass: 0.05625 pull:-0.666536
1/mass: 0.05875 pull:0.0323933
1/mass: 0.06125 pull:-1.70333
1/mass: 0.06375 pull:2.2536
1/mass: 0.06625 pull:-0.327771
1/mass: 0.06875 pull:-1.26831
1/mass: 0.07125 pull:-0.160269
1/mass: 0.07375 pull:-1.96312
1/mass: 0.07625 pull:0.79825
1/mass: 0.07875 pull:2.17002
1/mass: 0.08125 pull:-0.8003
1/mass: 0.08375 pull:-0.278837
1/mass: 0.08625 pull:1.26879
1/mass: 0.08875 pull:1.93665
1/mass: 0.09125 pull:-0.425263
1/mass: 0.09375 pull:0.800695
1/mass: 0.09625 pull:-1.97701
1/mass: 0.09875 pull:-0.561422
1/mass: 0.10125 pull:1.59254
1/mass: 0.10375 pull:-1.00863
1/mass: 0.10625 pull:0.434642
1/mass: 0.10875 pull:-1.09983
1/mass: 0.11125 pull:-1.30616
1/mass: 0.11375 pull:0.046941
1/mass: 0.11625 pull:0.567981
1/mass: 0.11875 pull:-0.607725
1/mass: 0.12125 pull:0.138713
1/mass: 0.12375 pull:-1.28974
1/mass: 0.12625 pull:3.35894
1/mass: 0.12875 pull:0.363931
1/mass: 0.13125 pull:1.15959
1/mass: 0.13375 pull:-1.73124
1/mass: 0.13625 pull:0.293205
1/mass: 0.13875 pull:1.39634
1/mass: 0.14125 pull:-1.90212
1/mass: 0.14375 pull:-1.62643
1/mass: 0.14625 pull:-2.65512
1/mass: 0.14875 pull:-0.647104
1/mass: 0.15125 pull:-0.334065
1/mass: 0.15375 pull:-0.882909
1/mass: 0.15625 pull:-1.34852
1/mass: 0.15875 pull:-0.828249
1/mass: 0.16125 pull:-0.0415699
1/mass: 0.16375 pull:-0.667611
1/mass: 0.16625 pull:0.263153
1/mass: 0.16875 pull:0.996401
1/mass: 0.17125 pull:0.81998
1/mass: 0.17375 pull:1.42153
1/mass: 0.17625 pull:1.03014
1/mass: 0.17875 pull:-0.478568
1/mass: 0.18125 pull:2.20147
1/mass: 0.18375 pull:1.60543
1/mass: 0.18625 pull:1.8001
1/mass: 0.18875 pull:3.00748
1/mass: 0.19125 pull:0.236949
1/mass: 0.19375 pull:1.03013
1/mass: 0.19625 pull:1.41318
1/mass: 0.19875 pull:0.193045
1/mass: 0.20125 pull:0.190759
1/mass: 0.20375 pull:0.574985
1/mass: 0.20625 pull:0.588384
1/mass: 0.20875 pull:0.924596
1/mass: 0.21125 pull:1.23203
1/mass: 0.21375 pull:0.172173
1/mass: 0.21625 pull:2.24485
1/mass: 0.21875 pull:0.888371
1/mass: 0.22125 pull:0.983587
1/mass: 0.22375 pull:-4.45193
1/mass: 0.22625 pull:0.834065
1/mass: 0.22875 pull:0.108646
2
2
2
Fitting bin 31 (Ek: 8.11658-9.65954 GeV/n)...
[#1] INFO:Minimization -- p.d.f. provides expected number of events, including extended term in likelihood.
[#1] INFO:Fitting -- RooAbsPdf::fitTo(model) fixing normalization set for coefficient determination to observables in data
[#1] INFO:Fitting -- Creation of NLL object took 178.031 μs
[#1] INFO:Fitting -- RooAddition::defaultErrorLevel(nll_model_data) Summation contains a RooNLLVar, using its error level
[#1] INFO:Minimization -- RooAbsMinimizerFcn::setOptimizeConst: activating const optimization
[#1] INFO:Fitting -- RooAbsPdf::fitTo(model) Calculating sum-of-weights-squared correction matrix for covariance matrix
[#1] INFO:Minimization -- RooAbsMinimizerFcn::setOptimizeConst: deactivating const optimization
Total chi2/ndf: 1.64567
  Fit Result: Chi2/NDF = 115.197/70 = 1.64567, Status = 0
[#1] INFO:Plotting -- RooAbsPdf::plotOn(model) directly selected PDF components: (pdf7)
[#1] INFO:Plotting -- RooAbsPdf::plotOn(model) indirectly selected PDF components: ()
[#1] INFO:Plotting -- RooAbsPdf::plotOn(model) directly selected PDF components: (pdf9)
[#1] INFO:Plotting -- RooAbsPdf::plotOn(model) indirectly selected PDF components: ()
[#1] INFO:Plotting -- RooAbsPdf::plotOn(model) directly selected PDF components: (pdf10)
[#1] INFO:Plotting -- RooAbsPdf::plotOn(model) indirectly selected PDF components: ()
1/mass: 0.05125 pull:-0.746604
1/mass: 0.05375 pull:-0.812264
1/mass: 0.05625 pull:0.566856
1/mass: 0.05875 pull:0.12224
1/mass: 0.06125 pull:-2.85634
1/mass: 0.06375 pull:-0.356717
1/mass: 0.06625 pull:0.20847
1/mass: 0.06875 pull:1.27183
1/mass: 0.07125 pull:-2.3954
1/mass: 0.07375 pull:-1.39534
1/mass: 0.07625 pull:-0.852261
1/mass: 0.07875 pull:1.18619
1/mass: 0.08125 pull:-1.71736
1/mass: 0.08375 pull:-0.149362
1/mass: 0.08625 pull:0.0839907
1/mass: 0.08875 pull:1.34151
1/mass: 0.09125 pull:2.36593
1/mass: 0.09375 pull:-0.933139
1/mass: 0.09625 pull:-1.71037
1/mass: 0.09875 pull:-0.798624
1/mass: 0.10125 pull:0.381116
1/mass: 0.10375 pull:0.994815
1/mass: 0.10625 pull:0.700069
1/mass: 0.10875 pull:-0.708686
1/mass: 0.11125 pull:-0.477057
1/mass: 0.11375 pull:-0.233952
1/mass: 0.11625 pull:1.42639
1/mass: 0.11875 pull:-0.404187
1/mass: 0.12125 pull:-1.16582
1/mass: 0.12375 pull:-0.894744
1/mass: 0.12625 pull:1.34717
1/mass: 0.12875 pull:1.27822
1/mass: 0.13125 pull:0.287452
1/mass: 0.13375 pull:-1.02199
1/mass: 0.13625 pull:0.14236
1/mass: 0.13875 pull:-1.08026
1/mass: 0.14125 pull:0.313795
1/mass: 0.14375 pull:0.976799
1/mass: 0.14625 pull:0.377237
1/mass: 0.14875 pull:-2.47484
1/mass: 0.15125 pull:-0.108638
1/mass: 0.15375 pull:-1.57771
1/mass: 0.15625 pull:-2.19284
1/mass: 0.15875 pull:0.734821
1/mass: 0.16125 pull:-1.99114
1/mass: 0.16375 pull:-0.927944
1/mass: 0.16625 pull:0.211547
1/mass: 0.16875 pull:-1.90497
1/mass: 0.17125 pull:2.22144
1/mass: 0.17375 pull:0.714618
1/mass: 0.17625 pull:0.200951
1/mass: 0.17875 pull:1.23467
1/mass: 0.18125 pull:2.2447
1/mass: 0.18375 pull:2.61479
1/mass: 0.18625 pull:1.32641
1/mass: 0.18875 pull:0.119221
1/mass: 0.19125 pull:1.80153
1/mass: 0.19375 pull:1.70677
1/mass: 0.19625 pull:1.1786
1/mass: 0.19875 pull:2.04921
1/mass: 0.20125 pull:-0.288625
1/mass: 0.20375 pull:-1.17488
1/mass: 0.20625 pull:-0.352391
1/mass: 0.20875 pull:-0.623245
1/mass: 0.21125 pull:0.546342
1/mass: 0.21375 pull:-1.40816
1/mass: 0.21625 pull:0.974857
1/mass: 0.21875 pull:1.27023
1/mass: 0.22125 pull:1.49248
1/mass: 0.22375 pull:1.07978
1/mass: 0.22625 pull:0.416705
1/mass: 0.22875 pull:0.271969
2
2
2
Fitting bin 33 (Ek: 9.65954-11.4536 GeV/n)...
[#1] INFO:Minimization -- p.d.f. provides expected number of events, including extended term in likelihood.
[#1] INFO:Fitting -- RooAbsPdf::fitTo(model) fixing normalization set for coefficient determination to observables in data
[#1] INFO:Fitting -- Creation of NLL object took 174.551 μs
[#1] INFO:Fitting -- RooAddition::defaultErrorLevel(nll_model_data) Summation contains a RooNLLVar, using its error level
[#1] INFO:Minimization -- RooAbsMinimizerFcn::setOptimizeConst: activating const optimization
[#1] INFO:Fitting -- RooAbsPdf::fitTo(model) Calculating sum-of-weights-squared correction matrix for covariance matrix
[#1] INFO:Minimization -- RooAbsMinimizerFcn::setOptimizeConst: deactivating const optimization
Total chi2/ndf: 1.0771
  Fit Result: Chi2/NDF = 75.3973/70 = 1.0771, Status = 0
[#1] INFO:Plotting -- RooAbsPdf::plotOn(model) directly selected PDF components: (pdf7)
[#1] INFO:Plotting -- RooAbsPdf::plotOn(model) indirectly selected PDF components: ()
[#1] INFO:Plotting -- RooAbsPdf::plotOn(model) directly selected PDF components: (pdf9)
[#1] INFO:Plotting -- RooAbsPdf::plotOn(model) indirectly selected PDF components: ()
[#1] INFO:Plotting -- RooAbsPdf::plotOn(model) directly selected PDF components: (pdf10)
[#1] INFO:Plotting -- RooAbsPdf::plotOn(model) indirectly selected PDF components: ()
1/mass: 0.05125 pull:-0.674791
1/mass: 0.05375 pull:0.648175
1/mass: 0.05625 pull:-0.456433
1/mass: 0.05875 pull:-0.227951
1/mass: 0.06125 pull:-1.66719
1/mass: 0.06375 pull:1.3085
1/mass: 0.06625 pull:-1.0792
1/mass: 0.06875 pull:0.20317
1/mass: 0.07125 pull:0.276574
1/mass: 0.07375 pull:1.68419
1/mass: 0.07625 pull:-2.09174
1/mass: 0.07875 pull:0.979663
1/mass: 0.08125 pull:-1.02836
1/mass: 0.08375 pull:0.160956
1/mass: 0.08625 pull:0.561611
1/mass: 0.08875 pull:-0.658992
1/mass: 0.09125 pull:-0.722803
1/mass: 0.09375 pull:0.994936
1/mass: 0.09625 pull:-0.678961
1/mass: 0.09875 pull:-0.192054
1/mass: 0.10125 pull:-1.3317
1/mass: 0.10375 pull:-0.752747
1/mass: 0.10625 pull:0.178832
1/mass: 0.10875 pull:1.17504
1/mass: 0.11125 pull:0.0631
1/mass: 0.11375 pull:0.0423534
1/mass: 0.11625 pull:1.66668
1/mass: 0.11875 pull:1.09931
1/mass: 0.12125 pull:1.31267
1/mass: 0.12375 pull:-0.728436
1/mass: 0.12625 pull:-0.677537
1/mass: 0.12875 pull:-0.571886
1/mass: 0.13125 pull:-1.31087
1/mass: 0.13375 pull:0.500509
1/mass: 0.13625 pull:-0.750182
1/mass: 0.13875 pull:0.660167
1/mass: 0.14125 pull:-2.31709
1/mass: 0.14375 pull:-0.672276
1/mass: 0.14625 pull:-0.160568
1/mass: 0.14875 pull:-0.181048
1/mass: 0.15125 pull:-2.2832
1/mass: 0.15375 pull:-0.942776
1/mass: 0.15625 pull:-1.41375
1/mass: 0.15875 pull:0.319492
1/mass: 0.16125 pull:-0.598512
1/mass: 0.16375 pull:1.56346
1/mass: 0.16625 pull:0.245012
1/mass: 0.16875 pull:-0.711677
1/mass: 0.17125 pull:0.31835
1/mass: 0.17375 pull:1.28384
1/mass: 0.17625 pull:-0.679962
1/mass: 0.17875 pull:0.537836
1/mass: 0.18125 pull:0.829281
1/mass: 0.18375 pull:1.01663
1/mass: 0.18625 pull:0.692617
1/mass: 0.18875 pull:0.980515
1/mass: 0.19125 pull:1.63872
1/mass: 0.19375 pull:2.12791
1/mass: 0.19625 pull:1.45606
1/mass: 0.19875 pull:1.03231
1/mass: 0.20125 pull:0.731072
1/mass: 0.20375 pull:0.536094
1/mass: 0.20625 pull:1.04527
1/mass: 0.20875 pull:1.40286
1/mass: 0.21125 pull:1.53673
1/mass: 0.21375 pull:0.812904
1/mass: 0.21625 pull:0.396748
1/mass: 0.21875 pull:-0.355963
1/mass: 0.22125 pull:0.660084
1/mass: 0.22375 pull:0.635496
1/mass: 0.22625 pull:-0.756591
1/mass: 0.22875 pull:0.77813
2
2
2
Fitting bin 35 (Ek: 11.4536-13.4986 GeV/n)...
[#1] INFO:Minimization -- p.d.f. provides expected number of events, including extended term in likelihood.
[#1] INFO:Fitting -- RooAbsPdf::fitTo(model) fixing normalization set for coefficient determination to observables in data
[#1] INFO:Fitting -- Creation of NLL object took 193.881 μs
[#1] INFO:Fitting -- RooAddition::defaultErrorLevel(nll_model_data) Summation contains a RooNLLVar, using its error level
[#1] INFO:Minimization -- RooAbsMinimizerFcn::setOptimizeConst: activating const optimization
[#1] INFO:Fitting -- RooAbsPdf::fitTo(model) Calculating sum-of-weights-squared correction matrix for covariance matrix
[#1] INFO:Minimization -- RooAbsMinimizerFcn::setOptimizeConst: deactivating const optimization
Total chi2/ndf: 1.45431
  Fit Result: Chi2/NDF = 101.802/70 = 1.45431, Status = 0
[#1] INFO:Plotting -- RooAbsPdf::plotOn(model) directly selected PDF components: (pdf7)
[#1] INFO:Plotting -- RooAbsPdf::plotOn(model) indirectly selected PDF components: ()
[#1] INFO:Plotting -- RooAbsPdf::plotOn(model) directly selected PDF components: (pdf9)
[#1] INFO:Plotting -- RooAbsPdf::plotOn(model) indirectly selected PDF components: ()
[#1] INFO:Plotting -- RooAbsPdf::plotOn(model) directly selected PDF components: (pdf10)
[#1] INFO:Plotting -- RooAbsPdf::plotOn(model) indirectly selected PDF components: ()
1/mass: 0.05125 pull:0.0733363
1/mass: 0.05375 pull:1.68021
1/mass: 0.05625 pull:-1.3831
1/mass: 0.05875 pull:0.515825
1/mass: 0.06125 pull:0.00837351
1/mass: 0.06375 pull:-0.304156
1/mass: 0.06625 pull:-3.84019
1/mass: 0.06875 pull:0.8868
1/mass: 0.07125 pull:0.971559
1/mass: 0.07375 pull:0.192992
1/mass: 0.07625 pull:-0.771608
1/mass: 0.07875 pull:-0.579805
1/mass: 0.08125 pull:0.583502
1/mass: 0.08375 pull:0.3207
1/mass: 0.08625 pull:-0.90507
1/mass: 0.08875 pull:-0.445381
1/mass: 0.09125 pull:1.05061
1/mass: 0.09375 pull:1.14991
1/mass: 0.09625 pull:0.809541
1/mass: 0.09875 pull:-1.12121
1/mass: 0.10125 pull:-0.460737
1/mass: 0.10375 pull:-0.861366
1/mass: 0.10625 pull:-0.905252
1/mass: 0.10875 pull:0.941436
1/mass: 0.11125 pull:-0.289509
1/mass: 0.11375 pull:0.951307
1/mass: 0.11625 pull:1.69233
1/mass: 0.11875 pull:-2.38829
1/mass: 0.12125 pull:-0.985686
1/mass: 0.12375 pull:0.151732
1/mass: 0.12625 pull:1.73722
1/mass: 0.12875 pull:-0.691186
1/mass: 0.13125 pull:0.41953
1/mass: 0.13375 pull:0.628486
1/mass: 0.13625 pull:0.409235
1/mass: 0.13875 pull:-0.21555
1/mass: 0.14125 pull:-0.97223
1/mass: 0.14375 pull:-0.0514451
1/mass: 0.14625 pull:1.4739
1/mass: 0.14875 pull:-1.31712
1/mass: 0.15125 pull:-1.01642
1/mass: 0.15375 pull:-1.00642
1/mass: 0.15625 pull:-0.261789
1/mass: 0.15875 pull:-0.332648
1/mass: 0.16125 pull:-1.40387
1/mass: 0.16375 pull:0.049413
1/mass: 0.16625 pull:-1.53995
1/mass: 0.16875 pull:0.197024
1/mass: 0.17125 pull:-1.08575
1/mass: 0.17375 pull:-1.47374
1/mass: 0.17625 pull:0.253469
1/mass: 0.17875 pull:0.368866
1/mass: 0.18125 pull:1.5656
1/mass: 0.18375 pull:2.42974
1/mass: 0.18625 pull:0.0655051
1/mass: 0.18875 pull:0.92986
1/mass: 0.19125 pull:0.138064
1/mass: 0.19375 pull:0.943239
1/mass: 0.19625 pull:2.25771
1/mass: 0.19875 pull:-0.689704
1/mass: 0.20125 pull:-0.0115465
1/mass: 0.20375 pull:3.28028
1/mass: 0.20625 pull:1.29665
1/mass: 0.20875 pull:-0.42843
1/mass: 0.21125 pull:0.95294
1/mass: 0.21375 pull:0.63606
1/mass: 0.21625 pull:1.6842
1/mass: 0.21875 pull:-2.12341
1/mass: 0.22125 pull:0.367921
1/mass: 0.22375 pull:0.559619
1/mass: 0.22625 pull:-1.34641
1/mass: 0.22875 pull:1.30358
2
2
2
Fitting bin 37 (Ek: 13.4986-15.8444 GeV/n)...
[#1] INFO:Minimization -- p.d.f. provides expected number of events, including extended term in likelihood.
[#1] INFO:Fitting -- RooAbsPdf::fitTo(model) fixing normalization set for coefficient determination to observables in data
[#1] INFO:Fitting -- Creation of NLL object took 207.911 μs
[#1] INFO:Fitting -- RooAddition::defaultErrorLevel(nll_model_data) Summation contains a RooNLLVar, using its error level
[#1] INFO:Minimization -- RooAbsMinimizerFcn::setOptimizeConst: activating const optimization
[#1] INFO:Fitting -- RooAbsPdf::fitTo(model) Calculating sum-of-weights-squared correction matrix for covariance matrix
[#1] INFO:Minimization -- RooAbsMinimizerFcn::setOptimizeConst: deactivating const optimization
Total chi2/ndf: 1.14402
  Fit Result: Chi2/NDF = 80.0816/70 = 1.14402, Status = 0
[#1] INFO:Plotting -- RooAbsPdf::plotOn(model) directly selected PDF components: (pdf7)
[#1] INFO:Plotting -- RooAbsPdf::plotOn(model) indirectly selected PDF components: ()
[#1] INFO:Plotting -- RooAbsPdf::plotOn(model) directly selected PDF components: (pdf9)
[#1] INFO:Plotting -- RooAbsPdf::plotOn(model) indirectly selected PDF components: ()
[#1] INFO:Plotting -- RooAbsPdf::plotOn(model) directly selected PDF components: (pdf10)
[#1] INFO:Plotting -- RooAbsPdf::plotOn(model) indirectly selected PDF components: ()
1/mass: 0.05125 pull:-0.176729
1/mass: 0.05375 pull:0.887879
1/mass: 0.05625 pull:1.3186
1/mass: 0.05875 pull:-0.220742
1/mass: 0.06125 pull:0.135737
1/mass: 0.06375 pull:0.485156
1/mass: 0.06625 pull:-2.25991
1/mass: 0.06875 pull:0.252903
1/mass: 0.07125 pull:1.49807
1/mass: 0.07375 pull:-0.797787
1/mass: 0.07625 pull:-0.815128
1/mass: 0.07875 pull:0.458652
1/mass: 0.08125 pull:0.136706
1/mass: 0.08375 pull:-1.09645
1/mass: 0.08625 pull:-0.627202
1/mass: 0.08875 pull:0.890703
1/mass: 0.09125 pull:0.836632
1/mass: 0.09375 pull:-0.53398
1/mass: 0.09625 pull:0.90133
1/mass: 0.09875 pull:0.895375
1/mass: 0.10125 pull:0.549976
1/mass: 0.10375 pull:-0.442635
1/mass: 0.10625 pull:-1.05773
1/mass: 0.10875 pull:-1.30129
1/mass: 0.11125 pull:-1.28695
1/mass: 0.11375 pull:-0.220591
1/mass: 0.11625 pull:1.19395
1/mass: 0.11875 pull:-0.80188
1/mass: 0.12125 pull:-0.467368
1/mass: 0.12375 pull:0.120947
1/mass: 0.12625 pull:1.24488
1/mass: 0.12875 pull:0.702431
1/mass: 0.13125 pull:1.63455
1/mass: 0.13375 pull:0.553392
1/mass: 0.13625 pull:-0.124267
1/mass: 0.13875 pull:0.128907
1/mass: 0.14125 pull:0.109836
1/mass: 0.14375 pull:0.848214
1/mass: 0.14625 pull:-2.3726
1/mass: 0.14875 pull:-2.71085
1/mass: 0.15125 pull:-0.422132
1/mass: 0.15375 pull:-0.498869
1/mass: 0.15625 pull:0.0567869
1/mass: 0.15875 pull:-0.244964
1/mass: 0.16125 pull:-0.689792
1/mass: 0.16375 pull:-1.52409
1/mass: 0.16625 pull:0.550884
1/mass: 0.16875 pull:0.961884
1/mass: 0.17125 pull:1.56639
1/mass: 0.17375 pull:-1.1619
1/mass: 0.17625 pull:-0.0921855
1/mass: 0.17875 pull:1.80288
1/mass: 0.18125 pull:-1.11511
1/mass: 0.18375 pull:-1.95138
1/mass: 0.18625 pull:0.502594
1/mass: 0.18875 pull:-0.860718
1/mass: 0.19125 pull:0.434625
1/mass: 0.19375 pull:0.559022
1/mass: 0.19625 pull:1.35292
1/mass: 0.19875 pull:0.117582
1/mass: 0.20125 pull:0.745075
1/mass: 0.20375 pull:1.2739
1/mass: 0.20625 pull:0.800595
1/mass: 0.20875 pull:1.58332
1/mass: 0.21125 pull:0.650212
1/mass: 0.21375 pull:-1.00462
1/mass: 0.21625 pull:-1.40715
1/mass: 0.21875 pull:1.34559
1/mass: 0.22125 pull:0.43019
1/mass: 0.22375 pull:-0.254751
1/mass: 0.22625 pull:1.27389
1/mass: 0.22875 pull:2.1945
2
2
2
Fitting bin 39 (Ek: 15.8444-18.5408 GeV/n)...
[#1] INFO:Minimization -- p.d.f. provides expected number of events, including extended term in likelihood.
[#1] INFO:Fitting -- RooAbsPdf::fitTo(model) fixing normalization set for coefficient determination to observables in data
[#1] INFO:Fitting -- Creation of NLL object took 156.82 μs
[#1] INFO:Fitting -- RooAddition::defaultErrorLevel(nll_model_data) Summation contains a RooNLLVar, using its error level
[#1] INFO:Minimization -- RooAbsMinimizerFcn::setOptimizeConst: activating const optimization
[#1] INFO:Fitting -- RooAbsPdf::fitTo(model) Calculating sum-of-weights-squared correction matrix for covariance matrix
[#1] INFO:Minimization -- RooAbsMinimizerFcn::setOptimizeConst: deactivating const optimization
Total chi2/ndf: 1.20227
  Fit Result: Chi2/NDF = 84.1586/70 = 1.20227, Status = 0
[#1] INFO:Plotting -- RooAbsPdf::plotOn(model) directly selected PDF components: (pdf7)
[#1] INFO:Plotting -- RooAbsPdf::plotOn(model) indirectly selected PDF components: ()
[#1] INFO:Plotting -- RooAbsPdf::plotOn(model) directly selected PDF components: (pdf9)
[#1] INFO:Plotting -- RooAbsPdf::plotOn(model) indirectly selected PDF components: ()
[#1] INFO:Plotting -- RooAbsPdf::plotOn(model) directly selected PDF components: (pdf10)
[#1] INFO:Plotting -- RooAbsPdf::plotOn(model) indirectly selected PDF components: ()
1/mass: 0.05125 pull:0.176229
1/mass: 0.05375 pull:-0.240015
1/mass: 0.05625 pull:0.736472
1/mass: 0.05875 pull:-1.93878
1/mass: 0.06125 pull:-1.02938
1/mass: 0.06375 pull:1.16755
1/mass: 0.06625 pull:-1.24889
1/mass: 0.06875 pull:-0.666624
1/mass: 0.07125 pull:0.0868794
1/mass: 0.07375 pull:0.229887
1/mass: 0.07625 pull:0.425246
1/mass: 0.07875 pull:-0.0541665
1/mass: 0.08125 pull:0.112723
1/mass: 0.08375 pull:1.3652
1/mass: 0.08625 pull:-1.32076
1/mass: 0.08875 pull:0.825936
1/mass: 0.09125 pull:-0.559913
1/mass: 0.09375 pull:0.271928
1/mass: 0.09625 pull:-1.33763
1/mass: 0.09875 pull:0.701769
1/mass: 0.10125 pull:-0.370883
1/mass: 0.10375 pull:-0.619426
1/mass: 0.10625 pull:-0.595567
1/mass: 0.10875 pull:2.64267
1/mass: 0.11125 pull:0.208156
1/mass: 0.11375 pull:0.678169
1/mass: 0.11625 pull:-1.94754
1/mass: 0.11875 pull:0.616059
1/mass: 0.12125 pull:-0.0130314
1/mass: 0.12375 pull:-0.47242
1/mass: 0.12625 pull:-1.05402
1/mass: 0.12875 pull:1.28939
1/mass: 0.13125 pull:-1.03266
1/mass: 0.13375 pull:0.736716
1/mass: 0.13625 pull:1.37754
1/mass: 0.13875 pull:1.20996
1/mass: 0.14125 pull:-2.43852
1/mass: 0.14375 pull:1.02855
1/mass: 0.14625 pull:-2.37431
1/mass: 0.14875 pull:-0.750429
1/mass: 0.15125 pull:1.06566
1/mass: 0.15375 pull:0.709415
1/mass: 0.15625 pull:-0.243829
1/mass: 0.15875 pull:-0.583196
1/mass: 0.16125 pull:0.785271
1/mass: 0.16375 pull:-0.351651
1/mass: 0.16625 pull:0.703635
1/mass: 0.16875 pull:-1.63743
1/mass: 0.17125 pull:-0.570377
1/mass: 0.17375 pull:0.0675448
1/mass: 0.17625 pull:0.82522
1/mass: 0.17875 pull:-0.625255
1/mass: 0.18125 pull:0.890168
1/mass: 0.18375 pull:-1.71044
1/mass: 0.18625 pull:-2.8801
1/mass: 0.18875 pull:0.202844
1/mass: 0.19125 pull:-0.219577
1/mass: 0.19375 pull:1.42304
1/mass: 0.19625 pull:0.136387
1/mass: 0.19875 pull:1.18389
1/mass: 0.20125 pull:1.31818
1/mass: 0.20375 pull:1.16572
1/mass: 0.20625 pull:-0.717506
1/mass: 0.20875 pull:-0.0425575
1/mass: 0.21125 pull:-1.30627
1/mass: 0.21375 pull:0.684809
1/mass: 0.21625 pull:-0.518214
1/mass: 0.21875 pull:1.3471
1/mass: 0.22125 pull:1.26148
1/mass: 0.22375 pull:0.688753
1/mass: 0.22625 pull:-0.217745
1/mass: 0.22875 pull:1.23628
2
2
2
Fitting bin 41 (Ek: 18.5408-21.6377 GeV/n)...
[#1] INFO:Minimization -- p.d.f. provides expected number of events, including extended term in likelihood.
[#1] INFO:Fitting -- RooAbsPdf::fitTo(model) fixing normalization set for coefficient determination to observables in data
[#1] INFO:Fitting -- Creation of NLL object took 156.031 μs
[#1] INFO:Fitting -- RooAddition::defaultErrorLevel(nll_model_data) Summation contains a RooNLLVar, using its error level
[#1] INFO:Minimization -- RooAbsMinimizerFcn::setOptimizeConst: activating const optimization
[#1] INFO:Fitting -- RooAbsPdf::fitTo(model) Calculating sum-of-weights-squared correction matrix for covariance matrix
[#1] INFO:Minimization -- RooAbsMinimizerFcn::setOptimizeConst: deactivating const optimization
Total chi2/ndf: 1.02189
  Fit Result: Chi2/NDF = 71.5323/70 = 1.02189, Status = 0
[#1] INFO:Plotting -- RooAbsPdf::plotOn(model) directly selected PDF components: (pdf7)
[#1] INFO:Plotting -- RooAbsPdf::plotOn(model) indirectly selected PDF components: ()
[#1] INFO:Plotting -- RooAbsPdf::plotOn(model) directly selected PDF components: (pdf9)
[#1] INFO:Plotting -- RooAbsPdf::plotOn(model) indirectly selected PDF components: ()
[#1] INFO:Plotting -- RooAbsPdf::plotOn(model) directly selected PDF components: (pdf10)
[#1] INFO:Plotting -- RooAbsPdf::plotOn(model) indirectly selected PDF components: ()
1/mass: 0.05125 pull:-1.62379
1/mass: 0.05375 pull:-0.143005
1/mass: 0.05625 pull:0.241642
1/mass: 0.05875 pull:-1.44345
1/mass: 0.06125 pull:0.991778
1/mass: 0.06375 pull:0.875385
1/mass: 0.06625 pull:-1.86313
1/mass: 0.06875 pull:-0.359689
1/mass: 0.07125 pull:-0.355421
1/mass: 0.07375 pull:-0.342599
1/mass: 0.07625 pull:1.15979
1/mass: 0.07875 pull:-0.425251
1/mass: 0.08125 pull:0.0194726
1/mass: 0.08375 pull:-0.396
1/mass: 0.08625 pull:-0.719972
1/mass: 0.08875 pull:1.3058
1/mass: 0.09125 pull:0.38139
1/mass: 0.09375 pull:2.57571
1/mass: 0.09625 pull:-1.2791
1/mass: 0.09875 pull:-0.433495
1/mass: 0.10125 pull:0.735019
1/mass: 0.10375 pull:-0.238102
1/mass: 0.10625 pull:-0.921874
1/mass: 0.10875 pull:-0.471517
1/mass: 0.11125 pull:-3.41354
1/mass: 0.11375 pull:0.534661
1/mass: 0.11625 pull:0.600696
1/mass: 0.11875 pull:0.030096
1/mass: 0.12125 pull:0.0351023
1/mass: 0.12375 pull:0.753392
1/mass: 0.12625 pull:0.990365
1/mass: 0.12875 pull:0.133905
1/mass: 0.13125 pull:1.60193
1/mass: 0.13375 pull:-0.122224
1/mass: 0.13625 pull:0.946033
1/mass: 0.13875 pull:-0.669631
1/mass: 0.14125 pull:-1.47817
1/mass: 0.14375 pull:0.144713
1/mass: 0.14625 pull:2.04912
1/mass: 0.14875 pull:-0.0272432
1/mass: 0.15125 pull:-0.474444
1/mass: 0.15375 pull:-0.721207
1/mass: 0.15625 pull:-1.27469
1/mass: 0.15875 pull:1.13289
1/mass: 0.16125 pull:-0.342145
1/mass: 0.16375 pull:0.355548
1/mass: 0.16625 pull:-0.748262
1/mass: 0.16875 pull:-0.855785
1/mass: 0.17125 pull:-0.898453
1/mass: 0.17375 pull:-1.22941
1/mass: 0.17625 pull:-1.41102
1/mass: 0.17875 pull:0.555258
1/mass: 0.18125 pull:0.728216
1/mass: 0.18375 pull:-1.20291
1/mass: 0.18625 pull:0.365756
1/mass: 0.18875 pull:-0.0826696
1/mass: 0.19125 pull:-0.00771254
1/mass: 0.19375 pull:1.93625
1/mass: 0.19625 pull:0.00393628
1/mass: 0.19875 pull:-0.420799
1/mass: 0.20125 pull:1.74818
1/mass: 0.20375 pull:0.947142
1/mass: 0.20625 pull:-0.157673
1/mass: 0.20875 pull:-0.395649
1/mass: 0.21125 pull:0.592386
1/mass: 0.21375 pull:0.33061
1/mass: 0.21625 pull:-1.14628
1/mass: 0.21875 pull:-0.337763
1/mass: 0.22125 pull:-0.194604
1/mass: 0.22375 pull:-0.148466
1/mass: 0.22625 pull:0.847394
1/mass: 0.22875 pull:0.33149

[SUCCESS] Fitting process completed. Results saved to:
/eos/user/z/zixuan/Isotope/MassTempFit/wide_MassTF_Be_UnbiasedL1Inner_H2_UseMass7.pdf
/eos/user/z/zixuan/Isotope/MassTempFit/wide_MassTF_Be_UnbiasedL1Inner_H2_UseMass7.root
====================================================================
Starting FRAGMENT Mass Template Fit for: Be from source Boron (UseMass: 7)
Chain: UnbiasedL1Inner
Templates: Pure (H2)
====================================================================
[INFO] Data file loaded: root://eoshome-z.cern.ch//eos/user/z/zixuan/Isotope/Add/Be_frag4.root
[INFO] Output ROOT file: /eos/user/z/zixuan/Isotope/MassTempFit/wide_MassTF_Be_UnbiasedL1Inner_H2_UseMass7_FragFromBoron.root

--- Processing Detector: TOF ---
2
2
2
Fitting bin 5 (Ek: 0.267548-0.406144 GeV/n)...
[#1] INFO:Minimization -- p.d.f. provides expected number of events, including extended term in likelihood.
[#1] INFO:Fitting -- RooAbsPdf::fitTo(model) fixing normalization set for coefficient determination to observables in data
[#1] INFO:Fitting -- Creation of NLL object took 253.391 μs
[#1] INFO:Fitting -- RooAddition::defaultErrorLevel(nll_model_data) Summation contains a RooNLLVar, using its error level
[#1] INFO:Minimization -- RooAbsMinimizerFcn::setOptimizeConst: activating const optimization
[#1] INFO:Fitting -- RooAbsPdf::fitTo(model) Calculating sum-of-weights-squared correction matrix for covariance matrix
[#1] INFO:Minimization -- RooAbsMinimizerFcn::setOptimizeConst: deactivating const optimization
Total chi2/ndf: 0.789465
  Fit Result: Chi2/NDF = 26.8418/34 = 0.789465, Status = 0
[#1] INFO:Plotting -- RooAbsPdf::plotOn(model) directly selected PDF components: (pdf7)
[#1] INFO:Plotting -- RooAbsPdf::plotOn(model) indirectly selected PDF components: ()
[#1] INFO:Plotting -- RooAbsPdf::plotOn(model) directly selected PDF components: (pdf9)
[#1] INFO:Plotting -- RooAbsPdf::plotOn(model) indirectly selected PDF components: ()
[#1] INFO:Plotting -- RooAbsPdf::plotOn(model) directly selected PDF components: (pdf10)
[#1] INFO:Plotting -- RooAbsPdf::plotOn(model) indirectly selected PDF components: ()
1/mass: 0.0525 pull:0.374852
1/mass: 0.0575 pull:0.0997138
1/mass: 0.0625 pull:0.785784
1/mass: 0.0675 pull:1.11597
1/mass: 0.0725 pull:1.82148
1/mass: 0.0775 pull:1.19243
1/mass: 0.0825 pull:-0.197067
1/mass: 0.0875 pull:-0.0193539
1/mass: 0.0925 pull:0.522989
1/mass: 0.0975 pull:-0.604585
1/mass: 0.1025 pull:-1.34524
1/mass: 0.1075 pull:-0.229812
1/mass: 0.1125 pull:0.2366
1/mass: 0.1175 pull:-0.0070092
1/mass: 0.1225 pull:0.482009
1/mass: 0.1275 pull:-1.306
1/mass: 0.1325 pull:0.953793
1/mass: 0.1375 pull:-0.642501
1/mass: 0.1425 pull:1.38283
1/mass: 0.1475 pull:0.585771
1/mass: 0.1525 pull:-0.191229
1/mass: 0.1575 pull:0.344487
1/mass: 0.1625 pull:-2.06802
1/mass: 0.1675 pull:-0.361145
1/mass: 0.1725 pull:0.747663
1/mass: 0.1775 pull:0.243219
1/mass: 0.1825 pull:0.201901
1/mass: 0.1875 pull:-0.408136
1/mass: 0.1925 pull:0.279862
1/mass: 0.1975 pull:0.9912
1/mass: 0.2025 pull:-1.29665
1/mass: 0.2075 pull:-1.23251
1/mass: 0.2125 pull:0.329999
1/mass: 0.2175 pull:0.355127
1/mass: 0.2225 pull:-1.30964
1/mass: 0.2275 pull:-0.614016
2
2
2
Fitting bin 7 (Ek: 0.406144-0.587609 GeV/n)...
[#1] INFO:Minimization -- p.d.f. provides expected number of events, including extended term in likelihood.
[#1] INFO:Fitting -- RooAbsPdf::fitTo(model) fixing normalization set for coefficient determination to observables in data
[#1] INFO:Fitting -- Creation of NLL object took 147.141 μs
[#1] INFO:Fitting -- RooAddition::defaultErrorLevel(nll_model_data) Summation contains a RooNLLVar, using its error level
[#1] INFO:Minimization -- RooAbsMinimizerFcn::setOptimizeConst: activating const optimization
[#1] INFO:Fitting -- RooAbsPdf::fitTo(model) Calculating sum-of-weights-squared correction matrix for covariance matrix
[#1] INFO:Minimization -- RooAbsMinimizerFcn::setOptimizeConst: deactivating const optimization
Total chi2/ndf: 1.79624
  Fit Result: Chi2/NDF = 61.0722/34 = 1.79624, Status = 0
[#1] INFO:Plotting -- RooAbsPdf::plotOn(model) directly selected PDF components: (pdf7)
[#1] INFO:Plotting -- RooAbsPdf::plotOn(model) indirectly selected PDF components: ()
[#1] INFO:Plotting -- RooAbsPdf::plotOn(model) directly selected PDF components: (pdf9)
[#1] INFO:Plotting -- RooAbsPdf::plotOn(model) indirectly selected PDF components: ()
[#1] INFO:Plotting -- RooAbsPdf::plotOn(model) directly selected PDF components: (pdf10)
[#1] INFO:Plotting -- RooAbsPdf::plotOn(model) indirectly selected PDF components: ()
1/mass: 0.0525 pull:0.969201
1/mass: 0.0575 pull:0.152204
1/mass: 0.0625 pull:-2.35227
1/mass: 0.0675 pull:2.31807
1/mass: 0.0725 pull:2.02623
1/mass: 0.0775 pull:1.12663
1/mass: 0.0825 pull:1.02995
1/mass: 0.0875 pull:0.854335
1/mass: 0.0925 pull:2.01776
1/mass: 0.0975 pull:-0.307882
1/mass: 0.1025 pull:-0.255986
1/mass: 0.1075 pull:-1.96702
1/mass: 0.1125 pull:-2.55909
1/mass: 0.1175 pull:-0.44882
1/mass: 0.1225 pull:-0.0279021
1/mass: 0.1275 pull:0.508457
1/mass: 0.1325 pull:2.19916
1/mass: 0.1375 pull:0.995983
1/mass: 0.1425 pull:-0.97025
1/mass: 0.1475 pull:0.88587
1/mass: 0.1525 pull:-0.319145
1/mass: 0.1575 pull:-0.0441388
1/mass: 0.1625 pull:0.193142
1/mass: 0.1675 pull:-3.40146
1/mass: 0.1725 pull:-0.0402797
1/mass: 0.1775 pull:-0.0125177
1/mass: 0.1825 pull:-0.64378
1/mass: 0.1875 pull:1.28771
1/mass: 0.1925 pull:1.15894
1/mass: 0.1975 pull:1.4315
1/mass: 0.2025 pull:0.0882658
1/mass: 0.2075 pull:-0.442494
1/mass: 0.2125 pull:1.1154
1/mass: 0.2175 pull:0.109623
1/mass: 0.2225 pull:-0.0672289
1/mass: 0.2275 pull:-0.854677
2
2
2
Fitting bin 9 (Ek: 0.587609-0.821474 GeV/n)...
[#1] INFO:Minimization -- p.d.f. provides expected number of events, including extended term in likelihood.
[#1] INFO:Fitting -- RooAbsPdf::fitTo(model) fixing normalization set for coefficient determination to observables in data
[#1] INFO:Fitting -- Creation of NLL object took 168.292 μs
[#1] INFO:Fitting -- RooAddition::defaultErrorLevel(nll_model_data) Summation contains a RooNLLVar, using its error level
[#1] INFO:Minimization -- RooAbsMinimizerFcn::setOptimizeConst: activating const optimization
[#1] INFO:Fitting -- RooAbsPdf::fitTo(model) Calculating sum-of-weights-squared correction matrix for covariance matrix
[#1] INFO:Minimization -- RooAbsMinimizerFcn::setOptimizeConst: deactivating const optimization
Total chi2/ndf: 1.89744
  Fit Result: Chi2/NDF = 64.5131/34 = 1.89744, Status = 0
[#1] INFO:Plotting -- RooAbsPdf::plotOn(model) directly selected PDF components: (pdf7)
[#1] INFO:Plotting -- RooAbsPdf::plotOn(model) indirectly selected PDF components: ()
[#1] INFO:Plotting -- RooAbsPdf::plotOn(model) directly selected PDF components: (pdf9)
[#1] INFO:Plotting -- RooAbsPdf::plotOn(model) indirectly selected PDF components: ()
[#1] INFO:Plotting -- RooAbsPdf::plotOn(model) directly selected PDF components: (pdf10)
[#1] INFO:Plotting -- RooAbsPdf::plotOn(model) indirectly selected PDF components: ()
1/mass: 0.0525 pull:0.468723
1/mass: 0.0575 pull:2.23718
1/mass: 0.0625 pull:0.239012
1/mass: 0.0675 pull:0.58507
1/mass: 0.0725 pull:0.923492
1/mass: 0.0775 pull:2.08475
1/mass: 0.0825 pull:2.47616
1/mass: 0.0875 pull:2.02389
1/mass: 0.0925 pull:0.407505
1/mass: 0.0975 pull:0.73335
1/mass: 0.1025 pull:-2.72192
1/mass: 0.1075 pull:-1.9417
1/mass: 0.1125 pull:-0.931364
1/mass: 0.1175 pull:-0.0173782
1/mass: 0.1225 pull:-0.560762
1/mass: 0.1275 pull:0.901321
1/mass: 0.1325 pull:1.80271
1/mass: 0.1375 pull:0.876505
1/mass: 0.1425 pull:-1.54662
1/mass: 0.1475 pull:0.959513
1/mass: 0.1525 pull:0.348621
1/mass: 0.1575 pull:-0.766753
1/mass: 0.1625 pull:-1.54619
1/mass: 0.1675 pull:-2.0906
1/mass: 0.1725 pull:0.331515
1/mass: 0.1775 pull:-1.2491
1/mass: 0.1825 pull:2.12353
1/mass: 0.1875 pull:1.02464
1/mass: 0.1925 pull:2.23389
1/mass: 0.1975 pull:-0.280133
1/mass: 0.2025 pull:-0.1308
1/mass: 0.2075 pull:1.16367
1/mass: 0.2125 pull:0.790544
1/mass: 0.2175 pull:0.284183
1/mass: 0.2225 pull:0.125313
1/mass: 0.2275 pull:0.626636
2
2
2
Fitting bin 11 (Ek: 0.821474-1.11303 GeV/n)...
[#1] INFO:Minimization -- p.d.f. provides expected number of events, including extended term in likelihood.
[#1] INFO:Fitting -- RooAbsPdf::fitTo(model) fixing normalization set for coefficient determination to observables in data
[#1] INFO:Fitting -- Creation of NLL object took 164.431 μs
[#1] INFO:Fitting -- RooAddition::defaultErrorLevel(nll_model_data) Summation contains a RooNLLVar, using its error level
[#1] INFO:Minimization -- RooAbsMinimizerFcn::setOptimizeConst: activating const optimization
[#1] INFO:Fitting -- RooAbsPdf::fitTo(model) Calculating sum-of-weights-squared correction matrix for covariance matrix
[#1] INFO:Minimization -- RooAbsMinimizerFcn::setOptimizeConst: deactivating const optimization
Total chi2/ndf: 3.81536
  Fit Result: Chi2/NDF = 129.722/34 = 3.81536, Status = 0
[#1] INFO:Plotting -- RooAbsPdf::plotOn(model) directly selected PDF components: (pdf7)
[#1] INFO:Plotting -- RooAbsPdf::plotOn(model) indirectly selected PDF components: ()
[#1] INFO:Plotting -- RooAbsPdf::plotOn(model) directly selected PDF components: (pdf9)
[#1] INFO:Plotting -- RooAbsPdf::plotOn(model) indirectly selected PDF components: ()
[#1] INFO:Plotting -- RooAbsPdf::plotOn(model) directly selected PDF components: (pdf10)
[#1] INFO:Plotting -- RooAbsPdf::plotOn(model) indirectly selected PDF components: ()
1/mass: 0.0525 pull:1.98346
1/mass: 0.0575 pull:2.96479
1/mass: 0.0625 pull:2.89184
1/mass: 0.0675 pull:3.1371
1/mass: 0.0725 pull:3.35497
1/mass: 0.0775 pull:0.599376
1/mass: 0.0825 pull:2.70302
1/mass: 0.0875 pull:0.900444
1/mass: 0.0925 pull:1.95092
1/mass: 0.0975 pull:-0.592965
1/mass: 0.1025 pull:-2.2211
1/mass: 0.1075 pull:-2.08501
1/mass: 0.1125 pull:-2.14383
1/mass: 0.1175 pull:-0.488471
1/mass: 0.1225 pull:0.519803
1/mass: 0.1275 pull:-0.762586
1/mass: 0.1325 pull:1.76952
1/mass: 0.1375 pull:2.12129
1/mass: 0.1425 pull:0.45624
1/mass: 0.1475 pull:0.543396
1/mass: 0.1525 pull:-0.248981
1/mass: 0.1575 pull:-1.73514
1/mass: 0.1625 pull:-2.87689
1/mass: 0.1675 pull:-2.23844
1/mass: 0.1725 pull:-2.29743
1/mass: 0.1775 pull:1.25619
1/mass: 0.1825 pull:1.5306
1/mass: 0.1875 pull:1.68036
1/mass: 0.1925 pull:1.73858
1/mass: 0.1975 pull:2.5032
1/mass: 0.2025 pull:0.599745
1/mass: 0.2075 pull:2.64704
1/mass: 0.2125 pull:-0.566118
1/mass: 0.2175 pull:2.07655
1/mass: 0.2225 pull:1.12581
1/mass: 0.2275 pull:0.930156
2
2
2
Fitting bin 13 (Ek: 1.11303-1.4714 GeV/n)...
[#1] INFO:Minimization -- p.d.f. provides expected number of events, including extended term in likelihood.
[#1] INFO:Fitting -- RooAbsPdf::fitTo(model) fixing normalization set for coefficient determination to observables in data
[#1] INFO:Fitting -- Creation of NLL object took 154.61 μs
[#1] INFO:Fitting -- RooAddition::defaultErrorLevel(nll_model_data) Summation contains a RooNLLVar, using its error level
[#1] INFO:Minimization -- RooAbsMinimizerFcn::setOptimizeConst: activating const optimization
[#1] INFO:Fitting -- RooAbsPdf::fitTo(model) Calculating sum-of-weights-squared correction matrix for covariance matrix
[#1] INFO:Minimization -- RooAbsMinimizerFcn::setOptimizeConst: deactivating const optimization
Total chi2/ndf: 8.8455
  Fit Result: Chi2/NDF = 300.747/34 = 8.8455, Status = 0
[#1] INFO:Plotting -- RooAbsPdf::plotOn(model) directly selected PDF components: (pdf7)
[#1] INFO:Plotting -- RooAbsPdf::plotOn(model) indirectly selected PDF components: ()
[#1] INFO:Plotting -- RooAbsPdf::plotOn(model) directly selected PDF components: (pdf9)
[#1] INFO:Plotting -- RooAbsPdf::plotOn(model) indirectly selected PDF components: ()
[#1] INFO:Plotting -- RooAbsPdf::plotOn(model) directly selected PDF components: (pdf10)
[#1] INFO:Plotting -- RooAbsPdf::plotOn(model) indirectly selected PDF components: ()
1/mass: 0.0525 pull:4.51568
1/mass: 0.0575 pull:2.8821
1/mass: 0.0625 pull:4.90393
1/mass: 0.0675 pull:4.90892
1/mass: 0.0725 pull:6.27467
1/mass: 0.0775 pull:3.40809
1/mass: 0.0825 pull:4.93192
1/mass: 0.0875 pull:0.0887991
1/mass: 0.0925 pull:-1.28972
1/mass: 0.0975 pull:-0.796551
1/mass: 0.1025 pull:-0.119618
1/mass: 0.1075 pull:-4.90552
1/mass: 0.1125 pull:-4.53707
1/mass: 0.1175 pull:-2.29596
1/mass: 0.1225 pull:0.304457
1/mass: 0.1275 pull:2.43111
1/mass: 0.1325 pull:1.46331
1/mass: 0.1375 pull:3.38158
1/mass: 0.1425 pull:1.14943
1/mass: 0.1475 pull:-0.877755
1/mass: 0.1525 pull:-3.27191
1/mass: 0.1575 pull:-1.05709
1/mass: 0.1625 pull:-4.08608
1/mass: 0.1675 pull:-0.788208
1/mass: 0.1725 pull:-1.29226
1/mass: 0.1775 pull:0.0673366
1/mass: 0.1825 pull:0.563537
1/mass: 0.1875 pull:3.06483
1/mass: 0.1925 pull:-0.339189
1/mass: 0.1975 pull:3.76391
1/mass: 0.2025 pull:3.04093
1/mass: 0.2075 pull:1.3837
1/mass: 0.2125 pull:0.584688
1/mass: 0.2175 pull:2.74538
1/mass: 0.2225 pull:0.292263
1/mass: 0.2275 pull:0.864454

--- Processing Detector: NaF ---
2
2
2
Fitting bin 11 (Ek: 0.821474-1.11303 GeV/n)...
[#1] INFO:Minimization -- p.d.f. provides expected number of events, including extended term in likelihood.
[#1] INFO:Fitting -- RooAbsPdf::fitTo(model) fixing normalization set for coefficient determination to observables in data
[#1] INFO:Fitting -- Creation of NLL object took 185.422 μs
[#1] INFO:Fitting -- RooAddition::defaultErrorLevel(nll_model_data) Summation contains a RooNLLVar, using its error level
[#1] INFO:Minimization -- RooAbsMinimizerFcn::setOptimizeConst: activating const optimization
[#1] INFO:Fitting -- RooAbsPdf::fitTo(model) Calculating sum-of-weights-squared correction matrix for covariance matrix
[#1] INFO:Minimization -- RooAbsMinimizerFcn::setOptimizeConst: deactivating const optimization
Total chi2/ndf: 0.623734
  Fit Result: Chi2/NDF = 18.0883/34 = 0.532009, Status = 0
[#1] INFO:Plotting -- RooAbsPdf::plotOn(model) directly selected PDF components: (pdf7)
[#1] INFO:Plotting -- RooAbsPdf::plotOn(model) indirectly selected PDF components: ()
[#1] INFO:Plotting -- RooAbsPdf::plotOn(model) directly selected PDF components: (pdf9)
[#1] INFO:Plotting -- RooAbsPdf::plotOn(model) indirectly selected PDF components: ()
[#1] INFO:Plotting -- RooAbsPdf::plotOn(model) directly selected PDF components: (pdf10)
[#1] INFO:Plotting -- RooAbsPdf::plotOn(model) indirectly selected PDF components: ()
1/mass: 0.0575 pull:0.517272
1/mass: 0.0625 pull:0.762939
1/mass: 0.0675 pull:-0.0855638
1/mass: 0.0725 pull:-0.0819483
1/mass: 0.0775 pull:0.612424
1/mass: 0.0825 pull:0.380239
1/mass: 0.0875 pull:-0.89698
1/mass: 0.0925 pull:1.08073
1/mass: 0.0975 pull:-0.503741
1/mass: 0.1025 pull:-0.77384
1/mass: 0.1075 pull:0.0897729
1/mass: 0.1125 pull:-0.431461
1/mass: 0.1175 pull:1.68524
1/mass: 0.1225 pull:-0.91953
1/mass: 0.1275 pull:-0.780083
1/mass: 0.1325 pull:-0.19709
1/mass: 0.1375 pull:1.10034
1/mass: 0.1425 pull:0.468724
1/mass: 0.1475 pull:-1.18801
1/mass: 0.1525 pull:-0.0752312
1/mass: 0.1575 pull:0.212501
1/mass: 0.1625 pull:0.452964
1/mass: 0.1675 pull:-0.148763
1/mass: 0.1725 pull:-1.04176
1/mass: 0.1775 pull:0.023936
1/mass: 0.1825 pull:0.684272
1/mass: 0.1875 pull:0.00385212
1/mass: 0.1925 pull:-1.15491
1/mass: 0.1975 pull:1.51349
1/mass: 0.2125 pull:0.860116
1/mass: 0.2225 pull:0.560675
2
2
2
Fitting bin 13 (Ek: 1.11303-1.4714 GeV/n)...
[#1] INFO:Minimization -- p.d.f. provides expected number of events, including extended term in likelihood.
[#1] INFO:Fitting -- RooAbsPdf::fitTo(model) fixing normalization set for coefficient determination to observables in data
[#1] INFO:Fitting -- Creation of NLL object took 163.24 μs
[#1] INFO:Fitting -- RooAddition::defaultErrorLevel(nll_model_data) Summation contains a RooNLLVar, using its error level
[#1] INFO:Minimization -- RooAbsMinimizerFcn::setOptimizeConst: activating const optimization
[#1] INFO:Fitting -- RooAbsPdf::fitTo(model) Calculating sum-of-weights-squared correction matrix for covariance matrix
[#1] INFO:Minimization -- RooAbsMinimizerFcn::setOptimizeConst: deactivating const optimization
Total chi2/ndf: 1.17331
  Fit Result: Chi2/NDF = 35.1993/34 = 1.03527, Status = 0
[#1] INFO:Plotting -- RooAbsPdf::plotOn(model) directly selected PDF components: (pdf7)
[#1] INFO:Plotting -- RooAbsPdf::plotOn(model) indirectly selected PDF components: ()
[#1] INFO:Plotting -- RooAbsPdf::plotOn(model) directly selected PDF components: (pdf9)
[#1] INFO:Plotting -- RooAbsPdf::plotOn(model) indirectly selected PDF components: ()
[#1] INFO:Plotting -- RooAbsPdf::plotOn(model) directly selected PDF components: (pdf10)
[#1] INFO:Plotting -- RooAbsPdf::plotOn(model) indirectly selected PDF components: ()
1/mass: 0.0525 pull:1.12602
1/mass: 0.0575 pull:0.479268
1/mass: 0.0625 pull:0.0795486
1/mass: 0.0675 pull:-0.270526
1/mass: 0.0725 pull:-0.126585
1/mass: 0.0775 pull:0.665772
1/mass: 0.0825 pull:0.756236
1/mass: 0.0875 pull:-0.199914
1/mass: 0.0925 pull:-2.4413
1/mass: 0.0975 pull:-0.173157
1/mass: 0.1025 pull:0.69459
1/mass: 0.1075 pull:0.437919
1/mass: 0.1125 pull:1.04296
1/mass: 0.1175 pull:-0.288053
1/mass: 0.1225 pull:-1.57345
1/mass: 0.1275 pull:1.00218
1/mass: 0.1325 pull:-1.13606
1/mass: 0.1375 pull:0.139464
1/mass: 0.1425 pull:1.65958
1/mass: 0.1475 pull:-2.0499
1/mass: 0.1525 pull:-0.958805
1/mass: 0.1575 pull:1.6321
1/mass: 0.1625 pull:-1.28963
1/mass: 0.1675 pull:0.0578164
1/mass: 0.1725 pull:0.609988
1/mass: 0.1775 pull:0.0835206
1/mass: 0.1825 pull:-0.214378
1/mass: 0.1875 pull:0.626432
1/mass: 0.1925 pull:0.654804
1/mass: 0.2025 pull:-1.38205
1/mass: 0.2075 pull:0.388477
1/mass: 0.2125 pull:2.10069
2
2
2
Fitting bin 15 (Ek: 1.4714-1.91049 GeV/n)...
[#1] INFO:Minimization -- p.d.f. provides expected number of events, including extended term in likelihood.
[#1] INFO:Fitting -- RooAbsPdf::fitTo(model) fixing normalization set for coefficient determination to observables in data
[#1] INFO:Fitting -- Creation of NLL object took 162.951 μs
[#1] INFO:Fitting -- RooAddition::defaultErrorLevel(nll_model_data) Summation contains a RooNLLVar, using its error level
[#1] INFO:Minimization -- RooAbsMinimizerFcn::setOptimizeConst: activating const optimization
[#1] INFO:Fitting -- RooAbsPdf::fitTo(model) Calculating sum-of-weights-squared correction matrix for covariance matrix
[#1] INFO:Minimization -- RooAbsMinimizerFcn::setOptimizeConst: deactivating const optimization
Total chi2/ndf: 0.661582
  Fit Result: Chi2/NDF = 19.8475/34 = 0.583749, Status = 0
[#1] INFO:Plotting -- RooAbsPdf::plotOn(model) directly selected PDF components: (pdf7)
[#1] INFO:Plotting -- RooAbsPdf::plotOn(model) indirectly selected PDF components: ()
[#1] INFO:Plotting -- RooAbsPdf::plotOn(model) directly selected PDF components: (pdf9)
[#1] INFO:Plotting -- RooAbsPdf::plotOn(model) indirectly selected PDF components: ()
[#1] INFO:Plotting -- RooAbsPdf::plotOn(model) directly selected PDF components: (pdf10)
[#1] INFO:Plotting -- RooAbsPdf::plotOn(model) indirectly selected PDF components: ()
1/mass: 0.0525 pull:0.702692
1/mass: 0.0625 pull:-0.01288
1/mass: 0.0675 pull:1.23786
1/mass: 0.0725 pull:0.115147
1/mass: 0.0775 pull:1.04158
1/mass: 0.0825 pull:0.274653
1/mass: 0.0875 pull:0.118467
1/mass: 0.0925 pull:-0.261258
1/mass: 0.0975 pull:-0.30893
1/mass: 0.1025 pull:-1.12659
1/mass: 0.1075 pull:0.659661
1/mass: 0.1125 pull:-0.686381
1/mass: 0.1175 pull:1.24652
1/mass: 0.1225 pull:-0.172599
1/mass: 0.1275 pull:0.0376257
1/mass: 0.1325 pull:-0.8165
1/mass: 0.1375 pull:0.355847
1/mass: 0.1425 pull:-0.363215
1/mass: 0.1475 pull:0.529405
1/mass: 0.1525 pull:-1.57475
1/mass: 0.1575 pull:-1.37168
1/mass: 0.1625 pull:0.956481
1/mass: 0.1675 pull:0.757872
1/mass: 0.1725 pull:0.778958
1/mass: 0.1775 pull:-0.49685
1/mass: 0.1825 pull:0.257505
1/mass: 0.1875 pull:1.18331
1/mass: 0.1925 pull:-0.435395
1/mass: 0.1975 pull:-0.718627
1/mass: 0.2025 pull:1.41675
1/mass: 0.2125 pull:0.760946
1/mass: 0.2175 pull:0.202318
2
2
2
Fitting bin 17 (Ek: 1.91049-2.43494 GeV/n)...
[#1] INFO:Minimization -- p.d.f. provides expected number of events, including extended term in likelihood.
[#1] INFO:Fitting -- RooAbsPdf::fitTo(model) fixing normalization set for coefficient determination to observables in data
[#1] INFO:Fitting -- Creation of NLL object took 170.66 μs
[#1] INFO:Fitting -- RooAddition::defaultErrorLevel(nll_model_data) Summation contains a RooNLLVar, using its error level
[#1] INFO:Minimization -- RooAbsMinimizerFcn::setOptimizeConst: activating const optimization
[#1] INFO:Fitting -- RooAbsPdf::fitTo(model) Calculating sum-of-weights-squared correction matrix for covariance matrix
[#1] INFO:Minimization -- RooAbsMinimizerFcn::setOptimizeConst: deactivating const optimization
Total chi2/ndf: 0.72286
  Fit Result: Chi2/NDF = 20.2401/34 = 0.595296, Status = 0
[#1] INFO:Plotting -- RooAbsPdf::plotOn(model) directly selected PDF components: (pdf7)
[#1] INFO:Plotting -- RooAbsPdf::plotOn(model) indirectly selected PDF components: ()
[#1] INFO:Plotting -- RooAbsPdf::plotOn(model) directly selected PDF components: (pdf9)
[#1] INFO:Plotting -- RooAbsPdf::plotOn(model) indirectly selected PDF components: ()
[#1] INFO:Plotting -- RooAbsPdf::plotOn(model) directly selected PDF components: (pdf10)
[#1] INFO:Plotting -- RooAbsPdf::plotOn(model) indirectly selected PDF components: ()
1/mass: 0.0525 pull:0.719734
1/mass: 0.0625 pull:-0.0285277
1/mass: 0.0675 pull:-1.10025
1/mass: 0.0725 pull:-0.355802
1/mass: 0.0775 pull:0.772197
1/mass: 0.0825 pull:-0.210887
1/mass: 0.0875 pull:-0.566943
1/mass: 0.0925 pull:0.506335
1/mass: 0.0975 pull:-0.782643
1/mass: 0.1025 pull:0.57874
1/mass: 0.1075 pull:0.267628
1/mass: 0.1125 pull:-1.08218
1/mass: 0.1175 pull:0.686899
1/mass: 0.1225 pull:1.04418
1/mass: 0.1275 pull:-1.22307
1/mass: 0.1325 pull:-0.353986
1/mass: 0.1375 pull:0.27923
1/mass: 0.1425 pull:0.495591
1/mass: 0.1475 pull:-0.803367
1/mass: 0.1525 pull:-0.0648405
1/mass: 0.1575 pull:0.113044
1/mass: 0.1625 pull:-0.0679217
1/mass: 0.1675 pull:-0.196731
1/mass: 0.1725 pull:-1.51365
1/mass: 0.1775 pull:1.42768
1/mass: 0.1825 pull:0.525685
1/mass: 0.1875 pull:1.14913
1/mass: 0.1925 pull:1.38275
1/mass: 0.2025 pull:-1.04816
1/mass: 0.2225 pull:1.35123
2
2
2
Fitting bin 19 (Ek: 2.43494-3.05875 GeV/n)...
[#1] INFO:Minimization -- p.d.f. provides expected number of events, including extended term in likelihood.
[#1] INFO:Fitting -- RooAbsPdf::fitTo(model) fixing normalization set for coefficient determination to observables in data
[#1] INFO:Fitting -- Creation of NLL object took 167.04 μs
[#1] INFO:Fitting -- RooAddition::defaultErrorLevel(nll_model_data) Summation contains a RooNLLVar, using its error level
[#1] INFO:Minimization -- RooAbsMinimizerFcn::setOptimizeConst: activating const optimization
[#1] INFO:Fitting -- RooAbsPdf::fitTo(model) Calculating sum-of-weights-squared correction matrix for covariance matrix
[#1] INFO:Minimization -- RooAbsMinimizerFcn::setOptimizeConst: deactivating const optimization
Total chi2/ndf: 1.14342
  Fit Result: Chi2/NDF = 36.5895/34 = 1.07616, Status = 0
[#1] INFO:Plotting -- RooAbsPdf::plotOn(model) directly selected PDF components: (pdf7)
[#1] INFO:Plotting -- RooAbsPdf::plotOn(model) indirectly selected PDF components: ()
[#1] INFO:Plotting -- RooAbsPdf::plotOn(model) directly selected PDF components: (pdf9)
[#1] INFO:Plotting -- RooAbsPdf::plotOn(model) indirectly selected PDF components: ()
[#1] INFO:Plotting -- RooAbsPdf::plotOn(model) directly selected PDF components: (pdf10)
[#1] INFO:Plotting -- RooAbsPdf::plotOn(model) indirectly selected PDF components: ()
1/mass: 0.0525 pull:1.25977
1/mass: 0.0625 pull:1.3614
1/mass: 0.0675 pull:0.278034
1/mass: 0.0725 pull:-0.356505
1/mass: 0.0775 pull:-4.08099
1/mass: 0.0825 pull:0.35471
1/mass: 0.0875 pull:-0.847775
1/mass: 0.0925 pull:0.422942
1/mass: 0.0975 pull:1.43209
1/mass: 0.1025 pull:-0.981446
1/mass: 0.1075 pull:-0.302544
1/mass: 0.1125 pull:-0.766737
1/mass: 0.1175 pull:1.17659
1/mass: 0.1225 pull:-0.18033
1/mass: 0.1275 pull:-0.00658833
1/mass: 0.1325 pull:0.092736
1/mass: 0.1375 pull:-0.404676
1/mass: 0.1425 pull:-0.597716
1/mass: 0.1475 pull:0.561957
1/mass: 0.1525 pull:-0.493414
1/mass: 0.1575 pull:1.20982
1/mass: 0.1625 pull:0.214715
1/mass: 0.1675 pull:-1.55757
1/mass: 0.1725 pull:-0.354973
1/mass: 0.1775 pull:-0.720515
1/mass: 0.1825 pull:-0.138492
1/mass: 0.1875 pull:0.787447
1/mass: 0.1925 pull:-0.159331
1/mass: 0.1975 pull:0.340337
1/mass: 0.2025 pull:0.587406
1/mass: 0.2075 pull:1.02141
1/mass: 0.2175 pull:0.943988
1/mass: 0.2225 pull:0.456808
1/mass: 0.2275 pull:1.10358
2
2
2
Fitting bin 21 (Ek: 3.05875-3.79127 GeV/n)...
[#1] INFO:Minimization -- p.d.f. provides expected number of events, including extended term in likelihood.
[#1] INFO:Fitting -- RooAbsPdf::fitTo(model) fixing normalization set for coefficient determination to observables in data
[#1] INFO:Fitting -- Creation of NLL object took 160.371 μs
[#1] INFO:Fitting -- RooAddition::defaultErrorLevel(nll_model_data) Summation contains a RooNLLVar, using its error level
[#1] INFO:Minimization -- RooAbsMinimizerFcn::setOptimizeConst: activating const optimization
[#1] INFO:Fitting -- RooAbsPdf::fitTo(model) Calculating sum-of-weights-squared correction matrix for covariance matrix
[#1] INFO:Minimization -- RooAbsMinimizerFcn::setOptimizeConst: deactivating const optimization
Total chi2/ndf: 0.937519
  Fit Result: Chi2/NDF = 30.0006/34 = 0.882371, Status = 0
[#1] INFO:Plotting -- RooAbsPdf::plotOn(model) directly selected PDF components: (pdf7)
[#1] INFO:Plotting -- RooAbsPdf::plotOn(model) indirectly selected PDF components: ()
[#1] INFO:Plotting -- RooAbsPdf::plotOn(model) directly selected PDF components: (pdf9)
[#1] INFO:Plotting -- RooAbsPdf::plotOn(model) indirectly selected PDF components: ()
[#1] INFO:Plotting -- RooAbsPdf::plotOn(model) directly selected PDF components: (pdf10)
[#1] INFO:Plotting -- RooAbsPdf::plotOn(model) indirectly selected PDF components: ()
1/mass: 0.0525 pull:0.637237
1/mass: 0.0575 pull:0.345524
1/mass: 0.0625 pull:-0.226245
1/mass: 0.0675 pull:0.881811
1/mass: 0.0725 pull:0.778607
1/mass: 0.0775 pull:0.373695
1/mass: 0.0825 pull:0.922507
1/mass: 0.0875 pull:0.0283406
1/mass: 0.0925 pull:0.620947
1/mass: 0.0975 pull:-2.47123
1/mass: 0.1025 pull:-0.907825
1/mass: 0.1075 pull:1.97871
1/mass: 0.1125 pull:0.343013
1/mass: 0.1175 pull:-1.29542
1/mass: 0.1225 pull:-0.4189
1/mass: 0.1275 pull:0.201668
1/mass: 0.1325 pull:-0.630794
1/mass: 0.1375 pull:0.70804
1/mass: 0.1425 pull:1.73975
1/mass: 0.1475 pull:-0.884535
1/mass: 0.1525 pull:0.831337
1/mass: 0.1575 pull:-0.86081
1/mass: 0.1625 pull:-0.45511
1/mass: 0.1675 pull:-0.895063
1/mass: 0.1725 pull:-1.00702
1/mass: 0.1775 pull:0.839725
1/mass: 0.1825 pull:-0.847484
1/mass: 0.1875 pull:0.265079
1/mass: 0.1925 pull:-0.253748
1/mass: 0.1975 pull:0.134345
1/mass: 0.2025 pull:-0.688087
1/mass: 0.2075 pull:1.3977
1/mass: 0.2125 pull:1.20656
1/mass: 0.2175 pull:0.427901
2
2
2
Fitting bin 23 (Ek: 3.79127-4.64682 GeV/n)...
[#1] INFO:Minimization -- p.d.f. provides expected number of events, including extended term in likelihood.
[#1] INFO:Fitting -- RooAbsPdf::fitTo(model) fixing normalization set for coefficient determination to observables in data
[#1] INFO:Fitting -- Creation of NLL object took 187.841 μs
[#1] INFO:Fitting -- RooAddition::defaultErrorLevel(nll_model_data) Summation contains a RooNLLVar, using its error level
[#1] INFO:Minimization -- RooAbsMinimizerFcn::setOptimizeConst: activating const optimization
[#1] INFO:Fitting -- RooAbsPdf::fitTo(model) Calculating sum-of-weights-squared correction matrix for covariance matrix
[#1] INFO:Minimization -- RooAbsMinimizerFcn::setOptimizeConst: deactivating const optimization
Total chi2/ndf: 1.82224
  Fit Result: Chi2/NDF = 51.0226/34 = 1.50066, Status = 0
[#1] INFO:Plotting -- RooAbsPdf::plotOn(model) directly selected PDF components: (pdf7)
[#1] INFO:Plotting -- RooAbsPdf::plotOn(model) indirectly selected PDF components: ()
[#1] INFO:Plotting -- RooAbsPdf::plotOn(model) directly selected PDF components: (pdf9)
[#1] INFO:Plotting -- RooAbsPdf::plotOn(model) indirectly selected PDF components: ()
[#1] INFO:Plotting -- RooAbsPdf::plotOn(model) directly selected PDF components: (pdf10)
[#1] INFO:Plotting -- RooAbsPdf::plotOn(model) indirectly selected PDF components: ()
1/mass: 0.0525 pull:0.575685
1/mass: 0.0675 pull:-0.105526
1/mass: 0.0725 pull:0.0747842
1/mass: 0.0775 pull:1.77009
1/mass: 0.0825 pull:2.23468
1/mass: 0.0875 pull:1.24636
1/mass: 0.0925 pull:-2.89034
1/mass: 0.0975 pull:0.0862628
1/mass: 0.1025 pull:-0.17725
1/mass: 0.1075 pull:-0.909464
1/mass: 0.1125 pull:0.328697
1/mass: 0.1175 pull:-0.205782
1/mass: 0.1225 pull:-0.686966
1/mass: 0.1275 pull:1.19109
1/mass: 0.1325 pull:-0.141773
1/mass: 0.1375 pull:0.719391
1/mass: 0.1425 pull:-2.14226
1/mass: 0.1475 pull:1.01705
1/mass: 0.1525 pull:0.0707035
1/mass: 0.1575 pull:0.182975
1/mass: 0.1625 pull:0.171606
1/mass: 0.1675 pull:-2.34644
1/mass: 0.1725 pull:1.88429
1/mass: 0.1775 pull:0.19118
1/mass: 0.1825 pull:-3.45796
1/mass: 0.1875 pull:-0.355468
1/mass: 0.1925 pull:0.945533
1/mass: 0.1975 pull:0.858263
1/mass: 0.2175 pull:0.528927
1/mass: 0.2225 pull:0.645471
2
2
2
Fitting bin 25 (Ek: 4.64682-5.63491 GeV/n)...
[#1] INFO:Minimization -- p.d.f. provides expected number of events, including extended term in likelihood.
[#1] INFO:Fitting -- RooAbsPdf::fitTo(model) fixing normalization set for coefficient determination to observables in data
[#1] INFO:Fitting -- Creation of NLL object took 172.261 μs
[#1] INFO:Fitting -- RooAddition::defaultErrorLevel(nll_model_data) Summation contains a RooNLLVar, using its error level
[#1] INFO:Minimization -- RooAbsMinimizerFcn::setOptimizeConst: activating const optimization
[#1] INFO:Fitting -- RooAbsPdf::fitTo(model) Calculating sum-of-weights-squared correction matrix for covariance matrix
[#1] INFO:Minimization -- RooAbsMinimizerFcn::setOptimizeConst: deactivating const optimization
Total chi2/ndf: 1.62875
  Fit Result: Chi2/NDF = 47.2338/34 = 1.38923, Status = 0
[#1] INFO:Plotting -- RooAbsPdf::plotOn(model) directly selected PDF components: (pdf7)
[#1] INFO:Plotting -- RooAbsPdf::plotOn(model) indirectly selected PDF components: ()
[#1] INFO:Plotting -- RooAbsPdf::plotOn(model) directly selected PDF components: (pdf9)
[#1] INFO:Plotting -- RooAbsPdf::plotOn(model) indirectly selected PDF components: ()
[#1] INFO:Plotting -- RooAbsPdf::plotOn(model) directly selected PDF components: (pdf10)
[#1] INFO:Plotting -- RooAbsPdf::plotOn(model) indirectly selected PDF components: ()
1/mass: 0.0525 pull:0.498801
1/mass: 0.0625 pull:0.406886
1/mass: 0.0675 pull:1.17415
1/mass: 0.0725 pull:0.626764
1/mass: 0.0775 pull:2.58653
1/mass: 0.0825 pull:0.402368
1/mass: 0.0875 pull:0.24516
1/mass: 0.0925 pull:-0.113351
1/mass: 0.0975 pull:-0.924479
1/mass: 0.1025 pull:-2.14692
1/mass: 0.1075 pull:0.262043
1/mass: 0.1125 pull:0.544151
1/mass: 0.1175 pull:0.600639
1/mass: 0.1225 pull:-1.60478
1/mass: 0.1275 pull:-0.479638
1/mass: 0.1325 pull:1.61715
1/mass: 0.1375 pull:-1.38104
1/mass: 0.1425 pull:1.25513
1/mass: 0.1475 pull:0.936326
1/mass: 0.1525 pull:0.245245
1/mass: 0.1575 pull:0.820753
1/mass: 0.1625 pull:-0.279732
1/mass: 0.1675 pull:-1.77786
1/mass: 0.1725 pull:0.792533
1/mass: 0.1775 pull:-1.30359
1/mass: 0.1825 pull:-3.12033
1/mass: 0.1875 pull:0.609341
1/mass: 0.1925 pull:0.446076
1/mass: 0.1975 pull:-2.1061
1/mass: 0.2075 pull:-0.107452
1/mass: 0.2225 pull:1.04851

--- Processing Detector: AGL ---
2
2
2
Fitting bin 19 (Ek: 2.43494-3.05875 GeV/n)...
[#1] INFO:Minimization -- p.d.f. provides expected number of events, including extended term in likelihood.
[#1] INFO:Fitting -- RooAbsPdf::fitTo(model) fixing normalization set for coefficient determination to observables in data
[#1] INFO:Fitting -- Creation of NLL object took 182.031 μs
[#1] INFO:Fitting -- RooAddition::defaultErrorLevel(nll_model_data) Summation contains a RooNLLVar, using its error level
[#1] INFO:Minimization -- RooAbsMinimizerFcn::setOptimizeConst: activating const optimization
[#1] INFO:Fitting -- RooAbsPdf::fitTo(model) Calculating sum-of-weights-squared correction matrix for covariance matrix
[#1] INFO:Minimization -- RooAbsMinimizerFcn::setOptimizeConst: deactivating const optimization
Total chi2/ndf: 1.45457
  Fit Result: Chi2/NDF = 46.5461/34 = 1.369, Status = 0
[#1] INFO:Plotting -- RooAbsPdf::plotOn(model) directly selected PDF components: (pdf7)
[#1] INFO:Plotting -- RooAbsPdf::plotOn(model) indirectly selected PDF components: ()
[#1] INFO:Plotting -- RooAbsPdf::plotOn(model) directly selected PDF components: (pdf9)
[#1] INFO:Plotting -- RooAbsPdf::plotOn(model) indirectly selected PDF components: ()
[#1] INFO:Plotting -- RooAbsPdf::plotOn(model) directly selected PDF components: (pdf10)
[#1] INFO:Plotting -- RooAbsPdf::plotOn(model) indirectly selected PDF components: ()
1/mass: 0.0575 pull:0.301854
1/mass: 0.0625 pull:-2.58994
1/mass: 0.0675 pull:-0.579179
1/mass: 0.0725 pull:-0.0665747
1/mass: 0.0775 pull:1.26876
1/mass: 0.0825 pull:2.09417
1/mass: 0.0875 pull:1.95942
1/mass: 0.0925 pull:-1.28238
1/mass: 0.0975 pull:-0.934487
1/mass: 0.1025 pull:0.845283
1/mass: 0.1075 pull:-0.555905
1/mass: 0.1125 pull:-0.517024
1/mass: 0.1175 pull:-1.26355
1/mass: 0.1225 pull:1.77833
1/mass: 0.1275 pull:-1.315
1/mass: 0.1325 pull:-0.0197752
1/mass: 0.1375 pull:1.63066
1/mass: 0.1425 pull:0.060913
1/mass: 0.1475 pull:0.745151
1/mass: 0.1525 pull:-0.00505531
1/mass: 0.1575 pull:-0.949417
1/mass: 0.1625 pull:-0.483305
1/mass: 0.1675 pull:-0.0922473
1/mass: 0.1725 pull:-0.810125
1/mass: 0.1775 pull:0.169674
1/mass: 0.1825 pull:1.17746
1/mass: 0.1875 pull:0.148613
1/mass: 0.1925 pull:-1.54867
1/mass: 0.1975 pull:-2.63322
1/mass: 0.2025 pull:0.939904
1/mass: 0.2075 pull:0.0518505
1/mass: 0.2125 pull:0.582857
1/mass: 0.2175 pull:0.910071
1/mass: 0.2225 pull:1.19751
2
2
2
Fitting bin 21 (Ek: 3.05875-3.79127 GeV/n)...
[#1] INFO:Minimization -- p.d.f. provides expected number of events, including extended term in likelihood.
[#1] INFO:Fitting -- RooAbsPdf::fitTo(model) fixing normalization set for coefficient determination to observables in data
[#1] INFO:Fitting -- Creation of NLL object took 201.461 μs
[#1] INFO:Fitting -- RooAddition::defaultErrorLevel(nll_model_data) Summation contains a RooNLLVar, using its error level
[#1] INFO:Minimization -- RooAbsMinimizerFcn::setOptimizeConst: activating const optimization
[#1] INFO:Fitting -- RooAbsPdf::fitTo(model) Calculating sum-of-weights-squared correction matrix for covariance matrix
[#1] INFO:Minimization -- RooAbsMinimizerFcn::setOptimizeConst: deactivating const optimization
Total chi2/ndf: 1.47036
  Fit Result: Chi2/NDF = 49.9924/34 = 1.47036, Status = 0
[#1] INFO:Plotting -- RooAbsPdf::plotOn(model) directly selected PDF components: (pdf7)
[#1] INFO:Plotting -- RooAbsPdf::plotOn(model) indirectly selected PDF components: ()
[#1] INFO:Plotting -- RooAbsPdf::plotOn(model) directly selected PDF components: (pdf9)
[#1] INFO:Plotting -- RooAbsPdf::plotOn(model) indirectly selected PDF components: ()
[#1] INFO:Plotting -- RooAbsPdf::plotOn(model) directly selected PDF components: (pdf10)
[#1] INFO:Plotting -- RooAbsPdf::plotOn(model) indirectly selected PDF components: ()
1/mass: 0.0525 pull:-0.189629
1/mass: 0.0575 pull:-1.31591
1/mass: 0.0625 pull:-0.627336
1/mass: 0.0675 pull:1.05078
1/mass: 0.0725 pull:0.779762
1/mass: 0.0775 pull:1.62154
1/mass: 0.0825 pull:1.09593
1/mass: 0.0875 pull:-1.34529
1/mass: 0.0925 pull:-1.03426
1/mass: 0.0975 pull:-0.2241
1/mass: 0.1025 pull:0.0319425
1/mass: 0.1075 pull:1.67885
1/mass: 0.1125 pull:-1.08602
1/mass: 0.1175 pull:-1.44487
1/mass: 0.1225 pull:2.21971
1/mass: 0.1275 pull:-1.94013
1/mass: 0.1325 pull:0.599102
1/mass: 0.1375 pull:-0.116461
1/mass: 0.1425 pull:0.623458
1/mass: 0.1475 pull:0.116711
1/mass: 0.1525 pull:-0.262919
1/mass: 0.1575 pull:-1.3427
1/mass: 0.1625 pull:-0.229646
1/mass: 0.1675 pull:0.187603
1/mass: 0.1725 pull:-0.978455
1/mass: 0.1775 pull:0.826615
1/mass: 0.1825 pull:0.330131
1/mass: 0.1875 pull:0.896534
1/mass: 0.1925 pull:-1.52082
1/mass: 0.1975 pull:2.02218
1/mass: 0.2025 pull:-1.55934
1/mass: 0.2075 pull:0.513739
1/mass: 0.2125 pull:1.64269
1/mass: 0.2175 pull:1.4511
1/mass: 0.2225 pull:1.0483
1/mass: 0.2275 pull:2.07178
2
2
2
Fitting bin 23 (Ek: 3.79127-4.64682 GeV/n)...
[#1] INFO:Minimization -- p.d.f. provides expected number of events, including extended term in likelihood.
[#1] INFO:Fitting -- RooAbsPdf::fitTo(model) fixing normalization set for coefficient determination to observables in data
[#1] INFO:Fitting -- Creation of NLL object took 252.311 μs
[#1] INFO:Fitting -- RooAddition::defaultErrorLevel(nll_model_data) Summation contains a RooNLLVar, using its error level
[#1] INFO:Minimization -- RooAbsMinimizerFcn::setOptimizeConst: activating const optimization
[#1] INFO:Fitting -- RooAbsPdf::fitTo(model) Calculating sum-of-weights-squared correction matrix for covariance matrix
[#1] INFO:Minimization -- RooAbsMinimizerFcn::setOptimizeConst: deactivating const optimization
Total chi2/ndf: 1.09838
  Fit Result: Chi2/NDF = 36.2464/34 = 1.06607, Status = 0
[#1] INFO:Plotting -- RooAbsPdf::plotOn(model) directly selected PDF components: (pdf7)
[#1] INFO:Plotting -- RooAbsPdf::plotOn(model) indirectly selected PDF components: ()
[#1] INFO:Plotting -- RooAbsPdf::plotOn(model) directly selected PDF components: (pdf9)
[#1] INFO:Plotting -- RooAbsPdf::plotOn(model) indirectly selected PDF components: ()
[#1] INFO:Plotting -- RooAbsPdf::plotOn(model) directly selected PDF components: (pdf10)
[#1] INFO:Plotting -- RooAbsPdf::plotOn(model) indirectly selected PDF components: ()
1/mass: 0.0525 pull:0.763304
1/mass: 0.0575 pull:0.337024
1/mass: 0.0625 pull:0.869021
1/mass: 0.0675 pull:1.57319
1/mass: 0.0725 pull:0.0704678
1/mass: 0.0775 pull:2.59623
1/mass: 0.0825 pull:0.26973
1/mass: 0.0875 pull:1.29564
1/mass: 0.0925 pull:0.434813
1/mass: 0.0975 pull:-0.882837
1/mass: 0.1025 pull:-0.265442
1/mass: 0.1075 pull:-0.0230662
1/mass: 0.1125 pull:-2.34422
1/mass: 0.1175 pull:1.04353
1/mass: 0.1225 pull:0.245306
1/mass: 0.1275 pull:-0.789049
1/mass: 0.1325 pull:0.821671
1/mass: 0.1375 pull:0.65052
1/mass: 0.1425 pull:0.349421
1/mass: 0.1475 pull:-0.270344
1/mass: 0.1525 pull:0.912838
1/mass: 0.1575 pull:0.0666749
1/mass: 0.1625 pull:-0.38221
1/mass: 0.1675 pull:-0.212779
1/mass: 0.1725 pull:-0.418315
1/mass: 0.1775 pull:-2.55668
1/mass: 0.1825 pull:0.909823
1/mass: 0.1875 pull:-0.803747
1/mass: 0.1925 pull:0.219504
1/mass: 0.1975 pull:1.26858
1/mass: 0.2025 pull:0.310149
1/mass: 0.2075 pull:-0.178945
1/mass: 0.2175 pull:-1.32635
1/mass: 0.2225 pull:1.08693
1/mass: 0.2275 pull:-0.531456
2
2
2
Fitting bin 25 (Ek: 4.64682-5.63491 GeV/n)...
[#1] INFO:Minimization -- p.d.f. provides expected number of events, including extended term in likelihood.
[#1] INFO:Fitting -- RooAbsPdf::fitTo(model) fixing normalization set for coefficient determination to observables in data
[#1] INFO:Fitting -- Creation of NLL object took 163.261 μs
[#1] INFO:Fitting -- RooAddition::defaultErrorLevel(nll_model_data) Summation contains a RooNLLVar, using its error level
[#1] INFO:Minimization -- RooAbsMinimizerFcn::setOptimizeConst: activating const optimization
[#1] INFO:Fitting -- RooAbsPdf::fitTo(model) Calculating sum-of-weights-squared correction matrix for covariance matrix
[#1] INFO:Minimization -- RooAbsMinimizerFcn::setOptimizeConst: deactivating const optimization
Total chi2/ndf: 1.36003
  Fit Result: Chi2/NDF = 44.8808/34 = 1.32002, Status = 0
[#1] INFO:Plotting -- RooAbsPdf::plotOn(model) directly selected PDF components: (pdf7)
[#1] INFO:Plotting -- RooAbsPdf::plotOn(model) indirectly selected PDF components: ()
[#1] INFO:Plotting -- RooAbsPdf::plotOn(model) directly selected PDF components: (pdf9)
[#1] INFO:Plotting -- RooAbsPdf::plotOn(model) indirectly selected PDF components: ()
[#1] INFO:Plotting -- RooAbsPdf::plotOn(model) directly selected PDF components: (pdf10)
[#1] INFO:Plotting -- RooAbsPdf::plotOn(model) indirectly selected PDF components: ()
1/mass: 0.0525 pull:-0.0860143
1/mass: 0.0575 pull:0.671446
1/mass: 0.0625 pull:1.26773
1/mass: 0.0675 pull:1.67627
1/mass: 0.0725 pull:1.64703
1/mass: 0.0775 pull:1.86957
1/mass: 0.0825 pull:1.52987
1/mass: 0.0875 pull:0.37278
1/mass: 0.0925 pull:0.291002
1/mass: 0.0975 pull:-0.572914
1/mass: 0.1025 pull:-0.377521
1/mass: 0.1075 pull:-2.13029
1/mass: 0.1125 pull:-0.0635518
1/mass: 0.1175 pull:-0.307357
1/mass: 0.1225 pull:2.12265
1/mass: 0.1275 pull:0.0553063
1/mass: 0.1325 pull:-1.89317
1/mass: 0.1375 pull:0.804896
1/mass: 0.1425 pull:-0.164388
1/mass: 0.1475 pull:-0.410414
1/mass: 0.1525 pull:0.108894
1/mass: 0.1575 pull:-0.128732
1/mass: 0.1625 pull:0.12205
1/mass: 0.1675 pull:0.962567
1/mass: 0.1725 pull:-0.429438
1/mass: 0.1775 pull:-1.45541
1/mass: 0.1825 pull:-1.34891
1/mass: 0.1875 pull:2.23314
1/mass: 0.1925 pull:0.542616
1/mass: 0.1975 pull:0.673134
1/mass: 0.2025 pull:0.789183
1/mass: 0.2075 pull:-1.32312
1/mass: 0.2125 pull:-1.67212
1/mass: 0.2175 pull:1.02853
1/mass: 0.2275 pull:-0.368871
2
2
2
Fitting bin 27 (Ek: 5.63491-6.775 GeV/n)...
[#1] INFO:Minimization -- p.d.f. provides expected number of events, including extended term in likelihood.
[#1] INFO:Fitting -- RooAbsPdf::fitTo(model) fixing normalization set for coefficient determination to observables in data
[#1] INFO:Fitting -- Creation of NLL object took 201.081 μs
[#1] INFO:Fitting -- RooAddition::defaultErrorLevel(nll_model_data) Summation contains a RooNLLVar, using its error level
[#1] INFO:Minimization -- RooAbsMinimizerFcn::setOptimizeConst: activating const optimization
[#1] INFO:Fitting -- RooAbsPdf::fitTo(model) Calculating sum-of-weights-squared correction matrix for covariance matrix
[#1] INFO:Minimization -- RooAbsMinimizerFcn::setOptimizeConst: deactivating const optimization
Total chi2/ndf: 1.02908
  Fit Result: Chi2/NDF = 32.9305/34 = 0.968544, Status = 0
[#1] INFO:Plotting -- RooAbsPdf::plotOn(model) directly selected PDF components: (pdf7)
[#1] INFO:Plotting -- RooAbsPdf::plotOn(model) indirectly selected PDF components: ()
[#1] INFO:Plotting -- RooAbsPdf::plotOn(model) directly selected PDF components: (pdf9)
[#1] INFO:Plotting -- RooAbsPdf::plotOn(model) indirectly selected PDF components: ()
[#1] INFO:Plotting -- RooAbsPdf::plotOn(model) directly selected PDF components: (pdf10)
[#1] INFO:Plotting -- RooAbsPdf::plotOn(model) indirectly selected PDF components: ()
1/mass: 0.0525 pull:0.620511
1/mass: 0.0575 pull:0.0335868
1/mass: 0.0625 pull:-0.959838
1/mass: 0.0675 pull:2.70187
1/mass: 0.0725 pull:1.23941
1/mass: 0.0775 pull:0.475475
1/mass: 0.0825 pull:-0.607111
1/mass: 0.0875 pull:-0.67311
1/mass: 0.0925 pull:-0.00909771
1/mass: 0.0975 pull:-0.165895
1/mass: 0.1025 pull:0.261291
1/mass: 0.1075 pull:-0.334808
1/mass: 0.1125 pull:-0.620493
1/mass: 0.1175 pull:1.05589
1/mass: 0.1225 pull:-0.501486
1/mass: 0.1275 pull:-0.661002
1/mass: 0.1325 pull:-0.187653
1/mass: 0.1375 pull:1.27666
1/mass: 0.1425 pull:-0.0627252
1/mass: 0.1475 pull:-0.445352
1/mass: 0.1525 pull:1.51564
1/mass: 0.1575 pull:-2.69389
1/mass: 0.1625 pull:0.168022
1/mass: 0.1675 pull:-0.365218
1/mass: 0.1725 pull:0.830756
1/mass: 0.1775 pull:-1.13025
1/mass: 0.1825 pull:-0.24942
1/mass: 0.1875 pull:1.65739
1/mass: 0.1925 pull:0.373734
1/mass: 0.1975 pull:-0.250533
1/mass: 0.2025 pull:0.816324
1/mass: 0.2075 pull:-0.151249
1/mass: 0.2125 pull:1.21701
1/mass: 0.2175 pull:0.781052
2
2
2
Fitting bin 29 (Ek: 6.775-8.11658 GeV/n)...
[#1] INFO:Minimization -- p.d.f. provides expected number of events, including extended term in likelihood.
[#1] INFO:Fitting -- RooAbsPdf::fitTo(model) fixing normalization set for coefficient determination to observables in data
[#1] INFO:Fitting -- Creation of NLL object took 167.73 μs
[#1] INFO:Fitting -- RooAddition::defaultErrorLevel(nll_model_data) Summation contains a RooNLLVar, using its error level
[#1] INFO:Minimization -- RooAbsMinimizerFcn::setOptimizeConst: activating const optimization
[#1] INFO:Fitting -- RooAbsPdf::fitTo(model) Calculating sum-of-weights-squared correction matrix for covariance matrix
[#1] INFO:Minimization -- RooAbsMinimizerFcn::setOptimizeConst: deactivating const optimization
Total chi2/ndf: 1.4444
  Fit Result: Chi2/NDF = 47.6651/34 = 1.40191, Status = 0
[#1] INFO:Plotting -- RooAbsPdf::plotOn(model) directly selected PDF components: (pdf7)
[#1] INFO:Plotting -- RooAbsPdf::plotOn(model) indirectly selected PDF components: ()
[#1] INFO:Plotting -- RooAbsPdf::plotOn(model) directly selected PDF components: (pdf9)
[#1] INFO:Plotting -- RooAbsPdf::plotOn(model) indirectly selected PDF components: ()
[#1] INFO:Plotting -- RooAbsPdf::plotOn(model) directly selected PDF components: (pdf10)
[#1] INFO:Plotting -- RooAbsPdf::plotOn(model) indirectly selected PDF components: ()
1/mass: 0.0525 pull:0.511176
1/mass: 0.0575 pull:0.958693
1/mass: 0.0625 pull:-0.991579
1/mass: 0.0675 pull:0.0784926
1/mass: 0.0725 pull:1.82148
1/mass: 0.0775 pull:1.96196
1/mass: 0.0825 pull:-0.759332
1/mass: 0.0875 pull:-0.609269
1/mass: 0.0925 pull:-0.93353
1/mass: 0.0975 pull:-1.48743
1/mass: 0.1025 pull:-0.327823
1/mass: 0.1075 pull:1.62195
1/mass: 0.1125 pull:-0.451837
1/mass: 0.1175 pull:0.730045
1/mass: 0.1225 pull:1.41223
1/mass: 0.1275 pull:-1.99035
1/mass: 0.1325 pull:-0.994455
1/mass: 0.1375 pull:-0.80319
1/mass: 0.1425 pull:0.396792
1/mass: 0.1475 pull:2.36776
1/mass: 0.1525 pull:0.56779
1/mass: 0.1575 pull:-0.0561284
1/mass: 0.1625 pull:-2.12679
1/mass: 0.1675 pull:-1.63035
1/mass: 0.1725 pull:0.966314
1/mass: 0.1775 pull:-0.93287
1/mass: 0.1825 pull:-1.03155
1/mass: 0.1875 pull:0.593245
1/mass: 0.1925 pull:1.7695
1/mass: 0.1975 pull:-0.195582
1/mass: 0.2025 pull:0.300441
1/mass: 0.2075 pull:-0.294464
1/mass: 0.2125 pull:1.69524
1/mass: 0.2175 pull:0.718369
1/mass: 0.2275 pull:-0.0666217
2
2
2
Fitting bin 31 (Ek: 8.11658-9.65954 GeV/n)...
[#1] INFO:Minimization -- p.d.f. provides expected number of events, including extended term in likelihood.
[#1] INFO:Fitting -- RooAbsPdf::fitTo(model) fixing normalization set for coefficient determination to observables in data
[#1] INFO:Fitting -- Creation of NLL object took 200.84 μs
[#1] INFO:Fitting -- RooAddition::defaultErrorLevel(nll_model_data) Summation contains a RooNLLVar, using its error level
[#1] INFO:Minimization -- RooAbsMinimizerFcn::setOptimizeConst: activating const optimization
[#1] INFO:Fitting -- RooAbsPdf::fitTo(model) Calculating sum-of-weights-squared correction matrix for covariance matrix
[#1] INFO:Minimization -- RooAbsMinimizerFcn::setOptimizeConst: deactivating const optimization
Total chi2/ndf: 1.14244
  Fit Result: Chi2/NDF = 38.843/34 = 1.14244, Status = 0
[#1] INFO:Plotting -- RooAbsPdf::plotOn(model) directly selected PDF components: (pdf7)
[#1] INFO:Plotting -- RooAbsPdf::plotOn(model) indirectly selected PDF components: ()
[#1] INFO:Plotting -- RooAbsPdf::plotOn(model) directly selected PDF components: (pdf9)
[#1] INFO:Plotting -- RooAbsPdf::plotOn(model) indirectly selected PDF components: ()
[#1] INFO:Plotting -- RooAbsPdf::plotOn(model) directly selected PDF components: (pdf10)
[#1] INFO:Plotting -- RooAbsPdf::plotOn(model) indirectly selected PDF components: ()
1/mass: 0.0525 pull:-0.445826
1/mass: 0.0575 pull:0.873607
1/mass: 0.0625 pull:0.131961
1/mass: 0.0675 pull:-0.362242
1/mass: 0.0725 pull:-0.594851
1/mass: 0.0775 pull:-0.323188
1/mass: 0.0825 pull:-1.69866
1/mass: 0.0875 pull:1.07938
1/mass: 0.0925 pull:-0.340643
1/mass: 0.0975 pull:0.506725
1/mass: 0.1025 pull:0.0299551
1/mass: 0.1075 pull:-0.375772
1/mass: 0.1125 pull:-0.137024
1/mass: 0.1175 pull:0.291694
1/mass: 0.1225 pull:0.411258
1/mass: 0.1275 pull:-0.370967
1/mass: 0.1325 pull:0.404232
1/mass: 0.1375 pull:-0.247258
1/mass: 0.1425 pull:-1.72983
1/mass: 0.1475 pull:0.532215
1/mass: 0.1525 pull:-0.916033
1/mass: 0.1575 pull:0.206266
1/mass: 0.1625 pull:0.0766438
1/mass: 0.1675 pull:-1.48806
1/mass: 0.1725 pull:0.909849
1/mass: 0.1775 pull:0.596085
1/mass: 0.1825 pull:-1.6641
1/mass: 0.1875 pull:1.17089
1/mass: 0.1925 pull:-1.07647
1/mass: 0.1975 pull:1.69287
1/mass: 0.2025 pull:-0.70472
1/mass: 0.2075 pull:2.21802
1/mass: 0.2125 pull:-0.398007
1/mass: 0.2175 pull:2.74285
1/mass: 0.2225 pull:0.407863
1/mass: 0.2275 pull:1.75612
2
2
2
Fitting bin 33 (Ek: 9.65954-11.4536 GeV/n)...
[#1] INFO:Minimization -- p.d.f. provides expected number of events, including extended term in likelihood.
[#1] INFO:Fitting -- RooAbsPdf::fitTo(model) fixing normalization set for coefficient determination to observables in data
[#1] INFO:Fitting -- Creation of NLL object took 208.83 μs
[#1] INFO:Fitting -- RooAddition::defaultErrorLevel(nll_model_data) Summation contains a RooNLLVar, using its error level
[#1] INFO:Minimization -- RooAbsMinimizerFcn::setOptimizeConst: activating const optimization
[#1] INFO:Fitting -- RooAbsPdf::fitTo(model) Calculating sum-of-weights-squared correction matrix for covariance matrix
[#1] INFO:Minimization -- RooAbsMinimizerFcn::setOptimizeConst: deactivating const optimization
Total chi2/ndf: 0.82621
  Fit Result: Chi2/NDF = 26.4387/34 = 0.777609, Status = 0
[#1] INFO:Plotting -- RooAbsPdf::plotOn(model) directly selected PDF components: (pdf7)
[#1] INFO:Plotting -- RooAbsPdf::plotOn(model) indirectly selected PDF components: ()
[#1] INFO:Plotting -- RooAbsPdf::plotOn(model) directly selected PDF components: (pdf9)
[#1] INFO:Plotting -- RooAbsPdf::plotOn(model) indirectly selected PDF components: ()
[#1] INFO:Plotting -- RooAbsPdf::plotOn(model) directly selected PDF components: (pdf10)
[#1] INFO:Plotting -- RooAbsPdf::plotOn(model) indirectly selected PDF components: ()
1/mass: 0.0525 pull:-0.714607
1/mass: 0.0575 pull:-0.493731
1/mass: 0.0675 pull:-1.32535
1/mass: 0.0725 pull:0.533607
1/mass: 0.0775 pull:-0.347649
1/mass: 0.0825 pull:1.20259
1/mass: 0.0875 pull:0.116661
1/mass: 0.0925 pull:-1.18886
1/mass: 0.0975 pull:1.33172
1/mass: 0.1025 pull:0.987232
1/mass: 0.1075 pull:-0.977379
1/mass: 0.1125 pull:-1.25975
1/mass: 0.1175 pull:0.82106
1/mass: 0.1225 pull:-1.62052
1/mass: 0.1275 pull:0.83637
1/mass: 0.1325 pull:0.371237
1/mass: 0.1375 pull:1.49492
1/mass: 0.1425 pull:-0.568937
1/mass: 0.1475 pull:-0.857927
1/mass: 0.1525 pull:-0.0996652
1/mass: 0.1575 pull:-0.651319
1/mass: 0.1625 pull:-0.667706
1/mass: 0.1675 pull:0.526861
1/mass: 0.1725 pull:0.174672
1/mass: 0.1775 pull:0.124853
1/mass: 0.1825 pull:-1.20199
1/mass: 0.1875 pull:0.0171727
1/mass: 0.1925 pull:1.78406
1/mass: 0.1975 pull:0.850842
1/mass: 0.2025 pull:0.433506
1/mass: 0.2075 pull:0.0586563
1/mass: 0.2125 pull:-0.451763
1/mass: 0.2175 pull:0.114116
1/mass: 0.2225 pull:0.981047
2
2
2
Fitting bin 35 (Ek: 11.4536-13.4986 GeV/n)...
[#1] INFO:Minimization -- p.d.f. provides expected number of events, including extended term in likelihood.
[#1] INFO:Fitting -- RooAbsPdf::fitTo(model) fixing normalization set for coefficient determination to observables in data
[#1] INFO:Fitting -- Creation of NLL object took 176.121 μs
[#1] INFO:Fitting -- RooAddition::defaultErrorLevel(nll_model_data) Summation contains a RooNLLVar, using its error level
[#1] INFO:Minimization -- RooAbsMinimizerFcn::setOptimizeConst: activating const optimization
[#1] INFO:Fitting -- RooAbsPdf::fitTo(model) Calculating sum-of-weights-squared correction matrix for covariance matrix
[#1] INFO:Minimization -- RooAbsMinimizerFcn::setOptimizeConst: deactivating const optimization
Total chi2/ndf: 1.38114
  Fit Result: Chi2/NDF = 45.5778/34 = 1.34052, Status = 0
[#1] INFO:Plotting -- RooAbsPdf::plotOn(model) directly selected PDF components: (pdf7)
[#1] INFO:Plotting -- RooAbsPdf::plotOn(model) indirectly selected PDF components: ()
[#1] INFO:Plotting -- RooAbsPdf::plotOn(model) directly selected PDF components: (pdf9)
[#1] INFO:Plotting -- RooAbsPdf::plotOn(model) indirectly selected PDF components: ()
[#1] INFO:Plotting -- RooAbsPdf::plotOn(model) directly selected PDF components: (pdf10)
[#1] INFO:Plotting -- RooAbsPdf::plotOn(model) indirectly selected PDF components: ()
1/mass: 0.0525 pull:1.10799
1/mass: 0.0575 pull:0.0198702
1/mass: 0.0625 pull:1.57394
1/mass: 0.0675 pull:-2.65904
1/mass: 0.0725 pull:0.126069
1/mass: 0.0775 pull:-1.58754
1/mass: 0.0825 pull:-0.217856
1/mass: 0.0875 pull:-0.722268
1/mass: 0.0925 pull:0.301946
1/mass: 0.0975 pull:0.416504
1/mass: 0.1025 pull:-0.618491
1/mass: 0.1075 pull:-0.560356
1/mass: 0.1125 pull:2.14714
1/mass: 0.1175 pull:-0.693754
1/mass: 0.1225 pull:1.34176
1/mass: 0.1275 pull:-0.862461
1/mass: 0.1325 pull:-1.17645
1/mass: 0.1375 pull:-0.914792
1/mass: 0.1425 pull:1.28736
1/mass: 0.1475 pull:-0.826911
1/mass: 0.1525 pull:-0.292075
1/mass: 0.1575 pull:0.294873
1/mass: 0.1625 pull:1.37573
1/mass: 0.1675 pull:-1.75826
1/mass: 0.1725 pull:-2.18293
1/mass: 0.1775 pull:1.49029
1/mass: 0.1825 pull:0.878576
1/mass: 0.1875 pull:0.0984954
1/mass: 0.1925 pull:-1.61305
1/mass: 0.1975 pull:1.12604
1/mass: 0.2025 pull:0.724115
1/mass: 0.2075 pull:0.540523
1/mass: 0.2125 pull:0.348978
1/mass: 0.2225 pull:-0.676846
1/mass: 0.2275 pull:0.589436
2
2
2
Fitting bin 37 (Ek: 13.4986-15.8444 GeV/n)...
[#1] INFO:Minimization -- p.d.f. provides expected number of events, including extended term in likelihood.
[#1] INFO:Fitting -- RooAbsPdf::fitTo(model) fixing normalization set for coefficient determination to observables in data
[#1] INFO:Fitting -- Creation of NLL object took 163.942 μs
[#1] INFO:Fitting -- RooAddition::defaultErrorLevel(nll_model_data) Summation contains a RooNLLVar, using its error level
[#1] INFO:Minimization -- RooAbsMinimizerFcn::setOptimizeConst: activating const optimization
[#1] INFO:Fitting -- RooAbsPdf::fitTo(model) Calculating sum-of-weights-squared correction matrix for covariance matrix
[#1] INFO:Minimization -- RooAbsMinimizerFcn::setOptimizeConst: deactivating const optimization
Total chi2/ndf: 1.675
  Fit Result: Chi2/NDF = 55.275/34 = 1.62574, Status = 0
[#1] INFO:Plotting -- RooAbsPdf::plotOn(model) directly selected PDF components: (pdf7)
[#1] INFO:Plotting -- RooAbsPdf::plotOn(model) indirectly selected PDF components: ()
[#1] INFO:Plotting -- RooAbsPdf::plotOn(model) directly selected PDF components: (pdf9)
[#1] INFO:Plotting -- RooAbsPdf::plotOn(model) indirectly selected PDF components: ()
[#1] INFO:Plotting -- RooAbsPdf::plotOn(model) directly selected PDF components: (pdf10)
[#1] INFO:Plotting -- RooAbsPdf::plotOn(model) indirectly selected PDF components: ()
1/mass: 0.0525 pull:1.09526
1/mass: 0.0575 pull:-2.86688
1/mass: 0.0625 pull:1.34177
1/mass: 0.0675 pull:0.850585
1/mass: 0.0725 pull:0.387249
1/mass: 0.0775 pull:-1.14494
1/mass: 0.0825 pull:-1.99051
1/mass: 0.0875 pull:0.582671
1/mass: 0.0925 pull:-0.966341
1/mass: 0.0975 pull:-1.20009
1/mass: 0.1025 pull:-0.894455
1/mass: 0.1075 pull:1.85409
1/mass: 0.1125 pull:-0.496087
1/mass: 0.1175 pull:1.50911
1/mass: 0.1225 pull:0.919327
1/mass: 0.1275 pull:1.43481
1/mass: 0.1325 pull:-2.15678
1/mass: 0.1375 pull:-0.00293971
1/mass: 0.1425 pull:-0.615627
1/mass: 0.1475 pull:-0.931451
1/mass: 0.1525 pull:-1.40756
1/mass: 0.1575 pull:-1.07693
1/mass: 0.1625 pull:0.304584
1/mass: 0.1675 pull:0.869981
1/mass: 0.1725 pull:-0.392878
1/mass: 0.1775 pull:-2.32285
1/mass: 0.1825 pull:0.72176
1/mass: 0.1875 pull:-0.154374
1/mass: 0.1925 pull:1.6187
1/mass: 0.1975 pull:1.56328
1/mass: 0.2025 pull:1.3963
1/mass: 0.2075 pull:-0.578408
1/mass: 0.2125 pull:-0.461617
1/mass: 0.2175 pull:0.984087
1/mass: 0.2225 pull:1.00874
2
2
2
Fitting bin 39 (Ek: 15.8444-18.5408 GeV/n)...
[#1] INFO:Minimization -- p.d.f. provides expected number of events, including extended term in likelihood.
[#1] INFO:Fitting -- RooAbsPdf::fitTo(model) fixing normalization set for coefficient determination to observables in data
[#1] INFO:Fitting -- Creation of NLL object took 166.49 μs
[#1] INFO:Fitting -- RooAddition::defaultErrorLevel(nll_model_data) Summation contains a RooNLLVar, using its error level
[#1] INFO:Minimization -- RooAbsMinimizerFcn::setOptimizeConst: activating const optimization
[#1] INFO:Fitting -- RooAbsPdf::fitTo(model) Calculating sum-of-weights-squared correction matrix for covariance matrix
[#1] INFO:Minimization -- RooAbsMinimizerFcn::setOptimizeConst: deactivating const optimization
Total chi2/ndf: 1.21666
  Fit Result: Chi2/NDF = 40.1498/34 = 1.18088, Status = 0
[#1] INFO:Plotting -- RooAbsPdf::plotOn(model) directly selected PDF components: (pdf7)
[#1] INFO:Plotting -- RooAbsPdf::plotOn(model) indirectly selected PDF components: ()
[#1] INFO:Plotting -- RooAbsPdf::plotOn(model) directly selected PDF components: (pdf9)
[#1] INFO:Plotting -- RooAbsPdf::plotOn(model) indirectly selected PDF components: ()
[#1] INFO:Plotting -- RooAbsPdf::plotOn(model) directly selected PDF components: (pdf10)
[#1] INFO:Plotting -- RooAbsPdf::plotOn(model) indirectly selected PDF components: ()
1/mass: 0.0525 pull:-2.1491
1/mass: 0.0575 pull:-3.527
1/mass: 0.0625 pull:-0.0980866
1/mass: 0.0675 pull:0.960681
1/mass: 0.0725 pull:-0.69693
1/mass: 0.0775 pull:-0.552038
1/mass: 0.0825 pull:0.180437
1/mass: 0.0875 pull:-1.28263
1/mass: 0.0925 pull:1.40739
1/mass: 0.0975 pull:1.13249
1/mass: 0.1025 pull:-0.00776832
1/mass: 0.1075 pull:-0.666761
1/mass: 0.1125 pull:0.283728
1/mass: 0.1175 pull:-1.87905
1/mass: 0.1225 pull:1.01256
1/mass: 0.1275 pull:0.96077
1/mass: 0.1325 pull:0.376604
1/mass: 0.1375 pull:0.92687
1/mass: 0.1425 pull:-0.238243
1/mass: 0.1475 pull:-1.23945
1/mass: 0.1525 pull:-0.412809
1/mass: 0.1575 pull:-0.454502
1/mass: 0.1625 pull:-1.46449
1/mass: 0.1675 pull:-0.310888
1/mass: 0.1725 pull:0.820764
1/mass: 0.1775 pull:-0.770551
1/mass: 0.1825 pull:0.514875
1/mass: 0.1875 pull:0.796063
1/mass: 0.1925 pull:-0.700169
1/mass: 0.1975 pull:-0.27678
1/mass: 0.2025 pull:0.399266
1/mass: 0.2075 pull:1.21133
1/mass: 0.2125 pull:0.736988
1/mass: 0.2175 pull:0.399691
1/mass: 0.2225 pull:0.384844
2
2
2
Fitting bin 41 (Ek: 18.5408-21.6377 GeV/n)...
[#1] INFO:Minimization -- p.d.f. provides expected number of events, including extended term in likelihood.
[#1] INFO:Fitting -- RooAbsPdf::fitTo(model) fixing normalization set for coefficient determination to observables in data
[#1] INFO:Fitting -- Creation of NLL object took 174.7 μs
[#1] INFO:Fitting -- RooAddition::defaultErrorLevel(nll_model_data) Summation contains a RooNLLVar, using its error level
[#1] INFO:Minimization -- RooAbsMinimizerFcn::setOptimizeConst: activating const optimization
[#1] INFO:Fitting -- RooAbsPdf::fitTo(model) Calculating sum-of-weights-squared correction matrix for covariance matrix
[#1] INFO:Minimization -- RooAbsMinimizerFcn::setOptimizeConst: deactivating const optimization
Total chi2/ndf: 1.36923
  Fit Result: Chi2/NDF = 45.1847/34 = 1.32896, Status = 0
[#1] INFO:Plotting -- RooAbsPdf::plotOn(model) directly selected PDF components: (pdf7)
[#1] INFO:Plotting -- RooAbsPdf::plotOn(model) indirectly selected PDF components: ()
[#1] INFO:Plotting -- RooAbsPdf::plotOn(model) directly selected PDF components: (pdf9)
[#1] INFO:Plotting -- RooAbsPdf::plotOn(model) indirectly selected PDF components: ()
[#1] INFO:Plotting -- RooAbsPdf::plotOn(model) directly selected PDF components: (pdf10)
[#1] INFO:Plotting -- RooAbsPdf::plotOn(model) indirectly selected PDF components: ()
1/mass: 0.0525 pull:1.02356
1/mass: 0.0575 pull:1.02674
1/mass: 0.0625 pull:1.16153
1/mass: 0.0675 pull:0.266748
1/mass: 0.0725 pull:-1.45353
1/mass: 0.0775 pull:-1.68441
1/mass: 0.0825 pull:-2.38949
1/mass: 0.0875 pull:0.168862
1/mass: 0.0925 pull:0.931104
1/mass: 0.0975 pull:-1.00357
1/mass: 0.1025 pull:-0.393306
1/mass: 0.1075 pull:0.890957
1/mass: 0.1125 pull:-0.32859
1/mass: 0.1175 pull:-0.0743913
1/mass: 0.1225 pull:1.57913
1/mass: 0.1275 pull:0.268615
1/mass: 0.1325 pull:1.0428
1/mass: 0.1375 pull:-1.60531
1/mass: 0.1425 pull:-1.27286
1/mass: 0.1475 pull:0.390627
1/mass: 0.1525 pull:-1.42775
1/mass: 0.1575 pull:0.54796
1/mass: 0.1625 pull:-1.05523
1/mass: 0.1675 pull:0.781774
1/mass: 0.1725 pull:0.4357
1/mass: 0.1775 pull:0.189781
1/mass: 0.1825 pull:0.712947
1/mass: 0.1875 pull:-0.560234
1/mass: 0.1925 pull:-2.58583
1/mass: 0.1975 pull:0.608763
1/mass: 0.2025 pull:0.547756
1/mass: 0.2125 pull:0.708041
1/mass: 0.2175 pull:-1.54595
1/mass: 0.2225 pull:0.35862
1/mass: 0.2275 pull:2.13233

[SUCCESS] Fitting process completed. Results saved to:
/eos/user/z/zixuan/Isotope/MassTempFit/wide_MassTF_Be_UnbiasedL1Inner_H2_UseMass7_FragFromBoron.pdf
/eos/user/z/zixuan/Isotope/MassTempFit/wide_MassTF_Be_UnbiasedL1Inner_H2_UseMass7_FragFromBoron.root
====================================================================
Starting FRAGMENT Mass Template Fit for: Be from source Carbon (UseMass: 7)
Chain: UnbiasedL1Inner
Templates: Pure (H2)
====================================================================
[INFO] Data file loaded: root://eoshome-z.cern.ch//eos/user/z/zixuan/Isotope/Add/Be_frag4.root
[INFO] Output ROOT file: /eos/user/z/zixuan/Isotope/MassTempFit/wide_MassTF_Be_UnbiasedL1Inner_H2_UseMass7_FragFromCarbon.root

--- Processing Detector: TOF ---
2
2
2
Fitting bin 5 (Ek: 0.267548-0.406144 GeV/n)...
[#1] INFO:Minimization -- p.d.f. provides expected number of events, including extended term in likelihood.
[#1] INFO:Fitting -- RooAbsPdf::fitTo(model) fixing normalization set for coefficient determination to observables in data
[#1] INFO:Fitting -- Creation of NLL object took 242.46 μs
[#1] INFO:Fitting -- RooAddition::defaultErrorLevel(nll_model_data) Summation contains a RooNLLVar, using its error level
[#1] INFO:Minimization -- RooAbsMinimizerFcn::setOptimizeConst: activating const optimization
[#1] INFO:Fitting -- RooAbsPdf::fitTo(model) Calculating sum-of-weights-squared correction matrix for covariance matrix
[#1] INFO:Minimization -- RooAbsMinimizerFcn::setOptimizeConst: deactivating const optimization
Total chi2/ndf: 1.68506
  Fit Result: Chi2/NDF = 55.6068/34 = 1.6355, Status = 0
[#1] INFO:Plotting -- RooAbsPdf::plotOn(model) directly selected PDF components: (pdf7)
[#1] INFO:Plotting -- RooAbsPdf::plotOn(model) indirectly selected PDF components: ()
[#1] INFO:Plotting -- RooAbsPdf::plotOn(model) directly selected PDF components: (pdf9)
[#1] INFO:Plotting -- RooAbsPdf::plotOn(model) indirectly selected PDF components: ()
[#1] INFO:Plotting -- RooAbsPdf::plotOn(model) directly selected PDF components: (pdf10)
[#1] INFO:Plotting -- RooAbsPdf::plotOn(model) indirectly selected PDF components: ()
1/mass: 0.0575 pull:0.313228
1/mass: 0.0625 pull:1.59449
1/mass: 0.0675 pull:0.440826
1/mass: 0.0725 pull:-0.385365
1/mass: 0.0775 pull:-0.311189
1/mass: 0.0825 pull:0.0656144
1/mass: 0.0875 pull:1.96991
1/mass: 0.0925 pull:-2.45097
1/mass: 0.0975 pull:-0.36669
1/mass: 0.1025 pull:-0.694015
1/mass: 0.1075 pull:1.16891
1/mass: 0.1125 pull:-0.258916
1/mass: 0.1175 pull:1.73886
1/mass: 0.1225 pull:-1.71873
1/mass: 0.1275 pull:0.450271
1/mass: 0.1325 pull:-0.712428
1/mass: 0.1375 pull:-0.724024
1/mass: 0.1425 pull:1.57403
1/mass: 0.1475 pull:-0.389859
1/mass: 0.1525 pull:0.0744318
1/mass: 0.1575 pull:-0.0630762
1/mass: 0.1625 pull:-0.559976
1/mass: 0.1675 pull:0.606279
1/mass: 0.1725 pull:-2.67406
1/mass: 0.1775 pull:-1.20401
1/mass: 0.1825 pull:0.80176
1/mass: 0.1875 pull:-0.0252163
1/mass: 0.1925 pull:2.38858
1/mass: 0.1975 pull:3.1165
1/mass: 0.2025 pull:-1.39832
1/mass: 0.2075 pull:-0.833426
1/mass: 0.2125 pull:-0.486171
1/mass: 0.2175 pull:1.22529
1/mass: 0.2225 pull:0.961811
1/mass: 0.2275 pull:0.279951
2
2
2
Fitting bin 7 (Ek: 0.406144-0.587609 GeV/n)...
[#1] INFO:Minimization -- p.d.f. provides expected number of events, including extended term in likelihood.
[#1] INFO:Fitting -- RooAbsPdf::fitTo(model) fixing normalization set for coefficient determination to observables in data
[#1] INFO:Fitting -- Creation of NLL object took 267.521 μs
[#1] INFO:Fitting -- RooAddition::defaultErrorLevel(nll_model_data) Summation contains a RooNLLVar, using its error level
[#1] INFO:Minimization -- RooAbsMinimizerFcn::setOptimizeConst: activating const optimization
[#1] INFO:Fitting -- RooAbsPdf::fitTo(model) Calculating sum-of-weights-squared correction matrix for covariance matrix
[#1] INFO:Minimization -- RooAbsMinimizerFcn::setOptimizeConst: deactivating const optimization
Total chi2/ndf: 1.64275
  Fit Result: Chi2/NDF = 54.2107/34 = 1.59443, Status = 0
[#1] INFO:Plotting -- RooAbsPdf::plotOn(model) directly selected PDF components: (pdf7)
[#1] INFO:Plotting -- RooAbsPdf::plotOn(model) indirectly selected PDF components: ()
[#1] INFO:Plotting -- RooAbsPdf::plotOn(model) directly selected PDF components: (pdf9)
[#1] INFO:Plotting -- RooAbsPdf::plotOn(model) indirectly selected PDF components: ()
[#1] INFO:Plotting -- RooAbsPdf::plotOn(model) directly selected PDF components: (pdf10)
[#1] INFO:Plotting -- RooAbsPdf::plotOn(model) indirectly selected PDF components: ()
1/mass: 0.0575 pull:-1.32131
1/mass: 0.0625 pull:0.407718
1/mass: 0.0675 pull:0.837162
1/mass: 0.0725 pull:0.611186
1/mass: 0.0775 pull:1.07566
1/mass: 0.0825 pull:0.536555
1/mass: 0.0875 pull:2.78143
1/mass: 0.0925 pull:-0.81709
1/mass: 0.0975 pull:-0.585706
1/mass: 0.1025 pull:-1.05701
1/mass: 0.1075 pull:-0.49832
1/mass: 0.1125 pull:0.238549
1/mass: 0.1175 pull:0.0526429
1/mass: 0.1225 pull:-2.37029
1/mass: 0.1275 pull:1.4918
1/mass: 0.1325 pull:0.68151
1/mass: 0.1375 pull:1.17287
1/mass: 0.1425 pull:-0.161044
1/mass: 0.1475 pull:1.22113
1/mass: 0.1525 pull:0.790929
1/mass: 0.1575 pull:-1.53746
1/mass: 0.1625 pull:-2.8232
1/mass: 0.1675 pull:0.533843
1/mass: 0.1725 pull:-1.69101
1/mass: 0.1775 pull:-1.22782
1/mass: 0.1825 pull:0.960381
1/mass: 0.1875 pull:1.33055
1/mass: 0.1925 pull:1.96607
1/mass: 0.1975 pull:1.23167
1/mass: 0.2025 pull:-0.848885
1/mass: 0.2075 pull:-0.0223843
1/mass: 0.2125 pull:0.0186492
1/mass: 0.2175 pull:1.19748
1/mass: 0.2225 pull:1.40356
1/mass: 0.2275 pull:0.770443
2
2
2
Fitting bin 9 (Ek: 0.587609-0.821474 GeV/n)...
[#1] INFO:Minimization -- p.d.f. provides expected number of events, including extended term in likelihood.
[#1] INFO:Fitting -- RooAbsPdf::fitTo(model) fixing normalization set for coefficient determination to observables in data
[#1] INFO:Fitting -- Creation of NLL object took 212.532 μs
[#1] INFO:Fitting -- RooAddition::defaultErrorLevel(nll_model_data) Summation contains a RooNLLVar, using its error level
[#1] INFO:Minimization -- RooAbsMinimizerFcn::setOptimizeConst: activating const optimization
[#1] INFO:Fitting -- RooAbsPdf::fitTo(model) Calculating sum-of-weights-squared correction matrix for covariance matrix
[#1] INFO:Minimization -- RooAbsMinimizerFcn::setOptimizeConst: deactivating const optimization
Total chi2/ndf: 3.41689
  Fit Result: Chi2/NDF = 112.757/34 = 3.31639, Status = 0
[#1] INFO:Plotting -- RooAbsPdf::plotOn(model) directly selected PDF components: (pdf7)
[#1] INFO:Plotting -- RooAbsPdf::plotOn(model) indirectly selected PDF components: ()
[#1] INFO:Plotting -- RooAbsPdf::plotOn(model) directly selected PDF components: (pdf9)
[#1] INFO:Plotting -- RooAbsPdf::plotOn(model) indirectly selected PDF components: ()
[#1] INFO:Plotting -- RooAbsPdf::plotOn(model) directly selected PDF components: (pdf10)
[#1] INFO:Plotting -- RooAbsPdf::plotOn(model) indirectly selected PDF components: ()
1/mass: 0.0525 pull:0.0332237
1/mass: 0.0625 pull:-0.357482
1/mass: 0.0675 pull:0.861976
1/mass: 0.0725 pull:1.42158
1/mass: 0.0775 pull:3.84997
1/mass: 0.0825 pull:2.27619
1/mass: 0.0875 pull:1.46975
1/mass: 0.0925 pull:0.0942603
1/mass: 0.0975 pull:-0.214295
1/mass: 0.1025 pull:0.477826
1/mass: 0.1075 pull:-2.48455
1/mass: 0.1125 pull:-2.10891
1/mass: 0.1175 pull:-2.01794
1/mass: 0.1225 pull:0.283659
1/mass: 0.1275 pull:1.69126
1/mass: 0.1325 pull:1.68038
1/mass: 0.1375 pull:1.99277
1/mass: 0.1425 pull:1.12259
1/mass: 0.1475 pull:0.248402
1/mass: 0.1525 pull:-1.28709
1/mass: 0.1575 pull:-0.376226
1/mass: 0.1625 pull:-2.89047
1/mass: 0.1675 pull:-1.86815
1/mass: 0.1725 pull:-2.62647
1/mass: 0.1775 pull:-0.219156
1/mass: 0.1825 pull:0.116532
1/mass: 0.1875 pull:1.76708
1/mass: 0.1925 pull:0.497318
1/mass: 0.1975 pull:3.08207
1/mass: 0.2025 pull:2.82465
1/mass: 0.2075 pull:2.86772
1/mass: 0.2125 pull:1.22616
1/mass: 0.2175 pull:1.92808
1/mass: 0.2225 pull:2.27675
1/mass: 0.2275 pull:1.26051
2
2
2
Fitting bin 11 (Ek: 0.821474-1.11303 GeV/n)...
[#1] INFO:Minimization -- p.d.f. provides expected number of events, including extended term in likelihood.
[#1] INFO:Fitting -- RooAbsPdf::fitTo(model) fixing normalization set for coefficient determination to observables in data
[#1] INFO:Fitting -- Creation of NLL object took 239.321 μs
[#1] INFO:Fitting -- RooAddition::defaultErrorLevel(nll_model_data) Summation contains a RooNLLVar, using its error level
[#1] INFO:Minimization -- RooAbsMinimizerFcn::setOptimizeConst: activating const optimization
[#1] INFO:Fitting -- RooAbsPdf::fitTo(model) Calculating sum-of-weights-squared correction matrix for covariance matrix
[#1] INFO:Minimization -- RooAbsMinimizerFcn::setOptimizeConst: deactivating const optimization
Total chi2/ndf: 14.0386
  Fit Result: Chi2/NDF = 477.313/34 = 14.0386, Status = 0
[#1] INFO:Plotting -- RooAbsPdf::plotOn(model) directly selected PDF components: (pdf7)
[#1] INFO:Plotting -- RooAbsPdf::plotOn(model) indirectly selected PDF components: ()
[#1] INFO:Plotting -- RooAbsPdf::plotOn(model) directly selected PDF components: (pdf9)
[#1] INFO:Plotting -- RooAbsPdf::plotOn(model) indirectly selected PDF components: ()
[#1] INFO:Plotting -- RooAbsPdf::plotOn(model) directly selected PDF components: (pdf10)
[#1] INFO:Plotting -- RooAbsPdf::plotOn(model) indirectly selected PDF components: ()
1/mass: 0.0525 pull:2.97928
1/mass: 0.0575 pull:2.26731
1/mass: 0.0625 pull:3.24309
1/mass: 0.0675 pull:4.06678
1/mass: 0.0725 pull:3.74962
1/mass: 0.0775 pull:4.40493
1/mass: 0.0825 pull:5.25969
1/mass: 0.0875 pull:5.13509
1/mass: 0.0925 pull:3.97074
1/mass: 0.0975 pull:-0.859313
1/mass: 0.1025 pull:-3.61845
1/mass: 0.1075 pull:-6.06351
1/mass: 0.1125 pull:-3.91623
1/mass: 0.1175 pull:-5.56262
1/mass: 0.1225 pull:0.640196
1/mass: 0.1275 pull:2.73312
1/mass: 0.1325 pull:4.44327
1/mass: 0.1375 pull:5.81475
1/mass: 0.1425 pull:2.71192
1/mass: 0.1475 pull:2.25539
1/mass: 0.1525 pull:-0.863858
1/mass: 0.1575 pull:-3.04263
1/mass: 0.1625 pull:-5.65058
1/mass: 0.1675 pull:-3.78275
1/mass: 0.1725 pull:-4.04969
1/mass: 0.1775 pull:-3.14775
1/mass: 0.1825 pull:-1.32087
1/mass: 0.1875 pull:0.735327
1/mass: 0.1925 pull:3.23537
1/mass: 0.1975 pull:4.13751
1/mass: 0.2025 pull:3.92959
1/mass: 0.2075 pull:4.18357
1/mass: 0.2125 pull:1.86762
1/mass: 0.2175 pull:2.75272
1/mass: 0.2225 pull:-2.06347
1/mass: 0.2275 pull:1.23877
2
2
2
Fitting bin 13 (Ek: 1.11303-1.4714 GeV/n)...
[#1] INFO:Minimization -- p.d.f. provides expected number of events, including extended term in likelihood.
[#1] INFO:Fitting -- RooAbsPdf::fitTo(model) fixing normalization set for coefficient determination to observables in data
[#1] INFO:Fitting -- Creation of NLL object took 194.501 μs
[#1] INFO:Fitting -- RooAddition::defaultErrorLevel(nll_model_data) Summation contains a RooNLLVar, using its error level
[#1] INFO:Minimization -- RooAbsMinimizerFcn::setOptimizeConst: activating const optimization
[#1] INFO:Fitting -- RooAbsPdf::fitTo(model) Calculating sum-of-weights-squared correction matrix for covariance matrix
[#1] INFO:Minimization -- RooAbsMinimizerFcn::setOptimizeConst: deactivating const optimization
Total chi2/ndf: 24.2096
  Fit Result: Chi2/NDF = 823.127/34 = 24.2096, Status = 0
[#1] INFO:Plotting -- RooAbsPdf::plotOn(model) directly selected PDF components: (pdf7)
[#1] INFO:Plotting -- RooAbsPdf::plotOn(model) indirectly selected PDF components: ()
[#1] INFO:Plotting -- RooAbsPdf::plotOn(model) directly selected PDF components: (pdf9)
[#1] INFO:Plotting -- RooAbsPdf::plotOn(model) indirectly selected PDF components: ()
[#1] INFO:Plotting -- RooAbsPdf::plotOn(model) directly selected PDF components: (pdf10)
[#1] INFO:Plotting -- RooAbsPdf::plotOn(model) indirectly selected PDF components: ()
1/mass: 0.0525 pull:5.76781
1/mass: 0.0575 pull:6.84942
1/mass: 0.0625 pull:6.47821
1/mass: 0.0675 pull:7.59953
1/mass: 0.0725 pull:8.31056
1/mass: 0.0775 pull:7.23271
1/mass: 0.0825 pull:7.60813
1/mass: 0.0875 pull:4.97002
1/mass: 0.0925 pull:0.303669
1/mass: 0.0975 pull:-3.73684
1/mass: 0.1025 pull:-6.04823
1/mass: 0.1075 pull:-6.38051
1/mass: 0.1125 pull:-7.31947
1/mass: 0.1175 pull:-3.87874
1/mass: 0.1225 pull:0.959296
1/mass: 0.1275 pull:3.82765
1/mass: 0.1325 pull:5.85085
1/mass: 0.1375 pull:3.79843
1/mass: 0.1425 pull:2.99439
1/mass: 0.1475 pull:-2.52543
1/mass: 0.1525 pull:-2.43001
1/mass: 0.1575 pull:-5.71117
1/mass: 0.1625 pull:-3.26074
1/mass: 0.1675 pull:-4.62346
1/mass: 0.1725 pull:-3.35099
1/mass: 0.1775 pull:-0.571993
1/mass: 0.1825 pull:1.25986
1/mass: 0.1875 pull:1.44726
1/mass: 0.1925 pull:3.70398
1/mass: 0.1975 pull:4.58002
1/mass: 0.2025 pull:4.15177
1/mass: 0.2075 pull:3.76171
1/mass: 0.2125 pull:4.58382
1/mass: 0.2175 pull:3.50582
1/mass: 0.2225 pull:2.81885
1/mass: 0.2275 pull:2.57254

--- Processing Detector: NaF ---
2
2
2
Fitting bin 11 (Ek: 0.821474-1.11303 GeV/n)...
[#1] INFO:Minimization -- p.d.f. provides expected number of events, including extended term in likelihood.
[#1] INFO:Fitting -- RooAbsPdf::fitTo(model) fixing normalization set for coefficient determination to observables in data
[#1] INFO:Fitting -- Creation of NLL object took 265.471 μs
[#1] INFO:Fitting -- RooAddition::defaultErrorLevel(nll_model_data) Summation contains a RooNLLVar, using its error level
[#1] INFO:Minimization -- RooAbsMinimizerFcn::setOptimizeConst: activating const optimization
[#1] INFO:Fitting -- RooAbsPdf::fitTo(model) Calculating sum-of-weights-squared correction matrix for covariance matrix
[#1] INFO:Minimization -- RooAbsMinimizerFcn::setOptimizeConst: deactivating const optimization
Total chi2/ndf: 1.32263
  Fit Result: Chi2/NDF = 44.9693/34 = 1.32263, Status = 0
[#1] INFO:Plotting -- RooAbsPdf::plotOn(model) directly selected PDF components: (pdf7)
[#1] INFO:Plotting -- RooAbsPdf::plotOn(model) indirectly selected PDF components: ()
[#1] INFO:Plotting -- RooAbsPdf::plotOn(model) directly selected PDF components: (pdf9)
[#1] INFO:Plotting -- RooAbsPdf::plotOn(model) indirectly selected PDF components: ()
[#1] INFO:Plotting -- RooAbsPdf::plotOn(model) directly selected PDF components: (pdf10)
[#1] INFO:Plotting -- RooAbsPdf::plotOn(model) indirectly selected PDF components: ()
1/mass: 0.0525 pull:1.37978
1/mass: 0.0575 pull:1.31214
1/mass: 0.0625 pull:1.02999
1/mass: 0.0675 pull:0.756448
1/mass: 0.0725 pull:0.439296
1/mass: 0.0775 pull:-0.716927
1/mass: 0.0825 pull:0.413738
1/mass: 0.0875 pull:1.3868
1/mass: 0.0925 pull:-0.540149
1/mass: 0.0975 pull:0.852366
1/mass: 0.1025 pull:-2.01125
1/mass: 0.1075 pull:0.0420536
1/mass: 0.1125 pull:-0.775476
1/mass: 0.1175 pull:0.916957
1/mass: 0.1225 pull:0.0226801
1/mass: 0.1275 pull:-1.2594
1/mass: 0.1325 pull:1.21981
1/mass: 0.1375 pull:0.961726
1/mass: 0.1425 pull:0.354076
1/mass: 0.1475 pull:-1.61276
1/mass: 0.1525 pull:-0.208174
1/mass: 0.1575 pull:0.166797
1/mass: 0.1625 pull:-0.843287
1/mass: 0.1675 pull:1.49384
1/mass: 0.1725 pull:0.523892
1/mass: 0.1775 pull:-0.759765
1/mass: 0.1825 pull:-1.86432
1/mass: 0.1875 pull:0.0293956
1/mass: 0.1925 pull:-0.530401
1/mass: 0.1975 pull:0.514635
1/mass: 0.2025 pull:-0.0867384
1/mass: 0.2075 pull:-3.46016
1/mass: 0.2125 pull:0.854782
1/mass: 0.2175 pull:1.32771
1/mass: 0.2225 pull:0.764987
1/mass: 0.2275 pull:0.853807
2
2
2
Fitting bin 13 (Ek: 1.11303-1.4714 GeV/n)...
[#1] INFO:Minimization -- p.d.f. provides expected number of events, including extended term in likelihood.
[#1] INFO:Fitting -- RooAbsPdf::fitTo(model) fixing normalization set for coefficient determination to observables in data
[#1] INFO:Fitting -- Creation of NLL object took 234.662 μs
[#1] INFO:Fitting -- RooAddition::defaultErrorLevel(nll_model_data) Summation contains a RooNLLVar, using its error level
[#1] INFO:Minimization -- RooAbsMinimizerFcn::setOptimizeConst: activating const optimization
[#1] INFO:Fitting -- RooAbsPdf::fitTo(model) Calculating sum-of-weights-squared correction matrix for covariance matrix
[#1] INFO:Minimization -- RooAbsMinimizerFcn::setOptimizeConst: deactivating const optimization
Total chi2/ndf: 1.04432
  Fit Result: Chi2/NDF = 35.5069/34 = 1.04432, Status = 0
[#1] INFO:Plotting -- RooAbsPdf::plotOn(model) directly selected PDF components: (pdf7)
[#1] INFO:Plotting -- RooAbsPdf::plotOn(model) indirectly selected PDF components: ()
[#1] INFO:Plotting -- RooAbsPdf::plotOn(model) directly selected PDF components: (pdf9)
[#1] INFO:Plotting -- RooAbsPdf::plotOn(model) indirectly selected PDF components: ()
[#1] INFO:Plotting -- RooAbsPdf::plotOn(model) directly selected PDF components: (pdf10)
[#1] INFO:Plotting -- RooAbsPdf::plotOn(model) indirectly selected PDF components: ()
1/mass: 0.0525 pull:1.36569
1/mass: 0.0575 pull:1.28349
1/mass: 0.0625 pull:0.490859
1/mass: 0.0675 pull:1.1566
1/mass: 0.0725 pull:0.444775
1/mass: 0.0775 pull:-0.403411
1/mass: 0.0825 pull:1.66829
1/mass: 0.0875 pull:0.969384
1/mass: 0.0925 pull:-1.13541
1/mass: 0.0975 pull:-0.610415
1/mass: 0.1025 pull:-0.107769
1/mass: 0.1075 pull:-1.58051
1/mass: 0.1125 pull:0.553586
1/mass: 0.1175 pull:1.11615
1/mass: 0.1225 pull:-0.250677
1/mass: 0.1275 pull:0.481639
1/mass: 0.1325 pull:-0.71983
1/mass: 0.1375 pull:-0.795317
1/mass: 0.1425 pull:-0.738794
1/mass: 0.1475 pull:-0.270557
1/mass: 0.1525 pull:-0.149825
1/mass: 0.1575 pull:0.310879
1/mass: 0.1625 pull:1.57168
1/mass: 0.1675 pull:-0.268402
1/mass: 0.1725 pull:-0.927332
1/mass: 0.1775 pull:-1.35371
1/mass: 0.1825 pull:0.645218
1/mass: 0.1875 pull:1.08452
1/mass: 0.1925 pull:0.392447
1/mass: 0.1975 pull:2.17548
1/mass: 0.2025 pull:0.0706085
1/mass: 0.2075 pull:-2.3266
1/mass: 0.2125 pull:0.907377
1/mass: 0.2175 pull:-0.17678
1/mass: 0.2225 pull:0.608153
1/mass: 0.2275 pull:0.262101
2
2
2
Fitting bin 15 (Ek: 1.4714-1.91049 GeV/n)...
[#1] INFO:Minimization -- p.d.f. provides expected number of events, including extended term in likelihood.
[#1] INFO:Fitting -- RooAbsPdf::fitTo(model) fixing normalization set for coefficient determination to observables in data
[#1] INFO:Fitting -- Creation of NLL object took 164.752 μs
[#1] INFO:Fitting -- RooAddition::defaultErrorLevel(nll_model_data) Summation contains a RooNLLVar, using its error level
[#1] INFO:Minimization -- RooAbsMinimizerFcn::setOptimizeConst: activating const optimization
[#1] INFO:Fitting -- RooAbsPdf::fitTo(model) Calculating sum-of-weights-squared correction matrix for covariance matrix
[#1] INFO:Minimization -- RooAbsMinimizerFcn::setOptimizeConst: deactivating const optimization
Total chi2/ndf: 1.48239
  Fit Result: Chi2/NDF = 48.9187/34 = 1.43879, Status = 0
[#1] INFO:Plotting -- RooAbsPdf::plotOn(model) directly selected PDF components: (pdf7)
[#1] INFO:Plotting -- RooAbsPdf::plotOn(model) indirectly selected PDF components: ()
[#1] INFO:Plotting -- RooAbsPdf::plotOn(model) directly selected PDF components: (pdf9)
[#1] INFO:Plotting -- RooAbsPdf::plotOn(model) indirectly selected PDF components: ()
[#1] INFO:Plotting -- RooAbsPdf::plotOn(model) directly selected PDF components: (pdf10)
[#1] INFO:Plotting -- RooAbsPdf::plotOn(model) indirectly selected PDF components: ()
1/mass: 0.0525 pull:0.520686
1/mass: 0.0625 pull:0.48921
1/mass: 0.0675 pull:1.01677
1/mass: 0.0725 pull:0.120604
1/mass: 0.0775 pull:1.01129
1/mass: 0.0825 pull:1.06453
1/mass: 0.0875 pull:-1.98882
1/mass: 0.0925 pull:-0.00295391
1/mass: 0.0975 pull:1.48739
1/mass: 0.1025 pull:-1.43761
1/mass: 0.1075 pull:0.374439
1/mass: 0.1125 pull:-0.774825
1/mass: 0.1175 pull:0.253002
1/mass: 0.1225 pull:0.247075
1/mass: 0.1275 pull:-0.957193
1/mass: 0.1325 pull:1.01497
1/mass: 0.1375 pull:0.0662907
1/mass: 0.1425 pull:0.67415
1/mass: 0.1475 pull:0.744994
1/mass: 0.1525 pull:-1.17528
1/mass: 0.1575 pull:2.75907
1/mass: 0.1625 pull:-2.4209
1/mass: 0.1675 pull:-2.7253
1/mass: 0.1725 pull:0.935977
1/mass: 0.1775 pull:-0.115563
1/mass: 0.1825 pull:-0.378468
1/mass: 0.1875 pull:-0.700127
1/mass: 0.1925 pull:1.32404
1/mass: 0.1975 pull:-2.29571
1/mass: 0.2025 pull:0.0328154
1/mass: 0.2075 pull:0.705366
1/mass: 0.2125 pull:1.07283
1/mass: 0.2175 pull:0.0401011
1/mass: 0.2225 pull:0.388861
1/mass: 0.2275 pull:-0.716417
2
2
2
Fitting bin 17 (Ek: 1.91049-2.43494 GeV/n)...
[#1] INFO:Minimization -- p.d.f. provides expected number of events, including extended term in likelihood.
[#1] INFO:Fitting -- RooAbsPdf::fitTo(model) fixing normalization set for coefficient determination to observables in data
[#1] INFO:Fitting -- Creation of NLL object took 189.081 μs
[#1] INFO:Fitting -- RooAddition::defaultErrorLevel(nll_model_data) Summation contains a RooNLLVar, using its error level
[#1] INFO:Minimization -- RooAbsMinimizerFcn::setOptimizeConst: activating const optimization
[#1] INFO:Fitting -- RooAbsPdf::fitTo(model) Calculating sum-of-weights-squared correction matrix for covariance matrix
[#1] INFO:Minimization -- RooAbsMinimizerFcn::setOptimizeConst: deactivating const optimization
Total chi2/ndf: 1.04586
  Fit Result: Chi2/NDF = 33.4676/34 = 0.98434, Status = 0
[#1] INFO:Plotting -- RooAbsPdf::plotOn(model) directly selected PDF components: (pdf7)
[#1] INFO:Plotting -- RooAbsPdf::plotOn(model) indirectly selected PDF components: ()
[#1] INFO:Plotting -- RooAbsPdf::plotOn(model) directly selected PDF components: (pdf9)
[#1] INFO:Plotting -- RooAbsPdf::plotOn(model) indirectly selected PDF components: ()
[#1] INFO:Plotting -- RooAbsPdf::plotOn(model) directly selected PDF components: (pdf10)
[#1] INFO:Plotting -- RooAbsPdf::plotOn(model) indirectly selected PDF components: ()
1/mass: 0.0575 pull:0.249161
1/mass: 0.0675 pull:0.918707
1/mass: 0.0725 pull:-0.188833
1/mass: 0.0775 pull:1.19479
1/mass: 0.0825 pull:0.298894
1/mass: 0.0875 pull:-0.500291
1/mass: 0.0925 pull:-0.043246
1/mass: 0.0975 pull:0.0644222
1/mass: 0.1025 pull:0.466031
1/mass: 0.1075 pull:-0.87013
1/mass: 0.1125 pull:-1.16819
1/mass: 0.1175 pull:1.63961
1/mass: 0.1225 pull:0.639061
1/mass: 0.1275 pull:-1.36763
1/mass: 0.1325 pull:0.679841
1/mass: 0.1375 pull:-1.39621
1/mass: 0.1425 pull:0.448539
1/mass: 0.1475 pull:0.122138
1/mass: 0.1525 pull:-0.0486685
1/mass: 0.1575 pull:1.76003
1/mass: 0.1625 pull:-1.60239
1/mass: 0.1675 pull:-1.77506
1/mass: 0.1725 pull:1.56613
1/mass: 0.1775 pull:0.000639653
1/mass: 0.1825 pull:0.34822
1/mass: 0.1875 pull:1.00667
1/mass: 0.1925 pull:-0.611534
1/mass: 0.1975 pull:-1.074
1/mass: 0.2025 pull:0.610564
1/mass: 0.2075 pull:-2.33007
1/mass: 0.2125 pull:0.209113
1/mass: 0.2175 pull:-0.634823
1/mass: 0.2225 pull:-0.315615
1/mass: 0.2275 pull:0.732854
2
2
2
Fitting bin 19 (Ek: 2.43494-3.05875 GeV/n)...
[#1] INFO:Minimization -- p.d.f. provides expected number of events, including extended term in likelihood.
[#1] INFO:Fitting -- RooAbsPdf::fitTo(model) fixing normalization set for coefficient determination to observables in data
[#1] INFO:Fitting -- Creation of NLL object took 216.051 μs
[#1] INFO:Fitting -- RooAddition::defaultErrorLevel(nll_model_data) Summation contains a RooNLLVar, using its error level
[#1] INFO:Minimization -- RooAbsMinimizerFcn::setOptimizeConst: activating const optimization
[#1] INFO:Fitting -- RooAbsPdf::fitTo(model) Calculating sum-of-weights-squared correction matrix for covariance matrix
[#1] INFO:Minimization -- RooAbsMinimizerFcn::setOptimizeConst: deactivating const optimization
Total chi2/ndf: 1.66104
  Fit Result: Chi2/NDF = 56.4755/34 = 1.66104, Status = 0
[#1] INFO:Plotting -- RooAbsPdf::plotOn(model) directly selected PDF components: (pdf7)
[#1] INFO:Plotting -- RooAbsPdf::plotOn(model) indirectly selected PDF components: ()
[#1] INFO:Plotting -- RooAbsPdf::plotOn(model) directly selected PDF components: (pdf9)
[#1] INFO:Plotting -- RooAbsPdf::plotOn(model) indirectly selected PDF components: ()
[#1] INFO:Plotting -- RooAbsPdf::plotOn(model) directly selected PDF components: (pdf10)
[#1] INFO:Plotting -- RooAbsPdf::plotOn(model) indirectly selected PDF components: ()
1/mass: 0.0525 pull:2.08419
1/mass: 0.0575 pull:0.848783
1/mass: 0.0625 pull:1.10581
1/mass: 0.0675 pull:1.04226
1/mass: 0.0725 pull:-3.16026
1/mass: 0.0775 pull:-0.0740869
1/mass: 0.0825 pull:0.738712
1/mass: 0.0875 pull:0.907597
1/mass: 0.0925 pull:-0.701055
1/mass: 0.0975 pull:1.07059
1/mass: 0.1025 pull:-0.466915
1/mass: 0.1075 pull:-0.884241
1/mass: 0.1125 pull:-0.573312
1/mass: 0.1175 pull:-0.658594
1/mass: 0.1225 pull:0.597592
1/mass: 0.1275 pull:0.337228
1/mass: 0.1325 pull:-0.16072
1/mass: 0.1375 pull:0.754249
1/mass: 0.1425 pull:1.24563
1/mass: 0.1475 pull:0.899727
1/mass: 0.1525 pull:-0.411889
1/mass: 0.1575 pull:-0.995546
1/mass: 0.1625 pull:0.677881
1/mass: 0.1675 pull:-0.144156
1/mass: 0.1725 pull:-3.96902
1/mass: 0.1775 pull:-0.747464
1/mass: 0.1825 pull:1.09111
1/mass: 0.1875 pull:1.14576
1/mass: 0.1925 pull:-2.08446
1/mass: 0.1975 pull:1.3166
1/mass: 0.2025 pull:-1.23762
1/mass: 0.2075 pull:1.13942
1/mass: 0.2125 pull:0.321318
1/mass: 0.2175 pull:-0.418555
1/mass: 0.2225 pull:-0.082556
1/mass: 0.2275 pull:1.12405
2
2
2
Fitting bin 21 (Ek: 3.05875-3.79127 GeV/n)...
[#1] INFO:Minimization -- p.d.f. provides expected number of events, including extended term in likelihood.
[#1] INFO:Fitting -- RooAbsPdf::fitTo(model) fixing normalization set for coefficient determination to observables in data
[#1] INFO:Fitting -- Creation of NLL object took 210.291 μs
[#1] INFO:Fitting -- RooAddition::defaultErrorLevel(nll_model_data) Summation contains a RooNLLVar, using its error level
[#1] INFO:Minimization -- RooAbsMinimizerFcn::setOptimizeConst: activating const optimization
[#1] INFO:Fitting -- RooAbsPdf::fitTo(model) Calculating sum-of-weights-squared correction matrix for covariance matrix
[#1] INFO:Minimization -- RooAbsMinimizerFcn::setOptimizeConst: deactivating const optimization
Total chi2/ndf: 2.49555
  Fit Result: Chi2/NDF = 77.3621/34 = 2.27535, Status = 0
[#1] INFO:Plotting -- RooAbsPdf::plotOn(model) directly selected PDF components: (pdf7)
[#1] INFO:Plotting -- RooAbsPdf::plotOn(model) indirectly selected PDF components: ()
[#1] INFO:Plotting -- RooAbsPdf::plotOn(model) directly selected PDF components: (pdf9)
[#1] INFO:Plotting -- RooAbsPdf::plotOn(model) indirectly selected PDF components: ()
[#1] INFO:Plotting -- RooAbsPdf::plotOn(model) directly selected PDF components: (pdf10)
[#1] INFO:Plotting -- RooAbsPdf::plotOn(model) indirectly selected PDF components: ()
1/mass: 0.0575 pull:1.09267
1/mass: 0.0625 pull:0.567568
1/mass: 0.0675 pull:1.59483
1/mass: 0.0725 pull:0.301498
1/mass: 0.0775 pull:-1.82203
1/mass: 0.0825 pull:0.200806
1/mass: 0.0875 pull:0.32306
1/mass: 0.0925 pull:-1.10568
1/mass: 0.0975 pull:0.601885
1/mass: 0.1025 pull:-2.35072
1/mass: 0.1075 pull:1.59626
1/mass: 0.1125 pull:0.904298
1/mass: 0.1175 pull:0.845245
1/mass: 0.1225 pull:-1.67696
1/mass: 0.1275 pull:-1.41814
1/mass: 0.1325 pull:0.330367
1/mass: 0.1375 pull:-0.662944
1/mass: 0.1425 pull:2.6432
1/mass: 0.1475 pull:2.93583
1/mass: 0.1525 pull:-1.79143
1/mass: 0.1575 pull:1.41615
1/mass: 0.1625 pull:-2.17303
1/mass: 0.1675 pull:-0.315554
1/mass: 0.1725 pull:-3.30702
1/mass: 0.1775 pull:0.435428
1/mass: 0.1825 pull:-0.726213
1/mass: 0.1875 pull:-1.13313
1/mass: 0.1925 pull:0.592965
1/mass: 0.1975 pull:1.16215
1/mass: 0.2025 pull:-2.52368
1/mass: 0.2075 pull:-1.27856
1/mass: 0.2225 pull:1.51421
1/mass: 0.2275 pull:1.61441
2
2
2
Fitting bin 23 (Ek: 3.79127-4.64682 GeV/n)...
[#1] INFO:Minimization -- p.d.f. provides expected number of events, including extended term in likelihood.
[#1] INFO:Fitting -- RooAbsPdf::fitTo(model) fixing normalization set for coefficient determination to observables in data
[#1] INFO:Fitting -- Creation of NLL object took 187.011 μs
[#1] INFO:Fitting -- RooAddition::defaultErrorLevel(nll_model_data) Summation contains a RooNLLVar, using its error level
[#1] INFO:Minimization -- RooAbsMinimizerFcn::setOptimizeConst: activating const optimization
[#1] INFO:Fitting -- RooAbsPdf::fitTo(model) Calculating sum-of-weights-squared correction matrix for covariance matrix
[#1] INFO:Minimization -- RooAbsMinimizerFcn::setOptimizeConst: deactivating const optimization
Total chi2/ndf: 1.55231
  Fit Result: Chi2/NDF = 48.1217/34 = 1.41534, Status = 0
[#1] INFO:Plotting -- RooAbsPdf::plotOn(model) directly selected PDF components: (pdf7)
[#1] INFO:Plotting -- RooAbsPdf::plotOn(model) indirectly selected PDF components: ()
[#1] INFO:Plotting -- RooAbsPdf::plotOn(model) directly selected PDF components: (pdf9)
[#1] INFO:Plotting -- RooAbsPdf::plotOn(model) indirectly selected PDF components: ()
[#1] INFO:Plotting -- RooAbsPdf::plotOn(model) directly selected PDF components: (pdf10)
[#1] INFO:Plotting -- RooAbsPdf::plotOn(model) indirectly selected PDF components: ()
1/mass: 0.0625 pull:-0.960327
1/mass: 0.0675 pull:0.335019
1/mass: 0.0725 pull:1.2973
1/mass: 0.0775 pull:-1.48642
1/mass: 0.0825 pull:1.37704
1/mass: 0.0875 pull:1.82883
1/mass: 0.0925 pull:-0.187528
1/mass: 0.0975 pull:-1.09789
1/mass: 0.1025 pull:0.844367
1/mass: 0.1075 pull:-1.32165
1/mass: 0.1125 pull:-0.2563
1/mass: 0.1175 pull:0.111998
1/mass: 0.1225 pull:-1.66267
1/mass: 0.1275 pull:0.662691
1/mass: 0.1325 pull:1.9746
1/mass: 0.1375 pull:0.867843
1/mass: 0.1425 pull:-0.127799
1/mass: 0.1475 pull:-2.30065
1/mass: 0.1525 pull:-0.0813332
1/mass: 0.1575 pull:-0.196117
1/mass: 0.1625 pull:-1.50073
1/mass: 0.1675 pull:-0.323219
1/mass: 0.1725 pull:0.0860973
1/mass: 0.1775 pull:-0.760196
1/mass: 0.1825 pull:2.05348
1/mass: 0.1875 pull:1.16819
1/mass: 0.1925 pull:-0.72677
1/mass: 0.1975 pull:1.58336
1/mass: 0.2025 pull:2.53642
1/mass: 0.2075 pull:0.02368
1/mass: 0.2125 pull:0.307421
1/mass: 0.2175 pull:-1.13244
1/mass: 0.2225 pull:1.26323
2
2
2
Fitting bin 25 (Ek: 4.64682-5.63491 GeV/n)...
[#1] INFO:Minimization -- p.d.f. provides expected number of events, including extended term in likelihood.
[#1] INFO:Fitting -- RooAbsPdf::fitTo(model) fixing normalization set for coefficient determination to observables in data
[#1] INFO:Fitting -- Creation of NLL object took 156.261 μs
[#1] INFO:Fitting -- RooAddition::defaultErrorLevel(nll_model_data) Summation contains a RooNLLVar, using its error level
[#1] INFO:Minimization -- RooAbsMinimizerFcn::setOptimizeConst: activating const optimization
[#1] INFO:Fitting -- RooAbsPdf::fitTo(model) Calculating sum-of-weights-squared correction matrix for covariance matrix
[#1] INFO:Minimization -- RooAbsMinimizerFcn::setOptimizeConst: deactivating const optimization
Total chi2/ndf: 0.986946
  Fit Result: Chi2/NDF = 32.5692/34 = 0.957918, Status = 0
[#1] INFO:Plotting -- RooAbsPdf::plotOn(model) directly selected PDF components: (pdf7)
[#1] INFO:Plotting -- RooAbsPdf::plotOn(model) indirectly selected PDF components: ()
[#1] INFO:Plotting -- RooAbsPdf::plotOn(model) directly selected PDF components: (pdf9)
[#1] INFO:Plotting -- RooAbsPdf::plotOn(model) indirectly selected PDF components: ()
[#1] INFO:Plotting -- RooAbsPdf::plotOn(model) directly selected PDF components: (pdf10)
[#1] INFO:Plotting -- RooAbsPdf::plotOn(model) indirectly selected PDF components: ()
1/mass: 0.0525 pull:0.790422
1/mass: 0.0575 pull:0.848773
1/mass: 0.0625 pull:-0.316123
1/mass: 0.0675 pull:0.0402047
1/mass: 0.0725 pull:-0.514198
1/mass: 0.0775 pull:2.3775
1/mass: 0.0825 pull:-1.25882
1/mass: 0.0875 pull:-0.815453
1/mass: 0.0925 pull:1.29004
1/mass: 0.0975 pull:-0.183241
1/mass: 0.1025 pull:-0.748847
1/mass: 0.1075 pull:-0.660757
1/mass: 0.1125 pull:1.04717
1/mass: 0.1175 pull:-1.1399
1/mass: 0.1225 pull:-0.300842
1/mass: 0.1275 pull:-0.158559
1/mass: 0.1325 pull:0.921462
1/mass: 0.1375 pull:0.0661116
1/mass: 0.1425 pull:1.0362
1/mass: 0.1475 pull:-0.340992
1/mass: 0.1525 pull:0.730287
1/mass: 0.1575 pull:0.345024
1/mass: 0.1625 pull:0.957349
1/mass: 0.1675 pull:-1.91766
1/mass: 0.1725 pull:-1.63048
1/mass: 0.1775 pull:-1.36051
1/mass: 0.1825 pull:-1.10288
1/mass: 0.1875 pull:0.698997
1/mass: 0.1925 pull:1.05112
1/mass: 0.1975 pull:1.11606
1/mass: 0.2025 pull:-0.390461
1/mass: 0.2075 pull:-0.697444
1/mass: 0.2125 pull:-0.0789201
1/mass: 0.2225 pull:0.655021
1/mass: 0.2275 pull:0.905829

--- Processing Detector: AGL ---
2
2
2
Fitting bin 19 (Ek: 2.43494-3.05875 GeV/n)...
[#1] INFO:Minimization -- p.d.f. provides expected number of events, including extended term in likelihood.
[#1] INFO:Fitting -- RooAbsPdf::fitTo(model) fixing normalization set for coefficient determination to observables in data
[#1] INFO:Fitting -- Creation of NLL object took 215.442 μs
[#1] INFO:Fitting -- RooAddition::defaultErrorLevel(nll_model_data) Summation contains a RooNLLVar, using its error level
[#1] INFO:Minimization -- RooAbsMinimizerFcn::setOptimizeConst: activating const optimization
[#1] INFO:Fitting -- RooAbsPdf::fitTo(model) Calculating sum-of-weights-squared correction matrix for covariance matrix
[#1] INFO:Minimization -- RooAbsMinimizerFcn::setOptimizeConst: deactivating const optimization
Total chi2/ndf: 1.07543
  Fit Result: Chi2/NDF = 35.4893/34 = 1.0438, Status = 0
[#1] INFO:Plotting -- RooAbsPdf::plotOn(model) directly selected PDF components: (pdf7)
[#1] INFO:Plotting -- RooAbsPdf::plotOn(model) indirectly selected PDF components: ()
[#1] INFO:Plotting -- RooAbsPdf::plotOn(model) directly selected PDF components: (pdf9)
[#1] INFO:Plotting -- RooAbsPdf::plotOn(model) indirectly selected PDF components: ()
[#1] INFO:Plotting -- RooAbsPdf::plotOn(model) directly selected PDF components: (pdf10)
[#1] INFO:Plotting -- RooAbsPdf::plotOn(model) indirectly selected PDF components: ()
1/mass: 0.0575 pull:-1.14957
1/mass: 0.0625 pull:0.102461
1/mass: 0.0675 pull:1.90391
1/mass: 0.0725 pull:1.49025
1/mass: 0.0775 pull:1.69582
1/mass: 0.0825 pull:1.23543
1/mass: 0.0875 pull:-0.339985
1/mass: 0.0925 pull:-0.0198933
1/mass: 0.0975 pull:-0.389503
1/mass: 0.1025 pull:0.473719
1/mass: 0.1075 pull:-1.05099
1/mass: 0.1125 pull:-0.945712
1/mass: 0.1175 pull:0.346913
1/mass: 0.1225 pull:0.806189
1/mass: 0.1275 pull:-0.921658
1/mass: 0.1325 pull:1.17193
1/mass: 0.1375 pull:0.062562
1/mass: 0.1425 pull:-1.06462
1/mass: 0.1475 pull:-0.57425
1/mass: 0.1525 pull:0.994096
1/mass: 0.1575 pull:-1.34466
1/mass: 0.1625 pull:-0.919589
1/mass: 0.1675 pull:0.143138
1/mass: 0.1725 pull:0.403138
1/mass: 0.1775 pull:0.293403
1/mass: 0.1825 pull:0.888593
1/mass: 0.1875 pull:0.194311
1/mass: 0.1925 pull:1.45292
1/mass: 0.1975 pull:1.24276
1/mass: 0.2025 pull:-0.289315
1/mass: 0.2075 pull:1.68397
1/mass: 0.2125 pull:1.64273
1/mass: 0.2175 pull:1.09071
1/mass: 0.2225 pull:-0.254172
1/mass: 0.2275 pull:1.30076
2
2
2
Fitting bin 21 (Ek: 3.05875-3.79127 GeV/n)...
[#1] INFO:Minimization -- p.d.f. provides expected number of events, including extended term in likelihood.
[#1] INFO:Fitting -- RooAbsPdf::fitTo(model) fixing normalization set for coefficient determination to observables in data
[#1] INFO:Fitting -- Creation of NLL object took 159.219 μs
[#1] INFO:Fitting -- RooAddition::defaultErrorLevel(nll_model_data) Summation contains a RooNLLVar, using its error level
[#1] INFO:Minimization -- RooAbsMinimizerFcn::setOptimizeConst: activating const optimization
[#1] INFO:Fitting -- RooAbsPdf::fitTo(model) Calculating sum-of-weights-squared correction matrix for covariance matrix
[#1] INFO:Minimization -- RooAbsMinimizerFcn::setOptimizeConst: deactivating const optimization
Total chi2/ndf: 2.14573
  Fit Result: Chi2/NDF = 68.6633/34 = 2.01951, Status = 0
[#1] INFO:Plotting -- RooAbsPdf::plotOn(model) directly selected PDF components: (pdf7)
[#1] INFO:Plotting -- RooAbsPdf::plotOn(model) indirectly selected PDF components: ()
[#1] INFO:Plotting -- RooAbsPdf::plotOn(model) directly selected PDF components: (pdf9)
[#1] INFO:Plotting -- RooAbsPdf::plotOn(model) indirectly selected PDF components: ()
[#1] INFO:Plotting -- RooAbsPdf::plotOn(model) directly selected PDF components: (pdf10)
[#1] INFO:Plotting -- RooAbsPdf::plotOn(model) indirectly selected PDF components: ()
1/mass: 0.0625 pull:-2.92644
1/mass: 0.0675 pull:-2.0262
1/mass: 0.0725 pull:1.54062
1/mass: 0.0775 pull:0.752907
1/mass: 0.0825 pull:3.40446
1/mass: 0.0875 pull:1.16823
1/mass: 0.0925 pull:0.0586411
1/mass: 0.0975 pull:-0.217291
1/mass: 0.1025 pull:-0.910634
1/mass: 0.1075 pull:-0.679746
1/mass: 0.1125 pull:0.300669
1/mass: 0.1175 pull:-1.82116
1/mass: 0.1225 pull:-0.00100043
1/mass: 0.1275 pull:1.56671
1/mass: 0.1325 pull:-0.0938314
1/mass: 0.1375 pull:1.64703
1/mass: 0.1425 pull:0.0386497
1/mass: 0.1475 pull:-0.0977258
1/mass: 0.1525 pull:-1.33672
1/mass: 0.1575 pull:-0.380271
1/mass: 0.1625 pull:1.45854
1/mass: 0.1675 pull:-1.28738
1/mass: 0.1725 pull:-1.96729
1/mass: 0.1775 pull:1.16104
1/mass: 0.1825 pull:-1.19228
1/mass: 0.1875 pull:1.56753
1/mass: 0.1925 pull:-1.30686
1/mass: 0.1975 pull:1.42041
1/mass: 0.2025 pull:1.91636
1/mass: 0.2075 pull:0.774426
1/mass: 0.2125 pull:-1.27668
1/mass: 0.2175 pull:1.896
1/mass: 0.2225 pull:-0.414725
1/mass: 0.2275 pull:1.39814
2
2
2
Fitting bin 23 (Ek: 3.79127-4.64682 GeV/n)...
[#1] INFO:Minimization -- p.d.f. provides expected number of events, including extended term in likelihood.
[#1] INFO:Fitting -- RooAbsPdf::fitTo(model) fixing normalization set for coefficient determination to observables in data
[#1] INFO:Fitting -- Creation of NLL object took 160.891 μs
[#1] INFO:Fitting -- RooAddition::defaultErrorLevel(nll_model_data) Summation contains a RooNLLVar, using its error level
[#1] INFO:Minimization -- RooAbsMinimizerFcn::setOptimizeConst: activating const optimization
[#1] INFO:Fitting -- RooAbsPdf::fitTo(model) Calculating sum-of-weights-squared correction matrix for covariance matrix
[#1] INFO:Minimization -- RooAbsMinimizerFcn::setOptimizeConst: deactivating const optimization
Total chi2/ndf: 1.6836
  Fit Result: Chi2/NDF = 57.2425/34 = 1.6836, Status = 0
[#1] INFO:Plotting -- RooAbsPdf::plotOn(model) directly selected PDF components: (pdf7)
[#1] INFO:Plotting -- RooAbsPdf::plotOn(model) indirectly selected PDF components: ()
[#1] INFO:Plotting -- RooAbsPdf::plotOn(model) directly selected PDF components: (pdf9)
[#1] INFO:Plotting -- RooAbsPdf::plotOn(model) indirectly selected PDF components: ()
[#1] INFO:Plotting -- RooAbsPdf::plotOn(model) directly selected PDF components: (pdf10)
[#1] INFO:Plotting -- RooAbsPdf::plotOn(model) indirectly selected PDF components: ()
1/mass: 0.0525 pull:0.53499
1/mass: 0.0575 pull:-1.14318
1/mass: 0.0625 pull:-1.59765
1/mass: 0.0675 pull:2.25487
1/mass: 0.0725 pull:1.00736
1/mass: 0.0775 pull:-0.468528
1/mass: 0.0825 pull:1.32832
1/mass: 0.0875 pull:1.07829
1/mass: 0.0925 pull:0.0191017
1/mass: 0.0975 pull:-0.705793
1/mass: 0.1025 pull:0.802681
1/mass: 0.1075 pull:-0.911726
1/mass: 0.1125 pull:-0.754997
1/mass: 0.1175 pull:-0.904484
1/mass: 0.1225 pull:0.0622145
1/mass: 0.1275 pull:1.34358
1/mass: 0.1325 pull:0.316667
1/mass: 0.1375 pull:0.0364341
1/mass: 0.1425 pull:0.286461
1/mass: 0.1475 pull:0.183696
1/mass: 0.1525 pull:-2.81157
1/mass: 0.1575 pull:-2.69201
1/mass: 0.1625 pull:-0.178623
1/mass: 0.1675 pull:1.37896
1/mass: 0.1725 pull:0.588795
1/mass: 0.1775 pull:1.73653
1/mass: 0.1825 pull:0.377696
1/mass: 0.1875 pull:0.874843
1/mass: 0.1925 pull:2.34912
1/mass: 0.1975 pull:0.835438
1/mass: 0.2025 pull:1.31089
1/mass: 0.2075 pull:2.13506
1/mass: 0.2125 pull:1.59629
1/mass: 0.2175 pull:0.650412
1/mass: 0.2225 pull:1.23004
1/mass: 0.2275 pull:-0.359752
2
2
2
Fitting bin 25 (Ek: 4.64682-5.63491 GeV/n)...
[#1] INFO:Minimization -- p.d.f. provides expected number of events, including extended term in likelihood.
[#1] INFO:Fitting -- RooAbsPdf::fitTo(model) fixing normalization set for coefficient determination to observables in data
[#1] INFO:Fitting -- Creation of NLL object took 175.79 μs
[#1] INFO:Fitting -- RooAddition::defaultErrorLevel(nll_model_data) Summation contains a RooNLLVar, using its error level
[#1] INFO:Minimization -- RooAbsMinimizerFcn::setOptimizeConst: activating const optimization
[#1] INFO:Fitting -- RooAbsPdf::fitTo(model) Calculating sum-of-weights-squared correction matrix for covariance matrix
[#1] INFO:Minimization -- RooAbsMinimizerFcn::setOptimizeConst: deactivating const optimization
Total chi2/ndf: 1.27967
  Fit Result: Chi2/NDF = 42.229/34 = 1.24203, Status = 0
[#1] INFO:Plotting -- RooAbsPdf::plotOn(model) directly selected PDF components: (pdf7)
[#1] INFO:Plotting -- RooAbsPdf::plotOn(model) indirectly selected PDF components: ()
[#1] INFO:Plotting -- RooAbsPdf::plotOn(model) directly selected PDF components: (pdf9)
[#1] INFO:Plotting -- RooAbsPdf::plotOn(model) indirectly selected PDF components: ()
[#1] INFO:Plotting -- RooAbsPdf::plotOn(model) directly selected PDF components: (pdf10)
[#1] INFO:Plotting -- RooAbsPdf::plotOn(model) indirectly selected PDF components: ()
1/mass: 0.0575 pull:-0.645387
1/mass: 0.0625 pull:0.251617
1/mass: 0.0675 pull:-2.10994
1/mass: 0.0725 pull:0.0590744
1/mass: 0.0775 pull:-0.855923
1/mass: 0.0825 pull:0.950251
1/mass: 0.0875 pull:0.906719
1/mass: 0.0925 pull:0.570494
1/mass: 0.0975 pull:0.196382
1/mass: 0.1025 pull:0.0884459
1/mass: 0.1075 pull:-1.68319
1/mass: 0.1125 pull:-0.185382
1/mass: 0.1175 pull:0.417112
1/mass: 0.1225 pull:0.374781
1/mass: 0.1275 pull:1.473
1/mass: 0.1325 pull:-1.56396
1/mass: 0.1375 pull:0.0959401
1/mass: 0.1425 pull:-0.464207
1/mass: 0.1475 pull:-1.18587
1/mass: 0.1525 pull:-1.01708
1/mass: 0.1575 pull:-0.794844
1/mass: 0.1625 pull:-0.649313
1/mass: 0.1675 pull:0.984105
1/mass: 0.1725 pull:1.15169
1/mass: 0.1775 pull:-0.134587
1/mass: 0.1825 pull:2.87026
1/mass: 0.1875 pull:1.60153
1/mass: 0.1925 pull:2.85751
1/mass: 0.1975 pull:-0.320681
1/mass: 0.2025 pull:-0.20492
1/mass: 0.2075 pull:-0.274613
1/mass: 0.2125 pull:-0.414932
1/mass: 0.2175 pull:-1.08441
1/mass: 0.2225 pull:0.264817
1/mass: 0.2275 pull:-0.166654
2
2
2
Fitting bin 27 (Ek: 5.63491-6.775 GeV/n)...
[#1] INFO:Minimization -- p.d.f. provides expected number of events, including extended term in likelihood.
[#1] INFO:Fitting -- RooAbsPdf::fitTo(model) fixing normalization set for coefficient determination to observables in data
[#1] INFO:Fitting -- Creation of NLL object took 162.02 μs
[#1] INFO:Fitting -- RooAddition::defaultErrorLevel(nll_model_data) Summation contains a RooNLLVar, using its error level
[#1] INFO:Minimization -- RooAbsMinimizerFcn::setOptimizeConst: activating const optimization
[#1] INFO:Fitting -- RooAbsPdf::fitTo(model) Calculating sum-of-weights-squared correction matrix for covariance matrix
[#1] INFO:Minimization -- RooAbsMinimizerFcn::setOptimizeConst: deactivating const optimization
Total chi2/ndf: 0.982535
  Fit Result: Chi2/NDF = 33.4062/34 = 0.982535, Status = 0
[#1] INFO:Plotting -- RooAbsPdf::plotOn(model) directly selected PDF components: (pdf7)
[#1] INFO:Plotting -- RooAbsPdf::plotOn(model) indirectly selected PDF components: ()
[#1] INFO:Plotting -- RooAbsPdf::plotOn(model) directly selected PDF components: (pdf9)
[#1] INFO:Plotting -- RooAbsPdf::plotOn(model) indirectly selected PDF components: ()
[#1] INFO:Plotting -- RooAbsPdf::plotOn(model) directly selected PDF components: (pdf10)
[#1] INFO:Plotting -- RooAbsPdf::plotOn(model) indirectly selected PDF components: ()
1/mass: 0.0525 pull:0.276957
1/mass: 0.0575 pull:0.0798088
1/mass: 0.0625 pull:-1.10843
1/mass: 0.0675 pull:-1.0048
1/mass: 0.0725 pull:0.590007
1/mass: 0.0775 pull:-0.974107
1/mass: 0.0825 pull:0.567732
1/mass: 0.0875 pull:0.870614
1/mass: 0.0925 pull:-0.453739
1/mass: 0.0975 pull:0.214627
1/mass: 0.1025 pull:0.167425
1/mass: 0.1075 pull:-1.39379
1/mass: 0.1125 pull:1.2547
1/mass: 0.1175 pull:-0.668716
1/mass: 0.1225 pull:0.254614
1/mass: 0.1275 pull:0.292958
1/mass: 0.1325 pull:-0.151452
1/mass: 0.1375 pull:0.401361
1/mass: 0.1425 pull:-1.26314
1/mass: 0.1475 pull:-1.98358
1/mass: 0.1525 pull:1.35616
1/mass: 0.1575 pull:0.866863
1/mass: 0.1625 pull:-0.129914
1/mass: 0.1675 pull:-2.09464
1/mass: 0.1725 pull:0.781115
1/mass: 0.1775 pull:0.959183
1/mass: 0.1825 pull:-0.154767
1/mass: 0.1875 pull:-0.0553807
1/mass: 0.1925 pull:-0.194963
1/mass: 0.1975 pull:1.2913
1/mass: 0.2025 pull:1.5159
1/mass: 0.2075 pull:1.90527
1/mass: 0.2125 pull:0.366243
1/mass: 0.2175 pull:0.616534
1/mass: 0.2225 pull:0.79554
1/mass: 0.2275 pull:1.12514
2
2
2
Fitting bin 29 (Ek: 6.775-8.11658 GeV/n)...
[#1] INFO:Minimization -- p.d.f. provides expected number of events, including extended term in likelihood.
[#1] INFO:Fitting -- RooAbsPdf::fitTo(model) fixing normalization set for coefficient determination to observables in data
[#1] INFO:Fitting -- Creation of NLL object took 167.55 μs
[#1] INFO:Fitting -- RooAddition::defaultErrorLevel(nll_model_data) Summation contains a RooNLLVar, using its error level
[#1] INFO:Minimization -- RooAbsMinimizerFcn::setOptimizeConst: activating const optimization
[#1] INFO:Fitting -- RooAbsPdf::fitTo(model) Calculating sum-of-weights-squared correction matrix for covariance matrix
[#1] INFO:Minimization -- RooAbsMinimizerFcn::setOptimizeConst: deactivating const optimization
Total chi2/ndf: 1.24743
  Fit Result: Chi2/NDF = 41.165/34 = 1.21074, Status = 0
[#1] INFO:Plotting -- RooAbsPdf::plotOn(model) directly selected PDF components: (pdf7)
[#1] INFO:Plotting -- RooAbsPdf::plotOn(model) indirectly selected PDF components: ()
[#1] INFO:Plotting -- RooAbsPdf::plotOn(model) directly selected PDF components: (pdf9)
[#1] INFO:Plotting -- RooAbsPdf::plotOn(model) indirectly selected PDF components: ()
[#1] INFO:Plotting -- RooAbsPdf::plotOn(model) directly selected PDF components: (pdf10)
[#1] INFO:Plotting -- RooAbsPdf::plotOn(model) indirectly selected PDF components: ()
1/mass: 0.0575 pull:0.712381
1/mass: 0.0625 pull:0.179051
1/mass: 0.0675 pull:0.240891
1/mass: 0.0725 pull:0.00146593
1/mass: 0.0775 pull:1.52922
1/mass: 0.0825 pull:0.3415
1/mass: 0.0875 pull:0.815906
1/mass: 0.0925 pull:1.3983
1/mass: 0.0975 pull:-0.649941
1/mass: 0.1025 pull:-1.10859
1/mass: 0.1075 pull:-0.62044
1/mass: 0.1125 pull:-0.958001
1/mass: 0.1175 pull:0.0734026
1/mass: 0.1225 pull:1.02977
1/mass: 0.1275 pull:0.943136
1/mass: 0.1325 pull:-0.884464
1/mass: 0.1375 pull:0.50559
1/mass: 0.1425 pull:-0.712254
1/mass: 0.1475 pull:-0.676546
1/mass: 0.1525 pull:-1.24796
1/mass: 0.1575 pull:-0.206522
1/mass: 0.1625 pull:-0.852894
1/mass: 0.1675 pull:-1.15697
1/mass: 0.1725 pull:1.09646
1/mass: 0.1775 pull:-0.407822
1/mass: 0.1825 pull:1.74792
1/mass: 0.1875 pull:3.06298
1/mass: 0.1925 pull:0.341746
1/mass: 0.1975 pull:2.83445
1/mass: 0.2025 pull:0.136307
1/mass: 0.2075 pull:0.46098
1/mass: 0.2125 pull:0.222631
1/mass: 0.2175 pull:0.876982
1/mass: 0.2225 pull:0.592548
1/mass: 0.2275 pull:1.24725
2
2
2
Fitting bin 31 (Ek: 8.11658-9.65954 GeV/n)...
[#1] INFO:Minimization -- p.d.f. provides expected number of events, including extended term in likelihood.
[#1] INFO:Fitting -- RooAbsPdf::fitTo(model) fixing normalization set for coefficient determination to observables in data
[#1] INFO:Fitting -- Creation of NLL object took 157.021 μs
[#1] INFO:Fitting -- RooAddition::defaultErrorLevel(nll_model_data) Summation contains a RooNLLVar, using its error level
[#1] INFO:Minimization -- RooAbsMinimizerFcn::setOptimizeConst: activating const optimization
[#1] INFO:Fitting -- RooAbsPdf::fitTo(model) Calculating sum-of-weights-squared correction matrix for covariance matrix
[#1] INFO:Minimization -- RooAbsMinimizerFcn::setOptimizeConst: deactivating const optimization
Total chi2/ndf: 2.17058
  Fit Result: Chi2/NDF = 73.7998/34 = 2.17058, Status = 0
[#1] INFO:Plotting -- RooAbsPdf::plotOn(model) directly selected PDF components: (pdf7)
[#1] INFO:Plotting -- RooAbsPdf::plotOn(model) indirectly selected PDF components: ()
[#1] INFO:Plotting -- RooAbsPdf::plotOn(model) directly selected PDF components: (pdf9)
[#1] INFO:Plotting -- RooAbsPdf::plotOn(model) indirectly selected PDF components: ()
[#1] INFO:Plotting -- RooAbsPdf::plotOn(model) directly selected PDF components: (pdf10)
[#1] INFO:Plotting -- RooAbsPdf::plotOn(model) indirectly selected PDF components: ()
1/mass: 0.0525 pull:1.69288
1/mass: 0.0575 pull:1.45863
1/mass: 0.0625 pull:0.622674
1/mass: 0.0675 pull:-2.11815
1/mass: 0.0725 pull:-0.124963
1/mass: 0.0775 pull:-0.649283
1/mass: 0.0825 pull:0.712173
1/mass: 0.0875 pull:1.38496
1/mass: 0.0925 pull:-0.60869
1/mass: 0.0975 pull:-1.06326
1/mass: 0.1025 pull:1.94441
1/mass: 0.1075 pull:-2.08952
1/mass: 0.1125 pull:-0.410927
1/mass: 0.1175 pull:-0.267847
1/mass: 0.1225 pull:0.996184
1/mass: 0.1275 pull:0.178288
1/mass: 0.1325 pull:1.55259
1/mass: 0.1375 pull:-1.71549
1/mass: 0.1425 pull:-1.79852
1/mass: 0.1475 pull:0.369364
1/mass: 0.1525 pull:-1.57972
1/mass: 0.1575 pull:-1.02283
1/mass: 0.1625 pull:-1.01631
1/mass: 0.1675 pull:0.529757
1/mass: 0.1725 pull:0.355047
1/mass: 0.1775 pull:-1.46749
1/mass: 0.1825 pull:1.50273
1/mass: 0.1875 pull:2.26599
1/mass: 0.1925 pull:4.22385
1/mass: 0.1975 pull:0.940879
1/mass: 0.2025 pull:2.05779
1/mass: 0.2075 pull:0.80724
1/mass: 0.2125 pull:1.15057
1/mass: 0.2175 pull:-0.268612
1/mass: 0.2225 pull:1.34197
1/mass: 0.2275 pull:0.309154
2
2
2
Fitting bin 33 (Ek: 9.65954-11.4536 GeV/n)...
[#1] INFO:Minimization -- p.d.f. provides expected number of events, including extended term in likelihood.
[#1] INFO:Fitting -- RooAbsPdf::fitTo(model) fixing normalization set for coefficient determination to observables in data
[#1] INFO:Fitting -- Creation of NLL object took 164.862 μs
[#1] INFO:Fitting -- RooAddition::defaultErrorLevel(nll_model_data) Summation contains a RooNLLVar, using its error level
[#1] INFO:Minimization -- RooAbsMinimizerFcn::setOptimizeConst: activating const optimization
[#1] INFO:Fitting -- RooAbsPdf::fitTo(model) Calculating sum-of-weights-squared correction matrix for covariance matrix
[#1] INFO:Minimization -- RooAbsMinimizerFcn::setOptimizeConst: deactivating const optimization
Total chi2/ndf: 2.19006
  Fit Result: Chi2/NDF = 74.4622/34 = 2.19006, Status = 0
[#1] INFO:Plotting -- RooAbsPdf::plotOn(model) directly selected PDF components: (pdf7)
[#1] INFO:Plotting -- RooAbsPdf::plotOn(model) indirectly selected PDF components: ()
[#1] INFO:Plotting -- RooAbsPdf::plotOn(model) directly selected PDF components: (pdf9)
[#1] INFO:Plotting -- RooAbsPdf::plotOn(model) indirectly selected PDF components: ()
[#1] INFO:Plotting -- RooAbsPdf::plotOn(model) directly selected PDF components: (pdf10)
[#1] INFO:Plotting -- RooAbsPdf::plotOn(model) indirectly selected PDF components: ()
1/mass: 0.0525 pull:-0.0804034
1/mass: 0.0575 pull:1.06448
1/mass: 0.0625 pull:1.76761
1/mass: 0.0675 pull:0.270692
1/mass: 0.0725 pull:0.54293
1/mass: 0.0775 pull:-1.54896
1/mass: 0.0825 pull:0.90015
1/mass: 0.0875 pull:0.609635
1/mass: 0.0925 pull:-0.156149
1/mass: 0.0975 pull:0.264067
1/mass: 0.1025 pull:-3.8839
1/mass: 0.1075 pull:-0.321112
1/mass: 0.1125 pull:1.66479
1/mass: 0.1175 pull:1.79492
1/mass: 0.1225 pull:0.792636
1/mass: 0.1275 pull:-0.568802
1/mass: 0.1325 pull:-1.19688
1/mass: 0.1375 pull:-0.296074
1/mass: 0.1425 pull:-1.22878
1/mass: 0.1475 pull:-0.932389
1/mass: 0.1525 pull:-2.3154
1/mass: 0.1575 pull:-0.596023
1/mass: 0.1625 pull:-0.883376
1/mass: 0.1675 pull:0.366538
1/mass: 0.1725 pull:-1.00141
1/mass: 0.1775 pull:1.61371
1/mass: 0.1825 pull:2.13273
1/mass: 0.1875 pull:1.68377
1/mass: 0.1925 pull:1.25285
1/mass: 0.1975 pull:3.04924
1/mass: 0.2025 pull:1.78472
1/mass: 0.2075 pull:-0.68438
1/mass: 0.2125 pull:1.48863
1/mass: 0.2175 pull:0.933224
1/mass: 0.2225 pull:1.67796
1/mass: 0.2275 pull:1.44133
2
2
2
Fitting bin 35 (Ek: 11.4536-13.4986 GeV/n)...
[#1] INFO:Minimization -- p.d.f. provides expected number of events, including extended term in likelihood.
[#1] INFO:Fitting -- RooAbsPdf::fitTo(model) fixing normalization set for coefficient determination to observables in data
[#1] INFO:Fitting -- Creation of NLL object took 152.98 μs
[#1] INFO:Fitting -- RooAddition::defaultErrorLevel(nll_model_data) Summation contains a RooNLLVar, using its error level
[#1] INFO:Minimization -- RooAbsMinimizerFcn::setOptimizeConst: activating const optimization
[#1] INFO:Fitting -- RooAbsPdf::fitTo(model) Calculating sum-of-weights-squared correction matrix for covariance matrix
[#1] INFO:Minimization -- RooAbsMinimizerFcn::setOptimizeConst: deactivating const optimization
Total chi2/ndf: 0.892601
  Fit Result: Chi2/NDF = 30.3484/34 = 0.892601, Status = 0
[#1] INFO:Plotting -- RooAbsPdf::plotOn(model) directly selected PDF components: (pdf7)
[#1] INFO:Plotting -- RooAbsPdf::plotOn(model) indirectly selected PDF components: ()
[#1] INFO:Plotting -- RooAbsPdf::plotOn(model) directly selected PDF components: (pdf9)
[#1] INFO:Plotting -- RooAbsPdf::plotOn(model) indirectly selected PDF components: ()
[#1] INFO:Plotting -- RooAbsPdf::plotOn(model) directly selected PDF components: (pdf10)
[#1] INFO:Plotting -- RooAbsPdf::plotOn(model) indirectly selected PDF components: ()
1/mass: 0.0525 pull:-0.479288
1/mass: 0.0575 pull:-0.229808
1/mass: 0.0625 pull:0.684531
1/mass: 0.0675 pull:1.43829
1/mass: 0.0725 pull:-0.537899
1/mass: 0.0775 pull:-0.525678
1/mass: 0.0825 pull:0.627991
1/mass: 0.0875 pull:0.529987
1/mass: 0.0925 pull:-1.15443
1/mass: 0.0975 pull:-0.777067
1/mass: 0.1025 pull:0.266102
1/mass: 0.1075 pull:0.00597204
1/mass: 0.1125 pull:0.33896
1/mass: 0.1175 pull:-0.545098
1/mass: 0.1225 pull:0.571589
1/mass: 0.1275 pull:1.77238
1/mass: 0.1325 pull:-0.814589
1/mass: 0.1375 pull:-0.507148
1/mass: 0.1425 pull:-1.13097
1/mass: 0.1475 pull:-0.405566
1/mass: 0.1525 pull:-1.03011
1/mass: 0.1575 pull:0.0377014
1/mass: 0.1625 pull:-1.61221
1/mass: 0.1675 pull:0.052974
1/mass: 0.1725 pull:0.72153
1/mass: 0.1775 pull:-0.672291
1/mass: 0.1825 pull:0.474922
1/mass: 0.1875 pull:2.58481
1/mass: 0.1925 pull:-0.182461
1/mass: 0.1975 pull:0.86703
1/mass: 0.2025 pull:1.80346
1/mass: 0.2075 pull:0.301663
1/mass: 0.2125 pull:0.639891
1/mass: 0.2175 pull:1.02389
1/mass: 0.2225 pull:-0.409165
1/mass: 0.2275 pull:0.859191
2
2
2
Fitting bin 37 (Ek: 13.4986-15.8444 GeV/n)...
[#1] INFO:Minimization -- p.d.f. provides expected number of events, including extended term in likelihood.
[#1] INFO:Fitting -- RooAbsPdf::fitTo(model) fixing normalization set for coefficient determination to observables in data
[#1] INFO:Fitting -- Creation of NLL object took 156.121 μs
[#1] INFO:Fitting -- RooAddition::defaultErrorLevel(nll_model_data) Summation contains a RooNLLVar, using its error level
[#1] INFO:Minimization -- RooAbsMinimizerFcn::setOptimizeConst: activating const optimization
[#1] INFO:Fitting -- RooAbsPdf::fitTo(model) Calculating sum-of-weights-squared correction matrix for covariance matrix
[#1] INFO:Minimization -- RooAbsMinimizerFcn::setOptimizeConst: deactivating const optimization
Total chi2/ndf: 1.14584
  Fit Result: Chi2/NDF = 38.9584/34 = 1.14584, Status = 0
[#1] INFO:Plotting -- RooAbsPdf::plotOn(model) directly selected PDF components: (pdf7)
[#1] INFO:Plotting -- RooAbsPdf::plotOn(model) indirectly selected PDF components: ()
[#1] INFO:Plotting -- RooAbsPdf::plotOn(model) directly selected PDF components: (pdf9)
[#1] INFO:Plotting -- RooAbsPdf::plotOn(model) indirectly selected PDF components: ()
[#1] INFO:Plotting -- RooAbsPdf::plotOn(model) directly selected PDF components: (pdf10)
[#1] INFO:Plotting -- RooAbsPdf::plotOn(model) indirectly selected PDF components: ()
1/mass: 0.0525 pull:0.840002
1/mass: 0.0575 pull:-0.690016
1/mass: 0.0625 pull:0.911506
1/mass: 0.0675 pull:0.178081
1/mass: 0.0725 pull:-0.316924
1/mass: 0.0775 pull:1.08592
1/mass: 0.0825 pull:0.213548
1/mass: 0.0875 pull:-0.390226
1/mass: 0.0925 pull:-0.277505
1/mass: 0.0975 pull:-2.2844
1/mass: 0.1025 pull:0.381127
1/mass: 0.1075 pull:-0.403064
1/mass: 0.1125 pull:0.806318
1/mass: 0.1175 pull:0.827574
1/mass: 0.1225 pull:0.981017
1/mass: 0.1275 pull:-0.96882
1/mass: 0.1325 pull:-0.0152262
1/mass: 0.1375 pull:-0.573674
1/mass: 0.1425 pull:0.887786
1/mass: 0.1475 pull:0.274851
1/mass: 0.1525 pull:-1.02237
1/mass: 0.1575 pull:-0.564407
1/mass: 0.1625 pull:-2.46759
1/mass: 0.1675 pull:-0.999309
1/mass: 0.1725 pull:-0.276996
1/mass: 0.1775 pull:0.625136
1/mass: 0.1825 pull:-0.60638
1/mass: 0.1875 pull:0.938717
1/mass: 0.1925 pull:0.813477
1/mass: 0.1975 pull:0.421864
1/mass: 0.2025 pull:0.0505523
1/mass: 0.2075 pull:2.98989
1/mass: 0.2125 pull:-0.190919
1/mass: 0.2175 pull:0.96173
1/mass: 0.2225 pull:1.73561
1/mass: 0.2275 pull:1.21698
2
2
2
Fitting bin 39 (Ek: 15.8444-18.5408 GeV/n)...
[#1] INFO:Minimization -- p.d.f. provides expected number of events, including extended term in likelihood.
[#1] INFO:Fitting -- RooAbsPdf::fitTo(model) fixing normalization set for coefficient determination to observables in data
[#1] INFO:Fitting -- Creation of NLL object took 158.41 μs
[#1] INFO:Fitting -- RooAddition::defaultErrorLevel(nll_model_data) Summation contains a RooNLLVar, using its error level
[#1] INFO:Minimization -- RooAbsMinimizerFcn::setOptimizeConst: activating const optimization
[#1] INFO:Fitting -- RooAbsPdf::fitTo(model) Calculating sum-of-weights-squared correction matrix for covariance matrix
[#1] INFO:Minimization -- RooAbsMinimizerFcn::setOptimizeConst: deactivating const optimization
Total chi2/ndf: 1.62191
  Fit Result: Chi2/NDF = 55.1449/34 = 1.62191, Status = 0
[#1] INFO:Plotting -- RooAbsPdf::plotOn(model) directly selected PDF components: (pdf7)
[#1] INFO:Plotting -- RooAbsPdf::plotOn(model) indirectly selected PDF components: ()
[#1] INFO:Plotting -- RooAbsPdf::plotOn(model) directly selected PDF components: (pdf9)
[#1] INFO:Plotting -- RooAbsPdf::plotOn(model) indirectly selected PDF components: ()
[#1] INFO:Plotting -- RooAbsPdf::plotOn(model) directly selected PDF components: (pdf10)
[#1] INFO:Plotting -- RooAbsPdf::plotOn(model) indirectly selected PDF components: ()
1/mass: 0.0525 pull:-0.461996
1/mass: 0.0575 pull:-0.413831
1/mass: 0.0625 pull:1.26542
1/mass: 0.0675 pull:0.563508
1/mass: 0.0725 pull:1.11698
1/mass: 0.0775 pull:0.75496
1/mass: 0.0825 pull:0.703617
1/mass: 0.0875 pull:-0.438801
1/mass: 0.0925 pull:-1.6209
1/mass: 0.0975 pull:-0.536853
1/mass: 0.1025 pull:0.325296
1/mass: 0.1075 pull:-1.62239
1/mass: 0.1125 pull:0.876019
1/mass: 0.1175 pull:-0.581341
1/mass: 0.1225 pull:-0.774466
1/mass: 0.1275 pull:0.56202
1/mass: 0.1325 pull:1.7943
1/mass: 0.1375 pull:-0.500338
1/mass: 0.1425 pull:-0.723675
1/mass: 0.1475 pull:-0.335931
1/mass: 0.1525 pull:1.67636
1/mass: 0.1575 pull:0.885821
1/mass: 0.1625 pull:-1.65891
1/mass: 0.1675 pull:0.282747
1/mass: 0.1725 pull:-1.82275
1/mass: 0.1775 pull:-0.895464
1/mass: 0.1825 pull:-2.78536
1/mass: 0.1875 pull:-1.16981
1/mass: 0.1925 pull:0.482693
1/mass: 0.1975 pull:-0.20592
1/mass: 0.2025 pull:-0.869622
1/mass: 0.2075 pull:2.49076
1/mass: 0.2125 pull:1.28369
1/mass: 0.2175 pull:0.9352
1/mass: 0.2225 pull:2.42631
1/mass: 0.2275 pull:1.79792
2
2
2
Fitting bin 41 (Ek: 18.5408-21.6377 GeV/n)...
[#1] INFO:Minimization -- p.d.f. provides expected number of events, including extended term in likelihood.
[#1] INFO:Fitting -- RooAbsPdf::fitTo(model) fixing normalization set for coefficient determination to observables in data
[#1] INFO:Fitting -- Creation of NLL object took 169.37 μs
[#1] INFO:Fitting -- RooAddition::defaultErrorLevel(nll_model_data) Summation contains a RooNLLVar, using its error level
[#1] INFO:Minimization -- RooAbsMinimizerFcn::setOptimizeConst: activating const optimization
[#1] INFO:Fitting -- RooAbsPdf::fitTo(model) Calculating sum-of-weights-squared correction matrix for covariance matrix
[#1] INFO:Minimization -- RooAbsMinimizerFcn::setOptimizeConst: deactivating const optimization
Total chi2/ndf: 1.03046
  Fit Result: Chi2/NDF = 35.0356/34 = 1.03046, Status = 0
[#1] INFO:Plotting -- RooAbsPdf::plotOn(model) directly selected PDF components: (pdf7)
[#1] INFO:Plotting -- RooAbsPdf::plotOn(model) indirectly selected PDF components: ()
[#1] INFO:Plotting -- RooAbsPdf::plotOn(model) directly selected PDF components: (pdf9)
[#1] INFO:Plotting -- RooAbsPdf::plotOn(model) indirectly selected PDF components: ()
[#1] INFO:Plotting -- RooAbsPdf::plotOn(model) directly selected PDF components: (pdf10)
[#1] INFO:Plotting -- RooAbsPdf::plotOn(model) indirectly selected PDF components: ()
1/mass: 0.0525 pull:-1.89666
1/mass: 0.0575 pull:-1.19129
1/mass: 0.0625 pull:0.601552
1/mass: 0.0675 pull:-0.0773232
1/mass: 0.0725 pull:0.688852
1/mass: 0.0775 pull:1.15764
1/mass: 0.0825 pull:0.0130937
1/mass: 0.0875 pull:0.612939
1/mass: 0.0925 pull:0.171169
1/mass: 0.0975 pull:-0.962054
1/mass: 0.1025 pull:-0.359344
1/mass: 0.1075 pull:-0.354834
1/mass: 0.1125 pull:0.672131
1/mass: 0.1175 pull:-0.492462
1/mass: 0.1225 pull:0.413315
1/mass: 0.1275 pull:-1.39787
1/mass: 0.1325 pull:0.439371
1/mass: 0.1375 pull:0.474787
1/mass: 0.1425 pull:0.128976
1/mass: 0.1475 pull:0.699055
1/mass: 0.1525 pull:-0.580256
1/mass: 0.1575 pull:0.291909
1/mass: 0.1625 pull:-1.05089
1/mass: 0.1675 pull:-0.366478
1/mass: 0.1725 pull:0.275262
1/mass: 0.1775 pull:0.922978
1/mass: 0.1825 pull:1.30979
1/mass: 0.1875 pull:-1.75645
1/mass: 0.1925 pull:0.0483197
1/mass: 0.1975 pull:1.73043
1/mass: 0.2025 pull:-1.30116
1/mass: 0.2075 pull:-2.77634
1/mass: 0.2125 pull:-0.240277
1/mass: 0.2175 pull:1.04629
1/mass: 0.2225 pull:0.571688
1/mass: 0.2275 pull:-1.11442

[SUCCESS] Fitting process completed. Results saved to:
/eos/user/z/zixuan/Isotope/MassTempFit/wide_MassTF_Be_UnbiasedL1Inner_H2_UseMass7_FragFromCarbon.pdf
/eos/user/z/zixuan/Isotope/MassTempFit/wide_MassTF_Be_UnbiasedL1Inner_H2_UseMass7_FragFromCarbon.root
====================================================================
Starting FRAGMENT Mass Template Fit for: Be from source Nitrogen (UseMass: 7)
Chain: UnbiasedL1Inner
Templates: Pure (H2)
====================================================================
[INFO] Data file loaded: root://eoshome-z.cern.ch//eos/user/z/zixuan/Isotope/Add/Be_frag4.root
[INFO] Output ROOT file: /eos/user/z/zixuan/Isotope/MassTempFit/wide_MassTF_Be_UnbiasedL1Inner_H2_UseMass7_FragFromNitrogen.root

--- Processing Detector: TOF ---
2
2
2
Fitting bin 5 (Ek: 0.267548-0.406144 GeV/n)...
[#1] INFO:Minimization -- p.d.f. provides expected number of events, including extended term in likelihood.
[#1] INFO:Fitting -- RooAbsPdf::fitTo(model) fixing normalization set for coefficient determination to observables in data
[#1] INFO:Fitting -- Creation of NLL object took 210.11 μs
[#1] INFO:Fitting -- RooAddition::defaultErrorLevel(nll_model_data) Summation contains a RooNLLVar, using its error level
[#1] INFO:Minimization -- RooAbsMinimizerFcn::setOptimizeConst: activating const optimization
[#1] INFO:Fitting -- RooAbsPdf::fitTo(model) Calculating sum-of-weights-squared correction matrix for covariance matrix
[#1] INFO:Minimization -- RooAbsMinimizerFcn::setOptimizeConst: deactivating const optimization
Total chi2/ndf: 1.24124
  Fit Result: Chi2/NDF = 40.9609/34 = 1.20473, Status = 0
[#1] INFO:Plotting -- RooAbsPdf::plotOn(model) directly selected PDF components: (pdf7)
[#1] INFO:Plotting -- RooAbsPdf::plotOn(model) indirectly selected PDF components: ()
[#1] INFO:Plotting -- RooAbsPdf::plotOn(model) directly selected PDF components: (pdf9)
[#1] INFO:Plotting -- RooAbsPdf::plotOn(model) indirectly selected PDF components: ()
[#1] INFO:Plotting -- RooAbsPdf::plotOn(model) directly selected PDF components: (pdf10)
[#1] INFO:Plotting -- RooAbsPdf::plotOn(model) indirectly selected PDF components: ()
1/mass: 0.0525 pull:0.746246
1/mass: 0.0625 pull:1.01072
1/mass: 0.0675 pull:-1.86295
1/mass: 0.0725 pull:1.46752
1/mass: 0.0775 pull:0.805323
1/mass: 0.0825 pull:-1.39439
1/mass: 0.0875 pull:2.29043
1/mass: 0.0925 pull:-0.327334
1/mass: 0.0975 pull:0.532587
1/mass: 0.1025 pull:-0.318575
1/mass: 0.1075 pull:-2.02705
1/mass: 0.1125 pull:0.499562
1/mass: 0.1175 pull:-1.36445
1/mass: 0.1225 pull:-0.789962
1/mass: 0.1275 pull:0.887198
1/mass: 0.1325 pull:1.12725
1/mass: 0.1375 pull:1.33583
1/mass: 0.1425 pull:0.888535
1/mass: 0.1475 pull:-0.690461
1/mass: 0.1525 pull:-1.49458
1/mass: 0.1575 pull:0.0182244
1/mass: 0.1625 pull:-1.92889
1/mass: 0.1675 pull:-0.285095
1/mass: 0.1725 pull:0.499794
1/mass: 0.1775 pull:-0.939022
1/mass: 0.1825 pull:1.18054
1/mass: 0.1875 pull:0.598032
1/mass: 0.1925 pull:0.091849
1/mass: 0.1975 pull:0.971187
1/mass: 0.2025 pull:0.138341
1/mass: 0.2075 pull:-0.278369
1/mass: 0.2125 pull:0.822877
1/mass: 0.2175 pull:0.285892
1/mass: 0.2225 pull:-0.529001
1/mass: 0.2275 pull:1.57115
2
2
2
Fitting bin 7 (Ek: 0.406144-0.587609 GeV/n)...
[#1] INFO:Minimization -- p.d.f. provides expected number of events, including extended term in likelihood.
[#1] INFO:Fitting -- RooAbsPdf::fitTo(model) fixing normalization set for coefficient determination to observables in data
[#1] INFO:Fitting -- Creation of NLL object took 176.361 μs
[#1] INFO:Fitting -- RooAddition::defaultErrorLevel(nll_model_data) Summation contains a RooNLLVar, using its error level
[#1] INFO:Minimization -- RooAbsMinimizerFcn::setOptimizeConst: activating const optimization
[#1] INFO:Fitting -- RooAbsPdf::fitTo(model) Calculating sum-of-weights-squared correction matrix for covariance matrix
[#1] INFO:Minimization -- RooAbsMinimizerFcn::setOptimizeConst: deactivating const optimization
Total chi2/ndf: 1.278
  Fit Result: Chi2/NDF = 42.174/34 = 1.24041, Status = 0
[#1] INFO:Plotting -- RooAbsPdf::plotOn(model) directly selected PDF components: (pdf7)
[#1] INFO:Plotting -- RooAbsPdf::plotOn(model) indirectly selected PDF components: ()
[#1] INFO:Plotting -- RooAbsPdf::plotOn(model) directly selected PDF components: (pdf9)
[#1] INFO:Plotting -- RooAbsPdf::plotOn(model) indirectly selected PDF components: ()
[#1] INFO:Plotting -- RooAbsPdf::plotOn(model) directly selected PDF components: (pdf10)
[#1] INFO:Plotting -- RooAbsPdf::plotOn(model) indirectly selected PDF components: ()
1/mass: 0.0525 pull:0.734072
1/mass: 0.0625 pull:1.27064
1/mass: 0.0675 pull:0.598304
1/mass: 0.0725 pull:0.52981
1/mass: 0.0775 pull:1.59772
1/mass: 0.0825 pull:1.24917
1/mass: 0.0875 pull:1.66662
1/mass: 0.0925 pull:-0.416826
1/mass: 0.0975 pull:0.309676
1/mass: 0.1025 pull:-1.06702
1/mass: 0.1075 pull:-0.052708
1/mass: 0.1125 pull:-2.11873
1/mass: 0.1175 pull:-0.786905
1/mass: 0.1225 pull:-0.379938
1/mass: 0.1275 pull:0.885895
1/mass: 0.1325 pull:0.517964
1/mass: 0.1375 pull:1.82929
1/mass: 0.1425 pull:1.74459
1/mass: 0.1475 pull:-0.566612
1/mass: 0.1525 pull:-0.139421
1/mass: 0.1575 pull:-1.03426
1/mass: 0.1625 pull:-0.731732
1/mass: 0.1675 pull:-0.869106
1/mass: 0.1725 pull:-2.14962
1/mass: 0.1775 pull:-0.493745
1/mass: 0.1825 pull:0.311055
1/mass: 0.1875 pull:0.33421
1/mass: 0.1925 pull:0.13593
1/mass: 0.1975 pull:1.22739
1/mass: 0.2025 pull:-0.322934
1/mass: 0.2075 pull:1.52649
1/mass: 0.2125 pull:1.45084
1/mass: 0.2175 pull:0.759554
1/mass: 0.2225 pull:1.06986
1/mass: 0.2275 pull:1.68068
2
2
2
Fitting bin 9 (Ek: 0.587609-0.821474 GeV/n)...
[#1] INFO:Minimization -- p.d.f. provides expected number of events, including extended term in likelihood.
[#1] INFO:Fitting -- RooAbsPdf::fitTo(model) fixing normalization set for coefficient determination to observables in data
[#1] INFO:Fitting -- Creation of NLL object took 159.539 μs
[#1] INFO:Fitting -- RooAddition::defaultErrorLevel(nll_model_data) Summation contains a RooNLLVar, using its error level
[#1] INFO:Minimization -- RooAbsMinimizerFcn::setOptimizeConst: activating const optimization
[#1] INFO:Fitting -- RooAbsPdf::fitTo(model) Calculating sum-of-weights-squared correction matrix for covariance matrix
[#1] INFO:Minimization -- RooAbsMinimizerFcn::setOptimizeConst: deactivating const optimization
Total chi2/ndf: 4.44318
  Fit Result: Chi2/NDF = 151.068/34 = 4.44318, Status = 0
[#1] INFO:Plotting -- RooAbsPdf::plotOn(model) directly selected PDF components: (pdf7)
[#1] INFO:Plotting -- RooAbsPdf::plotOn(model) indirectly selected PDF components: ()
[#1] INFO:Plotting -- RooAbsPdf::plotOn(model) directly selected PDF components: (pdf9)
[#1] INFO:Plotting -- RooAbsPdf::plotOn(model) indirectly selected PDF components: ()
[#1] INFO:Plotting -- RooAbsPdf::plotOn(model) directly selected PDF components: (pdf10)
[#1] INFO:Plotting -- RooAbsPdf::plotOn(model) indirectly selected PDF components: ()
1/mass: 0.0525 pull:0.97474
1/mass: 0.0575 pull:0.469368
1/mass: 0.0625 pull:2.70066
1/mass: 0.0675 pull:3.33974
1/mass: 0.0725 pull:3.47396
1/mass: 0.0775 pull:1.63456
1/mass: 0.0825 pull:3.14486
1/mass: 0.0875 pull:3.44203
1/mass: 0.0925 pull:-0.385059
1/mass: 0.0975 pull:1.27061
1/mass: 0.1025 pull:-3.73118
1/mass: 0.1075 pull:-3.43961
1/mass: 0.1125 pull:-2.66804
1/mass: 0.1175 pull:-0.220462
1/mass: 0.1225 pull:-1.0514
1/mass: 0.1275 pull:0.186747
1/mass: 0.1325 pull:4.10598
1/mass: 0.1375 pull:3.25306
1/mass: 0.1425 pull:0.826066
1/mass: 0.1475 pull:-0.546759
1/mass: 0.1525 pull:0.142293
1/mass: 0.1575 pull:-2.29007
1/mass: 0.1625 pull:-0.719863
1/mass: 0.1675 pull:-2.46322
1/mass: 0.1725 pull:-1.77544
1/mass: 0.1775 pull:-0.623763
1/mass: 0.1825 pull:0.174435
1/mass: 0.1875 pull:-1.106
1/mass: 0.1925 pull:1.70138
1/mass: 0.1975 pull:1.74093
1/mass: 0.2025 pull:1.71936
1/mass: 0.2075 pull:-0.217558
1/mass: 0.2125 pull:2.0484
1/mass: 0.2175 pull:0.924317
1/mass: 0.2225 pull:0.182284
1/mass: 0.2275 pull:0.263102
2
2
2
Fitting bin 11 (Ek: 0.821474-1.11303 GeV/n)...
[#1] INFO:Minimization -- p.d.f. provides expected number of events, including extended term in likelihood.
[#1] INFO:Fitting -- RooAbsPdf::fitTo(model) fixing normalization set for coefficient determination to observables in data
[#1] INFO:Fitting -- Creation of NLL object took 152.091 μs
[#1] INFO:Fitting -- RooAddition::defaultErrorLevel(nll_model_data) Summation contains a RooNLLVar, using its error level
[#1] INFO:Minimization -- RooAbsMinimizerFcn::setOptimizeConst: activating const optimization
[#1] INFO:Fitting -- RooAbsPdf::fitTo(model) Calculating sum-of-weights-squared correction matrix for covariance matrix
[#1] INFO:Minimization -- RooAbsMinimizerFcn::setOptimizeConst: deactivating const optimization
Total chi2/ndf: 8.25794
  Fit Result: Chi2/NDF = 280.77/34 = 8.25794, Status = 0
[#1] INFO:Plotting -- RooAbsPdf::plotOn(model) directly selected PDF components: (pdf7)
[#1] INFO:Plotting -- RooAbsPdf::plotOn(model) indirectly selected PDF components: ()
[#1] INFO:Plotting -- RooAbsPdf::plotOn(model) directly selected PDF components: (pdf9)
[#1] INFO:Plotting -- RooAbsPdf::plotOn(model) indirectly selected PDF components: ()
[#1] INFO:Plotting -- RooAbsPdf::plotOn(model) directly selected PDF components: (pdf10)
[#1] INFO:Plotting -- RooAbsPdf::plotOn(model) indirectly selected PDF components: ()
1/mass: 0.0525 pull:2.35748
1/mass: 0.0575 pull:2.65676
1/mass: 0.0625 pull:3.7277
1/mass: 0.0675 pull:4.10428
1/mass: 0.0725 pull:4.48694
1/mass: 0.0775 pull:3.01602
1/mass: 0.0825 pull:3.33645
1/mass: 0.0875 pull:5.03011
1/mass: 0.0925 pull:1.63534
1/mass: 0.0975 pull:-0.893794
1/mass: 0.1025 pull:-2.38473
1/mass: 0.1075 pull:-5.92962
1/mass: 0.1125 pull:-4.53248
1/mass: 0.1175 pull:-2.29408
1/mass: 0.1225 pull:0.825454
1/mass: 0.1275 pull:1.20595
1/mass: 0.1325 pull:2.25452
1/mass: 0.1375 pull:4.88104
1/mass: 0.1425 pull:2.70943
1/mass: 0.1475 pull:2.14397
1/mass: 0.1525 pull:-3.20955
1/mass: 0.1575 pull:-2.17173
1/mass: 0.1625 pull:-2.73028
1/mass: 0.1675 pull:-2.64009
1/mass: 0.1725 pull:-1.38728
1/mass: 0.1775 pull:-2.49137
1/mass: 0.1825 pull:-1.24124
1/mass: 0.1875 pull:0.625402
1/mass: 0.1925 pull:2.61847
1/mass: 0.1975 pull:0.115429
1/mass: 0.2025 pull:1.57044
1/mass: 0.2075 pull:0.931144
1/mass: 0.2125 pull:2.51118
1/mass: 0.2175 pull:0.594528
1/mass: 0.2225 pull:1.38966
1/mass: 0.2275 pull:0.586113
2
2
2
Fitting bin 13 (Ek: 1.11303-1.4714 GeV/n)...
[#1] INFO:Minimization -- p.d.f. provides expected number of events, including extended term in likelihood.
[#1] INFO:Fitting -- RooAbsPdf::fitTo(model) fixing normalization set for coefficient determination to observables in data
[#1] INFO:Fitting -- Creation of NLL object took 161.19 μs
[#1] INFO:Fitting -- RooAddition::defaultErrorLevel(nll_model_data) Summation contains a RooNLLVar, using its error level
[#1] INFO:Minimization -- RooAbsMinimizerFcn::setOptimizeConst: activating const optimization
[#1] INFO:Fitting -- RooAbsPdf::fitTo(model) Calculating sum-of-weights-squared correction matrix for covariance matrix
[#1] INFO:Minimization -- RooAbsMinimizerFcn::setOptimizeConst: deactivating const optimization
Total chi2/ndf: 13.6372
  Fit Result: Chi2/NDF = 463.666/34 = 13.6372, Status = 0
[#1] INFO:Plotting -- RooAbsPdf::plotOn(model) directly selected PDF components: (pdf7)
[#1] INFO:Plotting -- RooAbsPdf::plotOn(model) indirectly selected PDF components: ()
[#1] INFO:Plotting -- RooAbsPdf::plotOn(model) directly selected PDF components: (pdf9)
[#1] INFO:Plotting -- RooAbsPdf::plotOn(model) indirectly selected PDF components: ()
[#1] INFO:Plotting -- RooAbsPdf::plotOn(model) directly selected PDF components: (pdf10)
[#1] INFO:Plotting -- RooAbsPdf::plotOn(model) indirectly selected PDF components: ()
1/mass: 0.0525 pull:3.83109
1/mass: 0.0575 pull:5.70262
1/mass: 0.0625 pull:5.85756
1/mass: 0.0675 pull:7.20952
1/mass: 0.0725 pull:6.59228
1/mass: 0.0775 pull:5.01093
1/mass: 0.0825 pull:5.29189
1/mass: 0.0875 pull:3.03523
1/mass: 0.0925 pull:-1.77155
1/mass: 0.0975 pull:-2.57795
1/mass: 0.1025 pull:-5.36744
1/mass: 0.1075 pull:-6.64429
1/mass: 0.1125 pull:-4.17054
1/mass: 0.1175 pull:-1.11795
1/mass: 0.1225 pull:0.737565
1/mass: 0.1275 pull:2.20934
1/mass: 0.1325 pull:2.89176
1/mass: 0.1375 pull:1.59297
1/mass: 0.1425 pull:1.75783
1/mass: 0.1475 pull:0.407718
1/mass: 0.1525 pull:-1.26679
1/mass: 0.1575 pull:-4.10206
1/mass: 0.1625 pull:-4.37705
1/mass: 0.1675 pull:-2.82176
1/mass: 0.1725 pull:-2.03202
1/mass: 0.1775 pull:0.114427
1/mass: 0.1825 pull:-0.55524
1/mass: 0.1875 pull:2.94462
1/mass: 0.1925 pull:2.47123
1/mass: 0.1975 pull:1.95919
1/mass: 0.2025 pull:3.09317
1/mass: 0.2075 pull:1.56752
1/mass: 0.2125 pull:2.72869
1/mass: 0.2175 pull:3.34107
1/mass: 0.2225 pull:0.868804
1/mass: 0.2275 pull:1.85039

--- Processing Detector: NaF ---
2
2
2
Fitting bin 11 (Ek: 0.821474-1.11303 GeV/n)...
[#1] INFO:Minimization -- p.d.f. provides expected number of events, including extended term in likelihood.
[#1] INFO:Fitting -- RooAbsPdf::fitTo(model) fixing normalization set for coefficient determination to observables in data
[#1] INFO:Fitting -- Creation of NLL object took 169.409 μs
[#1] INFO:Fitting -- RooAddition::defaultErrorLevel(nll_model_data) Summation contains a RooNLLVar, using its error level
[#1] INFO:Minimization -- RooAbsMinimizerFcn::setOptimizeConst: activating const optimization
[#1] INFO:Fitting -- RooAbsPdf::fitTo(model) Calculating sum-of-weights-squared correction matrix for covariance matrix
[#1] INFO:Minimization -- RooAbsMinimizerFcn::setOptimizeConst: deactivating const optimization
Total chi2/ndf: 0.871691
  Fit Result: Chi2/NDF = 24.4074/34 = 0.717863, Status = 0
[#1] INFO:Plotting -- RooAbsPdf::plotOn(model) directly selected PDF components: (pdf7)
[#1] INFO:Plotting -- RooAbsPdf::plotOn(model) indirectly selected PDF components: ()
[#1] INFO:Plotting -- RooAbsPdf::plotOn(model) directly selected PDF components: (pdf9)
[#1] INFO:Plotting -- RooAbsPdf::plotOn(model) indirectly selected PDF components: ()
[#1] INFO:Plotting -- RooAbsPdf::plotOn(model) directly selected PDF components: (pdf10)
[#1] INFO:Plotting -- RooAbsPdf::plotOn(model) indirectly selected PDF components: ()
1/mass: 0.0525 pull:0.79067
1/mass: 0.0725 pull:0.334226
1/mass: 0.0775 pull:0.586308
1/mass: 0.0825 pull:-0.738516
1/mass: 0.0875 pull:-1.74996
1/mass: 0.0925 pull:1.10832
1/mass: 0.0975 pull:0.418141
1/mass: 0.1025 pull:-0.802467
1/mass: 0.1075 pull:0.896215
1/mass: 0.1125 pull:-0.316579
1/mass: 0.1175 pull:-0.478323
1/mass: 0.1225 pull:-0.0812202
1/mass: 0.1275 pull:0.565232
1/mass: 0.1325 pull:-0.747209
1/mass: 0.1375 pull:1.24018
1/mass: 0.1425 pull:-0.914459
1/mass: 0.1475 pull:-0.0488459
1/mass: 0.1525 pull:-1.42787
1/mass: 0.1575 pull:0.047722
1/mass: 0.1625 pull:1.86574
1/mass: 0.1675 pull:-1.51029
1/mass: 0.1725 pull:-0.491016
1/mass: 0.1775 pull:0.052804
1/mass: 0.1825 pull:-0.585916
1/mass: 0.1875 pull:1.05882
1/mass: 0.1925 pull:1.41492
1/mass: 0.1975 pull:1.11942
1/mass: 0.2025 pull:-0.666694
1/mass: 0.2075 pull:-0.192481
1/mass: 0.2125 pull:0.174649
2
2
2
Fitting bin 13 (Ek: 1.11303-1.4714 GeV/n)...
[#1] INFO:Minimization -- p.d.f. provides expected number of events, including extended term in likelihood.
[#1] INFO:Fitting -- RooAbsPdf::fitTo(model) fixing normalization set for coefficient determination to observables in data
[#1] INFO:Fitting -- Creation of NLL object took 154.132 μs
[#1] INFO:Fitting -- RooAddition::defaultErrorLevel(nll_model_data) Summation contains a RooNLLVar, using its error level
[#1] INFO:Minimization -- RooAbsMinimizerFcn::setOptimizeConst: activating const optimization
[#1] INFO:Fitting -- RooAbsPdf::fitTo(model) Calculating sum-of-weights-squared correction matrix for covariance matrix
[#1] INFO:Minimization -- RooAbsMinimizerFcn::setOptimizeConst: deactivating const optimization
Total chi2/ndf: 1.11996
  Fit Result: Chi2/NDF = 31.3588/34 = 0.922319, Status = 0
[#1] INFO:Plotting -- RooAbsPdf::plotOn(model) directly selected PDF components: (pdf7)
[#1] INFO:Plotting -- RooAbsPdf::plotOn(model) indirectly selected PDF components: ()
[#1] INFO:Plotting -- RooAbsPdf::plotOn(model) directly selected PDF components: (pdf9)
[#1] INFO:Plotting -- RooAbsPdf::plotOn(model) indirectly selected PDF components: ()
[#1] INFO:Plotting -- RooAbsPdf::plotOn(model) directly selected PDF components: (pdf10)
[#1] INFO:Plotting -- RooAbsPdf::plotOn(model) indirectly selected PDF components: ()
1/mass: 0.0625 pull:0.580167
1/mass: 0.0775 pull:1.29434
1/mass: 0.0825 pull:-1.08617
1/mass: 0.0875 pull:0.621384
1/mass: 0.0925 pull:-1.84233
1/mass: 0.0975 pull:1.69909
1/mass: 0.1025 pull:-0.61145
1/mass: 0.1075 pull:-0.304602
1/mass: 0.1125 pull:-1.1032
1/mass: 0.1175 pull:1.77783
1/mass: 0.1225 pull:0.356364
1/mass: 0.1275 pull:-1.16239
1/mass: 0.1325 pull:-0.127054
1/mass: 0.1375 pull:0.229751
1/mass: 0.1425 pull:-1.74528
1/mass: 0.1475 pull:0.319339
1/mass: 0.1525 pull:1.10877
1/mass: 0.1575 pull:0.738842
1/mass: 0.1625 pull:-1.25308
1/mass: 0.1675 pull:0.621906
1/mass: 0.1725 pull:1.34195
1/mass: 0.1775 pull:-0.533579
1/mass: 0.1825 pull:-1.419
1/mass: 0.1875 pull:-0.365334
1/mass: 0.1925 pull:-1.62109
1/mass: 0.1975 pull:-0.48207
1/mass: 0.2025 pull:0.277588
1/mass: 0.2075 pull:-0.511124
1/mass: 0.2125 pull:0.816956
1/mass: 0.2175 pull:0.360156
2
2
2
Fitting bin 15 (Ek: 1.4714-1.91049 GeV/n)...
[#1] INFO:Minimization -- p.d.f. provides expected number of events, including extended term in likelihood.
[#1] INFO:Fitting -- RooAbsPdf::fitTo(model) fixing normalization set for coefficient determination to observables in data
[#1] INFO:Fitting -- Creation of NLL object took 159.521 μs
[#1] INFO:Fitting -- RooAddition::defaultErrorLevel(nll_model_data) Summation contains a RooNLLVar, using its error level
[#1] INFO:Minimization -- RooAbsMinimizerFcn::setOptimizeConst: activating const optimization
[#1] INFO:Fitting -- RooAbsPdf::fitTo(model) Calculating sum-of-weights-squared correction matrix for covariance matrix
[#1] INFO:Minimization -- RooAbsMinimizerFcn::setOptimizeConst: deactivating const optimization
Total chi2/ndf: 1.19635
  Fit Result: Chi2/NDF = 34.6943/34 = 1.02042, Status = 0
[#1] INFO:Plotting -- RooAbsPdf::plotOn(model) directly selected PDF components: (pdf7)
[#1] INFO:Plotting -- RooAbsPdf::plotOn(model) indirectly selected PDF components: ()
[#1] INFO:Plotting -- RooAbsPdf::plotOn(model) directly selected PDF components: (pdf9)
[#1] INFO:Plotting -- RooAbsPdf::plotOn(model) indirectly selected PDF components: ()
[#1] INFO:Plotting -- RooAbsPdf::plotOn(model) directly selected PDF components: (pdf10)
[#1] INFO:Plotting -- RooAbsPdf::plotOn(model) indirectly selected PDF components: ()
1/mass: 0.0575 pull:0.774012
1/mass: 0.0625 pull:0.619445
1/mass: 0.0725 pull:-0.681512
1/mass: 0.0775 pull:1.00722
1/mass: 0.0825 pull:1.94457
1/mass: 0.0875 pull:-0.394784
1/mass: 0.0925 pull:0.325751
1/mass: 0.0975 pull:-0.557992
1/mass: 0.1025 pull:-1.08905
1/mass: 0.1075 pull:0.489235
1/mass: 0.1125 pull:-0.266124
1/mass: 0.1175 pull:-1.10616
1/mass: 0.1225 pull:0.603404
1/mass: 0.1275 pull:0.141494
1/mass: 0.1325 pull:0.271634
1/mass: 0.1375 pull:0.528062
1/mass: 0.1425 pull:0.761154
1/mass: 0.1475 pull:0.2148
1/mass: 0.1525 pull:-0.158938
1/mass: 0.1575 pull:-1.60219
1/mass: 0.1625 pull:1.50301
1/mass: 0.1675 pull:-1.93296
1/mass: 0.1725 pull:-3.16387
1/mass: 0.1775 pull:0.715638
1/mass: 0.1825 pull:1.15049
1/mass: 0.1875 pull:0.934547
1/mass: 0.1925 pull:0.830237
1/mass: 0.1975 pull:0.0531839
1/mass: 0.2025 pull:-0.733312
1/mass: 0.2075 pull:1.11185
1/mass: 0.2125 pull:0.150949
2
2
2
Fitting bin 17 (Ek: 1.91049-2.43494 GeV/n)...
[#1] INFO:Minimization -- p.d.f. provides expected number of events, including extended term in likelihood.
[#1] INFO:Fitting -- RooAbsPdf::fitTo(model) fixing normalization set for coefficient determination to observables in data
[#1] INFO:Fitting -- Creation of NLL object took 168.852 μs
[#1] INFO:Fitting -- RooAddition::defaultErrorLevel(nll_model_data) Summation contains a RooNLLVar, using its error level
[#1] INFO:Minimization -- RooAbsMinimizerFcn::setOptimizeConst: activating const optimization
[#1] INFO:Fitting -- RooAbsPdf::fitTo(model) Calculating sum-of-weights-squared correction matrix for covariance matrix
[#1] INFO:Minimization -- RooAbsMinimizerFcn::setOptimizeConst: deactivating const optimization
Total chi2/ndf: 1.62003
  Fit Result: Chi2/NDF = 45.3607/34 = 1.33414, Status = 0
[#1] INFO:Plotting -- RooAbsPdf::plotOn(model) directly selected PDF components: (pdf7)
[#1] INFO:Plotting -- RooAbsPdf::plotOn(model) indirectly selected PDF components: ()
[#1] INFO:Plotting -- RooAbsPdf::plotOn(model) directly selected PDF components: (pdf9)
[#1] INFO:Plotting -- RooAbsPdf::plotOn(model) indirectly selected PDF components: ()
[#1] INFO:Plotting -- RooAbsPdf::plotOn(model) directly selected PDF components: (pdf10)
[#1] INFO:Plotting -- RooAbsPdf::plotOn(model) indirectly selected PDF components: ()
1/mass: 0.0725 pull:1.00669
1/mass: 0.0775 pull:0.225131
1/mass: 0.0825 pull:0.694839
1/mass: 0.0875 pull:1.25477
1/mass: 0.0925 pull:-3.99191
1/mass: 0.0975 pull:0.444908
1/mass: 0.1025 pull:-0.120134
1/mass: 0.1075 pull:0.755522
1/mass: 0.1125 pull:-0.774323
1/mass: 0.1175 pull:0.837253
1/mass: 0.1225 pull:-0.404864
1/mass: 0.1275 pull:1.27169
1/mass: 0.1325 pull:-1.35243
1/mass: 0.1375 pull:-1.75126
1/mass: 0.1425 pull:-0.72223
1/mass: 0.1475 pull:2.59826
1/mass: 0.1525 pull:-0.556161
1/mass: 0.1575 pull:-0.0753377
1/mass: 0.1625 pull:0.216074
1/mass: 0.1675 pull:-1.00125
1/mass: 0.1725 pull:-1.00455
1/mass: 0.1775 pull:-0.643676
1/mass: 0.1825 pull:1.33855
1/mass: 0.1875 pull:-0.211439
1/mass: 0.1925 pull:1.58259
1/mass: 0.1975 pull:-1.13305
1/mass: 0.2025 pull:-0.268276
1/mass: 0.2075 pull:0.830115
1/mass: 0.2125 pull:0.66611
1/mass: 0.2175 pull:0.808322
2
2
2
Fitting bin 19 (Ek: 2.43494-3.05875 GeV/n)...
[#1] INFO:Minimization -- p.d.f. provides expected number of events, including extended term in likelihood.
[#1] INFO:Fitting -- RooAbsPdf::fitTo(model) fixing normalization set for coefficient determination to observables in data
[#1] INFO:Fitting -- Creation of NLL object took 173.611 μs
[#1] INFO:Fitting -- RooAddition::defaultErrorLevel(nll_model_data) Summation contains a RooNLLVar, using its error level
[#1] INFO:Minimization -- RooAbsMinimizerFcn::setOptimizeConst: activating const optimization
[#1] INFO:Fitting -- RooAbsPdf::fitTo(model) Calculating sum-of-weights-squared correction matrix for covariance matrix
[#1] INFO:Minimization -- RooAbsMinimizerFcn::setOptimizeConst: deactivating const optimization
Total chi2/ndf: 2.0714
  Fit Result: Chi2/NDF = 57.9992/34 = 1.70586, Status = 0
[#1] INFO:Plotting -- RooAbsPdf::plotOn(model) directly selected PDF components: (pdf7)
[#1] INFO:Plotting -- RooAbsPdf::plotOn(model) indirectly selected PDF components: ()
[#1] INFO:Plotting -- RooAbsPdf::plotOn(model) directly selected PDF components: (pdf9)
[#1] INFO:Plotting -- RooAbsPdf::plotOn(model) indirectly selected PDF components: ()
[#1] INFO:Plotting -- RooAbsPdf::plotOn(model) directly selected PDF components: (pdf10)
[#1] INFO:Plotting -- RooAbsPdf::plotOn(model) indirectly selected PDF components: ()
1/mass: 0.0625 pull:0.53872
1/mass: 0.0675 pull:0.784146
1/mass: 0.0725 pull:1.14728
1/mass: 0.0825 pull:-0.630761
1/mass: 0.0875 pull:-3.37076
1/mass: 0.0925 pull:3.10906
1/mass: 0.0975 pull:0.589861
1/mass: 0.1025 pull:-1.36934
1/mass: 0.1075 pull:-1.51388
1/mass: 0.1125 pull:-0.473571
1/mass: 0.1175 pull:1.70999
1/mass: 0.1225 pull:-1.63256
1/mass: 0.1275 pull:0.0974794
1/mass: 0.1325 pull:1.05301
1/mass: 0.1375 pull:-0.193195
1/mass: 0.1425 pull:0.858099
1/mass: 0.1475 pull:0.186539
1/mass: 0.1525 pull:0.935542
1/mass: 0.1575 pull:-1.29162
1/mass: 0.1625 pull:-1.7658
1/mass: 0.1675 pull:0.599569
1/mass: 0.1725 pull:1.62381
1/mass: 0.1775 pull:-0.744303
1/mass: 0.1825 pull:-1.50888
1/mass: 0.1875 pull:-2.54764
1/mass: 0.1925 pull:0.475221
1/mass: 0.1975 pull:-1.05923
1/mass: 0.2075 pull:1.00128
1/mass: 0.2125 pull:1.21838
1/mass: 0.2275 pull:0.531758
2
2
2
Fitting bin 21 (Ek: 3.05875-3.79127 GeV/n)...
[#1] INFO:Minimization -- p.d.f. provides expected number of events, including extended term in likelihood.
[#1] INFO:Fitting -- RooAbsPdf::fitTo(model) fixing normalization set for coefficient determination to observables in data
[#1] INFO:Fitting -- Creation of NLL object took 157.981 μs
[#1] INFO:Fitting -- RooAddition::defaultErrorLevel(nll_model_data) Summation contains a RooNLLVar, using its error level
[#1] INFO:Minimization -- RooAbsMinimizerFcn::setOptimizeConst: activating const optimization
[#1] INFO:Fitting -- RooAbsPdf::fitTo(model) Calculating sum-of-weights-squared correction matrix for covariance matrix
[#1] INFO:Minimization -- RooAbsMinimizerFcn::setOptimizeConst: deactivating const optimization
Total chi2/ndf: 0.863097
  Fit Result: Chi2/NDF = 25.8929/34 = 0.761556, Status = 0
[#1] INFO:Plotting -- RooAbsPdf::plotOn(model) directly selected PDF components: (pdf7)
[#1] INFO:Plotting -- RooAbsPdf::plotOn(model) indirectly selected PDF components: ()
[#1] INFO:Plotting -- RooAbsPdf::plotOn(model) directly selected PDF components: (pdf9)
[#1] INFO:Plotting -- RooAbsPdf::plotOn(model) indirectly selected PDF components: ()
[#1] INFO:Plotting -- RooAbsPdf::plotOn(model) directly selected PDF components: (pdf10)
[#1] INFO:Plotting -- RooAbsPdf::plotOn(model) indirectly selected PDF components: ()
1/mass: 0.0575 pull:0.66053
1/mass: 0.0725 pull:1.00844
1/mass: 0.0775 pull:-0.45974
1/mass: 0.0825 pull:1.14481
1/mass: 0.0875 pull:-0.417376
1/mass: 0.0925 pull:-0.754454
1/mass: 0.0975 pull:-1.61046
1/mass: 0.1025 pull:0.853302
1/mass: 0.1075 pull:0.37702
1/mass: 0.1125 pull:0.541373
1/mass: 0.1175 pull:0.263384
1/mass: 0.1225 pull:-0.354253
1/mass: 0.1275 pull:-1.5525
1/mass: 0.1325 pull:0.0220138
1/mass: 0.1375 pull:1.99616
1/mass: 0.1425 pull:-0.496256
1/mass: 0.1475 pull:-1.72969
1/mass: 0.1525 pull:-0.315279
1/mass: 0.1575 pull:0.990314
1/mass: 0.1625 pull:-0.939981
1/mass: 0.1675 pull:-0.434968
1/mass: 0.1725 pull:-0.463987
1/mass: 0.1775 pull:-0.191666
1/mass: 0.1825 pull:1.90995
1/mass: 0.1875 pull:0.726331
1/mass: 0.1925 pull:-0.634906
1/mass: 0.1975 pull:0.402677
1/mass: 0.2025 pull:0.617307
1/mass: 0.2075 pull:0.447423
1/mass: 0.2175 pull:0.356973
1/mass: 0.2225 pull:0.575973
1/mass: 0.2275 pull:0.634771
2
2
2
Fitting bin 23 (Ek: 3.79127-4.64682 GeV/n)...
[#1] INFO:Minimization -- p.d.f. provides expected number of events, including extended term in likelihood.
[#1] INFO:Fitting -- RooAbsPdf::fitTo(model) fixing normalization set for coefficient determination to observables in data
[#1] INFO:Fitting -- Creation of NLL object took 167.931 μs
[#1] INFO:Fitting -- RooAddition::defaultErrorLevel(nll_model_data) Summation contains a RooNLLVar, using its error level
[#1] INFO:Minimization -- RooAbsMinimizerFcn::setOptimizeConst: activating const optimization
[#1] INFO:Fitting -- RooAbsPdf::fitTo(model) Calculating sum-of-weights-squared correction matrix for covariance matrix
[#1] INFO:Minimization -- RooAbsMinimizerFcn::setOptimizeConst: deactivating const optimization
Total chi2/ndf: 1.30341
  Fit Result: Chi2/NDF = 37.7989/34 = 1.11173, Status = 0
[#1] INFO:Plotting -- RooAbsPdf::plotOn(model) directly selected PDF components: (pdf7)
[#1] INFO:Plotting -- RooAbsPdf::plotOn(model) indirectly selected PDF components: ()
[#1] INFO:Plotting -- RooAbsPdf::plotOn(model) directly selected PDF components: (pdf9)
[#1] INFO:Plotting -- RooAbsPdf::plotOn(model) indirectly selected PDF components: ()
[#1] INFO:Plotting -- RooAbsPdf::plotOn(model) directly selected PDF components: (pdf10)
[#1] INFO:Plotting -- RooAbsPdf::plotOn(model) indirectly selected PDF components: ()
1/mass: 0.0675 pull:0.0806109
1/mass: 0.0725 pull:0.7835
1/mass: 0.0775 pull:1.0513
1/mass: 0.0825 pull:-0.0188657
1/mass: 0.0875 pull:0.353257
1/mass: 0.0925 pull:1.3224
1/mass: 0.0975 pull:0.393529
1/mass: 0.1025 pull:-1.40199
1/mass: 0.1075 pull:-1.65975
1/mass: 0.1125 pull:-0.260577
1/mass: 0.1175 pull:0.562393
1/mass: 0.1225 pull:0.847277
1/mass: 0.1275 pull:-0.842224
1/mass: 0.1325 pull:0.2987
1/mass: 0.1375 pull:0.596716
1/mass: 0.1425 pull:0.119234
1/mass: 0.1475 pull:0.122284
1/mass: 0.1525 pull:-0.465023
1/mass: 0.1575 pull:-0.335905
1/mass: 0.1625 pull:0.116189
1/mass: 0.1675 pull:-1.13134
1/mass: 0.1725 pull:1.92436
1/mass: 0.1775 pull:-3.32714
1/mass: 0.1825 pull:-2.18633
1/mass: 0.1875 pull:0.838141
1/mass: 0.1925 pull:1.52214
1/mass: 0.1975 pull:-0.80309
1/mass: 0.2025 pull:0.650874
1/mass: 0.2075 pull:-0.277125
1/mass: 0.2125 pull:0.798705
1/mass: 0.2175 pull:1.02956
2
2
2
Fitting bin 25 (Ek: 4.64682-5.63491 GeV/n)...
[#1] INFO:Minimization -- p.d.f. provides expected number of events, including extended term in likelihood.
[#1] INFO:Fitting -- RooAbsPdf::fitTo(model) fixing normalization set for coefficient determination to observables in data
[#1] INFO:Fitting -- Creation of NLL object took 225.871 μs
[#1] INFO:Fitting -- RooAddition::defaultErrorLevel(nll_model_data) Summation contains a RooNLLVar, using its error level
[#1] INFO:Minimization -- RooAbsMinimizerFcn::setOptimizeConst: activating const optimization
[#1] INFO:Fitting -- RooAbsPdf::fitTo(model) Calculating sum-of-weights-squared correction matrix for covariance matrix
[#1] INFO:Minimization -- RooAbsMinimizerFcn::setOptimizeConst: deactivating const optimization
Total chi2/ndf: 0.987621
  Fit Result: Chi2/NDF = 28.641/34 = 0.842382, Status = 0
[#1] INFO:Plotting -- RooAbsPdf::plotOn(model) directly selected PDF components: (pdf7)
[#1] INFO:Plotting -- RooAbsPdf::plotOn(model) indirectly selected PDF components: ()
[#1] INFO:Plotting -- RooAbsPdf::plotOn(model) directly selected PDF components: (pdf9)
[#1] INFO:Plotting -- RooAbsPdf::plotOn(model) indirectly selected PDF components: ()
[#1] INFO:Plotting -- RooAbsPdf::plotOn(model) directly selected PDF components: (pdf10)
[#1] INFO:Plotting -- RooAbsPdf::plotOn(model) indirectly selected PDF components: ()
1/mass: 0.0575 pull:0.649339
1/mass: 0.0675 pull:0.780139
1/mass: 0.0725 pull:0.77608
1/mass: 0.0775 pull:-0.193911
1/mass: 0.0825 pull:1.32313
1/mass: 0.0875 pull:-0.988684
1/mass: 0.0925 pull:-1.43871
1/mass: 0.0975 pull:-0.642273
1/mass: 0.1025 pull:-0.725975
1/mass: 0.1075 pull:0.648119
1/mass: 0.1125 pull:1.84807
1/mass: 0.1175 pull:-1.52972
1/mass: 0.1225 pull:0.211727
1/mass: 0.1275 pull:0.520382
1/mass: 0.1325 pull:0.374931
1/mass: 0.1375 pull:-1.73568
1/mass: 0.1425 pull:-2.43857
1/mass: 0.1475 pull:0.808347
1/mass: 0.1525 pull:0.0461145
1/mass: 0.1575 pull:0.387947
1/mass: 0.1625 pull:-0.273624
1/mass: 0.1675 pull:0.474269
1/mass: 0.1725 pull:0.640755
1/mass: 0.1775 pull:0.790604
1/mass: 0.1825 pull:-0.184665
1/mass: 0.1875 pull:0.827743
1/mass: 0.1925 pull:-1.16974
1/mass: 0.1975 pull:-0.81563
1/mass: 0.2025 pull:0.165927
1/mass: 0.2075 pull:0.662182
1/mass: 0.2225 pull:0.531122

--- Processing Detector: AGL ---
2
2
2
Fitting bin 19 (Ek: 2.43494-3.05875 GeV/n)...
[#1] INFO:Minimization -- p.d.f. provides expected number of events, including extended term in likelihood.
[#1] INFO:Fitting -- RooAbsPdf::fitTo(model) fixing normalization set for coefficient determination to observables in data
[#1] INFO:Fitting -- Creation of NLL object took 169.831 μs
[#1] INFO:Fitting -- RooAddition::defaultErrorLevel(nll_model_data) Summation contains a RooNLLVar, using its error level
[#1] INFO:Minimization -- RooAbsMinimizerFcn::setOptimizeConst: activating const optimization
[#1] INFO:Fitting -- RooAbsPdf::fitTo(model) Calculating sum-of-weights-squared correction matrix for covariance matrix
[#1] INFO:Minimization -- RooAbsMinimizerFcn::setOptimizeConst: deactivating const optimization
Total chi2/ndf: 1.229
  Fit Result: Chi2/NDF = 40.557/34 = 1.19285, Status = 0
[#1] INFO:Plotting -- RooAbsPdf::plotOn(model) directly selected PDF components: (pdf7)
[#1] INFO:Plotting -- RooAbsPdf::plotOn(model) indirectly selected PDF components: ()
[#1] INFO:Plotting -- RooAbsPdf::plotOn(model) directly selected PDF components: (pdf9)
[#1] INFO:Plotting -- RooAbsPdf::plotOn(model) indirectly selected PDF components: ()
[#1] INFO:Plotting -- RooAbsPdf::plotOn(model) directly selected PDF components: (pdf10)
[#1] INFO:Plotting -- RooAbsPdf::plotOn(model) indirectly selected PDF components: ()
1/mass: 0.0525 pull:0.71402
1/mass: 0.0625 pull:0.566082
1/mass: 0.0675 pull:-1.48622
1/mass: 0.0725 pull:0.0862589
1/mass: 0.0775 pull:1.40012
1/mass: 0.0825 pull:-2.66501
1/mass: 0.0875 pull:1.07556
1/mass: 0.0925 pull:0.589953
1/mass: 0.0975 pull:0.697574
1/mass: 0.1025 pull:-0.317207
1/mass: 0.1075 pull:-1.32209
1/mass: 0.1125 pull:0.0931338
1/mass: 0.1175 pull:-0.400505
1/mass: 0.1225 pull:0.888783
1/mass: 0.1275 pull:-0.645918
1/mass: 0.1325 pull:0.939872
1/mass: 0.1375 pull:-0.190409
1/mass: 0.1425 pull:-0.412444
1/mass: 0.1475 pull:-1.13281
1/mass: 0.1525 pull:0.810626
1/mass: 0.1575 pull:-0.356973
1/mass: 0.1625 pull:0.157129
1/mass: 0.1675 pull:-2.44813
1/mass: 0.1725 pull:-0.53088
1/mass: 0.1775 pull:1.18132
1/mass: 0.1825 pull:0.539899
1/mass: 0.1875 pull:1.10924
1/mass: 0.1925 pull:1.88237
1/mass: 0.1975 pull:0.969585
1/mass: 0.2025 pull:1.31095
1/mass: 0.2075 pull:1.18437
1/mass: 0.2125 pull:0.976442
1/mass: 0.2175 pull:1.24699
1/mass: 0.2225 pull:-0.712021
1/mass: 0.2275 pull:0.486442
2
2
2
Fitting bin 21 (Ek: 3.05875-3.79127 GeV/n)...
[#1] INFO:Minimization -- p.d.f. provides expected number of events, including extended term in likelihood.
[#1] INFO:Fitting -- RooAbsPdf::fitTo(model) fixing normalization set for coefficient determination to observables in data
[#1] INFO:Fitting -- Creation of NLL object took 169.281 μs
[#1] INFO:Fitting -- RooAddition::defaultErrorLevel(nll_model_data) Summation contains a RooNLLVar, using its error level
[#1] INFO:Minimization -- RooAbsMinimizerFcn::setOptimizeConst: activating const optimization
[#1] INFO:Fitting -- RooAbsPdf::fitTo(model) Calculating sum-of-weights-squared correction matrix for covariance matrix
[#1] INFO:Minimization -- RooAbsMinimizerFcn::setOptimizeConst: deactivating const optimization
Total chi2/ndf: 1.15169
  Fit Result: Chi2/NDF = 38.0056/34 = 1.11781, Status = 0
[#1] INFO:Plotting -- RooAbsPdf::plotOn(model) directly selected PDF components: (pdf7)
[#1] INFO:Plotting -- RooAbsPdf::plotOn(model) indirectly selected PDF components: ()
[#1] INFO:Plotting -- RooAbsPdf::plotOn(model) directly selected PDF components: (pdf9)
[#1] INFO:Plotting -- RooAbsPdf::plotOn(model) indirectly selected PDF components: ()
[#1] INFO:Plotting -- RooAbsPdf::plotOn(model) directly selected PDF components: (pdf10)
[#1] INFO:Plotting -- RooAbsPdf::plotOn(model) indirectly selected PDF components: ()
1/mass: 0.0575 pull:0.14918
1/mass: 0.0625 pull:0.867461
1/mass: 0.0675 pull:-0.482516
1/mass: 0.0725 pull:0.373965
1/mass: 0.0775 pull:-0.239259
1/mass: 0.0825 pull:0.552331
1/mass: 0.0875 pull:2.3107
1/mass: 0.0925 pull:0.718409
1/mass: 0.0975 pull:-0.303887
1/mass: 0.1025 pull:-1.00959
1/mass: 0.1075 pull:-0.399575
1/mass: 0.1125 pull:-1.98257
1/mass: 0.1175 pull:1.2335
1/mass: 0.1225 pull:-0.285973
1/mass: 0.1275 pull:1.80988
1/mass: 0.1325 pull:-0.906639
1/mass: 0.1375 pull:-1.18501
1/mass: 0.1425 pull:1.10043
1/mass: 0.1475 pull:-0.639629
1/mass: 0.1525 pull:-2.15292
1/mass: 0.1575 pull:0.285502
1/mass: 0.1625 pull:-0.347172
1/mass: 0.1675 pull:-0.153459
1/mass: 0.1725 pull:0.0416695
1/mass: 0.1775 pull:0.686269
1/mass: 0.1825 pull:1.33849
1/mass: 0.1875 pull:1.3817
1/mass: 0.1925 pull:1.67906
1/mass: 0.1975 pull:0.358779
1/mass: 0.2025 pull:0.90545
1/mass: 0.2075 pull:0.75834
1/mass: 0.2125 pull:0.0601755
1/mass: 0.2175 pull:-0.0528471
1/mass: 0.2225 pull:1.2066
1/mass: 0.2275 pull:1.36899
2
2
2
Fitting bin 23 (Ek: 3.79127-4.64682 GeV/n)...
[#1] INFO:Minimization -- p.d.f. provides expected number of events, including extended term in likelihood.
[#1] INFO:Fitting -- RooAbsPdf::fitTo(model) fixing normalization set for coefficient determination to observables in data
[#1] INFO:Fitting -- Creation of NLL object took 234.341 μs
[#1] INFO:Fitting -- RooAddition::defaultErrorLevel(nll_model_data) Summation contains a RooNLLVar, using its error level
[#1] INFO:Minimization -- RooAbsMinimizerFcn::setOptimizeConst: activating const optimization
[#1] INFO:Fitting -- RooAbsPdf::fitTo(model) Calculating sum-of-weights-squared correction matrix for covariance matrix
[#1] INFO:Minimization -- RooAbsMinimizerFcn::setOptimizeConst: deactivating const optimization
Total chi2/ndf: 0.907351
  Fit Result: Chi2/NDF = 28.1279/34 = 0.827291, Status = 0
[#1] INFO:Plotting -- RooAbsPdf::plotOn(model) directly selected PDF components: (pdf7)
[#1] INFO:Plotting -- RooAbsPdf::plotOn(model) indirectly selected PDF components: ()
[#1] INFO:Plotting -- RooAbsPdf::plotOn(model) directly selected PDF components: (pdf9)
[#1] INFO:Plotting -- RooAbsPdf::plotOn(model) indirectly selected PDF components: ()
[#1] INFO:Plotting -- RooAbsPdf::plotOn(model) directly selected PDF components: (pdf10)
[#1] INFO:Plotting -- RooAbsPdf::plotOn(model) indirectly selected PDF components: ()
1/mass: 0.0625 pull:-0.0360046
1/mass: 0.0675 pull:-0.163628
1/mass: 0.0725 pull:0.890671
1/mass: 0.0775 pull:0.730967
1/mass: 0.0825 pull:1.99258
1/mass: 0.0875 pull:-1.09513
1/mass: 0.0925 pull:-0.958219
1/mass: 0.0975 pull:1.09251
1/mass: 0.1025 pull:-0.468588
1/mass: 0.1075 pull:0.311381
1/mass: 0.1125 pull:-2.01469
1/mass: 0.1175 pull:0.911856
1/mass: 0.1225 pull:0.140762
1/mass: 0.1275 pull:0.852473
1/mass: 0.1325 pull:-1.55427
1/mass: 0.1375 pull:1.19938
1/mass: 0.1425 pull:-0.20536
1/mass: 0.1475 pull:-1.13049
1/mass: 0.1525 pull:0.434231
1/mass: 0.1575 pull:-0.968295
1/mass: 0.1625 pull:0.2023
1/mass: 0.1675 pull:-0.525869
1/mass: 0.1725 pull:0.377654
1/mass: 0.1775 pull:0.560969
1/mass: 0.1825 pull:-0.173494
1/mass: 0.1875 pull:0.797088
1/mass: 0.1925 pull:1.08221
1/mass: 0.1975 pull:0.151015
1/mass: 0.2025 pull:0.870147
1/mass: 0.2075 pull:1.72923
1/mass: 0.2125 pull:0.214804
1/mass: 0.2225 pull:0.857727
1/mass: 0.2275 pull:-0.270558
2
2
2
Fitting bin 25 (Ek: 4.64682-5.63491 GeV/n)...
[#1] INFO:Minimization -- p.d.f. provides expected number of events, including extended term in likelihood.
[#1] INFO:Fitting -- RooAbsPdf::fitTo(model) fixing normalization set for coefficient determination to observables in data
[#1] INFO:Fitting -- Creation of NLL object took 172.84 μs
[#1] INFO:Fitting -- RooAddition::defaultErrorLevel(nll_model_data) Summation contains a RooNLLVar, using its error level
[#1] INFO:Minimization -- RooAbsMinimizerFcn::setOptimizeConst: activating const optimization
[#1] INFO:Fitting -- RooAbsPdf::fitTo(model) Calculating sum-of-weights-squared correction matrix for covariance matrix
[#1] INFO:Minimization -- RooAbsMinimizerFcn::setOptimizeConst: deactivating const optimization
Total chi2/ndf: 1.48189
  Fit Result: Chi2/NDF = 45.9387/34 = 1.35114, Status = 0
[#1] INFO:Plotting -- RooAbsPdf::plotOn(model) directly selected PDF components: (pdf7)
[#1] INFO:Plotting -- RooAbsPdf::plotOn(model) indirectly selected PDF components: ()
[#1] INFO:Plotting -- RooAbsPdf::plotOn(model) directly selected PDF components: (pdf9)
[#1] INFO:Plotting -- RooAbsPdf::plotOn(model) indirectly selected PDF components: ()
[#1] INFO:Plotting -- RooAbsPdf::plotOn(model) directly selected PDF components: (pdf10)
[#1] INFO:Plotting -- RooAbsPdf::plotOn(model) indirectly selected PDF components: ()
1/mass: 0.0575 pull:1.34906
1/mass: 0.0625 pull:1.15205
1/mass: 0.0675 pull:-0.860075
1/mass: 0.0725 pull:-1.4255
1/mass: 0.0775 pull:-0.102375
1/mass: 0.0825 pull:-0.0584619
1/mass: 0.0875 pull:2.37663
1/mass: 0.0925 pull:-3.39505
1/mass: 0.0975 pull:0.512252
1/mass: 0.1025 pull:-0.453046
1/mass: 0.1075 pull:1.29051
1/mass: 0.1125 pull:-0.910804
1/mass: 0.1175 pull:-0.27232
1/mass: 0.1225 pull:-0.693313
1/mass: 0.1275 pull:1.46801
1/mass: 0.1325 pull:0.225457
1/mass: 0.1375 pull:-2.5352
1/mass: 0.1425 pull:1.75379
1/mass: 0.1475 pull:0.00731654
1/mass: 0.1525 pull:-0.00329162
1/mass: 0.1575 pull:-0.568201
1/mass: 0.1625 pull:0.0673141
1/mass: 0.1675 pull:-1.32479
1/mass: 0.1725 pull:0.264421
1/mass: 0.1775 pull:0.236223
1/mass: 0.1825 pull:0.191706
1/mass: 0.1875 pull:-0.00700159
1/mass: 0.1925 pull:0.568229
1/mass: 0.1975 pull:0.644155
1/mass: 0.2025 pull:1.29632
1/mass: 0.2075 pull:-0.202711
1/mass: 0.2125 pull:1.51629
1/mass: 0.2175 pull:0.775349
2
2
2
Fitting bin 27 (Ek: 5.63491-6.775 GeV/n)...
[#1] INFO:Minimization -- p.d.f. provides expected number of events, including extended term in likelihood.
[#1] INFO:Fitting -- RooAbsPdf::fitTo(model) fixing normalization set for coefficient determination to observables in data
[#1] INFO:Fitting -- Creation of NLL object took 157.56 μs
[#1] INFO:Fitting -- RooAddition::defaultErrorLevel(nll_model_data) Summation contains a RooNLLVar, using its error level
[#1] INFO:Minimization -- RooAbsMinimizerFcn::setOptimizeConst: activating const optimization
[#1] INFO:Fitting -- RooAbsPdf::fitTo(model) Calculating sum-of-weights-squared correction matrix for covariance matrix
[#1] INFO:Minimization -- RooAbsMinimizerFcn::setOptimizeConst: deactivating const optimization
Total chi2/ndf: 1.25601
  Fit Result: Chi2/NDF = 40.1922/34 = 1.18212, Status = 0
[#1] INFO:Plotting -- RooAbsPdf::plotOn(model) directly selected PDF components: (pdf7)
[#1] INFO:Plotting -- RooAbsPdf::plotOn(model) indirectly selected PDF components: ()
[#1] INFO:Plotting -- RooAbsPdf::plotOn(model) directly selected PDF components: (pdf9)
[#1] INFO:Plotting -- RooAbsPdf::plotOn(model) indirectly selected PDF components: ()
[#1] INFO:Plotting -- RooAbsPdf::plotOn(model) directly selected PDF components: (pdf10)
[#1] INFO:Plotting -- RooAbsPdf::plotOn(model) indirectly selected PDF components: ()
1/mass: 0.0525 pull:0.590212
1/mass: 0.0575 pull:0.280261
1/mass: 0.0675 pull:-0.0960101
1/mass: 0.0725 pull:0.0167999
1/mass: 0.0775 pull:2.35015
1/mass: 0.0825 pull:0.807333
1/mass: 0.0875 pull:1.20073
1/mass: 0.0925 pull:0.746094
1/mass: 0.0975 pull:-1.82818
1/mass: 0.1025 pull:0.48996
1/mass: 0.1075 pull:-1.11259
1/mass: 0.1125 pull:-0.459644
1/mass: 0.1175 pull:-0.20008
1/mass: 0.1225 pull:-0.220745
1/mass: 0.1275 pull:-0.710979
1/mass: 0.1325 pull:2.50962
1/mass: 0.1375 pull:-0.895846
1/mass: 0.1425 pull:1.79749
1/mass: 0.1475 pull:-1.54679
1/mass: 0.1525 pull:-0.188705
1/mass: 0.1575 pull:-0.164295
1/mass: 0.1625 pull:-2.15887
1/mass: 0.1675 pull:0.298897
1/mass: 0.1725 pull:1.00047
1/mass: 0.1775 pull:0.348049
1/mass: 0.1825 pull:0.847571
1/mass: 0.1875 pull:-1.52545
1/mass: 0.1925 pull:1.32307
1/mass: 0.1975 pull:-1.03217
1/mass: 0.2025 pull:-0.228733
1/mass: 0.2075 pull:0.932525
1/mass: 0.2125 pull:0.593514
1/mass: 0.2175 pull:-0.392988
1/mass: 0.2225 pull:-0.0887678
2
2
2
Fitting bin 29 (Ek: 6.775-8.11658 GeV/n)...
[#1] INFO:Minimization -- p.d.f. provides expected number of events, including extended term in likelihood.
[#1] INFO:Fitting -- RooAbsPdf::fitTo(model) fixing normalization set for coefficient determination to observables in data
[#1] INFO:Fitting -- Creation of NLL object took 209.73 μs
[#1] INFO:Fitting -- RooAddition::defaultErrorLevel(nll_model_data) Summation contains a RooNLLVar, using its error level
[#1] INFO:Minimization -- RooAbsMinimizerFcn::setOptimizeConst: activating const optimization
[#1] INFO:Fitting -- RooAbsPdf::fitTo(model) Calculating sum-of-weights-squared correction matrix for covariance matrix
[#1] INFO:Minimization -- RooAbsMinimizerFcn::setOptimizeConst: deactivating const optimization
Total chi2/ndf: 0.765558
  Fit Result: Chi2/NDF = 24.4978/34 = 0.720525, Status = 0
[#1] INFO:Plotting -- RooAbsPdf::plotOn(model) directly selected PDF components: (pdf7)
[#1] INFO:Plotting -- RooAbsPdf::plotOn(model) indirectly selected PDF components: ()
[#1] INFO:Plotting -- RooAbsPdf::plotOn(model) directly selected PDF components: (pdf9)
[#1] INFO:Plotting -- RooAbsPdf::plotOn(model) indirectly selected PDF components: ()
[#1] INFO:Plotting -- RooAbsPdf::plotOn(model) directly selected PDF components: (pdf10)
[#1] INFO:Plotting -- RooAbsPdf::plotOn(model) indirectly selected PDF components: ()
1/mass: 0.0575 pull:0.889031
1/mass: 0.0675 pull:-1.04315
1/mass: 0.0725 pull:0.537661
1/mass: 0.0775 pull:-1.27969
1/mass: 0.0825 pull:0.541694
1/mass: 0.0875 pull:-0.69492
1/mass: 0.0925 pull:0.468494
1/mass: 0.0975 pull:0.0335535
1/mass: 0.1025 pull:0.974182
1/mass: 0.1075 pull:-0.787392
1/mass: 0.1125 pull:-0.636835
1/mass: 0.1175 pull:0.627246
1/mass: 0.1225 pull:-1.37806
1/mass: 0.1275 pull:2.00623
1/mass: 0.1325 pull:-0.742461
1/mass: 0.1375 pull:-0.442952
1/mass: 0.1425 pull:-0.123899
1/mass: 0.1475 pull:-0.42706
1/mass: 0.1525 pull:1.47641
1/mass: 0.1575 pull:-0.516837
1/mass: 0.1625 pull:-0.941951
1/mass: 0.1675 pull:-1.45802
1/mass: 0.1725 pull:-0.104959
1/mass: 0.1775 pull:1.47298
1/mass: 0.1825 pull:1.56499
1/mass: 0.1875 pull:-0.252995
1/mass: 0.1925 pull:-0.110124
1/mass: 0.1975 pull:0.14595
1/mass: 0.2025 pull:-0.269686
1/mass: 0.2075 pull:0.0399718
1/mass: 0.2125 pull:-0.0362292
1/mass: 0.2175 pull:-0.400776
1/mass: 0.2225 pull:0.000725348
1/mass: 0.2275 pull:0.186697
2
2
2
Fitting bin 31 (Ek: 8.11658-9.65954 GeV/n)...
[#1] INFO:Minimization -- p.d.f. provides expected number of events, including extended term in likelihood.
[#1] INFO:Fitting -- RooAbsPdf::fitTo(model) fixing normalization set for coefficient determination to observables in data
[#1] INFO:Fitting -- Creation of NLL object took 157.881 μs
[#1] INFO:Fitting -- RooAddition::defaultErrorLevel(nll_model_data) Summation contains a RooNLLVar, using its error level
[#1] INFO:Minimization -- RooAbsMinimizerFcn::setOptimizeConst: activating const optimization
[#1] INFO:Fitting -- RooAbsPdf::fitTo(model) Calculating sum-of-weights-squared correction matrix for covariance matrix
[#1] INFO:Minimization -- RooAbsMinimizerFcn::setOptimizeConst: deactivating const optimization
Total chi2/ndf: 1.25529
  Fit Result: Chi2/NDF = 38.9139/34 = 1.14453, Status = 0
[#1] INFO:Plotting -- RooAbsPdf::plotOn(model) directly selected PDF components: (pdf7)
[#1] INFO:Plotting -- RooAbsPdf::plotOn(model) indirectly selected PDF components: ()
[#1] INFO:Plotting -- RooAbsPdf::plotOn(model) directly selected PDF components: (pdf9)
[#1] INFO:Plotting -- RooAbsPdf::plotOn(model) indirectly selected PDF components: ()
[#1] INFO:Plotting -- RooAbsPdf::plotOn(model) directly selected PDF components: (pdf10)
[#1] INFO:Plotting -- RooAbsPdf::plotOn(model) indirectly selected PDF components: ()
1/mass: 0.0525 pull:0.466705
1/mass: 0.0575 pull:0.180529
1/mass: 0.0625 pull:-0.30293
1/mass: 0.0675 pull:-0.21833
1/mass: 0.0725 pull:-0.693288
1/mass: 0.0775 pull:-0.426615
1/mass: 0.0825 pull:2.11684
1/mass: 0.0875 pull:-1.40961
1/mass: 0.0925 pull:0.952438
1/mass: 0.0975 pull:0.463052
1/mass: 0.1025 pull:-0.620275
1/mass: 0.1075 pull:-1.39989
1/mass: 0.1125 pull:-0.755118
1/mass: 0.1175 pull:0.0919548
1/mass: 0.1225 pull:1.37145
1/mass: 0.1275 pull:1.81512
1/mass: 0.1325 pull:-1.56702
1/mass: 0.1375 pull:-0.515718
1/mass: 0.1425 pull:-2.5023
1/mass: 0.1475 pull:-0.134736
1/mass: 0.1525 pull:0.817151
1/mass: 0.1575 pull:-1.08714
1/mass: 0.1625 pull:-0.730048
1/mass: 0.1675 pull:1.07545
1/mass: 0.1725 pull:1.05838
1/mass: 0.1775 pull:-0.621648
1/mass: 0.1825 pull:1.12316
1/mass: 0.1875 pull:-0.190017
1/mass: 0.1925 pull:1.76434
1/mass: 0.1975 pull:-0.4254
1/mass: 0.2025 pull:0.970003
1/mass: 0.2075 pull:1.26019
1/mass: 0.2125 pull:1.00293
2
2
2
Fitting bin 33 (Ek: 9.65954-11.4536 GeV/n)...
[#1] INFO:Minimization -- p.d.f. provides expected number of events, including extended term in likelihood.
[#1] INFO:Fitting -- RooAbsPdf::fitTo(model) fixing normalization set for coefficient determination to observables in data
[#1] INFO:Fitting -- Creation of NLL object took 152.212 μs
[#1] INFO:Fitting -- RooAddition::defaultErrorLevel(nll_model_data) Summation contains a RooNLLVar, using its error level
[#1] INFO:Minimization -- RooAbsMinimizerFcn::setOptimizeConst: activating const optimization
[#1] INFO:Fitting -- RooAbsPdf::fitTo(model) Calculating sum-of-weights-squared correction matrix for covariance matrix
[#1] INFO:Minimization -- RooAbsMinimizerFcn::setOptimizeConst: deactivating const optimization
Total chi2/ndf: 0.900471
  Fit Result: Chi2/NDF = 30.616/34 = 0.900471, Status = 0
[#1] INFO:Plotting -- RooAbsPdf::plotOn(model) directly selected PDF components: (pdf7)
[#1] INFO:Plotting -- RooAbsPdf::plotOn(model) indirectly selected PDF components: ()
[#1] INFO:Plotting -- RooAbsPdf::plotOn(model) directly selected PDF components: (pdf9)
[#1] INFO:Plotting -- RooAbsPdf::plotOn(model) indirectly selected PDF components: ()
[#1] INFO:Plotting -- RooAbsPdf::plotOn(model) directly selected PDF components: (pdf10)
[#1] INFO:Plotting -- RooAbsPdf::plotOn(model) indirectly selected PDF components: ()
1/mass: 0.0525 pull:0.471149
1/mass: 0.0575 pull:0.152762
1/mass: 0.0625 pull:0.939547
1/mass: 0.0675 pull:0.413523
1/mass: 0.0725 pull:-0.585963
1/mass: 0.0775 pull:-0.129752
1/mass: 0.0825 pull:1.48723
1/mass: 0.0875 pull:-0.420731
1/mass: 0.0925 pull:-0.170602
1/mass: 0.0975 pull:-0.47279
1/mass: 0.1025 pull:-0.505481
1/mass: 0.1075 pull:-1.10856
1/mass: 0.1125 pull:1.27126
1/mass: 0.1175 pull:-0.14809
1/mass: 0.1225 pull:0.667136
1/mass: 0.1275 pull:-0.261806
1/mass: 0.1325 pull:-1.19853
1/mass: 0.1375 pull:1.18753
1/mass: 0.1425 pull:-1.52803
1/mass: 0.1475 pull:1.47753
1/mass: 0.1525 pull:-1.73239
1/mass: 0.1575 pull:0.173056
1/mass: 0.1625 pull:-0.71013
1/mass: 0.1675 pull:0.408711
1/mass: 0.1725 pull:-1.37624
1/mass: 0.1775 pull:1.39389
1/mass: 0.1825 pull:-0.213684
1/mass: 0.1875 pull:-0.74838
1/mass: 0.1925 pull:1.19245
1/mass: 0.1975 pull:-0.351093
1/mass: 0.2025 pull:1.02817
1/mass: 0.2075 pull:-0.939567
1/mass: 0.2125 pull:1.25029
1/mass: 0.2175 pull:1.25551
1/mass: 0.2225 pull:0.691051
1/mass: 0.2275 pull:0.259099
2
2
2
Fitting bin 35 (Ek: 11.4536-13.4986 GeV/n)...
[#1] INFO:Minimization -- p.d.f. provides expected number of events, including extended term in likelihood.
[#1] INFO:Fitting -- RooAbsPdf::fitTo(model) fixing normalization set for coefficient determination to observables in data
[#1] INFO:Fitting -- Creation of NLL object took 192.211 μs
[#1] INFO:Fitting -- RooAddition::defaultErrorLevel(nll_model_data) Summation contains a RooNLLVar, using its error level
[#1] INFO:Minimization -- RooAbsMinimizerFcn::setOptimizeConst: activating const optimization
[#1] INFO:Fitting -- RooAbsPdf::fitTo(model) Calculating sum-of-weights-squared correction matrix for covariance matrix
[#1] INFO:Minimization -- RooAbsMinimizerFcn::setOptimizeConst: deactivating const optimization
Total chi2/ndf: 2.38785
  Fit Result: Chi2/NDF = 81.187/34 = 2.38785, Status = 0
[#1] INFO:Plotting -- RooAbsPdf::plotOn(model) directly selected PDF components: (pdf7)
[#1] INFO:Plotting -- RooAbsPdf::plotOn(model) indirectly selected PDF components: ()
[#1] INFO:Plotting -- RooAbsPdf::plotOn(model) directly selected PDF components: (pdf9)
[#1] INFO:Plotting -- RooAbsPdf::plotOn(model) indirectly selected PDF components: ()
[#1] INFO:Plotting -- RooAbsPdf::plotOn(model) directly selected PDF components: (pdf10)
[#1] INFO:Plotting -- RooAbsPdf::plotOn(model) indirectly selected PDF components: ()
1/mass: 0.0525 pull:1.18619
1/mass: 0.0575 pull:0.888012
1/mass: 0.0625 pull:-1.39475
1/mass: 0.0675 pull:-0.559953
1/mass: 0.0725 pull:-0.719146
1/mass: 0.0775 pull:-1.00509
1/mass: 0.0825 pull:-0.275861
1/mass: 0.0875 pull:1.2654
1/mass: 0.0925 pull:-1.65427
1/mass: 0.0975 pull:0.658844
1/mass: 0.1025 pull:0.897729
1/mass: 0.1075 pull:-1.04429
1/mass: 0.1125 pull:0.40306
1/mass: 0.1175 pull:0.913133
1/mass: 0.1225 pull:-3.20207
1/mass: 0.1275 pull:0.637988
1/mass: 0.1325 pull:0.699532
1/mass: 0.1375 pull:1.63348
1/mass: 0.1425 pull:-1.65511
1/mass: 0.1475 pull:-0.692238
1/mass: 0.1525 pull:0.878966
1/mass: 0.1575 pull:-1.78957
1/mass: 0.1625 pull:-0.20833
1/mass: 0.1675 pull:1.1225
1/mass: 0.1725 pull:-2.06805
1/mass: 0.1775 pull:-4.84768
1/mass: 0.1825 pull:2.02888
1/mass: 0.1875 pull:1.12464
1/mass: 0.1925 pull:0.725568
1/mass: 0.1975 pull:1.70178
1/mass: 0.2025 pull:-0.599399
1/mass: 0.2075 pull:-1.62523
1/mass: 0.2125 pull:0.0047238
1/mass: 0.2175 pull:1.58722
1/mass: 0.2225 pull:1.58795
1/mass: 0.2275 pull:0.726208
2
2
2
Fitting bin 37 (Ek: 13.4986-15.8444 GeV/n)...
[#1] INFO:Minimization -- p.d.f. provides expected number of events, including extended term in likelihood.
[#1] INFO:Fitting -- RooAbsPdf::fitTo(model) fixing normalization set for coefficient determination to observables in data
[#1] INFO:Fitting -- Creation of NLL object took 162.7 μs
[#1] INFO:Fitting -- RooAddition::defaultErrorLevel(nll_model_data) Summation contains a RooNLLVar, using its error level
[#1] INFO:Minimization -- RooAbsMinimizerFcn::setOptimizeConst: activating const optimization
[#1] INFO:Fitting -- RooAbsPdf::fitTo(model) Calculating sum-of-weights-squared correction matrix for covariance matrix
[#1] INFO:Minimization -- RooAbsMinimizerFcn::setOptimizeConst: deactivating const optimization
Total chi2/ndf: 1.48954
  Fit Result: Chi2/NDF = 49.1548/34 = 1.44573, Status = 0
[#1] INFO:Plotting -- RooAbsPdf::plotOn(model) directly selected PDF components: (pdf7)
[#1] INFO:Plotting -- RooAbsPdf::plotOn(model) indirectly selected PDF components: ()
[#1] INFO:Plotting -- RooAbsPdf::plotOn(model) directly selected PDF components: (pdf9)
[#1] INFO:Plotting -- RooAbsPdf::plotOn(model) indirectly selected PDF components: ()
[#1] INFO:Plotting -- RooAbsPdf::plotOn(model) directly selected PDF components: (pdf10)
[#1] INFO:Plotting -- RooAbsPdf::plotOn(model) indirectly selected PDF components: ()
1/mass: 0.0525 pull:0.300157
1/mass: 0.0625 pull:-0.970786
1/mass: 0.0675 pull:-1.15242
1/mass: 0.0725 pull:-0.148231
1/mass: 0.0775 pull:-0.982546
1/mass: 0.0825 pull:0.854581
1/mass: 0.0875 pull:-0.668008
1/mass: 0.0925 pull:0.317552
1/mass: 0.0975 pull:0.311116
1/mass: 0.1025 pull:-1.72147
1/mass: 0.1075 pull:1.58955
1/mass: 0.1125 pull:-0.508912
1/mass: 0.1175 pull:0.878144
1/mass: 0.1225 pull:0.938875
1/mass: 0.1275 pull:0.742171
1/mass: 0.1325 pull:-1.33919
1/mass: 0.1375 pull:-1.29703
1/mass: 0.1425 pull:0.64691
1/mass: 0.1475 pull:-1.93524
1/mass: 0.1525 pull:0.86458
1/mass: 0.1575 pull:-0.314514
1/mass: 0.1625 pull:-1.53898
1/mass: 0.1675 pull:-3.97922
1/mass: 0.1725 pull:1.40316
1/mass: 0.1775 pull:-0.251617
1/mass: 0.1825 pull:0.256961
1/mass: 0.1875 pull:1.35911
1/mass: 0.1925 pull:0.175209
1/mass: 0.1975 pull:1.41826
1/mass: 0.2025 pull:0.879233
1/mass: 0.2075 pull:0.587399
1/mass: 0.2125 pull:0.73488
1/mass: 0.2175 pull:1.13638
1/mass: 0.2225 pull:-0.706675
1/mass: 0.2275 pull:0.596021
2
2
2
Fitting bin 39 (Ek: 15.8444-18.5408 GeV/n)...
[#1] INFO:Minimization -- p.d.f. provides expected number of events, including extended term in likelihood.
[#1] INFO:Fitting -- RooAbsPdf::fitTo(model) fixing normalization set for coefficient determination to observables in data
[#1] INFO:Fitting -- Creation of NLL object took 171.28 μs
[#1] INFO:Fitting -- RooAddition::defaultErrorLevel(nll_model_data) Summation contains a RooNLLVar, using its error level
[#1] INFO:Minimization -- RooAbsMinimizerFcn::setOptimizeConst: activating const optimization
[#1] INFO:Fitting -- RooAbsPdf::fitTo(model) Calculating sum-of-weights-squared correction matrix for covariance matrix
[#1] INFO:Minimization -- RooAbsMinimizerFcn::setOptimizeConst: deactivating const optimization
Total chi2/ndf: 1.50792
  Fit Result: Chi2/NDF = 49.7615/34 = 1.46357, Status = 0
[#1] INFO:Plotting -- RooAbsPdf::plotOn(model) directly selected PDF components: (pdf7)
[#1] INFO:Plotting -- RooAbsPdf::plotOn(model) indirectly selected PDF components: ()
[#1] INFO:Plotting -- RooAbsPdf::plotOn(model) directly selected PDF components: (pdf9)
[#1] INFO:Plotting -- RooAbsPdf::plotOn(model) indirectly selected PDF components: ()
[#1] INFO:Plotting -- RooAbsPdf::plotOn(model) directly selected PDF components: (pdf10)
[#1] INFO:Plotting -- RooAbsPdf::plotOn(model) indirectly selected PDF components: ()
1/mass: 0.0525 pull:-0.521641
1/mass: 0.0575 pull:-1.21559
1/mass: 0.0625 pull:-1.195
1/mass: 0.0675 pull:0.737401
1/mass: 0.0725 pull:0.337649
1/mass: 0.0775 pull:1.50091
1/mass: 0.0825 pull:-1.14673
1/mass: 0.0875 pull:0.795552
1/mass: 0.0925 pull:-0.419478
1/mass: 0.0975 pull:-0.985111
1/mass: 0.1025 pull:-0.349512
1/mass: 0.1075 pull:1.78277
1/mass: 0.1125 pull:-0.704167
1/mass: 0.1175 pull:-2.11854
1/mass: 0.1225 pull:0.708879
1/mass: 0.1275 pull:0.705272
1/mass: 0.1325 pull:-3.26928
1/mass: 0.1375 pull:0.528226
1/mass: 0.1425 pull:2.08678
1/mass: 0.1475 pull:-0.0614379
1/mass: 0.1525 pull:-0.611046
1/mass: 0.1575 pull:-0.955899
1/mass: 0.1625 pull:1.26989
1/mass: 0.1675 pull:-0.327731
1/mass: 0.1725 pull:-1.59679
1/mass: 0.1775 pull:0.366554
1/mass: 0.1825 pull:-0.666105
1/mass: 0.1875 pull:0.544832
1/mass: 0.1925 pull:0.314662
1/mass: 0.1975 pull:-0.0558908
1/mass: 0.2025 pull:-1.53396
1/mass: 0.2075 pull:-1.74479
1/mass: 0.2125 pull:1.02601
1/mass: 0.2175 pull:-0.452537
1/mass: 0.2225 pull:1.66736
2
2
2
Fitting bin 41 (Ek: 18.5408-21.6377 GeV/n)...
[#1] INFO:Minimization -- p.d.f. provides expected number of events, including extended term in likelihood.
[#1] INFO:Fitting -- RooAbsPdf::fitTo(model) fixing normalization set for coefficient determination to observables in data
[#1] INFO:Fitting -- Creation of NLL object took 158.882 μs
[#1] INFO:Fitting -- RooAddition::defaultErrorLevel(nll_model_data) Summation contains a RooNLLVar, using its error level
[#1] INFO:Minimization -- RooAbsMinimizerFcn::setOptimizeConst: activating const optimization
[#1] INFO:Fitting -- RooAbsPdf::fitTo(model) Calculating sum-of-weights-squared correction matrix for covariance matrix
[#1] INFO:Minimization -- RooAbsMinimizerFcn::setOptimizeConst: deactivating const optimization
Total chi2/ndf: 1.43279
  Fit Result: Chi2/NDF = 47.2822/34 = 1.39065, Status = 0
[#1] INFO:Plotting -- RooAbsPdf::plotOn(model) directly selected PDF components: (pdf7)
[#1] INFO:Plotting -- RooAbsPdf::plotOn(model) indirectly selected PDF components: ()
[#1] INFO:Plotting -- RooAbsPdf::plotOn(model) directly selected PDF components: (pdf9)
[#1] INFO:Plotting -- RooAbsPdf::plotOn(model) indirectly selected PDF components: ()
[#1] INFO:Plotting -- RooAbsPdf::plotOn(model) directly selected PDF components: (pdf10)
[#1] INFO:Plotting -- RooAbsPdf::plotOn(model) indirectly selected PDF components: ()
1/mass: 0.0525 pull:0.534523
1/mass: 0.0575 pull:-1.15012
1/mass: 0.0625 pull:0.616182
1/mass: 0.0675 pull:1.63764
1/mass: 0.0725 pull:2.11964
1/mass: 0.0775 pull:0.585313
1/mass: 0.0825 pull:0.401062
1/mass: 0.0875 pull:-1.62835
1/mass: 0.0925 pull:-2.25694
1/mass: 0.0975 pull:-0.435636
1/mass: 0.1025 pull:-1.5283
1/mass: 0.1075 pull:0.387738
1/mass: 0.1125 pull:-1.45092
1/mass: 0.1175 pull:2.17128
1/mass: 0.1225 pull:-0.841933
1/mass: 0.1275 pull:0.700943
1/mass: 0.1325 pull:-1.20762
1/mass: 0.1375 pull:-2.13999
1/mass: 0.1425 pull:0.251543
1/mass: 0.1475 pull:-1.12313
1/mass: 0.1525 pull:-1.97658
1/mass: 0.1575 pull:0.257371
1/mass: 0.1625 pull:-0.0516807
1/mass: 0.1675 pull:0.839562
1/mass: 0.1725 pull:0.916545
1/mass: 0.1775 pull:-0.559532
1/mass: 0.1825 pull:-0.581274
1/mass: 0.1875 pull:1.74751
1/mass: 0.1925 pull:-0.0379246
1/mass: 0.1975 pull:1.22502
1/mass: 0.2075 pull:0.564097
1/mass: 0.2125 pull:-0.341614
1/mass: 0.2175 pull:0.0823934
1/mass: 0.2225 pull:-0.0140387
1/mass: 0.2275 pull:0.801763

[SUCCESS] Fitting process completed. Results saved to:
/eos/user/z/zixuan/Isotope/MassTempFit/wide_MassTF_Be_UnbiasedL1Inner_H2_UseMass7_FragFromNitrogen.pdf
/eos/user/z/zixuan/Isotope/MassTempFit/wide_MassTF_Be_UnbiasedL1Inner_H2_UseMass7_FragFromNitrogen.root
====================================================================
Starting FRAGMENT Mass Template Fit for: Be from source Oxygen (UseMass: 7)
Chain: UnbiasedL1Inner
Templates: Pure (H2)
====================================================================
[INFO] Data file loaded: root://eoshome-z.cern.ch//eos/user/z/zixuan/Isotope/Add/Be_frag4.root
[INFO] Output ROOT file: /eos/user/z/zixuan/Isotope/MassTempFit/wide_MassTF_Be_UnbiasedL1Inner_H2_UseMass7_FragFromOxygen.root

--- Processing Detector: TOF ---
2
2
2
Fitting bin 5 (Ek: 0.267548-0.406144 GeV/n)...
[#1] INFO:Minimization -- p.d.f. provides expected number of events, including extended term in likelihood.
[#1] INFO:Fitting -- RooAbsPdf::fitTo(model) fixing normalization set for coefficient determination to observables in data
[#1] INFO:Fitting -- Creation of NLL object took 202.022 μs
[#1] INFO:Fitting -- RooAddition::defaultErrorLevel(nll_model_data) Summation contains a RooNLLVar, using its error level
[#1] INFO:Minimization -- RooAbsMinimizerFcn::setOptimizeConst: activating const optimization
[#1] INFO:Fitting -- RooAbsPdf::fitTo(model) Calculating sum-of-weights-squared correction matrix for covariance matrix
[#1] INFO:Minimization -- RooAbsMinimizerFcn::setOptimizeConst: deactivating const optimization
Total chi2/ndf: 1.08349
  Fit Result: Chi2/NDF = 36.8385/34 = 1.08349, Status = 0
[#1] INFO:Plotting -- RooAbsPdf::plotOn(model) directly selected PDF components: (pdf7)
[#1] INFO:Plotting -- RooAbsPdf::plotOn(model) indirectly selected PDF components: ()
[#1] INFO:Plotting -- RooAbsPdf::plotOn(model) directly selected PDF components: (pdf9)
[#1] INFO:Plotting -- RooAbsPdf::plotOn(model) indirectly selected PDF components: ()
[#1] INFO:Plotting -- RooAbsPdf::plotOn(model) directly selected PDF components: (pdf10)
[#1] INFO:Plotting -- RooAbsPdf::plotOn(model) indirectly selected PDF components: ()
1/mass: 0.0525 pull:1.47312
1/mass: 0.0575 pull:-0.323519
1/mass: 0.0625 pull:0.68499
1/mass: 0.0675 pull:1.12076
1/mass: 0.0725 pull:0.484594
1/mass: 0.0775 pull:0.905056
1/mass: 0.0825 pull:-1.38414
1/mass: 0.0875 pull:0.305202
1/mass: 0.0925 pull:0.365842
1/mass: 0.0975 pull:-1.6738
1/mass: 0.1025 pull:-0.813083
1/mass: 0.1075 pull:1.57598
1/mass: 0.1125 pull:0.352753
1/mass: 0.1175 pull:-0.180269
1/mass: 0.1225 pull:-1.28501
1/mass: 0.1275 pull:0.387911
1/mass: 0.1325 pull:0.22294
1/mass: 0.1375 pull:1.12129
1/mass: 0.1425 pull:-0.611669
1/mass: 0.1475 pull:-0.622372
1/mass: 0.1525 pull:-0.606343
1/mass: 0.1575 pull:-1.2539
1/mass: 0.1625 pull:1.22647
1/mass: 0.1675 pull:-0.179161
1/mass: 0.1725 pull:-1.11195
1/mass: 0.1775 pull:0.487566
1/mass: 0.1825 pull:0.609296
1/mass: 0.1875 pull:-1.33945
1/mass: 0.1925 pull:0.583657
1/mass: 0.1975 pull:1.29324
1/mass: 0.2025 pull:0.492908
1/mass: 0.2075 pull:1.19704
1/mass: 0.2125 pull:2.0575
1/mass: 0.2175 pull:-0.893492
1/mass: 0.2225 pull:-0.0899599
1/mass: 0.2275 pull:1.95541
2
2
2
Fitting bin 7 (Ek: 0.406144-0.587609 GeV/n)...
[#1] INFO:Minimization -- p.d.f. provides expected number of events, including extended term in likelihood.
[#1] INFO:Fitting -- RooAbsPdf::fitTo(model) fixing normalization set for coefficient determination to observables in data
[#1] INFO:Fitting -- Creation of NLL object took 153.212 μs
[#1] INFO:Fitting -- RooAddition::defaultErrorLevel(nll_model_data) Summation contains a RooNLLVar, using its error level
[#1] INFO:Minimization -- RooAbsMinimizerFcn::setOptimizeConst: activating const optimization
[#1] INFO:Fitting -- RooAbsPdf::fitTo(model) Calculating sum-of-weights-squared correction matrix for covariance matrix
[#1] INFO:Minimization -- RooAbsMinimizerFcn::setOptimizeConst: deactivating const optimization
Total chi2/ndf: 1.7313
  Fit Result: Chi2/NDF = 57.1329/34 = 1.68038, Status = 0
[#1] INFO:Plotting -- RooAbsPdf::plotOn(model) directly selected PDF components: (pdf7)
[#1] INFO:Plotting -- RooAbsPdf::plotOn(model) indirectly selected PDF components: ()
[#1] INFO:Plotting -- RooAbsPdf::plotOn(model) directly selected PDF components: (pdf9)
[#1] INFO:Plotting -- RooAbsPdf::plotOn(model) indirectly selected PDF components: ()
[#1] INFO:Plotting -- RooAbsPdf::plotOn(model) directly selected PDF components: (pdf10)
[#1] INFO:Plotting -- RooAbsPdf::plotOn(model) indirectly selected PDF components: ()
1/mass: 0.0575 pull:0.349413
1/mass: 0.0625 pull:2.00525
1/mass: 0.0675 pull:0.830865
1/mass: 0.0725 pull:2.98321
1/mass: 0.0775 pull:2.4082
1/mass: 0.0825 pull:1.50529
1/mass: 0.0875 pull:0.840232
1/mass: 0.0925 pull:-0.438484
1/mass: 0.0975 pull:-0.188398
1/mass: 0.1025 pull:-1.53794
1/mass: 0.1075 pull:-0.211489
1/mass: 0.1125 pull:-2.16821
1/mass: 0.1175 pull:-0.993489
1/mass: 0.1225 pull:0.69355
1/mass: 0.1275 pull:-0.0395862
1/mass: 0.1325 pull:1.5047
1/mass: 0.1375 pull:1.72341
1/mass: 0.1425 pull:1.18039
1/mass: 0.1475 pull:0.892643
1/mass: 0.1525 pull:-0.14053
1/mass: 0.1575 pull:-1.0216
1/mass: 0.1625 pull:-1.57503
1/mass: 0.1675 pull:-1.40455
1/mass: 0.1725 pull:-0.0900026
1/mass: 0.1775 pull:-1.38786
1/mass: 0.1825 pull:-1.47437
1/mass: 0.1875 pull:1.44318
1/mass: 0.1925 pull:-0.0375434
1/mass: 0.1975 pull:0.944438
1/mass: 0.2025 pull:1.10296
1/mass: 0.2075 pull:0.133928
1/mass: 0.2125 pull:1.19371
1/mass: 0.2175 pull:0.560485
1/mass: 0.2225 pull:1.6587
1/mass: 0.2275 pull:0.26418
2
2
2
Fitting bin 9 (Ek: 0.587609-0.821474 GeV/n)...
[#1] INFO:Minimization -- p.d.f. provides expected number of events, including extended term in likelihood.
[#1] INFO:Fitting -- RooAbsPdf::fitTo(model) fixing normalization set for coefficient determination to observables in data
[#1] INFO:Fitting -- Creation of NLL object took 154.551 μs
[#1] INFO:Fitting -- RooAddition::defaultErrorLevel(nll_model_data) Summation contains a RooNLLVar, using its error level
[#1] INFO:Minimization -- RooAbsMinimizerFcn::setOptimizeConst: activating const optimization
[#1] INFO:Fitting -- RooAbsPdf::fitTo(model) Calculating sum-of-weights-squared correction matrix for covariance matrix
[#1] INFO:Minimization -- RooAbsMinimizerFcn::setOptimizeConst: deactivating const optimization
Total chi2/ndf: 4.73272
  Fit Result: Chi2/NDF = 156.18/34 = 4.59352, Status = 0
[#1] INFO:Plotting -- RooAbsPdf::plotOn(model) directly selected PDF components: (pdf7)
[#1] INFO:Plotting -- RooAbsPdf::plotOn(model) indirectly selected PDF components: ()
[#1] INFO:Plotting -- RooAbsPdf::plotOn(model) directly selected PDF components: (pdf9)
[#1] INFO:Plotting -- RooAbsPdf::plotOn(model) indirectly selected PDF components: ()
[#1] INFO:Plotting -- RooAbsPdf::plotOn(model) directly selected PDF components: (pdf10)
[#1] INFO:Plotting -- RooAbsPdf::plotOn(model) indirectly selected PDF components: ()
1/mass: 0.0575 pull:0.573052
1/mass: 0.0625 pull:-0.335617
1/mass: 0.0675 pull:1.32787
1/mass: 0.0725 pull:1.48825
1/mass: 0.0775 pull:3.31151
1/mass: 0.0825 pull:3.38862
1/mass: 0.0875 pull:2.09471
1/mass: 0.0925 pull:1.45988
1/mass: 0.0975 pull:1.61892
1/mass: 0.1025 pull:-2.91482
1/mass: 0.1075 pull:-2.66584
1/mass: 0.1125 pull:-3.44902
1/mass: 0.1175 pull:-2.10146
1/mass: 0.1225 pull:0.449949
1/mass: 0.1275 pull:2.75032
1/mass: 0.1325 pull:1.55102
1/mass: 0.1375 pull:2.399
1/mass: 0.1425 pull:2.67978
1/mass: 0.1475 pull:2.31337
1/mass: 0.1525 pull:-1.99059
1/mass: 0.1575 pull:-3.70926
1/mass: 0.1625 pull:-0.871708
1/mass: 0.1675 pull:-2.155
1/mass: 0.1725 pull:-3.17262
1/mass: 0.1775 pull:-1.37343
1/mass: 0.1825 pull:0.268792
1/mass: 0.1875 pull:0.730117
1/mass: 0.1925 pull:2.18791
1/mass: 0.1975 pull:2.25114
1/mass: 0.2025 pull:0.696517
1/mass: 0.2075 pull:2.02808
1/mass: 0.2125 pull:2.02378
1/mass: 0.2175 pull:1.79827
1/mass: 0.2225 pull:1.44009
1/mass: 0.2275 pull:0.508158
2
2
2
Fitting bin 11 (Ek: 0.821474-1.11303 GeV/n)...
[#1] INFO:Minimization -- p.d.f. provides expected number of events, including extended term in likelihood.
[#1] INFO:Fitting -- RooAbsPdf::fitTo(model) fixing normalization set for coefficient determination to observables in data
[#1] INFO:Fitting -- Creation of NLL object took 162.431 μs
[#1] INFO:Fitting -- RooAddition::defaultErrorLevel(nll_model_data) Summation contains a RooNLLVar, using its error level
[#1] INFO:Minimization -- RooAbsMinimizerFcn::setOptimizeConst: activating const optimization
[#1] INFO:Fitting -- RooAbsPdf::fitTo(model) Calculating sum-of-weights-squared correction matrix for covariance matrix
[#1] INFO:Minimization -- RooAbsMinimizerFcn::setOptimizeConst: deactivating const optimization
Total chi2/ndf: 14.6839
  Fit Result: Chi2/NDF = 499.254/34 = 14.6839, Status = 0
[#1] INFO:Plotting -- RooAbsPdf::plotOn(model) directly selected PDF components: (pdf7)
[#1] INFO:Plotting -- RooAbsPdf::plotOn(model) indirectly selected PDF components: ()
[#1] INFO:Plotting -- RooAbsPdf::plotOn(model) directly selected PDF components: (pdf9)
[#1] INFO:Plotting -- RooAbsPdf::plotOn(model) indirectly selected PDF components: ()
[#1] INFO:Plotting -- RooAbsPdf::plotOn(model) directly selected PDF components: (pdf10)
[#1] INFO:Plotting -- RooAbsPdf::plotOn(model) indirectly selected PDF components: ()
1/mass: 0.0525 pull:2.02167
1/mass: 0.0575 pull:2.46567
1/mass: 0.0625 pull:1.3887
1/mass: 0.0675 pull:4.53697
1/mass: 0.0725 pull:4.24901
1/mass: 0.0775 pull:7.16693
1/mass: 0.0825 pull:6.52663
1/mass: 0.0875 pull:5.96709
1/mass: 0.0925 pull:1.99014
1/mass: 0.0975 pull:-2.92887
1/mass: 0.1025 pull:-4.11639
1/mass: 0.1075 pull:-7.38033
1/mass: 0.1125 pull:-3.12943
1/mass: 0.1175 pull:-3.2962
1/mass: 0.1225 pull:0.113426
1/mass: 0.1275 pull:2.9329
1/mass: 0.1325 pull:5.27447
1/mass: 0.1375 pull:3.58599
1/mass: 0.1425 pull:2.98423
1/mass: 0.1475 pull:-0.510186
1/mass: 0.1525 pull:-1.23525
1/mass: 0.1575 pull:-2.12312
1/mass: 0.1625 pull:-6.2677
1/mass: 0.1675 pull:-3.08199
1/mass: 0.1725 pull:-3.03564
1/mass: 0.1775 pull:-3.53483
1/mass: 0.1825 pull:2.24504
1/mass: 0.1875 pull:0.686201
1/mass: 0.1925 pull:2.66617
1/mass: 0.1975 pull:3.76532
1/mass: 0.2025 pull:4.6942
1/mass: 0.2075 pull:3.34125
1/mass: 0.2125 pull:3.41785
1/mass: 0.2175 pull:1.78305
1/mass: 0.2225 pull:1.67177
1/mass: 0.2275 pull:1.30499
2
2
2
Fitting bin 13 (Ek: 1.11303-1.4714 GeV/n)...
[#1] INFO:Minimization -- p.d.f. provides expected number of events, including extended term in likelihood.
[#1] INFO:Fitting -- RooAbsPdf::fitTo(model) fixing normalization set for coefficient determination to observables in data
[#1] INFO:Fitting -- Creation of NLL object took 152.901 μs
[#1] INFO:Fitting -- RooAddition::defaultErrorLevel(nll_model_data) Summation contains a RooNLLVar, using its error level
[#1] INFO:Minimization -- RooAbsMinimizerFcn::setOptimizeConst: activating const optimization
[#1] INFO:Fitting -- RooAbsPdf::fitTo(model) Calculating sum-of-weights-squared correction matrix for covariance matrix
[#1] INFO:Minimization -- RooAbsMinimizerFcn::setOptimizeConst: deactivating const optimization
Total chi2/ndf: 41.3575
  Fit Result: Chi2/NDF = 1406.15/34 = 41.3575, Status = 0
[#1] INFO:Plotting -- RooAbsPdf::plotOn(model) directly selected PDF components: (pdf7)
[#1] INFO:Plotting -- RooAbsPdf::plotOn(model) indirectly selected PDF components: ()
[#1] INFO:Plotting -- RooAbsPdf::plotOn(model) directly selected PDF components: (pdf9)
[#1] INFO:Plotting -- RooAbsPdf::plotOn(model) indirectly selected PDF components: ()
[#1] INFO:Plotting -- RooAbsPdf::plotOn(model) directly selected PDF components: (pdf10)
[#1] INFO:Plotting -- RooAbsPdf::plotOn(model) indirectly selected PDF components: ()
1/mass: 0.0525 pull:5.34896
1/mass: 0.0575 pull:7.90653
1/mass: 0.0625 pull:9.28154
1/mass: 0.0675 pull:9.64569
1/mass: 0.0825 pull:8.82911
1/mass: 0.0875 pull:6.98076
1/mass: 0.0925 pull:-0.293072
1/mass: 0.0975 pull:-6.96253
1/mass: 0.1125 pull:-7.08718
1/mass: 0.1175 pull:-3.64822
1/mass: 0.1225 pull:2.75925
1/mass: 0.1275 pull:4.80951
1/mass: 0.1325 pull:5.90479
1/mass: 0.1375 pull:4.35394
1/mass: 0.1425 pull:1.24799
1/mass: 0.1475 pull:-2.33018
1/mass: 0.1525 pull:-4.90212
1/mass: 0.1575 pull:-5.02857
1/mass: 0.1625 pull:-6.09956
1/mass: 0.1675 pull:-5.13603
1/mass: 0.1725 pull:-2.9876
1/mass: 0.1775 pull:-2.13352
1/mass: 0.1825 pull:2.5447
1/mass: 0.1875 pull:3.23502
1/mass: 0.1925 pull:7.11139
1/mass: 0.1975 pull:4.46589
1/mass: 0.2025 pull:4.6903
1/mass: 0.2075 pull:4.66698
1/mass: 0.2125 pull:3.68243
1/mass: 0.2175 pull:5.62917
1/mass: 0.2225 pull:3.54181
1/mass: 0.2275 pull:1.81451

--- Processing Detector: NaF ---
2
2
2
Fitting bin 11 (Ek: 0.821474-1.11303 GeV/n)...
[#1] INFO:Minimization -- p.d.f. provides expected number of events, including extended term in likelihood.
[#1] INFO:Fitting -- RooAbsPdf::fitTo(model) fixing normalization set for coefficient determination to observables in data
[#1] INFO:Fitting -- Creation of NLL object took 210.98 μs
[#1] INFO:Fitting -- RooAddition::defaultErrorLevel(nll_model_data) Summation contains a RooNLLVar, using its error level
[#1] INFO:Minimization -- RooAbsMinimizerFcn::setOptimizeConst: activating const optimization
[#1] INFO:Fitting -- RooAbsPdf::fitTo(model) Calculating sum-of-weights-squared correction matrix for covariance matrix
[#1] INFO:Minimization -- RooAbsMinimizerFcn::setOptimizeConst: deactivating const optimization
Total chi2/ndf: 1.30367
  Fit Result: Chi2/NDF = 41.7173/34 = 1.22698, Status = 0
[#1] INFO:Plotting -- RooAbsPdf::plotOn(model) directly selected PDF components: (pdf7)
[#1] INFO:Plotting -- RooAbsPdf::plotOn(model) indirectly selected PDF components: ()
[#1] INFO:Plotting -- RooAbsPdf::plotOn(model) directly selected PDF components: (pdf9)
[#1] INFO:Plotting -- RooAbsPdf::plotOn(model) indirectly selected PDF components: ()
[#1] INFO:Plotting -- RooAbsPdf::plotOn(model) directly selected PDF components: (pdf10)
[#1] INFO:Plotting -- RooAbsPdf::plotOn(model) indirectly selected PDF components: ()
1/mass: 0.0525 pull:0.537246
1/mass: 0.0575 pull:0.455017
1/mass: 0.0675 pull:1.44021
1/mass: 0.0725 pull:0.385856
1/mass: 0.0775 pull:0.165093
1/mass: 0.0825 pull:1.06549
1/mass: 0.0875 pull:0.289952
1/mass: 0.0925 pull:-0.793424
1/mass: 0.0975 pull:0.662171
1/mass: 0.1025 pull:-2.06736
1/mass: 0.1075 pull:-0.381034
1/mass: 0.1125 pull:0.991082
1/mass: 0.1175 pull:1.1742
1/mass: 0.1225 pull:-1.67176
1/mass: 0.1275 pull:0.15985
1/mass: 0.1325 pull:0.557222
1/mass: 0.1375 pull:-0.380819
1/mass: 0.1425 pull:-0.585166
1/mass: 0.1475 pull:0.626563
1/mass: 0.1525 pull:0.767567
1/mass: 0.1575 pull:-0.802963
1/mass: 0.1625 pull:1.09396
1/mass: 0.1675 pull:-3.86909
1/mass: 0.1725 pull:0.866074
1/mass: 0.1775 pull:-0.550943
1/mass: 0.1825 pull:0.0250842
1/mass: 0.1875 pull:0.231976
1/mass: 0.1925 pull:1.84647
1/mass: 0.1975 pull:-0.305108
1/mass: 0.2025 pull:0.320073
1/mass: 0.2075 pull:1.75311
1/mass: 0.2125 pull:0.707735
1/mass: 0.2175 pull:0.216125
1/mass: 0.2225 pull:-0.397997
2
2
2
Fitting bin 13 (Ek: 1.11303-1.4714 GeV/n)...
[#1] INFO:Minimization -- p.d.f. provides expected number of events, including extended term in likelihood.
[#1] INFO:Fitting -- RooAbsPdf::fitTo(model) fixing normalization set for coefficient determination to observables in data
[#1] INFO:Fitting -- Creation of NLL object took 193.012 μs
[#1] INFO:Fitting -- RooAddition::defaultErrorLevel(nll_model_data) Summation contains a RooNLLVar, using its error level
[#1] INFO:Minimization -- RooAbsMinimizerFcn::setOptimizeConst: activating const optimization
[#1] INFO:Fitting -- RooAbsPdf::fitTo(model) Calculating sum-of-weights-squared correction matrix for covariance matrix
[#1] INFO:Minimization -- RooAbsMinimizerFcn::setOptimizeConst: deactivating const optimization
Total chi2/ndf: 0.946101
  Fit Result: Chi2/NDF = 31.2213/34 = 0.918275, Status = 0
[#1] INFO:Plotting -- RooAbsPdf::plotOn(model) directly selected PDF components: (pdf7)
[#1] INFO:Plotting -- RooAbsPdf::plotOn(model) indirectly selected PDF components: ()
[#1] INFO:Plotting -- RooAbsPdf::plotOn(model) directly selected PDF components: (pdf9)
[#1] INFO:Plotting -- RooAbsPdf::plotOn(model) indirectly selected PDF components: ()
[#1] INFO:Plotting -- RooAbsPdf::plotOn(model) directly selected PDF components: (pdf10)
[#1] INFO:Plotting -- RooAbsPdf::plotOn(model) indirectly selected PDF components: ()
1/mass: 0.0525 pull:0.545607
1/mass: 0.0575 pull:0.451649
1/mass: 0.0625 pull:0.773674
1/mass: 0.0675 pull:1.2767
1/mass: 0.0725 pull:1.23887
1/mass: 0.0775 pull:1.6058
1/mass: 0.0825 pull:0.687698
1/mass: 0.0875 pull:-0.826914
1/mass: 0.0925 pull:-1.10655
1/mass: 0.0975 pull:0.411956
1/mass: 0.1025 pull:-0.0532883
1/mass: 0.1075 pull:-0.663607
1/mass: 0.1125 pull:-0.427153
1/mass: 0.1175 pull:-0.363852
1/mass: 0.1225 pull:1.18951
1/mass: 0.1275 pull:0.390976
1/mass: 0.1325 pull:-1.10688
1/mass: 0.1375 pull:0.447339
1/mass: 0.1425 pull:-0.739077
1/mass: 0.1475 pull:0.89295
1/mass: 0.1525 pull:-1.04653
1/mass: 0.1575 pull:0.356087
1/mass: 0.1625 pull:-0.0980172
1/mass: 0.1675 pull:1.15583
1/mass: 0.1725 pull:-1.9349
1/mass: 0.1775 pull:0.444665
1/mass: 0.1825 pull:0.249516
1/mass: 0.1875 pull:1.78595
1/mass: 0.1925 pull:0.156868
1/mass: 0.1975 pull:-1.67815
1/mass: 0.2025 pull:-1.76118
1/mass: 0.2075 pull:-0.260636
1/mass: 0.2125 pull:0.275138
1/mass: 0.2175 pull:0.0690017
1/mass: 0.2275 pull:0.93816
2
2
2
Fitting bin 15 (Ek: 1.4714-1.91049 GeV/n)...
[#1] INFO:Minimization -- p.d.f. provides expected number of events, including extended term in likelihood.
[#1] INFO:Fitting -- RooAbsPdf::fitTo(model) fixing normalization set for coefficient determination to observables in data
[#1] INFO:Fitting -- Creation of NLL object took 154.911 μs
[#1] INFO:Fitting -- RooAddition::defaultErrorLevel(nll_model_data) Summation contains a RooNLLVar, using its error level
[#1] INFO:Minimization -- RooAbsMinimizerFcn::setOptimizeConst: activating const optimization
[#1] INFO:Fitting -- RooAbsPdf::fitTo(model) Calculating sum-of-weights-squared correction matrix for covariance matrix
[#1] INFO:Minimization -- RooAbsMinimizerFcn::setOptimizeConst: deactivating const optimization
Total chi2/ndf: 1.22274
  Fit Result: Chi2/NDF = 40.3505/34 = 1.18678, Status = 0
[#1] INFO:Plotting -- RooAbsPdf::plotOn(model) directly selected PDF components: (pdf7)
[#1] INFO:Plotting -- RooAbsPdf::plotOn(model) indirectly selected PDF components: ()
[#1] INFO:Plotting -- RooAbsPdf::plotOn(model) directly selected PDF components: (pdf9)
[#1] INFO:Plotting -- RooAbsPdf::plotOn(model) indirectly selected PDF components: ()
[#1] INFO:Plotting -- RooAbsPdf::plotOn(model) directly selected PDF components: (pdf10)
[#1] INFO:Plotting -- RooAbsPdf::plotOn(model) indirectly selected PDF components: ()
1/mass: 0.0575 pull:0.426302
1/mass: 0.0625 pull:0.735421
1/mass: 0.0675 pull:-1.01075
1/mass: 0.0725 pull:2.0514
1/mass: 0.0775 pull:-0.697115
1/mass: 0.0825 pull:1.40132
1/mass: 0.0875 pull:-0.776666
1/mass: 0.0925 pull:-1.62882
1/mass: 0.0975 pull:1.41769
1/mass: 0.1025 pull:-0.0165582
1/mass: 0.1075 pull:-0.487346
1/mass: 0.1125 pull:0.0607101
1/mass: 0.1175 pull:-0.89316
1/mass: 0.1225 pull:-0.553162
1/mass: 0.1275 pull:0.373514
1/mass: 0.1325 pull:1.70996
1/mass: 0.1375 pull:-0.245473
1/mass: 0.1425 pull:-0.540321
1/mass: 0.1475 pull:2.04524
1/mass: 0.1525 pull:-1.53377
1/mass: 0.1575 pull:0.013812
1/mass: 0.1625 pull:-0.105727
1/mass: 0.1675 pull:-2.20564
1/mass: 0.1725 pull:0.413753
1/mass: 0.1775 pull:-0.406141
1/mass: 0.1825 pull:0.72417
1/mass: 0.1875 pull:0.000619552
1/mass: 0.1925 pull:1.38599
1/mass: 0.1975 pull:-1.06901
1/mass: 0.2025 pull:0.770568
1/mass: 0.2075 pull:-1.11345
1/mass: 0.2125 pull:-1.80716
1/mass: 0.2175 pull:1.14663
1/mass: 0.2225 pull:0.0500905
1/mass: 0.2275 pull:0.410846
2
2
2
Fitting bin 17 (Ek: 1.91049-2.43494 GeV/n)...
[#1] INFO:Minimization -- p.d.f. provides expected number of events, including extended term in likelihood.
[#1] INFO:Fitting -- RooAbsPdf::fitTo(model) fixing normalization set for coefficient determination to observables in data
[#1] INFO:Fitting -- Creation of NLL object took 201.071 μs
[#1] INFO:Fitting -- RooAddition::defaultErrorLevel(nll_model_data) Summation contains a RooNLLVar, using its error level
[#1] INFO:Minimization -- RooAbsMinimizerFcn::setOptimizeConst: activating const optimization
[#1] INFO:Fitting -- RooAbsPdf::fitTo(model) Calculating sum-of-weights-squared correction matrix for covariance matrix
[#1] INFO:Minimization -- RooAbsMinimizerFcn::setOptimizeConst: deactivating const optimization
Total chi2/ndf: 1.38425
  Fit Result: Chi2/NDF = 47.0645/34 = 1.38425, Status = 0
[#1] INFO:Plotting -- RooAbsPdf::plotOn(model) directly selected PDF components: (pdf7)
[#1] INFO:Plotting -- RooAbsPdf::plotOn(model) indirectly selected PDF components: ()
[#1] INFO:Plotting -- RooAbsPdf::plotOn(model) directly selected PDF components: (pdf9)
[#1] INFO:Plotting -- RooAbsPdf::plotOn(model) indirectly selected PDF components: ()
[#1] INFO:Plotting -- RooAbsPdf::plotOn(model) directly selected PDF components: (pdf10)
[#1] INFO:Plotting -- RooAbsPdf::plotOn(model) indirectly selected PDF components: ()
1/mass: 0.0525 pull:0.694079
1/mass: 0.0575 pull:1.05556
1/mass: 0.0625 pull:0.745581
1/mass: 0.0675 pull:1.92718
1/mass: 0.0725 pull:-0.634296
1/mass: 0.0775 pull:0.876364
1/mass: 0.0825 pull:1.21808
1/mass: 0.0875 pull:-0.300582
1/mass: 0.0925 pull:1.3813
1/mass: 0.0975 pull:0.191148
1/mass: 0.1025 pull:-2.03957
1/mass: 0.1075 pull:-0.925126
1/mass: 0.1125 pull:-0.802008
1/mass: 0.1175 pull:0.908946
1/mass: 0.1225 pull:-0.12454
1/mass: 0.1275 pull:0.980162
1/mass: 0.1325 pull:0.870573
1/mass: 0.1375 pull:-0.814903
1/mass: 0.1425 pull:-1.60314
1/mass: 0.1475 pull:-1.69808
1/mass: 0.1525 pull:0.199584
1/mass: 0.1575 pull:1.29132
1/mass: 0.1625 pull:1.24046
1/mass: 0.1675 pull:0.408946
1/mass: 0.1725 pull:-3.19152
1/mass: 0.1775 pull:1.41476
1/mass: 0.1825 pull:0.194322
1/mass: 0.1875 pull:1.62092
1/mass: 0.1925 pull:-0.992909
1/mass: 0.1975 pull:0.268995
1/mass: 0.2025 pull:0.246485
1/mass: 0.2075 pull:-1.03251
1/mass: 0.2125 pull:-0.133371
1/mass: 0.2175 pull:-0.432905
1/mass: 0.2225 pull:0.899801
1/mass: 0.2275 pull:0.840944
2
2
2
Fitting bin 19 (Ek: 2.43494-3.05875 GeV/n)...
[#1] INFO:Minimization -- p.d.f. provides expected number of events, including extended term in likelihood.
[#1] INFO:Fitting -- RooAbsPdf::fitTo(model) fixing normalization set for coefficient determination to observables in data
[#1] INFO:Fitting -- Creation of NLL object took 170.33 μs
[#1] INFO:Fitting -- RooAddition::defaultErrorLevel(nll_model_data) Summation contains a RooNLLVar, using its error level
[#1] INFO:Minimization -- RooAbsMinimizerFcn::setOptimizeConst: activating const optimization
[#1] INFO:Fitting -- RooAbsPdf::fitTo(model) Calculating sum-of-weights-squared correction matrix for covariance matrix
[#1] INFO:Minimization -- RooAbsMinimizerFcn::setOptimizeConst: deactivating const optimization
Total chi2/ndf: 1.31773
  Fit Result: Chi2/NDF = 43.4852/34 = 1.27898, Status = 0
[#1] INFO:Plotting -- RooAbsPdf::plotOn(model) directly selected PDF components: (pdf7)
[#1] INFO:Plotting -- RooAbsPdf::plotOn(model) indirectly selected PDF components: ()
[#1] INFO:Plotting -- RooAbsPdf::plotOn(model) directly selected PDF components: (pdf9)
[#1] INFO:Plotting -- RooAbsPdf::plotOn(model) indirectly selected PDF components: ()
[#1] INFO:Plotting -- RooAbsPdf::plotOn(model) directly selected PDF components: (pdf10)
[#1] INFO:Plotting -- RooAbsPdf::plotOn(model) indirectly selected PDF components: ()
1/mass: 0.0575 pull:0.437852
1/mass: 0.0625 pull:1.01481
1/mass: 0.0675 pull:0.818224
1/mass: 0.0725 pull:-1.68388
1/mass: 0.0775 pull:0.0295721
1/mass: 0.0825 pull:0.654375
1/mass: 0.0875 pull:1.29427
1/mass: 0.0925 pull:0.705422
1/mass: 0.0975 pull:-0.412163
1/mass: 0.1025 pull:0.330289
1/mass: 0.1075 pull:-3.18486
1/mass: 0.1125 pull:-0.19548
1/mass: 0.1175 pull:1.5573
1/mass: 0.1225 pull:0.477567
1/mass: 0.1275 pull:-0.784421
1/mass: 0.1325 pull:-0.329422
1/mass: 0.1375 pull:0.484237
1/mass: 0.1425 pull:1.02
1/mass: 0.1475 pull:1.52668
1/mass: 0.1525 pull:0.291469
1/mass: 0.1575 pull:0.572623
1/mass: 0.1625 pull:-1.86128
1/mass: 0.1675 pull:0.83623
1/mass: 0.1725 pull:-2.55657
1/mass: 0.1775 pull:-1.53799
1/mass: 0.1825 pull:-0.791593
1/mass: 0.1875 pull:-0.472589
1/mass: 0.1925 pull:-0.434096
1/mass: 0.1975 pull:0.268347
1/mass: 0.2025 pull:0.345646
1/mass: 0.2075 pull:1.5642
1/mass: 0.2125 pull:-0.727187
1/mass: 0.2175 pull:0.831587
1/mass: 0.2225 pull:0.0686847
1/mass: 0.2275 pull:-0.577915
2
2
2
Fitting bin 21 (Ek: 3.05875-3.79127 GeV/n)...
[#1] INFO:Minimization -- p.d.f. provides expected number of events, including extended term in likelihood.
[#1] INFO:Fitting -- RooAbsPdf::fitTo(model) fixing normalization set for coefficient determination to observables in data
[#1] INFO:Fitting -- Creation of NLL object took 178.78 μs
[#1] INFO:Fitting -- RooAddition::defaultErrorLevel(nll_model_data) Summation contains a RooNLLVar, using its error level
[#1] INFO:Minimization -- RooAbsMinimizerFcn::setOptimizeConst: activating const optimization
[#1] INFO:Fitting -- RooAbsPdf::fitTo(model) Calculating sum-of-weights-squared correction matrix for covariance matrix
[#1] INFO:Minimization -- RooAbsMinimizerFcn::setOptimizeConst: deactivating const optimization
Total chi2/ndf: 1.05961
  Fit Result: Chi2/NDF = 32.8479/34 = 0.966113, Status = 0
[#1] INFO:Plotting -- RooAbsPdf::plotOn(model) directly selected PDF components: (pdf7)
[#1] INFO:Plotting -- RooAbsPdf::plotOn(model) indirectly selected PDF components: ()
[#1] INFO:Plotting -- RooAbsPdf::plotOn(model) directly selected PDF components: (pdf9)
[#1] INFO:Plotting -- RooAbsPdf::plotOn(model) indirectly selected PDF components: ()
[#1] INFO:Plotting -- RooAbsPdf::plotOn(model) directly selected PDF components: (pdf10)
[#1] INFO:Plotting -- RooAbsPdf::plotOn(model) indirectly selected PDF components: ()
1/mass: 0.0575 pull:1.26192
1/mass: 0.0625 pull:0.375714
1/mass: 0.0675 pull:0.774096
1/mass: 0.0725 pull:-0.126851
1/mass: 0.0775 pull:0.891339
1/mass: 0.0825 pull:1.77507
1/mass: 0.0875 pull:0.166428
1/mass: 0.0925 pull:-0.313574
1/mass: 0.0975 pull:-1.69569
1/mass: 0.1025 pull:0.121612
1/mass: 0.1075 pull:-0.0110224
1/mass: 0.1125 pull:-0.277025
1/mass: 0.1175 pull:-0.328672
1/mass: 0.1225 pull:2.07034
1/mass: 0.1275 pull:-1.37052
1/mass: 0.1325 pull:-1.5688
1/mass: 0.1375 pull:1.18024
1/mass: 0.1425 pull:0.100735
1/mass: 0.1475 pull:0.391113
1/mass: 0.1525 pull:-0.8341
1/mass: 0.1575 pull:0.0608794
1/mass: 0.1625 pull:-0.435366
1/mass: 0.1675 pull:-0.997449
1/mass: 0.1725 pull:-1.28246
1/mass: 0.1775 pull:1.78798
1/mass: 0.1825 pull:0.167803
1/mass: 0.1875 pull:1.21141
1/mass: 0.1925 pull:0.822008
1/mass: 0.1975 pull:1.65463
1/mass: 0.2025 pull:0.142682
1/mass: 0.2075 pull:0.143143
1/mass: 0.2125 pull:0.238013
1/mass: 0.2175 pull:-1.19939
2
2
2
Fitting bin 23 (Ek: 3.79127-4.64682 GeV/n)...
[#1] INFO:Minimization -- p.d.f. provides expected number of events, including extended term in likelihood.
[#1] INFO:Fitting -- RooAbsPdf::fitTo(model) fixing normalization set for coefficient determination to observables in data
[#1] INFO:Fitting -- Creation of NLL object took 157.38 μs
[#1] INFO:Fitting -- RooAddition::defaultErrorLevel(nll_model_data) Summation contains a RooNLLVar, using its error level
[#1] INFO:Minimization -- RooAbsMinimizerFcn::setOptimizeConst: activating const optimization
[#1] INFO:Fitting -- RooAbsPdf::fitTo(model) Calculating sum-of-weights-squared correction matrix for covariance matrix
[#1] INFO:Minimization -- RooAbsMinimizerFcn::setOptimizeConst: deactivating const optimization
Total chi2/ndf: 1.31994
  Fit Result: Chi2/NDF = 42.2381/34 = 1.2423, Status = 0
[#1] INFO:Plotting -- RooAbsPdf::plotOn(model) directly selected PDF components: (pdf7)
[#1] INFO:Plotting -- RooAbsPdf::plotOn(model) indirectly selected PDF components: ()
[#1] INFO:Plotting -- RooAbsPdf::plotOn(model) directly selected PDF components: (pdf9)
[#1] INFO:Plotting -- RooAbsPdf::plotOn(model) indirectly selected PDF components: ()
[#1] INFO:Plotting -- RooAbsPdf::plotOn(model) directly selected PDF components: (pdf10)
[#1] INFO:Plotting -- RooAbsPdf::plotOn(model) indirectly selected PDF components: ()
1/mass: 0.0575 pull:0.262239
1/mass: 0.0675 pull:0.451043
1/mass: 0.0725 pull:1.69051
1/mass: 0.0775 pull:2.16242
1/mass: 0.0825 pull:0.112709
1/mass: 0.0875 pull:0.689409
1/mass: 0.0925 pull:2.01073
1/mass: 0.0975 pull:-0.440349
1/mass: 0.1025 pull:-1.83537
1/mass: 0.1075 pull:-1.02956
1/mass: 0.1125 pull:-2.58672
1/mass: 0.1175 pull:0.719715
1/mass: 0.1225 pull:1.42938
1/mass: 0.1275 pull:0.260561
1/mass: 0.1325 pull:-0.30793
1/mass: 0.1375 pull:1.04086
1/mass: 0.1425 pull:0.257072
1/mass: 0.1475 pull:0.338706
1/mass: 0.1525 pull:0.120278
1/mass: 0.1575 pull:-1.763
1/mass: 0.1625 pull:0.139065
1/mass: 0.1675 pull:-0.181546
1/mass: 0.1725 pull:0.00905493
1/mass: 0.1775 pull:-1.8319
1/mass: 0.1825 pull:0.358515
1/mass: 0.1875 pull:-1.01321
1/mass: 0.1925 pull:0.267982
1/mass: 0.1975 pull:1.24544
1/mass: 0.2025 pull:-0.0266155
1/mass: 0.2075 pull:0.388535
1/mass: 0.2125 pull:0.978096
1/mass: 0.2175 pull:1.12309
1/mass: 0.2225 pull:1.70168
1/mass: 0.2275 pull:-0.15811
2
2
2
Fitting bin 25 (Ek: 4.64682-5.63491 GeV/n)...
[#1] INFO:Minimization -- p.d.f. provides expected number of events, including extended term in likelihood.
[#1] INFO:Fitting -- RooAbsPdf::fitTo(model) fixing normalization set for coefficient determination to observables in data
[#1] INFO:Fitting -- Creation of NLL object took 161.531 μs
[#1] INFO:Fitting -- RooAddition::defaultErrorLevel(nll_model_data) Summation contains a RooNLLVar, using its error level
[#1] INFO:Minimization -- RooAbsMinimizerFcn::setOptimizeConst: activating const optimization
[#1] INFO:Fitting -- RooAbsPdf::fitTo(model) Calculating sum-of-weights-squared correction matrix for covariance matrix
[#1] INFO:Minimization -- RooAbsMinimizerFcn::setOptimizeConst: deactivating const optimization
Total chi2/ndf: 1.51778
  Fit Result: Chi2/NDF = 48.5688/34 = 1.4285, Status = 0
[#1] INFO:Plotting -- RooAbsPdf::plotOn(model) directly selected PDF components: (pdf7)
[#1] INFO:Plotting -- RooAbsPdf::plotOn(model) indirectly selected PDF components: ()
[#1] INFO:Plotting -- RooAbsPdf::plotOn(model) directly selected PDF components: (pdf9)
[#1] INFO:Plotting -- RooAbsPdf::plotOn(model) indirectly selected PDF components: ()
[#1] INFO:Plotting -- RooAbsPdf::plotOn(model) directly selected PDF components: (pdf10)
[#1] INFO:Plotting -- RooAbsPdf::plotOn(model) indirectly selected PDF components: ()
1/mass: 0.0625 pull:1.16769
1/mass: 0.0675 pull:1.02898
1/mass: 0.0725 pull:1.34745
1/mass: 0.0775 pull:0.577752
1/mass: 0.0825 pull:-0.43031
1/mass: 0.0875 pull:2.03621
1/mass: 0.0925 pull:1.20772
1/mass: 0.0975 pull:-1.09113
1/mass: 0.1025 pull:-1.76899
1/mass: 0.1075 pull:-1.97954
1/mass: 0.1125 pull:0.0669798
1/mass: 0.1175 pull:0.994107
1/mass: 0.1225 pull:0.48321
1/mass: 0.1275 pull:-1.79366
1/mass: 0.1325 pull:1.82535
1/mass: 0.1375 pull:0.750978
1/mass: 0.1425 pull:-0.83009
1/mass: 0.1475 pull:-0.342834
1/mass: 0.1525 pull:-0.573825
1/mass: 0.1575 pull:-0.376419
1/mass: 0.1625 pull:-1.21852
1/mass: 0.1675 pull:0.787383
1/mass: 0.1725 pull:0.318452
1/mass: 0.1775 pull:-2.03083
1/mass: 0.1825 pull:-0.0481948
1/mass: 0.1875 pull:1.95206
1/mass: 0.1925 pull:-0.159318
1/mass: 0.1975 pull:-1.53513
1/mass: 0.2025 pull:1.89573
1/mass: 0.2075 pull:0.589527
1/mass: 0.2125 pull:0.640656
1/mass: 0.2175 pull:0.935899
1/mass: 0.2225 pull:1.51744
1/mass: 0.2275 pull:0.544305

--- Processing Detector: AGL ---
2
2
2
Fitting bin 19 (Ek: 2.43494-3.05875 GeV/n)...
[#1] INFO:Minimization -- p.d.f. provides expected number of events, including extended term in likelihood.
[#1] INFO:Fitting -- RooAbsPdf::fitTo(model) fixing normalization set for coefficient determination to observables in data
[#1] INFO:Fitting -- Creation of NLL object took 217.31 μs
[#1] INFO:Fitting -- RooAddition::defaultErrorLevel(nll_model_data) Summation contains a RooNLLVar, using its error level
[#1] INFO:Minimization -- RooAbsMinimizerFcn::setOptimizeConst: activating const optimization
[#1] INFO:Fitting -- RooAbsPdf::fitTo(model) Calculating sum-of-weights-squared correction matrix for covariance matrix
[#1] INFO:Minimization -- RooAbsMinimizerFcn::setOptimizeConst: deactivating const optimization
Total chi2/ndf: 2.69093
  Fit Result: Chi2/NDF = 88.8006/34 = 2.61178, Status = 0
[#1] INFO:Plotting -- RooAbsPdf::plotOn(model) directly selected PDF components: (pdf7)
[#1] INFO:Plotting -- RooAbsPdf::plotOn(model) indirectly selected PDF components: ()
[#1] INFO:Plotting -- RooAbsPdf::plotOn(model) directly selected PDF components: (pdf9)
[#1] INFO:Plotting -- RooAbsPdf::plotOn(model) indirectly selected PDF components: ()
[#1] INFO:Plotting -- RooAbsPdf::plotOn(model) directly selected PDF components: (pdf10)
[#1] INFO:Plotting -- RooAbsPdf::plotOn(model) indirectly selected PDF components: ()
1/mass: 0.0575 pull:-0.150576
1/mass: 0.0625 pull:-0.381417
1/mass: 0.0675 pull:-2.29421
1/mass: 0.0725 pull:1.46536
1/mass: 0.0775 pull:0.437083
1/mass: 0.0825 pull:1.85229
1/mass: 0.0875 pull:1.46993
1/mass: 0.0925 pull:1.3938
1/mass: 0.0975 pull:0.507426
1/mass: 0.1025 pull:-3.71602
1/mass: 0.1075 pull:-0.639333
1/mass: 0.1125 pull:0.416706
1/mass: 0.1175 pull:0.554256
1/mass: 0.1225 pull:0.131902
1/mass: 0.1275 pull:-0.0877532
1/mass: 0.1325 pull:-0.277232
1/mass: 0.1375 pull:-0.462671
1/mass: 0.1425 pull:1.80906
1/mass: 0.1475 pull:0.138841
1/mass: 0.1525 pull:-2.9946
1/mass: 0.1575 pull:0.595376
1/mass: 0.1625 pull:-1.85381
1/mass: 0.1675 pull:-0.798901
1/mass: 0.1725 pull:0.012382
1/mass: 0.1775 pull:-0.841875
1/mass: 0.1825 pull:0.40995
1/mass: 0.1875 pull:2.39491
1/mass: 0.1925 pull:2.83235
1/mass: 0.1975 pull:2.61752
1/mass: 0.2025 pull:2.09869
1/mass: 0.2075 pull:0.404273
1/mass: 0.2125 pull:1.51632
1/mass: 0.2175 pull:1.3555
1/mass: 0.2225 pull:2.2137
1/mass: 0.2275 pull:2.53857
2
2
2
Fitting bin 21 (Ek: 3.05875-3.79127 GeV/n)...
[#1] INFO:Minimization -- p.d.f. provides expected number of events, including extended term in likelihood.
[#1] INFO:Fitting -- RooAbsPdf::fitTo(model) fixing normalization set for coefficient determination to observables in data
[#1] INFO:Fitting -- Creation of NLL object took 154.141 μs
[#1] INFO:Fitting -- RooAddition::defaultErrorLevel(nll_model_data) Summation contains a RooNLLVar, using its error level
[#1] INFO:Minimization -- RooAbsMinimizerFcn::setOptimizeConst: activating const optimization
[#1] INFO:Fitting -- RooAbsPdf::fitTo(model) Calculating sum-of-weights-squared correction matrix for covariance matrix
[#1] INFO:Minimization -- RooAbsMinimizerFcn::setOptimizeConst: deactivating const optimization
Total chi2/ndf: 2.25965
  Fit Result: Chi2/NDF = 76.828/34 = 2.25965, Status = 0
[#1] INFO:Plotting -- RooAbsPdf::plotOn(model) directly selected PDF components: (pdf7)
[#1] INFO:Plotting -- RooAbsPdf::plotOn(model) indirectly selected PDF components: ()
[#1] INFO:Plotting -- RooAbsPdf::plotOn(model) directly selected PDF components: (pdf9)
[#1] INFO:Plotting -- RooAbsPdf::plotOn(model) indirectly selected PDF components: ()
[#1] INFO:Plotting -- RooAbsPdf::plotOn(model) directly selected PDF components: (pdf10)
[#1] INFO:Plotting -- RooAbsPdf::plotOn(model) indirectly selected PDF components: ()
1/mass: 0.0525 pull:-0.0152964
1/mass: 0.0575 pull:-0.995838
1/mass: 0.0625 pull:1.0195
1/mass: 0.0675 pull:-1.88081
1/mass: 0.0725 pull:-0.938735
1/mass: 0.0775 pull:2.25897
1/mass: 0.0825 pull:1.70878
1/mass: 0.0875 pull:-1.21492
1/mass: 0.0925 pull:-0.45771
1/mass: 0.0975 pull:-0.230324
1/mass: 0.1025 pull:-0.577449
1/mass: 0.1075 pull:-0.312793
1/mass: 0.1125 pull:1.30948
1/mass: 0.1175 pull:-0.243084
1/mass: 0.1225 pull:0.234788
1/mass: 0.1275 pull:-0.797072
1/mass: 0.1325 pull:0.217324
1/mass: 0.1375 pull:-0.830094
1/mass: 0.1425 pull:-0.340531
1/mass: 0.1475 pull:0.376865
1/mass: 0.1525 pull:2.52139
1/mass: 0.1575 pull:-2.41782
1/mass: 0.1625 pull:-1.44807
1/mass: 0.1675 pull:-2.70123
1/mass: 0.1725 pull:-0.789732
1/mass: 0.1775 pull:2.18631
1/mass: 0.1825 pull:1.75407
1/mass: 0.1875 pull:2.37868
1/mass: 0.1925 pull:0.824584
1/mass: 0.1975 pull:1.53915
1/mass: 0.2025 pull:-1.40384
1/mass: 0.2075 pull:2.46583
1/mass: 0.2125 pull:0.206424
1/mass: 0.2175 pull:0.778391
1/mass: 0.2225 pull:2.19773
1/mass: 0.2275 pull:2.10068
2
2
2
Fitting bin 23 (Ek: 3.79127-4.64682 GeV/n)...
[#1] INFO:Minimization -- p.d.f. provides expected number of events, including extended term in likelihood.
[#1] INFO:Fitting -- RooAbsPdf::fitTo(model) fixing normalization set for coefficient determination to observables in data
[#1] INFO:Fitting -- Creation of NLL object took 158.281 μs
[#1] INFO:Fitting -- RooAddition::defaultErrorLevel(nll_model_data) Summation contains a RooNLLVar, using its error level
[#1] INFO:Minimization -- RooAbsMinimizerFcn::setOptimizeConst: activating const optimization
[#1] INFO:Fitting -- RooAbsPdf::fitTo(model) Calculating sum-of-weights-squared correction matrix for covariance matrix
[#1] INFO:Minimization -- RooAbsMinimizerFcn::setOptimizeConst: deactivating const optimization
Total chi2/ndf: 1.95733
  Fit Result: Chi2/NDF = 64.5919/34 = 1.89976, Status = 0
[#1] INFO:Plotting -- RooAbsPdf::plotOn(model) directly selected PDF components: (pdf7)
[#1] INFO:Plotting -- RooAbsPdf::plotOn(model) indirectly selected PDF components: ()
[#1] INFO:Plotting -- RooAbsPdf::plotOn(model) directly selected PDF components: (pdf9)
[#1] INFO:Plotting -- RooAbsPdf::plotOn(model) indirectly selected PDF components: ()
[#1] INFO:Plotting -- RooAbsPdf::plotOn(model) directly selected PDF components: (pdf10)
[#1] INFO:Plotting -- RooAbsPdf::plotOn(model) indirectly selected PDF components: ()
1/mass: 0.0575 pull:1.02381
1/mass: 0.0625 pull:-1.43753
1/mass: 0.0675 pull:1.50448
1/mass: 0.0725 pull:0.0403559
1/mass: 0.0775 pull:1.45566
1/mass: 0.0825 pull:1.19608
1/mass: 0.0875 pull:1.48399
1/mass: 0.0925 pull:0.2078
1/mass: 0.0975 pull:0.762263
1/mass: 0.1025 pull:-2.18991
1/mass: 0.1075 pull:0.415414
1/mass: 0.1125 pull:-0.838701
1/mass: 0.1175 pull:-1.93627
1/mass: 0.1225 pull:1.51295
1/mass: 0.1275 pull:-1.04372
1/mass: 0.1325 pull:2.64266
1/mass: 0.1375 pull:0.997688
1/mass: 0.1425 pull:-2.09029
1/mass: 0.1475 pull:1.11854
1/mass: 0.1525 pull:-0.127061
1/mass: 0.1575 pull:-1.26628
1/mass: 0.1625 pull:-0.231664
1/mass: 0.1675 pull:-2.21713
1/mass: 0.1725 pull:0.692398
1/mass: 0.1775 pull:-0.125293
1/mass: 0.1825 pull:0.00156547
1/mass: 0.1875 pull:1.96987
1/mass: 0.1925 pull:1.93977
1/mass: 0.1975 pull:1.68119
1/mass: 0.2025 pull:-1.00637
1/mass: 0.2075 pull:1.38884
1/mass: 0.2125 pull:0.640997
1/mass: 0.2175 pull:0.836969
1/mass: 0.2225 pull:-2.17227
1/mass: 0.2275 pull:0.334816
2
2
2
Fitting bin 25 (Ek: 4.64682-5.63491 GeV/n)...
[#1] INFO:Minimization -- p.d.f. provides expected number of events, including extended term in likelihood.
[#1] INFO:Fitting -- RooAbsPdf::fitTo(model) fixing normalization set for coefficient determination to observables in data
[#1] INFO:Fitting -- Creation of NLL object took 169.09 μs
[#1] INFO:Fitting -- RooAddition::defaultErrorLevel(nll_model_data) Summation contains a RooNLLVar, using its error level
[#1] INFO:Minimization -- RooAbsMinimizerFcn::setOptimizeConst: activating const optimization
[#1] INFO:Fitting -- RooAbsPdf::fitTo(model) Calculating sum-of-weights-squared correction matrix for covariance matrix
[#1] INFO:Minimization -- RooAbsMinimizerFcn::setOptimizeConst: deactivating const optimization
Total chi2/ndf: 1.52756
  Fit Result: Chi2/NDF = 48.8818/34 = 1.4377, Status = 0
[#1] INFO:Plotting -- RooAbsPdf::plotOn(model) directly selected PDF components: (pdf7)
[#1] INFO:Plotting -- RooAbsPdf::plotOn(model) indirectly selected PDF components: ()
[#1] INFO:Plotting -- RooAbsPdf::plotOn(model) directly selected PDF components: (pdf9)
[#1] INFO:Plotting -- RooAbsPdf::plotOn(model) indirectly selected PDF components: ()
[#1] INFO:Plotting -- RooAbsPdf::plotOn(model) directly selected PDF components: (pdf10)
[#1] INFO:Plotting -- RooAbsPdf::plotOn(model) indirectly selected PDF components: ()
1/mass: 0.0625 pull:1.97232
1/mass: 0.0675 pull:1.7557
1/mass: 0.0725 pull:0.136123
1/mass: 0.0775 pull:0.868772
1/mass: 0.0825 pull:1.88693
1/mass: 0.0875 pull:1.05744
1/mass: 0.0925 pull:0.148002
1/mass: 0.0975 pull:0.96947
1/mass: 0.1025 pull:-2.21982
1/mass: 0.1075 pull:-1.71287
1/mass: 0.1125 pull:0.130494
1/mass: 0.1175 pull:0.384532
1/mass: 0.1225 pull:-0.715839
1/mass: 0.1275 pull:2.42511
1/mass: 0.1325 pull:-0.537654
1/mass: 0.1375 pull:-0.315141
1/mass: 0.1425 pull:-1.21329
1/mass: 0.1475 pull:-2.09513
1/mass: 0.1525 pull:1.97985
1/mass: 0.1575 pull:0.805745
1/mass: 0.1625 pull:-0.999115
1/mass: 0.1675 pull:0.770428
1/mass: 0.1725 pull:0.100653
1/mass: 0.1775 pull:-1.81339
1/mass: 0.1825 pull:-0.196124
1/mass: 0.1875 pull:1.74619
1/mass: 0.1925 pull:0.58371
1/mass: 0.1975 pull:0.0788589
1/mass: 0.2025 pull:0.682738
1/mass: 0.2075 pull:0.542178
1/mass: 0.2125 pull:1.05105
1/mass: 0.2175 pull:-0.197985
1/mass: 0.2225 pull:0.164633
1/mass: 0.2275 pull:0.0219039
2
2
2
Fitting bin 27 (Ek: 5.63491-6.775 GeV/n)...
[#1] INFO:Minimization -- p.d.f. provides expected number of events, including extended term in likelihood.
[#1] INFO:Fitting -- RooAbsPdf::fitTo(model) fixing normalization set for coefficient determination to observables in data
[#1] INFO:Fitting -- Creation of NLL object took 188.19 μs
[#1] INFO:Fitting -- RooAddition::defaultErrorLevel(nll_model_data) Summation contains a RooNLLVar, using its error level
[#1] INFO:Minimization -- RooAbsMinimizerFcn::setOptimizeConst: activating const optimization
[#1] INFO:Fitting -- RooAbsPdf::fitTo(model) Calculating sum-of-weights-squared correction matrix for covariance matrix
[#1] INFO:Minimization -- RooAbsMinimizerFcn::setOptimizeConst: deactivating const optimization
Total chi2/ndf: 1.29438
  Fit Result: Chi2/NDF = 41.4201/34 = 1.21824, Status = 0
[#1] INFO:Plotting -- RooAbsPdf::plotOn(model) directly selected PDF components: (pdf7)
[#1] INFO:Plotting -- RooAbsPdf::plotOn(model) indirectly selected PDF components: ()
[#1] INFO:Plotting -- RooAbsPdf::plotOn(model) directly selected PDF components: (pdf9)
[#1] INFO:Plotting -- RooAbsPdf::plotOn(model) indirectly selected PDF components: ()
[#1] INFO:Plotting -- RooAbsPdf::plotOn(model) directly selected PDF components: (pdf10)
[#1] INFO:Plotting -- RooAbsPdf::plotOn(model) indirectly selected PDF components: ()
1/mass: 0.0525 pull:0.0945456
1/mass: 0.0575 pull:0.269859
1/mass: 0.0675 pull:0.508154
1/mass: 0.0725 pull:0.710454
1/mass: 0.0775 pull:0.837563
1/mass: 0.0825 pull:0.839259
1/mass: 0.0875 pull:2.07104
1/mass: 0.0925 pull:0.0919922
1/mass: 0.0975 pull:1.23093
1/mass: 0.1025 pull:-1.4707
1/mass: 0.1075 pull:-2.58988
1/mass: 0.1125 pull:-0.0658448
1/mass: 0.1175 pull:0.161132
1/mass: 0.1225 pull:0.594775
1/mass: 0.1275 pull:0.938089
1/mass: 0.1325 pull:-0.190361
1/mass: 0.1375 pull:0.235593
1/mass: 0.1425 pull:-1.67225
1/mass: 0.1475 pull:2.29667
1/mass: 0.1525 pull:0.785326
1/mass: 0.1575 pull:-1.26994
1/mass: 0.1625 pull:-0.452934
1/mass: 0.1675 pull:-0.534712
1/mass: 0.1725 pull:-0.907091
1/mass: 0.1775 pull:0.461906
1/mass: 0.1825 pull:-0.271413
1/mass: 0.1875 pull:-0.791891
1/mass: 0.1925 pull:-0.151764
1/mass: 0.1975 pull:1.70262
1/mass: 0.2025 pull:0.347131
1/mass: 0.2075 pull:1.62287
1/mass: 0.2125 pull:0.226399
1/mass: 0.2175 pull:-1.77429
1/mass: 0.2225 pull:1.31388
2
2
2
Fitting bin 29 (Ek: 6.775-8.11658 GeV/n)...
[#1] INFO:Minimization -- p.d.f. provides expected number of events, including extended term in likelihood.
[#1] INFO:Fitting -- RooAbsPdf::fitTo(model) fixing normalization set for coefficient determination to observables in data
[#1] INFO:Fitting -- Creation of NLL object took 170.471 μs
[#1] INFO:Fitting -- RooAddition::defaultErrorLevel(nll_model_data) Summation contains a RooNLLVar, using its error level
[#1] INFO:Minimization -- RooAbsMinimizerFcn::setOptimizeConst: activating const optimization
[#1] INFO:Fitting -- RooAbsPdf::fitTo(model) Calculating sum-of-weights-squared correction matrix for covariance matrix
[#1] INFO:Minimization -- RooAbsMinimizerFcn::setOptimizeConst: deactivating const optimization
Total chi2/ndf: 1.0319
  Fit Result: Chi2/NDF = 35.0848/34 = 1.0319, Status = 0
[#1] INFO:Plotting -- RooAbsPdf::plotOn(model) directly selected PDF components: (pdf7)
[#1] INFO:Plotting -- RooAbsPdf::plotOn(model) indirectly selected PDF components: ()
[#1] INFO:Plotting -- RooAbsPdf::plotOn(model) directly selected PDF components: (pdf9)
[#1] INFO:Plotting -- RooAbsPdf::plotOn(model) indirectly selected PDF components: ()
[#1] INFO:Plotting -- RooAbsPdf::plotOn(model) directly selected PDF components: (pdf10)
[#1] INFO:Plotting -- RooAbsPdf::plotOn(model) indirectly selected PDF components: ()
1/mass: 0.0525 pull:0.616196
1/mass: 0.0575 pull:-0.917875
1/mass: 0.0625 pull:1.71479
1/mass: 0.0675 pull:-0.616916
1/mass: 0.0725 pull:0.94205
1/mass: 0.0775 pull:0.0808728
1/mass: 0.0825 pull:0.409701
1/mass: 0.0875 pull:-0.35303
1/mass: 0.0925 pull:-0.431628
1/mass: 0.0975 pull:0.832967
1/mass: 0.1025 pull:-0.515523
1/mass: 0.1075 pull:-0.679245
1/mass: 0.1125 pull:-0.2099
1/mass: 0.1175 pull:0.963233
1/mass: 0.1225 pull:-0.473513
1/mass: 0.1275 pull:-0.0633385
1/mass: 0.1325 pull:0.403401
1/mass: 0.1375 pull:-1.47268
1/mass: 0.1425 pull:0.670745
1/mass: 0.1475 pull:1.76484
1/mass: 0.1525 pull:-1.17769
1/mass: 0.1575 pull:0.222355
1/mass: 0.1625 pull:-1.73957
1/mass: 0.1675 pull:-1.26353
1/mass: 0.1725 pull:-0.165191
1/mass: 0.1775 pull:0.135705
1/mass: 0.1825 pull:0.513079
1/mass: 0.1875 pull:0.172056
1/mass: 0.1925 pull:1.2793
1/mass: 0.1975 pull:1.38742
1/mass: 0.2025 pull:0.271323
1/mass: 0.2075 pull:1.79841
1/mass: 0.2125 pull:2.1466
1/mass: 0.2175 pull:0.925746
1/mass: 0.2225 pull:-0.1334
1/mass: 0.2275 pull:1.37909
2
2
2
Fitting bin 31 (Ek: 8.11658-9.65954 GeV/n)...
[#1] INFO:Minimization -- p.d.f. provides expected number of events, including extended term in likelihood.
[#1] INFO:Fitting -- RooAbsPdf::fitTo(model) fixing normalization set for coefficient determination to observables in data
[#1] INFO:Fitting -- Creation of NLL object took 152.342 μs
[#1] INFO:Fitting -- RooAddition::defaultErrorLevel(nll_model_data) Summation contains a RooNLLVar, using its error level
[#1] INFO:Minimization -- RooAbsMinimizerFcn::setOptimizeConst: activating const optimization
[#1] INFO:Fitting -- RooAbsPdf::fitTo(model) Calculating sum-of-weights-squared correction matrix for covariance matrix
[#1] INFO:Minimization -- RooAbsMinimizerFcn::setOptimizeConst: deactivating const optimization
Total chi2/ndf: 0.854537
  Fit Result: Chi2/NDF = 29.0542/34 = 0.854537, Status = 0
[#1] INFO:Plotting -- RooAbsPdf::plotOn(model) directly selected PDF components: (pdf7)
[#1] INFO:Plotting -- RooAbsPdf::plotOn(model) indirectly selected PDF components: ()
[#1] INFO:Plotting -- RooAbsPdf::plotOn(model) directly selected PDF components: (pdf9)
[#1] INFO:Plotting -- RooAbsPdf::plotOn(model) indirectly selected PDF components: ()
[#1] INFO:Plotting -- RooAbsPdf::plotOn(model) directly selected PDF components: (pdf10)
[#1] INFO:Plotting -- RooAbsPdf::plotOn(model) indirectly selected PDF components: ()
1/mass: 0.0525 pull:-0.420473
1/mass: 0.0575 pull:0.913013
1/mass: 0.0625 pull:0.681179
1/mass: 0.0675 pull:0.304793
1/mass: 0.0725 pull:0.953377
1/mass: 0.0775 pull:1.33067
1/mass: 0.0825 pull:-1.13074
1/mass: 0.0875 pull:-0.371058
1/mass: 0.0925 pull:-0.826776
1/mass: 0.0975 pull:0.401916
1/mass: 0.1025 pull:0.469376
1/mass: 0.1075 pull:-0.945654
1/mass: 0.1125 pull:0.619295
1/mass: 0.1175 pull:0.394804
1/mass: 0.1225 pull:-1.71674
1/mass: 0.1275 pull:0.977805
1/mass: 0.1325 pull:0.262237
1/mass: 0.1375 pull:-0.0100565
1/mass: 0.1425 pull:-0.0932372
1/mass: 0.1475 pull:0.280238
1/mass: 0.1525 pull:-1.39787
1/mass: 0.1575 pull:-1.01065
1/mass: 0.1625 pull:0.0693378
1/mass: 0.1675 pull:-0.863617
1/mass: 0.1725 pull:0.492134
1/mass: 0.1775 pull:0.0458827
1/mass: 0.1825 pull:0.0802604
1/mass: 0.1875 pull:1.8322
1/mass: 0.1925 pull:0.0892092
1/mass: 0.1975 pull:2.1432
1/mass: 0.2025 pull:0.688167
1/mass: 0.2075 pull:1.39085
1/mass: 0.2125 pull:0.923605
1/mass: 0.2175 pull:1.00178
1/mass: 0.2225 pull:-0.493996
1/mass: 0.2275 pull:-0.623594
2
2
2
Fitting bin 33 (Ek: 9.65954-11.4536 GeV/n)...
[#1] INFO:Minimization -- p.d.f. provides expected number of events, including extended term in likelihood.
[#1] INFO:Fitting -- RooAbsPdf::fitTo(model) fixing normalization set for coefficient determination to observables in data
[#1] INFO:Fitting -- Creation of NLL object took 166.781 μs
[#1] INFO:Fitting -- RooAddition::defaultErrorLevel(nll_model_data) Summation contains a RooNLLVar, using its error level
[#1] INFO:Minimization -- RooAbsMinimizerFcn::setOptimizeConst: activating const optimization
[#1] INFO:Fitting -- RooAbsPdf::fitTo(model) Calculating sum-of-weights-squared correction matrix for covariance matrix
[#1] INFO:Minimization -- RooAbsMinimizerFcn::setOptimizeConst: deactivating const optimization
Total chi2/ndf: 1.17575
  Fit Result: Chi2/NDF = 38.7997/34 = 1.14117, Status = 0
[#1] INFO:Plotting -- RooAbsPdf::plotOn(model) directly selected PDF components: (pdf7)
[#1] INFO:Plotting -- RooAbsPdf::plotOn(model) indirectly selected PDF components: ()
[#1] INFO:Plotting -- RooAbsPdf::plotOn(model) directly selected PDF components: (pdf9)
[#1] INFO:Plotting -- RooAbsPdf::plotOn(model) indirectly selected PDF components: ()
[#1] INFO:Plotting -- RooAbsPdf::plotOn(model) directly selected PDF components: (pdf10)
[#1] INFO:Plotting -- RooAbsPdf::plotOn(model) indirectly selected PDF components: ()
1/mass: 0.0525 pull:0.736186
1/mass: 0.0625 pull:-0.23009
1/mass: 0.0675 pull:0.136662
1/mass: 0.0725 pull:-1.16087
1/mass: 0.0775 pull:-0.0327506
1/mass: 0.0825 pull:1.40346
1/mass: 0.0875 pull:-1.22963
1/mass: 0.0925 pull:-0.318235
1/mass: 0.0975 pull:1.16532
1/mass: 0.1025 pull:-0.48746
1/mass: 0.1075 pull:-0.601901
1/mass: 0.1125 pull:-0.259697
1/mass: 0.1175 pull:1.86635
1/mass: 0.1225 pull:-2.08843
1/mass: 0.1275 pull:1.09226
1/mass: 0.1325 pull:0.666109
1/mass: 0.1375 pull:-1.642
1/mass: 0.1425 pull:-0.0692012
1/mass: 0.1475 pull:0.009231
1/mass: 0.1525 pull:-0.477287
1/mass: 0.1575 pull:-0.64194
1/mass: 0.1625 pull:-0.493703
1/mass: 0.1675 pull:-0.613393
1/mass: 0.1725 pull:0.416536
1/mass: 0.1775 pull:0.435528
1/mass: 0.1825 pull:-0.871443
1/mass: 0.1875 pull:-0.517315
1/mass: 0.1925 pull:2.21006
1/mass: 0.1975 pull:1.72774
1/mass: 0.2025 pull:1.04958
1/mass: 0.2075 pull:1.40577
1/mass: 0.2125 pull:0.763281
1/mass: 0.2175 pull:1.10106
1/mass: 0.2225 pull:-0.515437
1/mass: 0.2275 pull:1.84082
2
2
2
Fitting bin 35 (Ek: 11.4536-13.4986 GeV/n)...
[#1] INFO:Minimization -- p.d.f. provides expected number of events, including extended term in likelihood.
[#1] INFO:Fitting -- RooAbsPdf::fitTo(model) fixing normalization set for coefficient determination to observables in data
[#1] INFO:Fitting -- Creation of NLL object took 155.32 μs
[#1] INFO:Fitting -- RooAddition::defaultErrorLevel(nll_model_data) Summation contains a RooNLLVar, using its error level
[#1] INFO:Minimization -- RooAbsMinimizerFcn::setOptimizeConst: activating const optimization
[#1] INFO:Fitting -- RooAbsPdf::fitTo(model) Calculating sum-of-weights-squared correction matrix for covariance matrix
[#1] INFO:Minimization -- RooAbsMinimizerFcn::setOptimizeConst: deactivating const optimization
Total chi2/ndf: 1.00308
  Fit Result: Chi2/NDF = 34.1047/34 = 1.00308, Status = 0
[#1] INFO:Plotting -- RooAbsPdf::plotOn(model) directly selected PDF components: (pdf7)
[#1] INFO:Plotting -- RooAbsPdf::plotOn(model) indirectly selected PDF components: ()
[#1] INFO:Plotting -- RooAbsPdf::plotOn(model) directly selected PDF components: (pdf9)
[#1] INFO:Plotting -- RooAbsPdf::plotOn(model) indirectly selected PDF components: ()
[#1] INFO:Plotting -- RooAbsPdf::plotOn(model) directly selected PDF components: (pdf10)
[#1] INFO:Plotting -- RooAbsPdf::plotOn(model) indirectly selected PDF components: ()
1/mass: 0.0525 pull:1.327
1/mass: 0.0575 pull:0.725701
1/mass: 0.0625 pull:-0.838657
1/mass: 0.0675 pull:-0.785003
1/mass: 0.0725 pull:1.4017
1/mass: 0.0775 pull:1.16033
1/mass: 0.0825 pull:0.200275
1/mass: 0.0875 pull:-0.262601
1/mass: 0.0925 pull:0.190814
1/mass: 0.0975 pull:-2.26128
1/mass: 0.1025 pull:-0.698267
1/mass: 0.1075 pull:0.881532
1/mass: 0.1125 pull:-0.846138
1/mass: 0.1175 pull:1.62713
1/mass: 0.1225 pull:0.0149881
1/mass: 0.1275 pull:-0.129616
1/mass: 0.1325 pull:0.0547781
1/mass: 0.1375 pull:-0.249675
1/mass: 0.1425 pull:0.415991
1/mass: 0.1475 pull:-1.3946
1/mass: 0.1525 pull:-1.84206
1/mass: 0.1575 pull:-0.61586
1/mass: 0.1625 pull:-0.906396
1/mass: 0.1675 pull:0.569695
1/mass: 0.1725 pull:0.889277
1/mass: 0.1775 pull:0.0964447
1/mass: 0.1825 pull:0.714976
1/mass: 0.1875 pull:0.42127
1/mass: 0.1925 pull:-0.196238
1/mass: 0.1975 pull:1.90542
1/mass: 0.2025 pull:0.91151
1/mass: 0.2075 pull:-0.236954
1/mass: 0.2125 pull:1.38444
1/mass: 0.2175 pull:0.734194
1/mass: 0.2225 pull:0.547683
1/mass: 0.2275 pull:1.1747
2
2
2
Fitting bin 37 (Ek: 13.4986-15.8444 GeV/n)...
[#1] INFO:Minimization -- p.d.f. provides expected number of events, including extended term in likelihood.
[#1] INFO:Fitting -- RooAbsPdf::fitTo(model) fixing normalization set for coefficient determination to observables in data
[#1] INFO:Fitting -- Creation of NLL object took 174.85 μs
[#1] INFO:Fitting -- RooAddition::defaultErrorLevel(nll_model_data) Summation contains a RooNLLVar, using its error level
[#1] INFO:Minimization -- RooAbsMinimizerFcn::setOptimizeConst: activating const optimization
[#1] INFO:Fitting -- RooAbsPdf::fitTo(model) Calculating sum-of-weights-squared correction matrix for covariance matrix
[#1] INFO:Minimization -- RooAbsMinimizerFcn::setOptimizeConst: deactivating const optimization
Total chi2/ndf: 1.55795
  Fit Result: Chi2/NDF = 52.9702/34 = 1.55795, Status = 0
[#1] INFO:Plotting -- RooAbsPdf::plotOn(model) directly selected PDF components: (pdf7)
[#1] INFO:Plotting -- RooAbsPdf::plotOn(model) indirectly selected PDF components: ()
[#1] INFO:Plotting -- RooAbsPdf::plotOn(model) directly selected PDF components: (pdf9)
[#1] INFO:Plotting -- RooAbsPdf::plotOn(model) indirectly selected PDF components: ()
[#1] INFO:Plotting -- RooAbsPdf::plotOn(model) directly selected PDF components: (pdf10)
[#1] INFO:Plotting -- RooAbsPdf::plotOn(model) indirectly selected PDF components: ()
1/mass: 0.0525 pull:1.63743
1/mass: 0.0575 pull:0.00431744
1/mass: 0.0625 pull:0.760642
1/mass: 0.0675 pull:0.659772
1/mass: 0.0725 pull:1.69243
1/mass: 0.0775 pull:0.576871
1/mass: 0.0825 pull:-1.6392
1/mass: 0.0875 pull:-1.08884
1/mass: 0.0925 pull:-1.37381
1/mass: 0.0975 pull:-0.592121
1/mass: 0.1025 pull:0.0173542
1/mass: 0.1075 pull:-0.7623
1/mass: 0.1125 pull:1.67469
1/mass: 0.1175 pull:-0.491558
1/mass: 0.1225 pull:1.12258
1/mass: 0.1275 pull:0.852535
1/mass: 0.1325 pull:0.0681249
1/mass: 0.1375 pull:-0.260464
1/mass: 0.1425 pull:-2.48282
1/mass: 0.1475 pull:0.817569
1/mass: 0.1525 pull:-1.86277
1/mass: 0.1575 pull:-1.02996
1/mass: 0.1625 pull:-0.190625
1/mass: 0.1675 pull:-0.0662227
1/mass: 0.1725 pull:-2.2898
1/mass: 0.1775 pull:-0.727253
1/mass: 0.1825 pull:1.58615
1/mass: 0.1875 pull:-0.197543
1/mass: 0.1925 pull:1.0525
1/mass: 0.1975 pull:1.65695
1/mass: 0.2025 pull:0.786317
1/mass: 0.2075 pull:2.2402
1/mass: 0.2125 pull:1.16773
1/mass: 0.2175 pull:1.80792
1/mass: 0.2225 pull:0.152941
1/mass: 0.2275 pull:0.635241
2
2
2
Fitting bin 39 (Ek: 15.8444-18.5408 GeV/n)...
[#1] INFO:Minimization -- p.d.f. provides expected number of events, including extended term in likelihood.
[#1] INFO:Fitting -- RooAbsPdf::fitTo(model) fixing normalization set for coefficient determination to observables in data
[#1] INFO:Fitting -- Creation of NLL object took 155.311 μs
[#1] INFO:Fitting -- RooAddition::defaultErrorLevel(nll_model_data) Summation contains a RooNLLVar, using its error level
[#1] INFO:Minimization -- RooAbsMinimizerFcn::setOptimizeConst: activating const optimization
[#1] INFO:Fitting -- RooAbsPdf::fitTo(model) Calculating sum-of-weights-squared correction matrix for covariance matrix
[#1] INFO:Minimization -- RooAbsMinimizerFcn::setOptimizeConst: deactivating const optimization
Total chi2/ndf: 1.58942
  Fit Result: Chi2/NDF = 54.0402/34 = 1.58942, Status = 0
[#1] INFO:Plotting -- RooAbsPdf::plotOn(model) directly selected PDF components: (pdf7)
[#1] INFO:Plotting -- RooAbsPdf::plotOn(model) indirectly selected PDF components: ()
[#1] INFO:Plotting -- RooAbsPdf::plotOn(model) directly selected PDF components: (pdf9)
[#1] INFO:Plotting -- RooAbsPdf::plotOn(model) indirectly selected PDF components: ()
[#1] INFO:Plotting -- RooAbsPdf::plotOn(model) directly selected PDF components: (pdf10)
[#1] INFO:Plotting -- RooAbsPdf::plotOn(model) indirectly selected PDF components: ()
1/mass: 0.0525 pull:1.6248
1/mass: 0.0575 pull:1.72556
1/mass: 0.0625 pull:0.393396
1/mass: 0.0675 pull:-0.27921
1/mass: 0.0725 pull:0.537552
1/mass: 0.0775 pull:-0.684927
1/mass: 0.0825 pull:-3.31358
1/mass: 0.0875 pull:-0.339257
1/mass: 0.0925 pull:0.516081
1/mass: 0.0975 pull:0.70606
1/mass: 0.1025 pull:0.216375
1/mass: 0.1075 pull:-0.817015
1/mass: 0.1125 pull:-1.75215
1/mass: 0.1175 pull:2.33279
1/mass: 0.1225 pull:-0.729572
1/mass: 0.1275 pull:-0.352194
1/mass: 0.1325 pull:1.30058
1/mass: 0.1375 pull:-1.57913
1/mass: 0.1425 pull:1.26767
1/mass: 0.1475 pull:-1.35138
1/mass: 0.1525 pull:0.47543
1/mass: 0.1575 pull:-0.368115
1/mass: 0.1625 pull:-0.965557
1/mass: 0.1675 pull:0.130317
1/mass: 0.1725 pull:-1.99244
1/mass: 0.1775 pull:0.956531
1/mass: 0.1825 pull:-0.697104
1/mass: 0.1875 pull:0.946924
1/mass: 0.1925 pull:-1.68359
1/mass: 0.1975 pull:-0.241494
1/mass: 0.2025 pull:1.08087
1/mass: 0.2075 pull:0.373506
1/mass: 0.2125 pull:-0.081732
1/mass: 0.2175 pull:0.851605
1/mass: 0.2225 pull:1.20298
1/mass: 0.2275 pull:2.02811
2
2
2
Fitting bin 41 (Ek: 18.5408-21.6377 GeV/n)...
[#1] INFO:Minimization -- p.d.f. provides expected number of events, including extended term in likelihood.
[#1] INFO:Fitting -- RooAbsPdf::fitTo(model) fixing normalization set for coefficient determination to observables in data
[#1] INFO:Fitting -- Creation of NLL object took 180.591 μs
[#1] INFO:Fitting -- RooAddition::defaultErrorLevel(nll_model_data) Summation contains a RooNLLVar, using its error level
[#1] INFO:Minimization -- RooAbsMinimizerFcn::setOptimizeConst: activating const optimization
[#1] INFO:Fitting -- RooAbsPdf::fitTo(model) Calculating sum-of-weights-squared correction matrix for covariance matrix
[#1] INFO:Minimization -- RooAbsMinimizerFcn::setOptimizeConst: deactivating const optimization
Total chi2/ndf: 1.91178
  Fit Result: Chi2/NDF = 65.0004/34 = 1.91178, Status = 0
[#1] INFO:Plotting -- RooAbsPdf::plotOn(model) directly selected PDF components: (pdf7)
[#1] INFO:Plotting -- RooAbsPdf::plotOn(model) indirectly selected PDF components: ()
[#1] INFO:Plotting -- RooAbsPdf::plotOn(model) directly selected PDF components: (pdf9)
[#1] INFO:Plotting -- RooAbsPdf::plotOn(model) indirectly selected PDF components: ()
[#1] INFO:Plotting -- RooAbsPdf::plotOn(model) directly selected PDF components: (pdf10)
[#1] INFO:Plotting -- RooAbsPdf::plotOn(model) indirectly selected PDF components: ()
1/mass: 0.0525 pull:-1.44252
1/mass: 0.0575 pull:-3.88353
1/mass: 0.0625 pull:-1.06937
1/mass: 0.0675 pull:-0.772146
1/mass: 0.0725 pull:1.48385
1/mass: 0.0775 pull:-0.902869
1/mass: 0.0825 pull:-1.25142
1/mass: 0.0875 pull:-0.120542
1/mass: 0.0925 pull:0.818779
1/mass: 0.0975 pull:0.567922
1/mass: 0.1025 pull:1.33363
1/mass: 0.1075 pull:0.241197
1/mass: 0.1125 pull:-1.09709
1/mass: 0.1175 pull:-1.6793
1/mass: 0.1225 pull:-0.0654652
1/mass: 0.1275 pull:3.33881
1/mass: 0.1325 pull:0.130005
1/mass: 0.1375 pull:-0.315826
1/mass: 0.1425 pull:-0.253458
1/mass: 0.1475 pull:-1.02513
1/mass: 0.1525 pull:1.43473
1/mass: 0.1575 pull:-0.267712
1/mass: 0.1625 pull:-2.34417
1/mass: 0.1675 pull:-0.716687
1/mass: 0.1725 pull:-1.14268
1/mass: 0.1775 pull:-1.44899
1/mass: 0.1825 pull:-0.643384
1/mass: 0.1875 pull:-0.582816
1/mass: 0.1925 pull:-0.0258701
1/mass: 0.1975 pull:0.129782
1/mass: 0.2025 pull:1.61429
1/mass: 0.2075 pull:2.52076
1/mass: 0.2125 pull:0.596124
1/mass: 0.2175 pull:0.405459
1/mass: 0.2225 pull:0.670651
1/mass: 0.2275 pull:-0.135711

[SUCCESS] Fitting process completed. Results saved to:
/eos/user/z/zixuan/Isotope/MassTempFit/wide_MassTF_Be_UnbiasedL1Inner_H2_UseMass7_FragFromOxygen.pdf
/eos/user/z/zixuan/Isotope/MassTempFit/wide_MassTF_Be_UnbiasedL1Inner_H2_UseMass7_FragFromOxygen.root
====================================================================
Starting SIGNAL Mass Template Fit for: B (UseMass: 10)
Chain: UnbiasedL1Inner
Templates: Pure (H2)
====================================================================
[INFO] Data file loaded: root://eoshome-z.cern.ch//eos/user/z/zixuan/Isotope/Add/B_frag5.root
[INFO] Output ROOT file: /eos/user/z/zixuan/Isotope/MassTempFit/wide_MassTF_B_UnbiasedL1Inner_H2_UseMass10.root

--- Processing Detector: TOF ---
2
2
Fitting bin 5 (Ek: 0.267548-0.406144 GeV/n)...
[#1] INFO:Minimization -- p.d.f. provides expected number of events, including extended term in likelihood.
[#1] INFO:Fitting -- RooAbsPdf::fitTo(model) fixing normalization set for coefficient determination to observables in data
[#1] INFO:Fitting -- Creation of NLL object took 191.131 μs
[#1] INFO:Fitting -- RooAddition::defaultErrorLevel(nll_model_data) Summation contains a RooNLLVar, using its error level
[#1] INFO:Minimization -- RooAbsMinimizerFcn::setOptimizeConst: activating const optimization
[#1] INFO:Fitting -- RooAbsPdf::fitTo(model) Calculating sum-of-weights-squared correction matrix for covariance matrix
[#1] INFO:Minimization -- RooAbsMinimizerFcn::setOptimizeConst: deactivating const optimization
Total chi2/ndf: 7.37366
  Fit Result: Chi2/NDF = 280.199/39 = 7.18459, Status = 0
[#1] INFO:Plotting -- RooAbsPdf::plotOn(model) directly selected PDF components: (pdf10)
[#1] INFO:Plotting -- RooAbsPdf::plotOn(model) indirectly selected PDF components: ()
[#1] INFO:Plotting -- RooAbsPdf::plotOn(model) directly selected PDF components: (pdf11)
[#1] INFO:Plotting -- RooAbsPdf::plotOn(model) indirectly selected PDF components: ()
1/mass: 0.05125 pull:-0.00195171
1/mass: 0.05375 pull:1.06418
1/mass: 0.05625 pull:-0.287622
1/mass: 0.05875 pull:0.669798
1/mass: 0.06125 pull:3.83134
1/mass: 0.06375 pull:3.74048
1/mass: 0.06625 pull:2.73797
1/mass: 0.06875 pull:4.18078
1/mass: 0.07125 pull:3.49955
1/mass: 0.07375 pull:4.01169
1/mass: 0.07625 pull:3.81989
1/mass: 0.07875 pull:2.68539
1/mass: 0.08125 pull:2.78867
1/mass: 0.08375 pull:0.867939
1/mass: 0.08625 pull:-0.816217
1/mass: 0.08875 pull:1.92326
1/mass: 0.09125 pull:0.685394
1/mass: 0.09375 pull:-1.05479
1/mass: 0.09625 pull:-2.88624
1/mass: 0.09875 pull:-0.593493
1/mass: 0.10125 pull:-2.83662
1/mass: 0.10375 pull:-4.594
1/mass: 0.10625 pull:-4.5145
1/mass: 0.10875 pull:-2.70885
1/mass: 0.11125 pull:-2.10467
1/mass: 0.11375 pull:-3.43219
1/mass: 0.11625 pull:0.651053
1/mass: 0.11875 pull:0.0799049
1/mass: 0.12125 pull:1.4836
1/mass: 0.12375 pull:1.81925
1/mass: 0.12625 pull:0.807847
1/mass: 0.12875 pull:1.30332
1/mass: 0.13125 pull:4.65894
1/mass: 0.13375 pull:2.127
1/mass: 0.13625 pull:2.72531
1/mass: 0.13875 pull:1.76329
1/mass: 0.14125 pull:2.47434
1/mass: 0.14375 pull:2.65969
1/mass: 0.14625 pull:3.6796
1/mass: 0.14875 pull:2.5908
2
2
Fitting bin 7 (Ek: 0.406144-0.587609 GeV/n)...
[#1] INFO:Minimization -- p.d.f. provides expected number of events, including extended term in likelihood.
[#1] INFO:Fitting -- RooAbsPdf::fitTo(model) fixing normalization set for coefficient determination to observables in data
[#1] INFO:Fitting -- Creation of NLL object took 149.46 μs
[#1] INFO:Fitting -- RooAddition::defaultErrorLevel(nll_model_data) Summation contains a RooNLLVar, using its error level
[#1] INFO:Minimization -- RooAbsMinimizerFcn::setOptimizeConst: activating const optimization
[#1] INFO:Fitting -- RooAbsPdf::fitTo(model) Calculating sum-of-weights-squared correction matrix for covariance matrix
[#1] INFO:Minimization -- RooAbsMinimizerFcn::setOptimizeConst: deactivating const optimization
Total chi2/ndf: 17.8643
  Fit Result: Chi2/NDF = 678.843/39 = 17.4062, Status = 0
[#1] INFO:Plotting -- RooAbsPdf::plotOn(model) directly selected PDF components: (pdf10)
[#1] INFO:Plotting -- RooAbsPdf::plotOn(model) indirectly selected PDF components: ()
[#1] INFO:Plotting -- RooAbsPdf::plotOn(model) directly selected PDF components: (pdf11)
[#1] INFO:Plotting -- RooAbsPdf::plotOn(model) indirectly selected PDF components: ()
1/mass: 0.05125 pull:0.333691
1/mass: 0.05375 pull:5.24514
1/mass: 0.05625 pull:4.1693
1/mass: 0.05875 pull:6.96767
1/mass: 0.06125 pull:6.53602
1/mass: 0.06375 pull:4.94884
1/mass: 0.06625 pull:6.87971
1/mass: 0.06875 pull:6.95537
1/mass: 0.07125 pull:5.51118
1/mass: 0.07375 pull:5.57713
1/mass: 0.07625 pull:4.89818
1/mass: 0.07875 pull:3.29434
1/mass: 0.08125 pull:5.7431
1/mass: 0.08375 pull:3.22055
1/mass: 0.08625 pull:0.877498
1/mass: 0.08875 pull:-0.502085
1/mass: 0.09125 pull:-0.782883
1/mass: 0.09375 pull:-1.12735
1/mass: 0.09625 pull:-4.28951
1/mass: 0.09875 pull:-5.52933
1/mass: 0.10125 pull:-3.23278
1/mass: 0.10375 pull:-5.8245
1/mass: 0.10625 pull:-5.94621
1/mass: 0.10875 pull:-3.54181
1/mass: 0.11125 pull:-1.71465
1/mass: 0.11375 pull:0.0438954
1/mass: 0.11625 pull:1.62007
1/mass: 0.11875 pull:-0.35733
1/mass: 0.12125 pull:0.517283
1/mass: 0.12375 pull:2.52367
1/mass: 0.12625 pull:3.4336
1/mass: 0.12875 pull:2.36802
1/mass: 0.13125 pull:1.30599
1/mass: 0.13375 pull:4.36527
1/mass: 0.13625 pull:5.10298
1/mass: 0.13875 pull:4.83115
1/mass: 0.14125 pull:2.7895
1/mass: 0.14375 pull:2.29313
1/mass: 0.14625 pull:3.91919
1/mass: 0.14875 pull:3.20426
2
2
Fitting bin 9 (Ek: 0.587609-0.821474 GeV/n)...
[#1] INFO:Minimization -- p.d.f. provides expected number of events, including extended term in likelihood.
[#1] INFO:Fitting -- RooAbsPdf::fitTo(model) fixing normalization set for coefficient determination to observables in data
[#1] INFO:Fitting -- Creation of NLL object took 141.4 μs
[#1] INFO:Fitting -- RooAddition::defaultErrorLevel(nll_model_data) Summation contains a RooNLLVar, using its error level
[#1] INFO:Minimization -- RooAbsMinimizerFcn::setOptimizeConst: activating const optimization
[#1] INFO:Fitting -- RooAbsPdf::fitTo(model) Calculating sum-of-weights-squared correction matrix for covariance matrix
[#1] INFO:Minimization -- RooAbsMinimizerFcn::setOptimizeConst: deactivating const optimization
Total chi2/ndf: 33.2506
  Fit Result: Chi2/NDF = 1263.52/39 = 32.398, Status = 0
[#1] INFO:Plotting -- RooAbsPdf::plotOn(model) directly selected PDF components: (pdf10)
[#1] INFO:Plotting -- RooAbsPdf::plotOn(model) indirectly selected PDF components: ()
[#1] INFO:Plotting -- RooAbsPdf::plotOn(model) directly selected PDF components: (pdf11)
[#1] INFO:Plotting -- RooAbsPdf::plotOn(model) indirectly selected PDF components: ()
1/mass: 0.05125 pull:2.04853
1/mass: 0.05375 pull:4.05137
1/mass: 0.05625 pull:3.78116
1/mass: 0.05875 pull:4.0432
1/mass: 0.06125 pull:6.38394
1/mass: 0.06375 pull:8.0027
1/mass: 0.06625 pull:8.65313
1/mass: 0.07375 pull:9.84605
1/mass: 0.07625 pull:9.40955
1/mass: 0.07875 pull:8.2432
1/mass: 0.08125 pull:6.9782
1/mass: 0.08375 pull:5.44255
1/mass: 0.08625 pull:1.85918
1/mass: 0.08875 pull:-0.580447
1/mass: 0.09125 pull:-1.59922
1/mass: 0.09375 pull:-5.45184
1/mass: 0.09625 pull:-6.48411
1/mass: 0.09875 pull:-7.30957
1/mass: 0.10125 pull:-6.74021
1/mass: 0.10375 pull:-6.8167
1/mass: 0.10625 pull:-6.19621
1/mass: 0.10875 pull:-4.69311
1/mass: 0.11125 pull:-0.665761
1/mass: 0.11375 pull:0.686205
1/mass: 0.11625 pull:0.936055
1/mass: 0.11875 pull:0.129061
1/mass: 0.12125 pull:2.70732
1/mass: 0.12375 pull:3.0909
1/mass: 0.12625 pull:5.68448
1/mass: 0.12875 pull:4.97141
1/mass: 0.13125 pull:3.95352
1/mass: 0.13375 pull:3.98764
1/mass: 0.13625 pull:4.55779
1/mass: 0.13875 pull:2.76912
1/mass: 0.14125 pull:2.87202
1/mass: 0.14375 pull:4.53135
1/mass: 0.14625 pull:0.180614
1/mass: 0.14875 pull:3.31394
2
2
Fitting bin 11 (Ek: 0.821474-1.11303 GeV/n)...
[#1] INFO:Minimization -- p.d.f. provides expected number of events, including extended term in likelihood.
[#1] INFO:Fitting -- RooAbsPdf::fitTo(model) fixing normalization set for coefficient determination to observables in data
[#1] INFO:Fitting -- Creation of NLL object took 139.611 μs
[#1] INFO:Fitting -- RooAddition::defaultErrorLevel(nll_model_data) Summation contains a RooNLLVar, using its error level
[#1] INFO:Minimization -- RooAbsMinimizerFcn::setOptimizeConst: activating const optimization
[#1] INFO:Fitting -- RooAbsPdf::fitTo(model) Calculating sum-of-weights-squared correction matrix for covariance matrix
[#1] INFO:Minimization -- RooAbsMinimizerFcn::setOptimizeConst: deactivating const optimization
Total chi2/ndf: 57.03
  Fit Result: Chi2/NDF = 2167.14/39 = 55.5677, Status = 0
[#1] INFO:Plotting -- RooAbsPdf::plotOn(model) directly selected PDF components: (pdf10)
[#1] INFO:Plotting -- RooAbsPdf::plotOn(model) indirectly selected PDF components: ()
[#1] INFO:Plotting -- RooAbsPdf::plotOn(model) directly selected PDF components: (pdf11)
[#1] INFO:Plotting -- RooAbsPdf::plotOn(model) indirectly selected PDF components: ()
1/mass: 0.05125 pull:5.18126
1/mass: 0.05375 pull:7.45872
1/mass: 0.05625 pull:8.95015
1/mass: 0.05875 pull:7.7786
1/mass: 0.08125 pull:7.23556
1/mass: 0.08375 pull:2.62629
1/mass: 0.08625 pull:2.49556
1/mass: 0.08875 pull:-2.39781
1/mass: 0.09125 pull:-3.63871
1/mass: 0.09375 pull:-7.3355
1/mass: 0.09625 pull:-6.40176
1/mass: 0.09875 pull:-7.57178
1/mass: 0.10125 pull:-9.68517
1/mass: 0.10375 pull:-6.70056
1/mass: 0.10625 pull:-9.04106
1/mass: 0.10875 pull:-4.9153
1/mass: 0.11125 pull:-2.02859
1/mass: 0.11375 pull:0.864924
1/mass: 0.11625 pull:1.57744
1/mass: 0.11875 pull:2.51287
1/mass: 0.12125 pull:3.18936
1/mass: 0.12375 pull:4.13962
1/mass: 0.12625 pull:2.16315
1/mass: 0.12875 pull:6.92444
1/mass: 0.13125 pull:6.05782
1/mass: 0.13375 pull:4.65712
1/mass: 0.13625 pull:5.43744
1/mass: 0.13875 pull:4.50392
1/mass: 0.14125 pull:5.72541
1/mass: 0.14375 pull:3.64737
1/mass: 0.14625 pull:1.1632
1/mass: 0.14875 pull:2.92932
2
2
Fitting bin 13 (Ek: 1.11303-1.4714 GeV/n)...
[#1] INFO:Minimization -- p.d.f. provides expected number of events, including extended term in likelihood.
[#1] INFO:Fitting -- RooAbsPdf::fitTo(model) fixing normalization set for coefficient determination to observables in data
[#1] INFO:Fitting -- Creation of NLL object took 252.341 μs
[#1] INFO:Fitting -- RooAddition::defaultErrorLevel(nll_model_data) Summation contains a RooNLLVar, using its error level
[#1] INFO:Minimization -- RooAbsMinimizerFcn::setOptimizeConst: activating const optimization
[#1] INFO:Fitting -- RooAbsPdf::fitTo(model) Calculating sum-of-weights-squared correction matrix for covariance matrix
[#1] INFO:Minimization -- RooAbsMinimizerFcn::setOptimizeConst: deactivating const optimization
Total chi2/ndf: 82.6423
  Fit Result: Chi2/NDF = 3140.41/39 = 80.5233, Status = 0
[#1] INFO:Plotting -- RooAbsPdf::plotOn(model) directly selected PDF components: (pdf10)
[#1] INFO:Plotting -- RooAbsPdf::plotOn(model) indirectly selected PDF components: ()
[#1] INFO:Plotting -- RooAbsPdf::plotOn(model) directly selected PDF components: (pdf11)
[#1] INFO:Plotting -- RooAbsPdf::plotOn(model) indirectly selected PDF components: ()
1/mass: 0.07875 pull:9.18032
1/mass: 0.08125 pull:4.61543
1/mass: 0.08375 pull:3.77699
1/mass: 0.08625 pull:-1.47724
1/mass: 0.08875 pull:-5.38272
1/mass: 0.09125 pull:-6.11988
1/mass: 0.09375 pull:-8.22644
1/mass: 0.09625 pull:-8.69897
1/mass: 0.09875 pull:-7.95548
1/mass: 0.10125 pull:-7.80747
1/mass: 0.10375 pull:-9.9368
1/mass: 0.10625 pull:-6.9195
1/mass: 0.10875 pull:-4.06765
1/mass: 0.11125 pull:-1.95475
1/mass: 0.11375 pull:-1.35257
1/mass: 0.11625 pull:0.270799
1/mass: 0.11875 pull:2.58688
1/mass: 0.12125 pull:3.61769
1/mass: 0.12375 pull:4.11765
1/mass: 0.12625 pull:3.74188
1/mass: 0.12875 pull:5.02327
1/mass: 0.13125 pull:5.51568
1/mass: 0.13375 pull:4.09454
1/mass: 0.13625 pull:6.51117
1/mass: 0.13875 pull:4.23687
1/mass: 0.14125 pull:3.79225
1/mass: 0.14375 pull:3.37841
1/mass: 0.14625 pull:4.41169
1/mass: 0.14875 pull:2.51622

--- Processing Detector: NaF ---
2
2
Fitting bin 11 (Ek: 0.821474-1.11303 GeV/n)...
[#1] INFO:Minimization -- p.d.f. provides expected number of events, including extended term in likelihood.
[#1] INFO:Fitting -- RooAbsPdf::fitTo(model) fixing normalization set for coefficient determination to observables in data
[#1] INFO:Fitting -- Creation of NLL object took 177.592 μs
[#1] INFO:Fitting -- RooAddition::defaultErrorLevel(nll_model_data) Summation contains a RooNLLVar, using its error level
[#1] INFO:Minimization -- RooAbsMinimizerFcn::setOptimizeConst: activating const optimization
[#1] INFO:Fitting -- RooAbsPdf::fitTo(model) Calculating sum-of-weights-squared correction matrix for covariance matrix
[#1] INFO:Minimization -- RooAbsMinimizerFcn::setOptimizeConst: deactivating const optimization
Total chi2/ndf: 3.43806
  Fit Result: Chi2/NDF = 130.646/39 = 3.3499, Status = 0
[#1] INFO:Plotting -- RooAbsPdf::plotOn(model) directly selected PDF components: (pdf10)
[#1] INFO:Plotting -- RooAbsPdf::plotOn(model) indirectly selected PDF components: ()
[#1] INFO:Plotting -- RooAbsPdf::plotOn(model) directly selected PDF components: (pdf11)
[#1] INFO:Plotting -- RooAbsPdf::plotOn(model) indirectly selected PDF components: ()
1/mass: 0.05125 pull:-0.21231
1/mass: 0.05375 pull:0.166512
1/mass: 0.05625 pull:-0.846864
1/mass: 0.05875 pull:-0.651506
1/mass: 0.06125 pull:2.63502
1/mass: 0.06375 pull:0.118296
1/mass: 0.06625 pull:1.88598
1/mass: 0.06875 pull:1.5147
1/mass: 0.07125 pull:2.50896
1/mass: 0.07375 pull:1.7753
1/mass: 0.07625 pull:0.480402
1/mass: 0.07875 pull:2.18959
1/mass: 0.08125 pull:1.13334
1/mass: 0.08375 pull:2.73812
1/mass: 0.08625 pull:0.113895
1/mass: 0.08875 pull:-0.538653
1/mass: 0.09125 pull:-0.555948
1/mass: 0.09375 pull:0.234384
1/mass: 0.09625 pull:-0.759778
1/mass: 0.09875 pull:1.31884
1/mass: 0.10125 pull:-2.20877
1/mass: 0.10375 pull:-5.36899
1/mass: 0.10625 pull:-2.27173
1/mass: 0.10875 pull:-1.10263
1/mass: 0.11125 pull:-1.90578
1/mass: 0.11375 pull:1.6018
1/mass: 0.11625 pull:1.5177
1/mass: 0.11875 pull:2.49004
1/mass: 0.12125 pull:0.111493
1/mass: 0.12375 pull:1.53437
1/mass: 0.12625 pull:0.21181
1/mass: 0.12875 pull:0.430045
1/mass: 0.13125 pull:-0.460646
1/mass: 0.13375 pull:0.303359
1/mass: 0.13625 pull:2.50028
1/mass: 0.13875 pull:3.63678
1/mass: 0.14125 pull:2.79019
1/mass: 0.14375 pull:0.813971
1/mass: 0.14625 pull:-1.79189
1/mass: 0.14875 pull:-1.25161
2
2
Fitting bin 13 (Ek: 1.11303-1.4714 GeV/n)...
[#1] INFO:Minimization -- p.d.f. provides expected number of events, including extended term in likelihood.
[#1] INFO:Fitting -- RooAbsPdf::fitTo(model) fixing normalization set for coefficient determination to observables in data
[#1] INFO:Fitting -- Creation of NLL object took 159.011 μs
[#1] INFO:Fitting -- RooAddition::defaultErrorLevel(nll_model_data) Summation contains a RooNLLVar, using its error level
[#1] INFO:Minimization -- RooAbsMinimizerFcn::setOptimizeConst: activating const optimization
[#1] INFO:Fitting -- RooAbsPdf::fitTo(model) Calculating sum-of-weights-squared correction matrix for covariance matrix
[#1] INFO:Minimization -- RooAbsMinimizerFcn::setOptimizeConst: deactivating const optimization
Total chi2/ndf: 2.91495
  Fit Result: Chi2/NDF = 110.768/39 = 2.84021, Status = 0
[#1] INFO:Plotting -- RooAbsPdf::plotOn(model) directly selected PDF components: (pdf10)
[#1] INFO:Plotting -- RooAbsPdf::plotOn(model) indirectly selected PDF components: ()
[#1] INFO:Plotting -- RooAbsPdf::plotOn(model) directly selected PDF components: (pdf11)
[#1] INFO:Plotting -- RooAbsPdf::plotOn(model) indirectly selected PDF components: ()
1/mass: 0.05125 pull:0.691933
1/mass: 0.05375 pull:2.03886
1/mass: 0.05625 pull:2.46558
1/mass: 0.05875 pull:0.891895
1/mass: 0.06125 pull:1.69552
1/mass: 0.06375 pull:1.82786
1/mass: 0.06625 pull:3.23623
1/mass: 0.06875 pull:1.16687
1/mass: 0.07125 pull:1.39479
1/mass: 0.07375 pull:0.159346
1/mass: 0.07625 pull:1.09231
1/mass: 0.07875 pull:2.00588
1/mass: 0.08125 pull:-0.551989
1/mass: 0.08375 pull:1.34663
1/mass: 0.08625 pull:0.58061
1/mass: 0.08875 pull:0.743249
1/mass: 0.09125 pull:-1.35404
1/mass: 0.09375 pull:-0.852348
1/mass: 0.09625 pull:-0.850907
1/mass: 0.09875 pull:-1.37563
1/mass: 0.10125 pull:0.410573
1/mass: 0.10375 pull:0.615521
1/mass: 0.10625 pull:-1.49672
1/mass: 0.10875 pull:-1.79186
1/mass: 0.11125 pull:-3.29406
1/mass: 0.11375 pull:-1.0209
1/mass: 0.11625 pull:2.06719
1/mass: 0.11875 pull:-0.322501
1/mass: 0.12125 pull:-1.35345
1/mass: 0.12375 pull:1.14648
1/mass: 0.12625 pull:2.50067
1/mass: 0.12875 pull:1.76846
1/mass: 0.13125 pull:2.33655
1/mass: 0.13375 pull:1.85277
1/mass: 0.13625 pull:3.46153
1/mass: 0.13875 pull:2.14588
1/mass: 0.14125 pull:1.19984
1/mass: 0.14375 pull:0.557029
1/mass: 0.14625 pull:-0.663361
1/mass: 0.14875 pull:-1.83601
2
2
Fitting bin 15 (Ek: 1.4714-1.91049 GeV/n)...
[#1] INFO:Minimization -- p.d.f. provides expected number of events, including extended term in likelihood.
[#1] INFO:Fitting -- RooAbsPdf::fitTo(model) fixing normalization set for coefficient determination to observables in data
[#1] INFO:Fitting -- Creation of NLL object took 147.311 μs
[#1] INFO:Fitting -- RooAddition::defaultErrorLevel(nll_model_data) Summation contains a RooNLLVar, using its error level
[#1] INFO:Minimization -- RooAbsMinimizerFcn::setOptimizeConst: activating const optimization
[#1] INFO:Fitting -- RooAbsPdf::fitTo(model) Calculating sum-of-weights-squared correction matrix for covariance matrix
[#1] INFO:Minimization -- RooAbsMinimizerFcn::setOptimizeConst: deactivating const optimization
Total chi2/ndf: 2.73123
  Fit Result: Chi2/NDF = 103.787/39 = 2.6612, Status = 0
[#1] INFO:Plotting -- RooAbsPdf::plotOn(model) directly selected PDF components: (pdf10)
[#1] INFO:Plotting -- RooAbsPdf::plotOn(model) indirectly selected PDF components: ()
[#1] INFO:Plotting -- RooAbsPdf::plotOn(model) directly selected PDF components: (pdf11)
[#1] INFO:Plotting -- RooAbsPdf::plotOn(model) indirectly selected PDF components: ()
1/mass: 0.05125 pull:0.579902
1/mass: 0.05375 pull:-0.844315
1/mass: 0.05625 pull:-1.18732
1/mass: 0.05875 pull:-1.68975
1/mass: 0.06125 pull:0.849656
1/mass: 0.06375 pull:0.560062
1/mass: 0.06625 pull:2.12187
1/mass: 0.06875 pull:4.62612
1/mass: 0.07125 pull:1.77173
1/mass: 0.07375 pull:0.290025
1/mass: 0.07625 pull:-2.48576
1/mass: 0.07875 pull:1.74426
1/mass: 0.08125 pull:0.955751
1/mass: 0.08375 pull:2.00145
1/mass: 0.08625 pull:0.438912
1/mass: 0.08875 pull:0.358485
1/mass: 0.09125 pull:-1.58854
1/mass: 0.09375 pull:-0.629542
1/mass: 0.09625 pull:0.23583
1/mass: 0.09875 pull:-0.57683
1/mass: 0.10125 pull:0.543443
1/mass: 0.10375 pull:-2.85099
1/mass: 0.10625 pull:-2.27999
1/mass: 0.10875 pull:0.572686
1/mass: 0.11125 pull:-0.276368
1/mass: 0.11375 pull:0.416539
1/mass: 0.11625 pull:1.51232
1/mass: 0.11875 pull:-1.15229
1/mass: 0.12125 pull:-2.64086
1/mass: 0.12375 pull:-0.531566
1/mass: 0.12625 pull:3.3632
1/mass: 0.12875 pull:1.92713
1/mass: 0.13125 pull:1.224
1/mass: 0.13375 pull:0.67215
1/mass: 0.13625 pull:1.92023
1/mass: 0.13875 pull:0.161993
1/mass: 0.14125 pull:1.54244
1/mass: 0.14375 pull:0.631597
1/mass: 0.14625 pull:0.928225
1/mass: 0.14875 pull:1.06827
2
2
Fitting bin 17 (Ek: 1.91049-2.43494 GeV/n)...
[#1] INFO:Minimization -- p.d.f. provides expected number of events, including extended term in likelihood.
[#1] INFO:Fitting -- RooAbsPdf::fitTo(model) fixing normalization set for coefficient determination to observables in data
[#1] INFO:Fitting -- Creation of NLL object took 154.351 μs
[#1] INFO:Fitting -- RooAddition::defaultErrorLevel(nll_model_data) Summation contains a RooNLLVar, using its error level
[#1] INFO:Minimization -- RooAbsMinimizerFcn::setOptimizeConst: activating const optimization
[#1] INFO:Fitting -- RooAbsPdf::fitTo(model) Calculating sum-of-weights-squared correction matrix for covariance matrix
[#1] INFO:Minimization -- RooAbsMinimizerFcn::setOptimizeConst: deactivating const optimization
Total chi2/ndf: 4.27208
  Fit Result: Chi2/NDF = 162.339/39 = 4.16254, Status = 0
[#1] INFO:Plotting -- RooAbsPdf::plotOn(model) directly selected PDF components: (pdf10)
[#1] INFO:Plotting -- RooAbsPdf::plotOn(model) indirectly selected PDF components: ()
[#1] INFO:Plotting -- RooAbsPdf::plotOn(model) directly selected PDF components: (pdf11)
[#1] INFO:Plotting -- RooAbsPdf::plotOn(model) indirectly selected PDF components: ()
1/mass: 0.05125 pull:-1.18085
1/mass: 0.05375 pull:-0.743632
1/mass: 0.05625 pull:-0.283209
1/mass: 0.05875 pull:-1.10791
1/mass: 0.06125 pull:0.266043
1/mass: 0.06375 pull:1.91442
1/mass: 0.06625 pull:0.448648
1/mass: 0.06875 pull:1.37016
1/mass: 0.07125 pull:1.85095
1/mass: 0.07375 pull:4.84236
1/mass: 0.07625 pull:5.13802
1/mass: 0.07875 pull:3.092
1/mass: 0.08125 pull:-1.4775
1/mass: 0.08375 pull:0.581591
1/mass: 0.08625 pull:2.31567
1/mass: 0.08875 pull:1.0771
1/mass: 0.09125 pull:-0.474128
1/mass: 0.09375 pull:-0.945553
1/mass: 0.09625 pull:-0.743698
1/mass: 0.09875 pull:-1.76074
1/mass: 0.10125 pull:-2.81388
1/mass: 0.10375 pull:-0.821583
1/mass: 0.10625 pull:-2.65262
1/mass: 0.10875 pull:-3.37796
1/mass: 0.11125 pull:-0.55538
1/mass: 0.11375 pull:1.27565
1/mass: 0.11625 pull:1.51731
1/mass: 0.11875 pull:0.26871
1/mass: 0.12125 pull:-1.58459
1/mass: 0.12375 pull:2.13657
1/mass: 0.12625 pull:0.525828
1/mass: 0.12875 pull:2.48058
1/mass: 0.13125 pull:1.64847
1/mass: 0.13375 pull:4.27234
1/mass: 0.13625 pull:1.76688
1/mass: 0.13875 pull:1.32519
1/mass: 0.14125 pull:-0.0195272
1/mass: 0.14375 pull:1.58598
1/mass: 0.14625 pull:1.5541
1/mass: 0.14875 pull:0.992169
2
2
Fitting bin 19 (Ek: 2.43494-3.05875 GeV/n)...
[#1] INFO:Minimization -- p.d.f. provides expected number of events, including extended term in likelihood.
[#1] INFO:Fitting -- RooAbsPdf::fitTo(model) fixing normalization set for coefficient determination to observables in data
[#1] INFO:Fitting -- Creation of NLL object took 140.261 μs
[#1] INFO:Fitting -- RooAddition::defaultErrorLevel(nll_model_data) Summation contains a RooNLLVar, using its error level
[#1] INFO:Minimization -- RooAbsMinimizerFcn::setOptimizeConst: activating const optimization
[#1] INFO:Fitting -- RooAbsPdf::fitTo(model) Calculating sum-of-weights-squared correction matrix for covariance matrix
[#1] INFO:Minimization -- RooAbsMinimizerFcn::setOptimizeConst: deactivating const optimization
Total chi2/ndf: 3.50118
  Fit Result: Chi2/NDF = 133.045/39 = 3.41141, Status = 0
[#1] INFO:Plotting -- RooAbsPdf::plotOn(model) directly selected PDF components: (pdf10)
[#1] INFO:Plotting -- RooAbsPdf::plotOn(model) indirectly selected PDF components: ()
[#1] INFO:Plotting -- RooAbsPdf::plotOn(model) directly selected PDF components: (pdf11)
[#1] INFO:Plotting -- RooAbsPdf::plotOn(model) indirectly selected PDF components: ()
1/mass: 0.05125 pull:0.502064
1/mass: 0.05375 pull:2.16979
1/mass: 0.05625 pull:-1.33431
1/mass: 0.05875 pull:-0.942326
1/mass: 0.06125 pull:-0.804696
1/mass: 0.06375 pull:0.698824
1/mass: 0.06625 pull:0.0997933
1/mass: 0.06875 pull:1.62382
1/mass: 0.07125 pull:3.234
1/mass: 0.07375 pull:2.19273
1/mass: 0.07625 pull:1.7975
1/mass: 0.07875 pull:1.79873
1/mass: 0.08125 pull:0.636953
1/mass: 0.08375 pull:2.49203
1/mass: 0.08625 pull:1.99236
1/mass: 0.08875 pull:1.65434
1/mass: 0.09125 pull:-1.36649
1/mass: 0.09375 pull:-1.06976
1/mass: 0.09625 pull:-2.41603
1/mass: 0.09875 pull:1.46286
1/mass: 0.10125 pull:-1.40572
1/mass: 0.10375 pull:-4.4266
1/mass: 0.10625 pull:-1.58598
1/mass: 0.10875 pull:-2.38679
1/mass: 0.11125 pull:0.803492
1/mass: 0.11375 pull:-0.242017
1/mass: 0.11625 pull:-0.172512
1/mass: 0.11875 pull:-0.246525
1/mass: 0.12125 pull:0.104594
1/mass: 0.12375 pull:1.51788
1/mass: 0.12625 pull:2.76269
1/mass: 0.12875 pull:0.597892
1/mass: 0.13125 pull:3.92693
1/mass: 0.13375 pull:3.11494
1/mass: 0.13625 pull:1.64713
1/mass: 0.13875 pull:-0.63359
1/mass: 0.14125 pull:0.547113
1/mass: 0.14375 pull:-0.975358
1/mass: 0.14625 pull:1.93265
1/mass: 0.14875 pull:1.21786
2
2
Fitting bin 21 (Ek: 3.05875-3.79127 GeV/n)...
[#1] INFO:Minimization -- p.d.f. provides expected number of events, including extended term in likelihood.
[#1] INFO:Fitting -- RooAbsPdf::fitTo(model) fixing normalization set for coefficient determination to observables in data
[#1] INFO:Fitting -- Creation of NLL object took 145.061 μs
[#1] INFO:Fitting -- RooAddition::defaultErrorLevel(nll_model_data) Summation contains a RooNLLVar, using its error level
[#1] INFO:Minimization -- RooAbsMinimizerFcn::setOptimizeConst: activating const optimization
[#1] INFO:Fitting -- RooAbsPdf::fitTo(model) Calculating sum-of-weights-squared correction matrix for covariance matrix
[#1] INFO:Minimization -- RooAbsMinimizerFcn::setOptimizeConst: deactivating const optimization
Total chi2/ndf: 3.23926
  Fit Result: Chi2/NDF = 123.092/39 = 3.1562, Status = 0
[#1] INFO:Plotting -- RooAbsPdf::plotOn(model) directly selected PDF components: (pdf10)
[#1] INFO:Plotting -- RooAbsPdf::plotOn(model) indirectly selected PDF components: ()
[#1] INFO:Plotting -- RooAbsPdf::plotOn(model) directly selected PDF components: (pdf11)
[#1] INFO:Plotting -- RooAbsPdf::plotOn(model) indirectly selected PDF components: ()
1/mass: 0.05125 pull:0.251945
1/mass: 0.05375 pull:0.102358
1/mass: 0.05625 pull:-1.07017
1/mass: 0.05875 pull:1.18832
1/mass: 0.06125 pull:-0.242036
1/mass: 0.06375 pull:-0.588549
1/mass: 0.06625 pull:2.66165
1/mass: 0.06875 pull:2.25382
1/mass: 0.07125 pull:3.51881
1/mass: 0.07375 pull:1.43532
1/mass: 0.07625 pull:3.45437
1/mass: 0.07875 pull:3.40048
1/mass: 0.08125 pull:1.85359
1/mass: 0.08375 pull:2.01576
1/mass: 0.08625 pull:0.326918
1/mass: 0.08875 pull:-0.963721
1/mass: 0.09125 pull:-0.315176
1/mass: 0.09375 pull:-0.254411
1/mass: 0.09625 pull:-0.179934
1/mass: 0.09875 pull:-1.61817
1/mass: 0.10125 pull:-3.03774
1/mass: 0.10375 pull:-2.39697
1/mass: 0.10625 pull:-0.676716
1/mass: 0.10875 pull:-1.50094
1/mass: 0.11125 pull:-2.88002
1/mass: 0.11375 pull:0.0453192
1/mass: 0.11625 pull:1.75049
1/mass: 0.11875 pull:-0.146482
1/mass: 0.12125 pull:3.2277
1/mass: 0.12375 pull:-0.121678
1/mass: 0.12625 pull:1.88987
1/mass: 0.12875 pull:2.30426
1/mass: 0.13125 pull:1.00794
1/mass: 0.13375 pull:-0.256374
1/mass: 0.13625 pull:2.15407
1/mass: 0.13875 pull:0.937252
1/mass: 0.14125 pull:1.1705
1/mass: 0.14375 pull:0.539542
1/mass: 0.14625 pull:0.708198
1/mass: 0.14875 pull:-1.20846
2
2
Fitting bin 23 (Ek: 3.79127-4.64682 GeV/n)...
[#1] INFO:Minimization -- p.d.f. provides expected number of events, including extended term in likelihood.
[#1] INFO:Fitting -- RooAbsPdf::fitTo(model) fixing normalization set for coefficient determination to observables in data
[#1] INFO:Fitting -- Creation of NLL object took 139.521 μs
[#1] INFO:Fitting -- RooAddition::defaultErrorLevel(nll_model_data) Summation contains a RooNLLVar, using its error level
[#1] INFO:Minimization -- RooAbsMinimizerFcn::setOptimizeConst: activating const optimization
[#1] INFO:Fitting -- RooAbsPdf::fitTo(model) Calculating sum-of-weights-squared correction matrix for covariance matrix
[#1] INFO:Minimization -- RooAbsMinimizerFcn::setOptimizeConst: deactivating const optimization
Total chi2/ndf: 2.62165
  Fit Result: Chi2/NDF = 99.6227/39 = 2.55443, Status = 0
[#1] INFO:Plotting -- RooAbsPdf::plotOn(model) directly selected PDF components: (pdf10)
[#1] INFO:Plotting -- RooAbsPdf::plotOn(model) indirectly selected PDF components: ()
[#1] INFO:Plotting -- RooAbsPdf::plotOn(model) directly selected PDF components: (pdf11)
[#1] INFO:Plotting -- RooAbsPdf::plotOn(model) indirectly selected PDF components: ()
1/mass: 0.05125 pull:-0.042714
1/mass: 0.05375 pull:0.833479
1/mass: 0.05625 pull:1.66656
1/mass: 0.05875 pull:1.78527
1/mass: 0.06125 pull:-1.85608
1/mass: 0.06375 pull:1.66432
1/mass: 0.06625 pull:3.22321
1/mass: 0.06875 pull:1.16015
1/mass: 0.07125 pull:1.54828
1/mass: 0.07375 pull:2.20337
1/mass: 0.07625 pull:1.45041
1/mass: 0.07875 pull:0.455738
1/mass: 0.08125 pull:0.702725
1/mass: 0.08375 pull:2.55037
1/mass: 0.08625 pull:0.213654
1/mass: 0.08875 pull:2.6586
1/mass: 0.09125 pull:-0.816972
1/mass: 0.09375 pull:-1.3975
1/mass: 0.09625 pull:-2.55402
1/mass: 0.09875 pull:-1.38284
1/mass: 0.10125 pull:-0.535012
1/mass: 0.10375 pull:-0.42667
1/mass: 0.10625 pull:-3.12426
1/mass: 0.10875 pull:0.299569
1/mass: 0.11125 pull:-0.741929
1/mass: 0.11375 pull:-0.485422
1/mass: 0.11625 pull:-1.68305
1/mass: 0.11875 pull:1.0502
1/mass: 0.12125 pull:0.450333
1/mass: 0.12375 pull:1.5969
1/mass: 0.12625 pull:2.633
1/mass: 0.12875 pull:2.4049
1/mass: 0.13125 pull:1.39058
1/mass: 0.13375 pull:0.997976
1/mass: 0.13625 pull:1.61243
1/mass: 0.13875 pull:0.34663
1/mass: 0.14125 pull:-1.13764
1/mass: 0.14375 pull:-0.282406
1/mass: 0.14625 pull:0.0402672
1/mass: 0.14875 pull:-1.65691
2
2
Fitting bin 25 (Ek: 4.64682-5.63491 GeV/n)...
[#1] INFO:Minimization -- p.d.f. provides expected number of events, including extended term in likelihood.
[#1] INFO:Fitting -- RooAbsPdf::fitTo(model) fixing normalization set for coefficient determination to observables in data
[#1] INFO:Fitting -- Creation of NLL object took 162.18 μs
[#1] INFO:Fitting -- RooAddition::defaultErrorLevel(nll_model_data) Summation contains a RooNLLVar, using its error level
[#1] INFO:Minimization -- RooAbsMinimizerFcn::setOptimizeConst: activating const optimization
[#1] INFO:Fitting -- RooAbsPdf::fitTo(model) Calculating sum-of-weights-squared correction matrix for covariance matrix
[#1] INFO:Minimization -- RooAbsMinimizerFcn::setOptimizeConst: deactivating const optimization
Total chi2/ndf: 3.49713
  Fit Result: Chi2/NDF = 132.891/39 = 3.40746, Status = 0
[#1] INFO:Plotting -- RooAbsPdf::plotOn(model) directly selected PDF components: (pdf10)
[#1] INFO:Plotting -- RooAbsPdf::plotOn(model) indirectly selected PDF components: ()
[#1] INFO:Plotting -- RooAbsPdf::plotOn(model) directly selected PDF components: (pdf11)
[#1] INFO:Plotting -- RooAbsPdf::plotOn(model) indirectly selected PDF components: ()
1/mass: 0.05125 pull:1.62183
1/mass: 0.05375 pull:1.81797
1/mass: 0.05625 pull:1.33519
1/mass: 0.05875 pull:0.80455
1/mass: 0.06125 pull:2.73966
1/mass: 0.06375 pull:1.96705
1/mass: 0.06625 pull:0.874342
1/mass: 0.06875 pull:3.96306
1/mass: 0.07125 pull:1.79008
1/mass: 0.07375 pull:2.05073
1/mass: 0.07625 pull:2.2249
1/mass: 0.07875 pull:1.54574
1/mass: 0.08125 pull:1.26669
1/mass: 0.08375 pull:1.9154
1/mass: 0.08625 pull:1.30631
1/mass: 0.08875 pull:-1.13931
1/mass: 0.09125 pull:0.726808
1/mass: 0.09375 pull:-0.412318
1/mass: 0.09625 pull:-1.95847
1/mass: 0.09875 pull:-2.02158
1/mass: 0.10125 pull:-2.66832
1/mass: 0.10375 pull:-0.672981
1/mass: 0.10625 pull:-1.8443
1/mass: 0.10875 pull:-2.11429
1/mass: 0.11125 pull:-0.879322
1/mass: 0.11375 pull:-1.7556
1/mass: 0.11625 pull:1.39875
1/mass: 0.11875 pull:-0.782595
1/mass: 0.12125 pull:2.60682
1/mass: 0.12375 pull:-0.230623
1/mass: 0.12625 pull:-0.149075
1/mass: 0.12875 pull:3.37382
1/mass: 0.13125 pull:2.63244
1/mass: 0.13375 pull:-0.635504
1/mass: 0.13625 pull:0.514237
1/mass: 0.13875 pull:2.71598
1/mass: 0.14125 pull:0.73646
1/mass: 0.14375 pull:-0.435648
1/mass: 0.14625 pull:2.07196
1/mass: 0.14875 pull:2.21597

--- Processing Detector: AGL ---
2
2
Fitting bin 19 (Ek: 2.43494-3.05875 GeV/n)...
[#1] INFO:Minimization -- p.d.f. provides expected number of events, including extended term in likelihood.
[#1] INFO:Fitting -- RooAbsPdf::fitTo(model) fixing normalization set for coefficient determination to observables in data
[#1] INFO:Fitting -- Creation of NLL object took 349.062 μs
[#1] INFO:Fitting -- RooAddition::defaultErrorLevel(nll_model_data) Summation contains a RooNLLVar, using its error level
[#1] INFO:Minimization -- RooAbsMinimizerFcn::setOptimizeConst: activating const optimization
[#1] INFO:Fitting -- RooAbsPdf::fitTo(model) Calculating sum-of-weights-squared correction matrix for covariance matrix
[#1] INFO:Minimization -- RooAbsMinimizerFcn::setOptimizeConst: deactivating const optimization
Total chi2/ndf: 10.0476
  Fit Result: Chi2/NDF = 381.81/39 = 9.78999, Status = 0
[#1] INFO:Plotting -- RooAbsPdf::plotOn(model) directly selected PDF components: (pdf10)
[#1] INFO:Plotting -- RooAbsPdf::plotOn(model) indirectly selected PDF components: ()
[#1] INFO:Plotting -- RooAbsPdf::plotOn(model) directly selected PDF components: (pdf11)
[#1] INFO:Plotting -- RooAbsPdf::plotOn(model) indirectly selected PDF components: ()
1/mass: 0.05125 pull:0.108086
1/mass: 0.05375 pull:-1.47104
1/mass: 0.05625 pull:-0.870399
1/mass: 0.05875 pull:1.60524
1/mass: 0.06125 pull:1.41519
1/mass: 0.06375 pull:-1.63361
1/mass: 0.06625 pull:0.215275
1/mass: 0.06875 pull:2.89368
1/mass: 0.07125 pull:3.35808
1/mass: 0.07375 pull:6.40112
1/mass: 0.07625 pull:6.29366
1/mass: 0.07875 pull:4.18469
1/mass: 0.08125 pull:3.76929
1/mass: 0.08375 pull:5.16902
1/mass: 0.08625 pull:3.36334
1/mass: 0.08875 pull:1.12192
1/mass: 0.09125 pull:0.37747
1/mass: 0.09375 pull:-1.16937
1/mass: 0.09625 pull:-2.8363
1/mass: 0.09875 pull:-2.52487
1/mass: 0.10125 pull:-6.63277
1/mass: 0.10375 pull:-4.03821
1/mass: 0.10625 pull:-3.06065
1/mass: 0.10875 pull:-4.11517
1/mass: 0.11125 pull:-2.0395
1/mass: 0.11375 pull:0.997256
1/mass: 0.11625 pull:2.69235
1/mass: 0.11875 pull:2.87995
1/mass: 0.12125 pull:0.56246
1/mass: 0.12375 pull:3.72453
1/mass: 0.12625 pull:3.40989
1/mass: 0.12875 pull:2.72727
1/mass: 0.13125 pull:2.40559
1/mass: 0.13375 pull:4.39693
1/mass: 0.13625 pull:1.71344
1/mass: 0.13875 pull:1.24975
1/mass: 0.14125 pull:3.30149
1/mass: 0.14375 pull:1.55247
1/mass: 0.14625 pull:0.962503
1/mass: 0.14875 pull:0.036676
2
2
Fitting bin 21 (Ek: 3.05875-3.79127 GeV/n)...
[#1] INFO:Minimization -- p.d.f. provides expected number of events, including extended term in likelihood.
[#1] INFO:Fitting -- RooAbsPdf::fitTo(model) fixing normalization set for coefficient determination to observables in data
[#1] INFO:Fitting -- Creation of NLL object took 153.011 μs
[#1] INFO:Fitting -- RooAddition::defaultErrorLevel(nll_model_data) Summation contains a RooNLLVar, using its error level
[#1] INFO:Minimization -- RooAbsMinimizerFcn::setOptimizeConst: activating const optimization
[#1] INFO:Fitting -- RooAbsPdf::fitTo(model) Calculating sum-of-weights-squared correction matrix for covariance matrix
[#1] INFO:Minimization -- RooAbsMinimizerFcn::setOptimizeConst: deactivating const optimization
Total chi2/ndf: 8.48521
  Fit Result: Chi2/NDF = 322.438/39 = 8.26764, Status = 0
[#1] INFO:Plotting -- RooAbsPdf::plotOn(model) directly selected PDF components: (pdf10)
[#1] INFO:Plotting -- RooAbsPdf::plotOn(model) indirectly selected PDF components: ()
[#1] INFO:Plotting -- RooAbsPdf::plotOn(model) directly selected PDF components: (pdf11)
[#1] INFO:Plotting -- RooAbsPdf::plotOn(model) indirectly selected PDF components: ()
1/mass: 0.05125 pull:-1.35598
1/mass: 0.05375 pull:-0.131758
1/mass: 0.05625 pull:-0.443597
1/mass: 0.05875 pull:0.15446
1/mass: 0.06125 pull:1.29644
1/mass: 0.06375 pull:1.5276
1/mass: 0.06625 pull:-0.10156
1/mass: 0.06875 pull:5.22008
1/mass: 0.07125 pull:5.49148
1/mass: 0.07375 pull:3.02366
1/mass: 0.07625 pull:5.06099
1/mass: 0.07875 pull:3.11545
1/mass: 0.08125 pull:3.84877
1/mass: 0.08375 pull:5.01703
1/mass: 0.08625 pull:4.24708
1/mass: 0.08875 pull:1.10255
1/mass: 0.09125 pull:-0.202597
1/mass: 0.09375 pull:-0.614897
1/mass: 0.09625 pull:-4.84095
1/mass: 0.09875 pull:-4.0221
1/mass: 0.10125 pull:-2.73923
1/mass: 0.10375 pull:-3.52897
1/mass: 0.10625 pull:-3.36109
1/mass: 0.10875 pull:-2.98632
1/mass: 0.11125 pull:-0.460954
1/mass: 0.11375 pull:-1.09537
1/mass: 0.11625 pull:0.556161
1/mass: 0.11875 pull:3.24933
1/mass: 0.12125 pull:2.0978
1/mass: 0.12375 pull:2.37701
1/mass: 0.12625 pull:2.19145
1/mass: 0.12875 pull:4.21811
1/mass: 0.13125 pull:2.88986
1/mass: 0.13375 pull:2.57077
1/mass: 0.13625 pull:1.87839
1/mass: 0.13875 pull:2.05065
1/mass: 0.14125 pull:2.29059
1/mass: 0.14375 pull:0.30486
1/mass: 0.14625 pull:0.629803
1/mass: 0.14875 pull:1.29346
2
2
Fitting bin 23 (Ek: 3.79127-4.64682 GeV/n)...
[#1] INFO:Minimization -- p.d.f. provides expected number of events, including extended term in likelihood.
[#1] INFO:Fitting -- RooAbsPdf::fitTo(model) fixing normalization set for coefficient determination to observables in data
[#1] INFO:Fitting -- Creation of NLL object took 148.762 μs
[#1] INFO:Fitting -- RooAddition::defaultErrorLevel(nll_model_data) Summation contains a RooNLLVar, using its error level
[#1] INFO:Minimization -- RooAbsMinimizerFcn::setOptimizeConst: activating const optimization
[#1] INFO:Fitting -- RooAbsPdf::fitTo(model) Calculating sum-of-weights-squared correction matrix for covariance matrix
[#1] INFO:Minimization -- RooAbsMinimizerFcn::setOptimizeConst: deactivating const optimization
Total chi2/ndf: 7.42149
  Fit Result: Chi2/NDF = 282.017/39 = 7.2312, Status = 0
[#1] INFO:Plotting -- RooAbsPdf::plotOn(model) directly selected PDF components: (pdf10)
[#1] INFO:Plotting -- RooAbsPdf::plotOn(model) indirectly selected PDF components: ()
[#1] INFO:Plotting -- RooAbsPdf::plotOn(model) directly selected PDF components: (pdf11)
[#1] INFO:Plotting -- RooAbsPdf::plotOn(model) indirectly selected PDF components: ()
1/mass: 0.05125 pull:0.666553
1/mass: 0.05375 pull:-2.70264
1/mass: 0.05625 pull:0.297086
1/mass: 0.05875 pull:1.718
1/mass: 0.06125 pull:1.70281
1/mass: 0.06375 pull:2.77066
1/mass: 0.06625 pull:3.62426
1/mass: 0.06875 pull:4.47976
1/mass: 0.07125 pull:3.72289
1/mass: 0.07375 pull:4.83001
1/mass: 0.07625 pull:2.96136
1/mass: 0.07875 pull:3.9101
1/mass: 0.08125 pull:2.07155
1/mass: 0.08375 pull:2.39612
1/mass: 0.08625 pull:1.17325
1/mass: 0.08875 pull:-0.247361
1/mass: 0.09125 pull:0.640279
1/mass: 0.09375 pull:-2.12769
1/mass: 0.09625 pull:-0.035973
1/mass: 0.09875 pull:-1.28805
1/mass: 0.10125 pull:-2.16633
1/mass: 0.10375 pull:-2.736
1/mass: 0.10625 pull:-5.10524
1/mass: 0.10875 pull:-3.64777
1/mass: 0.11125 pull:-3.39353
1/mass: 0.11375 pull:-0.100863
1/mass: 0.11625 pull:1.69182
1/mass: 0.11875 pull:3.03816
1/mass: 0.12125 pull:2.62479
1/mass: 0.12375 pull:2.25873
1/mass: 0.12625 pull:0.991181
1/mass: 0.12875 pull:3.21615
1/mass: 0.13125 pull:3.28435
1/mass: 0.13375 pull:2.61855
1/mass: 0.13625 pull:0.128399
1/mass: 0.13875 pull:2.87616
1/mass: 0.14125 pull:2.71019
1/mass: 0.14375 pull:3.32769
1/mass: 0.14625 pull:1.5011
1/mass: 0.14875 pull:1.74473
2
2
Fitting bin 25 (Ek: 4.64682-5.63491 GeV/n)...
[#1] INFO:Minimization -- p.d.f. provides expected number of events, including extended term in likelihood.
[#1] INFO:Fitting -- RooAbsPdf::fitTo(model) fixing normalization set for coefficient determination to observables in data
[#1] INFO:Fitting -- Creation of NLL object took 142.431 μs
[#1] INFO:Fitting -- RooAddition::defaultErrorLevel(nll_model_data) Summation contains a RooNLLVar, using its error level
[#1] INFO:Minimization -- RooAbsMinimizerFcn::setOptimizeConst: activating const optimization
[#1] INFO:Fitting -- RooAbsPdf::fitTo(model) Calculating sum-of-weights-squared correction matrix for covariance matrix
[#1] INFO:Minimization -- RooAbsMinimizerFcn::setOptimizeConst: deactivating const optimization
Total chi2/ndf: 5.77702
  Fit Result: Chi2/NDF = 219.527/39 = 5.62889, Status = 0
[#1] INFO:Plotting -- RooAbsPdf::plotOn(model) directly selected PDF components: (pdf10)
[#1] INFO:Plotting -- RooAbsPdf::plotOn(model) indirectly selected PDF components: ()
[#1] INFO:Plotting -- RooAbsPdf::plotOn(model) directly selected PDF components: (pdf11)
[#1] INFO:Plotting -- RooAbsPdf::plotOn(model) indirectly selected PDF components: ()
1/mass: 0.05125 pull:-1.0842
1/mass: 0.05375 pull:-2.78601
1/mass: 0.05625 pull:-0.285415
1/mass: 0.05875 pull:-1.20733
1/mass: 0.06125 pull:-0.146419
1/mass: 0.06375 pull:-0.0761358
1/mass: 0.06625 pull:2.32238
1/mass: 0.06875 pull:0.646635
1/mass: 0.07125 pull:1.90793
1/mass: 0.07375 pull:1.3388
1/mass: 0.07625 pull:3.5933
1/mass: 0.07875 pull:6.33548
1/mass: 0.08125 pull:4.03539
1/mass: 0.08375 pull:4.66109
1/mass: 0.08625 pull:1.79421
1/mass: 0.08875 pull:-0.91525
1/mass: 0.09125 pull:-1.48774
1/mass: 0.09375 pull:-1.32836
1/mass: 0.09625 pull:-0.491047
1/mass: 0.09875 pull:-2.96586
1/mass: 0.10125 pull:-2.42684
1/mass: 0.10375 pull:-2.34227
1/mass: 0.10625 pull:-0.951893
1/mass: 0.10875 pull:-3.25532
1/mass: 0.11125 pull:-1.12597
1/mass: 0.11375 pull:-1.57475
1/mass: 0.11625 pull:0.0353729
1/mass: 0.11875 pull:0.808812
1/mass: 0.12125 pull:2.87025
1/mass: 0.12375 pull:2.23338
1/mass: 0.12625 pull:1.2392
1/mass: 0.12875 pull:2.84191
1/mass: 0.13125 pull:4.07119
1/mass: 0.13375 pull:2.96477
1/mass: 0.13625 pull:2.8053
1/mass: 0.13875 pull:1.95244
1/mass: 0.14125 pull:1.1577
1/mass: 0.14375 pull:0.631655
1/mass: 0.14625 pull:-0.485985
1/mass: 0.14875 pull:-0.710127
2
2
Fitting bin 27 (Ek: 5.63491-6.775 GeV/n)...
[#1] INFO:Minimization -- p.d.f. provides expected number of events, including extended term in likelihood.
[#1] INFO:Fitting -- RooAbsPdf::fitTo(model) fixing normalization set for coefficient determination to observables in data
[#1] INFO:Fitting -- Creation of NLL object took 158.531 μs
[#1] INFO:Fitting -- RooAddition::defaultErrorLevel(nll_model_data) Summation contains a RooNLLVar, using its error level
[#1] INFO:Minimization -- RooAbsMinimizerFcn::setOptimizeConst: activating const optimization
[#1] INFO:Fitting -- RooAbsPdf::fitTo(model) Calculating sum-of-weights-squared correction matrix for covariance matrix
[#1] INFO:Minimization -- RooAbsMinimizerFcn::setOptimizeConst: deactivating const optimization
Total chi2/ndf: 4.87389
  Fit Result: Chi2/NDF = 185.208/39 = 4.74892, Status = 0
[#1] INFO:Plotting -- RooAbsPdf::plotOn(model) directly selected PDF components: (pdf10)
[#1] INFO:Plotting -- RooAbsPdf::plotOn(model) indirectly selected PDF components: ()
[#1] INFO:Plotting -- RooAbsPdf::plotOn(model) directly selected PDF components: (pdf11)
[#1] INFO:Plotting -- RooAbsPdf::plotOn(model) indirectly selected PDF components: ()
1/mass: 0.05125 pull:-2.11503
1/mass: 0.05375 pull:1.10965
1/mass: 0.05625 pull:0.42844
1/mass: 0.05875 pull:-0.132822
1/mass: 0.06125 pull:1.38656
1/mass: 0.06375 pull:1.10213
1/mass: 0.06625 pull:2.4885
1/mass: 0.06875 pull:2.21254
1/mass: 0.07125 pull:0.992149
1/mass: 0.07375 pull:5.16667
1/mass: 0.07625 pull:2.58758
1/mass: 0.07875 pull:3.14514
1/mass: 0.08125 pull:1.32196
1/mass: 0.08375 pull:1.81272
1/mass: 0.08625 pull:2.74428
1/mass: 0.08875 pull:0.644597
1/mass: 0.09125 pull:2.24341
1/mass: 0.09375 pull:-0.271688
1/mass: 0.09625 pull:-3.0413
1/mass: 0.09875 pull:-2.2015
1/mass: 0.10125 pull:-2.60971
1/mass: 0.10375 pull:-4.62652
1/mass: 0.10625 pull:-1.73386
1/mass: 0.10875 pull:-2.09607
1/mass: 0.11125 pull:-2.3801
1/mass: 0.11375 pull:-0.669444
1/mass: 0.11625 pull:2.83079
1/mass: 0.11875 pull:1.66414
1/mass: 0.12125 pull:1.88956
1/mass: 0.12375 pull:0.858272
1/mass: 0.12625 pull:1.77584
1/mass: 0.12875 pull:4.18988
1/mass: 0.13125 pull:1.59904
1/mass: 0.13375 pull:0.919574
1/mass: 0.13625 pull:1.55433
1/mass: 0.13875 pull:1.99309
1/mass: 0.14125 pull:0.680308
1/mass: 0.14375 pull:0.772251
1/mass: 0.14625 pull:-0.491638
1/mass: 0.14875 pull:0.0957694
2
2
Fitting bin 29 (Ek: 6.775-8.11658 GeV/n)...
[#1] INFO:Minimization -- p.d.f. provides expected number of events, including extended term in likelihood.
[#1] INFO:Fitting -- RooAbsPdf::fitTo(model) fixing normalization set for coefficient determination to observables in data
[#1] INFO:Fitting -- Creation of NLL object took 142.912 μs
[#1] INFO:Fitting -- RooAddition::defaultErrorLevel(nll_model_data) Summation contains a RooNLLVar, using its error level
[#1] INFO:Minimization -- RooAbsMinimizerFcn::setOptimizeConst: activating const optimization
[#1] INFO:Fitting -- RooAbsPdf::fitTo(model) Calculating sum-of-weights-squared correction matrix for covariance matrix
[#1] INFO:Minimization -- RooAbsMinimizerFcn::setOptimizeConst: deactivating const optimization
Total chi2/ndf: 5.00736
  Fit Result: Chi2/NDF = 190.28/39 = 4.87897, Status = 0
[#1] INFO:Plotting -- RooAbsPdf::plotOn(model) directly selected PDF components: (pdf10)
[#1] INFO:Plotting -- RooAbsPdf::plotOn(model) indirectly selected PDF components: ()
[#1] INFO:Plotting -- RooAbsPdf::plotOn(model) directly selected PDF components: (pdf11)
[#1] INFO:Plotting -- RooAbsPdf::plotOn(model) indirectly selected PDF components: ()
1/mass: 0.05125 pull:1.01723
1/mass: 0.05375 pull:1.56261
1/mass: 0.05625 pull:-1.2235
1/mass: 0.05875 pull:-1.19879
1/mass: 0.06125 pull:0.730989
1/mass: 0.06375 pull:-0.371644
1/mass: 0.06625 pull:3.98062
1/mass: 0.06875 pull:4.78543
1/mass: 0.07125 pull:2.14755
1/mass: 0.07375 pull:0.222928
1/mass: 0.07625 pull:3.93456
1/mass: 0.07875 pull:2.22853
1/mass: 0.08125 pull:2.36045
1/mass: 0.08375 pull:1.38277
1/mass: 0.08625 pull:3.28446
1/mass: 0.08875 pull:-0.474895
1/mass: 0.09125 pull:2.22131
1/mass: 0.09375 pull:-1.18412
1/mass: 0.09625 pull:-2.19627
1/mass: 0.09875 pull:-4.3486
1/mass: 0.10125 pull:-3.19243
1/mass: 0.10375 pull:-2.37053
1/mass: 0.10625 pull:-0.848469
1/mass: 0.10875 pull:-0.000604114
1/mass: 0.11125 pull:-0.833417
1/mass: 0.11375 pull:-0.693299
1/mass: 0.11625 pull:-1.50309
1/mass: 0.11875 pull:-0.0858846
1/mass: 0.12125 pull:0.657534
1/mass: 0.12375 pull:1.66508
1/mass: 0.12625 pull:3.75757
1/mass: 0.12875 pull:1.47143
1/mass: 0.13125 pull:3.43469
1/mass: 0.13375 pull:2.49643
1/mass: 0.13625 pull:0.775041
1/mass: 0.13875 pull:1.24197
1/mass: 0.14125 pull:1.52288
1/mass: 0.14375 pull:2.63758
1/mass: 0.14625 pull:1.28776
1/mass: 0.14875 pull:-0.454176
2
2
Fitting bin 31 (Ek: 8.11658-9.65954 GeV/n)...
[#1] INFO:Minimization -- p.d.f. provides expected number of events, including extended term in likelihood.
[#1] INFO:Fitting -- RooAbsPdf::fitTo(model) fixing normalization set for coefficient determination to observables in data
[#1] INFO:Fitting -- Creation of NLL object took 163.821 μs
[#1] INFO:Fitting -- RooAddition::defaultErrorLevel(nll_model_data) Summation contains a RooNLLVar, using its error level
[#1] INFO:Minimization -- RooAbsMinimizerFcn::setOptimizeConst: activating const optimization
[#1] INFO:Fitting -- RooAbsPdf::fitTo(model) Calculating sum-of-weights-squared correction matrix for covariance matrix
[#1] INFO:Minimization -- RooAbsMinimizerFcn::setOptimizeConst: deactivating const optimization
Total chi2/ndf: 4.86449
  Fit Result: Chi2/NDF = 184.851/39 = 4.73976, Status = 0
[#1] INFO:Plotting -- RooAbsPdf::plotOn(model) directly selected PDF components: (pdf10)
[#1] INFO:Plotting -- RooAbsPdf::plotOn(model) indirectly selected PDF components: ()
[#1] INFO:Plotting -- RooAbsPdf::plotOn(model) directly selected PDF components: (pdf11)
[#1] INFO:Plotting -- RooAbsPdf::plotOn(model) indirectly selected PDF components: ()
1/mass: 0.05125 pull:-0.809616
1/mass: 0.05375 pull:0.12507
1/mass: 0.05625 pull:2.46849
1/mass: 0.05875 pull:0.761313
1/mass: 0.06125 pull:1.83412
1/mass: 0.06375 pull:2.98571
1/mass: 0.06625 pull:2.85538
1/mass: 0.06875 pull:3.00585
1/mass: 0.07125 pull:2.78702
1/mass: 0.07375 pull:2.38625
1/mass: 0.07625 pull:0.45298
1/mass: 0.07875 pull:2.58626
1/mass: 0.08125 pull:1.13174
1/mass: 0.08375 pull:1.1953
1/mass: 0.08625 pull:1.60783
1/mass: 0.08875 pull:0.853686
1/mass: 0.09125 pull:0.267561
1/mass: 0.09375 pull:0.365211
1/mass: 0.09625 pull:-0.692036
1/mass: 0.09875 pull:-1.29376
1/mass: 0.10125 pull:-3.36093
1/mass: 0.10375 pull:-2.68907
1/mass: 0.10625 pull:-3.12815
1/mass: 0.10875 pull:-2.28916
1/mass: 0.11125 pull:-2.78466
1/mass: 0.11375 pull:-2.45433
1/mass: 0.11625 pull:1.49293
1/mass: 0.11875 pull:0.547343
1/mass: 0.12125 pull:0.349672
1/mass: 0.12375 pull:1.92932
1/mass: 0.12625 pull:1.69859
1/mass: 0.12875 pull:2.86828
1/mass: 0.13125 pull:4.39643
1/mass: 0.13375 pull:3.8162
1/mass: 0.13625 pull:3.10126
1/mass: 0.13875 pull:2.08487
1/mass: 0.14125 pull:1.21396
1/mass: 0.14375 pull:1.97208
1/mass: 0.14625 pull:0.672144
1/mass: 0.14875 pull:0.903462
2
2
Fitting bin 33 (Ek: 9.65954-11.4536 GeV/n)...
[#1] INFO:Minimization -- p.d.f. provides expected number of events, including extended term in likelihood.
[#1] INFO:Fitting -- RooAbsPdf::fitTo(model) fixing normalization set for coefficient determination to observables in data
[#1] INFO:Fitting -- Creation of NLL object took 140.821 μs
[#1] INFO:Fitting -- RooAddition::defaultErrorLevel(nll_model_data) Summation contains a RooNLLVar, using its error level
[#1] INFO:Minimization -- RooAbsMinimizerFcn::setOptimizeConst: activating const optimization
[#1] INFO:Fitting -- RooAbsPdf::fitTo(model) Calculating sum-of-weights-squared correction matrix for covariance matrix
[#1] INFO:Minimization -- RooAbsMinimizerFcn::setOptimizeConst: deactivating const optimization
Total chi2/ndf: 3.06756
  Fit Result: Chi2/NDF = 116.567/39 = 2.9889, Status = 0
[#1] INFO:Plotting -- RooAbsPdf::plotOn(model) directly selected PDF components: (pdf10)
[#1] INFO:Plotting -- RooAbsPdf::plotOn(model) indirectly selected PDF components: ()
[#1] INFO:Plotting -- RooAbsPdf::plotOn(model) directly selected PDF components: (pdf11)
[#1] INFO:Plotting -- RooAbsPdf::plotOn(model) indirectly selected PDF components: ()
1/mass: 0.05125 pull:1.33307
1/mass: 0.05375 pull:0.391977
1/mass: 0.05625 pull:-0.522664
1/mass: 0.05875 pull:0.245099
1/mass: 0.06125 pull:0.30325
1/mass: 0.06375 pull:2.69132
1/mass: 0.06625 pull:1.1741
1/mass: 0.06875 pull:-2.07331
1/mass: 0.07125 pull:0.370649
1/mass: 0.07375 pull:2.13141
1/mass: 0.07625 pull:0.776728
1/mass: 0.07875 pull:-0.660263
1/mass: 0.08125 pull:2.5765
1/mass: 0.08375 pull:-0.818802
1/mass: 0.08625 pull:0.593583
1/mass: 0.08875 pull:0.872437
1/mass: 0.09125 pull:-0.411381
1/mass: 0.09375 pull:1.68193
1/mass: 0.09625 pull:2.01378
1/mass: 0.09875 pull:-0.0725006
1/mass: 0.10125 pull:-1.38983
1/mass: 0.10375 pull:-3.75208
1/mass: 0.10625 pull:-2.58944
1/mass: 0.10875 pull:-0.655918
1/mass: 0.11125 pull:-3.52271
1/mass: 0.11375 pull:-0.806897
1/mass: 0.11625 pull:0.263241
1/mass: 0.11875 pull:-0.97001
1/mass: 0.12125 pull:0.838693
1/mass: 0.12375 pull:0.0701195
1/mass: 0.12625 pull:0.537316
1/mass: 0.12875 pull:2.68983
1/mass: 0.13125 pull:2.3494
1/mass: 0.13375 pull:3.39361
1/mass: 0.13625 pull:2.14277
1/mass: 0.13875 pull:0.400783
1/mass: 0.14125 pull:2.39458
1/mass: 0.14375 pull:1.14461
1/mass: 0.14625 pull:1.46701
1/mass: 0.14875 pull:1.9125
2
2
Fitting bin 35 (Ek: 11.4536-13.4986 GeV/n)...
[#1] INFO:Minimization -- p.d.f. provides expected number of events, including extended term in likelihood.
[#1] INFO:Fitting -- RooAbsPdf::fitTo(model) fixing normalization set for coefficient determination to observables in data
[#1] INFO:Fitting -- Creation of NLL object took 141.27 μs
[#1] INFO:Fitting -- RooAddition::defaultErrorLevel(nll_model_data) Summation contains a RooNLLVar, using its error level
[#1] INFO:Minimization -- RooAbsMinimizerFcn::setOptimizeConst: activating const optimization
[#1] INFO:Fitting -- RooAbsPdf::fitTo(model) Calculating sum-of-weights-squared correction matrix for covariance matrix
[#1] INFO:Minimization -- RooAbsMinimizerFcn::setOptimizeConst: deactivating const optimization
Total chi2/ndf: 2.6095
  Fit Result: Chi2/NDF = 99.161/39 = 2.54259, Status = 0
[#1] INFO:Plotting -- RooAbsPdf::plotOn(model) directly selected PDF components: (pdf10)
[#1] INFO:Plotting -- RooAbsPdf::plotOn(model) indirectly selected PDF components: ()
[#1] INFO:Plotting -- RooAbsPdf::plotOn(model) directly selected PDF components: (pdf11)
[#1] INFO:Plotting -- RooAbsPdf::plotOn(model) indirectly selected PDF components: ()
1/mass: 0.05125 pull:0.354666
1/mass: 0.05375 pull:-1.26405
1/mass: 0.05625 pull:1.63163
1/mass: 0.05875 pull:0.340889
1/mass: 0.06125 pull:0.0555513
1/mass: 0.06375 pull:2.17624
1/mass: 0.06625 pull:-0.753298
1/mass: 0.06875 pull:0.805666
1/mass: 0.07125 pull:0.368632
1/mass: 0.07375 pull:1.37148
1/mass: 0.07625 pull:-0.368423
1/mass: 0.07875 pull:3.2761
1/mass: 0.08125 pull:1.15505
1/mass: 0.08375 pull:1.24592
1/mass: 0.08625 pull:1.37761
1/mass: 0.08875 pull:-0.169411
1/mass: 0.09125 pull:0.381947
1/mass: 0.09375 pull:0.0697304
1/mass: 0.09625 pull:0.317976
1/mass: 0.09875 pull:-3.30235
1/mass: 0.10125 pull:-0.777706
1/mass: 0.10375 pull:-0.884939
1/mass: 0.10625 pull:-2.83581
1/mass: 0.10875 pull:-2.19696
1/mass: 0.11125 pull:-2.02055
1/mass: 0.11375 pull:-0.398049
1/mass: 0.11625 pull:-0.189527
1/mass: 0.11875 pull:2.75825
1/mass: 0.12125 pull:0.13275
1/mass: 0.12375 pull:-2.10035
1/mass: 0.12625 pull:1.78764
1/mass: 0.12875 pull:-0.0131575
1/mass: 0.13125 pull:2.14266
1/mass: 0.13375 pull:0.985758
1/mass: 0.13625 pull:1.07308
1/mass: 0.13875 pull:2.56751
1/mass: 0.14125 pull:0.271955
1/mass: 0.14375 pull:0.297807
1/mass: 0.14625 pull:2.63668
1/mass: 0.14875 pull:2.37915
2
2
Fitting bin 37 (Ek: 13.4986-15.8444 GeV/n)...
[#1] INFO:Minimization -- p.d.f. provides expected number of events, including extended term in likelihood.
[#1] INFO:Fitting -- RooAbsPdf::fitTo(model) fixing normalization set for coefficient determination to observables in data
[#1] INFO:Fitting -- Creation of NLL object took 144.001 μs
[#1] INFO:Fitting -- RooAddition::defaultErrorLevel(nll_model_data) Summation contains a RooNLLVar, using its error level
[#1] INFO:Minimization -- RooAbsMinimizerFcn::setOptimizeConst: activating const optimization
[#1] INFO:Fitting -- RooAbsPdf::fitTo(model) Calculating sum-of-weights-squared correction matrix for covariance matrix
[#1] INFO:Minimization -- RooAbsMinimizerFcn::setOptimizeConst: deactivating const optimization
Total chi2/ndf: 1.01942
  Fit Result: Chi2/NDF = 38.7381/39 = 0.993284, Status = 0
[#1] INFO:Plotting -- RooAbsPdf::plotOn(model) directly selected PDF components: (pdf10)
[#1] INFO:Plotting -- RooAbsPdf::plotOn(model) indirectly selected PDF components: ()
[#1] INFO:Plotting -- RooAbsPdf::plotOn(model) directly selected PDF components: (pdf11)
[#1] INFO:Plotting -- RooAbsPdf::plotOn(model) indirectly selected PDF components: ()
1/mass: 0.05125 pull:1.30678
1/mass: 0.05375 pull:0.742945
1/mass: 0.05625 pull:-0.711897
1/mass: 0.05875 pull:1.89337
1/mass: 0.06125 pull:-0.842578
1/mass: 0.06375 pull:0.470722
1/mass: 0.06625 pull:0.301666
1/mass: 0.06875 pull:0.0224567
1/mass: 0.07125 pull:-0.753911
1/mass: 0.07375 pull:-1.71656
1/mass: 0.07625 pull:0.21432
1/mass: 0.07875 pull:0.31796
1/mass: 0.08125 pull:-0.960571
1/mass: 0.08375 pull:1.10849
1/mass: 0.08625 pull:-0.675836
1/mass: 0.08875 pull:0.427043
1/mass: 0.09125 pull:1.09088
1/mass: 0.09375 pull:1.12323
1/mass: 0.09625 pull:-0.330952
1/mass: 0.09875 pull:-0.825824
1/mass: 0.10125 pull:1.25595
1/mass: 0.10375 pull:-0.771561
1/mass: 0.10625 pull:-0.718451
1/mass: 0.10875 pull:-1.75546
1/mass: 0.11125 pull:-0.445509
1/mass: 0.11375 pull:1.84772
1/mass: 0.11625 pull:0.698586
1/mass: 0.11875 pull:-1.13203
1/mass: 0.12125 pull:0.463751
1/mass: 0.12375 pull:-1.92242
1/mass: 0.12625 pull:-0.0988884
1/mass: 0.12875 pull:-1.0069
1/mass: 0.13125 pull:-0.052987
1/mass: 0.13375 pull:0.53827
1/mass: 0.13625 pull:-0.225596
1/mass: 0.13875 pull:1.5956
1/mass: 0.14125 pull:1.11243
1/mass: 0.14375 pull:0.663186
1/mass: 0.14625 pull:0.581124
1/mass: 0.14875 pull:0.822588
2
2
Fitting bin 39 (Ek: 15.8444-18.5408 GeV/n)...
[#1] INFO:Minimization -- p.d.f. provides expected number of events, including extended term in likelihood.
[#1] INFO:Fitting -- RooAbsPdf::fitTo(model) fixing normalization set for coefficient determination to observables in data
[#1] INFO:Fitting -- Creation of NLL object took 153.911 μs
[#1] INFO:Fitting -- RooAddition::defaultErrorLevel(nll_model_data) Summation contains a RooNLLVar, using its error level
[#1] INFO:Minimization -- RooAbsMinimizerFcn::setOptimizeConst: activating const optimization
[#1] INFO:Fitting -- RooAbsPdf::fitTo(model) Calculating sum-of-weights-squared correction matrix for covariance matrix
[#1] INFO:Minimization -- RooAbsMinimizerFcn::setOptimizeConst: deactivating const optimization
Total chi2/ndf: 1.08292
  Fit Result: Chi2/NDF = 41.1508/39 = 1.05515, Status = 0
[#1] INFO:Plotting -- RooAbsPdf::plotOn(model) directly selected PDF components: (pdf10)
[#1] INFO:Plotting -- RooAbsPdf::plotOn(model) indirectly selected PDF components: ()
[#1] INFO:Plotting -- RooAbsPdf::plotOn(model) directly selected PDF components: (pdf11)
[#1] INFO:Plotting -- RooAbsPdf::plotOn(model) indirectly selected PDF components: ()
1/mass: 0.05125 pull:-0.380311
1/mass: 0.05375 pull:-0.372983
1/mass: 0.05625 pull:-0.829061
1/mass: 0.05875 pull:-1.41483
1/mass: 0.06125 pull:-1.67472
1/mass: 0.06375 pull:-0.174938
1/mass: 0.06625 pull:-0.82055
1/mass: 0.06875 pull:0.359782
1/mass: 0.07125 pull:0.0965629
1/mass: 0.07375 pull:-0.275258
1/mass: 0.07625 pull:-0.353443
1/mass: 0.07875 pull:1.16411
1/mass: 0.08125 pull:0.44448
1/mass: 0.08375 pull:1.38496
1/mass: 0.08625 pull:1.28027
1/mass: 0.08875 pull:-0.699468
1/mass: 0.09125 pull:0.804477
1/mass: 0.09375 pull:1.48695
1/mass: 0.09625 pull:-0.186973
1/mass: 0.09875 pull:1.34892
1/mass: 0.10125 pull:-1.1479
1/mass: 0.10375 pull:0.652423
1/mass: 0.10625 pull:-2.19757
1/mass: 0.10875 pull:-0.881984
1/mass: 0.11125 pull:-0.808266
1/mass: 0.11375 pull:-0.0792951
1/mass: 0.11625 pull:-0.144122
1/mass: 0.11875 pull:-2.83517
1/mass: 0.12125 pull:0.269941
1/mass: 0.12375 pull:-0.207798
1/mass: 0.12625 pull:0.196425
1/mass: 0.12875 pull:-0.231698
1/mass: 0.13125 pull:1.25442
1/mass: 0.13375 pull:1.36852
1/mass: 0.13625 pull:1.36057
1/mass: 0.13875 pull:0.921067
1/mass: 0.14125 pull:-0.887088
1/mass: 0.14375 pull:0.23833
1/mass: 0.14625 pull:0.0150091
1/mass: 0.14875 pull:0.866443
2
2
Fitting bin 41 (Ek: 18.5408-21.6377 GeV/n)...
[#1] INFO:Minimization -- p.d.f. provides expected number of events, including extended term in likelihood.
[#1] INFO:Fitting -- RooAbsPdf::fitTo(model) fixing normalization set for coefficient determination to observables in data
[#1] INFO:Fitting -- Creation of NLL object took 155.991 μs
[#1] INFO:Fitting -- RooAddition::defaultErrorLevel(nll_model_data) Summation contains a RooNLLVar, using its error level
[#1] INFO:Minimization -- RooAbsMinimizerFcn::setOptimizeConst: activating const optimization
[#1] INFO:Fitting -- RooAbsPdf::fitTo(model) Calculating sum-of-weights-squared correction matrix for covariance matrix
[#1] INFO:Minimization -- RooAbsMinimizerFcn::setOptimizeConst: deactivating const optimization
Total chi2/ndf: 1.3768
  Fit Result: Chi2/NDF = 52.3185/39 = 1.3415, Status = 0
[#1] INFO:Plotting -- RooAbsPdf::plotOn(model) directly selected PDF components: (pdf10)
[#1] INFO:Plotting -- RooAbsPdf::plotOn(model) indirectly selected PDF components: ()
[#1] INFO:Plotting -- RooAbsPdf::plotOn(model) directly selected PDF components: (pdf11)
[#1] INFO:Plotting -- RooAbsPdf::plotOn(model) indirectly selected PDF components: ()
1/mass: 0.05125 pull:-1.60969
1/mass: 0.05375 pull:0.27009
1/mass: 0.05625 pull:0.168885
1/mass: 0.05875 pull:-0.17562
1/mass: 0.06125 pull:0.459652
1/mass: 0.06375 pull:-0.245273
1/mass: 0.06625 pull:-0.734581
1/mass: 0.06875 pull:1.09611
1/mass: 0.07125 pull:-2.34056
1/mass: 0.07375 pull:0.300578
1/mass: 0.07625 pull:-0.70396
1/mass: 0.07875 pull:2.20358
1/mass: 0.08125 pull:-0.119271
1/mass: 0.08375 pull:0.347281
1/mass: 0.08625 pull:-0.251959
1/mass: 0.08875 pull:-1.0868
1/mass: 0.09125 pull:-0.503636
1/mass: 0.09375 pull:1.84529
1/mass: 0.09625 pull:-0.316065
1/mass: 0.09875 pull:1.00856
1/mass: 0.10125 pull:1.46198
1/mass: 0.10375 pull:0.549183
1/mass: 0.10625 pull:-1.10549
1/mass: 0.10875 pull:-1.96687
1/mass: 0.11125 pull:-0.112089
1/mass: 0.11375 pull:-0.45279
1/mass: 0.11625 pull:-1.16673
1/mass: 0.11875 pull:-0.436465
1/mass: 0.12125 pull:-0.728922
1/mass: 0.12375 pull:1.68063
1/mass: 0.12625 pull:3.34398
1/mass: 0.12875 pull:-1.08198
1/mass: 0.13125 pull:-2.07976
1/mass: 0.13375 pull:0.350061
1/mass: 0.13625 pull:0.443661
1/mass: 0.13875 pull:0.322074
1/mass: 0.14125 pull:-0.33315
1/mass: 0.14375 pull:-0.258482
1/mass: 0.14625 pull:0.716419
1/mass: 0.14875 pull:-0.245102
2
2
Fitting bin 73 (Ek: 649.069--nan GeV/n)...
[#1] INFO:Minimization -- p.d.f. provides expected number of events, including extended term in likelihood.
[#1] INFO:Fitting -- RooAbsPdf::fitTo(model) fixing normalization set for coefficient determination to observables in data
[#1] INFO:Fitting -- Creation of NLL object took 170.42 μs
[#1] INFO:Fitting -- RooAddition::defaultErrorLevel(nll_model_data) Summation contains a RooNLLVar, using its error level
[#1] INFO:Minimization -- RooAbsMinimizerFcn::setOptimizeConst: activating const optimization
[#0] ERROR:Minimization -- RooMinimizer::calculateHessErrors() Error when calculating Hessian
[#1] INFO:Fitting -- RooAbsPdf::fitTo(model) Calculating sum-of-weights-squared correction matrix for covariance matrix
[#0] ERROR:Minimization -- RooMinimizer::calculateHessErrors() Error when calculating Hessian
[#0] ERROR:Fitting -- RooAbsPdf::fitTo(model) ERROR: Cannot apply sum-of-weights correction to covariance matrix: correction matrix calculated with weight-squared is singular
[#1] INFO:Minimization -- RooAbsMinimizerFcn::setOptimizeConst: deactivating const optimization
Total chi2/ndf: -0
  Fit Result: Chi2/NDF = 0/39 = 5000, Status = 602
[#1] INFO:Plotting -- RooAbsPdf::plotOn(model) directly selected PDF components: (pdf10)
[#1] INFO:Plotting -- RooAbsPdf::plotOn(model) indirectly selected PDF components: ()
[#1] INFO:Plotting -- RooAbsPdf::plotOn(model) directly selected PDF components: (pdf11)
[#1] INFO:Plotting -- RooAbsPdf::plotOn(model) indirectly selected PDF components: ()

[SUCCESS] Fitting process completed. Results saved to:
/eos/user/z/zixuan/Isotope/MassTempFit/wide_MassTF_B_UnbiasedL1Inner_H2_UseMass10.pdf
/eos/user/z/zixuan/Isotope/MassTempFit/wide_MassTF_B_UnbiasedL1Inner_H2_UseMass10.root
====================================================================
Starting FRAGMENT Mass Template Fit for: B from source Carbon (UseMass: 10)
Chain: UnbiasedL1Inner
Templates: Pure (H2)
====================================================================
[INFO] Data file loaded: root://eoshome-z.cern.ch//eos/user/z/zixuan/Isotope/Add/B_frag5.root
[INFO] Output ROOT file: /eos/user/z/zixuan/Isotope/MassTempFit/wide_MassTF_B_UnbiasedL1Inner_H2_UseMass10_FragFromCarbon.root

--- Processing Detector: TOF ---
2
2
Fitting bin 5 (Ek: 0.267548-0.406144 GeV/n)...
[#1] INFO:Minimization -- p.d.f. provides expected number of events, including extended term in likelihood.
[#1] INFO:Fitting -- RooAbsPdf::fitTo(model) fixing normalization set for coefficient determination to observables in data
[#1] INFO:Fitting -- Creation of NLL object took 183.912 μs
[#1] INFO:Fitting -- RooAddition::defaultErrorLevel(nll_model_data) Summation contains a RooNLLVar, using its error level
[#1] INFO:Minimization -- RooAbsMinimizerFcn::setOptimizeConst: activating const optimization
[#1] INFO:Fitting -- RooAbsPdf::fitTo(model) Calculating sum-of-weights-squared correction matrix for covariance matrix
[#1] INFO:Minimization -- RooAbsMinimizerFcn::setOptimizeConst: deactivating const optimization
Total chi2/ndf: 9.95636
  Fit Result: Chi2/NDF = 179.214/19 = 9.43234, Status = 0
[#1] INFO:Plotting -- RooAbsPdf::plotOn(model) directly selected PDF components: (pdf10)
[#1] INFO:Plotting -- RooAbsPdf::plotOn(model) indirectly selected PDF components: ()
[#1] INFO:Plotting -- RooAbsPdf::plotOn(model) directly selected PDF components: (pdf11)
[#1] INFO:Plotting -- RooAbsPdf::plotOn(model) indirectly selected PDF components: ()
1/mass: 0.0525 pull:0.858063
1/mass: 0.0575 pull:0.487599
1/mass: 0.0625 pull:2.62355
1/mass: 0.0675 pull:4.36681
1/mass: 0.0725 pull:4.99449
1/mass: 0.0775 pull:1.72744
1/mass: 0.0825 pull:2.87603
1/mass: 0.0875 pull:0.0417077
1/mass: 0.0925 pull:0.377614
1/mass: 0.0975 pull:-2.79746
1/mass: 0.1025 pull:-4.11179
1/mass: 0.1075 pull:-1.94403
1/mass: 0.1125 pull:-3.58764
1/mass: 0.1175 pull:-1.15901
1/mass: 0.1225 pull:-0.253304
1/mass: 0.1275 pull:1.21854
1/mass: 0.1325 pull:4.11384
1/mass: 0.1375 pull:4.17322
1/mass: 0.1425 pull:4.6394
1/mass: 0.1475 pull:3.97553
2
2
Fitting bin 7 (Ek: 0.406144-0.587609 GeV/n)...
[#1] INFO:Minimization -- p.d.f. provides expected number of events, including extended term in likelihood.
[#1] INFO:Fitting -- RooAbsPdf::fitTo(model) fixing normalization set for coefficient determination to observables in data
[#1] INFO:Fitting -- Creation of NLL object took 139.75 μs
[#1] INFO:Fitting -- RooAddition::defaultErrorLevel(nll_model_data) Summation contains a RooNLLVar, using its error level
[#1] INFO:Minimization -- RooAbsMinimizerFcn::setOptimizeConst: activating const optimization
[#1] INFO:Fitting -- RooAbsPdf::fitTo(model) Calculating sum-of-weights-squared correction matrix for covariance matrix
[#1] INFO:Minimization -- RooAbsMinimizerFcn::setOptimizeConst: deactivating const optimization
Total chi2/ndf: 22.5557
  Fit Result: Chi2/NDF = 406.003/19 = 21.3686, Status = 0
[#1] INFO:Plotting -- RooAbsPdf::plotOn(model) directly selected PDF components: (pdf10)
[#1] INFO:Plotting -- RooAbsPdf::plotOn(model) indirectly selected PDF components: ()
[#1] INFO:Plotting -- RooAbsPdf::plotOn(model) directly selected PDF components: (pdf11)
[#1] INFO:Plotting -- RooAbsPdf::plotOn(model) indirectly selected PDF components: ()
1/mass: 0.0525 pull:3.1366
1/mass: 0.0575 pull:3.91921
1/mass: 0.0625 pull:4.54138
1/mass: 0.0675 pull:6.32882
1/mass: 0.0725 pull:5.18598
1/mass: 0.0775 pull:6.0537
1/mass: 0.0825 pull:3.91035
1/mass: 0.0875 pull:1.37116
1/mass: 0.0925 pull:-1.07389
1/mass: 0.0975 pull:-3.17741
1/mass: 0.1025 pull:-6.84522
1/mass: 0.1075 pull:-4.6466
1/mass: 0.1125 pull:-3.71949
1/mass: 0.1175 pull:-1.3609
1/mass: 0.1225 pull:1.89519
1/mass: 0.1275 pull:3.66202
1/mass: 0.1325 pull:2.97895
1/mass: 0.1375 pull:7.00803
1/mass: 0.1425 pull:6.18144
1/mass: 0.1475 pull:5.55255
2
2
Fitting bin 9 (Ek: 0.587609-0.821474 GeV/n)...
[#1] INFO:Minimization -- p.d.f. provides expected number of events, including extended term in likelihood.
[#1] INFO:Fitting -- RooAbsPdf::fitTo(model) fixing normalization set for coefficient determination to observables in data
[#1] INFO:Fitting -- Creation of NLL object took 134.931 μs
[#1] INFO:Fitting -- RooAddition::defaultErrorLevel(nll_model_data) Summation contains a RooNLLVar, using its error level
[#1] INFO:Minimization -- RooAbsMinimizerFcn::setOptimizeConst: activating const optimization
[#1] INFO:Fitting -- RooAbsPdf::fitTo(model) Calculating sum-of-weights-squared correction matrix for covariance matrix
[#1] INFO:Minimization -- RooAbsMinimizerFcn::setOptimizeConst: deactivating const optimization
Total chi2/ndf: 48.7043
  Fit Result: Chi2/NDF = 876.677/19 = 46.1409, Status = 0
[#1] INFO:Plotting -- RooAbsPdf::plotOn(model) directly selected PDF components: (pdf10)
[#1] INFO:Plotting -- RooAbsPdf::plotOn(model) indirectly selected PDF components: ()
[#1] INFO:Plotting -- RooAbsPdf::plotOn(model) directly selected PDF components: (pdf11)
[#1] INFO:Plotting -- RooAbsPdf::plotOn(model) indirectly selected PDF components: ()
1/mass: 0.0525 pull:1.26363
1/mass: 0.0575 pull:4.94718
1/mass: 0.0625 pull:6.9249
1/mass: 0.0675 pull:9.70124
1/mass: 0.0725 pull:9.9045
1/mass: 0.0775 pull:8.12099
1/mass: 0.0825 pull:4.03151
1/mass: 0.0875 pull:4.39327
1/mass: 0.0925 pull:-1.76953
1/mass: 0.0975 pull:-5.13705
1/mass: 0.1025 pull:-8.57614
1/mass: 0.1075 pull:-9.98305
1/mass: 0.1125 pull:-4.55221
1/mass: 0.1175 pull:-1.07947
1/mass: 0.1225 pull:2.31057
1/mass: 0.1275 pull:6.91082
1/mass: 0.1325 pull:8.18089
1/mass: 0.1375 pull:6.6498
1/mass: 0.1425 pull:7.59973
1/mass: 0.1475 pull:7.89387
2
2
Fitting bin 11 (Ek: 0.821474-1.11303 GeV/n)...
[#1] INFO:Minimization -- p.d.f. provides expected number of events, including extended term in likelihood.
[#1] INFO:Fitting -- RooAbsPdf::fitTo(model) fixing normalization set for coefficient determination to observables in data
[#1] INFO:Fitting -- Creation of NLL object took 162.901 μs
[#1] INFO:Fitting -- RooAddition::defaultErrorLevel(nll_model_data) Summation contains a RooNLLVar, using its error level
[#1] INFO:Minimization -- RooAbsMinimizerFcn::setOptimizeConst: activating const optimization
[#1] INFO:Fitting -- RooAbsPdf::fitTo(model) Calculating sum-of-weights-squared correction matrix for covariance matrix
[#1] INFO:Minimization -- RooAbsMinimizerFcn::setOptimizeConst: deactivating const optimization
Total chi2/ndf: 80.8826
  Fit Result: Chi2/NDF = 1455.89/19 = 76.6256, Status = 0
[#1] INFO:Plotting -- RooAbsPdf::plotOn(model) directly selected PDF components: (pdf10)
[#1] INFO:Plotting -- RooAbsPdf::plotOn(model) indirectly selected PDF components: ()
[#1] INFO:Plotting -- RooAbsPdf::plotOn(model) directly selected PDF components: (pdf11)
[#1] INFO:Plotting -- RooAbsPdf::plotOn(model) indirectly selected PDF components: ()
1/mass: 0.0525 pull:3.29848
1/mass: 0.0575 pull:7.64245
1/mass: 0.0625 pull:9.15469
1/mass: 0.0825 pull:9.09882
1/mass: 0.0875 pull:1.59551
1/mass: 0.0925 pull:-4.89623
1/mass: 0.0975 pull:-8.14402
1/mass: 0.1025 pull:-9.2585
1/mass: 0.1125 pull:-6.00074
1/mass: 0.1175 pull:-1.26538
1/mass: 0.1225 pull:3.8461
1/mass: 0.1275 pull:7.96225
1/mass: 0.1325 pull:9.65839
1/mass: 0.1375 pull:8.52943
1/mass: 0.1475 pull:7.80004
2
2
Fitting bin 13 (Ek: 1.11303-1.4714 GeV/n)...
[#1] INFO:Minimization -- p.d.f. provides expected number of events, including extended term in likelihood.
[#1] INFO:Fitting -- RooAbsPdf::fitTo(model) fixing normalization set for coefficient determination to observables in data
[#1] INFO:Fitting -- Creation of NLL object took 152.811 μs
[#1] INFO:Fitting -- RooAddition::defaultErrorLevel(nll_model_data) Summation contains a RooNLLVar, using its error level
[#1] INFO:Minimization -- RooAbsMinimizerFcn::setOptimizeConst: activating const optimization
[#1] INFO:Fitting -- RooAbsPdf::fitTo(model) Calculating sum-of-weights-squared correction matrix for covariance matrix
[#1] INFO:Minimization -- RooAbsMinimizerFcn::setOptimizeConst: deactivating const optimization
Total chi2/ndf: 149.6
  Fit Result: Chi2/NDF = 2692.81/19 = 141.727, Status = 0
[#1] INFO:Plotting -- RooAbsPdf::plotOn(model) directly selected PDF components: (pdf10)
[#1] INFO:Plotting -- RooAbsPdf::plotOn(model) indirectly selected PDF components: ()
[#1] INFO:Plotting -- RooAbsPdf::plotOn(model) directly selected PDF components: (pdf11)
[#1] INFO:Plotting -- RooAbsPdf::plotOn(model) indirectly selected PDF components: ()
1/mass: 0.0825 pull:9.52988
1/mass: 0.0875 pull:0.352903
1/mass: 0.0925 pull:-6.77509
1/mass: 0.1125 pull:-8.70593
1/mass: 0.1175 pull:-1.17988
1/mass: 0.1225 pull:4.39418
1/mass: 0.1275 pull:6.98301
1/mass: 0.1325 pull:9.15117
1/mass: 0.1475 pull:9.93384

--- Processing Detector: NaF ---
2
2
Fitting bin 11 (Ek: 0.821474-1.11303 GeV/n)...
[#1] INFO:Minimization -- p.d.f. provides expected number of events, including extended term in likelihood.
[#1] INFO:Fitting -- RooAbsPdf::fitTo(model) fixing normalization set for coefficient determination to observables in data
[#1] INFO:Fitting -- Creation of NLL object took 182.591 μs
[#1] INFO:Fitting -- RooAddition::defaultErrorLevel(nll_model_data) Summation contains a RooNLLVar, using its error level
[#1] INFO:Minimization -- RooAbsMinimizerFcn::setOptimizeConst: activating const optimization
[#1] INFO:Fitting -- RooAbsPdf::fitTo(model) Calculating sum-of-weights-squared correction matrix for covariance matrix
[#1] INFO:Minimization -- RooAbsMinimizerFcn::setOptimizeConst: deactivating const optimization
Total chi2/ndf: 4.76334
  Fit Result: Chi2/NDF = 85.7401/19 = 4.51264, Status = 0
[#1] INFO:Plotting -- RooAbsPdf::plotOn(model) directly selected PDF components: (pdf10)
[#1] INFO:Plotting -- RooAbsPdf::plotOn(model) indirectly selected PDF components: ()
[#1] INFO:Plotting -- RooAbsPdf::plotOn(model) directly selected PDF components: (pdf11)
[#1] INFO:Plotting -- RooAbsPdf::plotOn(model) indirectly selected PDF components: ()
1/mass: 0.0525 pull:0.727833
1/mass: 0.0575 pull:0.710577
1/mass: 0.0625 pull:-1.2777
1/mass: 0.0675 pull:1.38524
1/mass: 0.0725 pull:1.89369
1/mass: 0.0775 pull:3.38542
1/mass: 0.0825 pull:2.03447
1/mass: 0.0875 pull:0.13262
1/mass: 0.0925 pull:-2.97883
1/mass: 0.0975 pull:0.0208173
1/mass: 0.1025 pull:-1.88212
1/mass: 0.1075 pull:-0.295377
1/mass: 0.1125 pull:-1.34199
1/mass: 0.1175 pull:-1.91732
1/mass: 0.1225 pull:-0.0744502
1/mass: 0.1275 pull:1.09934
1/mass: 0.1325 pull:3.12042
1/mass: 0.1375 pull:3.71553
1/mass: 0.1425 pull:4.14773
1/mass: 0.1475 pull:1.41767
2
2
Fitting bin 13 (Ek: 1.11303-1.4714 GeV/n)...
[#1] INFO:Minimization -- p.d.f. provides expected number of events, including extended term in likelihood.
[#1] INFO:Fitting -- RooAbsPdf::fitTo(model) fixing normalization set for coefficient determination to observables in data
[#1] INFO:Fitting -- Creation of NLL object took 153.25 μs
[#1] INFO:Fitting -- RooAddition::defaultErrorLevel(nll_model_data) Summation contains a RooNLLVar, using its error level
[#1] INFO:Minimization -- RooAbsMinimizerFcn::setOptimizeConst: activating const optimization
[#1] INFO:Fitting -- RooAbsPdf::fitTo(model) Calculating sum-of-weights-squared correction matrix for covariance matrix
[#1] INFO:Minimization -- RooAbsMinimizerFcn::setOptimizeConst: deactivating const optimization
Total chi2/ndf: 4.40517
  Fit Result: Chi2/NDF = 79.2931/19 = 4.17332, Status = 0
[#1] INFO:Plotting -- RooAbsPdf::plotOn(model) directly selected PDF components: (pdf10)
[#1] INFO:Plotting -- RooAbsPdf::plotOn(model) indirectly selected PDF components: ()
[#1] INFO:Plotting -- RooAbsPdf::plotOn(model) directly selected PDF components: (pdf11)
[#1] INFO:Plotting -- RooAbsPdf::plotOn(model) indirectly selected PDF components: ()
1/mass: 0.0525 pull:1.20998
1/mass: 0.0575 pull:1.34273
1/mass: 0.0625 pull:1.57428
1/mass: 0.0675 pull:1.5116
1/mass: 0.0725 pull:1.92219
1/mass: 0.0775 pull:0.618667
1/mass: 0.0825 pull:-1.0678
1/mass: 0.0875 pull:1.42061
1/mass: 0.0925 pull:0.626408
1/mass: 0.0975 pull:0.884302
1/mass: 0.1025 pull:-2.93708
1/mass: 0.1075 pull:-3.61416
1/mass: 0.1125 pull:-1.13593
1/mass: 0.1175 pull:0.976304
1/mass: 0.1225 pull:-0.220054
1/mass: 0.1275 pull:1.44327
1/mass: 0.1325 pull:2.50001
1/mass: 0.1375 pull:3.70583
1/mass: 0.1425 pull:2.76562
1/mass: 0.1475 pull:3.02607
2
2
Fitting bin 15 (Ek: 1.4714-1.91049 GeV/n)...
[#1] INFO:Minimization -- p.d.f. provides expected number of events, including extended term in likelihood.
[#1] INFO:Fitting -- RooAbsPdf::fitTo(model) fixing normalization set for coefficient determination to observables in data
[#1] INFO:Fitting -- Creation of NLL object took 127.041 μs
[#1] INFO:Fitting -- RooAddition::defaultErrorLevel(nll_model_data) Summation contains a RooNLLVar, using its error level
[#1] INFO:Minimization -- RooAbsMinimizerFcn::setOptimizeConst: activating const optimization
[#1] INFO:Fitting -- RooAbsPdf::fitTo(model) Calculating sum-of-weights-squared correction matrix for covariance matrix
[#1] INFO:Minimization -- RooAbsMinimizerFcn::setOptimizeConst: deactivating const optimization
Total chi2/ndf: 4.74982
  Fit Result: Chi2/NDF = 85.4968/19 = 4.49983, Status = 0
[#1] INFO:Plotting -- RooAbsPdf::plotOn(model) directly selected PDF components: (pdf10)
[#1] INFO:Plotting -- RooAbsPdf::plotOn(model) indirectly selected PDF components: ()
[#1] INFO:Plotting -- RooAbsPdf::plotOn(model) directly selected PDF components: (pdf11)
[#1] INFO:Plotting -- RooAbsPdf::plotOn(model) indirectly selected PDF components: ()
1/mass: 0.0525 pull:-0.025125
1/mass: 0.0575 pull:0.344076
1/mass: 0.0625 pull:1.91966
1/mass: 0.0675 pull:3.09198
1/mass: 0.0725 pull:2.94823
1/mass: 0.0775 pull:2.48629
1/mass: 0.0825 pull:0.15439
1/mass: 0.0875 pull:-0.969349
1/mass: 0.0925 pull:0.534143
1/mass: 0.0975 pull:-1.35522
1/mass: 0.1025 pull:0.188175
1/mass: 0.1075 pull:-2.84977
1/mass: 0.1125 pull:-3.0664
1/mass: 0.1175 pull:-0.0827064
1/mass: 0.1225 pull:2.19393
1/mass: 0.1275 pull:0.420057
1/mass: 0.1325 pull:3.68679
1/mass: 0.1375 pull:2.19581
1/mass: 0.1425 pull:2.55363
1/mass: 0.1475 pull:2.585
2
2
Fitting bin 17 (Ek: 1.91049-2.43494 GeV/n)...
[#1] INFO:Minimization -- p.d.f. provides expected number of events, including extended term in likelihood.
[#1] INFO:Fitting -- RooAbsPdf::fitTo(model) fixing normalization set for coefficient determination to observables in data
[#1] INFO:Fitting -- Creation of NLL object took 143.59 μs
[#1] INFO:Fitting -- RooAddition::defaultErrorLevel(nll_model_data) Summation contains a RooNLLVar, using its error level
[#1] INFO:Minimization -- RooAbsMinimizerFcn::setOptimizeConst: activating const optimization
[#1] INFO:Fitting -- RooAbsPdf::fitTo(model) Calculating sum-of-weights-squared correction matrix for covariance matrix
[#1] INFO:Minimization -- RooAbsMinimizerFcn::setOptimizeConst: deactivating const optimization
Total chi2/ndf: 6.83181
  Fit Result: Chi2/NDF = 122.973/19 = 6.47224, Status = 0
[#1] INFO:Plotting -- RooAbsPdf::plotOn(model) directly selected PDF components: (pdf10)
[#1] INFO:Plotting -- RooAbsPdf::plotOn(model) indirectly selected PDF components: ()
[#1] INFO:Plotting -- RooAbsPdf::plotOn(model) directly selected PDF components: (pdf11)
[#1] INFO:Plotting -- RooAbsPdf::plotOn(model) indirectly selected PDF components: ()
1/mass: 0.0525 pull:1.12173
1/mass: 0.0575 pull:0.589968
1/mass: 0.0625 pull:1.4111
1/mass: 0.0675 pull:0.38459
1/mass: 0.0725 pull:4.55936
1/mass: 0.0775 pull:2.29978
1/mass: 0.0825 pull:2.45907
1/mass: 0.0875 pull:0.394394
1/mass: 0.0925 pull:0.22919
1/mass: 0.0975 pull:-2.37995
1/mass: 0.1025 pull:-3.37312
1/mass: 0.1075 pull:-3.10959
1/mass: 0.1125 pull:1.42225
1/mass: 0.1175 pull:-2.70967
1/mass: 0.1225 pull:1.50308
1/mass: 0.1275 pull:2.9396
1/mass: 0.1325 pull:2.85746
1/mass: 0.1375 pull:3.68314
1/mass: 0.1425 pull:2.30236
1/mass: 0.1475 pull:3.58978
2
2
Fitting bin 19 (Ek: 2.43494-3.05875 GeV/n)...
[#1] INFO:Minimization -- p.d.f. provides expected number of events, including extended term in likelihood.
[#1] INFO:Fitting -- RooAbsPdf::fitTo(model) fixing normalization set for coefficient determination to observables in data
[#1] INFO:Fitting -- Creation of NLL object took 154.469 μs
[#1] INFO:Fitting -- RooAddition::defaultErrorLevel(nll_model_data) Summation contains a RooNLLVar, using its error level
[#1] INFO:Minimization -- RooAbsMinimizerFcn::setOptimizeConst: activating const optimization
[#1] INFO:Fitting -- RooAbsPdf::fitTo(model) Calculating sum-of-weights-squared correction matrix for covariance matrix
[#1] INFO:Minimization -- RooAbsMinimizerFcn::setOptimizeConst: deactivating const optimization
Total chi2/ndf: 5.91693
  Fit Result: Chi2/NDF = 106.505/19 = 5.60551, Status = 0
[#1] INFO:Plotting -- RooAbsPdf::plotOn(model) directly selected PDF components: (pdf10)
[#1] INFO:Plotting -- RooAbsPdf::plotOn(model) indirectly selected PDF components: ()
[#1] INFO:Plotting -- RooAbsPdf::plotOn(model) directly selected PDF components: (pdf11)
[#1] INFO:Plotting -- RooAbsPdf::plotOn(model) indirectly selected PDF components: ()
1/mass: 0.0525 pull:0.373525
1/mass: 0.0575 pull:-0.757922
1/mass: 0.0625 pull:-0.556823
1/mass: 0.0675 pull:3.30666
1/mass: 0.0725 pull:1.9146
1/mass: 0.0775 pull:0.837688
1/mass: 0.0825 pull:0.447846
1/mass: 0.0875 pull:1.25518
1/mass: 0.0925 pull:1.64343
1/mass: 0.0975 pull:-0.638129
1/mass: 0.1025 pull:-3.30037
1/mass: 0.1075 pull:-3.19347
1/mass: 0.1125 pull:-0.786112
1/mass: 0.1175 pull:-1.65239
1/mass: 0.1225 pull:1.7238
1/mass: 0.1275 pull:0.833049
1/mass: 0.1325 pull:3.12463
1/mass: 0.1375 pull:4.53628
1/mass: 0.1425 pull:4.74192
1/mass: 0.1475 pull:2.08894
2
2
Fitting bin 21 (Ek: 3.05875-3.79127 GeV/n)...
[#1] INFO:Minimization -- p.d.f. provides expected number of events, including extended term in likelihood.
[#1] INFO:Fitting -- RooAbsPdf::fitTo(model) fixing normalization set for coefficient determination to observables in data
[#1] INFO:Fitting -- Creation of NLL object took 149.26 μs
[#1] INFO:Fitting -- RooAddition::defaultErrorLevel(nll_model_data) Summation contains a RooNLLVar, using its error level
[#1] INFO:Minimization -- RooAbsMinimizerFcn::setOptimizeConst: activating const optimization
[#1] INFO:Fitting -- RooAbsPdf::fitTo(model) Calculating sum-of-weights-squared correction matrix for covariance matrix
[#1] INFO:Minimization -- RooAbsMinimizerFcn::setOptimizeConst: deactivating const optimization
Total chi2/ndf: 4.91327
  Fit Result: Chi2/NDF = 88.4389/19 = 4.65468, Status = 0
[#1] INFO:Plotting -- RooAbsPdf::plotOn(model) directly selected PDF components: (pdf10)
[#1] INFO:Plotting -- RooAbsPdf::plotOn(model) indirectly selected PDF components: ()
[#1] INFO:Plotting -- RooAbsPdf::plotOn(model) directly selected PDF components: (pdf11)
[#1] INFO:Plotting -- RooAbsPdf::plotOn(model) indirectly selected PDF components: ()
1/mass: 0.0525 pull:-0.508208
1/mass: 0.0575 pull:0.566631
1/mass: 0.0625 pull:0.0886633
1/mass: 0.0675 pull:2.89447
1/mass: 0.0725 pull:4.34161
1/mass: 0.0775 pull:3.23996
1/mass: 0.0825 pull:0.359926
1/mass: 0.0875 pull:0.575989
1/mass: 0.0925 pull:-1.4387
1/mass: 0.0975 pull:-0.25852
1/mass: 0.1025 pull:-1.60785
1/mass: 0.1075 pull:-3.31621
1/mass: 0.1125 pull:-1.50902
1/mass: 0.1175 pull:-0.230632
1/mass: 0.1225 pull:2.10658
1/mass: 0.1275 pull:0.792662
1/mass: 0.1325 pull:3.41135
1/mass: 0.1375 pull:3.20517
1/mass: 0.1425 pull:0.837968
1/mass: 0.1475 pull:1.9843
2
2
Fitting bin 23 (Ek: 3.79127-4.64682 GeV/n)...
[#1] INFO:Minimization -- p.d.f. provides expected number of events, including extended term in likelihood.
[#1] INFO:Fitting -- RooAbsPdf::fitTo(model) fixing normalization set for coefficient determination to observables in data
[#1] INFO:Fitting -- Creation of NLL object took 157.741 μs
[#1] INFO:Fitting -- RooAddition::defaultErrorLevel(nll_model_data) Summation contains a RooNLLVar, using its error level
[#1] INFO:Minimization -- RooAbsMinimizerFcn::setOptimizeConst: activating const optimization
[#1] INFO:Fitting -- RooAbsPdf::fitTo(model) Calculating sum-of-weights-squared correction matrix for covariance matrix
[#1] INFO:Minimization -- RooAbsMinimizerFcn::setOptimizeConst: deactivating const optimization
Total chi2/ndf: 5.55327
  Fit Result: Chi2/NDF = 99.9588/19 = 5.26099, Status = 0
[#1] INFO:Plotting -- RooAbsPdf::plotOn(model) directly selected PDF components: (pdf10)
[#1] INFO:Plotting -- RooAbsPdf::plotOn(model) indirectly selected PDF components: ()
[#1] INFO:Plotting -- RooAbsPdf::plotOn(model) directly selected PDF components: (pdf11)
[#1] INFO:Plotting -- RooAbsPdf::plotOn(model) indirectly selected PDF components: ()
1/mass: 0.0525 pull:0.57575
1/mass: 0.0575 pull:1.01654
1/mass: 0.0625 pull:1.13084
1/mass: 0.0675 pull:2.40166
1/mass: 0.0725 pull:4.4625
1/mass: 0.0775 pull:2.80001
1/mass: 0.0825 pull:1.7513
1/mass: 0.0875 pull:0.159285
1/mass: 0.0925 pull:-1.60246
1/mass: 0.0975 pull:-1.10909
1/mass: 0.1025 pull:-2.45448
1/mass: 0.1075 pull:-2.30888
1/mass: 0.1125 pull:-0.192709
1/mass: 0.1175 pull:-2.00775
1/mass: 0.1225 pull:0.363975
1/mass: 0.1275 pull:2.05302
1/mass: 0.1325 pull:2.81499
1/mass: 0.1375 pull:3.33656
1/mass: 0.1425 pull:3.57051
1/mass: 0.1475 pull:2.30794
2
2
Fitting bin 25 (Ek: 4.64682-5.63491 GeV/n)...
[#1] INFO:Minimization -- p.d.f. provides expected number of events, including extended term in likelihood.
[#1] INFO:Fitting -- RooAbsPdf::fitTo(model) fixing normalization set for coefficient determination to observables in data
[#1] INFO:Fitting -- Creation of NLL object took 135.001 μs
[#1] INFO:Fitting -- RooAddition::defaultErrorLevel(nll_model_data) Summation contains a RooNLLVar, using its error level
[#1] INFO:Minimization -- RooAbsMinimizerFcn::setOptimizeConst: activating const optimization
[#1] INFO:Fitting -- RooAbsPdf::fitTo(model) Calculating sum-of-weights-squared correction matrix for covariance matrix
[#1] INFO:Minimization -- RooAbsMinimizerFcn::setOptimizeConst: deactivating const optimization
Total chi2/ndf: 4.6056
  Fit Result: Chi2/NDF = 82.9007/19 = 4.3632, Status = 0
[#1] INFO:Plotting -- RooAbsPdf::plotOn(model) directly selected PDF components: (pdf10)
[#1] INFO:Plotting -- RooAbsPdf::plotOn(model) indirectly selected PDF components: ()
[#1] INFO:Plotting -- RooAbsPdf::plotOn(model) directly selected PDF components: (pdf11)
[#1] INFO:Plotting -- RooAbsPdf::plotOn(model) indirectly selected PDF components: ()
1/mass: 0.0525 pull:2.1837
1/mass: 0.0575 pull:1.06189
1/mass: 0.0625 pull:3.2061
1/mass: 0.0675 pull:1.90635
1/mass: 0.0725 pull:2.22451
1/mass: 0.0775 pull:2.67268
1/mass: 0.0825 pull:-0.192073
1/mass: 0.0875 pull:2.83386
1/mass: 0.0925 pull:-2.77925
1/mass: 0.0975 pull:-0.401478
1/mass: 0.1025 pull:-2.7232
1/mass: 0.1075 pull:-2.35561
1/mass: 0.1125 pull:-0.972409
1/mass: 0.1175 pull:0.481734
1/mass: 0.1225 pull:-0.040915
1/mass: 0.1275 pull:1.07649
1/mass: 0.1325 pull:3.14375
1/mass: 0.1375 pull:2.59381
1/mass: 0.1425 pull:-0.361676
1/mass: 0.1475 pull:1.73261

--- Processing Detector: AGL ---
2
2
Fitting bin 19 (Ek: 2.43494-3.05875 GeV/n)...
[#1] INFO:Minimization -- p.d.f. provides expected number of events, including extended term in likelihood.
[#1] INFO:Fitting -- RooAbsPdf::fitTo(model) fixing normalization set for coefficient determination to observables in data
[#1] INFO:Fitting -- Creation of NLL object took 182.531 μs
[#1] INFO:Fitting -- RooAddition::defaultErrorLevel(nll_model_data) Summation contains a RooNLLVar, using its error level
[#1] INFO:Minimization -- RooAbsMinimizerFcn::setOptimizeConst: activating const optimization
[#1] INFO:Fitting -- RooAbsPdf::fitTo(model) Calculating sum-of-weights-squared correction matrix for covariance matrix
[#1] INFO:Minimization -- RooAbsMinimizerFcn::setOptimizeConst: deactivating const optimization
Total chi2/ndf: 23.2229
  Fit Result: Chi2/NDF = 418.012/19 = 22.0006, Status = 0
[#1] INFO:Plotting -- RooAbsPdf::plotOn(model) directly selected PDF components: (pdf10)
[#1] INFO:Plotting -- RooAbsPdf::plotOn(model) indirectly selected PDF components: ()
[#1] INFO:Plotting -- RooAbsPdf::plotOn(model) directly selected PDF components: (pdf11)
[#1] INFO:Plotting -- RooAbsPdf::plotOn(model) indirectly selected PDF components: ()
1/mass: 0.0525 pull:2.01298
1/mass: 0.0575 pull:1.9892
1/mass: 0.0625 pull:0.828252
1/mass: 0.0675 pull:5.01285
1/mass: 0.0725 pull:5.68791
1/mass: 0.0775 pull:2.86222
1/mass: 0.0825 pull:3.09668
1/mass: 0.0875 pull:0.765784
1/mass: 0.0925 pull:-0.819168
1/mass: 0.0975 pull:-1.94806
1/mass: 0.1025 pull:-3.42155
1/mass: 0.1075 pull:-3.89781
1/mass: 0.1125 pull:-3.28464
1/mass: 0.1175 pull:-2.3515
1/mass: 0.1225 pull:-0.518092
1/mass: 0.1275 pull:5.40239
1/mass: 0.1325 pull:7.1481
1/mass: 0.1375 pull:9.30417
1/mass: 0.1425 pull:8.35321
1/mass: 0.1475 pull:6.99217
2
2
Fitting bin 21 (Ek: 3.05875-3.79127 GeV/n)...
[#1] INFO:Minimization -- p.d.f. provides expected number of events, including extended term in likelihood.
[#1] INFO:Fitting -- RooAbsPdf::fitTo(model) fixing normalization set for coefficient determination to observables in data
[#1] INFO:Fitting -- Creation of NLL object took 145.231 μs
[#1] INFO:Fitting -- RooAddition::defaultErrorLevel(nll_model_data) Summation contains a RooNLLVar, using its error level
[#1] INFO:Minimization -- RooAbsMinimizerFcn::setOptimizeConst: activating const optimization
[#1] INFO:Fitting -- RooAbsPdf::fitTo(model) Calculating sum-of-weights-squared correction matrix for covariance matrix
[#1] INFO:Minimization -- RooAbsMinimizerFcn::setOptimizeConst: deactivating const optimization
Total chi2/ndf: 19.6844
  Fit Result: Chi2/NDF = 354.319/19 = 18.6484, Status = 0
[#1] INFO:Plotting -- RooAbsPdf::plotOn(model) directly selected PDF components: (pdf10)
[#1] INFO:Plotting -- RooAbsPdf::plotOn(model) indirectly selected PDF components: ()
[#1] INFO:Plotting -- RooAbsPdf::plotOn(model) directly selected PDF components: (pdf11)
[#1] INFO:Plotting -- RooAbsPdf::plotOn(model) indirectly selected PDF components: ()
1/mass: 0.0525 pull:3.19323
1/mass: 0.0575 pull:-1.77596
1/mass: 0.0625 pull:2.40393
1/mass: 0.0675 pull:3.05118
1/mass: 0.0725 pull:3.7024
1/mass: 0.0775 pull:2.99313
1/mass: 0.0825 pull:3.55179
1/mass: 0.0875 pull:2.53382
1/mass: 0.0925 pull:-1.1496
1/mass: 0.0975 pull:-2.33648
1/mass: 0.1025 pull:-4.52242
1/mass: 0.1075 pull:-2.30869
1/mass: 0.1125 pull:-3.28473
1/mass: 0.1175 pull:-2.2347
1/mass: 0.1225 pull:0.58387
1/mass: 0.1275 pull:4.75335
1/mass: 0.1325 pull:5.78498
1/mass: 0.1375 pull:8.71211
1/mass: 0.1425 pull:7.15049
1/mass: 0.1475 pull:7.23876
2
2
Fitting bin 23 (Ek: 3.79127-4.64682 GeV/n)...
[#1] INFO:Minimization -- p.d.f. provides expected number of events, including extended term in likelihood.
[#1] INFO:Fitting -- RooAbsPdf::fitTo(model) fixing normalization set for coefficient determination to observables in data
[#1] INFO:Fitting -- Creation of NLL object took 150.941 μs
[#1] INFO:Fitting -- RooAddition::defaultErrorLevel(nll_model_data) Summation contains a RooNLLVar, using its error level
[#1] INFO:Minimization -- RooAbsMinimizerFcn::setOptimizeConst: activating const optimization
[#1] INFO:Fitting -- RooAbsPdf::fitTo(model) Calculating sum-of-weights-squared correction matrix for covariance matrix
[#1] INFO:Minimization -- RooAbsMinimizerFcn::setOptimizeConst: deactivating const optimization
Total chi2/ndf: 17.3962
  Fit Result: Chi2/NDF = 313.132/19 = 16.4806, Status = 0
[#1] INFO:Plotting -- RooAbsPdf::plotOn(model) directly selected PDF components: (pdf10)
[#1] INFO:Plotting -- RooAbsPdf::plotOn(model) indirectly selected PDF components: ()
[#1] INFO:Plotting -- RooAbsPdf::plotOn(model) directly selected PDF components: (pdf11)
[#1] INFO:Plotting -- RooAbsPdf::plotOn(model) indirectly selected PDF components: ()
1/mass: 0.0525 pull:1.02687
1/mass: 0.0575 pull:0.97833
1/mass: 0.0625 pull:1.16773
1/mass: 0.0675 pull:3.7334
1/mass: 0.0725 pull:4.06583
1/mass: 0.0775 pull:2.25625
1/mass: 0.0825 pull:4.01905
1/mass: 0.0875 pull:2.29873
1/mass: 0.0925 pull:-1.16183
1/mass: 0.0975 pull:-1.37814
1/mass: 0.1025 pull:-3.73255
1/mass: 0.1075 pull:-5.23919
1/mass: 0.1125 pull:-3.15893
1/mass: 0.1175 pull:-1.14183
1/mass: 0.1225 pull:3.09786
1/mass: 0.1275 pull:3.13663
1/mass: 0.1325 pull:5.62839
1/mass: 0.1375 pull:7.71587
1/mass: 0.1425 pull:6.31645
1/mass: 0.1475 pull:6.80447
2
2
Fitting bin 25 (Ek: 4.64682-5.63491 GeV/n)...
[#1] INFO:Minimization -- p.d.f. provides expected number of events, including extended term in likelihood.
[#1] INFO:Fitting -- RooAbsPdf::fitTo(model) fixing normalization set for coefficient determination to observables in data
[#1] INFO:Fitting -- Creation of NLL object took 141.361 μs
[#1] INFO:Fitting -- RooAddition::defaultErrorLevel(nll_model_data) Summation contains a RooNLLVar, using its error level
[#1] INFO:Minimization -- RooAbsMinimizerFcn::setOptimizeConst: activating const optimization
[#1] INFO:Fitting -- RooAbsPdf::fitTo(model) Calculating sum-of-weights-squared correction matrix for covariance matrix
[#1] INFO:Minimization -- RooAbsMinimizerFcn::setOptimizeConst: deactivating const optimization
Total chi2/ndf: 15.0464
  Fit Result: Chi2/NDF = 270.836/19 = 14.2545, Status = 0
[#1] INFO:Plotting -- RooAbsPdf::plotOn(model) directly selected PDF components: (pdf10)
[#1] INFO:Plotting -- RooAbsPdf::plotOn(model) indirectly selected PDF components: ()
[#1] INFO:Plotting -- RooAbsPdf::plotOn(model) directly selected PDF components: (pdf11)
[#1] INFO:Plotting -- RooAbsPdf::plotOn(model) indirectly selected PDF components: ()
1/mass: 0.0525 pull:1.64141
1/mass: 0.0575 pull:-2.03185
1/mass: 0.0625 pull:-0.333832
1/mass: 0.0675 pull:1.6782
1/mass: 0.0725 pull:4.86992
1/mass: 0.0775 pull:1.20919
1/mass: 0.0825 pull:4.21287
1/mass: 0.0875 pull:1.9221
1/mass: 0.0925 pull:-0.515328
1/mass: 0.0975 pull:-2.38141
1/mass: 0.1025 pull:-2.68952
1/mass: 0.1075 pull:-4.25889
1/mass: 0.1125 pull:-1.40102
1/mass: 0.1175 pull:-3.21204
1/mass: 0.1225 pull:1.26095
1/mass: 0.1275 pull:3.66959
1/mass: 0.1325 pull:6.5347
1/mass: 0.1375 pull:7.12165
1/mass: 0.1425 pull:6.50721
1/mass: 0.1475 pull:4.47842
2
2
Fitting bin 27 (Ek: 5.63491-6.775 GeV/n)...
[#1] INFO:Minimization -- p.d.f. provides expected number of events, including extended term in likelihood.
[#1] INFO:Fitting -- RooAbsPdf::fitTo(model) fixing normalization set for coefficient determination to observables in data
[#1] INFO:Fitting -- Creation of NLL object took 164.591 μs
[#1] INFO:Fitting -- RooAddition::defaultErrorLevel(nll_model_data) Summation contains a RooNLLVar, using its error level
[#1] INFO:Minimization -- RooAbsMinimizerFcn::setOptimizeConst: activating const optimization
[#1] INFO:Fitting -- RooAbsPdf::fitTo(model) Calculating sum-of-weights-squared correction matrix for covariance matrix
[#1] INFO:Minimization -- RooAbsMinimizerFcn::setOptimizeConst: deactivating const optimization
Total chi2/ndf: 13.4507
  Fit Result: Chi2/NDF = 242.113/19 = 12.7428, Status = 0
[#1] INFO:Plotting -- RooAbsPdf::plotOn(model) directly selected PDF components: (pdf10)
[#1] INFO:Plotting -- RooAbsPdf::plotOn(model) indirectly selected PDF components: ()
[#1] INFO:Plotting -- RooAbsPdf::plotOn(model) directly selected PDF components: (pdf11)
[#1] INFO:Plotting -- RooAbsPdf::plotOn(model) indirectly selected PDF components: ()
1/mass: 0.0525 pull:1.24893
1/mass: 0.0575 pull:2.32795
1/mass: 0.0625 pull:1.0207
1/mass: 0.0675 pull:2.77025
1/mass: 0.0725 pull:1.89397
1/mass: 0.0775 pull:1.81805
1/mass: 0.0825 pull:3.42514
1/mass: 0.0875 pull:2.19223
1/mass: 0.0925 pull:-1.10265
1/mass: 0.0975 pull:-0.714179
1/mass: 0.1025 pull:-2.84074
1/mass: 0.1075 pull:-4.49418
1/mass: 0.1125 pull:-2.92442
1/mass: 0.1175 pull:-2.98253
1/mass: 0.1225 pull:1.18777
1/mass: 0.1275 pull:5.19709
1/mass: 0.1325 pull:6.12136
1/mass: 0.1375 pull:5.92894
1/mass: 0.1425 pull:4.83399
1/mass: 0.1475 pull:5.57993
2
2
Fitting bin 29 (Ek: 6.775-8.11658 GeV/n)...
[#1] INFO:Minimization -- p.d.f. provides expected number of events, including extended term in likelihood.
[#1] INFO:Fitting -- RooAbsPdf::fitTo(model) fixing normalization set for coefficient determination to observables in data
[#1] INFO:Fitting -- Creation of NLL object took 145.271 μs
[#1] INFO:Fitting -- RooAddition::defaultErrorLevel(nll_model_data) Summation contains a RooNLLVar, using its error level
[#1] INFO:Minimization -- RooAbsMinimizerFcn::setOptimizeConst: activating const optimization
[#1] INFO:Fitting -- RooAbsPdf::fitTo(model) Calculating sum-of-weights-squared correction matrix for covariance matrix
[#1] INFO:Minimization -- RooAbsMinimizerFcn::setOptimizeConst: deactivating const optimization
Total chi2/ndf: 13.6563
  Fit Result: Chi2/NDF = 245.813/19 = 12.9376, Status = 0
[#1] INFO:Plotting -- RooAbsPdf::plotOn(model) directly selected PDF components: (pdf10)
[#1] INFO:Plotting -- RooAbsPdf::plotOn(model) indirectly selected PDF components: ()
[#1] INFO:Plotting -- RooAbsPdf::plotOn(model) directly selected PDF components: (pdf11)
[#1] INFO:Plotting -- RooAbsPdf::plotOn(model) indirectly selected PDF components: ()
1/mass: 0.0525 pull:1.48601
1/mass: 0.0575 pull:1.686
1/mass: 0.0625 pull:2.13171
1/mass: 0.0675 pull:4.18429
1/mass: 0.0725 pull:3.14999
1/mass: 0.0775 pull:3.10279
1/mass: 0.0825 pull:1.89942
1/mass: 0.0875 pull:2.47841
1/mass: 0.0925 pull:0.847208
1/mass: 0.0975 pull:-4.25459
1/mass: 0.1025 pull:-3.8001
1/mass: 0.1075 pull:-2.6461
1/mass: 0.1125 pull:-2.3389
1/mass: 0.1175 pull:-2.6466
1/mass: 0.1225 pull:1.88334
1/mass: 0.1275 pull:2.63067
1/mass: 0.1325 pull:5.70655
1/mass: 0.1375 pull:4.92718
1/mass: 0.1425 pull:6.02169
1/mass: 0.1475 pull:5.75354
2
2
Fitting bin 31 (Ek: 8.11658-9.65954 GeV/n)...
[#1] INFO:Minimization -- p.d.f. provides expected number of events, including extended term in likelihood.
[#1] INFO:Fitting -- RooAbsPdf::fitTo(model) fixing normalization set for coefficient determination to observables in data
[#1] INFO:Fitting -- Creation of NLL object took 139 μs
[#1] INFO:Fitting -- RooAddition::defaultErrorLevel(nll_model_data) Summation contains a RooNLLVar, using its error level
[#1] INFO:Minimization -- RooAbsMinimizerFcn::setOptimizeConst: activating const optimization
[#1] INFO:Fitting -- RooAbsPdf::fitTo(model) Calculating sum-of-weights-squared correction matrix for covariance matrix
[#1] INFO:Minimization -- RooAbsMinimizerFcn::setOptimizeConst: deactivating const optimization
Total chi2/ndf: 12.2236
  Fit Result: Chi2/NDF = 220.024/19 = 11.5802, Status = 0
[#1] INFO:Plotting -- RooAbsPdf::plotOn(model) directly selected PDF components: (pdf10)
[#1] INFO:Plotting -- RooAbsPdf::plotOn(model) indirectly selected PDF components: ()
[#1] INFO:Plotting -- RooAbsPdf::plotOn(model) directly selected PDF components: (pdf11)
[#1] INFO:Plotting -- RooAbsPdf::plotOn(model) indirectly selected PDF components: ()
1/mass: 0.0525 pull:0.317786
1/mass: 0.0575 pull:0.240081
1/mass: 0.0625 pull:1.69205
1/mass: 0.0675 pull:3.23415
1/mass: 0.0725 pull:2.56908
1/mass: 0.0775 pull:2.64947
1/mass: 0.0825 pull:3.36182
1/mass: 0.0875 pull:-1.21153
1/mass: 0.0925 pull:1.75131
1/mass: 0.0975 pull:-3.59267
1/mass: 0.1025 pull:-1.31646
1/mass: 0.1075 pull:-2.43951
1/mass: 0.1125 pull:-3.82079
1/mass: 0.1175 pull:-3.14789
1/mass: 0.1225 pull:0.611093
1/mass: 0.1275 pull:2.67111
1/mass: 0.1325 pull:5.37111
1/mass: 0.1375 pull:6.27389
1/mass: 0.1425 pull:6.36489
1/mass: 0.1475 pull:3.96942
2
2
Fitting bin 33 (Ek: 9.65954-11.4536 GeV/n)...
[#1] INFO:Minimization -- p.d.f. provides expected number of events, including extended term in likelihood.
[#1] INFO:Fitting -- RooAbsPdf::fitTo(model) fixing normalization set for coefficient determination to observables in data
[#1] INFO:Fitting -- Creation of NLL object took 145.431 μs
[#1] INFO:Fitting -- RooAddition::defaultErrorLevel(nll_model_data) Summation contains a RooNLLVar, using its error level
[#1] INFO:Minimization -- RooAbsMinimizerFcn::setOptimizeConst: activating const optimization
[#1] INFO:Fitting -- RooAbsPdf::fitTo(model) Calculating sum-of-weights-squared correction matrix for covariance matrix
[#1] INFO:Minimization -- RooAbsMinimizerFcn::setOptimizeConst: deactivating const optimization
Total chi2/ndf: 8.70811
  Fit Result: Chi2/NDF = 156.746/19 = 8.24979, Status = 0
[#1] INFO:Plotting -- RooAbsPdf::plotOn(model) directly selected PDF components: (pdf10)
[#1] INFO:Plotting -- RooAbsPdf::plotOn(model) indirectly selected PDF components: ()
[#1] INFO:Plotting -- RooAbsPdf::plotOn(model) directly selected PDF components: (pdf11)
[#1] INFO:Plotting -- RooAbsPdf::plotOn(model) indirectly selected PDF components: ()
1/mass: 0.0525 pull:2.77478
1/mass: 0.0575 pull:2.15818
1/mass: 0.0625 pull:-0.213412
1/mass: 0.0675 pull:3.09924
1/mass: 0.0725 pull:0.768866
1/mass: 0.0775 pull:1.14193
1/mass: 0.0825 pull:2.02968
1/mass: 0.0875 pull:0.0418322
1/mass: 0.0925 pull:1.52564
1/mass: 0.0975 pull:-0.408979
1/mass: 0.1025 pull:-2.00617
1/mass: 0.1075 pull:-3.93214
1/mass: 0.1125 pull:-5.2999
1/mass: 0.1175 pull:-0.117285
1/mass: 0.1225 pull:0.750169
1/mass: 0.1275 pull:1.73077
1/mass: 0.1325 pull:2.81075
1/mass: 0.1375 pull:4.61279
1/mass: 0.1425 pull:4.63138
1/mass: 0.1475 pull:4.94484
2
2
Fitting bin 35 (Ek: 11.4536-13.4986 GeV/n)...
[#1] INFO:Minimization -- p.d.f. provides expected number of events, including extended term in likelihood.
[#1] INFO:Fitting -- RooAbsPdf::fitTo(model) fixing normalization set for coefficient determination to observables in data
[#1] INFO:Fitting -- Creation of NLL object took 160.551 μs
[#1] INFO:Fitting -- RooAddition::defaultErrorLevel(nll_model_data) Summation contains a RooNLLVar, using its error level
[#1] INFO:Minimization -- RooAbsMinimizerFcn::setOptimizeConst: activating const optimization
[#1] INFO:Fitting -- RooAbsPdf::fitTo(model) Calculating sum-of-weights-squared correction matrix for covariance matrix
[#1] INFO:Minimization -- RooAbsMinimizerFcn::setOptimizeConst: deactivating const optimization
Total chi2/ndf: 4.82275
  Fit Result: Chi2/NDF = 86.8095/19 = 4.56892, Status = 0
[#1] INFO:Plotting -- RooAbsPdf::plotOn(model) directly selected PDF components: (pdf10)
[#1] INFO:Plotting -- RooAbsPdf::plotOn(model) indirectly selected PDF components: ()
[#1] INFO:Plotting -- RooAbsPdf::plotOn(model) directly selected PDF components: (pdf11)
[#1] INFO:Plotting -- RooAbsPdf::plotOn(model) indirectly selected PDF components: ()
1/mass: 0.0525 pull:1.49669
1/mass: 0.0575 pull:1.75883
1/mass: 0.0625 pull:1.95869
1/mass: 0.0675 pull:2.91622
1/mass: 0.0725 pull:2.1432
1/mass: 0.0775 pull:1.35579
1/mass: 0.0825 pull:1.93961
1/mass: 0.0875 pull:0.845568
1/mass: 0.0925 pull:-1.63548
1/mass: 0.0975 pull:-1.19192
1/mass: 0.1025 pull:-2.22424
1/mass: 0.1075 pull:-3.09066
1/mass: 0.1125 pull:-2.15422
1/mass: 0.1175 pull:0.685935
1/mass: 0.1225 pull:-0.623551
1/mass: 0.1275 pull:1.56762
1/mass: 0.1325 pull:1.08608
1/mass: 0.1375 pull:3.3015
1/mass: 0.1425 pull:3.88794
1/mass: 0.1475 pull:2.1163
2
2
Fitting bin 37 (Ek: 13.4986-15.8444 GeV/n)...
[#1] INFO:Minimization -- p.d.f. provides expected number of events, including extended term in likelihood.
[#1] INFO:Fitting -- RooAbsPdf::fitTo(model) fixing normalization set for coefficient determination to observables in data
[#1] INFO:Fitting -- Creation of NLL object took 153.061 μs
[#1] INFO:Fitting -- RooAddition::defaultErrorLevel(nll_model_data) Summation contains a RooNLLVar, using its error level
[#1] INFO:Minimization -- RooAbsMinimizerFcn::setOptimizeConst: activating const optimization
[#1] INFO:Fitting -- RooAbsPdf::fitTo(model) Calculating sum-of-weights-squared correction matrix for covariance matrix
[#1] INFO:Minimization -- RooAbsMinimizerFcn::setOptimizeConst: deactivating const optimization
Total chi2/ndf: 2.72512
  Fit Result: Chi2/NDF = 49.0522/19 = 2.5817, Status = 0
[#1] INFO:Plotting -- RooAbsPdf::plotOn(model) directly selected PDF components: (pdf10)
[#1] INFO:Plotting -- RooAbsPdf::plotOn(model) indirectly selected PDF components: ()
[#1] INFO:Plotting -- RooAbsPdf::plotOn(model) directly selected PDF components: (pdf11)
[#1] INFO:Plotting -- RooAbsPdf::plotOn(model) indirectly selected PDF components: ()
1/mass: 0.0525 pull:2.04405
1/mass: 0.0575 pull:0.692008
1/mass: 0.0625 pull:1.96405
1/mass: 0.0675 pull:1.3139
1/mass: 0.0725 pull:1.63963
1/mass: 0.0775 pull:0.865468
1/mass: 0.0825 pull:0.722758
1/mass: 0.0875 pull:0.778234
1/mass: 0.0925 pull:-2.13938
1/mass: 0.0975 pull:-0.520108
1/mass: 0.1025 pull:-0.86448
1/mass: 0.1075 pull:-0.929771
1/mass: 0.1125 pull:-1.49176
1/mass: 0.1175 pull:-1.2529
1/mass: 0.1225 pull:-1.29494
1/mass: 0.1275 pull:-0.712496
1/mass: 0.1325 pull:2.03391
1/mass: 0.1375 pull:2.61058
1/mass: 0.1425 pull:3.01494
1/mass: 0.1475 pull:1.32864
2
2
Fitting bin 39 (Ek: 15.8444-18.5408 GeV/n)...
[#1] INFO:Minimization -- p.d.f. provides expected number of events, including extended term in likelihood.
[#1] INFO:Fitting -- RooAbsPdf::fitTo(model) fixing normalization set for coefficient determination to observables in data
[#1] INFO:Fitting -- Creation of NLL object took 149.71 μs
[#1] INFO:Fitting -- RooAddition::defaultErrorLevel(nll_model_data) Summation contains a RooNLLVar, using its error level
[#1] INFO:Minimization -- RooAbsMinimizerFcn::setOptimizeConst: activating const optimization
[#1] INFO:Fitting -- RooAbsPdf::fitTo(model) Calculating sum-of-weights-squared correction matrix for covariance matrix
[#1] INFO:Minimization -- RooAbsMinimizerFcn::setOptimizeConst: deactivating const optimization
Total chi2/ndf: 1.24626
  Fit Result: Chi2/NDF = 22.4328/19 = 1.18067, Status = 0
[#1] INFO:Plotting -- RooAbsPdf::plotOn(model) directly selected PDF components: (pdf10)
[#1] INFO:Plotting -- RooAbsPdf::plotOn(model) indirectly selected PDF components: ()
[#1] INFO:Plotting -- RooAbsPdf::plotOn(model) directly selected PDF components: (pdf11)
[#1] INFO:Plotting -- RooAbsPdf::plotOn(model) indirectly selected PDF components: ()
1/mass: 0.0525 pull:0.0406151
1/mass: 0.0575 pull:-0.0192492
1/mass: 0.0625 pull:2.27183
1/mass: 0.0675 pull:0.514306
1/mass: 0.0725 pull:1.73915
1/mass: 0.0775 pull:-0.626821
1/mass: 0.0825 pull:0.0438712
1/mass: 0.0875 pull:0.647583
1/mass: 0.0925 pull:-0.633517
1/mass: 0.0975 pull:-1.32283
1/mass: 0.1025 pull:0.176611
1/mass: 0.1075 pull:-0.920868
1/mass: 0.1125 pull:-0.323951
1/mass: 0.1175 pull:-0.90983
1/mass: 0.1225 pull:-1.2466
1/mass: 0.1275 pull:1.61928
1/mass: 0.1325 pull:-0.773612
1/mass: 0.1375 pull:1.14182
1/mass: 0.1425 pull:0.488951
1/mass: 0.1475 pull:1.69872
2
2
Fitting bin 41 (Ek: 18.5408-21.6377 GeV/n)...
[#1] INFO:Minimization -- p.d.f. provides expected number of events, including extended term in likelihood.
[#1] INFO:Fitting -- RooAbsPdf::fitTo(model) fixing normalization set for coefficient determination to observables in data
[#1] INFO:Fitting -- Creation of NLL object took 202.711 μs
[#1] INFO:Fitting -- RooAddition::defaultErrorLevel(nll_model_data) Summation contains a RooNLLVar, using its error level
[#1] INFO:Minimization -- RooAbsMinimizerFcn::setOptimizeConst: activating const optimization
[#1] INFO:Fitting -- RooAbsPdf::fitTo(model) Calculating sum-of-weights-squared correction matrix for covariance matrix
[#1] INFO:Minimization -- RooAbsMinimizerFcn::setOptimizeConst: deactivating const optimization
Total chi2/ndf: 1.27612
  Fit Result: Chi2/NDF = 22.9702/19 = 1.20896, Status = 0
[#1] INFO:Plotting -- RooAbsPdf::plotOn(model) directly selected PDF components: (pdf10)
[#1] INFO:Plotting -- RooAbsPdf::plotOn(model) indirectly selected PDF components: ()
[#1] INFO:Plotting -- RooAbsPdf::plotOn(model) directly selected PDF components: (pdf11)
[#1] INFO:Plotting -- RooAbsPdf::plotOn(model) indirectly selected PDF components: ()
1/mass: 0.0525 pull:-2.09294
1/mass: 0.0575 pull:2.58167
1/mass: 0.0625 pull:1.18963
1/mass: 0.0675 pull:0.883094
1/mass: 0.0725 pull:-0.115441
1/mass: 0.0775 pull:-0.227505
1/mass: 0.0825 pull:-0.913066
1/mass: 0.0875 pull:0.080619
1/mass: 0.0925 pull:0.869603
1/mass: 0.0975 pull:-1.03871
1/mass: 0.1025 pull:0.0715313
1/mass: 0.1075 pull:-0.898598
1/mass: 0.1125 pull:-0.874808
1/mass: 0.1175 pull:0.541753
1/mass: 0.1225 pull:0.626588
1/mass: 0.1275 pull:-1.79152
1/mass: 0.1325 pull:0.85489
1/mass: 0.1375 pull:0.0745923
1/mass: 0.1425 pull:0.75566
1/mass: 0.1475 pull:0.456448

[SUCCESS] Fitting process completed. Results saved to:
/eos/user/z/zixuan/Isotope/MassTempFit/wide_MassTF_B_UnbiasedL1Inner_H2_UseMass10_FragFromCarbon.pdf
/eos/user/z/zixuan/Isotope/MassTempFit/wide_MassTF_B_UnbiasedL1Inner_H2_UseMass10_FragFromCarbon.root
====================================================================
Starting FRAGMENT Mass Template Fit for: B from source Nitrogen (UseMass: 10)
Chain: UnbiasedL1Inner
Templates: Pure (H2)
====================================================================
[INFO] Data file loaded: root://eoshome-z.cern.ch//eos/user/z/zixuan/Isotope/Add/B_frag5.root
[INFO] Output ROOT file: /eos/user/z/zixuan/Isotope/MassTempFit/wide_MassTF_B_UnbiasedL1Inner_H2_UseMass10_FragFromNitrogen.root

--- Processing Detector: TOF ---
2
2
Fitting bin 5 (Ek: 0.267548-0.406144 GeV/n)...
[#1] INFO:Minimization -- p.d.f. provides expected number of events, including extended term in likelihood.
[#1] INFO:Fitting -- RooAbsPdf::fitTo(model) fixing normalization set for coefficient determination to observables in data
[#1] INFO:Fitting -- Creation of NLL object took 206.211 μs
[#1] INFO:Fitting -- RooAddition::defaultErrorLevel(nll_model_data) Summation contains a RooNLLVar, using its error level
[#1] INFO:Minimization -- RooAbsMinimizerFcn::setOptimizeConst: activating const optimization
[#1] INFO:Fitting -- RooAbsPdf::fitTo(model) Calculating sum-of-weights-squared correction matrix for covariance matrix
[#1] INFO:Minimization -- RooAbsMinimizerFcn::setOptimizeConst: deactivating const optimization
Total chi2/ndf: 6.85865
  Fit Result: Chi2/NDF = 123.456/19 = 6.49767, Status = 0
[#1] INFO:Plotting -- RooAbsPdf::plotOn(model) directly selected PDF components: (pdf10)
[#1] INFO:Plotting -- RooAbsPdf::plotOn(model) indirectly selected PDF components: ()
[#1] INFO:Plotting -- RooAbsPdf::plotOn(model) directly selected PDF components: (pdf11)
[#1] INFO:Plotting -- RooAbsPdf::plotOn(model) indirectly selected PDF components: ()
1/mass: 0.0525 pull:0.344346
1/mass: 0.0575 pull:2.09536
1/mass: 0.0625 pull:1.32227
1/mass: 0.0675 pull:3.65093
1/mass: 0.0725 pull:3.30846
1/mass: 0.0775 pull:3.01018
1/mass: 0.0825 pull:3.0087
1/mass: 0.0875 pull:0.822595
1/mass: 0.0925 pull:-1.23472
1/mass: 0.0975 pull:-2.31623
1/mass: 0.1025 pull:-4.25631
1/mass: 0.1075 pull:-2.96624
1/mass: 0.1125 pull:-2.69962
1/mass: 0.1175 pull:0.343287
1/mass: 0.1225 pull:0.482595
1/mass: 0.1275 pull:3.60482
1/mass: 0.1325 pull:0.382258
1/mass: 0.1375 pull:2.40468
1/mass: 0.1425 pull:2.64604
1/mass: 0.1475 pull:2.60097
2
2
Fitting bin 7 (Ek: 0.406144-0.587609 GeV/n)...
[#1] INFO:Minimization -- p.d.f. provides expected number of events, including extended term in likelihood.
[#1] INFO:Fitting -- RooAbsPdf::fitTo(model) fixing normalization set for coefficient determination to observables in data
[#1] INFO:Fitting -- Creation of NLL object took 154.081 μs
[#1] INFO:Fitting -- RooAddition::defaultErrorLevel(nll_model_data) Summation contains a RooNLLVar, using its error level
[#1] INFO:Minimization -- RooAbsMinimizerFcn::setOptimizeConst: activating const optimization
[#1] INFO:Fitting -- RooAbsPdf::fitTo(model) Calculating sum-of-weights-squared correction matrix for covariance matrix
[#1] INFO:Minimization -- RooAbsMinimizerFcn::setOptimizeConst: deactivating const optimization
Total chi2/ndf: 18.6394
  Fit Result: Chi2/NDF = 335.51/19 = 17.6584, Status = 0
[#1] INFO:Plotting -- RooAbsPdf::plotOn(model) directly selected PDF components: (pdf10)
[#1] INFO:Plotting -- RooAbsPdf::plotOn(model) indirectly selected PDF components: ()
[#1] INFO:Plotting -- RooAbsPdf::plotOn(model) directly selected PDF components: (pdf11)
[#1] INFO:Plotting -- RooAbsPdf::plotOn(model) indirectly selected PDF components: ()
1/mass: 0.0525 pull:2.38519
1/mass: 0.0575 pull:2.99569
1/mass: 0.0625 pull:4.37019
1/mass: 0.0675 pull:4.9556
1/mass: 0.0725 pull:9.01603
1/mass: 0.0775 pull:5.85663
1/mass: 0.0825 pull:2.30686
1/mass: 0.0875 pull:-1.16477
1/mass: 0.0925 pull:-0.795957
1/mass: 0.0975 pull:-3.67852
1/mass: 0.1025 pull:-5.0453
1/mass: 0.1075 pull:-5.38724
1/mass: 0.1125 pull:-3.51799
1/mass: 0.1175 pull:-0.33454
1/mass: 0.1225 pull:1.90195
1/mass: 0.1275 pull:2.67143
1/mass: 0.1325 pull:2.74515
1/mass: 0.1375 pull:4.55837
1/mass: 0.1425 pull:4.0469
1/mass: 0.1475 pull:4.28322
2
2
Fitting bin 9 (Ek: 0.587609-0.821474 GeV/n)...
[#1] INFO:Minimization -- p.d.f. provides expected number of events, including extended term in likelihood.
[#1] INFO:Fitting -- RooAbsPdf::fitTo(model) fixing normalization set for coefficient determination to observables in data
[#1] INFO:Fitting -- Creation of NLL object took 194.14 μs
[#1] INFO:Fitting -- RooAddition::defaultErrorLevel(nll_model_data) Summation contains a RooNLLVar, using its error level
[#1] INFO:Minimization -- RooAbsMinimizerFcn::setOptimizeConst: activating const optimization
[#1] INFO:Fitting -- RooAbsPdf::fitTo(model) Calculating sum-of-weights-squared correction matrix for covariance matrix
[#1] INFO:Minimization -- RooAbsMinimizerFcn::setOptimizeConst: deactivating const optimization
Total chi2/ndf: 35.7093
  Fit Result: Chi2/NDF = 642.768/19 = 33.8299, Status = 0
[#1] INFO:Plotting -- RooAbsPdf::plotOn(model) directly selected PDF components: (pdf10)
[#1] INFO:Plotting -- RooAbsPdf::plotOn(model) indirectly selected PDF components: ()
[#1] INFO:Plotting -- RooAbsPdf::plotOn(model) directly selected PDF components: (pdf11)
[#1] INFO:Plotting -- RooAbsPdf::plotOn(model) indirectly selected PDF components: ()
1/mass: 0.0525 pull:2.02405
1/mass: 0.0575 pull:3.96661
1/mass: 0.0625 pull:6.22213
1/mass: 0.0675 pull:7.9987
1/mass: 0.0725 pull:9.61813
1/mass: 0.0775 pull:9.1089
1/mass: 0.0825 pull:6.65072
1/mass: 0.0875 pull:1.14007
1/mass: 0.0925 pull:-3.81589
1/mass: 0.0975 pull:-6.73745
1/mass: 0.1025 pull:-7.63913
1/mass: 0.1075 pull:-7.71767
1/mass: 0.1125 pull:-3.70455
1/mass: 0.1175 pull:-0.323539
1/mass: 0.1225 pull:3.91499
1/mass: 0.1275 pull:6.36042
1/mass: 0.1325 pull:3.17555
1/mass: 0.1375 pull:2.86664
1/mass: 0.1425 pull:4.23145
1/mass: 0.1475 pull:3.94217
2
2
Fitting bin 11 (Ek: 0.821474-1.11303 GeV/n)...
[#1] INFO:Minimization -- p.d.f. provides expected number of events, including extended term in likelihood.
[#1] INFO:Fitting -- RooAbsPdf::fitTo(model) fixing normalization set for coefficient determination to observables in data
[#1] INFO:Fitting -- Creation of NLL object took 148.32 μs
[#1] INFO:Fitting -- RooAddition::defaultErrorLevel(nll_model_data) Summation contains a RooNLLVar, using its error level
[#1] INFO:Minimization -- RooAbsMinimizerFcn::setOptimizeConst: activating const optimization
[#1] INFO:Fitting -- RooAbsPdf::fitTo(model) Calculating sum-of-weights-squared correction matrix for covariance matrix
[#1] INFO:Minimization -- RooAbsMinimizerFcn::setOptimizeConst: deactivating const optimization
Total chi2/ndf: 61.0613
  Fit Result: Chi2/NDF = 1099.1/19 = 57.8476, Status = 0
[#1] INFO:Plotting -- RooAbsPdf::plotOn(model) directly selected PDF components: (pdf10)
[#1] INFO:Plotting -- RooAbsPdf::plotOn(model) indirectly selected PDF components: ()
[#1] INFO:Plotting -- RooAbsPdf::plotOn(model) directly selected PDF components: (pdf11)
[#1] INFO:Plotting -- RooAbsPdf::plotOn(model) indirectly selected PDF components: ()
1/mass: 0.0525 pull:4.98518
1/mass: 0.0575 pull:5.72391
1/mass: 0.0625 pull:7.68984
1/mass: 0.0825 pull:6.53901
1/mass: 0.0875 pull:2.12072
1/mass: 0.0925 pull:-2.09223
1/mass: 0.1125 pull:-3.65528
1/mass: 0.1175 pull:-0.91363
1/mass: 0.1225 pull:5.36691
1/mass: 0.1275 pull:6.32479
1/mass: 0.1325 pull:5.45912
1/mass: 0.1375 pull:4.84822
1/mass: 0.1425 pull:4.79017
1/mass: 0.1475 pull:5.15701
2
2
Fitting bin 13 (Ek: 1.11303-1.4714 GeV/n)...
[#1] INFO:Minimization -- p.d.f. provides expected number of events, including extended term in likelihood.
[#1] INFO:Fitting -- RooAbsPdf::fitTo(model) fixing normalization set for coefficient determination to observables in data
[#1] INFO:Fitting -- Creation of NLL object took 173.151 μs
[#1] INFO:Fitting -- RooAddition::defaultErrorLevel(nll_model_data) Summation contains a RooNLLVar, using its error level
[#1] INFO:Minimization -- RooAbsMinimizerFcn::setOptimizeConst: activating const optimization
[#1] INFO:Fitting -- RooAbsPdf::fitTo(model) Calculating sum-of-weights-squared correction matrix for covariance matrix
[#1] INFO:Minimization -- RooAbsMinimizerFcn::setOptimizeConst: deactivating const optimization
Total chi2/ndf: 89.8609
  Fit Result: Chi2/NDF = 1617.5/19 = 85.1314, Status = 0
[#1] INFO:Plotting -- RooAbsPdf::plotOn(model) directly selected PDF components: (pdf10)
[#1] INFO:Plotting -- RooAbsPdf::plotOn(model) indirectly selected PDF components: ()
[#1] INFO:Plotting -- RooAbsPdf::plotOn(model) directly selected PDF components: (pdf11)
[#1] INFO:Plotting -- RooAbsPdf::plotOn(model) indirectly selected PDF components: ()
1/mass: 0.0525 pull:8.02555
1/mass: 0.0575 pull:9.21864
1/mass: 0.0825 pull:7.24696
1/mass: 0.0875 pull:-0.730496
1/mass: 0.0925 pull:-7.67395
1/mass: 0.1125 pull:-6.32496
1/mass: 0.1175 pull:1.58648
1/mass: 0.1225 pull:1.78307
1/mass: 0.1275 pull:4.70204
1/mass: 0.1325 pull:7.90321
1/mass: 0.1375 pull:5.34557
1/mass: 0.1425 pull:6.64034
1/mass: 0.1475 pull:5.45218

--- Processing Detector: NaF ---
2
2
Fitting bin 11 (Ek: 0.821474-1.11303 GeV/n)...
[#1] INFO:Minimization -- p.d.f. provides expected number of events, including extended term in likelihood.
[#1] INFO:Fitting -- RooAbsPdf::fitTo(model) fixing normalization set for coefficient determination to observables in data
[#1] INFO:Fitting -- Creation of NLL object took 218.25 μs
[#1] INFO:Fitting -- RooAddition::defaultErrorLevel(nll_model_data) Summation contains a RooNLLVar, using its error level
[#1] INFO:Minimization -- RooAbsMinimizerFcn::setOptimizeConst: activating const optimization
[#1] INFO:Fitting -- RooAbsPdf::fitTo(model) Calculating sum-of-weights-squared correction matrix for covariance matrix
[#1] INFO:Minimization -- RooAbsMinimizerFcn::setOptimizeConst: deactivating const optimization
Total chi2/ndf: 2.83565
  Fit Result: Chi2/NDF = 51.0417/19 = 2.6864, Status = 0
[#1] INFO:Plotting -- RooAbsPdf::plotOn(model) directly selected PDF components: (pdf10)
[#1] INFO:Plotting -- RooAbsPdf::plotOn(model) indirectly selected PDF components: ()
[#1] INFO:Plotting -- RooAbsPdf::plotOn(model) directly selected PDF components: (pdf11)
[#1] INFO:Plotting -- RooAbsPdf::plotOn(model) indirectly selected PDF components: ()
1/mass: 0.0525 pull:-0.00119605
1/mass: 0.0575 pull:1.31794
1/mass: 0.0625 pull:2.48897
1/mass: 0.0675 pull:1.703
1/mass: 0.0725 pull:2.54303
1/mass: 0.0775 pull:0.301202
1/mass: 0.0825 pull:1.7236
1/mass: 0.0875 pull:-0.157931
1/mass: 0.0925 pull:-0.712684
1/mass: 0.0975 pull:-1.3766
1/mass: 0.1025 pull:-0.248819
1/mass: 0.1075 pull:-2.80929
1/mass: 0.1125 pull:-2.20896
1/mass: 0.1175 pull:0.977956
1/mass: 0.1225 pull:0.525471
1/mass: 0.1275 pull:1.48822
1/mass: 0.1325 pull:2.01678
1/mass: 0.1375 pull:1.36805
1/mass: 0.1425 pull:1.73853
1/mass: 0.1475 pull:1.73517
2
2
Fitting bin 13 (Ek: 1.11303-1.4714 GeV/n)...
[#1] INFO:Minimization -- p.d.f. provides expected number of events, including extended term in likelihood.
[#1] INFO:Fitting -- RooAbsPdf::fitTo(model) fixing normalization set for coefficient determination to observables in data
[#1] INFO:Fitting -- Creation of NLL object took 146.69 μs
[#1] INFO:Fitting -- RooAddition::defaultErrorLevel(nll_model_data) Summation contains a RooNLLVar, using its error level
[#1] INFO:Minimization -- RooAbsMinimizerFcn::setOptimizeConst: activating const optimization
[#1] INFO:Fitting -- RooAbsPdf::fitTo(model) Calculating sum-of-weights-squared correction matrix for covariance matrix
[#1] INFO:Minimization -- RooAbsMinimizerFcn::setOptimizeConst: deactivating const optimization
Total chi2/ndf: 2.85944
  Fit Result: Chi2/NDF = 51.47/19 = 2.70895, Status = 0
[#1] INFO:Plotting -- RooAbsPdf::plotOn(model) directly selected PDF components: (pdf10)
[#1] INFO:Plotting -- RooAbsPdf::plotOn(model) indirectly selected PDF components: ()
[#1] INFO:Plotting -- RooAbsPdf::plotOn(model) directly selected PDF components: (pdf11)
[#1] INFO:Plotting -- RooAbsPdf::plotOn(model) indirectly selected PDF components: ()
1/mass: 0.0525 pull:1.43956
1/mass: 0.0575 pull:1.3433
1/mass: 0.0625 pull:2.16358
1/mass: 0.0675 pull:1.47544
1/mass: 0.0725 pull:1.4032
1/mass: 0.0775 pull:2.61562
1/mass: 0.0825 pull:0.904066
1/mass: 0.0875 pull:1.61285
1/mass: 0.0925 pull:-1.00926
1/mass: 0.0975 pull:-2.78781
1/mass: 0.1025 pull:-2.24528
1/mass: 0.1075 pull:-1.51459
1/mass: 0.1125 pull:-0.643743
1/mass: 0.1175 pull:0.835435
1/mass: 0.1225 pull:1.72395
1/mass: 0.1275 pull:1.23842
1/mass: 0.1325 pull:0.43425
1/mass: 0.1375 pull:1.9463
1/mass: 0.1425 pull:1.56508
1/mass: 0.1475 pull:0.579848
2
2
Fitting bin 15 (Ek: 1.4714-1.91049 GeV/n)...
[#1] INFO:Minimization -- p.d.f. provides expected number of events, including extended term in likelihood.
[#1] INFO:Fitting -- RooAbsPdf::fitTo(model) fixing normalization set for coefficient determination to observables in data
[#1] INFO:Fitting -- Creation of NLL object took 146.521 μs
[#1] INFO:Fitting -- RooAddition::defaultErrorLevel(nll_model_data) Summation contains a RooNLLVar, using its error level
[#1] INFO:Minimization -- RooAbsMinimizerFcn::setOptimizeConst: activating const optimization
[#1] INFO:Fitting -- RooAbsPdf::fitTo(model) Calculating sum-of-weights-squared correction matrix for covariance matrix
[#1] INFO:Minimization -- RooAbsMinimizerFcn::setOptimizeConst: deactivating const optimization
Total chi2/ndf: 5.10356
  Fit Result: Chi2/NDF = 91.8642/19 = 4.83496, Status = 0
[#1] INFO:Plotting -- RooAbsPdf::plotOn(model) directly selected PDF components: (pdf10)
[#1] INFO:Plotting -- RooAbsPdf::plotOn(model) indirectly selected PDF components: ()
[#1] INFO:Plotting -- RooAbsPdf::plotOn(model) directly selected PDF components: (pdf11)
[#1] INFO:Plotting -- RooAbsPdf::plotOn(model) indirectly selected PDF components: ()
1/mass: 0.0525 pull:0.0585024
1/mass: 0.0575 pull:-1.08601
1/mass: 0.0625 pull:1.88833
1/mass: 0.0675 pull:2.53549
1/mass: 0.0725 pull:4.67805
1/mass: 0.0775 pull:3.83999
1/mass: 0.0825 pull:1.06245
1/mass: 0.0875 pull:-0.548368
1/mass: 0.0925 pull:-1.63338
1/mass: 0.0975 pull:-1.26236
1/mass: 0.1025 pull:-3.03934
1/mass: 0.1075 pull:-1.94451
1/mass: 0.1125 pull:-1.75643
1/mass: 0.1175 pull:1.86427
1/mass: 0.1225 pull:1.29624
1/mass: 0.1275 pull:0.0814391
1/mass: 0.1325 pull:1.84845
1/mass: 0.1375 pull:1.88118
1/mass: 0.1425 pull:1.85309
1/mass: 0.1475 pull:2.59046
2
2
Fitting bin 17 (Ek: 1.91049-2.43494 GeV/n)...
[#1] INFO:Minimization -- p.d.f. provides expected number of events, including extended term in likelihood.
[#1] INFO:Fitting -- RooAbsPdf::fitTo(model) fixing normalization set for coefficient determination to observables in data
[#1] INFO:Fitting -- Creation of NLL object took 169.191 μs
[#1] INFO:Fitting -- RooAddition::defaultErrorLevel(nll_model_data) Summation contains a RooNLLVar, using its error level
[#1] INFO:Minimization -- RooAbsMinimizerFcn::setOptimizeConst: activating const optimization
[#1] INFO:Fitting -- RooAbsPdf::fitTo(model) Calculating sum-of-weights-squared correction matrix for covariance matrix
[#1] INFO:Minimization -- RooAbsMinimizerFcn::setOptimizeConst: deactivating const optimization
Total chi2/ndf: 3.73135
  Fit Result: Chi2/NDF = 67.1643/19 = 3.53496, Status = 0
[#1] INFO:Plotting -- RooAbsPdf::plotOn(model) directly selected PDF components: (pdf10)
[#1] INFO:Plotting -- RooAbsPdf::plotOn(model) indirectly selected PDF components: ()
[#1] INFO:Plotting -- RooAbsPdf::plotOn(model) directly selected PDF components: (pdf11)
[#1] INFO:Plotting -- RooAbsPdf::plotOn(model) indirectly selected PDF components: ()
1/mass: 0.0525 pull:0.803893
1/mass: 0.0575 pull:-0.735483
1/mass: 0.0625 pull:1.65889
1/mass: 0.0675 pull:1.70926
1/mass: 0.0725 pull:3.11864
1/mass: 0.0775 pull:0.568806
1/mass: 0.0825 pull:3.43651
1/mass: 0.0875 pull:-0.212017
1/mass: 0.0925 pull:-2.21612
1/mass: 0.0975 pull:-1.28166
1/mass: 0.1025 pull:-1.90471
1/mass: 0.1075 pull:-0.538905
1/mass: 0.1125 pull:-0.781565
1/mass: 0.1175 pull:-1.52508
1/mass: 0.1225 pull:0.222099
1/mass: 0.1275 pull:2.9254
1/mass: 0.1325 pull:1.7052
1/mass: 0.1375 pull:0.941025
1/mass: 0.1425 pull:2.79778
1/mass: 0.1475 pull:2.18233
2
2
Fitting bin 19 (Ek: 2.43494-3.05875 GeV/n)...
[#1] INFO:Minimization -- p.d.f. provides expected number of events, including extended term in likelihood.
[#1] INFO:Fitting -- RooAbsPdf::fitTo(model) fixing normalization set for coefficient determination to observables in data
[#1] INFO:Fitting -- Creation of NLL object took 191.011 μs
[#1] INFO:Fitting -- RooAddition::defaultErrorLevel(nll_model_data) Summation contains a RooNLLVar, using its error level
[#1] INFO:Minimization -- RooAbsMinimizerFcn::setOptimizeConst: activating const optimization
[#1] INFO:Fitting -- RooAbsPdf::fitTo(model) Calculating sum-of-weights-squared correction matrix for covariance matrix
[#1] INFO:Minimization -- RooAbsMinimizerFcn::setOptimizeConst: deactivating const optimization
Total chi2/ndf: 2.77824
  Fit Result: Chi2/NDF = 50.0083/19 = 2.63201, Status = 0
[#1] INFO:Plotting -- RooAbsPdf::plotOn(model) directly selected PDF components: (pdf10)
[#1] INFO:Plotting -- RooAbsPdf::plotOn(model) indirectly selected PDF components: ()
[#1] INFO:Plotting -- RooAbsPdf::plotOn(model) directly selected PDF components: (pdf11)
[#1] INFO:Plotting -- RooAbsPdf::plotOn(model) indirectly selected PDF components: ()
1/mass: 0.0525 pull:0.0743436
1/mass: 0.0575 pull:0.269949
1/mass: 0.0625 pull:0.462763
1/mass: 0.0675 pull:2.93571
1/mass: 0.0725 pull:2.93301
1/mass: 0.0775 pull:2.12103
1/mass: 0.0825 pull:2.0306
1/mass: 0.0875 pull:-1.36765
1/mass: 0.0925 pull:-1.00172
1/mass: 0.0975 pull:-1.16668
1/mass: 0.1025 pull:-1.21447
1/mass: 0.1075 pull:-1.33188
1/mass: 0.1125 pull:-0.561175
1/mass: 0.1175 pull:0.536681
1/mass: 0.1225 pull:-0.46263
1/mass: 0.1275 pull:0.151663
1/mass: 0.1325 pull:1.62169
1/mass: 0.1375 pull:2.66508
1/mass: 0.1425 pull:0.685468
1/mass: 0.1475 pull:2.31223
2
2
Fitting bin 21 (Ek: 3.05875-3.79127 GeV/n)...
[#1] INFO:Minimization -- p.d.f. provides expected number of events, including extended term in likelihood.
[#1] INFO:Fitting -- RooAbsPdf::fitTo(model) fixing normalization set for coefficient determination to observables in data
[#1] INFO:Fitting -- Creation of NLL object took 141.161 μs
[#1] INFO:Fitting -- RooAddition::defaultErrorLevel(nll_model_data) Summation contains a RooNLLVar, using its error level
[#1] INFO:Minimization -- RooAbsMinimizerFcn::setOptimizeConst: activating const optimization
[#1] INFO:Fitting -- RooAbsPdf::fitTo(model) Calculating sum-of-weights-squared correction matrix for covariance matrix
[#1] INFO:Minimization -- RooAbsMinimizerFcn::setOptimizeConst: deactivating const optimization
Total chi2/ndf: 3.07272
  Fit Result: Chi2/NDF = 52.2363/19 = 2.74928, Status = 0
[#1] INFO:Plotting -- RooAbsPdf::plotOn(model) directly selected PDF components: (pdf10)
[#1] INFO:Plotting -- RooAbsPdf::plotOn(model) indirectly selected PDF components: ()
[#1] INFO:Plotting -- RooAbsPdf::plotOn(model) directly selected PDF components: (pdf11)
[#1] INFO:Plotting -- RooAbsPdf::plotOn(model) indirectly selected PDF components: ()
1/mass: 0.0575 pull:0.423394
1/mass: 0.0625 pull:0.880836
1/mass: 0.0675 pull:1.51096
1/mass: 0.0725 pull:2.18973
1/mass: 0.0775 pull:3.43342
1/mass: 0.0825 pull:1.74062
1/mass: 0.0875 pull:1.61689
1/mass: 0.0925 pull:-3.02852
1/mass: 0.0975 pull:-1.82102
1/mass: 0.1025 pull:-1.99081
1/mass: 0.1075 pull:-0.22083
1/mass: 0.1125 pull:-0.653298
1/mass: 0.1175 pull:-0.500211
1/mass: 0.1225 pull:1.18321
1/mass: 0.1275 pull:1.36538
1/mass: 0.1325 pull:1.31571
1/mass: 0.1375 pull:1.48902
1/mass: 0.1425 pull:-0.299078
1/mass: 0.1475 pull:1.51382
2
2
Fitting bin 23 (Ek: 3.79127-4.64682 GeV/n)...
[#1] INFO:Minimization -- p.d.f. provides expected number of events, including extended term in likelihood.
[#1] INFO:Fitting -- RooAbsPdf::fitTo(model) fixing normalization set for coefficient determination to observables in data
[#1] INFO:Fitting -- Creation of NLL object took 176.58 μs
[#1] INFO:Fitting -- RooAddition::defaultErrorLevel(nll_model_data) Summation contains a RooNLLVar, using its error level
[#1] INFO:Minimization -- RooAbsMinimizerFcn::setOptimizeConst: activating const optimization
[#1] INFO:Fitting -- RooAbsPdf::fitTo(model) Calculating sum-of-weights-squared correction matrix for covariance matrix
[#1] INFO:Minimization -- RooAbsMinimizerFcn::setOptimizeConst: deactivating const optimization
Total chi2/ndf: 4.44087
  Fit Result: Chi2/NDF = 79.9356/19 = 4.20714, Status = 0
[#1] INFO:Plotting -- RooAbsPdf::plotOn(model) directly selected PDF components: (pdf10)
[#1] INFO:Plotting -- RooAbsPdf::plotOn(model) indirectly selected PDF components: ()
[#1] INFO:Plotting -- RooAbsPdf::plotOn(model) directly selected PDF components: (pdf11)
[#1] INFO:Plotting -- RooAbsPdf::plotOn(model) indirectly selected PDF components: ()
1/mass: 0.0525 pull:0.173388
1/mass: 0.0575 pull:2.09148
1/mass: 0.0625 pull:2.0061
1/mass: 0.0675 pull:1.82373
1/mass: 0.0725 pull:3.56534
1/mass: 0.0775 pull:3.17032
1/mass: 0.0825 pull:2.28628
1/mass: 0.0875 pull:-0.0574076
1/mass: 0.0925 pull:-0.948999
1/mass: 0.0975 pull:-3.59958
1/mass: 0.1025 pull:-3.72192
1/mass: 0.1075 pull:-1.12216
1/mass: 0.1125 pull:1.13112
1/mass: 0.1175 pull:-0.0189148
1/mass: 0.1225 pull:0.648111
1/mass: 0.1275 pull:1.87355
1/mass: 0.1325 pull:-0.687065
1/mass: 0.1375 pull:1.59118
1/mass: 0.1425 pull:1.5096
1/mass: 0.1475 pull:0.851733
2
2
Fitting bin 25 (Ek: 4.64682-5.63491 GeV/n)...
[#1] INFO:Minimization -- p.d.f. provides expected number of events, including extended term in likelihood.
[#1] INFO:Fitting -- RooAbsPdf::fitTo(model) fixing normalization set for coefficient determination to observables in data
[#1] INFO:Fitting -- Creation of NLL object took 160.73 μs
[#1] INFO:Fitting -- RooAddition::defaultErrorLevel(nll_model_data) Summation contains a RooNLLVar, using its error level
[#1] INFO:Minimization -- RooAbsMinimizerFcn::setOptimizeConst: activating const optimization
[#1] INFO:Fitting -- RooAbsPdf::fitTo(model) Calculating sum-of-weights-squared correction matrix for covariance matrix
[#1] INFO:Minimization -- RooAbsMinimizerFcn::setOptimizeConst: deactivating const optimization
Total chi2/ndf: 1.99757
  Fit Result: Chi2/NDF = 35.9562/19 = 1.89243, Status = 0
[#1] INFO:Plotting -- RooAbsPdf::plotOn(model) directly selected PDF components: (pdf10)
[#1] INFO:Plotting -- RooAbsPdf::plotOn(model) indirectly selected PDF components: ()
[#1] INFO:Plotting -- RooAbsPdf::plotOn(model) directly selected PDF components: (pdf11)
[#1] INFO:Plotting -- RooAbsPdf::plotOn(model) indirectly selected PDF components: ()
1/mass: 0.0525 pull:0.872616
1/mass: 0.0575 pull:0.2084
1/mass: 0.0625 pull:1.22574
1/mass: 0.0675 pull:1.05402
1/mass: 0.0725 pull:1.62272
1/mass: 0.0775 pull:2.22623
1/mass: 0.0825 pull:0.458688
1/mass: 0.0875 pull:0.717033
1/mass: 0.0925 pull:-1.17716
1/mass: 0.0975 pull:0.292146
1/mass: 0.1025 pull:-1.54512
1/mass: 0.1075 pull:-3.24658
1/mass: 0.1125 pull:0.32367
1/mass: 0.1175 pull:-0.94548
1/mass: 0.1225 pull:0.432251
1/mass: 0.1275 pull:2.53951
1/mass: 0.1325 pull:1.24163
1/mass: 0.1375 pull:0.283118
1/mass: 0.1425 pull:-0.474635
1/mass: 0.1475 pull:0.586193

--- Processing Detector: AGL ---
2
2
Fitting bin 19 (Ek: 2.43494-3.05875 GeV/n)...
[#1] INFO:Minimization -- p.d.f. provides expected number of events, including extended term in likelihood.
[#1] INFO:Fitting -- RooAbsPdf::fitTo(model) fixing normalization set for coefficient determination to observables in data
[#1] INFO:Fitting -- Creation of NLL object took 166.969 μs
[#1] INFO:Fitting -- RooAddition::defaultErrorLevel(nll_model_data) Summation contains a RooNLLVar, using its error level
[#1] INFO:Minimization -- RooAbsMinimizerFcn::setOptimizeConst: activating const optimization
[#1] INFO:Fitting -- RooAbsPdf::fitTo(model) Calculating sum-of-weights-squared correction matrix for covariance matrix
[#1] INFO:Minimization -- RooAbsMinimizerFcn::setOptimizeConst: deactivating const optimization
Total chi2/ndf: 11.1662
  Fit Result: Chi2/NDF = 200.992/19 = 10.5785, Status = 0
[#1] INFO:Plotting -- RooAbsPdf::plotOn(model) directly selected PDF components: (pdf10)
[#1] INFO:Plotting -- RooAbsPdf::plotOn(model) indirectly selected PDF components: ()
[#1] INFO:Plotting -- RooAbsPdf::plotOn(model) directly selected PDF components: (pdf11)
[#1] INFO:Plotting -- RooAbsPdf::plotOn(model) indirectly selected PDF components: ()
1/mass: 0.0525 pull:1.58152
1/mass: 0.0575 pull:1.69656
1/mass: 0.0625 pull:1.21312
1/mass: 0.0675 pull:2.95404
1/mass: 0.0725 pull:4.17446
1/mass: 0.0775 pull:5.12752
1/mass: 0.0825 pull:4.00088
1/mass: 0.0875 pull:2.0987
1/mass: 0.0925 pull:-0.755373
1/mass: 0.0975 pull:-3.47313
1/mass: 0.1025 pull:-5.47075
1/mass: 0.1075 pull:-2.24234
1/mass: 0.1125 pull:-3.63282
1/mass: 0.1175 pull:1.33048
1/mass: 0.1225 pull:3.07677
1/mass: 0.1275 pull:3.06927
1/mass: 0.1325 pull:3.94428
1/mass: 0.1375 pull:2.83699
1/mass: 0.1425 pull:3.34733
1/mass: 0.1475 pull:2.24278
2
2
Fitting bin 21 (Ek: 3.05875-3.79127 GeV/n)...
[#1] INFO:Minimization -- p.d.f. provides expected number of events, including extended term in likelihood.
[#1] INFO:Fitting -- RooAbsPdf::fitTo(model) fixing normalization set for coefficient determination to observables in data
[#1] INFO:Fitting -- Creation of NLL object took 136.571 μs
[#1] INFO:Fitting -- RooAddition::defaultErrorLevel(nll_model_data) Summation contains a RooNLLVar, using its error level
[#1] INFO:Minimization -- RooAbsMinimizerFcn::setOptimizeConst: activating const optimization
[#1] INFO:Fitting -- RooAbsPdf::fitTo(model) Calculating sum-of-weights-squared correction matrix for covariance matrix
[#1] INFO:Minimization -- RooAbsMinimizerFcn::setOptimizeConst: deactivating const optimization
Total chi2/ndf: 13.1655
  Fit Result: Chi2/NDF = 236.978/19 = 12.4725, Status = 0
[#1] INFO:Plotting -- RooAbsPdf::plotOn(model) directly selected PDF components: (pdf10)
[#1] INFO:Plotting -- RooAbsPdf::plotOn(model) indirectly selected PDF components: ()
[#1] INFO:Plotting -- RooAbsPdf::plotOn(model) directly selected PDF components: (pdf11)
[#1] INFO:Plotting -- RooAbsPdf::plotOn(model) indirectly selected PDF components: ()
1/mass: 0.0525 pull:1.38768
1/mass: 0.0575 pull:2.74884
1/mass: 0.0625 pull:2.27877
1/mass: 0.0675 pull:2.99508
1/mass: 0.0725 pull:4.67308
1/mass: 0.0775 pull:4.79165
1/mass: 0.0825 pull:3.90577
1/mass: 0.0875 pull:2.46815
1/mass: 0.0925 pull:-1.03232
1/mass: 0.0975 pull:-3.85858
1/mass: 0.1025 pull:-4.07504
1/mass: 0.1075 pull:-4.34216
1/mass: 0.1125 pull:-2.76032
1/mass: 0.1175 pull:-0.8024
1/mass: 0.1225 pull:3.43703
1/mass: 0.1275 pull:4.07693
1/mass: 0.1325 pull:3.79915
1/mass: 0.1375 pull:4.16771
1/mass: 0.1425 pull:4.70868
1/mass: 0.1475 pull:2.25859
2
2
Fitting bin 23 (Ek: 3.79127-4.64682 GeV/n)...
[#1] INFO:Minimization -- p.d.f. provides expected number of events, including extended term in likelihood.
[#1] INFO:Fitting -- RooAbsPdf::fitTo(model) fixing normalization set for coefficient determination to observables in data
[#1] INFO:Fitting -- Creation of NLL object took 158.91 μs
[#1] INFO:Fitting -- RooAddition::defaultErrorLevel(nll_model_data) Summation contains a RooNLLVar, using its error level
[#1] INFO:Minimization -- RooAbsMinimizerFcn::setOptimizeConst: activating const optimization
[#1] INFO:Fitting -- RooAbsPdf::fitTo(model) Calculating sum-of-weights-squared correction matrix for covariance matrix
[#1] INFO:Minimization -- RooAbsMinimizerFcn::setOptimizeConst: deactivating const optimization
Total chi2/ndf: 8.91813
  Fit Result: Chi2/NDF = 160.526/19 = 8.44875, Status = 0
[#1] INFO:Plotting -- RooAbsPdf::plotOn(model) directly selected PDF components: (pdf10)
[#1] INFO:Plotting -- RooAbsPdf::plotOn(model) indirectly selected PDF components: ()
[#1] INFO:Plotting -- RooAbsPdf::plotOn(model) directly selected PDF components: (pdf11)
[#1] INFO:Plotting -- RooAbsPdf::plotOn(model) indirectly selected PDF components: ()
1/mass: 0.0525 pull:-0.140129
1/mass: 0.0575 pull:0.370816
1/mass: 0.0625 pull:1.75421
1/mass: 0.0675 pull:3.65916
1/mass: 0.0725 pull:4.23222
1/mass: 0.0775 pull:5.24046
1/mass: 0.0825 pull:3.43612
1/mass: 0.0875 pull:0.909253
1/mass: 0.0925 pull:-1.39903
1/mass: 0.0975 pull:-3.82264
1/mass: 0.1025 pull:-3.13042
1/mass: 0.1075 pull:-2.44886
1/mass: 0.1125 pull:-1.13359
1/mass: 0.1175 pull:-0.181508
1/mass: 0.1225 pull:1.45747
1/mass: 0.1275 pull:1.82085
1/mass: 0.1325 pull:3.95301
1/mass: 0.1375 pull:4.04267
1/mass: 0.1425 pull:2.66047
1/mass: 0.1475 pull:2.77907
2
2
Fitting bin 25 (Ek: 4.64682-5.63491 GeV/n)...
[#1] INFO:Minimization -- p.d.f. provides expected number of events, including extended term in likelihood.
[#1] INFO:Fitting -- RooAbsPdf::fitTo(model) fixing normalization set for coefficient determination to observables in data
[#1] INFO:Fitting -- Creation of NLL object took 233.951 μs
[#1] INFO:Fitting -- RooAddition::defaultErrorLevel(nll_model_data) Summation contains a RooNLLVar, using its error level
[#1] INFO:Minimization -- RooAbsMinimizerFcn::setOptimizeConst: activating const optimization
[#1] INFO:Fitting -- RooAbsPdf::fitTo(model) Calculating sum-of-weights-squared correction matrix for covariance matrix
[#1] INFO:Minimization -- RooAbsMinimizerFcn::setOptimizeConst: deactivating const optimization
Total chi2/ndf: 8.7671
  Fit Result: Chi2/NDF = 157.808/19 = 8.30568, Status = 0
[#1] INFO:Plotting -- RooAbsPdf::plotOn(model) directly selected PDF components: (pdf10)
[#1] INFO:Plotting -- RooAbsPdf::plotOn(model) indirectly selected PDF components: ()
[#1] INFO:Plotting -- RooAbsPdf::plotOn(model) directly selected PDF components: (pdf11)
[#1] INFO:Plotting -- RooAbsPdf::plotOn(model) indirectly selected PDF components: ()
1/mass: 0.0525 pull:0.180726
1/mass: 0.0575 pull:1.21102
1/mass: 0.0625 pull:2.88855
1/mass: 0.0675 pull:1.58728
1/mass: 0.0725 pull:3.81204
1/mass: 0.0775 pull:5.31593
1/mass: 0.0825 pull:3.97336
1/mass: 0.0875 pull:-0.0610694
1/mass: 0.0925 pull:-1.66343
1/mass: 0.0975 pull:-2.75177
1/mass: 0.1025 pull:-4.3262
1/mass: 0.1075 pull:-1.75663
1/mass: 0.1125 pull:-0.0356354
1/mass: 0.1175 pull:-0.528569
1/mass: 0.1225 pull:0.0980797
1/mass: 0.1275 pull:1.18128
1/mass: 0.1325 pull:3.87576
1/mass: 0.1375 pull:3.61665
1/mass: 0.1425 pull:4.46681
1/mass: 0.1475 pull:2.23217
2
2
Fitting bin 27 (Ek: 5.63491-6.775 GeV/n)...
[#1] INFO:Minimization -- p.d.f. provides expected number of events, including extended term in likelihood.
[#1] INFO:Fitting -- RooAbsPdf::fitTo(model) fixing normalization set for coefficient determination to observables in data
[#1] INFO:Fitting -- Creation of NLL object took 158.31 μs
[#1] INFO:Fitting -- RooAddition::defaultErrorLevel(nll_model_data) Summation contains a RooNLLVar, using its error level
[#1] INFO:Minimization -- RooAbsMinimizerFcn::setOptimizeConst: activating const optimization
[#1] INFO:Fitting -- RooAbsPdf::fitTo(model) Calculating sum-of-weights-squared correction matrix for covariance matrix
[#1] INFO:Minimization -- RooAbsMinimizerFcn::setOptimizeConst: deactivating const optimization
Total chi2/ndf: 5.36766
  Fit Result: Chi2/NDF = 96.6178/19 = 5.08515, Status = 0
[#1] INFO:Plotting -- RooAbsPdf::plotOn(model) directly selected PDF components: (pdf10)
[#1] INFO:Plotting -- RooAbsPdf::plotOn(model) indirectly selected PDF components: ()
[#1] INFO:Plotting -- RooAbsPdf::plotOn(model) directly selected PDF components: (pdf11)
[#1] INFO:Plotting -- RooAbsPdf::plotOn(model) indirectly selected PDF components: ()
1/mass: 0.0525 pull:0.733986
1/mass: 0.0575 pull:-0.0255555
1/mass: 0.0625 pull:-2.28811
1/mass: 0.0675 pull:2.32417
1/mass: 0.0725 pull:2.59835
1/mass: 0.0775 pull:2.86262
1/mass: 0.0825 pull:3.42189
1/mass: 0.0875 pull:1.10235
1/mass: 0.0925 pull:-1.49717
1/mass: 0.0975 pull:-1.93184
1/mass: 0.1025 pull:-1.18973
1/mass: 0.1075 pull:-3.5296
1/mass: 0.1125 pull:-1.64116
1/mass: 0.1175 pull:-0.411385
1/mass: 0.1225 pull:1.96096
1/mass: 0.1275 pull:3.38911
1/mass: 0.1325 pull:0.87551
1/mass: 0.1375 pull:1.58815
1/mass: 0.1425 pull:3.59287
1/mass: 0.1475 pull:1.82539
2
2
Fitting bin 29 (Ek: 6.775-8.11658 GeV/n)...
[#1] INFO:Minimization -- p.d.f. provides expected number of events, including extended term in likelihood.
[#1] INFO:Fitting -- RooAbsPdf::fitTo(model) fixing normalization set for coefficient determination to observables in data
[#1] INFO:Fitting -- Creation of NLL object took 152.971 μs
[#1] INFO:Fitting -- RooAddition::defaultErrorLevel(nll_model_data) Summation contains a RooNLLVar, using its error level
[#1] INFO:Minimization -- RooAbsMinimizerFcn::setOptimizeConst: activating const optimization
[#1] INFO:Fitting -- RooAbsPdf::fitTo(model) Calculating sum-of-weights-squared correction matrix for covariance matrix
[#1] INFO:Minimization -- RooAbsMinimizerFcn::setOptimizeConst: deactivating const optimization
Total chi2/ndf: 5.51379
  Fit Result: Chi2/NDF = 99.2482/19 = 5.22359, Status = 0
[#1] INFO:Plotting -- RooAbsPdf::plotOn(model) directly selected PDF components: (pdf10)
[#1] INFO:Plotting -- RooAbsPdf::plotOn(model) indirectly selected PDF components: ()
[#1] INFO:Plotting -- RooAbsPdf::plotOn(model) directly selected PDF components: (pdf11)
[#1] INFO:Plotting -- RooAbsPdf::plotOn(model) indirectly selected PDF components: ()
1/mass: 0.0525 pull:-1.23247
1/mass: 0.0575 pull:0.557054
1/mass: 0.0625 pull:1.88533
1/mass: 0.0675 pull:3.74063
1/mass: 0.0725 pull:2.88125
1/mass: 0.0775 pull:3.93103
1/mass: 0.0825 pull:2.00829
1/mass: 0.0875 pull:0.713376
1/mass: 0.0925 pull:-1.11511
1/mass: 0.0975 pull:-2.58316
1/mass: 0.1025 pull:-2.28116
1/mass: 0.1075 pull:-1.82999
1/mass: 0.1125 pull:-2.20775
1/mass: 0.1175 pull:-0.351858
1/mass: 0.1225 pull:1.99016
1/mass: 0.1275 pull:1.38027
1/mass: 0.1325 pull:3.05695
1/mass: 0.1375 pull:2.65673
1/mass: 0.1425 pull:0.775207
1/mass: 0.1475 pull:2.69047
2
2
Fitting bin 31 (Ek: 8.11658-9.65954 GeV/n)...
[#1] INFO:Minimization -- p.d.f. provides expected number of events, including extended term in likelihood.
[#1] INFO:Fitting -- RooAbsPdf::fitTo(model) fixing normalization set for coefficient determination to observables in data
[#1] INFO:Fitting -- Creation of NLL object took 144 μs
[#1] INFO:Fitting -- RooAddition::defaultErrorLevel(nll_model_data) Summation contains a RooNLLVar, using its error level
[#1] INFO:Minimization -- RooAbsMinimizerFcn::setOptimizeConst: activating const optimization
[#1] INFO:Fitting -- RooAbsPdf::fitTo(model) Calculating sum-of-weights-squared correction matrix for covariance matrix
[#1] INFO:Minimization -- RooAbsMinimizerFcn::setOptimizeConst: deactivating const optimization
Total chi2/ndf: 5.23202
  Fit Result: Chi2/NDF = 94.1764/19 = 4.95665, Status = 0
[#1] INFO:Plotting -- RooAbsPdf::plotOn(model) directly selected PDF components: (pdf10)
[#1] INFO:Plotting -- RooAbsPdf::plotOn(model) indirectly selected PDF components: ()
[#1] INFO:Plotting -- RooAbsPdf::plotOn(model) directly selected PDF components: (pdf11)
[#1] INFO:Plotting -- RooAbsPdf::plotOn(model) indirectly selected PDF components: ()
1/mass: 0.0525 pull:0.921182
1/mass: 0.0575 pull:-1.23544
1/mass: 0.0625 pull:2.36991
1/mass: 0.0675 pull:3.32997
1/mass: 0.0725 pull:2.54214
1/mass: 0.0775 pull:2.49422
1/mass: 0.0825 pull:1.30629
1/mass: 0.0875 pull:2.06153
1/mass: 0.0925 pull:-0.728539
1/mass: 0.0975 pull:-3.17517
1/mass: 0.1025 pull:-3.92882
1/mass: 0.1075 pull:-0.587908
1/mass: 0.1125 pull:-1.74956
1/mass: 0.1175 pull:1.31055
1/mass: 0.1225 pull:0.288205
1/mass: 0.1275 pull:0.179191
1/mass: 0.1325 pull:2.2864
1/mass: 0.1375 pull:3.3002
1/mass: 0.1425 pull:2.80481
1/mass: 0.1475 pull:1.08771
2
2
Fitting bin 33 (Ek: 9.65954-11.4536 GeV/n)...
[#1] INFO:Minimization -- p.d.f. provides expected number of events, including extended term in likelihood.
[#1] INFO:Fitting -- RooAbsPdf::fitTo(model) fixing normalization set for coefficient determination to observables in data
[#1] INFO:Fitting -- Creation of NLL object took 138.672 μs
[#1] INFO:Fitting -- RooAddition::defaultErrorLevel(nll_model_data) Summation contains a RooNLLVar, using its error level
[#1] INFO:Minimization -- RooAbsMinimizerFcn::setOptimizeConst: activating const optimization
[#1] INFO:Fitting -- RooAbsPdf::fitTo(model) Calculating sum-of-weights-squared correction matrix for covariance matrix
[#1] INFO:Minimization -- RooAbsMinimizerFcn::setOptimizeConst: deactivating const optimization
Total chi2/ndf: 3.68713
  Fit Result: Chi2/NDF = 66.3683/19 = 3.49307, Status = 0
[#1] INFO:Plotting -- RooAbsPdf::plotOn(model) directly selected PDF components: (pdf10)
[#1] INFO:Plotting -- RooAbsPdf::plotOn(model) indirectly selected PDF components: ()
[#1] INFO:Plotting -- RooAbsPdf::plotOn(model) directly selected PDF components: (pdf11)
[#1] INFO:Plotting -- RooAbsPdf::plotOn(model) indirectly selected PDF components: ()
1/mass: 0.0525 pull:0.521233
1/mass: 0.0575 pull:0.281076
1/mass: 0.0625 pull:1.2163
1/mass: 0.0675 pull:0.801786
1/mass: 0.0725 pull:1.76408
1/mass: 0.0775 pull:1.1008
1/mass: 0.0825 pull:0.733525
1/mass: 0.0875 pull:2.7328
1/mass: 0.0925 pull:1.6043
1/mass: 0.0975 pull:-4.06895
1/mass: 0.1025 pull:-4.26679
1/mass: 0.1075 pull:-0.30892
1/mass: 0.1125 pull:-1.21975
1/mass: 0.1175 pull:0.0178779
1/mass: 0.1225 pull:1.5653
1/mass: 0.1275 pull:0.705887
1/mass: 0.1325 pull:1.50343
1/mass: 0.1375 pull:2.24679
1/mass: 0.1425 pull:1.13518
1/mass: 0.1475 pull:1.04914
2
2
Fitting bin 35 (Ek: 11.4536-13.4986 GeV/n)...
[#1] INFO:Minimization -- p.d.f. provides expected number of events, including extended term in likelihood.
[#1] INFO:Fitting -- RooAbsPdf::fitTo(model) fixing normalization set for coefficient determination to observables in data
[#1] INFO:Fitting -- Creation of NLL object took 141.591 μs
[#1] INFO:Fitting -- RooAddition::defaultErrorLevel(nll_model_data) Summation contains a RooNLLVar, using its error level
[#1] INFO:Minimization -- RooAbsMinimizerFcn::setOptimizeConst: activating const optimization
[#1] INFO:Fitting -- RooAbsPdf::fitTo(model) Calculating sum-of-weights-squared correction matrix for covariance matrix
[#1] INFO:Minimization -- RooAbsMinimizerFcn::setOptimizeConst: deactivating const optimization
Total chi2/ndf: 2.39924
  Fit Result: Chi2/NDF = 43.1864/19 = 2.27297, Status = 0
[#1] INFO:Plotting -- RooAbsPdf::plotOn(model) directly selected PDF components: (pdf10)
[#1] INFO:Plotting -- RooAbsPdf::plotOn(model) indirectly selected PDF components: ()
[#1] INFO:Plotting -- RooAbsPdf::plotOn(model) directly selected PDF components: (pdf11)
[#1] INFO:Plotting -- RooAbsPdf::plotOn(model) indirectly selected PDF components: ()
1/mass: 0.0525 pull:0.687081
1/mass: 0.0575 pull:0.924437
1/mass: 0.0625 pull:2.50209
1/mass: 0.0675 pull:2.66093
1/mass: 0.0725 pull:0.975241
1/mass: 0.0775 pull:1.25645
1/mass: 0.0825 pull:0.845133
1/mass: 0.0875 pull:-0.134471
1/mass: 0.0925 pull:0.340432
1/mass: 0.0975 pull:-1.77211
1/mass: 0.1025 pull:-1.75529
1/mass: 0.1075 pull:-1.73965
1/mass: 0.1125 pull:-1.21786
1/mass: 0.1175 pull:-0.824996
1/mass: 0.1225 pull:-0.329711
1/mass: 0.1275 pull:1.11036
1/mass: 0.1325 pull:1.71261
1/mass: 0.1375 pull:2.32417
1/mass: 0.1425 pull:1.42176
1/mass: 0.1475 pull:1.42524
2
2
Fitting bin 37 (Ek: 13.4986-15.8444 GeV/n)...
[#1] INFO:Minimization -- p.d.f. provides expected number of events, including extended term in likelihood.
[#1] INFO:Fitting -- RooAbsPdf::fitTo(model) fixing normalization set for coefficient determination to observables in data
[#1] INFO:Fitting -- Creation of NLL object took 162.272 μs
[#1] INFO:Fitting -- RooAddition::defaultErrorLevel(nll_model_data) Summation contains a RooNLLVar, using its error level
[#1] INFO:Minimization -- RooAbsMinimizerFcn::setOptimizeConst: activating const optimization
[#1] INFO:Fitting -- RooAbsPdf::fitTo(model) Calculating sum-of-weights-squared correction matrix for covariance matrix
[#1] INFO:Minimization -- RooAbsMinimizerFcn::setOptimizeConst: deactivating const optimization
Total chi2/ndf: 2.30066
  Fit Result: Chi2/NDF = 41.4119/19 = 2.17957, Status = 0
[#1] INFO:Plotting -- RooAbsPdf::plotOn(model) directly selected PDF components: (pdf10)
[#1] INFO:Plotting -- RooAbsPdf::plotOn(model) indirectly selected PDF components: ()
[#1] INFO:Plotting -- RooAbsPdf::plotOn(model) directly selected PDF components: (pdf11)
[#1] INFO:Plotting -- RooAbsPdf::plotOn(model) indirectly selected PDF components: ()
1/mass: 0.0525 pull:-0.847547
1/mass: 0.0575 pull:2.46026
1/mass: 0.0625 pull:0.234303
1/mass: 0.0675 pull:0.94372
1/mass: 0.0725 pull:-0.106034
1/mass: 0.0775 pull:1.98741
1/mass: 0.0825 pull:1.03757
1/mass: 0.0875 pull:-0.72143
1/mass: 0.0925 pull:-1.48617
1/mass: 0.0975 pull:0.339219
1/mass: 0.1025 pull:-2.64095
1/mass: 0.1075 pull:1.61129
1/mass: 0.1125 pull:-1.90199
1/mass: 0.1175 pull:-1.46693
1/mass: 0.1225 pull:-1.20079
1/mass: 0.1275 pull:1.13499
1/mass: 0.1325 pull:1.99085
1/mass: 0.1375 pull:1.9078
1/mass: 0.1425 pull:-0.264053
1/mass: 0.1475 pull:0.264738
2
2
Fitting bin 39 (Ek: 15.8444-18.5408 GeV/n)...
[#1] INFO:Minimization -- p.d.f. provides expected number of events, including extended term in likelihood.
[#1] INFO:Fitting -- RooAbsPdf::fitTo(model) fixing normalization set for coefficient determination to observables in data
[#1] INFO:Fitting -- Creation of NLL object took 171.24 μs
[#1] INFO:Fitting -- RooAddition::defaultErrorLevel(nll_model_data) Summation contains a RooNLLVar, using its error level
[#1] INFO:Minimization -- RooAbsMinimizerFcn::setOptimizeConst: activating const optimization
[#1] INFO:Fitting -- RooAbsPdf::fitTo(model) Calculating sum-of-weights-squared correction matrix for covariance matrix
[#1] INFO:Minimization -- RooAbsMinimizerFcn::setOptimizeConst: deactivating const optimization
Total chi2/ndf: 1.60752
  Fit Result: Chi2/NDF = 28.9353/19 = 1.52291, Status = 0
[#1] INFO:Plotting -- RooAbsPdf::plotOn(model) directly selected PDF components: (pdf10)
[#1] INFO:Plotting -- RooAbsPdf::plotOn(model) indirectly selected PDF components: ()
[#1] INFO:Plotting -- RooAbsPdf::plotOn(model) directly selected PDF components: (pdf11)
[#1] INFO:Plotting -- RooAbsPdf::plotOn(model) indirectly selected PDF components: ()
1/mass: 0.0525 pull:0.61658
1/mass: 0.0575 pull:0.875483
1/mass: 0.0625 pull:1.10192
1/mass: 0.0675 pull:0.064777
1/mass: 0.0725 pull:-0.00449512
1/mass: 0.0775 pull:-0.780643
1/mass: 0.0825 pull:1.46928
1/mass: 0.0875 pull:0.997535
1/mass: 0.0925 pull:-1.00739
1/mass: 0.0975 pull:-0.384999
1/mass: 0.1025 pull:0.571697
1/mass: 0.1075 pull:-0.835177
1/mass: 0.1125 pull:-1.83071
1/mass: 0.1175 pull:-1.11592
1/mass: 0.1225 pull:-2.6688
1/mass: 0.1275 pull:0.743035
1/mass: 0.1325 pull:1.59938
1/mass: 0.1375 pull:2.1393
1/mass: 0.1425 pull:-0.28557
1/mass: 0.1475 pull:1.06398
2
2
Fitting bin 41 (Ek: 18.5408-21.6377 GeV/n)...
[#1] INFO:Minimization -- p.d.f. provides expected number of events, including extended term in likelihood.
[#1] INFO:Fitting -- RooAbsPdf::fitTo(model) fixing normalization set for coefficient determination to observables in data
[#1] INFO:Fitting -- Creation of NLL object took 144.821 μs
[#1] INFO:Fitting -- RooAddition::defaultErrorLevel(nll_model_data) Summation contains a RooNLLVar, using its error level
[#1] INFO:Minimization -- RooAbsMinimizerFcn::setOptimizeConst: activating const optimization
[#1] INFO:Fitting -- RooAbsPdf::fitTo(model) Calculating sum-of-weights-squared correction matrix for covariance matrix
[#1] INFO:Minimization -- RooAbsMinimizerFcn::setOptimizeConst: deactivating const optimization
Total chi2/ndf: 0.653419
  Fit Result: Chi2/NDF = 11.7615/19 = 0.619028, Status = 0
[#1] INFO:Plotting -- RooAbsPdf::plotOn(model) directly selected PDF components: (pdf10)
[#1] INFO:Plotting -- RooAbsPdf::plotOn(model) indirectly selected PDF components: ()
[#1] INFO:Plotting -- RooAbsPdf::plotOn(model) directly selected PDF components: (pdf11)
[#1] INFO:Plotting -- RooAbsPdf::plotOn(model) indirectly selected PDF components: ()
1/mass: 0.0525 pull:0.642272
1/mass: 0.0575 pull:-0.519342
1/mass: 0.0625 pull:-0.902638
1/mass: 0.0675 pull:0.749598
1/mass: 0.0725 pull:0.539974
1/mass: 0.0775 pull:-0.33809
1/mass: 0.0825 pull:0.530633
1/mass: 0.0875 pull:-0.111948
1/mass: 0.0925 pull:-0.664348
1/mass: 0.0975 pull:0.857575
1/mass: 0.1025 pull:1.28354
1/mass: 0.1075 pull:-1.43701
1/mass: 0.1125 pull:-0.640255
1/mass: 0.1175 pull:-0.95507
1/mass: 0.1225 pull:-0.282204
1/mass: 0.1275 pull:-0.837306
1/mass: 0.1325 pull:0.409436
1/mass: 0.1375 pull:0.0617581
1/mass: 0.1425 pull:0.857463
1/mass: 0.1475 pull:1.05067

[SUCCESS] Fitting process completed. Results saved to:
/eos/user/z/zixuan/Isotope/MassTempFit/wide_MassTF_B_UnbiasedL1Inner_H2_UseMass10_FragFromNitrogen.pdf
/eos/user/z/zixuan/Isotope/MassTempFit/wide_MassTF_B_UnbiasedL1Inner_H2_UseMass10_FragFromNitrogen.root
====================================================================
Starting FRAGMENT Mass Template Fit for: B from source Oxygen (UseMass: 10)
Chain: UnbiasedL1Inner
Templates: Pure (H2)
====================================================================
[INFO] Data file loaded: root://eoshome-z.cern.ch//eos/user/z/zixuan/Isotope/Add/B_frag5.root
[INFO] Output ROOT file: /eos/user/z/zixuan/Isotope/MassTempFit/wide_MassTF_B_UnbiasedL1Inner_H2_UseMass10_FragFromOxygen.root

--- Processing Detector: TOF ---
2
2
Fitting bin 5 (Ek: 0.267548-0.406144 GeV/n)...
[#1] INFO:Minimization -- p.d.f. provides expected number of events, including extended term in likelihood.
[#1] INFO:Fitting -- RooAbsPdf::fitTo(model) fixing normalization set for coefficient determination to observables in data
[#1] INFO:Fitting -- Creation of NLL object took 209.42 μs
[#1] INFO:Fitting -- RooAddition::defaultErrorLevel(nll_model_data) Summation contains a RooNLLVar, using its error level
[#1] INFO:Minimization -- RooAbsMinimizerFcn::setOptimizeConst: activating const optimization
[#1] INFO:Fitting -- RooAbsPdf::fitTo(model) Calculating sum-of-weights-squared correction matrix for covariance matrix
[#1] INFO:Minimization -- RooAbsMinimizerFcn::setOptimizeConst: deactivating const optimization
Total chi2/ndf: 11.8407
  Fit Result: Chi2/NDF = 213.132/19 = 11.2175, Status = 0
[#1] INFO:Plotting -- RooAbsPdf::plotOn(model) directly selected PDF components: (pdf10)
[#1] INFO:Plotting -- RooAbsPdf::plotOn(model) indirectly selected PDF components: ()
[#1] INFO:Plotting -- RooAbsPdf::plotOn(model) directly selected PDF components: (pdf11)
[#1] INFO:Plotting -- RooAbsPdf::plotOn(model) indirectly selected PDF components: ()
1/mass: 0.0525 pull:2.26621
1/mass: 0.0575 pull:2.09109
1/mass: 0.0625 pull:3.92638
1/mass: 0.0675 pull:2.74144
1/mass: 0.0725 pull:4.26855
1/mass: 0.0775 pull:1.55787
1/mass: 0.0825 pull:3.1541
1/mass: 0.0875 pull:1.11731
1/mass: 0.0925 pull:-0.877555
1/mass: 0.0975 pull:-0.704022
1/mass: 0.1025 pull:-4.45907
1/mass: 0.1075 pull:-5.43655
1/mass: 0.1125 pull:-3.03882
1/mass: 0.1175 pull:-1.35911
1/mass: 0.1225 pull:0.051019
1/mass: 0.1275 pull:1.69658
1/mass: 0.1325 pull:3.96449
1/mass: 0.1375 pull:4.6262
1/mass: 0.1425 pull:4.45088
1/mass: 0.1475 pull:5.22021
2
2
Fitting bin 7 (Ek: 0.406144-0.587609 GeV/n)...
[#1] INFO:Minimization -- p.d.f. provides expected number of events, including extended term in likelihood.
[#1] INFO:Fitting -- RooAbsPdf::fitTo(model) fixing normalization set for coefficient determination to observables in data
[#1] INFO:Fitting -- Creation of NLL object took 150.87 μs
[#1] INFO:Fitting -- RooAddition::defaultErrorLevel(nll_model_data) Summation contains a RooNLLVar, using its error level
[#1] INFO:Minimization -- RooAbsMinimizerFcn::setOptimizeConst: activating const optimization
[#1] INFO:Fitting -- RooAbsPdf::fitTo(model) Calculating sum-of-weights-squared correction matrix for covariance matrix
[#1] INFO:Minimization -- RooAbsMinimizerFcn::setOptimizeConst: deactivating const optimization
Total chi2/ndf: 20.7972
  Fit Result: Chi2/NDF = 374.349/19 = 19.7026, Status = 0
[#1] INFO:Plotting -- RooAbsPdf::plotOn(model) directly selected PDF components: (pdf10)
[#1] INFO:Plotting -- RooAbsPdf::plotOn(model) indirectly selected PDF components: ()
[#1] INFO:Plotting -- RooAbsPdf::plotOn(model) directly selected PDF components: (pdf11)
[#1] INFO:Plotting -- RooAbsPdf::plotOn(model) indirectly selected PDF components: ()
1/mass: 0.0525 pull:2.88762
1/mass: 0.0575 pull:3.60207
1/mass: 0.0625 pull:3.25507
1/mass: 0.0675 pull:5.11189
1/mass: 0.0725 pull:5.33126
1/mass: 0.0775 pull:6.44651
1/mass: 0.0825 pull:3.86887
1/mass: 0.0875 pull:1.76421
1/mass: 0.0925 pull:-1.35593
1/mass: 0.0975 pull:-3.6869
1/mass: 0.1025 pull:-5.55536
1/mass: 0.1075 pull:-5.31562
1/mass: 0.1125 pull:-5.01827
1/mass: 0.1175 pull:-0.680329
1/mass: 0.1225 pull:2.02966
1/mass: 0.1275 pull:2.90778
1/mass: 0.1325 pull:4.593
1/mass: 0.1375 pull:5.29021
1/mass: 0.1425 pull:6.1907
1/mass: 0.1475 pull:5.29828
2
2
Fitting bin 9 (Ek: 0.587609-0.821474 GeV/n)...
[#1] INFO:Minimization -- p.d.f. provides expected number of events, including extended term in likelihood.
[#1] INFO:Fitting -- RooAbsPdf::fitTo(model) fixing normalization set for coefficient determination to observables in data
[#1] INFO:Fitting -- Creation of NLL object took 146.83 μs
[#1] INFO:Fitting -- RooAddition::defaultErrorLevel(nll_model_data) Summation contains a RooNLLVar, using its error level
[#1] INFO:Minimization -- RooAbsMinimizerFcn::setOptimizeConst: activating const optimization
[#1] INFO:Fitting -- RooAbsPdf::fitTo(model) Calculating sum-of-weights-squared correction matrix for covariance matrix
[#1] INFO:Minimization -- RooAbsMinimizerFcn::setOptimizeConst: deactivating const optimization
Total chi2/ndf: 52.7911
  Fit Result: Chi2/NDF = 950.239/19 = 50.0126, Status = 0
[#1] INFO:Plotting -- RooAbsPdf::plotOn(model) directly selected PDF components: (pdf10)
[#1] INFO:Plotting -- RooAbsPdf::plotOn(model) indirectly selected PDF components: ()
[#1] INFO:Plotting -- RooAbsPdf::plotOn(model) directly selected PDF components: (pdf11)
[#1] INFO:Plotting -- RooAbsPdf::plotOn(model) indirectly selected PDF components: ()
1/mass: 0.0525 pull:2.65268
1/mass: 0.0575 pull:4.49482
1/mass: 0.0625 pull:4.7665
1/mass: 0.0675 pull:8.81077
1/mass: 0.0825 pull:8.46037
1/mass: 0.0875 pull:3.53027
1/mass: 0.0925 pull:-4.4025
1/mass: 0.0975 pull:-8.70803
1/mass: 0.1025 pull:-8.39182
1/mass: 0.1075 pull:-8.15462
1/mass: 0.1125 pull:-6.66381
1/mass: 0.1175 pull:-0.704648
1/mass: 0.1225 pull:4.46364
1/mass: 0.1275 pull:6.01808
1/mass: 0.1325 pull:7.80358
1/mass: 0.1375 pull:6.88055
1/mass: 0.1425 pull:5.68822
1/mass: 0.1475 pull:6.47619
2
2
Fitting bin 11 (Ek: 0.821474-1.11303 GeV/n)...
[#1] INFO:Minimization -- p.d.f. provides expected number of events, including extended term in likelihood.
[#1] INFO:Fitting -- RooAbsPdf::fitTo(model) fixing normalization set for coefficient determination to observables in data
[#1] INFO:Fitting -- Creation of NLL object took 145.34 μs
[#1] INFO:Fitting -- RooAddition::defaultErrorLevel(nll_model_data) Summation contains a RooNLLVar, using its error level
[#1] INFO:Minimization -- RooAbsMinimizerFcn::setOptimizeConst: activating const optimization
[#1] INFO:Fitting -- RooAbsPdf::fitTo(model) Calculating sum-of-weights-squared correction matrix for covariance matrix
[#1] INFO:Minimization -- RooAbsMinimizerFcn::setOptimizeConst: deactivating const optimization
Total chi2/ndf: 135.487
  Fit Result: Chi2/NDF = 2438.77/19 = 128.357, Status = 0
[#1] INFO:Plotting -- RooAbsPdf::plotOn(model) directly selected PDF components: (pdf10)
[#1] INFO:Plotting -- RooAbsPdf::plotOn(model) indirectly selected PDF components: ()
[#1] INFO:Plotting -- RooAbsPdf::plotOn(model) directly selected PDF components: (pdf11)
[#1] INFO:Plotting -- RooAbsPdf::plotOn(model) indirectly selected PDF components: ()
1/mass: 0.0525 pull:4.70973
1/mass: 0.0575 pull:8.06047
1/mass: 0.0625 pull:9.02298
1/mass: 0.0875 pull:3.57805
1/mass: 0.0925 pull:-6.09067
1/mass: 0.1125 pull:-7.8571
1/mass: 0.1175 pull:-2.49849
1/mass: 0.1225 pull:7.03217
1/mass: 0.1275 pull:9.56468
1/mass: 0.1425 pull:8.2345
1/mass: 0.1475 pull:8.49259
2
2
Fitting bin 13 (Ek: 1.11303-1.4714 GeV/n)...
[#1] INFO:Minimization -- p.d.f. provides expected number of events, including extended term in likelihood.
[#1] INFO:Fitting -- RooAbsPdf::fitTo(model) fixing normalization set for coefficient determination to observables in data
[#1] INFO:Fitting -- Creation of NLL object took 152.21 μs
[#1] INFO:Fitting -- RooAddition::defaultErrorLevel(nll_model_data) Summation contains a RooNLLVar, using its error level
[#1] INFO:Minimization -- RooAbsMinimizerFcn::setOptimizeConst: activating const optimization
[#1] INFO:Fitting -- RooAbsPdf::fitTo(model) Calculating sum-of-weights-squared correction matrix for covariance matrix
[#1] INFO:Minimization -- RooAbsMinimizerFcn::setOptimizeConst: deactivating const optimization
Total chi2/ndf: 238.998
  Fit Result: Chi2/NDF = 4301.96/19 = 226.419, Status = 0
[#1] INFO:Plotting -- RooAbsPdf::plotOn(model) directly selected PDF components: (pdf10)
[#1] INFO:Plotting -- RooAbsPdf::plotOn(model) indirectly selected PDF components: ()
[#1] INFO:Plotting -- RooAbsPdf::plotOn(model) directly selected PDF components: (pdf11)
[#1] INFO:Plotting -- RooAbsPdf::plotOn(model) indirectly selected PDF components: ()
1/mass: 0.0875 pull:0.548266
1/mass: 0.1125 pull:-9.25573
1/mass: 0.1175 pull:0.00250027
1/mass: 0.1225 pull:5.14595
1/mass: 0.1275 pull:9.72218
1/mass: 0.1425 pull:9.09467
1/mass: 0.1475 pull:9.58316

--- Processing Detector: NaF ---
2
2
Fitting bin 11 (Ek: 0.821474-1.11303 GeV/n)...
[#1] INFO:Minimization -- p.d.f. provides expected number of events, including extended term in likelihood.
[#1] INFO:Fitting -- RooAbsPdf::fitTo(model) fixing normalization set for coefficient determination to observables in data
[#1] INFO:Fitting -- Creation of NLL object took 201.351 μs
[#1] INFO:Fitting -- RooAddition::defaultErrorLevel(nll_model_data) Summation contains a RooNLLVar, using its error level
[#1] INFO:Minimization -- RooAbsMinimizerFcn::setOptimizeConst: activating const optimization
[#1] INFO:Fitting -- RooAbsPdf::fitTo(model) Calculating sum-of-weights-squared correction matrix for covariance matrix
[#1] INFO:Minimization -- RooAbsMinimizerFcn::setOptimizeConst: deactivating const optimization
Total chi2/ndf: 4.4711
  Fit Result: Chi2/NDF = 80.4798/19 = 4.23578, Status = 0
[#1] INFO:Plotting -- RooAbsPdf::plotOn(model) directly selected PDF components: (pdf10)
[#1] INFO:Plotting -- RooAbsPdf::plotOn(model) indirectly selected PDF components: ()
[#1] INFO:Plotting -- RooAbsPdf::plotOn(model) directly selected PDF components: (pdf11)
[#1] INFO:Plotting -- RooAbsPdf::plotOn(model) indirectly selected PDF components: ()
1/mass: 0.0525 pull:-0.0477837
1/mass: 0.0575 pull:1.04429
1/mass: 0.0625 pull:0.886176
1/mass: 0.0675 pull:2.86446
1/mass: 0.0725 pull:3.15804
1/mass: 0.0775 pull:2.32652
1/mass: 0.0825 pull:0.630877
1/mass: 0.0875 pull:-0.742957
1/mass: 0.0925 pull:0.457688
1/mass: 0.0975 pull:-1.19578
1/mass: 0.1025 pull:-4.21736
1/mass: 0.1075 pull:0.376788
1/mass: 0.1125 pull:-1.58346
1/mass: 0.1175 pull:-0.972068
1/mass: 0.1225 pull:0.608802
1/mass: 0.1275 pull:2.29958
1/mass: 0.1325 pull:1.1581
1/mass: 0.1375 pull:3.57451
1/mass: 0.1425 pull:1.58111
1/mass: 0.1475 pull:2.9604
2
2
Fitting bin 13 (Ek: 1.11303-1.4714 GeV/n)...
[#1] INFO:Minimization -- p.d.f. provides expected number of events, including extended term in likelihood.
[#1] INFO:Fitting -- RooAbsPdf::fitTo(model) fixing normalization set for coefficient determination to observables in data
[#1] INFO:Fitting -- Creation of NLL object took 141.991 μs
[#1] INFO:Fitting -- RooAddition::defaultErrorLevel(nll_model_data) Summation contains a RooNLLVar, using its error level
[#1] INFO:Minimization -- RooAbsMinimizerFcn::setOptimizeConst: activating const optimization
[#1] INFO:Fitting -- RooAbsPdf::fitTo(model) Calculating sum-of-weights-squared correction matrix for covariance matrix
[#1] INFO:Minimization -- RooAbsMinimizerFcn::setOptimizeConst: deactivating const optimization
Total chi2/ndf: 3.93479
  Fit Result: Chi2/NDF = 70.8262/19 = 3.72769, Status = 0
[#1] INFO:Plotting -- RooAbsPdf::plotOn(model) directly selected PDF components: (pdf10)
[#1] INFO:Plotting -- RooAbsPdf::plotOn(model) indirectly selected PDF components: ()
[#1] INFO:Plotting -- RooAbsPdf::plotOn(model) directly selected PDF components: (pdf11)
[#1] INFO:Plotting -- RooAbsPdf::plotOn(model) indirectly selected PDF components: ()
1/mass: 0.0525 pull:2.22519
1/mass: 0.0575 pull:2.00669
1/mass: 0.0625 pull:1.80294
1/mass: 0.0675 pull:1.0877
1/mass: 0.0725 pull:3.30197
1/mass: 0.0775 pull:1.14488
1/mass: 0.0825 pull:0.83112
1/mass: 0.0875 pull:0.883252
1/mass: 0.0925 pull:-1.18888
1/mass: 0.0975 pull:-1.97628
1/mass: 0.1025 pull:-1.48857
1/mass: 0.1075 pull:-1.17371
1/mass: 0.1125 pull:-1.82707
1/mass: 0.1175 pull:0.431098
1/mass: 0.1225 pull:0.612191
1/mass: 0.1275 pull:1.81006
1/mass: 0.1325 pull:1.02636
1/mass: 0.1375 pull:1.51821
1/mass: 0.1425 pull:4.19515
1/mass: 0.1475 pull:2.58538
2
2
Fitting bin 15 (Ek: 1.4714-1.91049 GeV/n)...
[#1] INFO:Minimization -- p.d.f. provides expected number of events, including extended term in likelihood.
[#1] INFO:Fitting -- RooAbsPdf::fitTo(model) fixing normalization set for coefficient determination to observables in data
[#1] INFO:Fitting -- Creation of NLL object took 138.281 μs
[#1] INFO:Fitting -- RooAddition::defaultErrorLevel(nll_model_data) Summation contains a RooNLLVar, using its error level
[#1] INFO:Minimization -- RooAbsMinimizerFcn::setOptimizeConst: activating const optimization
[#1] INFO:Fitting -- RooAbsPdf::fitTo(model) Calculating sum-of-weights-squared correction matrix for covariance matrix
[#1] INFO:Minimization -- RooAbsMinimizerFcn::setOptimizeConst: deactivating const optimization
Total chi2/ndf: 4.99974
  Fit Result: Chi2/NDF = 89.9953/19 = 4.7366, Status = 0
[#1] INFO:Plotting -- RooAbsPdf::plotOn(model) directly selected PDF components: (pdf10)
[#1] INFO:Plotting -- RooAbsPdf::plotOn(model) indirectly selected PDF components: ()
[#1] INFO:Plotting -- RooAbsPdf::plotOn(model) directly selected PDF components: (pdf11)
[#1] INFO:Plotting -- RooAbsPdf::plotOn(model) indirectly selected PDF components: ()
1/mass: 0.0525 pull:0.995966
1/mass: 0.0575 pull:2.19064
1/mass: 0.0625 pull:2.3867
1/mass: 0.0675 pull:2.5478
1/mass: 0.0725 pull:3.17142
1/mass: 0.0775 pull:2.84986
1/mass: 0.0825 pull:0.500458
1/mass: 0.0875 pull:-0.142605
1/mass: 0.0925 pull:0.370626
1/mass: 0.0975 pull:-2.13126
1/mass: 0.1025 pull:-2.15431
1/mass: 0.1075 pull:-2.03925
1/mass: 0.1125 pull:-2.0964
1/mass: 0.1175 pull:0.333692
1/mass: 0.1225 pull:0.660258
1/mass: 0.1275 pull:1.77464
1/mass: 0.1325 pull:3.06242
1/mass: 0.1375 pull:3.00213
1/mass: 0.1425 pull:3.21694
1/mass: 0.1475 pull:1.80439
2
2
Fitting bin 17 (Ek: 1.91049-2.43494 GeV/n)...
[#1] INFO:Minimization -- p.d.f. provides expected number of events, including extended term in likelihood.
[#1] INFO:Fitting -- RooAbsPdf::fitTo(model) fixing normalization set for coefficient determination to observables in data
[#1] INFO:Fitting -- Creation of NLL object took 165.881 μs
[#1] INFO:Fitting -- RooAddition::defaultErrorLevel(nll_model_data) Summation contains a RooNLLVar, using its error level
[#1] INFO:Minimization -- RooAbsMinimizerFcn::setOptimizeConst: activating const optimization
[#1] INFO:Fitting -- RooAbsPdf::fitTo(model) Calculating sum-of-weights-squared correction matrix for covariance matrix
[#1] INFO:Minimization -- RooAbsMinimizerFcn::setOptimizeConst: deactivating const optimization
Total chi2/ndf: 6.21361
  Fit Result: Chi2/NDF = 105.631/19 = 5.55955, Status = 0
[#1] INFO:Plotting -- RooAbsPdf::plotOn(model) directly selected PDF components: (pdf10)
[#1] INFO:Plotting -- RooAbsPdf::plotOn(model) indirectly selected PDF components: ()
[#1] INFO:Plotting -- RooAbsPdf::plotOn(model) directly selected PDF components: (pdf11)
[#1] INFO:Plotting -- RooAbsPdf::plotOn(model) indirectly selected PDF components: ()
1/mass: 0.0575 pull:1.66816
1/mass: 0.0625 pull:1.26588
1/mass: 0.0675 pull:1.85537
1/mass: 0.0725 pull:2.62
1/mass: 0.0775 pull:3.36306
1/mass: 0.0825 pull:2.33214
1/mass: 0.0875 pull:1.26414
1/mass: 0.0925 pull:-0.704334
1/mass: 0.0975 pull:-3.90966
1/mass: 0.1025 pull:-2.4474
1/mass: 0.1075 pull:-1.78062
1/mass: 0.1125 pull:-0.364702
1/mass: 0.1175 pull:-0.770718
1/mass: 0.1225 pull:1.52175
1/mass: 0.1275 pull:0.611848
1/mass: 0.1325 pull:3.55321
1/mass: 0.1375 pull:2.54846
1/mass: 0.1425 pull:3.6019
1/mass: 0.1475 pull:3.4842
2
2
Fitting bin 19 (Ek: 2.43494-3.05875 GeV/n)...
[#1] INFO:Minimization -- p.d.f. provides expected number of events, including extended term in likelihood.
[#1] INFO:Fitting -- RooAbsPdf::fitTo(model) fixing normalization set for coefficient determination to observables in data
[#1] INFO:Fitting -- Creation of NLL object took 143.512 μs
[#1] INFO:Fitting -- RooAddition::defaultErrorLevel(nll_model_data) Summation contains a RooNLLVar, using its error level
[#1] INFO:Minimization -- RooAbsMinimizerFcn::setOptimizeConst: activating const optimization
[#1] INFO:Fitting -- RooAbsPdf::fitTo(model) Calculating sum-of-weights-squared correction matrix for covariance matrix
[#1] INFO:Minimization -- RooAbsMinimizerFcn::setOptimizeConst: deactivating const optimization
Total chi2/ndf: 7.3049
  Fit Result: Chi2/NDF = 131.488/19 = 6.92043, Status = 0
[#1] INFO:Plotting -- RooAbsPdf::plotOn(model) directly selected PDF components: (pdf10)
[#1] INFO:Plotting -- RooAbsPdf::plotOn(model) indirectly selected PDF components: ()
[#1] INFO:Plotting -- RooAbsPdf::plotOn(model) directly selected PDF components: (pdf11)
[#1] INFO:Plotting -- RooAbsPdf::plotOn(model) indirectly selected PDF components: ()
1/mass: 0.0525 pull:0.559259
1/mass: 0.0575 pull:0.22129
1/mass: 0.0625 pull:-0.119413
1/mass: 0.0675 pull:3.43671
1/mass: 0.0725 pull:4.63659
1/mass: 0.0775 pull:2.95462
1/mass: 0.0825 pull:1.48888
1/mass: 0.0875 pull:0.180926
1/mass: 0.0925 pull:-0.993439
1/mass: 0.0975 pull:0.112014
1/mass: 0.1025 pull:-3.24308
1/mass: 0.1075 pull:-4.86693
1/mass: 0.1125 pull:-2.12738
1/mass: 0.1175 pull:1.0172
1/mass: 0.1225 pull:2.31567
1/mass: 0.1275 pull:2.21197
1/mass: 0.1325 pull:1.67712
1/mass: 0.1375 pull:3.11594
1/mass: 0.1425 pull:3.89243
1/mass: 0.1475 pull:2.85159
2
2
Fitting bin 21 (Ek: 3.05875-3.79127 GeV/n)...
[#1] INFO:Minimization -- p.d.f. provides expected number of events, including extended term in likelihood.
[#1] INFO:Fitting -- RooAbsPdf::fitTo(model) fixing normalization set for coefficient determination to observables in data
[#1] INFO:Fitting -- Creation of NLL object took 156.932 μs
[#1] INFO:Fitting -- RooAddition::defaultErrorLevel(nll_model_data) Summation contains a RooNLLVar, using its error level
[#1] INFO:Minimization -- RooAbsMinimizerFcn::setOptimizeConst: activating const optimization
[#1] INFO:Fitting -- RooAbsPdf::fitTo(model) Calculating sum-of-weights-squared correction matrix for covariance matrix
[#1] INFO:Minimization -- RooAbsMinimizerFcn::setOptimizeConst: deactivating const optimization
Total chi2/ndf: 4.46113
  Fit Result: Chi2/NDF = 80.3003/19 = 4.22633, Status = 0
[#1] INFO:Plotting -- RooAbsPdf::plotOn(model) directly selected PDF components: (pdf10)
[#1] INFO:Plotting -- RooAbsPdf::plotOn(model) indirectly selected PDF components: ()
[#1] INFO:Plotting -- RooAbsPdf::plotOn(model) directly selected PDF components: (pdf11)
[#1] INFO:Plotting -- RooAbsPdf::plotOn(model) indirectly selected PDF components: ()
1/mass: 0.0525 pull:1.38944
1/mass: 0.0575 pull:1.51892
1/mass: 0.0625 pull:0.384424
1/mass: 0.0675 pull:2.40743
1/mass: 0.0725 pull:1.93284
1/mass: 0.0775 pull:3.68533
1/mass: 0.0825 pull:1.44199
1/mass: 0.0875 pull:1.38125
1/mass: 0.0925 pull:-1.37565
1/mass: 0.0975 pull:-2.38295
1/mass: 0.1025 pull:-1.51944
1/mass: 0.1075 pull:-2.22734
1/mass: 0.1125 pull:-2.29536
1/mass: 0.1175 pull:2.03
1/mass: 0.1225 pull:-0.812789
1/mass: 0.1275 pull:2.96053
1/mass: 0.1325 pull:1.56154
1/mass: 0.1375 pull:2.2955
1/mass: 0.1425 pull:1.96927
1/mass: 0.1475 pull:1.89028
2
2
Fitting bin 23 (Ek: 3.79127-4.64682 GeV/n)...
[#1] INFO:Minimization -- p.d.f. provides expected number of events, including extended term in likelihood.
[#1] INFO:Fitting -- RooAbsPdf::fitTo(model) fixing normalization set for coefficient determination to observables in data
[#1] INFO:Fitting -- Creation of NLL object took 150.33 μs
[#1] INFO:Fitting -- RooAddition::defaultErrorLevel(nll_model_data) Summation contains a RooNLLVar, using its error level
[#1] INFO:Minimization -- RooAbsMinimizerFcn::setOptimizeConst: activating const optimization
[#1] INFO:Fitting -- RooAbsPdf::fitTo(model) Calculating sum-of-weights-squared correction matrix for covariance matrix
[#1] INFO:Minimization -- RooAbsMinimizerFcn::setOptimizeConst: deactivating const optimization
Total chi2/ndf: 6.21172
  Fit Result: Chi2/NDF = 111.811/19 = 5.88478, Status = 0
[#1] INFO:Plotting -- RooAbsPdf::plotOn(model) directly selected PDF components: (pdf10)
[#1] INFO:Plotting -- RooAbsPdf::plotOn(model) indirectly selected PDF components: ()
[#1] INFO:Plotting -- RooAbsPdf::plotOn(model) directly selected PDF components: (pdf11)
[#1] INFO:Plotting -- RooAbsPdf::plotOn(model) indirectly selected PDF components: ()
1/mass: 0.0525 pull:2.54558
1/mass: 0.0575 pull:1.09438
1/mass: 0.0625 pull:1.65662
1/mass: 0.0675 pull:2.97412
1/mass: 0.0725 pull:2.97139
1/mass: 0.0775 pull:3.50255
1/mass: 0.0825 pull:0.975812
1/mass: 0.0875 pull:-0.810023
1/mass: 0.0925 pull:-0.118533
1/mass: 0.0975 pull:-2.42964
1/mass: 0.1025 pull:-0.285664
1/mass: 0.1075 pull:-3.6375
1/mass: 0.1125 pull:-0.982139
1/mass: 0.1175 pull:-1.9389
1/mass: 0.1225 pull:-1.21849
1/mass: 0.1275 pull:4.10825
1/mass: 0.1325 pull:3.50298
1/mass: 0.1375 pull:2.85466
1/mass: 0.1425 pull:1.88124
1/mass: 0.1475 pull:1.88749
2
2
Fitting bin 25 (Ek: 4.64682-5.63491 GeV/n)...
[#1] INFO:Minimization -- p.d.f. provides expected number of events, including extended term in likelihood.
[#1] INFO:Fitting -- RooAbsPdf::fitTo(model) fixing normalization set for coefficient determination to observables in data
[#1] INFO:Fitting -- Creation of NLL object took 141.651 μs
[#1] INFO:Fitting -- RooAddition::defaultErrorLevel(nll_model_data) Summation contains a RooNLLVar, using its error level
[#1] INFO:Minimization -- RooAbsMinimizerFcn::setOptimizeConst: activating const optimization
[#1] INFO:Fitting -- RooAbsPdf::fitTo(model) Calculating sum-of-weights-squared correction matrix for covariance matrix
[#1] INFO:Minimization -- RooAbsMinimizerFcn::setOptimizeConst: deactivating const optimization
Total chi2/ndf: 5.88419
  Fit Result: Chi2/NDF = 105.915/19 = 5.5745, Status = 0
[#1] INFO:Plotting -- RooAbsPdf::plotOn(model) directly selected PDF components: (pdf10)
[#1] INFO:Plotting -- RooAbsPdf::plotOn(model) indirectly selected PDF components: ()
[#1] INFO:Plotting -- RooAbsPdf::plotOn(model) directly selected PDF components: (pdf11)
[#1] INFO:Plotting -- RooAbsPdf::plotOn(model) indirectly selected PDF components: ()
1/mass: 0.0525 pull:1.70035
1/mass: 0.0575 pull:0.804013
1/mass: 0.0625 pull:1.4007
1/mass: 0.0675 pull:3.45562
1/mass: 0.0725 pull:2.4061
1/mass: 0.0775 pull:1.20192
1/mass: 0.0825 pull:3.93001
1/mass: 0.0875 pull:-0.0393429
1/mass: 0.0925 pull:-3.62689
1/mass: 0.0975 pull:-0.482833
1/mass: 0.1025 pull:-0.894359
1/mass: 0.1075 pull:-4.23142
1/mass: 0.1125 pull:-1.54269
1/mass: 0.1175 pull:0.490384
1/mass: 0.1225 pull:-0.401148
1/mass: 0.1275 pull:1.8724
1/mass: 0.1325 pull:1.62328
1/mass: 0.1375 pull:3.83617
1/mass: 0.1425 pull:1.91693
1/mass: 0.1475 pull:2.5276

--- Processing Detector: AGL ---
2
2
Fitting bin 19 (Ek: 2.43494-3.05875 GeV/n)...
[#1] INFO:Minimization -- p.d.f. provides expected number of events, including extended term in likelihood.
[#1] INFO:Fitting -- RooAbsPdf::fitTo(model) fixing normalization set for coefficient determination to observables in data
[#1] INFO:Fitting -- Creation of NLL object took 186.121 μs
[#1] INFO:Fitting -- RooAddition::defaultErrorLevel(nll_model_data) Summation contains a RooNLLVar, using its error level
[#1] INFO:Minimization -- RooAbsMinimizerFcn::setOptimizeConst: activating const optimization
[#1] INFO:Fitting -- RooAbsPdf::fitTo(model) Calculating sum-of-weights-squared correction matrix for covariance matrix
[#1] INFO:Minimization -- RooAbsMinimizerFcn::setOptimizeConst: deactivating const optimization
Total chi2/ndf: 20.8888
  Fit Result: Chi2/NDF = 375.998/19 = 19.7894, Status = 0
[#1] INFO:Plotting -- RooAbsPdf::plotOn(model) directly selected PDF components: (pdf10)
[#1] INFO:Plotting -- RooAbsPdf::plotOn(model) indirectly selected PDF components: ()
[#1] INFO:Plotting -- RooAbsPdf::plotOn(model) directly selected PDF components: (pdf11)
[#1] INFO:Plotting -- RooAbsPdf::plotOn(model) indirectly selected PDF components: ()
1/mass: 0.0525 pull:-0.443578
1/mass: 0.0575 pull:2.55248
1/mass: 0.0625 pull:1.23737
1/mass: 0.0675 pull:4.14949
1/mass: 0.0725 pull:4.95191
1/mass: 0.0775 pull:4.74154
1/mass: 0.0825 pull:3.99868
1/mass: 0.0875 pull:2.94848
1/mass: 0.0925 pull:-0.825398
1/mass: 0.0975 pull:-3.81771
1/mass: 0.1025 pull:-4.8325
1/mass: 0.1075 pull:-5.49994
1/mass: 0.1125 pull:-3.38718
1/mass: 0.1175 pull:0.698303
1/mass: 0.1225 pull:0.275252
1/mass: 0.1275 pull:6.13972
1/mass: 0.1325 pull:6.30849
1/mass: 0.1375 pull:6.87325
1/mass: 0.1425 pull:6.43921
1/mass: 0.1475 pull:5.63533
2
2
Fitting bin 21 (Ek: 3.05875-3.79127 GeV/n)...
[#1] INFO:Minimization -- p.d.f. provides expected number of events, including extended term in likelihood.
[#1] INFO:Fitting -- RooAbsPdf::fitTo(model) fixing normalization set for coefficient determination to observables in data
[#1] INFO:Fitting -- Creation of NLL object took 191.811 μs
[#1] INFO:Fitting -- RooAddition::defaultErrorLevel(nll_model_data) Summation contains a RooNLLVar, using its error level
[#1] INFO:Minimization -- RooAbsMinimizerFcn::setOptimizeConst: activating const optimization
[#1] INFO:Fitting -- RooAbsPdf::fitTo(model) Calculating sum-of-weights-squared correction matrix for covariance matrix
[#1] INFO:Minimization -- RooAbsMinimizerFcn::setOptimizeConst: deactivating const optimization
Total chi2/ndf: 19.1492
  Fit Result: Chi2/NDF = 344.685/19 = 18.1413, Status = 0
[#1] INFO:Plotting -- RooAbsPdf::plotOn(model) directly selected PDF components: (pdf10)
[#1] INFO:Plotting -- RooAbsPdf::plotOn(model) indirectly selected PDF components: ()
[#1] INFO:Plotting -- RooAbsPdf::plotOn(model) directly selected PDF components: (pdf11)
[#1] INFO:Plotting -- RooAbsPdf::plotOn(model) indirectly selected PDF components: ()
1/mass: 0.0525 pull:0.545838
1/mass: 0.0575 pull:0.215193
1/mass: 0.0625 pull:2.63606
1/mass: 0.0675 pull:3.08794
1/mass: 0.0725 pull:6.28125
1/mass: 0.0775 pull:4.31789
1/mass: 0.0825 pull:4.96825
1/mass: 0.0875 pull:1.98196
1/mass: 0.0925 pull:-1.96405
1/mass: 0.0975 pull:-4.1673
1/mass: 0.1025 pull:-3.7073
1/mass: 0.1075 pull:-2.86957
1/mass: 0.1125 pull:-3.9441
1/mass: 0.1175 pull:-1.70548
1/mass: 0.1225 pull:1.78081
1/mass: 0.1275 pull:4.51298
1/mass: 0.1325 pull:7.29147
1/mass: 0.1375 pull:7.13213
1/mass: 0.1425 pull:5.01445
1/mass: 0.1475 pull:5.17341
2
2
Fitting bin 23 (Ek: 3.79127-4.64682 GeV/n)...
[#1] INFO:Minimization -- p.d.f. provides expected number of events, including extended term in likelihood.
[#1] INFO:Fitting -- RooAbsPdf::fitTo(model) fixing normalization set for coefficient determination to observables in data
[#1] INFO:Fitting -- Creation of NLL object took 219.971 μs
[#1] INFO:Fitting -- RooAddition::defaultErrorLevel(nll_model_data) Summation contains a RooNLLVar, using its error level
[#1] INFO:Minimization -- RooAbsMinimizerFcn::setOptimizeConst: activating const optimization
[#1] INFO:Fitting -- RooAbsPdf::fitTo(model) Calculating sum-of-weights-squared correction matrix for covariance matrix
[#1] INFO:Minimization -- RooAbsMinimizerFcn::setOptimizeConst: deactivating const optimization
Total chi2/ndf: 19.4256
  Fit Result: Chi2/NDF = 349.66/19 = 18.4032, Status = 0
[#1] INFO:Plotting -- RooAbsPdf::plotOn(model) directly selected PDF components: (pdf10)
[#1] INFO:Plotting -- RooAbsPdf::plotOn(model) indirectly selected PDF components: ()
[#1] INFO:Plotting -- RooAbsPdf::plotOn(model) directly selected PDF components: (pdf11)
[#1] INFO:Plotting -- RooAbsPdf::plotOn(model) indirectly selected PDF components: ()
1/mass: 0.0525 pull:0.834751
1/mass: 0.0575 pull:2.02429
1/mass: 0.0625 pull:3.7659
1/mass: 0.0675 pull:3.70919
1/mass: 0.0725 pull:6.8883
1/mass: 0.0775 pull:5.88351
1/mass: 0.0825 pull:4.89541
1/mass: 0.0875 pull:0.445474
1/mass: 0.0925 pull:-3.04007
1/mass: 0.0975 pull:-3.31834
1/mass: 0.1025 pull:-4.00905
1/mass: 0.1075 pull:-3.61426
1/mass: 0.1125 pull:-2.92759
1/mass: 0.1175 pull:-0.383591
1/mass: 0.1225 pull:1.46075
1/mass: 0.1275 pull:4.00812
1/mass: 0.1325 pull:5.46601
1/mass: 0.1375 pull:6.04621
1/mass: 0.1425 pull:6.37603
1/mass: 0.1475 pull:5.2254
2
2
Fitting bin 25 (Ek: 4.64682-5.63491 GeV/n)...
[#1] INFO:Minimization -- p.d.f. provides expected number of events, including extended term in likelihood.
[#1] INFO:Fitting -- RooAbsPdf::fitTo(model) fixing normalization set for coefficient determination to observables in data
[#1] INFO:Fitting -- Creation of NLL object took 157.412 μs
[#1] INFO:Fitting -- RooAddition::defaultErrorLevel(nll_model_data) Summation contains a RooNLLVar, using its error level
[#1] INFO:Minimization -- RooAbsMinimizerFcn::setOptimizeConst: activating const optimization
[#1] INFO:Fitting -- RooAbsPdf::fitTo(model) Calculating sum-of-weights-squared correction matrix for covariance matrix
[#1] INFO:Minimization -- RooAbsMinimizerFcn::setOptimizeConst: deactivating const optimization
Total chi2/ndf: 13.607
  Fit Result: Chi2/NDF = 244.926/19 = 12.8909, Status = 0
[#1] INFO:Plotting -- RooAbsPdf::plotOn(model) directly selected PDF components: (pdf10)
[#1] INFO:Plotting -- RooAbsPdf::plotOn(model) indirectly selected PDF components: ()
[#1] INFO:Plotting -- RooAbsPdf::plotOn(model) directly selected PDF components: (pdf11)
[#1] INFO:Plotting -- RooAbsPdf::plotOn(model) indirectly selected PDF components: ()
1/mass: 0.0525 pull:1.06642
1/mass: 0.0575 pull:0.0464157
1/mass: 0.0625 pull:0.0294267
1/mass: 0.0675 pull:2.56081
1/mass: 0.0725 pull:4.53418
1/mass: 0.0775 pull:4.18201
1/mass: 0.0825 pull:2.77262
1/mass: 0.0875 pull:2.16299
1/mass: 0.0925 pull:-0.294265
1/mass: 0.0975 pull:-2.33949
1/mass: 0.1025 pull:-4.83218
1/mass: 0.1075 pull:-4.07078
1/mass: 0.1125 pull:-2.32353
1/mass: 0.1175 pull:-0.414406
1/mass: 0.1225 pull:0.720102
1/mass: 0.1275 pull:4.57162
1/mass: 0.1325 pull:4.42273
1/mass: 0.1375 pull:5.44119
1/mass: 0.1425 pull:6.02547
1/mass: 0.1475 pull:5.37318
2
2
Fitting bin 27 (Ek: 5.63491-6.775 GeV/n)...
[#1] INFO:Minimization -- p.d.f. provides expected number of events, including extended term in likelihood.
[#1] INFO:Fitting -- RooAbsPdf::fitTo(model) fixing normalization set for coefficient determination to observables in data
[#1] INFO:Fitting -- Creation of NLL object took 159.071 μs
[#1] INFO:Fitting -- RooAddition::defaultErrorLevel(nll_model_data) Summation contains a RooNLLVar, using its error level
[#1] INFO:Minimization -- RooAbsMinimizerFcn::setOptimizeConst: activating const optimization
[#1] INFO:Fitting -- RooAbsPdf::fitTo(model) Calculating sum-of-weights-squared correction matrix for covariance matrix
[#1] INFO:Minimization -- RooAbsMinimizerFcn::setOptimizeConst: deactivating const optimization
Total chi2/ndf: 12.5395
  Fit Result: Chi2/NDF = 225.71/19 = 11.8795, Status = 0
[#1] INFO:Plotting -- RooAbsPdf::plotOn(model) directly selected PDF components: (pdf10)
[#1] INFO:Plotting -- RooAbsPdf::plotOn(model) indirectly selected PDF components: ()
[#1] INFO:Plotting -- RooAbsPdf::plotOn(model) directly selected PDF components: (pdf11)
[#1] INFO:Plotting -- RooAbsPdf::plotOn(model) indirectly selected PDF components: ()
1/mass: 0.0525 pull:0.350228
1/mass: 0.0575 pull:1.92258
1/mass: 0.0625 pull:2.19092
1/mass: 0.0675 pull:4.04739
1/mass: 0.0725 pull:3.52936
1/mass: 0.0775 pull:4.26471
1/mass: 0.0825 pull:2.69896
1/mass: 0.0875 pull:2.73655
1/mass: 0.0925 pull:-1.54033
1/mass: 0.0975 pull:-2.93204
1/mass: 0.1025 pull:-3.70071
1/mass: 0.1075 pull:-4.19508
1/mass: 0.1125 pull:-2.80348
1/mass: 0.1175 pull:0.133159
1/mass: 0.1225 pull:1.20454
1/mass: 0.1275 pull:3.80297
1/mass: 0.1325 pull:4.41549
1/mass: 0.1375 pull:4.67154
1/mass: 0.1425 pull:5.88237
1/mass: 0.1475 pull:3.64918
2
2
Fitting bin 29 (Ek: 6.775-8.11658 GeV/n)...
[#1] INFO:Minimization -- p.d.f. provides expected number of events, including extended term in likelihood.
[#1] INFO:Fitting -- RooAbsPdf::fitTo(model) fixing normalization set for coefficient determination to observables in data
[#1] INFO:Fitting -- Creation of NLL object took 173.761 μs
[#1] INFO:Fitting -- RooAddition::defaultErrorLevel(nll_model_data) Summation contains a RooNLLVar, using its error level
[#1] INFO:Minimization -- RooAbsMinimizerFcn::setOptimizeConst: activating const optimization
[#1] INFO:Fitting -- RooAbsPdf::fitTo(model) Calculating sum-of-weights-squared correction matrix for covariance matrix
[#1] INFO:Minimization -- RooAbsMinimizerFcn::setOptimizeConst: deactivating const optimization
Total chi2/ndf: 13.9625
  Fit Result: Chi2/NDF = 251.325/19 = 13.2276, Status = 0
[#1] INFO:Plotting -- RooAbsPdf::plotOn(model) directly selected PDF components: (pdf10)
[#1] INFO:Plotting -- RooAbsPdf::plotOn(model) indirectly selected PDF components: ()
[#1] INFO:Plotting -- RooAbsPdf::plotOn(model) directly selected PDF components: (pdf11)
[#1] INFO:Plotting -- RooAbsPdf::plotOn(model) indirectly selected PDF components: ()
1/mass: 0.0525 pull:-0.22835
1/mass: 0.0575 pull:-0.510588
1/mass: 0.0625 pull:2.51511
1/mass: 0.0675 pull:2.90656
1/mass: 0.0725 pull:5.02438
1/mass: 0.0775 pull:4.95511
1/mass: 0.0825 pull:4.98529
1/mass: 0.0875 pull:0.101838
1/mass: 0.0925 pull:-1.35886
1/mass: 0.0975 pull:-3.03808
1/mass: 0.1025 pull:-4.06806
1/mass: 0.1075 pull:-3.75245
1/mass: 0.1125 pull:-3.34937
1/mass: 0.1175 pull:-1.55789
1/mass: 0.1225 pull:3.67924
1/mass: 0.1275 pull:3.20576
1/mass: 0.1325 pull:4.95045
1/mass: 0.1375 pull:4.78876
1/mass: 0.1425 pull:4.06781
1/mass: 0.1475 pull:4.29252
2
2
Fitting bin 31 (Ek: 8.11658-9.65954 GeV/n)...
[#1] INFO:Minimization -- p.d.f. provides expected number of events, including extended term in likelihood.
[#1] INFO:Fitting -- RooAbsPdf::fitTo(model) fixing normalization set for coefficient determination to observables in data
[#1] INFO:Fitting -- Creation of NLL object took 157.901 μs
[#1] INFO:Fitting -- RooAddition::defaultErrorLevel(nll_model_data) Summation contains a RooNLLVar, using its error level
[#1] INFO:Minimization -- RooAbsMinimizerFcn::setOptimizeConst: activating const optimization
[#1] INFO:Fitting -- RooAbsPdf::fitTo(model) Calculating sum-of-weights-squared correction matrix for covariance matrix
[#1] INFO:Minimization -- RooAbsMinimizerFcn::setOptimizeConst: deactivating const optimization
Total chi2/ndf: 9.49656
  Fit Result: Chi2/NDF = 170.938/19 = 8.99675, Status = 0
[#1] INFO:Plotting -- RooAbsPdf::plotOn(model) directly selected PDF components: (pdf10)
[#1] INFO:Plotting -- RooAbsPdf::plotOn(model) indirectly selected PDF components: ()
[#1] INFO:Plotting -- RooAbsPdf::plotOn(model) directly selected PDF components: (pdf11)
[#1] INFO:Plotting -- RooAbsPdf::plotOn(model) indirectly selected PDF components: ()
1/mass: 0.0525 pull:-1.36207
1/mass: 0.0575 pull:1.97657
1/mass: 0.0625 pull:2.78277
1/mass: 0.0675 pull:2.05829
1/mass: 0.0725 pull:3.45609
1/mass: 0.0775 pull:4.91197
1/mass: 0.0825 pull:2.25446
1/mass: 0.0875 pull:1.1263
1/mass: 0.0925 pull:-1.24542
1/mass: 0.0975 pull:-2.69135
1/mass: 0.1025 pull:-3.76804
1/mass: 0.1075 pull:-3.29161
1/mass: 0.1125 pull:-2.2543
1/mass: 0.1175 pull:0.214192
1/mass: 0.1225 pull:0.681639
1/mass: 0.1275 pull:3.15469
1/mass: 0.1325 pull:3.7224
1/mass: 0.1375 pull:3.20575
1/mass: 0.1425 pull:5.44969
1/mass: 0.1475 pull:2.75112
2
2
Fitting bin 33 (Ek: 9.65954-11.4536 GeV/n)...
[#1] INFO:Minimization -- p.d.f. provides expected number of events, including extended term in likelihood.
[#1] INFO:Fitting -- RooAbsPdf::fitTo(model) fixing normalization set for coefficient determination to observables in data
[#1] INFO:Fitting -- Creation of NLL object took 171.15 μs
[#1] INFO:Fitting -- RooAddition::defaultErrorLevel(nll_model_data) Summation contains a RooNLLVar, using its error level
[#1] INFO:Minimization -- RooAbsMinimizerFcn::setOptimizeConst: activating const optimization
[#1] INFO:Fitting -- RooAbsPdf::fitTo(model) Calculating sum-of-weights-squared correction matrix for covariance matrix
[#1] INFO:Minimization -- RooAbsMinimizerFcn::setOptimizeConst: deactivating const optimization
Total chi2/ndf: 7.62699
  Fit Result: Chi2/NDF = 137.286/19 = 7.22557, Status = 0
[#1] INFO:Plotting -- RooAbsPdf::plotOn(model) directly selected PDF components: (pdf10)
[#1] INFO:Plotting -- RooAbsPdf::plotOn(model) indirectly selected PDF components: ()
[#1] INFO:Plotting -- RooAbsPdf::plotOn(model) directly selected PDF components: (pdf11)
[#1] INFO:Plotting -- RooAbsPdf::plotOn(model) indirectly selected PDF components: ()
1/mass: 0.0525 pull:-0.256519
1/mass: 0.0575 pull:1.84593
1/mass: 0.0625 pull:1.59266
1/mass: 0.0675 pull:1.45757
1/mass: 0.0725 pull:2.09233
1/mass: 0.0775 pull:2.89734
1/mass: 0.0825 pull:1.09136
1/mass: 0.0875 pull:2.17142
1/mass: 0.0925 pull:-0.114279
1/mass: 0.0975 pull:-2.25143
1/mass: 0.1025 pull:-2.77072
1/mass: 0.1075 pull:-2.82519
1/mass: 0.1125 pull:-2.6962
1/mass: 0.1175 pull:-1.86959
1/mass: 0.1225 pull:-1.10025
1/mass: 0.1275 pull:2.98567
1/mass: 0.1325 pull:4.58404
1/mass: 0.1375 pull:3.68554
1/mass: 0.1425 pull:3.05357
1/mass: 0.1475 pull:4.99218
2
2
Fitting bin 35 (Ek: 11.4536-13.4986 GeV/n)...
[#1] INFO:Minimization -- p.d.f. provides expected number of events, including extended term in likelihood.
[#1] INFO:Fitting -- RooAbsPdf::fitTo(model) fixing normalization set for coefficient determination to observables in data
[#1] INFO:Fitting -- Creation of NLL object took 144.07 μs
[#1] INFO:Fitting -- RooAddition::defaultErrorLevel(nll_model_data) Summation contains a RooNLLVar, using its error level
[#1] INFO:Minimization -- RooAbsMinimizerFcn::setOptimizeConst: activating const optimization
[#1] INFO:Fitting -- RooAbsPdf::fitTo(model) Calculating sum-of-weights-squared correction matrix for covariance matrix
[#1] INFO:Minimization -- RooAbsMinimizerFcn::setOptimizeConst: deactivating const optimization
Total chi2/ndf: 5.77869
  Fit Result: Chi2/NDF = 104.016/19 = 5.47455, Status = 0
[#1] INFO:Plotting -- RooAbsPdf::plotOn(model) directly selected PDF components: (pdf10)
[#1] INFO:Plotting -- RooAbsPdf::plotOn(model) indirectly selected PDF components: ()
[#1] INFO:Plotting -- RooAbsPdf::plotOn(model) directly selected PDF components: (pdf11)
[#1] INFO:Plotting -- RooAbsPdf::plotOn(model) indirectly selected PDF components: ()
1/mass: 0.0525 pull:2.43298
1/mass: 0.0575 pull:1.7623
1/mass: 0.0625 pull:0.977385
1/mass: 0.0675 pull:3.84038
1/mass: 0.0725 pull:1.47566
1/mass: 0.0775 pull:2.48842
1/mass: 0.0825 pull:1.74402
1/mass: 0.0875 pull:0.230315
1/mass: 0.0925 pull:-0.426649
1/mass: 0.0975 pull:-2.92694
1/mass: 0.1025 pull:-2.47412
1/mass: 0.1075 pull:-2.38755
1/mass: 0.1125 pull:-2.94018
1/mass: 0.1175 pull:-0.337167
1/mass: 0.1225 pull:0.734508
1/mass: 0.1275 pull:1.60892
1/mass: 0.1325 pull:1.15007
1/mass: 0.1375 pull:3.0748
1/mass: 0.1425 pull:3.03422
1/mass: 0.1475 pull:3.92204
2
2
Fitting bin 37 (Ek: 13.4986-15.8444 GeV/n)...
[#1] INFO:Minimization -- p.d.f. provides expected number of events, including extended term in likelihood.
[#1] INFO:Fitting -- RooAbsPdf::fitTo(model) fixing normalization set for coefficient determination to observables in data
[#1] INFO:Fitting -- Creation of NLL object took 139.291 μs
[#1] INFO:Fitting -- RooAddition::defaultErrorLevel(nll_model_data) Summation contains a RooNLLVar, using its error level
[#1] INFO:Minimization -- RooAbsMinimizerFcn::setOptimizeConst: activating const optimization
[#1] INFO:Fitting -- RooAbsPdf::fitTo(model) Calculating sum-of-weights-squared correction matrix for covariance matrix
[#1] INFO:Minimization -- RooAbsMinimizerFcn::setOptimizeConst: deactivating const optimization
Total chi2/ndf: 3.06229
  Fit Result: Chi2/NDF = 55.1212/19 = 2.90112, Status = 0
[#1] INFO:Plotting -- RooAbsPdf::plotOn(model) directly selected PDF components: (pdf10)
[#1] INFO:Plotting -- RooAbsPdf::plotOn(model) indirectly selected PDF components: ()
[#1] INFO:Plotting -- RooAbsPdf::plotOn(model) directly selected PDF components: (pdf11)
[#1] INFO:Plotting -- RooAbsPdf::plotOn(model) indirectly selected PDF components: ()
1/mass: 0.0525 pull:-0.014856
1/mass: 0.0575 pull:2.00019
1/mass: 0.0625 pull:1.43898
1/mass: 0.0675 pull:1.2123
1/mass: 0.0725 pull:3.14874
1/mass: 0.0775 pull:0.833716
1/mass: 0.0825 pull:1.25322
1/mass: 0.0875 pull:0.378511
1/mass: 0.0925 pull:-1.87494
1/mass: 0.0975 pull:-1.65155
1/mass: 0.1025 pull:-1.357
1/mass: 0.1075 pull:-1.03354
1/mass: 0.1125 pull:-1.91545
1/mass: 0.1175 pull:-0.494017
1/mass: 0.1225 pull:-0.278957
1/mass: 0.1275 pull:-0.928824
1/mass: 0.1325 pull:1.14963
1/mass: 0.1375 pull:2.36914
1/mass: 0.1425 pull:2.14379
1/mass: 0.1475 pull:3.11769
2
2
Fitting bin 39 (Ek: 15.8444-18.5408 GeV/n)...
[#1] INFO:Minimization -- p.d.f. provides expected number of events, including extended term in likelihood.
[#1] INFO:Fitting -- RooAbsPdf::fitTo(model) fixing normalization set for coefficient determination to observables in data
[#1] INFO:Fitting -- Creation of NLL object took 134.951 μs
[#1] INFO:Fitting -- RooAddition::defaultErrorLevel(nll_model_data) Summation contains a RooNLLVar, using its error level
[#1] INFO:Minimization -- RooAbsMinimizerFcn::setOptimizeConst: activating const optimization
[#1] INFO:Fitting -- RooAbsPdf::fitTo(model) Calculating sum-of-weights-squared correction matrix for covariance matrix
[#1] INFO:Minimization -- RooAbsMinimizerFcn::setOptimizeConst: deactivating const optimization
Total chi2/ndf: 1.41852
  Fit Result: Chi2/NDF = 25.5333/19 = 1.34386, Status = 0
[#1] INFO:Plotting -- RooAbsPdf::plotOn(model) directly selected PDF components: (pdf10)
[#1] INFO:Plotting -- RooAbsPdf::plotOn(model) indirectly selected PDF components: ()
[#1] INFO:Plotting -- RooAbsPdf::plotOn(model) directly selected PDF components: (pdf11)
[#1] INFO:Plotting -- RooAbsPdf::plotOn(model) indirectly selected PDF components: ()
1/mass: 0.0525 pull:0.861628
1/mass: 0.0575 pull:0.926991
1/mass: 0.0625 pull:0.30561
1/mass: 0.0675 pull:-0.573243
1/mass: 0.0725 pull:0.402277
1/mass: 0.0775 pull:1.3907
1/mass: 0.0825 pull:1.76658
1/mass: 0.0875 pull:-2.48014
1/mass: 0.0925 pull:-1.02982
1/mass: 0.0975 pull:-0.776051
1/mass: 0.1025 pull:0.115287
1/mass: 0.1075 pull:1.56666
1/mass: 0.1125 pull:-0.745666
1/mass: 0.1175 pull:-1.52701
1/mass: 0.1225 pull:-0.788966
1/mass: 0.1275 pull:-0.54141
1/mass: 0.1325 pull:1.34497
1/mass: 0.1375 pull:1.47692
1/mass: 0.1425 pull:0.460461
1/mass: 0.1475 pull:-0.0754952
2
2
Fitting bin 41 (Ek: 18.5408-21.6377 GeV/n)...
[#1] INFO:Minimization -- p.d.f. provides expected number of events, including extended term in likelihood.
[#1] INFO:Fitting -- RooAbsPdf::fitTo(model) fixing normalization set for coefficient determination to observables in data
[#1] INFO:Fitting -- Creation of NLL object took 143.911 μs
[#1] INFO:Fitting -- RooAddition::defaultErrorLevel(nll_model_data) Summation contains a RooNLLVar, using its error level
[#1] INFO:Minimization -- RooAbsMinimizerFcn::setOptimizeConst: activating const optimization
[#1] INFO:Fitting -- RooAbsPdf::fitTo(model) Calculating sum-of-weights-squared correction matrix for covariance matrix
[#1] INFO:Minimization -- RooAbsMinimizerFcn::setOptimizeConst: deactivating const optimization
Total chi2/ndf: 2.09481
  Fit Result: Chi2/NDF = 37.7066/19 = 1.98456, Status = 0
[#1] INFO:Plotting -- RooAbsPdf::plotOn(model) directly selected PDF components: (pdf10)
[#1] INFO:Plotting -- RooAbsPdf::plotOn(model) indirectly selected PDF components: ()
[#1] INFO:Plotting -- RooAbsPdf::plotOn(model) directly selected PDF components: (pdf11)
[#1] INFO:Plotting -- RooAbsPdf::plotOn(model) indirectly selected PDF components: ()
1/mass: 0.0525 pull:0.35875
1/mass: 0.0575 pull:1.44503
1/mass: 0.0625 pull:-1.55184
1/mass: 0.0675 pull:1.79938
1/mass: 0.0725 pull:-0.2111
1/mass: 0.0775 pull:1.49323
1/mass: 0.0825 pull:0.906744
1/mass: 0.0875 pull:1.70307
1/mass: 0.0925 pull:-0.812854
1/mass: 0.0975 pull:-3.29232
1/mass: 0.1025 pull:-0.898169
1/mass: 0.1075 pull:-1.68314
1/mass: 0.1125 pull:0.817201
1/mass: 0.1175 pull:0.0706954
1/mass: 0.1225 pull:-0.530283
1/mass: 0.1275 pull:-0.814688
1/mass: 0.1325 pull:-0.748782
1/mass: 0.1375 pull:1.35429
1/mass: 0.1425 pull:0.174637
1/mass: 0.1475 pull:2.15965

[SUCCESS] Fitting process completed. Results saved to:
/eos/user/z/zixuan/Isotope/MassTempFit/wide_MassTF_B_UnbiasedL1Inner_H2_UseMass10_FragFromOxygen.pdf
/eos/user/z/zixuan/Isotope/MassTempFit/wide_MassTF_B_UnbiasedL1Inner_H2_UseMass10_FragFromOxygen.root
