
Processing ../rootlogon.C...
Processing HistTempFit_hist.cpp...
====================================================================
Starting SIGNAL Mass Template Fit for: Be (UseMass: 7)
Chain: L1Inner
Templates: Pure (H2)
====================================================================
[INFO] Data file loaded: root://eoshome-z.cern.ch//eos/user/z/zixuan/Isotope/Add/Be_frag4.root
[INFO] Output ROOT file: /eos/user/z/zixuan/Isotope/MassTempFit/wide_MassTF_Be_L1Inner_H2_UseMass7.root

--- Processing Detector: TOF ---
2
2
2
Fitting bin 5 (Ek: 0.267548-0.406144 GeV/n)...
[#1] INFO:Minimization -- p.d.f. provides expected number of events, including extended term in likelihood.
[#1] INFO:Fitting -- RooAbsPdf::fitTo(model) fixing normalization set for coefficient determination to observables in data
[#1] INFO:Fitting -- using generic CPU library compiled with no vectorizations
[#1] INFO:Fitting -- Creation of NLL object took 16.6192 ms
[#1] INFO:Fitting -- RooAddition::defaultErrorLevel(nll_model_data) Summation contains a RooNLLVar, using its error level
[#1] INFO:Minimization -- RooAbsMinimizerFcn::setOptimizeConst: activating const optimization
[#1] INFO:Fitting -- RooAbsPdf::fitTo(model) Calculating sum-of-weights-squared correction matrix for covariance matrix
[#1] INFO:Minimization -- RooAbsMinimizerFcn::setOptimizeConst: deactivating const optimization
Total chi2/ndf: 1.38731
  Fit Result: Chi2/NDF = 97.112/70 = 1.38731, Status = 0
[#1] INFO:Plotting -- RooAbsPdf::plotOn(model) directly selected PDF components: (pdf7)
[#1] INFO:Plotting -- RooAbsPdf::plotOn(model) indirectly selected PDF components: ()
[#1] INFO:Plotting -- RooAbsPdf::plotOn(model) directly selected PDF components: (pdf9)
[#1] INFO:Plotting -- RooAbsPdf::plotOn(model) indirectly selected PDF components: ()
[#1] INFO:Plotting -- RooAbsPdf::plotOn(model) directly selected PDF components: (pdf10)
[#1] INFO:Plotting -- RooAbsPdf::plotOn(model) indirectly selected PDF components: ()
1/mass: 0.05125 pull:0.54973
1/mass: 0.05375 pull:0.192678
1/mass: 0.05625 pull:-0.346293
1/mass: 0.05875 pull:0.839296
1/mass: 0.06125 pull:-1.43712
1/mass: 0.06375 pull:-0.593192
1/mass: 0.06625 pull:0.817011
1/mass: 0.06875 pull:-0.23997
1/mass: 0.07125 pull:1.08822
1/mass: 0.07375 pull:1.53987
1/mass: 0.07625 pull:1.1326
1/mass: 0.07875 pull:-0.800557
1/mass: 0.08125 pull:0.76157
1/mass: 0.08375 pull:1.30871
1/mass: 0.08625 pull:1.36649
1/mass: 0.08875 pull:-0.797879
1/mass: 0.09125 pull:-0.506812
1/mass: 0.09375 pull:1.38444
1/mass: 0.09625 pull:0.820014
1/mass: 0.09875 pull:-2.03247
1/mass: 0.10125 pull:-0.0176764
1/mass: 0.10375 pull:-0.963464
1/mass: 0.10625 pull:1.10175
1/mass: 0.10875 pull:-2.88043
1/mass: 0.11125 pull:-0.298607
1/mass: 0.11375 pull:-0.254458
1/mass: 0.11625 pull:-0.381835
1/mass: 0.11875 pull:-1.00464
1/mass: 0.12125 pull:0.753371
1/mass: 0.12375 pull:-1.07297
1/mass: 0.12625 pull:1.82575
1/mass: 0.12875 pull:0.977548
1/mass: 0.13125 pull:0.786838
1/mass: 0.13375 pull:0.612702
1/mass: 0.13625 pull:-0.0390772
1/mass: 0.13875 pull:-0.249719
1/mass: 0.14125 pull:0.20989
1/mass: 0.14375 pull:2.0138
1/mass: 0.14625 pull:-1.53791
1/mass: 0.14875 pull:1.14049
1/mass: 0.15125 pull:-0.0739884
1/mass: 0.15375 pull:-0.955778
1/mass: 0.15625 pull:-0.998455
1/mass: 0.15875 pull:-1.87323
1/mass: 0.16125 pull:-0.425847
1/mass: 0.16375 pull:-1.55286
1/mass: 0.16625 pull:1.34774
1/mass: 0.16875 pull:-0.228466
1/mass: 0.17125 pull:-0.986141
1/mass: 0.17375 pull:0.905906
1/mass: 0.17625 pull:0.469671
1/mass: 0.17875 pull:-0.57843
1/mass: 0.18125 pull:0.441691
1/mass: 0.18375 pull:1.74837
1/mass: 0.18625 pull:0.976563
1/mass: 0.18875 pull:-1.34152
1/mass: 0.19125 pull:-3.06607
1/mass: 0.19375 pull:1.27685
1/mass: 0.19625 pull:0.770263
1/mass: 0.19875 pull:2.46588
1/mass: 0.20125 pull:-2.42754
1/mass: 0.20375 pull:1.36818
1/mass: 0.20625 pull:0.85852
1/mass: 0.20875 pull:-0.432801
1/mass: 0.21125 pull:1.12226
1/mass: 0.21375 pull:0.999062
1/mass: 0.21625 pull:-0.0321051
1/mass: 0.21875 pull:0.700056
1/mass: 0.22125 pull:-1.09626
1/mass: 0.22375 pull:-0.34196
1/mass: 0.22625 pull:0.320344
1/mass: 0.22875 pull:0.411809
2
2
2
Fitting bin 7 (Ek: 0.406144-0.587609 GeV/n)...
[#1] INFO:Minimization -- p.d.f. provides expected number of events, including extended term in likelihood.
[#1] INFO:Fitting -- RooAbsPdf::fitTo(model) fixing normalization set for coefficient determination to observables in data
[#1] INFO:Fitting -- Creation of NLL object took 199.171 μs
[#1] INFO:Fitting -- RooAddition::defaultErrorLevel(nll_model_data) Summation contains a RooNLLVar, using its error level
[#1] INFO:Minimization -- RooAbsMinimizerFcn::setOptimizeConst: activating const optimization
[#1] INFO:Fitting -- RooAbsPdf::fitTo(model) Calculating sum-of-weights-squared correction matrix for covariance matrix
[#1] INFO:Minimization -- RooAbsMinimizerFcn::setOptimizeConst: deactivating const optimization
Total chi2/ndf: 1.12579
  Fit Result: Chi2/NDF = 77.6798/70 = 1.10971, Status = 0
[#1] INFO:Plotting -- RooAbsPdf::plotOn(model) directly selected PDF components: (pdf7)
[#1] INFO:Plotting -- RooAbsPdf::plotOn(model) indirectly selected PDF components: ()
[#1] INFO:Plotting -- RooAbsPdf::plotOn(model) directly selected PDF components: (pdf9)
[#1] INFO:Plotting -- RooAbsPdf::plotOn(model) indirectly selected PDF components: ()
[#1] INFO:Plotting -- RooAbsPdf::plotOn(model) directly selected PDF components: (pdf10)
[#1] INFO:Plotting -- RooAbsPdf::plotOn(model) indirectly selected PDF components: ()
1/mass: 0.05375 pull:0.638899
1/mass: 0.05625 pull:0.707548
1/mass: 0.05875 pull:2.03502
1/mass: 0.06125 pull:1.64962
1/mass: 0.06375 pull:1.25725
1/mass: 0.06625 pull:0.735565
1/mass: 0.06875 pull:1.52842
1/mass: 0.07125 pull:1.39177
1/mass: 0.07375 pull:0.817032
1/mass: 0.07625 pull:2.18122
1/mass: 0.07875 pull:1.5179
1/mass: 0.08125 pull:1.79483
1/mass: 0.08375 pull:0.512945
1/mass: 0.08625 pull:-1.28864
1/mass: 0.08875 pull:-0.158987
1/mass: 0.09125 pull:-1.33463
1/mass: 0.09375 pull:1.40469
1/mass: 0.09625 pull:0.430128
1/mass: 0.09875 pull:1.38375
1/mass: 0.10125 pull:-1.49388
1/mass: 0.10375 pull:-1.71749
1/mass: 0.10625 pull:-1.46303
1/mass: 0.10875 pull:-1.98121
1/mass: 0.11125 pull:0.765621
1/mass: 0.11375 pull:-0.102521
1/mass: 0.11625 pull:-0.777262
1/mass: 0.11875 pull:-0.642231
1/mass: 0.12125 pull:1.08015
1/mass: 0.12375 pull:1.13804
1/mass: 0.12625 pull:-0.121089
1/mass: 0.12875 pull:-0.0399357
1/mass: 0.13125 pull:-0.657663
1/mass: 0.13375 pull:0.97984
1/mass: 0.13625 pull:0.914413
1/mass: 0.13875 pull:0.999984
1/mass: 0.14125 pull:1.42724
1/mass: 0.14375 pull:0.107688
1/mass: 0.14625 pull:-0.620204
1/mass: 0.14875 pull:-0.238293
1/mass: 0.15125 pull:0.747354
1/mass: 0.15375 pull:-0.40686
1/mass: 0.15625 pull:0.00600884
1/mass: 0.15875 pull:-0.401734
1/mass: 0.16125 pull:0.273188
1/mass: 0.16375 pull:-1.95876
1/mass: 0.16625 pull:-0.781833
1/mass: 0.16875 pull:-0.474303
1/mass: 0.17125 pull:0.563536
1/mass: 0.17375 pull:-1.04736
1/mass: 0.17625 pull:0.642169
1/mass: 0.17875 pull:-0.676207
1/mass: 0.18125 pull:-0.914946
1/mass: 0.18375 pull:0.335044
1/mass: 0.18625 pull:0.594871
1/mass: 0.18875 pull:0.340389
1/mass: 0.19125 pull:0.565607
1/mass: 0.19375 pull:1.18792
1/mass: 0.19625 pull:0.195941
1/mass: 0.19875 pull:0.222459
1/mass: 0.20125 pull:-0.0583121
1/mass: 0.20375 pull:-1.93682
1/mass: 0.20625 pull:0.671888
1/mass: 0.20875 pull:0.158439
1/mass: 0.21125 pull:0.308223
1/mass: 0.21375 pull:-0.36503
1/mass: 0.21625 pull:0.0863826
1/mass: 0.21875 pull:0.00897899
1/mass: 0.22125 pull:1.87967
1/mass: 0.22375 pull:-1.6791
1/mass: 0.22625 pull:0.462522
1/mass: 0.22875 pull:1.23027
2
2
2
Fitting bin 9 (Ek: 0.587609-0.821474 GeV/n)...
[#1] INFO:Minimization -- p.d.f. provides expected number of events, including extended term in likelihood.
[#1] INFO:Fitting -- RooAbsPdf::fitTo(model) fixing normalization set for coefficient determination to observables in data
[#1] INFO:Fitting -- Creation of NLL object took 181.412 μs
[#1] INFO:Fitting -- RooAddition::defaultErrorLevel(nll_model_data) Summation contains a RooNLLVar, using its error level
[#1] INFO:Minimization -- RooAbsMinimizerFcn::setOptimizeConst: activating const optimization
[#1] INFO:Fitting -- RooAbsPdf::fitTo(model) Calculating sum-of-weights-squared correction matrix for covariance matrix
[#1] INFO:Minimization -- RooAbsMinimizerFcn::setOptimizeConst: deactivating const optimization
Total chi2/ndf: 2.40315
  Fit Result: Chi2/NDF = 168.221/70 = 2.40315, Status = 0
[#1] INFO:Plotting -- RooAbsPdf::plotOn(model) directly selected PDF components: (pdf7)
[#1] INFO:Plotting -- RooAbsPdf::plotOn(model) indirectly selected PDF components: ()
[#1] INFO:Plotting -- RooAbsPdf::plotOn(model) directly selected PDF components: (pdf9)
[#1] INFO:Plotting -- RooAbsPdf::plotOn(model) indirectly selected PDF components: ()
[#1] INFO:Plotting -- RooAbsPdf::plotOn(model) directly selected PDF components: (pdf10)
[#1] INFO:Plotting -- RooAbsPdf::plotOn(model) indirectly selected PDF components: ()
1/mass: 0.05125 pull:1.44934
1/mass: 0.05375 pull:1.45308
1/mass: 0.05625 pull:0.827831
1/mass: 0.05875 pull:0.78054
1/mass: 0.06125 pull:0.687323
1/mass: 0.06375 pull:3.47178
1/mass: 0.06625 pull:1.64001
1/mass: 0.06875 pull:1.59509
1/mass: 0.07125 pull:-1.32165
1/mass: 0.07375 pull:2.52034
1/mass: 0.07625 pull:0.841301
1/mass: 0.07875 pull:1.47423
1/mass: 0.08125 pull:1.62538
1/mass: 0.08375 pull:2.95434
1/mass: 0.08625 pull:0.810864
1/mass: 0.08875 pull:1.51694
1/mass: 0.09125 pull:-0.919405
1/mass: 0.09375 pull:-0.191905
1/mass: 0.09625 pull:-0.370976
1/mass: 0.09875 pull:-1.85736
1/mass: 0.10125 pull:-0.992501
1/mass: 0.10375 pull:-0.437046
1/mass: 0.10625 pull:0.0999685
1/mass: 0.10875 pull:-0.127254
1/mass: 0.11125 pull:-1.2161
1/mass: 0.11375 pull:-0.870544
1/mass: 0.11625 pull:-3.09795
1/mass: 0.11875 pull:-0.318476
1/mass: 0.12125 pull:-0.265704
1/mass: 0.12375 pull:-0.0163081
1/mass: 0.12625 pull:0.770669
1/mass: 0.12875 pull:3.54146
1/mass: 0.13125 pull:3.09281
1/mass: 0.13375 pull:0.358012
1/mass: 0.13625 pull:1.68982
1/mass: 0.13875 pull:-0.76639
1/mass: 0.14125 pull:-2.04461
1/mass: 0.14375 pull:-0.7271
1/mass: 0.14625 pull:-0.175641
1/mass: 0.14875 pull:-0.494139
1/mass: 0.15125 pull:-0.61283
1/mass: 0.15375 pull:-1.51688
1/mass: 0.15625 pull:-0.742333
1/mass: 0.15875 pull:-0.722605
1/mass: 0.16125 pull:-0.699302
1/mass: 0.16375 pull:-0.441642
1/mass: 0.16625 pull:-0.122522
1/mass: 0.16875 pull:-1.80417
1/mass: 0.17125 pull:-0.339583
1/mass: 0.17375 pull:-2.0765
1/mass: 0.17625 pull:0.823785
1/mass: 0.17875 pull:2.39881
1/mass: 0.18125 pull:0.0181824
1/mass: 0.18375 pull:0.531263
1/mass: 0.18625 pull:1.77584
1/mass: 0.18875 pull:1.85762
1/mass: 0.19125 pull:3.79422
1/mass: 0.19375 pull:1.80296
1/mass: 0.19625 pull:0.580929
1/mass: 0.19875 pull:2.70377
1/mass: 0.20125 pull:-0.409249
1/mass: 0.20375 pull:0.391105
1/mass: 0.20625 pull:0.23352
1/mass: 0.20875 pull:2.68916
1/mass: 0.21125 pull:-0.807423
1/mass: 0.21375 pull:1.12515
1/mass: 0.21625 pull:-0.212334
1/mass: 0.21875 pull:1.96974
1/mass: 0.22125 pull:-2.08563
1/mass: 0.22375 pull:-0.0710101
1/mass: 0.22625 pull:1.43037
1/mass: 0.22875 pull:-0.339804
2
2
2
Fitting bin 11 (Ek: 0.821474-1.11303 GeV/n)...
[#1] INFO:Minimization -- p.d.f. provides expected number of events, including extended term in likelihood.
[#1] INFO:Fitting -- RooAbsPdf::fitTo(model) fixing normalization set for coefficient determination to observables in data
[#1] INFO:Fitting -- Creation of NLL object took 175.593 μs
[#1] INFO:Fitting -- RooAddition::defaultErrorLevel(nll_model_data) Summation contains a RooNLLVar, using its error level
[#1] INFO:Minimization -- RooAbsMinimizerFcn::setOptimizeConst: activating const optimization
[#1] INFO:Fitting -- RooAbsPdf::fitTo(model) Calculating sum-of-weights-squared correction matrix for covariance matrix
[#1] INFO:Minimization -- RooAbsMinimizerFcn::setOptimizeConst: deactivating const optimization
Total chi2/ndf: 3.39575
  Fit Result: Chi2/NDF = 237.703/70 = 3.39575, Status = 0
[#1] INFO:Plotting -- RooAbsPdf::plotOn(model) directly selected PDF components: (pdf7)
[#1] INFO:Plotting -- RooAbsPdf::plotOn(model) indirectly selected PDF components: ()
[#1] INFO:Plotting -- RooAbsPdf::plotOn(model) directly selected PDF components: (pdf9)
[#1] INFO:Plotting -- RooAbsPdf::plotOn(model) indirectly selected PDF components: ()
[#1] INFO:Plotting -- RooAbsPdf::plotOn(model) directly selected PDF components: (pdf10)
[#1] INFO:Plotting -- RooAbsPdf::plotOn(model) indirectly selected PDF components: ()
1/mass: 0.05125 pull:1.86167
1/mass: 0.05375 pull:1.7113
1/mass: 0.05625 pull:-0.181067
1/mass: 0.05875 pull:2.08621
1/mass: 0.06125 pull:2.50726
1/mass: 0.06375 pull:2.63641
1/mass: 0.06625 pull:0.981255
1/mass: 0.06875 pull:1.94623
1/mass: 0.07125 pull:2.39629
1/mass: 0.07375 pull:2.74146
1/mass: 0.07625 pull:3.7905
1/mass: 0.07875 pull:1.81141
1/mass: 0.08125 pull:2.90751
1/mass: 0.08375 pull:0.6154
1/mass: 0.08625 pull:1.24266
1/mass: 0.08875 pull:1.43209
1/mass: 0.09125 pull:-0.047771
1/mass: 0.09375 pull:-0.970821
1/mass: 0.09625 pull:-1.69717
1/mass: 0.09875 pull:-1.116
1/mass: 0.10125 pull:-1.63985
1/mass: 0.10375 pull:-1.25652
1/mass: 0.10625 pull:-0.0971446
1/mass: 0.10875 pull:-0.394226
1/mass: 0.11125 pull:-1.97657
1/mass: 0.11375 pull:0.885828
1/mass: 0.11625 pull:-1.44317
1/mass: 0.11875 pull:-2.53785
1/mass: 0.12125 pull:1.38337
1/mass: 0.12375 pull:-1.34353
1/mass: 0.12625 pull:3.16002
1/mass: 0.12875 pull:1.97036
1/mass: 0.13125 pull:2.17968
1/mass: 0.13375 pull:-0.268912
1/mass: 0.13625 pull:0.296929
1/mass: 0.13875 pull:1.15018
1/mass: 0.14125 pull:-1.60111
1/mass: 0.14375 pull:-0.530517
1/mass: 0.14625 pull:0.672018
1/mass: 0.14875 pull:-2.3802
1/mass: 0.15125 pull:-3.72187
1/mass: 0.15375 pull:-2.18123
1/mass: 0.15625 pull:-0.257994
1/mass: 0.15875 pull:-1.27761
1/mass: 0.16125 pull:-0.0475518
1/mass: 0.16375 pull:-1.15191
1/mass: 0.16625 pull:-0.597959
1/mass: 0.16875 pull:-2.2174
1/mass: 0.17125 pull:0.268296
1/mass: 0.17375 pull:-0.00825357
1/mass: 0.17625 pull:0.94598
1/mass: 0.17875 pull:-0.249309
1/mass: 0.18125 pull:1.57825
1/mass: 0.18375 pull:3.00274
1/mass: 0.18625 pull:1.95339
1/mass: 0.18875 pull:2.75095
1/mass: 0.19125 pull:2.47629
1/mass: 0.19375 pull:2.77696
1/mass: 0.19625 pull:2.18696
1/mass: 0.19875 pull:3.15395
1/mass: 0.20125 pull:1.82064
1/mass: 0.20375 pull:3.40542
1/mass: 0.20625 pull:1.61269
1/mass: 0.20875 pull:1.11256
1/mass: 0.21125 pull:1.47042
1/mass: 0.21375 pull:2.35284
1/mass: 0.21625 pull:-0.610343
1/mass: 0.21875 pull:1.31877
1/mass: 0.22125 pull:0.419043
1/mass: 0.22375 pull:0.631328
1/mass: 0.22625 pull:-1.13801
1/mass: 0.22875 pull:0.514402
2
2
2
Fitting bin 13 (Ek: 1.11303-1.4714 GeV/n)...
[#1] INFO:Minimization -- p.d.f. provides expected number of events, including extended term in likelihood.
[#1] INFO:Fitting -- RooAbsPdf::fitTo(model) fixing normalization set for coefficient determination to observables in data
[#1] INFO:Fitting -- Creation of NLL object took 173.512 μs
[#1] INFO:Fitting -- RooAddition::defaultErrorLevel(nll_model_data) Summation contains a RooNLLVar, using its error level
[#1] INFO:Minimization -- RooAbsMinimizerFcn::setOptimizeConst: activating const optimization
[#1] INFO:Fitting -- RooAbsPdf::fitTo(model) Calculating sum-of-weights-squared correction matrix for covariance matrix
[#1] INFO:Minimization -- RooAbsMinimizerFcn::setOptimizeConst: deactivating const optimization
Total chi2/ndf: 6.76357
  Fit Result: Chi2/NDF = 473.45/70 = 6.76357, Status = 0
[#1] INFO:Plotting -- RooAbsPdf::plotOn(model) directly selected PDF components: (pdf7)
[#1] INFO:Plotting -- RooAbsPdf::plotOn(model) indirectly selected PDF components: ()
[#1] INFO:Plotting -- RooAbsPdf::plotOn(model) directly selected PDF components: (pdf9)
[#1] INFO:Plotting -- RooAbsPdf::plotOn(model) indirectly selected PDF components: ()
[#1] INFO:Plotting -- RooAbsPdf::plotOn(model) directly selected PDF components: (pdf10)
[#1] INFO:Plotting -- RooAbsPdf::plotOn(model) indirectly selected PDF components: ()
1/mass: 0.05125 pull:4.08946
1/mass: 0.05375 pull:5.1469
1/mass: 0.05625 pull:4.35389
1/mass: 0.05875 pull:4.01732
1/mass: 0.06125 pull:2.13683
1/mass: 0.06375 pull:4.04703
1/mass: 0.06625 pull:3.50325
1/mass: 0.06875 pull:2.92864
1/mass: 0.07125 pull:4.67988
1/mass: 0.07375 pull:3.53429
1/mass: 0.07625 pull:2.21092
1/mass: 0.07875 pull:3.13503
1/mass: 0.08125 pull:2.20715
1/mass: 0.08375 pull:2.5116
1/mass: 0.08625 pull:1.23084
1/mass: 0.08875 pull:1.70282
1/mass: 0.09125 pull:-0.937375
1/mass: 0.09375 pull:-1.14138
1/mass: 0.09625 pull:-4.23698
1/mass: 0.09875 pull:-1.3214
1/mass: 0.10125 pull:-1.82734
1/mass: 0.10375 pull:-3.05666
1/mass: 0.10625 pull:-1.43923
1/mass: 0.10875 pull:-1.7218
1/mass: 0.11125 pull:-0.917178
1/mass: 0.11375 pull:0.0430451
1/mass: 0.11625 pull:0.597339
1/mass: 0.11875 pull:-0.0292887
1/mass: 0.12125 pull:1.57466
1/mass: 0.12375 pull:0.176735
1/mass: 0.12625 pull:0.305266
1/mass: 0.12875 pull:1.83041
1/mass: 0.13125 pull:3.27567
1/mass: 0.13375 pull:-0.294017
1/mass: 0.13625 pull:1.61431
1/mass: 0.13875 pull:-2.06936
1/mass: 0.14125 pull:-2.43985
1/mass: 0.14375 pull:-3.04415
1/mass: 0.14625 pull:-1.9806
1/mass: 0.14875 pull:-2.67612
1/mass: 0.15125 pull:-3.19122
1/mass: 0.15375 pull:-3.69714
1/mass: 0.15625 pull:-2.76204
1/mass: 0.15875 pull:-0.695645
1/mass: 0.16125 pull:-0.0688177
1/mass: 0.16375 pull:-1.79056
1/mass: 0.16625 pull:-1.38017
1/mass: 0.16875 pull:0.489666
1/mass: 0.17125 pull:1.64708
1/mass: 0.17375 pull:1.25582
1/mass: 0.17625 pull:2.15716
1/mass: 0.17875 pull:1.09961
1/mass: 0.18125 pull:0.761713
1/mass: 0.18375 pull:1.88337
1/mass: 0.18625 pull:3.98583
1/mass: 0.18875 pull:3.53645
1/mass: 0.19125 pull:4.91902
1/mass: 0.19375 pull:3.50046
1/mass: 0.19625 pull:1.53283
1/mass: 0.19875 pull:2.93421
1/mass: 0.20125 pull:2.22125
1/mass: 0.20375 pull:2.94535
1/mass: 0.20625 pull:1.48171
1/mass: 0.20875 pull:3.64015
1/mass: 0.21125 pull:2.76944
1/mass: 0.21375 pull:3.41681
1/mass: 0.21625 pull:2.68989
1/mass: 0.21875 pull:2.03076
1/mass: 0.22125 pull:1.61001
1/mass: 0.22375 pull:2.19592
1/mass: 0.22625 pull:-1.72712
1/mass: 0.22875 pull:0.567054

--- Processing Detector: NaF ---
2
2
2
Fitting bin 11 (Ek: 0.821474-1.11303 GeV/n)...
[#1] INFO:Minimization -- p.d.f. provides expected number of events, including extended term in likelihood.
[#1] INFO:Fitting -- RooAbsPdf::fitTo(model) fixing normalization set for coefficient determination to observables in data
[#1] INFO:Fitting -- Creation of NLL object took 176.002 μs
[#1] INFO:Fitting -- RooAddition::defaultErrorLevel(nll_model_data) Summation contains a RooNLLVar, using its error level
[#1] INFO:Minimization -- RooAbsMinimizerFcn::setOptimizeConst: activating const optimization
[#1] INFO:Fitting -- RooAbsPdf::fitTo(model) Calculating sum-of-weights-squared correction matrix for covariance matrix
[#1] INFO:Minimization -- RooAbsMinimizerFcn::setOptimizeConst: deactivating const optimization
Total chi2/ndf: 1.93378
  Fit Result: Chi2/NDF = 131.497/70 = 1.87852, Status = 0
[#1] INFO:Plotting -- RooAbsPdf::plotOn(model) directly selected PDF components: (pdf7)
[#1] INFO:Plotting -- RooAbsPdf::plotOn(model) indirectly selected PDF components: ()
[#1] INFO:Plotting -- RooAbsPdf::plotOn(model) directly selected PDF components: (pdf9)
[#1] INFO:Plotting -- RooAbsPdf::plotOn(model) indirectly selected PDF components: ()
[#1] INFO:Plotting -- RooAbsPdf::plotOn(model) directly selected PDF components: (pdf10)
[#1] INFO:Plotting -- RooAbsPdf::plotOn(model) indirectly selected PDF components: ()
1/mass: 0.05125 pull:0.990008
1/mass: 0.05375 pull:1.66248
1/mass: 0.06125 pull:0.318944
1/mass: 0.06375 pull:2.16978
1/mass: 0.06625 pull:-1.7277
1/mass: 0.06875 pull:1.45117
1/mass: 0.07125 pull:1.5278
1/mass: 0.07375 pull:1.77723
1/mass: 0.07625 pull:0.728648
1/mass: 0.07875 pull:-0.38826
1/mass: 0.08125 pull:1.82732
1/mass: 0.08375 pull:0.879114
1/mass: 0.08625 pull:-1.56851
1/mass: 0.08875 pull:-1.59391
1/mass: 0.09125 pull:-0.0372587
1/mass: 0.09375 pull:0.546797
1/mass: 0.09625 pull:-0.623834
1/mass: 0.09875 pull:-0.428263
1/mass: 0.10125 pull:0.603256
1/mass: 0.10375 pull:-1.31601
1/mass: 0.10625 pull:1.46797
1/mass: 0.10875 pull:-1.51596
1/mass: 0.11125 pull:-0.612545
1/mass: 0.11375 pull:0.190689
1/mass: 0.11625 pull:-0.550578
1/mass: 0.11875 pull:0.171824
1/mass: 0.12125 pull:-0.171316
1/mass: 0.12375 pull:0.392977
1/mass: 0.12625 pull:0.6493
1/mass: 0.12875 pull:0.0752022
1/mass: 0.13125 pull:0.791399
1/mass: 0.13375 pull:0.702118
1/mass: 0.13625 pull:-2.04013
1/mass: 0.13875 pull:0.88579
1/mass: 0.14125 pull:1.81877
1/mass: 0.14375 pull:0.623181
1/mass: 0.14625 pull:-3.6469
1/mass: 0.14875 pull:-0.474955
1/mass: 0.15125 pull:0.994511
1/mass: 0.15375 pull:0.791322
1/mass: 0.15625 pull:-0.422896
1/mass: 0.15875 pull:1.5731
1/mass: 0.16125 pull:-0.935563
1/mass: 0.16375 pull:-1.80539
1/mass: 0.16625 pull:-0.390595
1/mass: 0.16875 pull:-0.618049
1/mass: 0.17125 pull:-0.0429565
1/mass: 0.17375 pull:-1.61535
1/mass: 0.17625 pull:0.836364
1/mass: 0.17875 pull:1.74151
1/mass: 0.18125 pull:2.56446
1/mass: 0.18375 pull:-2.79968
1/mass: 0.18625 pull:0.81839
1/mass: 0.18875 pull:1.21098
1/mass: 0.19125 pull:-2.0212
1/mass: 0.19375 pull:1.2527
1/mass: 0.19625 pull:0.670065
1/mass: 0.19875 pull:-0.0820783
1/mass: 0.20125 pull:1.31444
1/mass: 0.20375 pull:0.277647
1/mass: 0.20625 pull:-1.10846
1/mass: 0.20875 pull:0.161949
1/mass: 0.21125 pull:-0.770204
1/mass: 0.21375 pull:-1.79265
1/mass: 0.21625 pull:-4.71336
1/mass: 0.21875 pull:-1.79269
1/mass: 0.22125 pull:0.431583
1/mass: 0.22375 pull:0.120823
1/mass: 0.22625 pull:0.184036
1/mass: 0.22875 pull:-0.163562
2
2
2
Fitting bin 13 (Ek: 1.11303-1.4714 GeV/n)...
[#1] INFO:Minimization -- p.d.f. provides expected number of events, including extended term in likelihood.
[#1] INFO:Fitting -- RooAbsPdf::fitTo(model) fixing normalization set for coefficient determination to observables in data
[#1] INFO:Fitting -- Creation of NLL object took 145.251 μs
[#1] INFO:Fitting -- RooAddition::defaultErrorLevel(nll_model_data) Summation contains a RooNLLVar, using its error level
[#1] INFO:Minimization -- RooAbsMinimizerFcn::setOptimizeConst: activating const optimization
[#1] INFO:Fitting -- RooAbsPdf::fitTo(model) Calculating sum-of-weights-squared correction matrix for covariance matrix
[#1] INFO:Minimization -- RooAbsMinimizerFcn::setOptimizeConst: deactivating const optimization
Total chi2/ndf: 1.47401
  Fit Result: Chi2/NDF = 100.233/70 = 1.4319, Status = 0
[#1] INFO:Plotting -- RooAbsPdf::plotOn(model) directly selected PDF components: (pdf7)
[#1] INFO:Plotting -- RooAbsPdf::plotOn(model) indirectly selected PDF components: ()
[#1] INFO:Plotting -- RooAbsPdf::plotOn(model) directly selected PDF components: (pdf9)
[#1] INFO:Plotting -- RooAbsPdf::plotOn(model) indirectly selected PDF components: ()
[#1] INFO:Plotting -- RooAbsPdf::plotOn(model) directly selected PDF components: (pdf10)
[#1] INFO:Plotting -- RooAbsPdf::plotOn(model) indirectly selected PDF components: ()
1/mass: 0.05375 pull:-0.0366753
1/mass: 0.05625 pull:0.0913992
1/mass: 0.05875 pull:0.76098
1/mass: 0.06125 pull:0.502318
1/mass: 0.06375 pull:0.601604
1/mass: 0.06875 pull:-0.571732
1/mass: 0.07125 pull:-3.87509
1/mass: 0.07375 pull:0.514569
1/mass: 0.07625 pull:1.42374
1/mass: 0.07875 pull:1.44381
1/mass: 0.08125 pull:-0.195003
1/mass: 0.08375 pull:0.254925
1/mass: 0.08625 pull:-0.418274
1/mass: 0.08875 pull:0.0468426
1/mass: 0.09125 pull:-0.802283
1/mass: 0.09375 pull:0.168329
1/mass: 0.09625 pull:-1.14874
1/mass: 0.09875 pull:-0.0450804
1/mass: 0.10125 pull:-0.37607
1/mass: 0.10375 pull:1.25497
1/mass: 0.10625 pull:-0.981972
1/mass: 0.10875 pull:1.47803
1/mass: 0.11125 pull:-0.261119
1/mass: 0.11375 pull:-0.773536
1/mass: 0.11625 pull:-0.361758
1/mass: 0.11875 pull:1.89898
1/mass: 0.12125 pull:-0.803499
1/mass: 0.12375 pull:-0.0720385
1/mass: 0.12625 pull:-0.910116
1/mass: 0.12875 pull:0.655531
1/mass: 0.13125 pull:-0.307102
1/mass: 0.13375 pull:2.45058
1/mass: 0.13625 pull:-1.70949
1/mass: 0.13875 pull:-1.92106
1/mass: 0.14125 pull:-0.360393
1/mass: 0.14375 pull:-0.246793
1/mass: 0.14625 pull:-2.25486
1/mass: 0.14875 pull:2.19265
1/mass: 0.15125 pull:0.903862
1/mass: 0.15375 pull:0.46015
1/mass: 0.15625 pull:0.0527281
1/mass: 0.15875 pull:0.646041
1/mass: 0.16125 pull:0.259111
1/mass: 0.16375 pull:-0.883464
1/mass: 0.16625 pull:0.489638
1/mass: 0.16875 pull:-0.371305
1/mass: 0.17125 pull:-3.96899
1/mass: 0.17375 pull:-0.125339
1/mass: 0.17625 pull:0.650939
1/mass: 0.17875 pull:0.901087
1/mass: 0.18125 pull:1.71385
1/mass: 0.18375 pull:1.86501
1/mass: 0.18625 pull:0.252466
1/mass: 0.18875 pull:-0.430455
1/mass: 0.19125 pull:-0.79919
1/mass: 0.19375 pull:-1.01938
1/mass: 0.19625 pull:-0.331306
1/mass: 0.19875 pull:-1.40178
1/mass: 0.20125 pull:0.21473
1/mass: 0.20375 pull:0.105874
1/mass: 0.20625 pull:1.32849
1/mass: 0.20875 pull:1.11458
1/mass: 0.21125 pull:0.766937
1/mass: 0.21375 pull:1.56138
1/mass: 0.21625 pull:0.398647
1/mass: 0.21875 pull:1.0996
1/mass: 0.22125 pull:0.958304
1/mass: 0.22375 pull:-1.88457
1/mass: 0.22625 pull:-0.871891
1/mass: 0.22875 pull:0.528344
2
2
2
Fitting bin 15 (Ek: 1.4714-1.91049 GeV/n)...
[#1] INFO:Minimization -- p.d.f. provides expected number of events, including extended term in likelihood.
[#1] INFO:Fitting -- RooAbsPdf::fitTo(model) fixing normalization set for coefficient determination to observables in data
[#1] INFO:Fitting -- Creation of NLL object took 189.032 μs
[#1] INFO:Fitting -- RooAddition::defaultErrorLevel(nll_model_data) Summation contains a RooNLLVar, using its error level
[#1] INFO:Minimization -- RooAbsMinimizerFcn::setOptimizeConst: activating const optimization
[#1] INFO:Fitting -- RooAbsPdf::fitTo(model) Calculating sum-of-weights-squared correction matrix for covariance matrix
[#1] INFO:Minimization -- RooAbsMinimizerFcn::setOptimizeConst: deactivating const optimization
Total chi2/ndf: 1.27326
  Fit Result: Chi2/NDF = 89.1282/70 = 1.27326, Status = 0
[#1] INFO:Plotting -- RooAbsPdf::plotOn(model) directly selected PDF components: (pdf7)
[#1] INFO:Plotting -- RooAbsPdf::plotOn(model) indirectly selected PDF components: ()
[#1] INFO:Plotting -- RooAbsPdf::plotOn(model) directly selected PDF components: (pdf9)
[#1] INFO:Plotting -- RooAbsPdf::plotOn(model) indirectly selected PDF components: ()
[#1] INFO:Plotting -- RooAbsPdf::plotOn(model) directly selected PDF components: (pdf10)
[#1] INFO:Plotting -- RooAbsPdf::plotOn(model) indirectly selected PDF components: ()
1/mass: 0.05125 pull:1.46414
1/mass: 0.05375 pull:0.346992
1/mass: 0.05625 pull:0.0752477
1/mass: 0.05875 pull:-0.290281
1/mass: 0.06125 pull:0.598593
1/mass: 0.06375 pull:-2.00341
1/mass: 0.06625 pull:1.21545
1/mass: 0.06875 pull:1.23186
1/mass: 0.07125 pull:1.4766
1/mass: 0.07375 pull:-1.59202
1/mass: 0.07625 pull:-2.25322
1/mass: 0.07875 pull:0.00153815
1/mass: 0.08125 pull:0.56261
1/mass: 0.08375 pull:0.268375
1/mass: 0.08625 pull:2.00636
1/mass: 0.08875 pull:2.80377
1/mass: 0.09125 pull:-1.51704
1/mass: 0.09375 pull:-1.53191
1/mass: 0.09625 pull:1.17113
1/mass: 0.09875 pull:0.107221
1/mass: 0.10125 pull:-0.343604
1/mass: 0.10375 pull:-0.634245
1/mass: 0.10625 pull:-1.6608
1/mass: 0.10875 pull:-0.660288
1/mass: 0.11125 pull:1.29605
1/mass: 0.11375 pull:-1.76816
1/mass: 0.11625 pull:-1.062
1/mass: 0.11875 pull:0.468735
1/mass: 0.12125 pull:0.275041
1/mass: 0.12375 pull:0.288531
1/mass: 0.12625 pull:2.25349
1/mass: 0.12875 pull:-0.122457
1/mass: 0.13125 pull:-0.892473
1/mass: 0.13375 pull:-0.150865
1/mass: 0.13625 pull:1.35704
1/mass: 0.13875 pull:-0.231674
1/mass: 0.14125 pull:0.987859
1/mass: 0.14375 pull:-0.696684
1/mass: 0.14625 pull:-0.252013
1/mass: 0.14875 pull:-0.455082
1/mass: 0.15125 pull:-0.110434
1/mass: 0.15375 pull:-0.493122
1/mass: 0.15625 pull:-0.160489
1/mass: 0.15875 pull:0.498028
1/mass: 0.16125 pull:-0.311694
1/mass: 0.16375 pull:0.332088
1/mass: 0.16625 pull:0.199312
1/mass: 0.16875 pull:0.0533789
1/mass: 0.17125 pull:-1.21045
1/mass: 0.17375 pull:1.48167
1/mass: 0.17625 pull:-1.11937
1/mass: 0.17875 pull:-0.827413
1/mass: 0.18125 pull:-1.20273
1/mass: 0.18375 pull:1.0524
1/mass: 0.18625 pull:-0.965164
1/mass: 0.18875 pull:-0.716853
1/mass: 0.19125 pull:0.832258
1/mass: 0.19375 pull:1.10303
1/mass: 0.19625 pull:-1.0104
1/mass: 0.19875 pull:-0.172229
1/mass: 0.20125 pull:1.67464
1/mass: 0.20375 pull:1.45852
1/mass: 0.20625 pull:1.07348
1/mass: 0.20875 pull:0.406126
1/mass: 0.21125 pull:2.24921
1/mass: 0.21375 pull:-1.48899
1/mass: 0.21625 pull:0.354819
1/mass: 0.21875 pull:-0.609399
1/mass: 0.22125 pull:-0.123551
1/mass: 0.22375 pull:0.316407
1/mass: 0.22625 pull:-1.90185
1/mass: 0.22875 pull:0.806814
2
2
2
Fitting bin 17 (Ek: 1.91049-2.43494 GeV/n)...
[#1] INFO:Minimization -- p.d.f. provides expected number of events, including extended term in likelihood.
[#1] INFO:Fitting -- RooAbsPdf::fitTo(model) fixing normalization set for coefficient determination to observables in data
[#1] INFO:Fitting -- Creation of NLL object took 188.762 μs
[#1] INFO:Fitting -- RooAddition::defaultErrorLevel(nll_model_data) Summation contains a RooNLLVar, using its error level
[#1] INFO:Minimization -- RooAbsMinimizerFcn::setOptimizeConst: activating const optimization
[#1] INFO:Fitting -- RooAbsPdf::fitTo(model) Calculating sum-of-weights-squared correction matrix for covariance matrix
[#1] INFO:Minimization -- RooAbsMinimizerFcn::setOptimizeConst: deactivating const optimization
Total chi2/ndf: 1.5977
  Fit Result: Chi2/NDF = 108.644/70 = 1.55205, Status = 0
[#1] INFO:Plotting -- RooAbsPdf::plotOn(model) directly selected PDF components: (pdf7)
[#1] INFO:Plotting -- RooAbsPdf::plotOn(model) indirectly selected PDF components: ()
[#1] INFO:Plotting -- RooAbsPdf::plotOn(model) directly selected PDF components: (pdf9)
[#1] INFO:Plotting -- RooAbsPdf::plotOn(model) indirectly selected PDF components: ()
[#1] INFO:Plotting -- RooAbsPdf::plotOn(model) directly selected PDF components: (pdf10)
[#1] INFO:Plotting -- RooAbsPdf::plotOn(model) indirectly selected PDF components: ()
1/mass: 0.05375 pull:1.89892
1/mass: 0.05875 pull:-0.499571
1/mass: 0.06125 pull:0.711865
1/mass: 0.06375 pull:0.866611
1/mass: 0.06625 pull:0.452711
1/mass: 0.06875 pull:-0.315446
1/mass: 0.07125 pull:0.0678348
1/mass: 0.07375 pull:0.367923
1/mass: 0.07625 pull:0.770039
1/mass: 0.07875 pull:2.97161
1/mass: 0.08125 pull:1.04103
1/mass: 0.08375 pull:1.17782
1/mass: 0.08625 pull:-1.352
1/mass: 0.08875 pull:0.296761
1/mass: 0.09125 pull:0.649683
1/mass: 0.09375 pull:-0.493856
1/mass: 0.09625 pull:-3.47269
1/mass: 0.09875 pull:1.66472
1/mass: 0.10125 pull:0.246335
1/mass: 0.10375 pull:-0.0375021
1/mass: 0.10625 pull:-0.859766
1/mass: 0.10875 pull:0.27664
1/mass: 0.11125 pull:-1.9655
1/mass: 0.11375 pull:-0.498695
1/mass: 0.11625 pull:0.86986
1/mass: 0.11875 pull:0.503512
1/mass: 0.12125 pull:-0.624464
1/mass: 0.12375 pull:0.235779
1/mass: 0.12625 pull:-0.641408
1/mass: 0.12875 pull:2.48696
1/mass: 0.13125 pull:-0.460549
1/mass: 0.13375 pull:0.836106
1/mass: 0.13625 pull:-0.580409
1/mass: 0.13875 pull:-1.06078
1/mass: 0.14125 pull:0.7615
1/mass: 0.14375 pull:0.538016
1/mass: 0.14625 pull:-0.85002
1/mass: 0.14875 pull:-0.330849
1/mass: 0.15125 pull:0.846021
1/mass: 0.15375 pull:-1.26148
1/mass: 0.15625 pull:1.03095
1/mass: 0.15875 pull:-1.02802
1/mass: 0.16125 pull:-0.374125
1/mass: 0.16375 pull:0.683838
1/mass: 0.16625 pull:0.581536
1/mass: 0.16875 pull:-1.24202
1/mass: 0.17125 pull:1.78739
1/mass: 0.17375 pull:0.367681
1/mass: 0.17625 pull:-0.144529
1/mass: 0.17875 pull:1.50493
1/mass: 0.18125 pull:1.42552
1/mass: 0.18375 pull:-1.1445
1/mass: 0.18625 pull:-1.5149
1/mass: 0.18875 pull:-1.19327
1/mass: 0.19125 pull:0.172066
1/mass: 0.19375 pull:1.0043
1/mass: 0.19625 pull:-0.684764
1/mass: 0.19875 pull:-0.923151
1/mass: 0.20125 pull:-0.941958
1/mass: 0.20375 pull:-0.65978
1/mass: 0.20625 pull:-1.13221
1/mass: 0.20875 pull:-3.19286
1/mass: 0.21125 pull:-0.942415
1/mass: 0.21375 pull:1.1728
1/mass: 0.21625 pull:-0.853303
1/mass: 0.21875 pull:-0.939862
1/mass: 0.22125 pull:-1.10582
1/mass: 0.22375 pull:-1.38751
1/mass: 0.22625 pull:-1.5147
1/mass: 0.22875 pull:-3.54896
2
2
2
Fitting bin 19 (Ek: 2.43494-3.05875 GeV/n)...
[#1] INFO:Minimization -- p.d.f. provides expected number of events, including extended term in likelihood.
[#1] INFO:Fitting -- RooAbsPdf::fitTo(model) fixing normalization set for coefficient determination to observables in data
[#1] INFO:Fitting -- Creation of NLL object took 189.012 μs
[#1] INFO:Fitting -- RooAddition::defaultErrorLevel(nll_model_data) Summation contains a RooNLLVar, using its error level
[#1] INFO:Minimization -- RooAbsMinimizerFcn::setOptimizeConst: activating const optimization
[#1] INFO:Fitting -- RooAbsPdf::fitTo(model) Calculating sum-of-weights-squared correction matrix for covariance matrix
[#1] INFO:Minimization -- RooAbsMinimizerFcn::setOptimizeConst: deactivating const optimization
Total chi2/ndf: 1.40951
  Fit Result: Chi2/NDF = 95.8468/70 = 1.36924, Status = 0
[#1] INFO:Plotting -- RooAbsPdf::plotOn(model) directly selected PDF components: (pdf7)
[#1] INFO:Plotting -- RooAbsPdf::plotOn(model) indirectly selected PDF components: ()
[#1] INFO:Plotting -- RooAbsPdf::plotOn(model) directly selected PDF components: (pdf9)
[#1] INFO:Plotting -- RooAbsPdf::plotOn(model) indirectly selected PDF components: ()
[#1] INFO:Plotting -- RooAbsPdf::plotOn(model) directly selected PDF components: (pdf10)
[#1] INFO:Plotting -- RooAbsPdf::plotOn(model) indirectly selected PDF components: ()
1/mass: 0.05375 pull:0.316397
1/mass: 0.05875 pull:2.15414
1/mass: 0.06125 pull:-0.837561
1/mass: 0.06375 pull:-0.342858
1/mass: 0.06625 pull:0.965033
1/mass: 0.06875 pull:-2.44015
1/mass: 0.07125 pull:-0.335467
1/mass: 0.07375 pull:0.802394
1/mass: 0.07625 pull:-1.31357
1/mass: 0.07875 pull:1.31613
1/mass: 0.08125 pull:0.0141956
1/mass: 0.08375 pull:2.74054
1/mass: 0.08625 pull:-0.696334
1/mass: 0.08875 pull:-0.0447754
1/mass: 0.09125 pull:-0.595532
1/mass: 0.09375 pull:0.707184
1/mass: 0.09625 pull:0.585032
1/mass: 0.09875 pull:-0.744774
1/mass: 0.10125 pull:-1.89129
1/mass: 0.10375 pull:-2.08323
1/mass: 0.10625 pull:0.135728
1/mass: 0.10875 pull:0.607643
1/mass: 0.11125 pull:2.1614
1/mass: 0.11375 pull:0.123913
1/mass: 0.11625 pull:-0.0714477
1/mass: 0.11875 pull:0.00365135
1/mass: 0.12125 pull:-0.275789
1/mass: 0.12375 pull:-0.106588
1/mass: 0.12625 pull:-2.24066
1/mass: 0.12875 pull:-1.08608
1/mass: 0.13125 pull:-0.0193442
1/mass: 0.13375 pull:0.746499
1/mass: 0.13625 pull:1.57852
1/mass: 0.13875 pull:0.874572
1/mass: 0.14125 pull:2.53235
1/mass: 0.14375 pull:2.61075
1/mass: 0.14625 pull:-0.884916
1/mass: 0.14875 pull:0.228659
1/mass: 0.15125 pull:0.721932
1/mass: 0.15375 pull:-0.720215
1/mass: 0.15625 pull:-0.642716
1/mass: 0.15875 pull:-1.57881
1/mass: 0.16125 pull:0.0101914
1/mass: 0.16375 pull:-0.359299
1/mass: 0.16625 pull:-0.807599
1/mass: 0.16875 pull:-0.700842
1/mass: 0.17125 pull:-1.55727
1/mass: 0.17375 pull:-0.659534
1/mass: 0.17625 pull:-0.853841
1/mass: 0.17875 pull:0.266869
1/mass: 0.18125 pull:-1.54807
1/mass: 0.18375 pull:1.22428
1/mass: 0.18625 pull:0.814798
1/mass: 0.18875 pull:0.0718958
1/mass: 0.19125 pull:-0.263554
1/mass: 0.19375 pull:0.266644
1/mass: 0.19625 pull:0.667094
1/mass: 0.19875 pull:-0.441044
1/mass: 0.20125 pull:0.816357
1/mass: 0.20375 pull:1.11329
1/mass: 0.20625 pull:0.525208
1/mass: 0.20875 pull:0.851417
1/mass: 0.21125 pull:-0.421757
1/mass: 0.21375 pull:0.0938791
1/mass: 0.21625 pull:-0.165056
1/mass: 0.21875 pull:-1.91842
1/mass: 0.22125 pull:-2.70929
1/mass: 0.22375 pull:1.46366
1/mass: 0.22625 pull:-1.27432
1/mass: 0.22875 pull:-0.38121
2
2
2
Fitting bin 21 (Ek: 3.05875-3.79127 GeV/n)...
[#1] INFO:Minimization -- p.d.f. provides expected number of events, including extended term in likelihood.
[#1] INFO:Fitting -- RooAbsPdf::fitTo(model) fixing normalization set for coefficient determination to observables in data
[#1] INFO:Fitting -- Creation of NLL object took 148.542 μs
[#1] INFO:Fitting -- RooAddition::defaultErrorLevel(nll_model_data) Summation contains a RooNLLVar, using its error level
[#1] INFO:Minimization -- RooAbsMinimizerFcn::setOptimizeConst: activating const optimization
[#1] INFO:Fitting -- RooAbsPdf::fitTo(model) Calculating sum-of-weights-squared correction matrix for covariance matrix
[#1] INFO:Minimization -- RooAbsMinimizerFcn::setOptimizeConst: deactivating const optimization
Total chi2/ndf: 1.39314
  Fit Result: Chi2/NDF = 93.3401/70 = 1.33343, Status = 0
[#1] INFO:Plotting -- RooAbsPdf::plotOn(model) directly selected PDF components: (pdf7)
[#1] INFO:Plotting -- RooAbsPdf::plotOn(model) indirectly selected PDF components: ()
[#1] INFO:Plotting -- RooAbsPdf::plotOn(model) directly selected PDF components: (pdf9)
[#1] INFO:Plotting -- RooAbsPdf::plotOn(model) indirectly selected PDF components: ()
[#1] INFO:Plotting -- RooAbsPdf::plotOn(model) directly selected PDF components: (pdf10)
[#1] INFO:Plotting -- RooAbsPdf::plotOn(model) indirectly selected PDF components: ()
1/mass: 0.05375 pull:-0.487522
1/mass: 0.05875 pull:0.305862
1/mass: 0.06375 pull:-2.3528
1/mass: 0.06625 pull:-0.915155
1/mass: 0.06875 pull:-0.818872
1/mass: 0.07125 pull:0.621827
1/mass: 0.07375 pull:1.48381
1/mass: 0.07625 pull:-1.51399
1/mass: 0.07875 pull:1.8062
1/mass: 0.08125 pull:-0.982516
1/mass: 0.08375 pull:-0.371231
1/mass: 0.08625 pull:2.31023
1/mass: 0.08875 pull:-1.76683
1/mass: 0.09125 pull:-1.59243
1/mass: 0.09375 pull:1.50009
1/mass: 0.09625 pull:1.14606
1/mass: 0.09875 pull:-0.413682
1/mass: 0.10125 pull:-0.976151
1/mass: 0.10375 pull:1.65222
1/mass: 0.10625 pull:-1.24931
1/mass: 0.10875 pull:-0.592461
1/mass: 0.11125 pull:0.20941
1/mass: 0.11375 pull:-1.25451
1/mass: 0.11625 pull:-1.42134
1/mass: 0.11875 pull:1.20495
1/mass: 0.12125 pull:2.13201
1/mass: 0.12375 pull:-0.950101
1/mass: 0.12625 pull:0.529496
1/mass: 0.12875 pull:-1.40966
1/mass: 0.13125 pull:-0.098353
1/mass: 0.13375 pull:1.33637
1/mass: 0.13625 pull:-0.306497
1/mass: 0.13875 pull:0.216727
1/mass: 0.14125 pull:-0.174419
1/mass: 0.14375 pull:1.13879
1/mass: 0.14625 pull:0.825116
1/mass: 0.14875 pull:0.0325597
1/mass: 0.15125 pull:-0.498631
1/mass: 0.15375 pull:0.187627
1/mass: 0.15625 pull:-1.95051
1/mass: 0.15875 pull:0.393881
1/mass: 0.16125 pull:-0.650998
1/mass: 0.16375 pull:0.595475
1/mass: 0.16625 pull:-1.22985
1/mass: 0.16875 pull:-0.5109
1/mass: 0.17125 pull:-1.60043
1/mass: 0.17375 pull:-1.1687
1/mass: 0.17625 pull:1.52618
1/mass: 0.17875 pull:1.13281
1/mass: 0.18125 pull:0.691214
1/mass: 0.18375 pull:0.698841
1/mass: 0.18625 pull:0.338505
1/mass: 0.18875 pull:0.677447
1/mass: 0.19125 pull:0.285092
1/mass: 0.19375 pull:-0.805847
1/mass: 0.19625 pull:0.679133
1/mass: 0.19875 pull:0.877499
1/mass: 0.20125 pull:0.24196
1/mass: 0.20375 pull:0.326727
1/mass: 0.20625 pull:-0.0447465
1/mass: 0.20875 pull:-0.839263
1/mass: 0.21125 pull:-1.18115
1/mass: 0.21375 pull:0.149882
1/mass: 0.21625 pull:2.00849
1/mass: 0.21875 pull:0.662139
1/mass: 0.22125 pull:-0.029375
1/mass: 0.22375 pull:-3.62588
1/mass: 0.22625 pull:1.32337
1/mass: 0.22875 pull:0.382712
2
2
2
Fitting bin 23 (Ek: 3.79127-4.64682 GeV/n)...
[#1] INFO:Minimization -- p.d.f. provides expected number of events, including extended term in likelihood.
[#1] INFO:Fitting -- RooAbsPdf::fitTo(model) fixing normalization set for coefficient determination to observables in data
[#1] INFO:Fitting -- Creation of NLL object took 182.862 μs
[#1] INFO:Fitting -- RooAddition::defaultErrorLevel(nll_model_data) Summation contains a RooNLLVar, using its error level
[#1] INFO:Minimization -- RooAbsMinimizerFcn::setOptimizeConst: activating const optimization
[#1] INFO:Fitting -- RooAbsPdf::fitTo(model) Calculating sum-of-weights-squared correction matrix for covariance matrix
[#1] INFO:Minimization -- RooAbsMinimizerFcn::setOptimizeConst: deactivating const optimization
Total chi2/ndf: 1.00115
  Fit Result: Chi2/NDF = 68.0785/70 = 0.97255, Status = 0
[#1] INFO:Plotting -- RooAbsPdf::plotOn(model) directly selected PDF components: (pdf7)
[#1] INFO:Plotting -- RooAbsPdf::plotOn(model) indirectly selected PDF components: ()
[#1] INFO:Plotting -- RooAbsPdf::plotOn(model) directly selected PDF components: (pdf9)
[#1] INFO:Plotting -- RooAbsPdf::plotOn(model) indirectly selected PDF components: ()
[#1] INFO:Plotting -- RooAbsPdf::plotOn(model) directly selected PDF components: (pdf10)
[#1] INFO:Plotting -- RooAbsPdf::plotOn(model) indirectly selected PDF components: ()
1/mass: 0.05375 pull:-0.447839
1/mass: 0.05625 pull:0.64801
1/mass: 0.06125 pull:0.371651
1/mass: 0.06375 pull:-0.105195
1/mass: 0.06625 pull:-0.845296
1/mass: 0.06875 pull:-0.321049
1/mass: 0.07125 pull:0.779797
1/mass: 0.07375 pull:0.18087
1/mass: 0.07625 pull:-0.166591
1/mass: 0.07875 pull:-0.139773
1/mass: 0.08125 pull:0.342991
1/mass: 0.08375 pull:-0.686152
1/mass: 0.08625 pull:1.53554
1/mass: 0.08875 pull:-0.2181
1/mass: 0.09125 pull:0.439748
1/mass: 0.09375 pull:-1.77462
1/mass: 0.09625 pull:0.126432
1/mass: 0.09875 pull:0.365505
1/mass: 0.10125 pull:-0.952947
1/mass: 0.10375 pull:1.08966
1/mass: 0.10625 pull:0.397779
1/mass: 0.10875 pull:0.483368
1/mass: 0.11125 pull:-1.69376
1/mass: 0.11375 pull:0.423143
1/mass: 0.11625 pull:0.423733
1/mass: 0.11875 pull:-0.563309
1/mass: 0.12125 pull:0.177199
1/mass: 0.12375 pull:-1.31724
1/mass: 0.12625 pull:0.378379
1/mass: 0.12875 pull:1.56871
1/mass: 0.13125 pull:0.496305
1/mass: 0.13375 pull:-0.908075
1/mass: 0.13625 pull:-1.49259
1/mass: 0.13875 pull:0.745906
1/mass: 0.14125 pull:0.468651
1/mass: 0.14375 pull:0.336688
1/mass: 0.14625 pull:0.226978
1/mass: 0.14875 pull:1.00738
1/mass: 0.15125 pull:-0.77121
1/mass: 0.15375 pull:-0.300692
1/mass: 0.15625 pull:-0.0863495
1/mass: 0.15875 pull:-1.71557
1/mass: 0.16125 pull:-0.771005
1/mass: 0.16375 pull:-1.27273
1/mass: 0.16625 pull:-2.04975
1/mass: 0.16875 pull:0.912731
1/mass: 0.17125 pull:0.687923
1/mass: 0.17375 pull:0.817538
1/mass: 0.17625 pull:1.01903
1/mass: 0.17875 pull:-0.160496
1/mass: 0.18125 pull:0.834933
1/mass: 0.18375 pull:-0.772231
1/mass: 0.18625 pull:-0.0530869
1/mass: 0.18875 pull:0.440281
1/mass: 0.19125 pull:1.5124
1/mass: 0.19375 pull:-0.160367
1/mass: 0.19625 pull:-0.0201798
1/mass: 0.19875 pull:1.15345
1/mass: 0.20125 pull:0.875753
1/mass: 0.20375 pull:0.107918
1/mass: 0.20625 pull:2.49372
1/mass: 0.20875 pull:1.00334
1/mass: 0.21125 pull:0.221881
1/mass: 0.21375 pull:0.677106
1/mass: 0.21625 pull:-0.222825
1/mass: 0.21875 pull:-0.348482
1/mass: 0.22125 pull:0.951218
1/mass: 0.22375 pull:0.76478
1/mass: 0.22625 pull:2.4597
1/mass: 0.22875 pull:-3.03527
2
2
2
Fitting bin 25 (Ek: 4.64682-5.63491 GeV/n)...
[#1] INFO:Minimization -- p.d.f. provides expected number of events, including extended term in likelihood.
[#1] INFO:Fitting -- RooAbsPdf::fitTo(model) fixing normalization set for coefficient determination to observables in data
[#1] INFO:Fitting -- Creation of NLL object took 203.203 μs
[#1] INFO:Fitting -- RooAddition::defaultErrorLevel(nll_model_data) Summation contains a RooNLLVar, using its error level
[#1] INFO:Minimization -- RooAbsMinimizerFcn::setOptimizeConst: activating const optimization
[#1] INFO:Fitting -- RooAbsPdf::fitTo(model) Calculating sum-of-weights-squared correction matrix for covariance matrix
[#1] INFO:Minimization -- RooAbsMinimizerFcn::setOptimizeConst: deactivating const optimization
Total chi2/ndf: 2.15739
  Fit Result: Chi2/NDF = 146.703/70 = 2.09575, Status = 0
[#1] INFO:Plotting -- RooAbsPdf::plotOn(model) directly selected PDF components: (pdf7)
[#1] INFO:Plotting -- RooAbsPdf::plotOn(model) indirectly selected PDF components: ()
[#1] INFO:Plotting -- RooAbsPdf::plotOn(model) directly selected PDF components: (pdf9)
[#1] INFO:Plotting -- RooAbsPdf::plotOn(model) indirectly selected PDF components: ()
[#1] INFO:Plotting -- RooAbsPdf::plotOn(model) directly selected PDF components: (pdf10)
[#1] INFO:Plotting -- RooAbsPdf::plotOn(model) indirectly selected PDF components: ()
1/mass: 0.05375 pull:0.29794
1/mass: 0.05875 pull:-1.60595
1/mass: 0.06125 pull:0.673412
1/mass: 0.06375 pull:-1.83666
1/mass: 0.06625 pull:0.0538776
1/mass: 0.06875 pull:0.233175
1/mass: 0.07125 pull:2.2286
1/mass: 0.07375 pull:1.73884
1/mass: 0.07625 pull:1.12281
1/mass: 0.07875 pull:2.37515
1/mass: 0.08125 pull:-0.672766
1/mass: 0.08375 pull:1.67845
1/mass: 0.08625 pull:-0.810241
1/mass: 0.08875 pull:-1.84283
1/mass: 0.09125 pull:0.977203
1/mass: 0.09375 pull:0.161297
1/mass: 0.09625 pull:-0.370699
1/mass: 0.09875 pull:0.668028
1/mass: 0.10125 pull:-0.470837
1/mass: 0.10375 pull:0.845645
1/mass: 0.10625 pull:-0.333151
1/mass: 0.10875 pull:-1.94867
1/mass: 0.11125 pull:-1.50826
1/mass: 0.11375 pull:-0.365173
1/mass: 0.11625 pull:-1.32858
1/mass: 0.11875 pull:1.47803
1/mass: 0.12125 pull:-0.638893
1/mass: 0.12375 pull:-2.63621
1/mass: 0.12625 pull:1.93864
1/mass: 0.12875 pull:-0.0669807
1/mass: 0.13125 pull:-0.203402
1/mass: 0.13375 pull:0.252578
1/mass: 0.13625 pull:3.20635
1/mass: 0.13875 pull:1.51808
1/mass: 0.14125 pull:1.17988
1/mass: 0.14375 pull:1.30316
1/mass: 0.14625 pull:1.66311
1/mass: 0.14875 pull:-0.278511
1/mass: 0.15125 pull:-1.06769
1/mass: 0.15375 pull:1.49201
1/mass: 0.15625 pull:0.570237
1/mass: 0.15875 pull:0.698313
1/mass: 0.16125 pull:-0.965191
1/mass: 0.16375 pull:-0.710428
1/mass: 0.16625 pull:-3.01263
1/mass: 0.16875 pull:-3.54206
1/mass: 0.17125 pull:-1.05697
1/mass: 0.17375 pull:1.30399
1/mass: 0.17625 pull:-0.424467
1/mass: 0.17875 pull:0.0549617
1/mass: 0.18125 pull:-0.134712
1/mass: 0.18375 pull:-2.05841
1/mass: 0.18625 pull:-0.0649557
1/mass: 0.18875 pull:-0.19529
1/mass: 0.19125 pull:-0.0247402
1/mass: 0.19375 pull:0.795383
1/mass: 0.19625 pull:-2.91093
1/mass: 0.19875 pull:0.104734
1/mass: 0.20125 pull:0.0762564
1/mass: 0.20375 pull:0.547078
1/mass: 0.20625 pull:0.230387
1/mass: 0.20875 pull:-0.103267
1/mass: 0.21125 pull:0.218635
1/mass: 0.21375 pull:-1.4654
1/mass: 0.21625 pull:-0.865658
1/mass: 0.21875 pull:-3.62111
1/mass: 0.22125 pull:-1.82478
1/mass: 0.22375 pull:0.702557
1/mass: 0.22625 pull:-3.22823
1/mass: 0.22875 pull:1.04859

--- Processing Detector: AGL ---
2
2
2
Fitting bin 19 (Ek: 2.43494-3.05875 GeV/n)...
[#1] INFO:Minimization -- p.d.f. provides expected number of events, including extended term in likelihood.
[#1] INFO:Fitting -- RooAbsPdf::fitTo(model) fixing normalization set for coefficient determination to observables in data
[#1] INFO:Fitting -- Creation of NLL object took 248.063 μs
[#1] INFO:Fitting -- RooAddition::defaultErrorLevel(nll_model_data) Summation contains a RooNLLVar, using its error level
[#1] INFO:Minimization -- RooAbsMinimizerFcn::setOptimizeConst: activating const optimization
[#1] INFO:Fitting -- RooAbsPdf::fitTo(model) Calculating sum-of-weights-squared correction matrix for covariance matrix
[#1] INFO:Minimization -- RooAbsMinimizerFcn::setOptimizeConst: deactivating const optimization
Total chi2/ndf: 1.69406
  Fit Result: Chi2/NDF = 118.584/70 = 1.69406, Status = 0
[#1] INFO:Plotting -- RooAbsPdf::plotOn(model) directly selected PDF components: (pdf7)
[#1] INFO:Plotting -- RooAbsPdf::plotOn(model) indirectly selected PDF components: ()
[#1] INFO:Plotting -- RooAbsPdf::plotOn(model) directly selected PDF components: (pdf9)
[#1] INFO:Plotting -- RooAbsPdf::plotOn(model) indirectly selected PDF components: ()
[#1] INFO:Plotting -- RooAbsPdf::plotOn(model) directly selected PDF components: (pdf10)
[#1] INFO:Plotting -- RooAbsPdf::plotOn(model) indirectly selected PDF components: ()
1/mass: 0.05125 pull:0.359825
1/mass: 0.05375 pull:0.681315
1/mass: 0.05625 pull:-0.316975
1/mass: 0.05875 pull:-2.45017
1/mass: 0.06125 pull:1.15536
1/mass: 0.06375 pull:-1.78619
1/mass: 0.06625 pull:1.35753
1/mass: 0.06875 pull:0.10123
1/mass: 0.07125 pull:-1.58169
1/mass: 0.07375 pull:0.107421
1/mass: 0.07625 pull:-0.738259
1/mass: 0.07875 pull:1.26185
1/mass: 0.08125 pull:3.12844
1/mass: 0.08375 pull:0.737306
1/mass: 0.08625 pull:0.355849
1/mass: 0.08875 pull:-0.0409292
1/mass: 0.09125 pull:1.02621
1/mass: 0.09375 pull:-1.921
1/mass: 0.09625 pull:0.911939
1/mass: 0.09875 pull:-0.7244
1/mass: 0.10125 pull:0.378434
1/mass: 0.10375 pull:-0.758566
1/mass: 0.10625 pull:1.42579
1/mass: 0.10875 pull:-1.13396
1/mass: 0.11125 pull:-0.113506
1/mass: 0.11375 pull:-1.8427
1/mass: 0.11625 pull:-1.02955
1/mass: 0.11875 pull:-0.194726
1/mass: 0.12125 pull:1.45835
1/mass: 0.12375 pull:0.933264
1/mass: 0.12625 pull:-1.80857
1/mass: 0.12875 pull:2.33368
1/mass: 0.13125 pull:0.048557
1/mass: 0.13375 pull:-1.1585
1/mass: 0.13625 pull:-1.29357
1/mass: 0.13875 pull:2.64978
1/mass: 0.14125 pull:1.46107
1/mass: 0.14375 pull:2.25956
1/mass: 0.14625 pull:0.174189
1/mass: 0.14875 pull:0.278464
1/mass: 0.15125 pull:0.419142
1/mass: 0.15375 pull:-0.578218
1/mass: 0.15625 pull:0.897466
1/mass: 0.15875 pull:-0.0647328
1/mass: 0.16125 pull:-1.79683
1/mass: 0.16375 pull:-1.60539
1/mass: 0.16625 pull:-1.47566
1/mass: 0.16875 pull:-1.6366
1/mass: 0.17125 pull:-1.42204
1/mass: 0.17375 pull:0.298184
1/mass: 0.17625 pull:-0.0362268
1/mass: 0.17875 pull:-0.946838
1/mass: 0.18125 pull:-0.787564
1/mass: 0.18375 pull:-1.07165
1/mass: 0.18625 pull:0.700885
1/mass: 0.18875 pull:2.91283
1/mass: 0.19125 pull:-0.231245
1/mass: 0.19375 pull:2.16573
1/mass: 0.19625 pull:0.999609
1/mass: 0.19875 pull:-0.250783
1/mass: 0.20125 pull:0.491924
1/mass: 0.20375 pull:0.447305
1/mass: 0.20625 pull:1.20481
1/mass: 0.20875 pull:-0.870766
1/mass: 0.21125 pull:-0.102926
1/mass: 0.21375 pull:-0.618243
1/mass: 0.21625 pull:1.96869
1/mass: 0.21875 pull:1.00881
1/mass: 0.22125 pull:-2.45327
1/mass: 0.22375 pull:0.566385
1/mass: 0.22625 pull:0.435253
1/mass: 0.22875 pull:-0.803246
2
2
2
Fitting bin 21 (Ek: 3.05875-3.79127 GeV/n)...
[#1] INFO:Minimization -- p.d.f. provides expected number of events, including extended term in likelihood.
[#1] INFO:Fitting -- RooAbsPdf::fitTo(model) fixing normalization set for coefficient determination to observables in data
[#1] INFO:Fitting -- Creation of NLL object took 183.152 μs
[#1] INFO:Fitting -- RooAddition::defaultErrorLevel(nll_model_data) Summation contains a RooNLLVar, using its error level
[#1] INFO:Minimization -- RooAbsMinimizerFcn::setOptimizeConst: activating const optimization
[#1] INFO:Fitting -- RooAbsPdf::fitTo(model) Calculating sum-of-weights-squared correction matrix for covariance matrix
[#1] INFO:Minimization -- RooAbsMinimizerFcn::setOptimizeConst: deactivating const optimization
Total chi2/ndf: 2.40383
  Fit Result: Chi2/NDF = 165.864/70 = 2.36949, Status = 0
[#1] INFO:Plotting -- RooAbsPdf::plotOn(model) directly selected PDF components: (pdf7)
[#1] INFO:Plotting -- RooAbsPdf::plotOn(model) indirectly selected PDF components: ()
[#1] INFO:Plotting -- RooAbsPdf::plotOn(model) directly selected PDF components: (pdf9)
[#1] INFO:Plotting -- RooAbsPdf::plotOn(model) indirectly selected PDF components: ()
[#1] INFO:Plotting -- RooAbsPdf::plotOn(model) directly selected PDF components: (pdf10)
[#1] INFO:Plotting -- RooAbsPdf::plotOn(model) indirectly selected PDF components: ()
1/mass: 0.05375 pull:0.101157
1/mass: 0.05625 pull:-3.90579
1/mass: 0.05875 pull:-6.12151
1/mass: 0.06125 pull:-1.24065
1/mass: 0.06375 pull:-2.25387
1/mass: 0.06625 pull:-1.41487
1/mass: 0.06875 pull:-0.350558
1/mass: 0.07125 pull:-1.06414
1/mass: 0.07375 pull:0.485085
1/mass: 0.07625 pull:1.02506
1/mass: 0.07875 pull:1.42602
1/mass: 0.08125 pull:0.343416
1/mass: 0.08375 pull:-0.70898
1/mass: 0.08625 pull:-1.14985
1/mass: 0.08875 pull:0.0239169
1/mass: 0.09125 pull:-1.15054
1/mass: 0.09375 pull:2.83658
1/mass: 0.09625 pull:-2.06744
1/mass: 0.09875 pull:-0.593546
1/mass: 0.10125 pull:0.901183
1/mass: 0.10375 pull:1.39007
1/mass: 0.10625 pull:-0.234643
1/mass: 0.10875 pull:-0.0662505
1/mass: 0.11125 pull:-0.861827
1/mass: 0.11375 pull:-0.78306
1/mass: 0.11625 pull:1.01327
1/mass: 0.11875 pull:0.259106
1/mass: 0.12125 pull:-1.01084
1/mass: 0.12375 pull:0.494517
1/mass: 0.12625 pull:0.692646
1/mass: 0.12875 pull:-0.503392
1/mass: 0.13125 pull:-0.722051
1/mass: 0.13375 pull:-0.933855
1/mass: 0.13625 pull:0.395625
1/mass: 0.13875 pull:1.11204
1/mass: 0.14125 pull:1.29718
1/mass: 0.14375 pull:1.91825
1/mass: 0.14625 pull:0.830869
1/mass: 0.14875 pull:1.54169
1/mass: 0.15125 pull:-0.124181
1/mass: 0.15375 pull:0.790622
1/mass: 0.15625 pull:-2.37945
1/mass: 0.15875 pull:-3.39027
1/mass: 0.16125 pull:-0.715704
1/mass: 0.16375 pull:-1.70788
1/mass: 0.16625 pull:-0.000897426
1/mass: 0.16875 pull:1.03012
1/mass: 0.17125 pull:0.638666
1/mass: 0.17375 pull:-0.162696
1/mass: 0.17625 pull:-0.654419
1/mass: 0.17875 pull:-0.497444
1/mass: 0.18125 pull:-1.0785
1/mass: 0.18375 pull:0.682276
1/mass: 0.18625 pull:1.53225
1/mass: 0.18875 pull:0.541695
1/mass: 0.19125 pull:1.41805
1/mass: 0.19375 pull:-1.42535
1/mass: 0.19625 pull:0.744369
1/mass: 0.19875 pull:0.932251
1/mass: 0.20125 pull:0.641878
1/mass: 0.20375 pull:3.74814
1/mass: 0.20625 pull:1.17836
1/mass: 0.20875 pull:-0.917986
1/mass: 0.21125 pull:-0.852098
1/mass: 0.21375 pull:-2.29952
1/mass: 0.21625 pull:0.444017
1/mass: 0.21875 pull:-2.70496
1/mass: 0.22125 pull:-1.40412
1/mass: 0.22375 pull:-0.156741
1/mass: 0.22625 pull:0.137172
1/mass: 0.22875 pull:0.392366
2
2
2
Fitting bin 23 (Ek: 3.79127-4.64682 GeV/n)...
[#1] INFO:Minimization -- p.d.f. provides expected number of events, including extended term in likelihood.
[#1] INFO:Fitting -- RooAbsPdf::fitTo(model) fixing normalization set for coefficient determination to observables in data
[#1] INFO:Fitting -- Creation of NLL object took 182.281 μs
[#1] INFO:Fitting -- RooAddition::defaultErrorLevel(nll_model_data) Summation contains a RooNLLVar, using its error level
[#1] INFO:Minimization -- RooAbsMinimizerFcn::setOptimizeConst: activating const optimization
[#1] INFO:Fitting -- RooAbsPdf::fitTo(model) Calculating sum-of-weights-squared correction matrix for covariance matrix
[#1] INFO:Minimization -- RooAbsMinimizerFcn::setOptimizeConst: deactivating const optimization
Total chi2/ndf: 1.53051
  Fit Result: Chi2/NDF = 105.605/70 = 1.50864, Status = 0
[#1] INFO:Plotting -- RooAbsPdf::plotOn(model) directly selected PDF components: (pdf7)
[#1] INFO:Plotting -- RooAbsPdf::plotOn(model) indirectly selected PDF components: ()
[#1] INFO:Plotting -- RooAbsPdf::plotOn(model) directly selected PDF components: (pdf9)
[#1] INFO:Plotting -- RooAbsPdf::plotOn(model) indirectly selected PDF components: ()
[#1] INFO:Plotting -- RooAbsPdf::plotOn(model) directly selected PDF components: (pdf10)
[#1] INFO:Plotting -- RooAbsPdf::plotOn(model) indirectly selected PDF components: ()
1/mass: 0.05125 pull:1.34003
1/mass: 0.05625 pull:0.789153
1/mass: 0.05875 pull:-0.760916
1/mass: 0.06125 pull:0.248272
1/mass: 0.06375 pull:1.29285
1/mass: 0.06625 pull:-0.602785
1/mass: 0.06875 pull:0.798203
1/mass: 0.07125 pull:-0.661517
1/mass: 0.07375 pull:0.948332
1/mass: 0.07625 pull:0.144514
1/mass: 0.07875 pull:0.119464
1/mass: 0.08125 pull:-0.501459
1/mass: 0.08375 pull:-0.817813
1/mass: 0.08625 pull:-0.506704
1/mass: 0.08875 pull:0.539694
1/mass: 0.09125 pull:-1.09174
1/mass: 0.09375 pull:0.913788
1/mass: 0.09625 pull:2.1201
1/mass: 0.09875 pull:0.270709
1/mass: 0.10125 pull:0.159156
1/mass: 0.10375 pull:0.229218
1/mass: 0.10625 pull:-0.202672
1/mass: 0.10875 pull:0.397512
1/mass: 0.11125 pull:-1.70976
1/mass: 0.11375 pull:-1.83676
1/mass: 0.11625 pull:-0.662968
1/mass: 0.11875 pull:-0.881718
1/mass: 0.12125 pull:-0.35526
1/mass: 0.12375 pull:0.844664
1/mass: 0.12625 pull:0.591223
1/mass: 0.12875 pull:0.376658
1/mass: 0.13125 pull:0.857911
1/mass: 0.13375 pull:1.78255
1/mass: 0.13625 pull:1.80882
1/mass: 0.13875 pull:-0.696675
1/mass: 0.14125 pull:0.0294812
1/mass: 0.14375 pull:-0.288853
1/mass: 0.14625 pull:2.7088
1/mass: 0.14875 pull:2.37112
1/mass: 0.15125 pull:0.599662
1/mass: 0.15375 pull:0.669209
1/mass: 0.15625 pull:-0.791596
1/mass: 0.15875 pull:-1.1587
1/mass: 0.16125 pull:-2.21791
1/mass: 0.16375 pull:-2.51414
1/mass: 0.16625 pull:0.0796094
1/mass: 0.16875 pull:-2.59001
1/mass: 0.17125 pull:-0.507947
1/mass: 0.17375 pull:-0.567276
1/mass: 0.17625 pull:0.667153
1/mass: 0.17875 pull:-1.82876
1/mass: 0.18125 pull:0.342543
1/mass: 0.18375 pull:1.07814
1/mass: 0.18625 pull:-0.0254117
1/mass: 0.18875 pull:0.182879
1/mass: 0.19125 pull:2.00188
1/mass: 0.19375 pull:1.00175
1/mass: 0.19625 pull:0.93591
1/mass: 0.19875 pull:3.17294
1/mass: 0.20125 pull:-0.0935466
1/mass: 0.20375 pull:-2.44365
1/mass: 0.20625 pull:-0.385324
1/mass: 0.20875 pull:-0.26401
1/mass: 0.21125 pull:-1.33673
1/mass: 0.21375 pull:-0.801408
1/mass: 0.21625 pull:-1.23873
1/mass: 0.21875 pull:-1.92888
1/mass: 0.22125 pull:-0.600679
1/mass: 0.22375 pull:-1.96126
1/mass: 0.22625 pull:-0.288104
1/mass: 0.22875 pull:-0.245706
2
2
2
Fitting bin 25 (Ek: 4.64682-5.63491 GeV/n)...
[#1] INFO:Minimization -- p.d.f. provides expected number of events, including extended term in likelihood.
[#1] INFO:Fitting -- RooAbsPdf::fitTo(model) fixing normalization set for coefficient determination to observables in data
[#1] INFO:Fitting -- Creation of NLL object took 150.491 μs
[#1] INFO:Fitting -- RooAddition::defaultErrorLevel(nll_model_data) Summation contains a RooNLLVar, using its error level
[#1] INFO:Minimization -- RooAbsMinimizerFcn::setOptimizeConst: activating const optimization
[#1] INFO:Fitting -- RooAbsPdf::fitTo(model) Calculating sum-of-weights-squared correction matrix for covariance matrix
[#1] INFO:Minimization -- RooAbsMinimizerFcn::setOptimizeConst: deactivating const optimization
Total chi2/ndf: 1.49559
  Fit Result: Chi2/NDF = 103.195/70 = 1.47422, Status = 0
[#1] INFO:Plotting -- RooAbsPdf::plotOn(model) directly selected PDF components: (pdf7)
[#1] INFO:Plotting -- RooAbsPdf::plotOn(model) indirectly selected PDF components: ()
[#1] INFO:Plotting -- RooAbsPdf::plotOn(model) directly selected PDF components: (pdf9)
[#1] INFO:Plotting -- RooAbsPdf::plotOn(model) indirectly selected PDF components: ()
[#1] INFO:Plotting -- RooAbsPdf::plotOn(model) directly selected PDF components: (pdf10)
[#1] INFO:Plotting -- RooAbsPdf::plotOn(model) indirectly selected PDF components: ()
1/mass: 0.05375 pull:-0.0417311
1/mass: 0.05625 pull:0.62826
1/mass: 0.05875 pull:-1.63027
1/mass: 0.06125 pull:2.28792
1/mass: 0.06375 pull:1.29035
1/mass: 0.06625 pull:0.186439
1/mass: 0.06875 pull:1.05286
1/mass: 0.07125 pull:-0.966156
1/mass: 0.07375 pull:0.144172
1/mass: 0.07625 pull:1.08028
1/mass: 0.07875 pull:0.871603
1/mass: 0.08125 pull:-0.209661
1/mass: 0.08375 pull:1.02737
1/mass: 0.08625 pull:-1.26562
1/mass: 0.08875 pull:0.517275
1/mass: 0.09125 pull:0.798876
1/mass: 0.09375 pull:1.05916
1/mass: 0.09625 pull:-0.570776
1/mass: 0.09875 pull:-0.0728299
1/mass: 0.10125 pull:-0.0934391
1/mass: 0.10375 pull:-0.852166
1/mass: 0.10625 pull:-1.47286
1/mass: 0.10875 pull:-0.575396
1/mass: 0.11125 pull:1.40046
1/mass: 0.11375 pull:0.739083
1/mass: 0.11625 pull:-0.035136
1/mass: 0.11875 pull:-0.937526
1/mass: 0.12125 pull:-1.26133
1/mass: 0.12375 pull:-0.739291
1/mass: 0.12625 pull:0.895065
1/mass: 0.12875 pull:0.249834
1/mass: 0.13125 pull:0.58276
1/mass: 0.13375 pull:2.07665
1/mass: 0.13625 pull:1.0204
1/mass: 0.13875 pull:-1.37499
1/mass: 0.14125 pull:-1.84736
1/mass: 0.14375 pull:1.37261
1/mass: 0.14625 pull:0.735829
1/mass: 0.14875 pull:1.23682
1/mass: 0.15125 pull:-0.0626535
1/mass: 0.15375 pull:-0.844546
1/mass: 0.15625 pull:-2.35575
1/mass: 0.15875 pull:-0.544233
1/mass: 0.16125 pull:-1.88248
1/mass: 0.16375 pull:-0.269449
1/mass: 0.16625 pull:-0.71829
1/mass: 0.16875 pull:-1.59807
1/mass: 0.17125 pull:0.439661
1/mass: 0.17375 pull:0.191712
1/mass: 0.17625 pull:0.915622
1/mass: 0.17875 pull:-0.722057
1/mass: 0.18125 pull:0.974757
1/mass: 0.18375 pull:0.955912
1/mass: 0.18625 pull:2.10957
1/mass: 0.18875 pull:3.19621
1/mass: 0.19125 pull:2.60926
1/mass: 0.19375 pull:2.97214
1/mass: 0.19625 pull:1.9505
1/mass: 0.19875 pull:0.83538
1/mass: 0.20125 pull:-0.288901
1/mass: 0.20375 pull:-0.212861
1/mass: 0.20625 pull:-0.0629793
1/mass: 0.20875 pull:-0.663438
1/mass: 0.21125 pull:-0.604152
1/mass: 0.21375 pull:0.705664
1/mass: 0.21625 pull:-0.791621
1/mass: 0.21875 pull:0.0699071
1/mass: 0.22125 pull:-0.098165
1/mass: 0.22375 pull:-2.28124
1/mass: 0.22625 pull:-0.193698
1/mass: 0.22875 pull:-0.865992
2
2
2
Fitting bin 27 (Ek: 5.63491-6.775 GeV/n)...
[#1] INFO:Minimization -- p.d.f. provides expected number of events, including extended term in likelihood.
[#1] INFO:Fitting -- RooAbsPdf::fitTo(model) fixing normalization set for coefficient determination to observables in data
[#1] INFO:Fitting -- Creation of NLL object took 144.811 μs
[#1] INFO:Fitting -- RooAddition::defaultErrorLevel(nll_model_data) Summation contains a RooNLLVar, using its error level
[#1] INFO:Minimization -- RooAbsMinimizerFcn::setOptimizeConst: activating const optimization
[#1] INFO:Fitting -- RooAbsPdf::fitTo(model) Calculating sum-of-weights-squared correction matrix for covariance matrix
[#1] INFO:Minimization -- RooAbsMinimizerFcn::setOptimizeConst: deactivating const optimization
Total chi2/ndf: 1.35669
  Fit Result: Chi2/NDF = 93.6117/70 = 1.33731, Status = 0
[#1] INFO:Plotting -- RooAbsPdf::plotOn(model) directly selected PDF components: (pdf7)
[#1] INFO:Plotting -- RooAbsPdf::plotOn(model) indirectly selected PDF components: ()
[#1] INFO:Plotting -- RooAbsPdf::plotOn(model) directly selected PDF components: (pdf9)
[#1] INFO:Plotting -- RooAbsPdf::plotOn(model) indirectly selected PDF components: ()
[#1] INFO:Plotting -- RooAbsPdf::plotOn(model) directly selected PDF components: (pdf10)
[#1] INFO:Plotting -- RooAbsPdf::plotOn(model) indirectly selected PDF components: ()
1/mass: 0.05125 pull:0.192612
1/mass: 0.05375 pull:-1.4841
1/mass: 0.05875 pull:0.751938
1/mass: 0.06125 pull:-0.618074
1/mass: 0.06375 pull:0.0998118
1/mass: 0.06625 pull:-0.596088
1/mass: 0.06875 pull:0.648786
1/mass: 0.07125 pull:0.013991
1/mass: 0.07375 pull:1.28619
1/mass: 0.07625 pull:-0.0577746
1/mass: 0.07875 pull:0.34285
1/mass: 0.08125 pull:0.0993821
1/mass: 0.08375 pull:0.441869
1/mass: 0.08625 pull:0.499957
1/mass: 0.08875 pull:0.653304
1/mass: 0.09125 pull:0.227928
1/mass: 0.09375 pull:1.01529
1/mass: 0.09625 pull:0.532459
1/mass: 0.09875 pull:-0.940592
1/mass: 0.10125 pull:0.934285
1/mass: 0.10375 pull:-1.6026
1/mass: 0.10625 pull:-0.108025
1/mass: 0.10875 pull:0.364197
1/mass: 0.11125 pull:-1.05397
1/mass: 0.11375 pull:-3.15587
1/mass: 0.11625 pull:1.05414
1/mass: 0.11875 pull:1.25136
1/mass: 0.12125 pull:0.449318
1/mass: 0.12375 pull:1.26469
1/mass: 0.12625 pull:-1.23662
1/mass: 0.12875 pull:0.142741
1/mass: 0.13125 pull:-1.60586
1/mass: 0.13375 pull:0.332665
1/mass: 0.13625 pull:1.56855
1/mass: 0.13875 pull:0.703971
1/mass: 0.14125 pull:1.14732
1/mass: 0.14375 pull:0.010205
1/mass: 0.14625 pull:0.494859
1/mass: 0.14875 pull:-0.015883
1/mass: 0.15125 pull:2.03991
1/mass: 0.15375 pull:-0.962244
1/mass: 0.15625 pull:0.255045
1/mass: 0.15875 pull:-0.0652068
1/mass: 0.16125 pull:-0.354794
1/mass: 0.16375 pull:-4.19433
1/mass: 0.16625 pull:-0.178712
1/mass: 0.16875 pull:-1.05347
1/mass: 0.17125 pull:-0.588092
1/mass: 0.17375 pull:-2.25319
1/mass: 0.17625 pull:-0.220428
1/mass: 0.17875 pull:0.884885
1/mass: 0.18125 pull:0.806204
1/mass: 0.18375 pull:0.46974
1/mass: 0.18625 pull:0.670069
1/mass: 0.18875 pull:0.688844
1/mass: 0.19125 pull:-1.00245
1/mass: 0.19375 pull:1.14526
1/mass: 0.19625 pull:2.5643
1/mass: 0.19875 pull:0.8068
1/mass: 0.20125 pull:1.00719
1/mass: 0.20375 pull:1.06964
1/mass: 0.20625 pull:1.54511
1/mass: 0.20875 pull:0.611029
1/mass: 0.21125 pull:-0.0509303
1/mass: 0.21375 pull:0.497574
1/mass: 0.21625 pull:-1.74041
1/mass: 0.21875 pull:1.91454
1/mass: 0.22125 pull:0.647399
1/mass: 0.22375 pull:0.820776
1/mass: 0.22625 pull:-1.28869
1/mass: 0.22875 pull:0.783507
2
2
2
Fitting bin 29 (Ek: 6.775-8.11658 GeV/n)...
[#1] INFO:Minimization -- p.d.f. provides expected number of events, including extended term in likelihood.
[#1] INFO:Fitting -- RooAbsPdf::fitTo(model) fixing normalization set for coefficient determination to observables in data
[#1] INFO:Fitting -- Creation of NLL object took 135.802 μs
[#1] INFO:Fitting -- RooAddition::defaultErrorLevel(nll_model_data) Summation contains a RooNLLVar, using its error level
[#1] INFO:Minimization -- RooAbsMinimizerFcn::setOptimizeConst: activating const optimization
[#1] INFO:Fitting -- RooAbsPdf::fitTo(model) Calculating sum-of-weights-squared correction matrix for covariance matrix
[#1] INFO:Minimization -- RooAbsMinimizerFcn::setOptimizeConst: deactivating const optimization
Total chi2/ndf: 1.43836
  Fit Result: Chi2/NDF = 99.2468/70 = 1.41781, Status = 0
[#1] INFO:Plotting -- RooAbsPdf::plotOn(model) directly selected PDF components: (pdf7)
[#1] INFO:Plotting -- RooAbsPdf::plotOn(model) indirectly selected PDF components: ()
[#1] INFO:Plotting -- RooAbsPdf::plotOn(model) directly selected PDF components: (pdf9)
[#1] INFO:Plotting -- RooAbsPdf::plotOn(model) indirectly selected PDF components: ()
[#1] INFO:Plotting -- RooAbsPdf::plotOn(model) directly selected PDF components: (pdf10)
[#1] INFO:Plotting -- RooAbsPdf::plotOn(model) indirectly selected PDF components: ()
1/mass: 0.05125 pull:0.120438
1/mass: 0.05375 pull:0.110432
1/mass: 0.05875 pull:-0.232902
1/mass: 0.06125 pull:-2.39595
1/mass: 0.06375 pull:1.28317
1/mass: 0.06625 pull:-1.56897
1/mass: 0.06875 pull:0.0852472
1/mass: 0.07125 pull:-0.887225
1/mass: 0.07375 pull:-0.684331
1/mass: 0.07625 pull:-0.930323
1/mass: 0.07875 pull:1.69792
1/mass: 0.08125 pull:0.748494
1/mass: 0.08375 pull:0.494112
1/mass: 0.08625 pull:2.42601
1/mass: 0.08875 pull:1.39012
1/mass: 0.09125 pull:-0.0510898
1/mass: 0.09375 pull:0.022365
1/mass: 0.09625 pull:0.94059
1/mass: 0.09875 pull:-2.21633
1/mass: 0.10125 pull:0.899253
1/mass: 0.10375 pull:-0.0627503
1/mass: 0.10625 pull:-0.909046
1/mass: 0.10875 pull:-1.33442
1/mass: 0.11125 pull:-2.25295
1/mass: 0.11375 pull:-0.770619
1/mass: 0.11625 pull:1.07454
1/mass: 0.11875 pull:1.6271
1/mass: 0.12125 pull:-0.397944
1/mass: 0.12375 pull:-0.0551395
1/mass: 0.12625 pull:0.617387
1/mass: 0.12875 pull:2.40186
1/mass: 0.13125 pull:0.241466
1/mass: 0.13375 pull:-0.116455
1/mass: 0.13625 pull:-0.984848
1/mass: 0.13875 pull:-0.888329
1/mass: 0.14125 pull:-0.955555
1/mass: 0.14375 pull:-0.352863
1/mass: 0.14625 pull:0.97155
1/mass: 0.14875 pull:-2.62151
1/mass: 0.15125 pull:-1.29196
1/mass: 0.15375 pull:0.528231
1/mass: 0.15625 pull:-2.04053
1/mass: 0.15875 pull:-0.378989
1/mass: 0.16125 pull:0.0637311
1/mass: 0.16375 pull:-0.360051
1/mass: 0.16625 pull:-0.506512
1/mass: 0.16875 pull:0.0514355
1/mass: 0.17125 pull:1.81371
1/mass: 0.17375 pull:1.5637
1/mass: 0.17625 pull:1.71455
1/mass: 0.17875 pull:-1.00157
1/mass: 0.18125 pull:0.558987
1/mass: 0.18375 pull:1.3017
1/mass: 0.18625 pull:1.21878
1/mass: 0.18875 pull:2.29888
1/mass: 0.19125 pull:0.215387
1/mass: 0.19375 pull:0.293341
1/mass: 0.19625 pull:1.95642
1/mass: 0.19875 pull:0.13131
1/mass: 0.20125 pull:-0.29135
1/mass: 0.20375 pull:-0.222541
1/mass: 0.20625 pull:1.34341
1/mass: 0.20875 pull:1.33064
1/mass: 0.21125 pull:1.35869
1/mass: 0.21375 pull:0.407045
1/mass: 0.21625 pull:0.46335
1/mass: 0.21875 pull:-0.095331
1/mass: 0.22125 pull:1.09371
1/mass: 0.22375 pull:-1.88629
1/mass: 0.22625 pull:0.442765
1/mass: 0.22875 pull:0.141253
2
2
2
Fitting bin 31 (Ek: 8.11658-9.65954 GeV/n)...
[#1] INFO:Minimization -- p.d.f. provides expected number of events, including extended term in likelihood.
[#1] INFO:Fitting -- RooAbsPdf::fitTo(model) fixing normalization set for coefficient determination to observables in data
[#1] INFO:Fitting -- Creation of NLL object took 164.172 μs
[#1] INFO:Fitting -- RooAddition::defaultErrorLevel(nll_model_data) Summation contains a RooNLLVar, using its error level
[#1] INFO:Minimization -- RooAbsMinimizerFcn::setOptimizeConst: activating const optimization
[#1] INFO:Fitting -- RooAbsPdf::fitTo(model) Calculating sum-of-weights-squared correction matrix for covariance matrix
[#1] INFO:Minimization -- RooAbsMinimizerFcn::setOptimizeConst: deactivating const optimization
Total chi2/ndf: 1.23524
  Fit Result: Chi2/NDF = 85.2314/70 = 1.21759, Status = 0
[#1] INFO:Plotting -- RooAbsPdf::plotOn(model) directly selected PDF components: (pdf7)
[#1] INFO:Plotting -- RooAbsPdf::plotOn(model) indirectly selected PDF components: ()
[#1] INFO:Plotting -- RooAbsPdf::plotOn(model) directly selected PDF components: (pdf9)
[#1] INFO:Plotting -- RooAbsPdf::plotOn(model) indirectly selected PDF components: ()
[#1] INFO:Plotting -- RooAbsPdf::plotOn(model) directly selected PDF components: (pdf10)
[#1] INFO:Plotting -- RooAbsPdf::plotOn(model) indirectly selected PDF components: ()
1/mass: 0.05375 pull:-0.852377
1/mass: 0.05625 pull:0.651469
1/mass: 0.05875 pull:-1.59673
1/mass: 0.06125 pull:1.04699
1/mass: 0.06375 pull:-0.252588
1/mass: 0.06625 pull:-1.72954
1/mass: 0.06875 pull:1.21511
1/mass: 0.07125 pull:-1.56212
1/mass: 0.07375 pull:-0.614608
1/mass: 0.07625 pull:-1.07185
1/mass: 0.07875 pull:0.434383
1/mass: 0.08125 pull:-0.689964
1/mass: 0.08375 pull:0.495084
1/mass: 0.08625 pull:-1.03575
1/mass: 0.08875 pull:0.888258
1/mass: 0.09125 pull:1.25687
1/mass: 0.09375 pull:0.489564
1/mass: 0.09625 pull:0.306856
1/mass: 0.09875 pull:-1.23974
1/mass: 0.10125 pull:-1.98093
1/mass: 0.10375 pull:2.07932
1/mass: 0.10625 pull:0.92023
1/mass: 0.10875 pull:-0.527085
1/mass: 0.11125 pull:-1.02328
1/mass: 0.11375 pull:0.731549
1/mass: 0.11625 pull:-0.0141684
1/mass: 0.11875 pull:-0.482167
1/mass: 0.12125 pull:-0.34481
1/mass: 0.12375 pull:-1.19557
1/mass: 0.12625 pull:0.526867
1/mass: 0.12875 pull:0.551832
1/mass: 0.13125 pull:1.42907
1/mass: 0.13375 pull:0.0218961
1/mass: 0.13625 pull:0.107099
1/mass: 0.13875 pull:-0.316455
1/mass: 0.14125 pull:0.468415
1/mass: 0.14375 pull:0.132458
1/mass: 0.14625 pull:-0.504891
1/mass: 0.14875 pull:-0.803217
1/mass: 0.15125 pull:-2.07179
1/mass: 0.15375 pull:-0.694141
1/mass: 0.15625 pull:-0.883292
1/mass: 0.15875 pull:-0.20946
1/mass: 0.16125 pull:-1.72013
1/mass: 0.16375 pull:-1.15066
1/mass: 0.16625 pull:0.54313
1/mass: 0.16875 pull:-0.790689
1/mass: 0.17125 pull:0.851822
1/mass: 0.17375 pull:1.23186
1/mass: 0.17625 pull:1.17197
1/mass: 0.17875 pull:0.988684
1/mass: 0.18125 pull:2.08459
1/mass: 0.18375 pull:0.84447
1/mass: 0.18625 pull:1.37958
1/mass: 0.18875 pull:0.86182
1/mass: 0.19125 pull:0.5497
1/mass: 0.19375 pull:0.410179
1/mass: 0.19625 pull:2.42633
1/mass: 0.19875 pull:1.07627
1/mass: 0.20125 pull:-0.467832
1/mass: 0.20375 pull:-1.53869
1/mass: 0.20625 pull:0.671929
1/mass: 0.20875 pull:0.700267
1/mass: 0.21125 pull:-2.71202
1/mass: 0.21375 pull:-0.367265
1/mass: 0.21625 pull:1.7973
1/mass: 0.21875 pull:1.73327
1/mass: 0.22125 pull:0.391521
1/mass: 0.22375 pull:0.846724
1/mass: 0.22625 pull:-0.522128
1/mass: 0.22875 pull:-0.306156
2
2
2
Fitting bin 33 (Ek: 9.65954-11.4536 GeV/n)...
[#1] INFO:Minimization -- p.d.f. provides expected number of events, including extended term in likelihood.
[#1] INFO:Fitting -- RooAbsPdf::fitTo(model) fixing normalization set for coefficient determination to observables in data
[#1] INFO:Fitting -- Creation of NLL object took 201.862 μs
[#1] INFO:Fitting -- RooAddition::defaultErrorLevel(nll_model_data) Summation contains a RooNLLVar, using its error level
[#1] INFO:Minimization -- RooAbsMinimizerFcn::setOptimizeConst: activating const optimization
[#1] INFO:Fitting -- RooAbsPdf::fitTo(model) Calculating sum-of-weights-squared correction matrix for covariance matrix
[#1] INFO:Minimization -- RooAbsMinimizerFcn::setOptimizeConst: deactivating const optimization
Total chi2/ndf: 1.2349
  Fit Result: Chi2/NDF = 86.4431/70 = 1.2349, Status = 0
[#1] INFO:Plotting -- RooAbsPdf::plotOn(model) directly selected PDF components: (pdf7)
[#1] INFO:Plotting -- RooAbsPdf::plotOn(model) indirectly selected PDF components: ()
[#1] INFO:Plotting -- RooAbsPdf::plotOn(model) directly selected PDF components: (pdf9)
[#1] INFO:Plotting -- RooAbsPdf::plotOn(model) indirectly selected PDF components: ()
[#1] INFO:Plotting -- RooAbsPdf::plotOn(model) directly selected PDF components: (pdf10)
[#1] INFO:Plotting -- RooAbsPdf::plotOn(model) indirectly selected PDF components: ()
1/mass: 0.05125 pull:0.203432
1/mass: 0.05375 pull:-0.855969
1/mass: 0.05625 pull:-0.882854
1/mass: 0.05875 pull:-0.383271
1/mass: 0.06125 pull:1.59214
1/mass: 0.06375 pull:0.525852
1/mass: 0.06625 pull:0.676892
1/mass: 0.06875 pull:-0.426287
1/mass: 0.07125 pull:1.09719
1/mass: 0.07375 pull:0.233601
1/mass: 0.07625 pull:0.573069
1/mass: 0.07875 pull:-0.382966
1/mass: 0.08125 pull:1.58132
1/mass: 0.08375 pull:-0.970526
1/mass: 0.08625 pull:-1.89688
1/mass: 0.08875 pull:0.670802
1/mass: 0.09125 pull:-0.9651
1/mass: 0.09375 pull:1.30102
1/mass: 0.09625 pull:-1.58519
1/mass: 0.09875 pull:-0.745045
1/mass: 0.10125 pull:-1.57817
1/mass: 0.10375 pull:0.809927
1/mass: 0.10625 pull:0.658346
1/mass: 0.10875 pull:0.931125
1/mass: 0.11125 pull:-0.510649
1/mass: 0.11375 pull:0.44535
1/mass: 0.11625 pull:0.668327
1/mass: 0.11875 pull:0.982431
1/mass: 0.12125 pull:1.2391
1/mass: 0.12375 pull:-0.248449
1/mass: 0.12625 pull:-1.66928
1/mass: 0.12875 pull:-0.431495
1/mass: 0.13125 pull:-1.05124
1/mass: 0.13375 pull:1.18448
1/mass: 0.13625 pull:1.54922
1/mass: 0.13875 pull:-1.42289
1/mass: 0.14125 pull:-2.61446
1/mass: 0.14375 pull:0.0580076
1/mass: 0.14625 pull:-0.453763
1/mass: 0.14875 pull:-1.98171
1/mass: 0.15125 pull:-2.9261
1/mass: 0.15375 pull:0.854639
1/mass: 0.15625 pull:-0.818638
1/mass: 0.15875 pull:-0.294807
1/mass: 0.16125 pull:0.073819
1/mass: 0.16375 pull:1.01661
1/mass: 0.16625 pull:-0.129739
1/mass: 0.16875 pull:0.0293541
1/mass: 0.17125 pull:0.342512
1/mass: 0.17375 pull:1.44697
1/mass: 0.17625 pull:0.0500113
1/mass: 0.17875 pull:0.396206
1/mass: 0.18125 pull:0.558129
1/mass: 0.18375 pull:-0.238074
1/mass: 0.18625 pull:1.52504
1/mass: 0.18875 pull:1.72953
1/mass: 0.19125 pull:2.29415
1/mass: 0.19375 pull:0.883192
1/mass: 0.19625 pull:1.51505
1/mass: 0.19875 pull:-0.034105
1/mass: 0.20125 pull:0.615777
1/mass: 0.20375 pull:0.807783
1/mass: 0.20625 pull:0.908412
1/mass: 0.20875 pull:1.28102
1/mass: 0.21125 pull:0.629241
1/mass: 0.21375 pull:0.0571696
1/mass: 0.21625 pull:-0.254316
1/mass: 0.21875 pull:1.3457
1/mass: 0.22125 pull:0.535375
1/mass: 0.22375 pull:-1.61705
1/mass: 0.22625 pull:1.13318
1/mass: 0.22875 pull:-0.350757
2
2
2
Fitting bin 35 (Ek: 11.4536-13.4986 GeV/n)...
[#1] INFO:Minimization -- p.d.f. provides expected number of events, including extended term in likelihood.
[#1] INFO:Fitting -- RooAbsPdf::fitTo(model) fixing normalization set for coefficient determination to observables in data
[#1] INFO:Fitting -- Creation of NLL object took 177.242 μs
[#1] INFO:Fitting -- RooAddition::defaultErrorLevel(nll_model_data) Summation contains a RooNLLVar, using its error level
[#1] INFO:Minimization -- RooAbsMinimizerFcn::setOptimizeConst: activating const optimization
[#1] INFO:Fitting -- RooAbsPdf::fitTo(model) Calculating sum-of-weights-squared correction matrix for covariance matrix
[#1] INFO:Minimization -- RooAbsMinimizerFcn::setOptimizeConst: deactivating const optimization
Total chi2/ndf: 1.28239
  Fit Result: Chi2/NDF = 89.7676/70 = 1.28239, Status = 0
[#1] INFO:Plotting -- RooAbsPdf::plotOn(model) directly selected PDF components: (pdf7)
[#1] INFO:Plotting -- RooAbsPdf::plotOn(model) indirectly selected PDF components: ()
[#1] INFO:Plotting -- RooAbsPdf::plotOn(model) directly selected PDF components: (pdf9)
[#1] INFO:Plotting -- RooAbsPdf::plotOn(model) indirectly selected PDF components: ()
[#1] INFO:Plotting -- RooAbsPdf::plotOn(model) directly selected PDF components: (pdf10)
[#1] INFO:Plotting -- RooAbsPdf::plotOn(model) indirectly selected PDF components: ()
1/mass: 0.05125 pull:0.425832
1/mass: 0.05375 pull:1.18262
1/mass: 0.05625 pull:-1.71265
1/mass: 0.05875 pull:0.217543
1/mass: 0.06125 pull:-0.711338
1/mass: 0.06375 pull:-0.867726
1/mass: 0.06625 pull:-1.9412
1/mass: 0.06875 pull:0.330638
1/mass: 0.07125 pull:0.766929
1/mass: 0.07375 pull:1.54153
1/mass: 0.07625 pull:-2.22664
1/mass: 0.07875 pull:0.867565
1/mass: 0.08125 pull:-0.343524
1/mass: 0.08375 pull:0.722183
1/mass: 0.08625 pull:0.178555
1/mass: 0.08875 pull:-0.509018
1/mass: 0.09125 pull:0.382368
1/mass: 0.09375 pull:0.751541
1/mass: 0.09625 pull:0.308365
1/mass: 0.09875 pull:1.23
1/mass: 0.10125 pull:-2.55864
1/mass: 0.10375 pull:-0.379494
1/mass: 0.10625 pull:-0.995394
1/mass: 0.10875 pull:0.133222
1/mass: 0.11125 pull:0.499603
1/mass: 0.11375 pull:0.170206
1/mass: 0.11625 pull:0.798413
1/mass: 0.11875 pull:-0.0313546
1/mass: 0.12125 pull:-0.0489038
1/mass: 0.12375 pull:-0.7452
1/mass: 0.12625 pull:-0.631646
1/mass: 0.12875 pull:0.630083
1/mass: 0.13125 pull:0.137288
1/mass: 0.13375 pull:2.51625
1/mass: 0.13625 pull:-1.3149
1/mass: 0.13875 pull:-0.252979
1/mass: 0.14125 pull:-0.637452
1/mass: 0.14375 pull:0.536391
1/mass: 0.14625 pull:0.478048
1/mass: 0.14875 pull:-0.18215
1/mass: 0.15125 pull:-0.564317
1/mass: 0.15375 pull:-1.4508
1/mass: 0.15625 pull:-1.56462
1/mass: 0.15875 pull:-0.667578
1/mass: 0.16125 pull:1.62086
1/mass: 0.16375 pull:1.15791
1/mass: 0.16625 pull:-0.97726
1/mass: 0.16875 pull:-1.94738
1/mass: 0.17125 pull:-1.30248
1/mass: 0.17375 pull:-0.808584
1/mass: 0.17625 pull:-0.893209
1/mass: 0.17875 pull:2.09031
1/mass: 0.18125 pull:1.48666
1/mass: 0.18375 pull:1.15714
1/mass: 0.18625 pull:-1.06626
1/mass: 0.18875 pull:-0.221563
1/mass: 0.19125 pull:0.276806
1/mass: 0.19375 pull:2.26178
1/mass: 0.19625 pull:-0.362256
1/mass: 0.19875 pull:1.36131
1/mass: 0.20125 pull:0.605541
1/mass: 0.20375 pull:2.70379
1/mass: 0.20625 pull:0.202131
1/mass: 0.20875 pull:0.0382776
1/mass: 0.21125 pull:-0.895072
1/mass: 0.21375 pull:1.55179
1/mass: 0.21625 pull:-0.224947
1/mass: 0.21875 pull:0.441022
1/mass: 0.22125 pull:-0.476597
1/mass: 0.22375 pull:0.463444
1/mass: 0.22625 pull:-1.81495
1/mass: 0.22875 pull:0.840081
2
2
2
Fitting bin 37 (Ek: 13.4986-15.8444 GeV/n)...
[#1] INFO:Minimization -- p.d.f. provides expected number of events, including extended term in likelihood.
[#1] INFO:Fitting -- RooAbsPdf::fitTo(model) fixing normalization set for coefficient determination to observables in data
[#1] INFO:Fitting -- Creation of NLL object took 173.761 μs
[#1] INFO:Fitting -- RooAddition::defaultErrorLevel(nll_model_data) Summation contains a RooNLLVar, using its error level
[#1] INFO:Minimization -- RooAbsMinimizerFcn::setOptimizeConst: activating const optimization
[#1] INFO:Fitting -- RooAbsPdf::fitTo(model) Calculating sum-of-weights-squared correction matrix for covariance matrix
[#1] INFO:Minimization -- RooAbsMinimizerFcn::setOptimizeConst: deactivating const optimization
Total chi2/ndf: 1.03952
  Fit Result: Chi2/NDF = 72.7664/70 = 1.03952, Status = 0
[#1] INFO:Plotting -- RooAbsPdf::plotOn(model) directly selected PDF components: (pdf7)
[#1] INFO:Plotting -- RooAbsPdf::plotOn(model) indirectly selected PDF components: ()
[#1] INFO:Plotting -- RooAbsPdf::plotOn(model) directly selected PDF components: (pdf9)
[#1] INFO:Plotting -- RooAbsPdf::plotOn(model) indirectly selected PDF components: ()
[#1] INFO:Plotting -- RooAbsPdf::plotOn(model) directly selected PDF components: (pdf10)
[#1] INFO:Plotting -- RooAbsPdf::plotOn(model) indirectly selected PDF components: ()
1/mass: 0.05125 pull:0.00244894
1/mass: 0.05375 pull:-0.0804783
1/mass: 0.05625 pull:1.8313
1/mass: 0.05875 pull:0.68022
1/mass: 0.06125 pull:-0.313439
1/mass: 0.06375 pull:-0.656609
1/mass: 0.06625 pull:-0.314901
1/mass: 0.06875 pull:-0.477176
1/mass: 0.07125 pull:0.984521
1/mass: 0.07375 pull:0.607903
1/mass: 0.07625 pull:0.0852589
1/mass: 0.07875 pull:-0.137569
1/mass: 0.08125 pull:0.024942
1/mass: 0.08375 pull:-0.748453
1/mass: 0.08625 pull:-0.969952
1/mass: 0.08875 pull:0.898076
1/mass: 0.09125 pull:-0.299737
1/mass: 0.09375 pull:0.0427335
1/mass: 0.09625 pull:-0.600073
1/mass: 0.09875 pull:1.1399
1/mass: 0.10125 pull:-3.55877
1/mass: 0.10375 pull:2.06292
1/mass: 0.10625 pull:0.466988
1/mass: 0.10875 pull:0.206185
1/mass: 0.11125 pull:0.681211
1/mass: 0.11375 pull:-0.324691
1/mass: 0.11625 pull:-1.58445
1/mass: 0.11875 pull:-0.0678349
1/mass: 0.12125 pull:0.48327
1/mass: 0.12375 pull:-0.733656
1/mass: 0.12625 pull:0.310267
1/mass: 0.12875 pull:1.11123
1/mass: 0.13125 pull:0.688034
1/mass: 0.13375 pull:0.355993
1/mass: 0.13625 pull:-0.498085
1/mass: 0.13875 pull:1.47677
1/mass: 0.14125 pull:-0.626937
1/mass: 0.14375 pull:0.215243
1/mass: 0.14625 pull:-1.30989
1/mass: 0.14875 pull:-1.69342
1/mass: 0.15125 pull:0.754912
1/mass: 0.15375 pull:-0.830009
1/mass: 0.15625 pull:-0.939308
1/mass: 0.15875 pull:-0.470176
1/mass: 0.16125 pull:-0.120775
1/mass: 0.16375 pull:-2.09908
1/mass: 0.16625 pull:1.13498
1/mass: 0.16875 pull:-0.360577
1/mass: 0.17125 pull:1.3029
1/mass: 0.17375 pull:0.502957
1/mass: 0.17625 pull:-0.133359
1/mass: 0.17875 pull:0.315641
1/mass: 0.18125 pull:-1.64231
1/mass: 0.18375 pull:-0.894454
1/mass: 0.18625 pull:-0.0281021
1/mass: 0.18875 pull:-0.0617199
1/mass: 0.19125 pull:0.448601
1/mass: 0.19375 pull:0.936326
1/mass: 0.19625 pull:-0.174479
1/mass: 0.19875 pull:1.54874
1/mass: 0.20125 pull:0.224607
1/mass: 0.20375 pull:0.361824
1/mass: 0.20625 pull:0.539513
1/mass: 0.20875 pull:2.05351
1/mass: 0.21125 pull:-0.58979
1/mass: 0.21375 pull:-1.03338
1/mass: 0.21625 pull:1.48208
1/mass: 0.21875 pull:1.38859
1/mass: 0.22125 pull:0.687502
1/mass: 0.22375 pull:0.225316
1/mass: 0.22625 pull:0.887593
1/mass: 0.22875 pull:1.85031
2
2
2
Fitting bin 39 (Ek: 15.8444-18.5408 GeV/n)...
[#1] INFO:Minimization -- p.d.f. provides expected number of events, including extended term in likelihood.
[#1] INFO:Fitting -- RooAbsPdf::fitTo(model) fixing normalization set for coefficient determination to observables in data
[#1] INFO:Fitting -- Creation of NLL object took 212.862 μs
[#1] INFO:Fitting -- RooAddition::defaultErrorLevel(nll_model_data) Summation contains a RooNLLVar, using its error level
[#1] INFO:Minimization -- RooAbsMinimizerFcn::setOptimizeConst: activating const optimization
[#1] INFO:Fitting -- RooAbsPdf::fitTo(model) Calculating sum-of-weights-squared correction matrix for covariance matrix
[#1] INFO:Minimization -- RooAbsMinimizerFcn::setOptimizeConst: deactivating const optimization
Total chi2/ndf: 1.18585
  Fit Result: Chi2/NDF = 83.0095/70 = 1.18585, Status = 0
[#1] INFO:Plotting -- RooAbsPdf::plotOn(model) directly selected PDF components: (pdf7)
[#1] INFO:Plotting -- RooAbsPdf::plotOn(model) indirectly selected PDF components: ()
[#1] INFO:Plotting -- RooAbsPdf::plotOn(model) directly selected PDF components: (pdf9)
[#1] INFO:Plotting -- RooAbsPdf::plotOn(model) indirectly selected PDF components: ()
[#1] INFO:Plotting -- RooAbsPdf::plotOn(model) directly selected PDF components: (pdf10)
[#1] INFO:Plotting -- RooAbsPdf::plotOn(model) indirectly selected PDF components: ()
1/mass: 0.05125 pull:-0.351023
1/mass: 0.05375 pull:-0.10323
1/mass: 0.05625 pull:-2.04321
1/mass: 0.05875 pull:-0.359369
1/mass: 0.06125 pull:-0.754928
1/mass: 0.06375 pull:0.557025
1/mass: 0.06625 pull:0.12288
1/mass: 0.06875 pull:-2.28998
1/mass: 0.07125 pull:-0.799149
1/mass: 0.07375 pull:0.27863
1/mass: 0.07625 pull:1.52052
1/mass: 0.07875 pull:0.454833
1/mass: 0.08125 pull:-1.1425
1/mass: 0.08375 pull:0.794049
1/mass: 0.08625 pull:-1.75284
1/mass: 0.08875 pull:1.65465
1/mass: 0.09125 pull:-1.27287
1/mass: 0.09375 pull:0.432542
1/mass: 0.09625 pull:-1.14752
1/mass: 0.09875 pull:0.757308
1/mass: 0.10125 pull:0.564196
1/mass: 0.10375 pull:-0.0622404
1/mass: 0.10625 pull:0.404057
1/mass: 0.10875 pull:1.69701
1/mass: 0.11125 pull:1.25114
1/mass: 0.11375 pull:-0.879811
1/mass: 0.11625 pull:-0.522217
1/mass: 0.11875 pull:-1.13737
1/mass: 0.12125 pull:1.0162
1/mass: 0.12375 pull:-0.597338
1/mass: 0.12625 pull:-2.4576
1/mass: 0.12875 pull:1.16998
1/mass: 0.13125 pull:1.10634
1/mass: 0.13375 pull:0.701479
1/mass: 0.13625 pull:0.1345
1/mass: 0.13875 pull:1.12146
1/mass: 0.14125 pull:-0.64526
1/mass: 0.14375 pull:-0.364843
1/mass: 0.14625 pull:-0.69241
1/mass: 0.14875 pull:-1.96401
1/mass: 0.15125 pull:-0.419841
1/mass: 0.15375 pull:0.291674
1/mass: 0.15625 pull:0.486358
1/mass: 0.15875 pull:-1.15136
1/mass: 0.16125 pull:1.40505
1/mass: 0.16375 pull:0.387377
1/mass: 0.16625 pull:-0.849177
1/mass: 0.16875 pull:-1.36615
1/mass: 0.17125 pull:0.0728121
1/mass: 0.17375 pull:0.211226
1/mass: 0.17625 pull:0.611389
1/mass: 0.17875 pull:-0.540991
1/mass: 0.18125 pull:0.119212
1/mass: 0.18375 pull:-0.0783052
1/mass: 0.18625 pull:0.427885
1/mass: 0.18875 pull:-1.60199
1/mass: 0.19125 pull:-1.01925
1/mass: 0.19375 pull:-2.12655
1/mass: 0.19625 pull:1.94403
1/mass: 0.19875 pull:1.79734
1/mass: 0.20125 pull:0.234985
1/mass: 0.20375 pull:-0.234377
1/mass: 0.20625 pull:-0.5371
1/mass: 0.20875 pull:1.18742
1/mass: 0.21125 pull:0.096629
1/mass: 0.21375 pull:0.129471
1/mass: 0.21625 pull:0.242179
1/mass: 0.21875 pull:0.610358
1/mass: 0.22125 pull:1.74324
1/mass: 0.22375 pull:1.99512
1/mass: 0.22625 pull:1.3518
1/mass: 0.22875 pull:-0.31876
2
2
2
Fitting bin 41 (Ek: 18.5408-21.6377 GeV/n)...
[#1] INFO:Minimization -- p.d.f. provides expected number of events, including extended term in likelihood.
[#1] INFO:Fitting -- RooAbsPdf::fitTo(model) fixing normalization set for coefficient determination to observables in data
[#1] INFO:Fitting -- Creation of NLL object took 201.102 μs
[#1] INFO:Fitting -- RooAddition::defaultErrorLevel(nll_model_data) Summation contains a RooNLLVar, using its error level
[#1] INFO:Minimization -- RooAbsMinimizerFcn::setOptimizeConst: activating const optimization
[#1] INFO:Fitting -- RooAbsPdf::fitTo(model) Calculating sum-of-weights-squared correction matrix for covariance matrix
[#1] INFO:Minimization -- RooAbsMinimizerFcn::setOptimizeConst: deactivating const optimization
Total chi2/ndf: 1.47413
  Fit Result: Chi2/NDF = 103.189/70 = 1.47413, Status = 0
[#1] INFO:Plotting -- RooAbsPdf::plotOn(model) directly selected PDF components: (pdf7)
[#1] INFO:Plotting -- RooAbsPdf::plotOn(model) indirectly selected PDF components: ()
[#1] INFO:Plotting -- RooAbsPdf::plotOn(model) directly selected PDF components: (pdf9)
[#1] INFO:Plotting -- RooAbsPdf::plotOn(model) indirectly selected PDF components: ()
[#1] INFO:Plotting -- RooAbsPdf::plotOn(model) directly selected PDF components: (pdf10)
[#1] INFO:Plotting -- RooAbsPdf::plotOn(model) indirectly selected PDF components: ()
1/mass: 0.05125 pull:0.123335
1/mass: 0.05375 pull:-1.66092
1/mass: 0.05625 pull:-1.33588
1/mass: 0.05875 pull:-1.4836
1/mass: 0.06125 pull:0.390586
1/mass: 0.06375 pull:-0.739511
1/mass: 0.06625 pull:0.551678
1/mass: 0.06875 pull:-0.0111066
1/mass: 0.07125 pull:-0.619679
1/mass: 0.07375 pull:-0.580378
1/mass: 0.07625 pull:-0.852215
1/mass: 0.07875 pull:0.654092
1/mass: 0.08125 pull:-0.631505
1/mass: 0.08375 pull:0.252294
1/mass: 0.08625 pull:1.71495
1/mass: 0.08875 pull:1.69301
1/mass: 0.09125 pull:0.944204
1/mass: 0.09375 pull:1.62974
1/mass: 0.09625 pull:-0.31567
1/mass: 0.09875 pull:-2.29174
1/mass: 0.10125 pull:0.316987
1/mass: 0.10375 pull:-1.03556
1/mass: 0.10625 pull:-1.73192
1/mass: 0.10875 pull:-0.280785
1/mass: 0.11125 pull:-0.957205
1/mass: 0.11375 pull:-0.390782
1/mass: 0.11625 pull:0.111276
1/mass: 0.11875 pull:-0.253586
1/mass: 0.12125 pull:2.82502
1/mass: 0.12375 pull:-0.743072
1/mass: 0.12625 pull:-0.147371
1/mass: 0.12875 pull:0.347308
1/mass: 0.13125 pull:3.71023
1/mass: 0.13375 pull:-0.12455
1/mass: 0.13625 pull:0.245265
1/mass: 0.13875 pull:0.255188
1/mass: 0.14125 pull:-0.611858
1/mass: 0.14375 pull:-1.10714
1/mass: 0.14625 pull:1.27932
1/mass: 0.14875 pull:-0.199089
1/mass: 0.15125 pull:-1.09523
1/mass: 0.15375 pull:-1.79742
1/mass: 0.15625 pull:0.12503
1/mass: 0.15875 pull:-1.05925
1/mass: 0.16125 pull:-0.408386
1/mass: 0.16375 pull:0.433351
1/mass: 0.16625 pull:-0.970084
1/mass: 0.16875 pull:-0.230636
1/mass: 0.17125 pull:-0.111099
1/mass: 0.17375 pull:-1.13374
1/mass: 0.17625 pull:-0.406916
1/mass: 0.17875 pull:-0.589009
1/mass: 0.18125 pull:-0.961372
1/mass: 0.18375 pull:-0.342902
1/mass: 0.18625 pull:-0.517295
1/mass: 0.18875 pull:1.29882
1/mass: 0.19125 pull:-0.609093
1/mass: 0.19375 pull:1.91237
1/mass: 0.19625 pull:1.1907
1/mass: 0.19875 pull:2.15313
1/mass: 0.20125 pull:-0.816406
1/mass: 0.20375 pull:-0.0785272
1/mass: 0.20625 pull:1.01222
1/mass: 0.20875 pull:-0.286068
1/mass: 0.21125 pull:-2.73034
1/mass: 0.21375 pull:0.733692
1/mass: 0.21625 pull:1.56864
1/mass: 0.21875 pull:0.340263
1/mass: 0.22125 pull:1.73514
1/mass: 0.22375 pull:-2.95398
1/mass: 0.22625 pull:0.820928
1/mass: 0.22875 pull:0.749563

[SUCCESS] Fitting process completed. Results saved to:
/eos/user/z/zixuan/Isotope/MassTempFit/wide_MassTF_Be_L1Inner_H2_UseMass7.pdf
/eos/user/z/zixuan/Isotope/MassTempFit/wide_MassTF_Be_L1Inner_H2_UseMass7.root
====================================================================
Starting FRAGMENT Mass Template Fit for: Be from source Boron (UseMass: 7)
Chain: L1Inner
Templates: Pure (H2)
====================================================================
[INFO] Data file loaded: root://eoshome-z.cern.ch//eos/user/z/zixuan/Isotope/Add/Be_frag4.root
[INFO] Output ROOT file: /eos/user/z/zixuan/Isotope/MassTempFit/wide_MassTF_Be_L1Inner_H2_UseMass7_FragFromBoron.root

--- Processing Detector: TOF ---
2
2
2
Fitting bin 5 (Ek: 0.267548-0.406144 GeV/n)...
[#1] INFO:Minimization -- p.d.f. provides expected number of events, including extended term in likelihood.
[#1] INFO:Fitting -- RooAbsPdf::fitTo(model) fixing normalization set for coefficient determination to observables in data
[#1] INFO:Fitting -- Creation of NLL object took 197.672 μs
[#1] INFO:Fitting -- RooAddition::defaultErrorLevel(nll_model_data) Summation contains a RooNLLVar, using its error level
[#1] INFO:Minimization -- RooAbsMinimizerFcn::setOptimizeConst: activating const optimization
[#1] INFO:Fitting -- RooAbsPdf::fitTo(model) Calculating sum-of-weights-squared correction matrix for covariance matrix
[#1] INFO:Minimization -- RooAbsMinimizerFcn::setOptimizeConst: deactivating const optimization
Total chi2/ndf: 1.20769
  Fit Result: Chi2/NDF = 41.0615/34 = 1.20769, Status = 0
[#1] INFO:Plotting -- RooAbsPdf::plotOn(model) directly selected PDF components: (pdf7)
[#1] INFO:Plotting -- RooAbsPdf::plotOn(model) indirectly selected PDF components: ()
[#1] INFO:Plotting -- RooAbsPdf::plotOn(model) directly selected PDF components: (pdf9)
[#1] INFO:Plotting -- RooAbsPdf::plotOn(model) indirectly selected PDF components: ()
[#1] INFO:Plotting -- RooAbsPdf::plotOn(model) directly selected PDF components: (pdf10)
[#1] INFO:Plotting -- RooAbsPdf::plotOn(model) indirectly selected PDF components: ()
1/mass: 0.0525 pull:0.725727
1/mass: 0.0575 pull:1.2379
1/mass: 0.0625 pull:0.277244
1/mass: 0.0675 pull:-0.545628
1/mass: 0.0725 pull:-0.330661
1/mass: 0.0775 pull:1.76896
1/mass: 0.0825 pull:1.34027
1/mass: 0.0875 pull:-1.20738
1/mass: 0.0925 pull:-1.82108
1/mass: 0.0975 pull:1.58091
1/mass: 0.1025 pull:-0.647173
1/mass: 0.1075 pull:-0.583011
1/mass: 0.1125 pull:-0.200238
1/mass: 0.1175 pull:0.170653
1/mass: 0.1225 pull:0.583505
1/mass: 0.1275 pull:-0.467574
1/mass: 0.1325 pull:-0.594865
1/mass: 0.1375 pull:1.06846
1/mass: 0.1425 pull:0.188946
1/mass: 0.1475 pull:-0.0430647
1/mass: 0.1525 pull:-0.208141
1/mass: 0.1575 pull:0.515532
1/mass: 0.1625 pull:-1.00757
1/mass: 0.1675 pull:-1.75389
1/mass: 0.1725 pull:-1.61887
1/mass: 0.1775 pull:1.40955
1/mass: 0.1825 pull:0.83103
1/mass: 0.1875 pull:0.189349
1/mass: 0.1925 pull:1.24988
1/mass: 0.1975 pull:1.77823
1/mass: 0.2025 pull:-0.821829
1/mass: 0.2075 pull:-1.87303
1/mass: 0.2125 pull:0.931232
1/mass: 0.2175 pull:0.493997
1/mass: 0.2225 pull:-1.83329
1/mass: 0.2275 pull:0.533837
2
2
2
Fitting bin 7 (Ek: 0.406144-0.587609 GeV/n)...
[#1] INFO:Minimization -- p.d.f. provides expected number of events, including extended term in likelihood.
[#1] INFO:Fitting -- RooAbsPdf::fitTo(model) fixing normalization set for coefficient determination to observables in data
[#1] INFO:Fitting -- Creation of NLL object took 193.262 μs
[#1] INFO:Fitting -- RooAddition::defaultErrorLevel(nll_model_data) Summation contains a RooNLLVar, using its error level
[#1] INFO:Minimization -- RooAbsMinimizerFcn::setOptimizeConst: activating const optimization
[#1] INFO:Fitting -- RooAbsPdf::fitTo(model) Calculating sum-of-weights-squared correction matrix for covariance matrix
[#1] INFO:Minimization -- RooAbsMinimizerFcn::setOptimizeConst: deactivating const optimization
Total chi2/ndf: 1.20108
  Fit Result: Chi2/NDF = 38.4347/34 = 1.13043, Status = 0
[#1] INFO:Plotting -- RooAbsPdf::plotOn(model) directly selected PDF components: (pdf7)
[#1] INFO:Plotting -- RooAbsPdf::plotOn(model) indirectly selected PDF components: ()
[#1] INFO:Plotting -- RooAbsPdf::plotOn(model) directly selected PDF components: (pdf9)
[#1] INFO:Plotting -- RooAbsPdf::plotOn(model) indirectly selected PDF components: ()
[#1] INFO:Plotting -- RooAbsPdf::plotOn(model) directly selected PDF components: (pdf10)
[#1] INFO:Plotting -- RooAbsPdf::plotOn(model) indirectly selected PDF components: ()
1/mass: 0.0575 pull:0.100265
1/mass: 0.0675 pull:2.87558
1/mass: 0.0725 pull:0.753352
1/mass: 0.0775 pull:0.356247
1/mass: 0.0825 pull:0.489085
1/mass: 0.0875 pull:0.00675777
1/mass: 0.0925 pull:-0.475579
1/mass: 0.0975 pull:-0.15383
1/mass: 0.1025 pull:1.29198
1/mass: 0.1075 pull:-1.92897
1/mass: 0.1125 pull:-0.387112
1/mass: 0.1175 pull:0.177703
1/mass: 0.1225 pull:-0.759872
1/mass: 0.1275 pull:0.841128
1/mass: 0.1325 pull:1.21934
1/mass: 0.1375 pull:0.120718
1/mass: 0.1425 pull:-0.16606
1/mass: 0.1475 pull:-1.64916
1/mass: 0.1525 pull:-1.15372
1/mass: 0.1575 pull:0.0692305
1/mass: 0.1625 pull:-0.234636
1/mass: 0.1675 pull:-0.218557
1/mass: 0.1725 pull:0.00162288
1/mass: 0.1775 pull:0.522181
1/mass: 0.1825 pull:-1.35327
1/mass: 0.1875 pull:1.98923
1/mass: 0.1925 pull:1.30763
1/mass: 0.1975 pull:1.64992
1/mass: 0.2025 pull:0.169361
1/mass: 0.2075 pull:0.662637
1/mass: 0.2125 pull:-0.776973
1/mass: 0.2175 pull:1.73321
1/mass: 0.2225 pull:0.606018
1/mass: 0.2275 pull:-1.22163
2
2
2
Fitting bin 9 (Ek: 0.587609-0.821474 GeV/n)...
[#1] INFO:Minimization -- p.d.f. provides expected number of events, including extended term in likelihood.
[#1] INFO:Fitting -- RooAbsPdf::fitTo(model) fixing normalization set for coefficient determination to observables in data
[#1] INFO:Fitting -- Creation of NLL object took 209.752 μs
[#1] INFO:Fitting -- RooAddition::defaultErrorLevel(nll_model_data) Summation contains a RooNLLVar, using its error level
[#1] INFO:Minimization -- RooAbsMinimizerFcn::setOptimizeConst: activating const optimization
[#1] INFO:Fitting -- RooAbsPdf::fitTo(model) Calculating sum-of-weights-squared correction matrix for covariance matrix
[#1] INFO:Minimization -- RooAbsMinimizerFcn::setOptimizeConst: deactivating const optimization
Total chi2/ndf: 1.52411
  Fit Result: Chi2/NDF = 51.8197/34 = 1.52411, Status = 0
[#1] INFO:Plotting -- RooAbsPdf::plotOn(model) directly selected PDF components: (pdf7)
[#1] INFO:Plotting -- RooAbsPdf::plotOn(model) indirectly selected PDF components: ()
[#1] INFO:Plotting -- RooAbsPdf::plotOn(model) directly selected PDF components: (pdf9)
[#1] INFO:Plotting -- RooAbsPdf::plotOn(model) indirectly selected PDF components: ()
[#1] INFO:Plotting -- RooAbsPdf::plotOn(model) directly selected PDF components: (pdf10)
[#1] INFO:Plotting -- RooAbsPdf::plotOn(model) indirectly selected PDF components: ()
1/mass: 0.0525 pull:0.40155
1/mass: 0.0575 pull:1.8505
1/mass: 0.0625 pull:0.575324
1/mass: 0.0675 pull:-1.28139
1/mass: 0.0725 pull:1.04022
1/mass: 0.0775 pull:1.48184
1/mass: 0.0825 pull:1.06771
1/mass: 0.0875 pull:-0.284971
1/mass: 0.0925 pull:-0.0731796
1/mass: 0.0975 pull:-0.00204818
1/mass: 0.1025 pull:-0.612608
1/mass: 0.1075 pull:-0.079339
1/mass: 0.1125 pull:-0.629285
1/mass: 0.1175 pull:-0.4576
1/mass: 0.1225 pull:0.0869448
1/mass: 0.1275 pull:0.223148
1/mass: 0.1325 pull:1.38559
1/mass: 0.1375 pull:0.663758
1/mass: 0.1425 pull:-2.40271
1/mass: 0.1475 pull:0.563693
1/mass: 0.1525 pull:-1.6914
1/mass: 0.1575 pull:0.254191
1/mass: 0.1625 pull:-1.58491
1/mass: 0.1675 pull:-1.24844
1/mass: 0.1725 pull:0.723059
1/mass: 0.1775 pull:-0.495712
1/mass: 0.1825 pull:0.947371
1/mass: 0.1875 pull:3.29522
1/mass: 0.1925 pull:1.8001
1/mass: 0.1975 pull:0.859805
1/mass: 0.2025 pull:-1.54126
1/mass: 0.2075 pull:1.55263
1/mass: 0.2125 pull:0.831317
1/mass: 0.2175 pull:1.08766
1/mass: 0.2225 pull:-0.0500854
1/mass: 0.2275 pull:1.44853
2
2
2
Fitting bin 11 (Ek: 0.821474-1.11303 GeV/n)...
[#1] INFO:Minimization -- p.d.f. provides expected number of events, including extended term in likelihood.
[#1] INFO:Fitting -- RooAbsPdf::fitTo(model) fixing normalization set for coefficient determination to observables in data
[#1] INFO:Fitting -- Creation of NLL object took 237.572 μs
[#1] INFO:Fitting -- RooAddition::defaultErrorLevel(nll_model_data) Summation contains a RooNLLVar, using its error level
[#1] INFO:Minimization -- RooAbsMinimizerFcn::setOptimizeConst: activating const optimization
[#1] INFO:Fitting -- RooAbsPdf::fitTo(model) Calculating sum-of-weights-squared correction matrix for covariance matrix
[#1] INFO:Minimization -- RooAbsMinimizerFcn::setOptimizeConst: deactivating const optimization
Total chi2/ndf: 2.58294
  Fit Result: Chi2/NDF = 87.82/34 = 2.58294, Status = 0
[#1] INFO:Plotting -- RooAbsPdf::plotOn(model) directly selected PDF components: (pdf7)
[#1] INFO:Plotting -- RooAbsPdf::plotOn(model) indirectly selected PDF components: ()
[#1] INFO:Plotting -- RooAbsPdf::plotOn(model) directly selected PDF components: (pdf9)
[#1] INFO:Plotting -- RooAbsPdf::plotOn(model) indirectly selected PDF components: ()
[#1] INFO:Plotting -- RooAbsPdf::plotOn(model) directly selected PDF components: (pdf10)
[#1] INFO:Plotting -- RooAbsPdf::plotOn(model) indirectly selected PDF components: ()
1/mass: 0.0525 pull:1.28107
1/mass: 0.0575 pull:1.51119
1/mass: 0.0625 pull:1.01473
1/mass: 0.0675 pull:1.76681
1/mass: 0.0725 pull:0.9623
1/mass: 0.0775 pull:-0.233873
1/mass: 0.0825 pull:1.35112
1/mass: 0.0875 pull:1.72127
1/mass: 0.0925 pull:0.822763
1/mass: 0.0975 pull:-0.733098
1/mass: 0.1025 pull:-0.302318
1/mass: 0.1075 pull:-1.63252
1/mass: 0.1125 pull:-2.10645
1/mass: 0.1175 pull:-0.00604726
1/mass: 0.1225 pull:1.95654
1/mass: 0.1275 pull:-0.615479
1/mass: 0.1325 pull:0.759118
1/mass: 0.1375 pull:-0.406566
1/mass: 0.1425 pull:0.885025
1/mass: 0.1475 pull:0.0247741
1/mass: 0.1525 pull:-0.720235
1/mass: 0.1575 pull:-2.70645
1/mass: 0.1625 pull:-2.93797
1/mass: 0.1675 pull:-0.37505
1/mass: 0.1725 pull:-1.75099
1/mass: 0.1775 pull:0.980091
1/mass: 0.1825 pull:2.19212
1/mass: 0.1875 pull:1.72515
1/mass: 0.1925 pull:1.91364
1/mass: 0.1975 pull:3.48919
1/mass: 0.2025 pull:1.66143
1/mass: 0.2075 pull:1.08004
1/mass: 0.2125 pull:1.82201
1/mass: 0.2175 pull:1.84818
1/mass: 0.2225 pull:0.414267
1/mass: 0.2275 pull:2.17716
2
2
2
Fitting bin 13 (Ek: 1.11303-1.4714 GeV/n)...
[#1] INFO:Minimization -- p.d.f. provides expected number of events, including extended term in likelihood.
[#1] INFO:Fitting -- RooAbsPdf::fitTo(model) fixing normalization set for coefficient determination to observables in data
[#1] INFO:Fitting -- Creation of NLL object took 234.452 μs
[#1] INFO:Fitting -- RooAddition::defaultErrorLevel(nll_model_data) Summation contains a RooNLLVar, using its error level
[#1] INFO:Minimization -- RooAbsMinimizerFcn::setOptimizeConst: activating const optimization
[#1] INFO:Fitting -- RooAbsPdf::fitTo(model) Calculating sum-of-weights-squared correction matrix for covariance matrix
[#1] INFO:Minimization -- RooAbsMinimizerFcn::setOptimizeConst: deactivating const optimization
Total chi2/ndf: 5.34436
  Fit Result: Chi2/NDF = 181.708/34 = 5.34436, Status = 0
[#1] INFO:Plotting -- RooAbsPdf::plotOn(model) directly selected PDF components: (pdf7)
[#1] INFO:Plotting -- RooAbsPdf::plotOn(model) indirectly selected PDF components: ()
[#1] INFO:Plotting -- RooAbsPdf::plotOn(model) directly selected PDF components: (pdf9)
[#1] INFO:Plotting -- RooAbsPdf::plotOn(model) indirectly selected PDF components: ()
[#1] INFO:Plotting -- RooAbsPdf::plotOn(model) directly selected PDF components: (pdf10)
[#1] INFO:Plotting -- RooAbsPdf::plotOn(model) indirectly selected PDF components: ()
1/mass: 0.0525 pull:3.10332
1/mass: 0.0575 pull:3.3713
1/mass: 0.0625 pull:4.24017
1/mass: 0.0675 pull:3.00982
1/mass: 0.0725 pull:3.67177
1/mass: 0.0775 pull:2.41528
1/mass: 0.0825 pull:1.12064
1/mass: 0.0875 pull:0.195296
1/mass: 0.0925 pull:0.0304664
1/mass: 0.0975 pull:-1.32544
1/mass: 0.1025 pull:0.557655
1/mass: 0.1075 pull:-2.4718
1/mass: 0.1125 pull:-2.33989
1/mass: 0.1175 pull:-3.42257
1/mass: 0.1225 pull:1.43102
1/mass: 0.1275 pull:1.899
1/mass: 0.1325 pull:-0.46203
1/mass: 0.1375 pull:3.17632
1/mass: 0.1425 pull:0.135207
1/mass: 0.1475 pull:-0.947452
1/mass: 0.1525 pull:-2.47708
1/mass: 0.1575 pull:-0.909564
1/mass: 0.1625 pull:-2.9955
1/mass: 0.1675 pull:-3.08065
1/mass: 0.1725 pull:0.376209
1/mass: 0.1775 pull:-0.643558
1/mass: 0.1825 pull:0.835046
1/mass: 0.1875 pull:1.7457
1/mass: 0.1925 pull:3.11074
1/mass: 0.1975 pull:2.80647
1/mass: 0.2025 pull:3.20163
1/mass: 0.2075 pull:2.54182
1/mass: 0.2125 pull:1.81018
1/mass: 0.2175 pull:1.48523
1/mass: 0.2225 pull:0.318245
1/mass: 0.2275 pull:1.11762

--- Processing Detector: NaF ---
2
2
2
Fitting bin 11 (Ek: 0.821474-1.11303 GeV/n)...
[#1] INFO:Minimization -- p.d.f. provides expected number of events, including extended term in likelihood.
[#1] INFO:Fitting -- RooAbsPdf::fitTo(model) fixing normalization set for coefficient determination to observables in data
[#1] INFO:Fitting -- Creation of NLL object took 296.863 μs
[#1] INFO:Fitting -- RooAddition::defaultErrorLevel(nll_model_data) Summation contains a RooNLLVar, using its error level
[#1] INFO:Minimization -- RooAbsMinimizerFcn::setOptimizeConst: activating const optimization
[#1] INFO:Fitting -- RooAbsPdf::fitTo(model) Calculating sum-of-weights-squared correction matrix for covariance matrix
[#1] INFO:Minimization -- RooAbsMinimizerFcn::setOptimizeConst: deactivating const optimization
Total chi2/ndf: 2.27001
  Fit Result: Chi2/NDF = 63.5601/34 = 1.86942, Status = 0
[#1] INFO:Plotting -- RooAbsPdf::plotOn(model) directly selected PDF components: (pdf7)
[#1] INFO:Plotting -- RooAbsPdf::plotOn(model) indirectly selected PDF components: ()
[#1] INFO:Plotting -- RooAbsPdf::plotOn(model) directly selected PDF components: (pdf9)
[#1] INFO:Plotting -- RooAbsPdf::plotOn(model) indirectly selected PDF components: ()
[#1] INFO:Plotting -- RooAbsPdf::plotOn(model) directly selected PDF components: (pdf10)
[#1] INFO:Plotting -- RooAbsPdf::plotOn(model) indirectly selected PDF components: ()
1/mass: 0.0575 pull:1.21596
1/mass: 0.0625 pull:0.513562
1/mass: 0.0775 pull:-0.137574
1/mass: 0.0825 pull:-3.28968
1/mass: 0.0875 pull:0.425986
1/mass: 0.0925 pull:1.3622
1/mass: 0.0975 pull:0.39828
1/mass: 0.1025 pull:-1.03109
1/mass: 0.1075 pull:-0.0930865
1/mass: 0.1125 pull:-0.502889
1/mass: 0.1175 pull:1.63218
1/mass: 0.1225 pull:0.254161
1/mass: 0.1275 pull:-2.70705
1/mass: 0.1325 pull:1.23325
1/mass: 0.1375 pull:0.380622
1/mass: 0.1425 pull:-0.618168
1/mass: 0.1475 pull:-2.47333
1/mass: 0.1525 pull:0.359693
1/mass: 0.1575 pull:-1.33536
1/mass: 0.1625 pull:2.44935
1/mass: 0.1675 pull:0.485981
1/mass: 0.1725 pull:-2.59295
1/mass: 0.1775 pull:-0.0290732
1/mass: 0.1825 pull:1.38062
1/mass: 0.1875 pull:-3.06044
1/mass: 0.1925 pull:1.12542
1/mass: 0.1975 pull:0.826808
1/mass: 0.2025 pull:-0.0636247
1/mass: 0.2075 pull:0.863581
1/mass: 0.2175 pull:0.624396
2
2
2
Fitting bin 13 (Ek: 1.11303-1.4714 GeV/n)...
[#1] INFO:Minimization -- p.d.f. provides expected number of events, including extended term in likelihood.
[#1] INFO:Fitting -- RooAbsPdf::fitTo(model) fixing normalization set for coefficient determination to observables in data
[#1] INFO:Fitting -- Creation of NLL object took 223.772 μs
[#1] INFO:Fitting -- RooAddition::defaultErrorLevel(nll_model_data) Summation contains a RooNLLVar, using its error level
[#1] INFO:Minimization -- RooAbsMinimizerFcn::setOptimizeConst: activating const optimization
[#1] INFO:Fitting -- RooAbsPdf::fitTo(model) Calculating sum-of-weights-squared correction matrix for covariance matrix
[#1] INFO:Minimization -- RooAbsMinimizerFcn::setOptimizeConst: deactivating const optimization
Total chi2/ndf: 0.708964
  Fit Result: Chi2/NDF = 17.7241/34 = 0.521297, Status = 0
[#1] INFO:Plotting -- RooAbsPdf::plotOn(model) directly selected PDF components: (pdf7)
[#1] INFO:Plotting -- RooAbsPdf::plotOn(model) indirectly selected PDF components: ()
[#1] INFO:Plotting -- RooAbsPdf::plotOn(model) directly selected PDF components: (pdf9)
[#1] INFO:Plotting -- RooAbsPdf::plotOn(model) indirectly selected PDF components: ()
[#1] INFO:Plotting -- RooAbsPdf::plotOn(model) directly selected PDF components: (pdf10)
[#1] INFO:Plotting -- RooAbsPdf::plotOn(model) indirectly selected PDF components: ()
1/mass: 0.0725 pull:0.187857
1/mass: 0.0775 pull:0.0666978
1/mass: 0.0825 pull:-0.0492166
1/mass: 0.0875 pull:0.954487
1/mass: 0.0925 pull:-1.98279
1/mass: 0.0975 pull:-1.08908
1/mass: 0.1025 pull:0.891217
1/mass: 0.1075 pull:0.689097
1/mass: 0.1125 pull:1.17348
1/mass: 0.1175 pull:-0.356058
1/mass: 0.1225 pull:-1.28237
1/mass: 0.1275 pull:0.116116
1/mass: 0.1325 pull:-0.00989446
1/mass: 0.1375 pull:0.0869407
1/mass: 0.1425 pull:0.477709
1/mass: 0.1475 pull:-0.97913
1/mass: 0.1525 pull:0.217138
1/mass: 0.1575 pull:-0.621339
1/mass: 0.1625 pull:-0.859988
1/mass: 0.1675 pull:0.107007
1/mass: 0.1725 pull:0.888746
1/mass: 0.1775 pull:0.632033
1/mass: 0.1825 pull:0.417223
1/mass: 0.1875 pull:0.43989
1/mass: 0.1925 pull:0.783436
1/mass: 0.2025 pull:-0.407721
1/mass: 0.2075 pull:1.58327
2
2
2
Fitting bin 15 (Ek: 1.4714-1.91049 GeV/n)...
[#1] INFO:Minimization -- p.d.f. provides expected number of events, including extended term in likelihood.
[#1] INFO:Fitting -- RooAbsPdf::fitTo(model) fixing normalization set for coefficient determination to observables in data
[#1] INFO:Fitting -- Creation of NLL object took 191.932 μs
[#1] INFO:Fitting -- RooAddition::defaultErrorLevel(nll_model_data) Summation contains a RooNLLVar, using its error level
[#1] INFO:Minimization -- RooAbsMinimizerFcn::setOptimizeConst: activating const optimization
[#1] INFO:Fitting -- RooAbsPdf::fitTo(model) Calculating sum-of-weights-squared correction matrix for covariance matrix
[#1] INFO:Minimization -- RooAbsMinimizerFcn::setOptimizeConst: deactivating const optimization
Total chi2/ndf: 0.541485
  Fit Result: Chi2/NDF = 15.7031/34 = 0.461855, Status = 0
[#1] INFO:Plotting -- RooAbsPdf::plotOn(model) directly selected PDF components: (pdf7)
[#1] INFO:Plotting -- RooAbsPdf::plotOn(model) indirectly selected PDF components: ()
[#1] INFO:Plotting -- RooAbsPdf::plotOn(model) directly selected PDF components: (pdf9)
[#1] INFO:Plotting -- RooAbsPdf::plotOn(model) indirectly selected PDF components: ()
[#1] INFO:Plotting -- RooAbsPdf::plotOn(model) directly selected PDF components: (pdf10)
[#1] INFO:Plotting -- RooAbsPdf::plotOn(model) indirectly selected PDF components: ()
1/mass: 0.0525 pull:0.848344
1/mass: 0.0675 pull:0.522893
1/mass: 0.0725 pull:0.686097
1/mass: 0.0775 pull:-0.76629
1/mass: 0.0825 pull:0.315827
1/mass: 0.0875 pull:-0.109904
1/mass: 0.0925 pull:0.490238
1/mass: 0.0975 pull:0.527886
1/mass: 0.1025 pull:-0.926151
1/mass: 0.1075 pull:0.201231
1/mass: 0.1125 pull:-0.348677
1/mass: 0.1175 pull:0.173237
1/mass: 0.1225 pull:-0.342166
1/mass: 0.1275 pull:-0.402962
1/mass: 0.1325 pull:0.628631
1/mass: 0.1375 pull:0.816413
1/mass: 0.1425 pull:-0.149184
1/mass: 0.1475 pull:-0.572764
1/mass: 0.1525 pull:-1.61264
1/mass: 0.1575 pull:0.665676
1/mass: 0.1625 pull:-0.538637
1/mass: 0.1675 pull:0.427305
1/mass: 0.1725 pull:0.79098
1/mass: 0.1775 pull:0.0147819
1/mass: 0.1825 pull:-1.09827
1/mass: 0.1875 pull:0.941996
1/mass: 0.1925 pull:-0.935497
1/mass: 0.1975 pull:-0.0147832
1/mass: 0.2025 pull:0.554824
1/mass: 0.2075 pull:1.62341
1/mass: 0.2125 pull:0.474738
2
2
2
Fitting bin 17 (Ek: 1.91049-2.43494 GeV/n)...
[#1] INFO:Minimization -- p.d.f. provides expected number of events, including extended term in likelihood.
[#1] INFO:Fitting -- RooAbsPdf::fitTo(model) fixing normalization set for coefficient determination to observables in data
[#1] INFO:Fitting -- Creation of NLL object took 275.514 μs
[#1] INFO:Fitting -- RooAddition::defaultErrorLevel(nll_model_data) Summation contains a RooNLLVar, using its error level
[#1] INFO:Minimization -- RooAbsMinimizerFcn::setOptimizeConst: activating const optimization
[#1] INFO:Fitting -- RooAbsPdf::fitTo(model) Calculating sum-of-weights-squared correction matrix for covariance matrix
[#1] INFO:Minimization -- RooAbsMinimizerFcn::setOptimizeConst: deactivating const optimization
Total chi2/ndf: 0.489954
  Fit Result: Chi2/NDF = 12.7388/34 = 0.374671, Status = 0
[#1] INFO:Plotting -- RooAbsPdf::plotOn(model) directly selected PDF components: (pdf7)
[#1] INFO:Plotting -- RooAbsPdf::plotOn(model) indirectly selected PDF components: ()
[#1] INFO:Plotting -- RooAbsPdf::plotOn(model) directly selected PDF components: (pdf9)
[#1] INFO:Plotting -- RooAbsPdf::plotOn(model) indirectly selected PDF components: ()
[#1] INFO:Plotting -- RooAbsPdf::plotOn(model) directly selected PDF components: (pdf10)
[#1] INFO:Plotting -- RooAbsPdf::plotOn(model) indirectly selected PDF components: ()
1/mass: 0.0675 pull:-0.114109
1/mass: 0.0725 pull:-0.350793
1/mass: 0.0775 pull:-0.0378307
1/mass: 0.0825 pull:0.354696
1/mass: 0.0875 pull:-1.03734
1/mass: 0.0925 pull:0.695013
1/mass: 0.0975 pull:-0.584216
1/mass: 0.1025 pull:0.2643
1/mass: 0.1075 pull:0.0491045
1/mass: 0.1125 pull:-0.393162
1/mass: 0.1175 pull:1.02333
1/mass: 0.1225 pull:0.0137203
1/mass: 0.1275 pull:-0.919076
1/mass: 0.1325 pull:0.438297
1/mass: 0.1375 pull:-0.0346924
1/mass: 0.1425 pull:-0.904641
1/mass: 0.1475 pull:-0.27305
1/mass: 0.1525 pull:0.772721
1/mass: 0.1575 pull:-0.828781
1/mass: 0.1625 pull:-0.419019
1/mass: 0.1675 pull:0.068758
1/mass: 0.1725 pull:0.0349503
1/mass: 0.1775 pull:0.123287
1/mass: 0.1825 pull:1.1366
1/mass: 0.1875 pull:0.806398
1/mass: 0.1925 pull:1.27438
1/mass: 0.2025 pull:-0.296113
1/mass: 0.2225 pull:1.49511
2
2
2
Fitting bin 19 (Ek: 2.43494-3.05875 GeV/n)...
[#1] INFO:Minimization -- p.d.f. provides expected number of events, including extended term in likelihood.
[#1] INFO:Fitting -- RooAbsPdf::fitTo(model) fixing normalization set for coefficient determination to observables in data
[#1] INFO:Fitting -- Creation of NLL object took 182.002 μs
[#1] INFO:Fitting -- RooAddition::defaultErrorLevel(nll_model_data) Summation contains a RooNLLVar, using its error level
[#1] INFO:Minimization -- RooAbsMinimizerFcn::setOptimizeConst: activating const optimization
[#1] INFO:Fitting -- RooAbsPdf::fitTo(model) Calculating sum-of-weights-squared correction matrix for covariance matrix
[#1] INFO:Minimization -- RooAbsMinimizerFcn::setOptimizeConst: deactivating const optimization
Total chi2/ndf: 0.831812
  Fit Result: Chi2/NDF = 26.618/34 = 0.782882, Status = 0
[#1] INFO:Plotting -- RooAbsPdf::plotOn(model) directly selected PDF components: (pdf7)
[#1] INFO:Plotting -- RooAbsPdf::plotOn(model) indirectly selected PDF components: ()
[#1] INFO:Plotting -- RooAbsPdf::plotOn(model) directly selected PDF components: (pdf9)
[#1] INFO:Plotting -- RooAbsPdf::plotOn(model) indirectly selected PDF components: ()
[#1] INFO:Plotting -- RooAbsPdf::plotOn(model) directly selected PDF components: (pdf10)
[#1] INFO:Plotting -- RooAbsPdf::plotOn(model) indirectly selected PDF components: ()
1/mass: 0.0525 pull:0.906048
1/mass: 0.0625 pull:0.354877
1/mass: 0.0675 pull:0.494647
1/mass: 0.0775 pull:-1.39502
1/mass: 0.0825 pull:-0.825192
1/mass: 0.0875 pull:0.269163
1/mass: 0.0925 pull:1.66602
1/mass: 0.0975 pull:-0.19332
1/mass: 0.1025 pull:-0.279281
1/mass: 0.1075 pull:-1.81434
1/mass: 0.1125 pull:-0.131627
1/mass: 0.1175 pull:1.72292
1/mass: 0.1225 pull:0.219155
1/mass: 0.1275 pull:0.0895551
1/mass: 0.1325 pull:-0.498949
1/mass: 0.1375 pull:-1.11347
1/mass: 0.1425 pull:-0.784461
1/mass: 0.1475 pull:0.497342
1/mass: 0.1525 pull:-0.902692
1/mass: 0.1575 pull:1.04952
1/mass: 0.1625 pull:0.335408
1/mass: 0.1675 pull:-0.91248
1/mass: 0.1725 pull:-1.49988
1/mass: 0.1775 pull:-0.175082
1/mass: 0.1825 pull:1.30874
1/mass: 0.1875 pull:0.741264
1/mass: 0.1925 pull:0.399216
1/mass: 0.1975 pull:-0.00152335
1/mass: 0.2025 pull:0.603589
1/mass: 0.2075 pull:1.33102
1/mass: 0.2125 pull:0.475052
1/mass: 0.2175 pull:0.571768
1/mass: 0.2225 pull:0.644873
1/mass: 0.2275 pull:0.695049
2
2
2
Fitting bin 21 (Ek: 3.05875-3.79127 GeV/n)...
[#1] INFO:Minimization -- p.d.f. provides expected number of events, including extended term in likelihood.
[#1] INFO:Fitting -- RooAbsPdf::fitTo(model) fixing normalization set for coefficient determination to observables in data
[#1] INFO:Fitting -- Creation of NLL object took 212.342 μs
[#1] INFO:Fitting -- RooAddition::defaultErrorLevel(nll_model_data) Summation contains a RooNLLVar, using its error level
[#1] INFO:Minimization -- RooAbsMinimizerFcn::setOptimizeConst: activating const optimization
[#1] INFO:Fitting -- RooAbsPdf::fitTo(model) Calculating sum-of-weights-squared correction matrix for covariance matrix
[#1] INFO:Minimization -- RooAbsMinimizerFcn::setOptimizeConst: deactivating const optimization
Total chi2/ndf: 2.00225
  Fit Result: Chi2/NDF = 58.0653/34 = 1.7078, Status = 0
[#1] INFO:Plotting -- RooAbsPdf::plotOn(model) directly selected PDF components: (pdf7)
[#1] INFO:Plotting -- RooAbsPdf::plotOn(model) indirectly selected PDF components: ()
[#1] INFO:Plotting -- RooAbsPdf::plotOn(model) directly selected PDF components: (pdf9)
[#1] INFO:Plotting -- RooAbsPdf::plotOn(model) indirectly selected PDF components: ()
[#1] INFO:Plotting -- RooAbsPdf::plotOn(model) directly selected PDF components: (pdf10)
[#1] INFO:Plotting -- RooAbsPdf::plotOn(model) indirectly selected PDF components: ()
1/mass: 0.0575 pull:0.68234
1/mass: 0.0725 pull:0.0451649
1/mass: 0.0775 pull:-2.88534
1/mass: 0.0825 pull:1.01593
1/mass: 0.0875 pull:-0.541997
1/mass: 0.0925 pull:-0.054624
1/mass: 0.0975 pull:0.379499
1/mass: 0.1025 pull:-1.87013
1/mass: 0.1075 pull:1.21264
1/mass: 0.1125 pull:1.58963
1/mass: 0.1175 pull:-1.58579
1/mass: 0.1225 pull:0.203504
1/mass: 0.1275 pull:-1.26106
1/mass: 0.1325 pull:1.54933
1/mass: 0.1375 pull:-1.8368
1/mass: 0.1425 pull:0.186329
1/mass: 0.1475 pull:1.73552
1/mass: 0.1525 pull:-2.61909
1/mass: 0.1575 pull:0.752773
1/mass: 0.1625 pull:-0.487989
1/mass: 0.1675 pull:-0.64526
1/mass: 0.1725 pull:-0.248916
1/mass: 0.1775 pull:0.450771
1/mass: 0.1825 pull:1.1843
1/mass: 0.1875 pull:-3.43014
1/mass: 0.1925 pull:-0.611512
1/mass: 0.1975 pull:-0.793394
1/mass: 0.2025 pull:0.628914
1/mass: 0.2075 pull:1.894
1/mass: 0.2125 pull:0.456103
1/mass: 0.2275 pull:0.792977
2
2
2
Fitting bin 23 (Ek: 3.79127-4.64682 GeV/n)...
[#1] INFO:Minimization -- p.d.f. provides expected number of events, including extended term in likelihood.
[#1] INFO:Fitting -- RooAbsPdf::fitTo(model) fixing normalization set for coefficient determination to observables in data
[#1] INFO:Fitting -- Creation of NLL object took 270.363 μs
[#1] INFO:Fitting -- RooAddition::defaultErrorLevel(nll_model_data) Summation contains a RooNLLVar, using its error level
[#1] INFO:Minimization -- RooAbsMinimizerFcn::setOptimizeConst: activating const optimization
[#1] INFO:Fitting -- RooAbsPdf::fitTo(model) Calculating sum-of-weights-squared correction matrix for covariance matrix
[#1] INFO:Minimization -- RooAbsMinimizerFcn::setOptimizeConst: deactivating const optimization
Total chi2/ndf: 1.42096
  Fit Result: Chi2/NDF = 35.5241/34 = 1.04483, Status = 0
[#1] INFO:Plotting -- RooAbsPdf::plotOn(model) directly selected PDF components: (pdf7)
[#1] INFO:Plotting -- RooAbsPdf::plotOn(model) indirectly selected PDF components: ()
[#1] INFO:Plotting -- RooAbsPdf::plotOn(model) directly selected PDF components: (pdf9)
[#1] INFO:Plotting -- RooAbsPdf::plotOn(model) indirectly selected PDF components: ()
[#1] INFO:Plotting -- RooAbsPdf::plotOn(model) directly selected PDF components: (pdf10)
[#1] INFO:Plotting -- RooAbsPdf::plotOn(model) indirectly selected PDF components: ()
1/mass: 0.0675 pull:0.632068
1/mass: 0.0725 pull:0.560458
1/mass: 0.0775 pull:0.684512
1/mass: 0.0825 pull:1.27024
1/mass: 0.0875 pull:-0.154606
1/mass: 0.0925 pull:0.586851
1/mass: 0.0975 pull:-0.110806
1/mass: 0.1025 pull:-0.606305
1/mass: 0.1075 pull:-0.684208
1/mass: 0.1125 pull:-0.848704
1/mass: 0.1175 pull:1.41592
1/mass: 0.1225 pull:-1.72375
1/mass: 0.1275 pull:1.31984
1/mass: 0.1325 pull:-0.64301
1/mass: 0.1375 pull:1.20605
1/mass: 0.1425 pull:-1.54262
1/mass: 0.1475 pull:0.0496972
1/mass: 0.1525 pull:1.3879
1/mass: 0.1575 pull:-1.54591
1/mass: 0.1625 pull:-1.24992
1/mass: 0.1675 pull:-1.88977
1/mass: 0.1725 pull:1.52667
1/mass: 0.1775 pull:1.31232
1/mass: 0.1825 pull:0.753799
1/mass: 0.1875 pull:-2.18562
1/mass: 0.1925 pull:-0.013928
1/mass: 0.1975 pull:0.987745
2
2
2
Fitting bin 25 (Ek: 4.64682-5.63491 GeV/n)...
[#1] INFO:Minimization -- p.d.f. provides expected number of events, including extended term in likelihood.
[#1] INFO:Fitting -- RooAbsPdf::fitTo(model) fixing normalization set for coefficient determination to observables in data
[#1] INFO:Fitting -- Creation of NLL object took 265.184 μs
[#1] INFO:Fitting -- RooAddition::defaultErrorLevel(nll_model_data) Summation contains a RooNLLVar, using its error level
[#1] INFO:Minimization -- RooAbsMinimizerFcn::setOptimizeConst: activating const optimization
[#1] INFO:Fitting -- RooAbsPdf::fitTo(model) Calculating sum-of-weights-squared correction matrix for covariance matrix
[#1] INFO:Minimization -- RooAbsMinimizerFcn::setOptimizeConst: deactivating const optimization
Total chi2/ndf: 1.30053
  Fit Result: Chi2/NDF = 35.1143/34 = 1.03277, Status = 0
[#1] INFO:Plotting -- RooAbsPdf::plotOn(model) directly selected PDF components: (pdf7)
[#1] INFO:Plotting -- RooAbsPdf::plotOn(model) indirectly selected PDF components: ()
[#1] INFO:Plotting -- RooAbsPdf::plotOn(model) directly selected PDF components: (pdf9)
[#1] INFO:Plotting -- RooAbsPdf::plotOn(model) indirectly selected PDF components: ()
[#1] INFO:Plotting -- RooAbsPdf::plotOn(model) directly selected PDF components: (pdf10)
[#1] INFO:Plotting -- RooAbsPdf::plotOn(model) indirectly selected PDF components: ()
1/mass: 0.0675 pull:1.36135
1/mass: 0.0725 pull:1.15354
1/mass: 0.0775 pull:2.03809
1/mass: 0.0825 pull:1.11157
1/mass: 0.0875 pull:-1.06204
1/mass: 0.0925 pull:-0.641181
1/mass: 0.0975 pull:-0.844555
1/mass: 0.1025 pull:-0.875231
1/mass: 0.1075 pull:-1.4292
1/mass: 0.1125 pull:1.6326
1/mass: 0.1175 pull:1.16085
1/mass: 0.1225 pull:-2.2974
1/mass: 0.1275 pull:-0.334661
1/mass: 0.1325 pull:0.784488
1/mass: 0.1375 pull:0.341799
1/mass: 0.1425 pull:-1.22406
1/mass: 0.1475 pull:1.56988
1/mass: 0.1525 pull:0.54747
1/mass: 0.1575 pull:-0.127086
1/mass: 0.1625 pull:-0.0247935
1/mass: 0.1675 pull:-1.1923
1/mass: 0.1725 pull:-0.107916
1/mass: 0.1775 pull:0.125452
1/mass: 0.1825 pull:-0.786182
1/mass: 0.1875 pull:-1.30568
1/mass: 0.1975 pull:1.47874
1/mass: 0.2025 pull:-0.0356367
1/mass: 0.2225 pull:0.700115
1/mass: 0.2275 pull:0.784457

--- Processing Detector: AGL ---
2
2
2
Fitting bin 19 (Ek: 2.43494-3.05875 GeV/n)...
[#1] INFO:Minimization -- p.d.f. provides expected number of events, including extended term in likelihood.
[#1] INFO:Fitting -- RooAbsPdf::fitTo(model) fixing normalization set for coefficient determination to observables in data
[#1] INFO:Fitting -- Creation of NLL object took 302.323 μs
[#1] INFO:Fitting -- RooAddition::defaultErrorLevel(nll_model_data) Summation contains a RooNLLVar, using its error level
[#1] INFO:Minimization -- RooAbsMinimizerFcn::setOptimizeConst: activating const optimization
[#1] INFO:Fitting -- RooAbsPdf::fitTo(model) Calculating sum-of-weights-squared correction matrix for covariance matrix
[#1] INFO:Minimization -- RooAbsMinimizerFcn::setOptimizeConst: deactivating const optimization
Total chi2/ndf: 1.43993
  Fit Result: Chi2/NDF = 46.0777/34 = 1.35523, Status = 0
[#1] INFO:Plotting -- RooAbsPdf::plotOn(model) directly selected PDF components: (pdf7)
[#1] INFO:Plotting -- RooAbsPdf::plotOn(model) indirectly selected PDF components: ()
[#1] INFO:Plotting -- RooAbsPdf::plotOn(model) directly selected PDF components: (pdf9)
[#1] INFO:Plotting -- RooAbsPdf::plotOn(model) indirectly selected PDF components: ()
[#1] INFO:Plotting -- RooAbsPdf::plotOn(model) directly selected PDF components: (pdf10)
[#1] INFO:Plotting -- RooAbsPdf::plotOn(model) indirectly selected PDF components: ()
1/mass: 0.0625 pull:0.268655
1/mass: 0.0675 pull:0.951857
1/mass: 0.0725 pull:-2.74402
1/mass: 0.0775 pull:0.489878
1/mass: 0.0825 pull:1.59219
1/mass: 0.0875 pull:1.71952
1/mass: 0.0925 pull:-0.405348
1/mass: 0.0975 pull:-2.12504
1/mass: 0.1025 pull:1.61517
1/mass: 0.1075 pull:-0.083663
1/mass: 0.1125 pull:-1.01786
1/mass: 0.1175 pull:-0.577349
1/mass: 0.1225 pull:0.379179
1/mass: 0.1275 pull:-1.18431
1/mass: 0.1325 pull:0.502179
1/mass: 0.1375 pull:1.88982
1/mass: 0.1425 pull:1.43608
1/mass: 0.1475 pull:-0.790276
1/mass: 0.1525 pull:-0.88243
1/mass: 0.1575 pull:0.204483
1/mass: 0.1625 pull:-0.901776
1/mass: 0.1675 pull:-0.492894
1/mass: 0.1725 pull:-0.811566
1/mass: 0.1775 pull:1.08406
1/mass: 0.1825 pull:1.3186
1/mass: 0.1875 pull:-1.69171
1/mass: 0.1925 pull:-0.848327
1/mass: 0.1975 pull:-1.30218
1/mass: 0.2025 pull:0.261427
1/mass: 0.2075 pull:0.473695
1/mass: 0.2125 pull:-0.196887
1/mass: 0.2175 pull:1.08032
1/mass: 0.2225 pull:1.58276
1/mass: 0.2275 pull:0.621162
2
2
2
Fitting bin 21 (Ek: 3.05875-3.79127 GeV/n)...
[#1] INFO:Minimization -- p.d.f. provides expected number of events, including extended term in likelihood.
[#1] INFO:Fitting -- RooAbsPdf::fitTo(model) fixing normalization set for coefficient determination to observables in data
[#1] INFO:Fitting -- Creation of NLL object took 276.103 μs
[#1] INFO:Fitting -- RooAddition::defaultErrorLevel(nll_model_data) Summation contains a RooNLLVar, using its error level
[#1] INFO:Minimization -- RooAbsMinimizerFcn::setOptimizeConst: activating const optimization
[#1] INFO:Fitting -- RooAbsPdf::fitTo(model) Calculating sum-of-weights-squared correction matrix for covariance matrix
[#1] INFO:Minimization -- RooAbsMinimizerFcn::setOptimizeConst: deactivating const optimization
Total chi2/ndf: 1.17682
  Fit Result: Chi2/NDF = 38.8352/34 = 1.14221, Status = 0
[#1] INFO:Plotting -- RooAbsPdf::plotOn(model) directly selected PDF components: (pdf7)
[#1] INFO:Plotting -- RooAbsPdf::plotOn(model) indirectly selected PDF components: ()
[#1] INFO:Plotting -- RooAbsPdf::plotOn(model) directly selected PDF components: (pdf9)
[#1] INFO:Plotting -- RooAbsPdf::plotOn(model) indirectly selected PDF components: ()
[#1] INFO:Plotting -- RooAbsPdf::plotOn(model) directly selected PDF components: (pdf10)
[#1] INFO:Plotting -- RooAbsPdf::plotOn(model) indirectly selected PDF components: ()
1/mass: 0.0525 pull:0.458357
1/mass: 0.0625 pull:-1.08667
1/mass: 0.0675 pull:-0.627841
1/mass: 0.0725 pull:1.14322
1/mass: 0.0775 pull:0.360564
1/mass: 0.0825 pull:1.4017
1/mass: 0.0875 pull:-1.83896
1/mass: 0.0925 pull:-1.37822
1/mass: 0.0975 pull:-0.254885
1/mass: 0.1025 pull:0.640876
1/mass: 0.1075 pull:1.17578
1/mass: 0.1125 pull:-0.334465
1/mass: 0.1175 pull:-0.742976
1/mass: 0.1225 pull:0.639467
1/mass: 0.1275 pull:-0.671054
1/mass: 0.1325 pull:0.296935
1/mass: 0.1375 pull:0.52089
1/mass: 0.1425 pull:-1.29638
1/mass: 0.1475 pull:-0.477707
1/mass: 0.1525 pull:-1.04694
1/mass: 0.1575 pull:-0.928097
1/mass: 0.1625 pull:-0.922718
1/mass: 0.1675 pull:1.48357
1/mass: 0.1725 pull:-0.0401546
1/mass: 0.1775 pull:1.38715
1/mass: 0.1825 pull:-0.277733
1/mass: 0.1875 pull:0.314535
1/mass: 0.1925 pull:1.4961
1/mass: 0.1975 pull:1.50598
1/mass: 0.2025 pull:1.59806
1/mass: 0.2075 pull:0.638034
1/mass: 0.2125 pull:1.33134
1/mass: 0.2175 pull:0.338009
1/mass: 0.2225 pull:1.97782
1/mass: 0.2275 pull:1.52975
2
2
2
Fitting bin 23 (Ek: 3.79127-4.64682 GeV/n)...
[#1] INFO:Minimization -- p.d.f. provides expected number of events, including extended term in likelihood.
[#1] INFO:Fitting -- RooAbsPdf::fitTo(model) fixing normalization set for coefficient determination to observables in data
[#1] INFO:Fitting -- Creation of NLL object took 218.842 μs
[#1] INFO:Fitting -- RooAddition::defaultErrorLevel(nll_model_data) Summation contains a RooNLLVar, using its error level
[#1] INFO:Minimization -- RooAbsMinimizerFcn::setOptimizeConst: activating const optimization
[#1] INFO:Fitting -- RooAbsPdf::fitTo(model) Calculating sum-of-weights-squared correction matrix for covariance matrix
[#1] INFO:Minimization -- RooAbsMinimizerFcn::setOptimizeConst: deactivating const optimization
Total chi2/ndf: 0.736474
  Fit Result: Chi2/NDF = 23.5672/34 = 0.693152, Status = 0
[#1] INFO:Plotting -- RooAbsPdf::plotOn(model) directly selected PDF components: (pdf7)
[#1] INFO:Plotting -- RooAbsPdf::plotOn(model) indirectly selected PDF components: ()
[#1] INFO:Plotting -- RooAbsPdf::plotOn(model) directly selected PDF components: (pdf9)
[#1] INFO:Plotting -- RooAbsPdf::plotOn(model) indirectly selected PDF components: ()
[#1] INFO:Plotting -- RooAbsPdf::plotOn(model) directly selected PDF components: (pdf10)
[#1] INFO:Plotting -- RooAbsPdf::plotOn(model) indirectly selected PDF components: ()
1/mass: 0.0575 pull:0.806832
1/mass: 0.0675 pull:-0.337945
1/mass: 0.0725 pull:0.40212
1/mass: 0.0775 pull:-0.260222
1/mass: 0.0825 pull:2.1597
1/mass: 0.0875 pull:1.37425
1/mass: 0.0925 pull:0.664694
1/mass: 0.0975 pull:-1.07604
1/mass: 0.1025 pull:-0.518423
1/mass: 0.1075 pull:-0.373229
1/mass: 0.1125 pull:-1.06118
1/mass: 0.1175 pull:0.872563
1/mass: 0.1225 pull:0.229619
1/mass: 0.1275 pull:-0.369514
1/mass: 0.1325 pull:0.79588
1/mass: 0.1375 pull:-0.332911
1/mass: 0.1425 pull:-0.612535
1/mass: 0.1475 pull:-0.33781
1/mass: 0.1525 pull:0.818163
1/mass: 0.1575 pull:0.0524195
1/mass: 0.1625 pull:0.472141
1/mass: 0.1675 pull:0.286448
1/mass: 0.1725 pull:-0.848795
1/mass: 0.1775 pull:-1.45863
1/mass: 0.1825 pull:0.422982
1/mass: 0.1875 pull:-0.921936
1/mass: 0.1925 pull:1.59581
1/mass: 0.1975 pull:-0.891752
1/mass: 0.2025 pull:0.127053
1/mass: 0.2075 pull:0.23765
1/mass: 0.2125 pull:-0.838843
1/mass: 0.2175 pull:-0.429659
1/mass: 0.2225 pull:1.03652
1/mass: 0.2275 pull:0.685965
2
2
2
Fitting bin 25 (Ek: 4.64682-5.63491 GeV/n)...
[#1] INFO:Minimization -- p.d.f. provides expected number of events, including extended term in likelihood.
[#1] INFO:Fitting -- RooAbsPdf::fitTo(model) fixing normalization set for coefficient determination to observables in data
[#1] INFO:Fitting -- Creation of NLL object took 270.872 μs
[#1] INFO:Fitting -- RooAddition::defaultErrorLevel(nll_model_data) Summation contains a RooNLLVar, using its error level
[#1] INFO:Minimization -- RooAbsMinimizerFcn::setOptimizeConst: activating const optimization
[#1] INFO:Fitting -- RooAbsPdf::fitTo(model) Calculating sum-of-weights-squared correction matrix for covariance matrix
[#1] INFO:Minimization -- RooAbsMinimizerFcn::setOptimizeConst: deactivating const optimization
Total chi2/ndf: 1.17622
  Fit Result: Chi2/NDF = 37.6389/34 = 1.10703, Status = 0
[#1] INFO:Plotting -- RooAbsPdf::plotOn(model) directly selected PDF components: (pdf7)
[#1] INFO:Plotting -- RooAbsPdf::plotOn(model) indirectly selected PDF components: ()
[#1] INFO:Plotting -- RooAbsPdf::plotOn(model) directly selected PDF components: (pdf9)
[#1] INFO:Plotting -- RooAbsPdf::plotOn(model) indirectly selected PDF components: ()
[#1] INFO:Plotting -- RooAbsPdf::plotOn(model) directly selected PDF components: (pdf10)
[#1] INFO:Plotting -- RooAbsPdf::plotOn(model) indirectly selected PDF components: ()
1/mass: 0.0575 pull:0.156056
1/mass: 0.0625 pull:0.924991
1/mass: 0.0675 pull:1.36529
1/mass: 0.0725 pull:-0.47789
1/mass: 0.0775 pull:1.51072
1/mass: 0.0825 pull:0.0545832
1/mass: 0.0875 pull:0.0412127
1/mass: 0.0925 pull:0.735202
1/mass: 0.0975 pull:0.270137
1/mass: 0.1025 pull:-2.61759
1/mass: 0.1075 pull:0.188762
1/mass: 0.1125 pull:-0.0986897
1/mass: 0.1175 pull:0.446285
1/mass: 0.1225 pull:2.39906
1/mass: 0.1275 pull:-0.99046
1/mass: 0.1325 pull:-2.46368
1/mass: 0.1375 pull:0.721806
1/mass: 0.1425 pull:-0.693174
1/mass: 0.1475 pull:-0.0550437
1/mass: 0.1525 pull:-0.0639693
1/mass: 0.1575 pull:1.22223
1/mass: 0.1625 pull:-0.787376
1/mass: 0.1675 pull:1.00231
1/mass: 0.1725 pull:-2.03525
1/mass: 0.1775 pull:0.207679
1/mass: 0.1825 pull:-0.384554
1/mass: 0.1875 pull:1.59483
1/mass: 0.1925 pull:0.422092
1/mass: 0.1975 pull:0.620007
1/mass: 0.2025 pull:-0.282788
1/mass: 0.2075 pull:-0.32626
1/mass: 0.2125 pull:0.194243
1/mass: 0.2175 pull:-0.226679
1/mass: 0.2275 pull:0.147154
2
2
2
Fitting bin 27 (Ek: 5.63491-6.775 GeV/n)...
[#1] INFO:Minimization -- p.d.f. provides expected number of events, including extended term in likelihood.
[#1] INFO:Fitting -- RooAbsPdf::fitTo(model) fixing normalization set for coefficient determination to observables in data
[#1] INFO:Fitting -- Creation of NLL object took 252.453 μs
[#1] INFO:Fitting -- RooAddition::defaultErrorLevel(nll_model_data) Summation contains a RooNLLVar, using its error level
[#1] INFO:Minimization -- RooAbsMinimizerFcn::setOptimizeConst: activating const optimization
[#1] INFO:Fitting -- RooAbsPdf::fitTo(model) Calculating sum-of-weights-squared correction matrix for covariance matrix
[#1] INFO:Minimization -- RooAbsMinimizerFcn::setOptimizeConst: deactivating const optimization
Total chi2/ndf: 1.25962
  Fit Result: Chi2/NDF = 40.3079/34 = 1.18553, Status = 0
[#1] INFO:Plotting -- RooAbsPdf::plotOn(model) directly selected PDF components: (pdf7)
[#1] INFO:Plotting -- RooAbsPdf::plotOn(model) indirectly selected PDF components: ()
[#1] INFO:Plotting -- RooAbsPdf::plotOn(model) directly selected PDF components: (pdf9)
[#1] INFO:Plotting -- RooAbsPdf::plotOn(model) indirectly selected PDF components: ()
[#1] INFO:Plotting -- RooAbsPdf::plotOn(model) directly selected PDF components: (pdf10)
[#1] INFO:Plotting -- RooAbsPdf::plotOn(model) indirectly selected PDF components: ()
1/mass: 0.0575 pull:0.827914
1/mass: 0.0625 pull:0.793972
1/mass: 0.0675 pull:2.22505
1/mass: 0.0725 pull:1.12787
1/mass: 0.0775 pull:-2.43964
1/mass: 0.0825 pull:0.0800274
1/mass: 0.0875 pull:-0.0804665
1/mass: 0.0925 pull:-0.677734
1/mass: 0.0975 pull:-0.601434
1/mass: 0.1025 pull:0.92247
1/mass: 0.1075 pull:-0.639065
1/mass: 0.1125 pull:0.165063
1/mass: 0.1175 pull:0.484372
1/mass: 0.1225 pull:0.0427623
1/mass: 0.1275 pull:-0.611109
1/mass: 0.1325 pull:-0.751466
1/mass: 0.1375 pull:1.08758
1/mass: 0.1425 pull:-0.586826
1/mass: 0.1475 pull:0.931304
1/mass: 0.1525 pull:-0.392262
1/mass: 0.1575 pull:1.23599
1/mass: 0.1625 pull:-2.86763
1/mass: 0.1675 pull:0.0284819
1/mass: 0.1725 pull:-1.03253
1/mass: 0.1775 pull:0.835816
1/mass: 0.1825 pull:0.63884
1/mass: 0.1875 pull:1.61123
1/mass: 0.1925 pull:-2.22063
1/mass: 0.1975 pull:-0.00652624
1/mass: 0.2025 pull:-0.18576
1/mass: 0.2075 pull:0.858985
1/mass: 0.2125 pull:0.839758
1/mass: 0.2175 pull:-0.080695
1/mass: 0.2225 pull:0.194384
2
2
2
Fitting bin 29 (Ek: 6.775-8.11658 GeV/n)...
[#1] INFO:Minimization -- p.d.f. provides expected number of events, including extended term in likelihood.
[#1] INFO:Fitting -- RooAbsPdf::fitTo(model) fixing normalization set for coefficient determination to observables in data
[#1] INFO:Fitting -- Creation of NLL object took 169.102 μs
[#1] INFO:Fitting -- RooAddition::defaultErrorLevel(nll_model_data) Summation contains a RooNLLVar, using its error level
[#1] INFO:Minimization -- RooAbsMinimizerFcn::setOptimizeConst: activating const optimization
[#1] INFO:Fitting -- RooAbsPdf::fitTo(model) Calculating sum-of-weights-squared correction matrix for covariance matrix
[#1] INFO:Minimization -- RooAbsMinimizerFcn::setOptimizeConst: deactivating const optimization
Total chi2/ndf: 1.85858
  Fit Result: Chi2/NDF = 59.4746/34 = 1.74925, Status = 0
[#1] INFO:Plotting -- RooAbsPdf::plotOn(model) directly selected PDF components: (pdf7)
[#1] INFO:Plotting -- RooAbsPdf::plotOn(model) indirectly selected PDF components: ()
[#1] INFO:Plotting -- RooAbsPdf::plotOn(model) directly selected PDF components: (pdf9)
[#1] INFO:Plotting -- RooAbsPdf::plotOn(model) indirectly selected PDF components: ()
[#1] INFO:Plotting -- RooAbsPdf::plotOn(model) directly selected PDF components: (pdf10)
[#1] INFO:Plotting -- RooAbsPdf::plotOn(model) indirectly selected PDF components: ()
1/mass: 0.0625 pull:0.776093
1/mass: 0.0675 pull:0.491257
1/mass: 0.0725 pull:1.91927
1/mass: 0.0775 pull:1.15656
1/mass: 0.0825 pull:-3.86431
1/mass: 0.0875 pull:-2.2115
1/mass: 0.0925 pull:-0.619902
1/mass: 0.0975 pull:0.747625
1/mass: 0.1025 pull:-1.64496
1/mass: 0.1075 pull:1.79818
1/mass: 0.1125 pull:0.245599
1/mass: 0.1175 pull:1.66373
1/mass: 0.1225 pull:-0.499475
1/mass: 0.1275 pull:-0.42027
1/mass: 0.1325 pull:-2.33195
1/mass: 0.1375 pull:-0.225733
1/mass: 0.1425 pull:0.758829
1/mass: 0.1475 pull:0.233117
1/mass: 0.1525 pull:0.0889231
1/mass: 0.1575 pull:-0.978
1/mass: 0.1625 pull:-2.07622
1/mass: 0.1675 pull:1.09288
1/mass: 0.1725 pull:-0.47321
1/mass: 0.1775 pull:-0.763507
1/mass: 0.1825 pull:1.61616
1/mass: 0.1875 pull:0.913034
1/mass: 0.1925 pull:1.144
1/mass: 0.1975 pull:1.14964
1/mass: 0.2025 pull:-0.20858
1/mass: 0.2075 pull:0.883848
1/mass: 0.2125 pull:1.79645
1/mass: 0.2175 pull:-0.114181
1/mass: 0.2225 pull:0.174612
1/mass: 0.2275 pull:0.286654
2
2
2
Fitting bin 31 (Ek: 8.11658-9.65954 GeV/n)...
[#1] INFO:Minimization -- p.d.f. provides expected number of events, including extended term in likelihood.
[#1] INFO:Fitting -- RooAbsPdf::fitTo(model) fixing normalization set for coefficient determination to observables in data
[#1] INFO:Fitting -- Creation of NLL object took 181.523 μs
[#1] INFO:Fitting -- RooAddition::defaultErrorLevel(nll_model_data) Summation contains a RooNLLVar, using its error level
[#1] INFO:Minimization -- RooAbsMinimizerFcn::setOptimizeConst: activating const optimization
[#1] INFO:Fitting -- RooAbsPdf::fitTo(model) Calculating sum-of-weights-squared correction matrix for covariance matrix
[#1] INFO:Minimization -- RooAbsMinimizerFcn::setOptimizeConst: deactivating const optimization
Total chi2/ndf: 0.862979
  Fit Result: Chi2/NDF = 29.3413/34 = 0.862979, Status = 0
[#1] INFO:Plotting -- RooAbsPdf::plotOn(model) directly selected PDF components: (pdf7)
[#1] INFO:Plotting -- RooAbsPdf::plotOn(model) indirectly selected PDF components: ()
[#1] INFO:Plotting -- RooAbsPdf::plotOn(model) directly selected PDF components: (pdf9)
[#1] INFO:Plotting -- RooAbsPdf::plotOn(model) indirectly selected PDF components: ()
[#1] INFO:Plotting -- RooAbsPdf::plotOn(model) directly selected PDF components: (pdf10)
[#1] INFO:Plotting -- RooAbsPdf::plotOn(model) indirectly selected PDF components: ()
1/mass: 0.0525 pull:0.380611
1/mass: 0.0575 pull:-0.0639536
1/mass: 0.0625 pull:-0.812179
1/mass: 0.0675 pull:1.00413
1/mass: 0.0725 pull:-0.037344
1/mass: 0.0775 pull:-1.73462
1/mass: 0.0825 pull:0.262027
1/mass: 0.0875 pull:-0.0799977
1/mass: 0.0925 pull:-0.619009
1/mass: 0.0975 pull:0.172311
1/mass: 0.1025 pull:0.755145
1/mass: 0.1075 pull:-0.657394
1/mass: 0.1125 pull:0.691334
1/mass: 0.1175 pull:-0.545852
1/mass: 0.1225 pull:0.0646106
1/mass: 0.1275 pull:0.226673
1/mass: 0.1325 pull:0.0659002
1/mass: 0.1375 pull:0.29989
1/mass: 0.1425 pull:-1.73868
1/mass: 0.1475 pull:0.00837535
1/mass: 0.1525 pull:-0.638355
1/mass: 0.1575 pull:-1.48206
1/mass: 0.1625 pull:1.14934
1/mass: 0.1675 pull:-0.186917
1/mass: 0.1725 pull:-0.0768957
1/mass: 0.1775 pull:0.501759
1/mass: 0.1825 pull:-0.11521
1/mass: 0.1875 pull:-0.0879665
1/mass: 0.1925 pull:-0.860605
1/mass: 0.1975 pull:2.37087
1/mass: 0.2025 pull:0.138355
1/mass: 0.2075 pull:0.291511
1/mass: 0.2125 pull:1.4463
1/mass: 0.2175 pull:0.486446
1/mass: 0.2225 pull:2.28299
1/mass: 0.2275 pull:0.911126
2
2
2
Fitting bin 33 (Ek: 9.65954-11.4536 GeV/n)...
[#1] INFO:Minimization -- p.d.f. provides expected number of events, including extended term in likelihood.
[#1] INFO:Fitting -- RooAbsPdf::fitTo(model) fixing normalization set for coefficient determination to observables in data
[#1] INFO:Fitting -- Creation of NLL object took 178.982 μs
[#1] INFO:Fitting -- RooAddition::defaultErrorLevel(nll_model_data) Summation contains a RooNLLVar, using its error level
[#1] INFO:Minimization -- RooAbsMinimizerFcn::setOptimizeConst: activating const optimization
[#1] INFO:Fitting -- RooAbsPdf::fitTo(model) Calculating sum-of-weights-squared correction matrix for covariance matrix
[#1] INFO:Minimization -- RooAbsMinimizerFcn::setOptimizeConst: deactivating const optimization
Total chi2/ndf: 2.03463
  Fit Result: Chi2/NDF = 59.0043/34 = 1.73542, Status = 0
[#1] INFO:Plotting -- RooAbsPdf::plotOn(model) directly selected PDF components: (pdf7)
[#1] INFO:Plotting -- RooAbsPdf::plotOn(model) indirectly selected PDF components: ()
[#1] INFO:Plotting -- RooAbsPdf::plotOn(model) directly selected PDF components: (pdf9)
[#1] INFO:Plotting -- RooAbsPdf::plotOn(model) indirectly selected PDF components: ()
[#1] INFO:Plotting -- RooAbsPdf::plotOn(model) directly selected PDF components: (pdf10)
[#1] INFO:Plotting -- RooAbsPdf::plotOn(model) indirectly selected PDF components: ()
1/mass: 0.0675 pull:-0.704237
1/mass: 0.0725 pull:-1.91761
1/mass: 0.0775 pull:0.202876
1/mass: 0.0825 pull:1.5691
1/mass: 0.0875 pull:-0.7503
1/mass: 0.0925 pull:0.747131
1/mass: 0.0975 pull:-1.21732
1/mass: 0.1025 pull:0.926614
1/mass: 0.1075 pull:1.80684
1/mass: 0.1125 pull:-1.76243
1/mass: 0.1175 pull:-0.867965
1/mass: 0.1225 pull:-0.193519
1/mass: 0.1275 pull:-1.6717
1/mass: 0.1325 pull:1.11947
1/mass: 0.1375 pull:2.20037
1/mass: 0.1425 pull:0.330481
1/mass: 0.1475 pull:-1.38979
1/mass: 0.1525 pull:0.929112
1/mass: 0.1575 pull:-0.39919
1/mass: 0.1625 pull:-3.00698
1/mass: 0.1675 pull:-0.123879
1/mass: 0.1725 pull:-1.23182
1/mass: 0.1775 pull:1.85919
1/mass: 0.1825 pull:0.505874
1/mass: 0.1875 pull:-3.06826
1/mass: 0.1925 pull:1.51151
1/mass: 0.1975 pull:0.65393
1/mass: 0.2025 pull:1.14526
1/mass: 0.2075 pull:-0.372467
1/mass: 0.2125 pull:1.12767
1/mass: 0.2225 pull:0.784974
2
2
2
Fitting bin 35 (Ek: 11.4536-13.4986 GeV/n)...
[#1] INFO:Minimization -- p.d.f. provides expected number of events, including extended term in likelihood.
[#1] INFO:Fitting -- RooAbsPdf::fitTo(model) fixing normalization set for coefficient determination to observables in data
[#1] INFO:Fitting -- Creation of NLL object took 176.283 μs
[#1] INFO:Fitting -- RooAddition::defaultErrorLevel(nll_model_data) Summation contains a RooNLLVar, using its error level
[#1] INFO:Minimization -- RooAbsMinimizerFcn::setOptimizeConst: activating const optimization
[#1] INFO:Fitting -- RooAbsPdf::fitTo(model) Calculating sum-of-weights-squared correction matrix for covariance matrix
[#1] INFO:Minimization -- RooAbsMinimizerFcn::setOptimizeConst: deactivating const optimization
Total chi2/ndf: 2.49584
  Fit Result: Chi2/NDF = 77.371/34 = 2.27562, Status = 0
[#1] INFO:Plotting -- RooAbsPdf::plotOn(model) directly selected PDF components: (pdf7)
[#1] INFO:Plotting -- RooAbsPdf::plotOn(model) indirectly selected PDF components: ()
[#1] INFO:Plotting -- RooAbsPdf::plotOn(model) directly selected PDF components: (pdf9)
[#1] INFO:Plotting -- RooAbsPdf::plotOn(model) indirectly selected PDF components: ()
[#1] INFO:Plotting -- RooAbsPdf::plotOn(model) directly selected PDF components: (pdf10)
[#1] INFO:Plotting -- RooAbsPdf::plotOn(model) indirectly selected PDF components: ()
1/mass: 0.0575 pull:0.938177
1/mass: 0.0625 pull:-2.63963
1/mass: 0.0675 pull:0.252591
1/mass: 0.0725 pull:-1.05821
1/mass: 0.0775 pull:-1.51858
1/mass: 0.0825 pull:-0.502261
1/mass: 0.0875 pull:-0.622613
1/mass: 0.0925 pull:2.04036
1/mass: 0.0975 pull:-2.20487
1/mass: 0.1025 pull:0.973256
1/mass: 0.1075 pull:-0.65684
1/mass: 0.1125 pull:0.314738
1/mass: 0.1175 pull:1.92161
1/mass: 0.1225 pull:-0.257619
1/mass: 0.1275 pull:0.0415941
1/mass: 0.1325 pull:0.16738
1/mass: 0.1375 pull:-2.57421
1/mass: 0.1425 pull:-0.605201
1/mass: 0.1475 pull:0.130283
1/mass: 0.1525 pull:1.17907
1/mass: 0.1575 pull:0.265691
1/mass: 0.1625 pull:-0.843723
1/mass: 0.1675 pull:-1.51125
1/mass: 0.1725 pull:-4.11663
1/mass: 0.1775 pull:1.14069
1/mass: 0.1825 pull:1.81042
1/mass: 0.1875 pull:1.51026
1/mass: 0.1925 pull:-2.97011
1/mass: 0.1975 pull:1.22942
1/mass: 0.2025 pull:1.39001
1/mass: 0.2075 pull:1.65249
1/mass: 0.2125 pull:0.386783
1/mass: 0.2275 pull:0.827396
2
2
2
Fitting bin 37 (Ek: 13.4986-15.8444 GeV/n)...
[#1] INFO:Minimization -- p.d.f. provides expected number of events, including extended term in likelihood.
[#1] INFO:Fitting -- RooAbsPdf::fitTo(model) fixing normalization set for coefficient determination to observables in data
[#1] INFO:Fitting -- Creation of NLL object took 185.892 μs
[#1] INFO:Fitting -- RooAddition::defaultErrorLevel(nll_model_data) Summation contains a RooNLLVar, using its error level
[#1] INFO:Minimization -- RooAbsMinimizerFcn::setOptimizeConst: activating const optimization
[#1] INFO:Fitting -- RooAbsPdf::fitTo(model) Calculating sum-of-weights-squared correction matrix for covariance matrix
[#1] INFO:Minimization -- RooAbsMinimizerFcn::setOptimizeConst: deactivating const optimization
Total chi2/ndf: 1.1507
  Fit Result: Chi2/NDF = 39.1238/34 = 1.1507, Status = 0
[#1] INFO:Plotting -- RooAbsPdf::plotOn(model) directly selected PDF components: (pdf7)
[#1] INFO:Plotting -- RooAbsPdf::plotOn(model) indirectly selected PDF components: ()
[#1] INFO:Plotting -- RooAbsPdf::plotOn(model) directly selected PDF components: (pdf9)
[#1] INFO:Plotting -- RooAbsPdf::plotOn(model) indirectly selected PDF components: ()
[#1] INFO:Plotting -- RooAbsPdf::plotOn(model) directly selected PDF components: (pdf10)
[#1] INFO:Plotting -- RooAbsPdf::plotOn(model) indirectly selected PDF components: ()
1/mass: 0.0525 pull:0.331511
1/mass: 0.0575 pull:0.961547
1/mass: 0.0625 pull:-0.238118
1/mass: 0.0675 pull:1.27311
1/mass: 0.0725 pull:0.0798723
1/mass: 0.0775 pull:-0.441551
1/mass: 0.0825 pull:-0.574157
1/mass: 0.0875 pull:0.635374
1/mass: 0.0925 pull:-1.42538
1/mass: 0.0975 pull:-1.63039
1/mass: 0.1025 pull:0.169796
1/mass: 0.1075 pull:0.237392
1/mass: 0.1125 pull:-0.853033
1/mass: 0.1175 pull:1.4644
1/mass: 0.1225 pull:1.92061
1/mass: 0.1275 pull:-0.465269
1/mass: 0.1325 pull:-0.0160483
1/mass: 0.1375 pull:0.0592227
1/mass: 0.1425 pull:-0.219972
1/mass: 0.1475 pull:-1.39193
1/mass: 0.1525 pull:-2.86827
1/mass: 0.1575 pull:-0.135587
1/mass: 0.1625 pull:-0.273884
1/mass: 0.1675 pull:0.271707
1/mass: 0.1725 pull:-1.21344
1/mass: 0.1775 pull:-1.08325
1/mass: 0.1825 pull:0.131882
1/mass: 0.1875 pull:2.10378
1/mass: 0.1925 pull:0.21299
1/mass: 0.1975 pull:1.65178
1/mass: 0.2025 pull:1.26752
1/mass: 0.2075 pull:0.128356
1/mass: 0.2125 pull:0.644809
1/mass: 0.2175 pull:-0.969971
1/mass: 0.2225 pull:0.431807
1/mass: 0.2275 pull:0.71546
2
2
2
Fitting bin 39 (Ek: 15.8444-18.5408 GeV/n)...
[#1] INFO:Minimization -- p.d.f. provides expected number of events, including extended term in likelihood.
[#1] INFO:Fitting -- RooAbsPdf::fitTo(model) fixing normalization set for coefficient determination to observables in data
[#1] INFO:Fitting -- Creation of NLL object took 169.622 μs
[#1] INFO:Fitting -- RooAddition::defaultErrorLevel(nll_model_data) Summation contains a RooNLLVar, using its error level
[#1] INFO:Minimization -- RooAbsMinimizerFcn::setOptimizeConst: activating const optimization
[#1] INFO:Fitting -- RooAbsPdf::fitTo(model) Calculating sum-of-weights-squared correction matrix for covariance matrix
[#1] INFO:Minimization -- RooAbsMinimizerFcn::setOptimizeConst: deactivating const optimization
Total chi2/ndf: 1.61597
  Fit Result: Chi2/NDF = 53.327/34 = 1.56844, Status = 0
[#1] INFO:Plotting -- RooAbsPdf::plotOn(model) directly selected PDF components: (pdf7)
[#1] INFO:Plotting -- RooAbsPdf::plotOn(model) indirectly selected PDF components: ()
[#1] INFO:Plotting -- RooAbsPdf::plotOn(model) directly selected PDF components: (pdf9)
[#1] INFO:Plotting -- RooAbsPdf::plotOn(model) indirectly selected PDF components: ()
[#1] INFO:Plotting -- RooAbsPdf::plotOn(model) directly selected PDF components: (pdf10)
[#1] INFO:Plotting -- RooAbsPdf::plotOn(model) indirectly selected PDF components: ()
1/mass: 0.0525 pull:-0.737139
1/mass: 0.0575 pull:-1.62098
1/mass: 0.0625 pull:-2.86838
1/mass: 0.0675 pull:0.343416
1/mass: 0.0725 pull:2.14391
1/mass: 0.0775 pull:-1.56245
1/mass: 0.0825 pull:-0.903786
1/mass: 0.0875 pull:1.40058
1/mass: 0.0925 pull:-0.169761
1/mass: 0.0975 pull:0.0391438
1/mass: 0.1025 pull:0.610353
1/mass: 0.1075 pull:-1.48638
1/mass: 0.1125 pull:1.05311
1/mass: 0.1175 pull:-3.1065
1/mass: 0.1225 pull:0.655491
1/mass: 0.1275 pull:1.24897
1/mass: 0.1325 pull:1.28924
1/mass: 0.1375 pull:-0.406971
1/mass: 0.1425 pull:-0.356385
1/mass: 0.1475 pull:-0.335295
1/mass: 0.1525 pull:-1.18092
1/mass: 0.1575 pull:-0.0543715
1/mass: 0.1625 pull:0.038315
1/mass: 0.1675 pull:-0.598618
1/mass: 0.1725 pull:-0.980434
1/mass: 0.1775 pull:1.91881
1/mass: 0.1825 pull:-1.16443
1/mass: 0.1875 pull:-0.0849797
1/mass: 0.1925 pull:-1.22504
1/mass: 0.1975 pull:-0.435205
1/mass: 0.2025 pull:0.834943
1/mass: 0.2075 pull:1.73819
1/mass: 0.2125 pull:0.265828
1/mass: 0.2175 pull:0.706053
1/mass: 0.2225 pull:-0.908173
2
2
2
Fitting bin 41 (Ek: 18.5408-21.6377 GeV/n)...
[#1] INFO:Minimization -- p.d.f. provides expected number of events, including extended term in likelihood.
[#1] INFO:Fitting -- RooAbsPdf::fitTo(model) fixing normalization set for coefficient determination to observables in data
[#1] INFO:Fitting -- Creation of NLL object took 136.701 μs
[#1] INFO:Fitting -- RooAddition::defaultErrorLevel(nll_model_data) Summation contains a RooNLLVar, using its error level
[#1] INFO:Minimization -- RooAbsMinimizerFcn::setOptimizeConst: activating const optimization
[#1] INFO:Fitting -- RooAbsPdf::fitTo(model) Calculating sum-of-weights-squared correction matrix for covariance matrix
[#1] INFO:Minimization -- RooAbsMinimizerFcn::setOptimizeConst: deactivating const optimization
Total chi2/ndf: 1.44912
  Fit Result: Chi2/NDF = 49.2702/34 = 1.44912, Status = 0
[#1] INFO:Plotting -- RooAbsPdf::plotOn(model) directly selected PDF components: (pdf7)
[#1] INFO:Plotting -- RooAbsPdf::plotOn(model) indirectly selected PDF components: ()
[#1] INFO:Plotting -- RooAbsPdf::plotOn(model) directly selected PDF components: (pdf9)
[#1] INFO:Plotting -- RooAbsPdf::plotOn(model) indirectly selected PDF components: ()
[#1] INFO:Plotting -- RooAbsPdf::plotOn(model) directly selected PDF components: (pdf10)
[#1] INFO:Plotting -- RooAbsPdf::plotOn(model) indirectly selected PDF components: ()
1/mass: 0.0525 pull:0.527366
1/mass: 0.0575 pull:1.52599
1/mass: 0.0625 pull:0.819173
1/mass: 0.0675 pull:-2.59629
1/mass: 0.0725 pull:0.200154
1/mass: 0.0775 pull:-2.02005
1/mass: 0.0825 pull:-1.6393
1/mass: 0.0875 pull:-0.316967
1/mass: 0.0925 pull:0.151324
1/mass: 0.0975 pull:0.717005
1/mass: 0.1025 pull:-0.989151
1/mass: 0.1075 pull:0.189014
1/mass: 0.1125 pull:-0.491971
1/mass: 0.1175 pull:2.11691
1/mass: 0.1225 pull:0.458258
1/mass: 0.1275 pull:0.419968
1/mass: 0.1325 pull:-0.293533
1/mass: 0.1375 pull:-0.0189976
1/mass: 0.1425 pull:-1.32054
1/mass: 0.1475 pull:-1.59641
1/mass: 0.1525 pull:0.662601
1/mass: 0.1575 pull:0.068916
1/mass: 0.1625 pull:0.0311635
1/mass: 0.1675 pull:-1.79921
1/mass: 0.1725 pull:0.50008
1/mass: 0.1775 pull:0.245649
1/mass: 0.1825 pull:1.51936
1/mass: 0.1875 pull:0.285706
1/mass: 0.1925 pull:-3.14234
1/mass: 0.1975 pull:-0.884957
1/mass: 0.2025 pull:0.0869283
1/mass: 0.2075 pull:-1.10339
1/mass: 0.2125 pull:0.367185
1/mass: 0.2175 pull:-0.243112
1/mass: 0.2225 pull:1.61284
1/mass: 0.2275 pull:0.493454

[SUCCESS] Fitting process completed. Results saved to:
/eos/user/z/zixuan/Isotope/MassTempFit/wide_MassTF_Be_L1Inner_H2_UseMass7_FragFromBoron.pdf
/eos/user/z/zixuan/Isotope/MassTempFit/wide_MassTF_Be_L1Inner_H2_UseMass7_FragFromBoron.root
====================================================================
Starting SIGNAL Mass Template Fit for: B (UseMass: 10)
Chain: L1Inner
Templates: Pure (H2)
====================================================================
[INFO] Data file loaded: root://eoshome-z.cern.ch//eos/user/z/zixuan/Isotope/Add/B_frag5.root
[INFO] Output ROOT file: /eos/user/z/zixuan/Isotope/MassTempFit/wide_MassTF_B_L1Inner_H2_UseMass10.root

--- Processing Detector: TOF ---
2
2
Fitting bin 5 (Ek: 0.267548-0.406144 GeV/n)...
[#1] INFO:Minimization -- p.d.f. provides expected number of events, including extended term in likelihood.
[#1] INFO:Fitting -- RooAbsPdf::fitTo(model) fixing normalization set for coefficient determination to observables in data
[#1] INFO:Fitting -- Creation of NLL object took 219.012 μs
[#1] INFO:Fitting -- RooAddition::defaultErrorLevel(nll_model_data) Summation contains a RooNLLVar, using its error level
[#1] INFO:Minimization -- RooAbsMinimizerFcn::setOptimizeConst: activating const optimization
[#1] INFO:Fitting -- RooAbsPdf::fitTo(model) Calculating sum-of-weights-squared correction matrix for covariance matrix
[#1] INFO:Minimization -- RooAbsMinimizerFcn::setOptimizeConst: deactivating const optimization
Total chi2/ndf: 7.06771
  Fit Result: Chi2/NDF = 268.573/39 = 6.88649, Status = 0
[#1] INFO:Plotting -- RooAbsPdf::plotOn(model) directly selected PDF components: (pdf10)
[#1] INFO:Plotting -- RooAbsPdf::plotOn(model) indirectly selected PDF components: ()
[#1] INFO:Plotting -- RooAbsPdf::plotOn(model) directly selected PDF components: (pdf11)
[#1] INFO:Plotting -- RooAbsPdf::plotOn(model) indirectly selected PDF components: ()
1/mass: 0.05125 pull:1.24941
1/mass: 0.05375 pull:0.0290883
1/mass: 0.05625 pull:1.52471
1/mass: 0.05875 pull:0.0690129
1/mass: 0.06125 pull:2.22241
1/mass: 0.06375 pull:2.86711
1/mass: 0.06625 pull:3.47144
1/mass: 0.06875 pull:3.37226
1/mass: 0.07125 pull:3.04594
1/mass: 0.07375 pull:4.74118
1/mass: 0.07625 pull:3.87264
1/mass: 0.07875 pull:2.41533
1/mass: 0.08125 pull:2.56555
1/mass: 0.08375 pull:1.2422
1/mass: 0.08625 pull:-1.19282
1/mass: 0.08875 pull:2.24642
1/mass: 0.09125 pull:0.862033
1/mass: 0.09375 pull:-2.27425
1/mass: 0.09625 pull:0.0653755
1/mass: 0.09875 pull:-2.75317
1/mass: 0.10125 pull:-1.97447
1/mass: 0.10375 pull:-4.60387
1/mass: 0.10625 pull:-4.18542
1/mass: 0.10875 pull:-1.6521
1/mass: 0.11125 pull:-4.32431
1/mass: 0.11375 pull:-1.67529
1/mass: 0.11625 pull:0.132061
1/mass: 0.11875 pull:0.169965
1/mass: 0.12125 pull:1.25549
1/mass: 0.12375 pull:0.316613
1/mass: 0.12625 pull:0.948079
1/mass: 0.12875 pull:3.34816
1/mass: 0.13125 pull:3.90728
1/mass: 0.13375 pull:2.95715
1/mass: 0.13625 pull:1.37589
1/mass: 0.13875 pull:1.91515
1/mass: 0.14125 pull:2.30199
1/mass: 0.14375 pull:2.52428
1/mass: 0.14625 pull:2.70748
1/mass: 0.14875 pull:4.26193
2
2
Fitting bin 7 (Ek: 0.406144-0.587609 GeV/n)...
[#1] INFO:Minimization -- p.d.f. provides expected number of events, including extended term in likelihood.
[#1] INFO:Fitting -- RooAbsPdf::fitTo(model) fixing normalization set for coefficient determination to observables in data
[#1] INFO:Fitting -- Creation of NLL object took 189.841 μs
[#1] INFO:Fitting -- RooAddition::defaultErrorLevel(nll_model_data) Summation contains a RooNLLVar, using its error level
[#1] INFO:Minimization -- RooAbsMinimizerFcn::setOptimizeConst: activating const optimization
[#1] INFO:Fitting -- RooAbsPdf::fitTo(model) Calculating sum-of-weights-squared correction matrix for covariance matrix
[#1] INFO:Minimization -- RooAbsMinimizerFcn::setOptimizeConst: deactivating const optimization
Total chi2/ndf: 17.2632
  Fit Result: Chi2/NDF = 656.001/39 = 16.8205, Status = 0
[#1] INFO:Plotting -- RooAbsPdf::plotOn(model) directly selected PDF components: (pdf10)
[#1] INFO:Plotting -- RooAbsPdf::plotOn(model) indirectly selected PDF components: ()
[#1] INFO:Plotting -- RooAbsPdf::plotOn(model) directly selected PDF components: (pdf11)
[#1] INFO:Plotting -- RooAbsPdf::plotOn(model) indirectly selected PDF components: ()
1/mass: 0.05125 pull:3.11185
1/mass: 0.05375 pull:4.30296
1/mass: 0.05625 pull:2.28124
1/mass: 0.05875 pull:5.77108
1/mass: 0.06125 pull:7.18685
1/mass: 0.06375 pull:4.42048
1/mass: 0.06625 pull:7.3875
1/mass: 0.06875 pull:6.22725
1/mass: 0.07125 pull:6.0031
1/mass: 0.07375 pull:3.5473
1/mass: 0.07625 pull:5.51374
1/mass: 0.07875 pull:4.18124
1/mass: 0.08125 pull:5.19255
1/mass: 0.08375 pull:3.53033
1/mass: 0.08625 pull:2.11589
1/mass: 0.08875 pull:-1.00065
1/mass: 0.09125 pull:-0.991311
1/mass: 0.09375 pull:-0.858575
1/mass: 0.09625 pull:-4.33328
1/mass: 0.09875 pull:-4.38934
1/mass: 0.10125 pull:-4.88422
1/mass: 0.10375 pull:-4.82447
1/mass: 0.10625 pull:-4.96804
1/mass: 0.10875 pull:-4.55151
1/mass: 0.11125 pull:-1.44697
1/mass: 0.11375 pull:0.100053
1/mass: 0.11625 pull:1.80003
1/mass: 0.11875 pull:-1.74885
1/mass: 0.12125 pull:0.935256
1/mass: 0.12375 pull:2.87811
1/mass: 0.12625 pull:3.92834
1/mass: 0.12875 pull:0.534369
1/mass: 0.13125 pull:3.58696
1/mass: 0.13375 pull:3.64574
1/mass: 0.13625 pull:5.69253
1/mass: 0.13875 pull:3.82264
1/mass: 0.14125 pull:1.60976
1/mass: 0.14375 pull:3.03215
1/mass: 0.14625 pull:4.67824
1/mass: 0.14875 pull:3.30478
2
2
Fitting bin 9 (Ek: 0.587609-0.821474 GeV/n)...
[#1] INFO:Minimization -- p.d.f. provides expected number of events, including extended term in likelihood.
[#1] INFO:Fitting -- RooAbsPdf::fitTo(model) fixing normalization set for coefficient determination to observables in data
[#1] INFO:Fitting -- Creation of NLL object took 170.742 μs
[#1] INFO:Fitting -- RooAddition::defaultErrorLevel(nll_model_data) Summation contains a RooNLLVar, using its error level
[#1] INFO:Minimization -- RooAbsMinimizerFcn::setOptimizeConst: activating const optimization
[#1] INFO:Fitting -- RooAbsPdf::fitTo(model) Calculating sum-of-weights-squared correction matrix for covariance matrix
[#1] INFO:Minimization -- RooAbsMinimizerFcn::setOptimizeConst: deactivating const optimization
Total chi2/ndf: 30.3006
  Fit Result: Chi2/NDF = 1151.42/39 = 29.5237, Status = 0
[#1] INFO:Plotting -- RooAbsPdf::plotOn(model) directly selected PDF components: (pdf10)
[#1] INFO:Plotting -- RooAbsPdf::plotOn(model) indirectly selected PDF components: ()
[#1] INFO:Plotting -- RooAbsPdf::plotOn(model) directly selected PDF components: (pdf11)
[#1] INFO:Plotting -- RooAbsPdf::plotOn(model) indirectly selected PDF components: ()
1/mass: 0.05125 pull:2.5136
1/mass: 0.05375 pull:2.9923
1/mass: 0.05625 pull:5.04571
1/mass: 0.05875 pull:4.19994
1/mass: 0.06125 pull:4.67083
1/mass: 0.06375 pull:7.20024
1/mass: 0.06625 pull:7.47912
1/mass: 0.07375 pull:8.68177
1/mass: 0.07625 pull:8.05071
1/mass: 0.07875 pull:9.75067
1/mass: 0.08125 pull:7.9458
1/mass: 0.08375 pull:4.20437
1/mass: 0.08625 pull:2.18576
1/mass: 0.08875 pull:-0.159311
1/mass: 0.09125 pull:-1.45265
1/mass: 0.09375 pull:-4.41967
1/mass: 0.09625 pull:-6.74109
1/mass: 0.09875 pull:-4.92367
1/mass: 0.10125 pull:-6.87291
1/mass: 0.10375 pull:-7.8175
1/mass: 0.10625 pull:-6.8955
1/mass: 0.10875 pull:-4.13293
1/mass: 0.11125 pull:-1.24413
1/mass: 0.11375 pull:1.58032
1/mass: 0.11625 pull:-0.350704
1/mass: 0.11875 pull:1.15931
1/mass: 0.12125 pull:2.37895
1/mass: 0.12375 pull:3.91895
1/mass: 0.12625 pull:3.75072
1/mass: 0.12875 pull:6.97291
1/mass: 0.13125 pull:4.04972
1/mass: 0.13375 pull:4.03669
1/mass: 0.13625 pull:4.20189
1/mass: 0.13875 pull:2.08086
1/mass: 0.14125 pull:3.65666
1/mass: 0.14375 pull:2.37685
1/mass: 0.14625 pull:1.25328
1/mass: 0.14875 pull:1.8249
2
2
Fitting bin 11 (Ek: 0.821474-1.11303 GeV/n)...
[#1] INFO:Minimization -- p.d.f. provides expected number of events, including extended term in likelihood.
[#1] INFO:Fitting -- RooAbsPdf::fitTo(model) fixing normalization set for coefficient determination to observables in data
[#1] INFO:Fitting -- Creation of NLL object took 161.092 μs
[#1] INFO:Fitting -- RooAddition::defaultErrorLevel(nll_model_data) Summation contains a RooNLLVar, using its error level
[#1] INFO:Minimization -- RooAbsMinimizerFcn::setOptimizeConst: activating const optimization
[#1] INFO:Fitting -- RooAbsPdf::fitTo(model) Calculating sum-of-weights-squared correction matrix for covariance matrix
[#1] INFO:Minimization -- RooAbsMinimizerFcn::setOptimizeConst: deactivating const optimization
Total chi2/ndf: 54.4253
  Fit Result: Chi2/NDF = 2068.16/39 = 53.0297, Status = 0
[#1] INFO:Plotting -- RooAbsPdf::plotOn(model) directly selected PDF components: (pdf10)
[#1] INFO:Plotting -- RooAbsPdf::plotOn(model) indirectly selected PDF components: ()
[#1] INFO:Plotting -- RooAbsPdf::plotOn(model) directly selected PDF components: (pdf11)
[#1] INFO:Plotting -- RooAbsPdf::plotOn(model) indirectly selected PDF components: ()
1/mass: 0.05125 pull:5.3684
1/mass: 0.05375 pull:7.27277
1/mass: 0.05625 pull:9.27323
1/mass: 0.05875 pull:7.50237
1/mass: 0.08125 pull:6.64057
1/mass: 0.08375 pull:3.19932
1/mass: 0.08625 pull:0.0579539
1/mass: 0.08875 pull:-1.10847
1/mass: 0.09125 pull:-4.25777
1/mass: 0.09375 pull:-5.07704
1/mass: 0.09625 pull:-6.45828
1/mass: 0.09875 pull:-7.72436
1/mass: 0.10125 pull:-9.05472
1/mass: 0.10375 pull:-7.51153
1/mass: 0.10625 pull:-8.69494
1/mass: 0.10875 pull:-2.93318
1/mass: 0.11125 pull:-1.98855
1/mass: 0.11375 pull:1.04095
1/mass: 0.11625 pull:-0.542057
1/mass: 0.11875 pull:3.07908
1/mass: 0.12125 pull:2.70041
1/mass: 0.12375 pull:3.88572
1/mass: 0.12625 pull:2.79141
1/mass: 0.12875 pull:6.39197
1/mass: 0.13125 pull:4.62591
1/mass: 0.13375 pull:6.05121
1/mass: 0.13625 pull:4.24172
1/mass: 0.13875 pull:4.94622
1/mass: 0.14125 pull:6.31763
1/mass: 0.14375 pull:3.4035
1/mass: 0.14625 pull:2.37633
1/mass: 0.14875 pull:1.65831
2
2
Fitting bin 13 (Ek: 1.11303-1.4714 GeV/n)...
[#1] INFO:Minimization -- p.d.f. provides expected number of events, including extended term in likelihood.
[#1] INFO:Fitting -- RooAbsPdf::fitTo(model) fixing normalization set for coefficient determination to observables in data
[#1] INFO:Fitting -- Creation of NLL object took 133.931 μs
[#1] INFO:Fitting -- RooAddition::defaultErrorLevel(nll_model_data) Summation contains a RooNLLVar, using its error level
[#1] INFO:Minimization -- RooAbsMinimizerFcn::setOptimizeConst: activating const optimization
[#1] INFO:Fitting -- RooAbsPdf::fitTo(model) Calculating sum-of-weights-squared correction matrix for covariance matrix
[#1] INFO:Minimization -- RooAbsMinimizerFcn::setOptimizeConst: deactivating const optimization
Total chi2/ndf: 77.6654
  Fit Result: Chi2/NDF = 2951.28/39 = 75.6739, Status = 0
[#1] INFO:Plotting -- RooAbsPdf::plotOn(model) directly selected PDF components: (pdf10)
[#1] INFO:Plotting -- RooAbsPdf::plotOn(model) indirectly selected PDF components: ()
[#1] INFO:Plotting -- RooAbsPdf::plotOn(model) directly selected PDF components: (pdf11)
[#1] INFO:Plotting -- RooAbsPdf::plotOn(model) indirectly selected PDF components: ()
1/mass: 0.07875 pull:9.20857
1/mass: 0.08125 pull:4.63556
1/mass: 0.08375 pull:3.18992
1/mass: 0.08625 pull:-1.80572
1/mass: 0.08875 pull:-4.63299
1/mass: 0.09125 pull:-5.74946
1/mass: 0.09375 pull:-6.016
1/mass: 0.09625 pull:-7.64021
1/mass: 0.09875 pull:-7.83145
1/mass: 0.10125 pull:-9.31645
1/mass: 0.10375 pull:-9.21954
1/mass: 0.10625 pull:-5.95039
1/mass: 0.10875 pull:-2.49269
1/mass: 0.11125 pull:-3.70362
1/mass: 0.11375 pull:-0.764745
1/mass: 0.11625 pull:-1.14052
1/mass: 0.11875 pull:2.65835
1/mass: 0.12125 pull:3.1218
1/mass: 0.12375 pull:2.20354
1/mass: 0.12625 pull:4.15217
1/mass: 0.12875 pull:4.90706
1/mass: 0.13125 pull:5.82362
1/mass: 0.13375 pull:4.98808
1/mass: 0.13625 pull:5.46569
1/mass: 0.13875 pull:5.89932
1/mass: 0.14125 pull:2.17995
1/mass: 0.14375 pull:4.43613
1/mass: 0.14625 pull:5.6115
1/mass: 0.14875 pull:3.32433

--- Processing Detector: NaF ---
2
2
Fitting bin 11 (Ek: 0.821474-1.11303 GeV/n)...
[#1] INFO:Minimization -- p.d.f. provides expected number of events, including extended term in likelihood.
[#1] INFO:Fitting -- RooAbsPdf::fitTo(model) fixing normalization set for coefficient determination to observables in data
[#1] INFO:Fitting -- Creation of NLL object took 202.642 μs
[#1] INFO:Fitting -- RooAddition::defaultErrorLevel(nll_model_data) Summation contains a RooNLLVar, using its error level
[#1] INFO:Minimization -- RooAbsMinimizerFcn::setOptimizeConst: activating const optimization
[#1] INFO:Fitting -- RooAbsPdf::fitTo(model) Calculating sum-of-weights-squared correction matrix for covariance matrix
[#1] INFO:Minimization -- RooAbsMinimizerFcn::setOptimizeConst: deactivating const optimization
Total chi2/ndf: 2.83443
  Fit Result: Chi2/NDF = 107.708/39 = 2.76175, Status = 0
[#1] INFO:Plotting -- RooAbsPdf::plotOn(model) directly selected PDF components: (pdf10)
[#1] INFO:Plotting -- RooAbsPdf::plotOn(model) indirectly selected PDF components: ()
[#1] INFO:Plotting -- RooAbsPdf::plotOn(model) directly selected PDF components: (pdf11)
[#1] INFO:Plotting -- RooAbsPdf::plotOn(model) indirectly selected PDF components: ()
1/mass: 0.05125 pull:0.567324
1/mass: 0.05375 pull:1.34185
1/mass: 0.05625 pull:0.536308
1/mass: 0.05875 pull:1.32513
1/mass: 0.06125 pull:3.40636
1/mass: 0.06375 pull:-0.334732
1/mass: 0.06625 pull:2.30347
1/mass: 0.06875 pull:1.83627
1/mass: 0.07125 pull:1.7011
1/mass: 0.07375 pull:0.551863
1/mass: 0.07625 pull:0.366684
1/mass: 0.07875 pull:2.34643
1/mass: 0.08125 pull:0.954167
1/mass: 0.08375 pull:2.48107
1/mass: 0.08625 pull:2.0645
1/mass: 0.08875 pull:0.0840623
1/mass: 0.09125 pull:-0.860328
1/mass: 0.09375 pull:-1.51405
1/mass: 0.09625 pull:-0.44268
1/mass: 0.09875 pull:-0.508854
1/mass: 0.10125 pull:-2.64155
1/mass: 0.10375 pull:-3.05152
1/mass: 0.10625 pull:-1.7063
1/mass: 0.10875 pull:-0.517711
1/mass: 0.11125 pull:-2.00801
1/mass: 0.11375 pull:0.528716
1/mass: 0.11625 pull:1.8095
1/mass: 0.11875 pull:2.3987
1/mass: 0.12125 pull:0.74661
1/mass: 0.12375 pull:1.02236
1/mass: 0.12625 pull:0.870766
1/mass: 0.12875 pull:1.56004
1/mass: 0.13125 pull:-0.168141
1/mass: 0.13375 pull:-0.708413
1/mass: 0.13625 pull:2.83324
1/mass: 0.13875 pull:1.54077
1/mass: 0.14125 pull:2.1293
1/mass: 0.14375 pull:0.0919077
1/mass: 0.14625 pull:-2.00691
1/mass: 0.14875 pull:-1.54369
2
2
Fitting bin 13 (Ek: 1.11303-1.4714 GeV/n)...
[#1] INFO:Minimization -- p.d.f. provides expected number of events, including extended term in likelihood.
[#1] INFO:Fitting -- RooAbsPdf::fitTo(model) fixing normalization set for coefficient determination to observables in data
[#1] INFO:Fitting -- Creation of NLL object took 170.091 μs
[#1] INFO:Fitting -- RooAddition::defaultErrorLevel(nll_model_data) Summation contains a RooNLLVar, using its error level
[#1] INFO:Minimization -- RooAbsMinimizerFcn::setOptimizeConst: activating const optimization
[#1] INFO:Fitting -- RooAbsPdf::fitTo(model) Calculating sum-of-weights-squared correction matrix for covariance matrix
[#1] INFO:Minimization -- RooAbsMinimizerFcn::setOptimizeConst: deactivating const optimization
Total chi2/ndf: 2.81628
  Fit Result: Chi2/NDF = 107.019/39 = 2.74407, Status = 0
[#1] INFO:Plotting -- RooAbsPdf::plotOn(model) directly selected PDF components: (pdf10)
[#1] INFO:Plotting -- RooAbsPdf::plotOn(model) indirectly selected PDF components: ()
[#1] INFO:Plotting -- RooAbsPdf::plotOn(model) directly selected PDF components: (pdf11)
[#1] INFO:Plotting -- RooAbsPdf::plotOn(model) indirectly selected PDF components: ()
1/mass: 0.05125 pull:1.43102
1/mass: 0.05375 pull:2.12839
1/mass: 0.05625 pull:3.68836
1/mass: 0.05875 pull:1.36214
1/mass: 0.06125 pull:1.1727
1/mass: 0.06375 pull:1.99008
1/mass: 0.06625 pull:3.88783
1/mass: 0.06875 pull:1.29597
1/mass: 0.07125 pull:0.292368
1/mass: 0.07375 pull:1.48922
1/mass: 0.07625 pull:0.959817
1/mass: 0.07875 pull:0.782428
1/mass: 0.08125 pull:-0.899714
1/mass: 0.08375 pull:0.86443
1/mass: 0.08625 pull:1.29954
1/mass: 0.08875 pull:-1.40063
1/mass: 0.09125 pull:-0.348332
1/mass: 0.09375 pull:-1.443
1/mass: 0.09625 pull:0.44632
1/mass: 0.09875 pull:-0.391122
1/mass: 0.10125 pull:0.924031
1/mass: 0.10375 pull:-0.470265
1/mass: 0.10625 pull:-1.20381
1/mass: 0.10875 pull:-2.93078
1/mass: 0.11125 pull:-2.2873
1/mass: 0.11375 pull:-0.575979
1/mass: 0.11625 pull:1.71036
1/mass: 0.11875 pull:1.44422
1/mass: 0.12125 pull:-1.16191
1/mass: 0.12375 pull:-0.425687
1/mass: 0.12625 pull:1.44552
1/mass: 0.12875 pull:1.54918
1/mass: 0.13125 pull:2.50767
1/mass: 0.13375 pull:2.23578
1/mass: 0.13625 pull:1.76865
1/mass: 0.13875 pull:1.75014
1/mass: 0.14125 pull:0.793693
1/mass: 0.14375 pull:1.6923
1/mass: 0.14625 pull:-1.56572
1/mass: 0.14875 pull:-0.344398
2
2
Fitting bin 15 (Ek: 1.4714-1.91049 GeV/n)...
[#1] INFO:Minimization -- p.d.f. provides expected number of events, including extended term in likelihood.
[#1] INFO:Fitting -- RooAbsPdf::fitTo(model) fixing normalization set for coefficient determination to observables in data
[#1] INFO:Fitting -- Creation of NLL object took 134.941 μs
[#1] INFO:Fitting -- RooAddition::defaultErrorLevel(nll_model_data) Summation contains a RooNLLVar, using its error level
[#1] INFO:Minimization -- RooAbsMinimizerFcn::setOptimizeConst: activating const optimization
[#1] INFO:Fitting -- RooAbsPdf::fitTo(model) Calculating sum-of-weights-squared correction matrix for covariance matrix
[#1] INFO:Minimization -- RooAbsMinimizerFcn::setOptimizeConst: deactivating const optimization
Total chi2/ndf: 2.85047
  Fit Result: Chi2/NDF = 108.318/39 = 2.77738, Status = 0
[#1] INFO:Plotting -- RooAbsPdf::plotOn(model) directly selected PDF components: (pdf10)
[#1] INFO:Plotting -- RooAbsPdf::plotOn(model) indirectly selected PDF components: ()
[#1] INFO:Plotting -- RooAbsPdf::plotOn(model) directly selected PDF components: (pdf11)
[#1] INFO:Plotting -- RooAbsPdf::plotOn(model) indirectly selected PDF components: ()
1/mass: 0.05125 pull:2.87103
1/mass: 0.05375 pull:-0.468126
1/mass: 0.05625 pull:-2.89916
1/mass: 0.05875 pull:-1.81584
1/mass: 0.06125 pull:1.84012
1/mass: 0.06375 pull:2.0867
1/mass: 0.06625 pull:1.39174
1/mass: 0.06875 pull:3.56518
1/mass: 0.07125 pull:1.60178
1/mass: 0.07375 pull:0.138974
1/mass: 0.07625 pull:0.0161216
1/mass: 0.07875 pull:-0.355003
1/mass: 0.08125 pull:-0.873884
1/mass: 0.08375 pull:1.52408
1/mass: 0.08625 pull:1.79019
1/mass: 0.08875 pull:-0.411186
1/mass: 0.09125 pull:-0.766462
1/mass: 0.09375 pull:-0.425531
1/mass: 0.09625 pull:1.66708
1/mass: 0.09875 pull:0.592482
1/mass: 0.10125 pull:-0.591493
1/mass: 0.10375 pull:-4.15875
1/mass: 0.10625 pull:-3.35391
1/mass: 0.10875 pull:0.270619
1/mass: 0.11125 pull:1.20862
1/mass: 0.11375 pull:1.18861
1/mass: 0.11625 pull:1.708
1/mass: 0.11875 pull:-1.48684
1/mass: 0.12125 pull:-1.54645
1/mass: 0.12375 pull:0.768285
1/mass: 0.12625 pull:0.740241
1/mass: 0.12875 pull:2.25467
1/mass: 0.13125 pull:0.777511
1/mass: 0.13375 pull:0.710068
1/mass: 0.13625 pull:-0.743288
1/mass: 0.13875 pull:1.34251
1/mass: 0.14125 pull:1.33383
1/mass: 0.14375 pull:1.20775
1/mass: 0.14625 pull:-0.45795
1/mass: 0.14875 pull:-0.450068
2
2
Fitting bin 17 (Ek: 1.91049-2.43494 GeV/n)...
[#1] INFO:Minimization -- p.d.f. provides expected number of events, including extended term in likelihood.
[#1] INFO:Fitting -- RooAbsPdf::fitTo(model) fixing normalization set for coefficient determination to observables in data
[#1] INFO:Fitting -- Creation of NLL object took 155.052 μs
[#1] INFO:Fitting -- RooAddition::defaultErrorLevel(nll_model_data) Summation contains a RooNLLVar, using its error level
[#1] INFO:Minimization -- RooAbsMinimizerFcn::setOptimizeConst: activating const optimization
[#1] INFO:Fitting -- RooAbsPdf::fitTo(model) Calculating sum-of-weights-squared correction matrix for covariance matrix
[#1] INFO:Minimization -- RooAbsMinimizerFcn::setOptimizeConst: deactivating const optimization
Total chi2/ndf: 3.85938
  Fit Result: Chi2/NDF = 146.656/39 = 3.76042, Status = 0
[#1] INFO:Plotting -- RooAbsPdf::plotOn(model) directly selected PDF components: (pdf10)
[#1] INFO:Plotting -- RooAbsPdf::plotOn(model) indirectly selected PDF components: ()
[#1] INFO:Plotting -- RooAbsPdf::plotOn(model) directly selected PDF components: (pdf11)
[#1] INFO:Plotting -- RooAbsPdf::plotOn(model) indirectly selected PDF components: ()
1/mass: 0.05125 pull:-0.640618
1/mass: 0.05375 pull:-0.678401
1/mass: 0.05625 pull:-0.19788
1/mass: 0.05875 pull:0.148496
1/mass: 0.06125 pull:0.580774
1/mass: 0.06375 pull:-0.0480584
1/mass: 0.06625 pull:1.19026
1/mass: 0.06875 pull:1.15352
1/mass: 0.07125 pull:2.6984
1/mass: 0.07375 pull:4.87121
1/mass: 0.07625 pull:3.74866
1/mass: 0.07875 pull:3.47113
1/mass: 0.08125 pull:2.32169
1/mass: 0.08375 pull:0.113414
1/mass: 0.08625 pull:0.712881
1/mass: 0.08875 pull:1.73033
1/mass: 0.09125 pull:-2.1844
1/mass: 0.09375 pull:-0.845256
1/mass: 0.09625 pull:-1.00159
1/mass: 0.09875 pull:-1.22148
1/mass: 0.10125 pull:-3.06782
1/mass: 0.10375 pull:-0.0639392
1/mass: 0.10625 pull:-3.11055
1/mass: 0.10875 pull:-2.8144
1/mass: 0.11125 pull:-0.0569003
1/mass: 0.11375 pull:1.15516
1/mass: 0.11625 pull:1.29969
1/mass: 0.11875 pull:-0.634896
1/mass: 0.12125 pull:0.0699796
1/mass: 0.12375 pull:0.268025
1/mass: 0.12625 pull:0.927268
1/mass: 0.12875 pull:2.47161
1/mass: 0.13125 pull:1.99302
1/mass: 0.13375 pull:4.27136
1/mass: 0.13625 pull:1.65964
1/mass: 0.13875 pull:1.67934
1/mass: 0.14125 pull:0.291483
1/mass: 0.14375 pull:1.27176
1/mass: 0.14625 pull:0.685186
1/mass: 0.14875 pull:1.0906
2
2
Fitting bin 19 (Ek: 2.43494-3.05875 GeV/n)...
[#1] INFO:Minimization -- p.d.f. provides expected number of events, including extended term in likelihood.
[#1] INFO:Fitting -- RooAbsPdf::fitTo(model) fixing normalization set for coefficient determination to observables in data
[#1] INFO:Fitting -- Creation of NLL object took 142.961 μs
[#1] INFO:Fitting -- RooAddition::defaultErrorLevel(nll_model_data) Summation contains a RooNLLVar, using its error level
[#1] INFO:Minimization -- RooAbsMinimizerFcn::setOptimizeConst: activating const optimization
[#1] INFO:Fitting -- RooAbsPdf::fitTo(model) Calculating sum-of-weights-squared correction matrix for covariance matrix
[#1] INFO:Minimization -- RooAbsMinimizerFcn::setOptimizeConst: deactivating const optimization
Total chi2/ndf: 2.91947
  Fit Result: Chi2/NDF = 110.94/39 = 2.84461, Status = 0
[#1] INFO:Plotting -- RooAbsPdf::plotOn(model) directly selected PDF components: (pdf10)
[#1] INFO:Plotting -- RooAbsPdf::plotOn(model) indirectly selected PDF components: ()
[#1] INFO:Plotting -- RooAbsPdf::plotOn(model) directly selected PDF components: (pdf11)
[#1] INFO:Plotting -- RooAbsPdf::plotOn(model) indirectly selected PDF components: ()
1/mass: 0.05125 pull:1.21954
1/mass: 0.05375 pull:0.920192
1/mass: 0.05625 pull:1.50136
1/mass: 0.05875 pull:-1.14191
1/mass: 0.06125 pull:0.950072
1/mass: 0.06375 pull:0.386197
1/mass: 0.06625 pull:-0.782097
1/mass: 0.06875 pull:1.83605
1/mass: 0.07125 pull:1.92014
1/mass: 0.07375 pull:1.69397
1/mass: 0.07625 pull:3.40015
1/mass: 0.07875 pull:3.04339
1/mass: 0.08125 pull:0.0315986
1/mass: 0.08375 pull:0.976115
1/mass: 0.08625 pull:3.36998
1/mass: 0.08875 pull:0.849071
1/mass: 0.09125 pull:-0.823729
1/mass: 0.09375 pull:-0.934097
1/mass: 0.09625 pull:-1.51332
1/mass: 0.09875 pull:-1.73666
1/mass: 0.10125 pull:-2.12154
1/mass: 0.10375 pull:-1.28103
1/mass: 0.10625 pull:-1.25705
1/mass: 0.10875 pull:-1.52482
1/mass: 0.11125 pull:-0.828089
1/mass: 0.11375 pull:0.229511
1/mass: 0.11625 pull:0.823448
1/mass: 0.11875 pull:-1.09361
1/mass: 0.12125 pull:0.0930724
1/mass: 0.12375 pull:0.45499
1/mass: 0.12625 pull:3.54303
1/mass: 0.12875 pull:1.05827
1/mass: 0.13125 pull:2.88
1/mass: 0.13375 pull:1.75173
1/mass: 0.13625 pull:2.24545
1/mass: 0.13875 pull:-0.620436
1/mass: 0.14125 pull:0.501548
1/mass: 0.14375 pull:-1.47013
1/mass: 0.14625 pull:0.831602
1/mass: 0.14875 pull:2.51041
2
2
Fitting bin 21 (Ek: 3.05875-3.79127 GeV/n)...
[#1] INFO:Minimization -- p.d.f. provides expected number of events, including extended term in likelihood.
[#1] INFO:Fitting -- RooAbsPdf::fitTo(model) fixing normalization set for coefficient determination to observables in data
[#1] INFO:Fitting -- Creation of NLL object took 179.512 μs
[#1] INFO:Fitting -- RooAddition::defaultErrorLevel(nll_model_data) Summation contains a RooNLLVar, using its error level
[#1] INFO:Minimization -- RooAbsMinimizerFcn::setOptimizeConst: activating const optimization
[#1] INFO:Fitting -- RooAbsPdf::fitTo(model) Calculating sum-of-weights-squared correction matrix for covariance matrix
[#1] INFO:Minimization -- RooAbsMinimizerFcn::setOptimizeConst: deactivating const optimization
Total chi2/ndf: 2.9619
  Fit Result: Chi2/NDF = 112.552/39 = 2.88595, Status = 0
[#1] INFO:Plotting -- RooAbsPdf::plotOn(model) directly selected PDF components: (pdf10)
[#1] INFO:Plotting -- RooAbsPdf::plotOn(model) indirectly selected PDF components: ()
[#1] INFO:Plotting -- RooAbsPdf::plotOn(model) directly selected PDF components: (pdf11)
[#1] INFO:Plotting -- RooAbsPdf::plotOn(model) indirectly selected PDF components: ()
1/mass: 0.05125 pull:0.868391
1/mass: 0.05375 pull:0.0835247
1/mass: 0.05625 pull:-1.01363
1/mass: 0.05875 pull:-1.66032
1/mass: 0.06125 pull:-0.235086
1/mass: 0.06375 pull:0.451947
1/mass: 0.06625 pull:1.38732
1/mass: 0.06875 pull:2.86372
1/mass: 0.07125 pull:1.9009
1/mass: 0.07375 pull:2.86914
1/mass: 0.07625 pull:1.88474
1/mass: 0.07875 pull:1.98811
1/mass: 0.08125 pull:0.886775
1/mass: 0.08375 pull:2.94866
1/mass: 0.08625 pull:-0.46642
1/mass: 0.08875 pull:0.363592
1/mass: 0.09125 pull:-0.474751
1/mass: 0.09375 pull:0.666832
1/mass: 0.09625 pull:-0.60972
1/mass: 0.09875 pull:-2.34532
1/mass: 0.10125 pull:-3.28909
1/mass: 0.10375 pull:-1.36172
1/mass: 0.10625 pull:0.615144
1/mass: 0.10875 pull:-1.09357
1/mass: 0.11125 pull:-3.09552
1/mass: 0.11375 pull:0.538676
1/mass: 0.11625 pull:0.994303
1/mass: 0.11875 pull:-0.772677
1/mass: 0.12125 pull:2.0584
1/mass: 0.12375 pull:-0.407722
1/mass: 0.12625 pull:2.49639
1/mass: 0.12875 pull:1.64644
1/mass: 0.13125 pull:2.28262
1/mass: 0.13375 pull:-0.17827
1/mass: 0.13625 pull:2.76625
1/mass: 0.13875 pull:-0.521435
1/mass: 0.14125 pull:2.44074
1/mass: 0.14375 pull:0.71558
1/mass: 0.14625 pull:0.411289
1/mass: 0.14875 pull:-1.7445
2
2
Fitting bin 23 (Ek: 3.79127-4.64682 GeV/n)...
[#1] INFO:Minimization -- p.d.f. provides expected number of events, including extended term in likelihood.
[#1] INFO:Fitting -- RooAbsPdf::fitTo(model) fixing normalization set for coefficient determination to observables in data
[#1] INFO:Fitting -- Creation of NLL object took 141.821 μs
[#1] INFO:Fitting -- RooAddition::defaultErrorLevel(nll_model_data) Summation contains a RooNLLVar, using its error level
[#1] INFO:Minimization -- RooAbsMinimizerFcn::setOptimizeConst: activating const optimization
[#1] INFO:Fitting -- RooAbsPdf::fitTo(model) Calculating sum-of-weights-squared correction matrix for covariance matrix
[#1] INFO:Minimization -- RooAbsMinimizerFcn::setOptimizeConst: deactivating const optimization
Total chi2/ndf: 1.68589
  Fit Result: Chi2/NDF = 64.0637/39 = 1.64266, Status = 0
[#1] INFO:Plotting -- RooAbsPdf::plotOn(model) directly selected PDF components: (pdf10)
[#1] INFO:Plotting -- RooAbsPdf::plotOn(model) indirectly selected PDF components: ()
[#1] INFO:Plotting -- RooAbsPdf::plotOn(model) directly selected PDF components: (pdf11)
[#1] INFO:Plotting -- RooAbsPdf::plotOn(model) indirectly selected PDF components: ()
1/mass: 0.05125 pull:0.477652
1/mass: 0.05375 pull:0.323699
1/mass: 0.05625 pull:0.512641
1/mass: 0.05875 pull:0.814102
1/mass: 0.06125 pull:-0.985498
1/mass: 0.06375 pull:0.636077
1/mass: 0.06625 pull:0.528467
1/mass: 0.06875 pull:2.517
1/mass: 0.07125 pull:2.03303
1/mass: 0.07375 pull:2.85765
1/mass: 0.07625 pull:0.701711
1/mass: 0.07875 pull:0.456879
1/mass: 0.08125 pull:2.4364
1/mass: 0.08375 pull:0.367606
1/mass: 0.08625 pull:-0.272697
1/mass: 0.08875 pull:1.44507
1/mass: 0.09125 pull:0.0546466
1/mass: 0.09375 pull:-0.913321
1/mass: 0.09625 pull:-1.52481
1/mass: 0.09875 pull:-0.769034
1/mass: 0.10125 pull:-1.18256
1/mass: 0.10375 pull:-1.06161
1/mass: 0.10625 pull:-1.76162
1/mass: 0.10875 pull:0.48322
1/mass: 0.11125 pull:-0.776908
1/mass: 0.11375 pull:-2.01377
1/mass: 0.11625 pull:0.727472
1/mass: 0.11875 pull:-0.085914
1/mass: 0.12125 pull:0.179473
1/mass: 0.12375 pull:2.45835
1/mass: 0.12625 pull:0.646645
1/mass: 0.12875 pull:1.88582
1/mass: 0.13125 pull:2.16855
1/mass: 0.13375 pull:0.704597
1/mass: 0.13625 pull:0.842924
1/mass: 0.13875 pull:0.722234
1/mass: 0.14125 pull:0.190582
1/mass: 0.14375 pull:-0.061853
1/mass: 0.14625 pull:-0.281356
1/mass: 0.14875 pull:-1.47259
2
2
Fitting bin 25 (Ek: 4.64682-5.63491 GeV/n)...
[#1] INFO:Minimization -- p.d.f. provides expected number of events, including extended term in likelihood.
[#1] INFO:Fitting -- RooAbsPdf::fitTo(model) fixing normalization set for coefficient determination to observables in data
[#1] INFO:Fitting -- Creation of NLL object took 157.381 μs
[#1] INFO:Fitting -- RooAddition::defaultErrorLevel(nll_model_data) Summation contains a RooNLLVar, using its error level
[#1] INFO:Minimization -- RooAbsMinimizerFcn::setOptimizeConst: activating const optimization
[#1] INFO:Fitting -- RooAbsPdf::fitTo(model) Calculating sum-of-weights-squared correction matrix for covariance matrix
[#1] INFO:Minimization -- RooAbsMinimizerFcn::setOptimizeConst: deactivating const optimization
Total chi2/ndf: 3.14573
  Fit Result: Chi2/NDF = 119.538/39 = 3.06507, Status = 0
[#1] INFO:Plotting -- RooAbsPdf::plotOn(model) directly selected PDF components: (pdf10)
[#1] INFO:Plotting -- RooAbsPdf::plotOn(model) indirectly selected PDF components: ()
[#1] INFO:Plotting -- RooAbsPdf::plotOn(model) directly selected PDF components: (pdf11)
[#1] INFO:Plotting -- RooAbsPdf::plotOn(model) indirectly selected PDF components: ()
1/mass: 0.05125 pull:2.17068
1/mass: 0.05375 pull:0.992868
1/mass: 0.05625 pull:0.313549
1/mass: 0.05875 pull:-0.371483
1/mass: 0.06125 pull:-0.0462152
1/mass: 0.06375 pull:1.79992
1/mass: 0.06625 pull:2.3411
1/mass: 0.06875 pull:2.91675
1/mass: 0.07125 pull:1.81249
1/mass: 0.07375 pull:2.1519
1/mass: 0.07625 pull:4.18952
1/mass: 0.07875 pull:1.45251
1/mass: 0.08125 pull:0.966625
1/mass: 0.08375 pull:2.7782
1/mass: 0.08625 pull:0.281186
1/mass: 0.08875 pull:-1.39623
1/mass: 0.09125 pull:-0.0190295
1/mass: 0.09375 pull:0.571571
1/mass: 0.09625 pull:-1.59911
1/mass: 0.09875 pull:-1.44899
1/mass: 0.10125 pull:-1.65124
1/mass: 0.10375 pull:-2.92645
1/mass: 0.10625 pull:-2.25585
1/mass: 0.10875 pull:-1.59029
1/mass: 0.11125 pull:-0.411861
1/mass: 0.11375 pull:-1.36986
1/mass: 0.11625 pull:0.837636
1/mass: 0.11875 pull:0.401257
1/mass: 0.12125 pull:1.30167
1/mass: 0.12375 pull:-0.729428
1/mass: 0.12625 pull:1.91423
1/mass: 0.12875 pull:2.43901
1/mass: 0.13125 pull:0.807682
1/mass: 0.13375 pull:1.30861
1/mass: 0.13625 pull:0.883668
1/mass: 0.13875 pull:1.59776
1/mass: 0.14125 pull:1.06223
1/mass: 0.14375 pull:0.654871
1/mass: 0.14625 pull:2.03787
1/mass: 0.14875 pull:2.83998
2
2
Fitting bin 73 (Ek: 649.069--nan GeV/n)...
[#1] INFO:Minimization -- p.d.f. provides expected number of events, including extended term in likelihood.
[#1] INFO:Fitting -- RooAbsPdf::fitTo(model) fixing normalization set for coefficient determination to observables in data
[#1] INFO:Fitting -- Creation of NLL object took 159.531 μs
[#1] INFO:Fitting -- RooAddition::defaultErrorLevel(nll_model_data) Summation contains a RooNLLVar, using its error level
[#1] INFO:Minimization -- RooAbsMinimizerFcn::setOptimizeConst: activating const optimization
[#0] ERROR:Minimization -- RooMinimizer::calculateHessErrors() Error when calculating Hessian
[#1] INFO:Fitting -- RooAbsPdf::fitTo(model) Calculating sum-of-weights-squared correction matrix for covariance matrix
[#0] ERROR:Minimization -- RooMinimizer::calculateHessErrors() Error when calculating Hessian
[#0] ERROR:Fitting -- RooAbsPdf::fitTo(model) ERROR: Cannot apply sum-of-weights correction to covariance matrix: correction matrix calculated with weight-squared is singular
[#1] INFO:Minimization -- RooAbsMinimizerFcn::setOptimizeConst: deactivating const optimization
Total chi2/ndf: -0
  Fit Result: Chi2/NDF = 0/39 = 5000, Status = 602
[#1] INFO:Plotting -- RooAbsPdf::plotOn(model) directly selected PDF components: (pdf10)
[#1] INFO:Plotting -- RooAbsPdf::plotOn(model) indirectly selected PDF components: ()
[#1] INFO:Plotting -- RooAbsPdf::plotOn(model) directly selected PDF components: (pdf11)
[#1] INFO:Plotting -- RooAbsPdf::plotOn(model) indirectly selected PDF components: ()

--- Processing Detector: AGL ---
2
2
Fitting bin 19 (Ek: 2.43494-3.05875 GeV/n)...
[#1] INFO:Minimization -- p.d.f. provides expected number of events, including extended term in likelihood.
[#1] INFO:Fitting -- RooAbsPdf::fitTo(model) fixing normalization set for coefficient determination to observables in data
[#1] INFO:Fitting -- Creation of NLL object took 177.861 μs
[#1] INFO:Fitting -- RooAddition::defaultErrorLevel(nll_model_data) Summation contains a RooNLLVar, using its error level
[#1] INFO:Minimization -- RooAbsMinimizerFcn::setOptimizeConst: activating const optimization
[#1] INFO:Fitting -- RooAbsPdf::fitTo(model) Calculating sum-of-weights-squared correction matrix for covariance matrix
[#1] INFO:Minimization -- RooAbsMinimizerFcn::setOptimizeConst: deactivating const optimization
Total chi2/ndf: 8.84713
  Fit Result: Chi2/NDF = 336.191/39 = 8.62028, Status = 0
[#1] INFO:Plotting -- RooAbsPdf::plotOn(model) directly selected PDF components: (pdf10)
[#1] INFO:Plotting -- RooAbsPdf::plotOn(model) indirectly selected PDF components: ()
[#1] INFO:Plotting -- RooAbsPdf::plotOn(model) directly selected PDF components: (pdf11)
[#1] INFO:Plotting -- RooAbsPdf::plotOn(model) indirectly selected PDF components: ()
1/mass: 0.05125 pull:0.519633
1/mass: 0.05375 pull:0.264753
1/mass: 0.05625 pull:0.550695
1/mass: 0.05875 pull:-0.829539
1/mass: 0.06125 pull:0.296478
1/mass: 0.06375 pull:0.0984198
1/mass: 0.06625 pull:-1.90332
1/mass: 0.06875 pull:3.17525
1/mass: 0.07125 pull:4.06681
1/mass: 0.07375 pull:5.7667
1/mass: 0.07625 pull:5.79827
1/mass: 0.07875 pull:2.20317
1/mass: 0.08125 pull:3.37846
1/mass: 0.08375 pull:4.48029
1/mass: 0.08625 pull:4.57622
1/mass: 0.08875 pull:0.74276
1/mass: 0.09125 pull:1.28868
1/mass: 0.09375 pull:-1.09875
1/mass: 0.09625 pull:-2.54469
1/mass: 0.09875 pull:-3.747
1/mass: 0.10125 pull:-5.99183
1/mass: 0.10375 pull:-4.51428
1/mass: 0.10625 pull:-2.30632
1/mass: 0.10875 pull:-1.24923
1/mass: 0.11125 pull:-1.38645
1/mass: 0.11375 pull:-0.153403
1/mass: 0.11625 pull:0.537448
1/mass: 0.11875 pull:1.00467
1/mass: 0.12125 pull:2.04236
1/mass: 0.12375 pull:4.06835
1/mass: 0.12625 pull:3.87249
1/mass: 0.12875 pull:1.38048
1/mass: 0.13125 pull:2.58988
1/mass: 0.13375 pull:3.40477
1/mass: 0.13625 pull:3.68549
1/mass: 0.13875 pull:2.84898
1/mass: 0.14125 pull:2.15803
1/mass: 0.14375 pull:1.45313
1/mass: 0.14625 pull:2.20631
1/mass: 0.14875 pull:-0.872068
2
2
Fitting bin 21 (Ek: 3.05875-3.79127 GeV/n)...
[#1] INFO:Minimization -- p.d.f. provides expected number of events, including extended term in likelihood.
[#1] INFO:Fitting -- RooAbsPdf::fitTo(model) fixing normalization set for coefficient determination to observables in data
[#1] INFO:Fitting -- Creation of NLL object took 154.801 μs
[#1] INFO:Fitting -- RooAddition::defaultErrorLevel(nll_model_data) Summation contains a RooNLLVar, using its error level
[#1] INFO:Minimization -- RooAbsMinimizerFcn::setOptimizeConst: activating const optimization
[#1] INFO:Fitting -- RooAbsPdf::fitTo(model) Calculating sum-of-weights-squared correction matrix for covariance matrix
[#1] INFO:Minimization -- RooAbsMinimizerFcn::setOptimizeConst: deactivating const optimization
Total chi2/ndf: 7.72883
  Fit Result: Chi2/NDF = 293.695/39 = 7.53065, Status = 0
[#1] INFO:Plotting -- RooAbsPdf::plotOn(model) directly selected PDF components: (pdf10)
[#1] INFO:Plotting -- RooAbsPdf::plotOn(model) indirectly selected PDF components: ()
[#1] INFO:Plotting -- RooAbsPdf::plotOn(model) directly selected PDF components: (pdf11)
[#1] INFO:Plotting -- RooAbsPdf::plotOn(model) indirectly selected PDF components: ()
1/mass: 0.05125 pull:0.574784
1/mass: 0.05375 pull:-0.373204
1/mass: 0.05625 pull:0.0116684
1/mass: 0.05875 pull:-0.498322
1/mass: 0.06125 pull:1.13176
1/mass: 0.06375 pull:2.1949
1/mass: 0.06625 pull:1.63277
1/mass: 0.06875 pull:4.27824
1/mass: 0.07125 pull:4.84315
1/mass: 0.07375 pull:4.64234
1/mass: 0.07625 pull:3.67871
1/mass: 0.07875 pull:2.24711
1/mass: 0.08125 pull:2.65152
1/mass: 0.08375 pull:3.98621
1/mass: 0.08625 pull:4.16878
1/mass: 0.08875 pull:1.08031
1/mass: 0.09125 pull:-1.08002
1/mass: 0.09375 pull:-0.718547
1/mass: 0.09625 pull:-2.11377
1/mass: 0.09875 pull:-3.14393
1/mass: 0.10125 pull:-0.761869
1/mass: 0.10375 pull:-5.06023
1/mass: 0.10625 pull:-4.23665
1/mass: 0.10875 pull:-3.40459
1/mass: 0.11125 pull:-1.92801
1/mass: 0.11375 pull:-0.688707
1/mass: 0.11625 pull:1.44452
1/mass: 0.11875 pull:2.8423
1/mass: 0.12125 pull:3.23737
1/mass: 0.12375 pull:1.16083
1/mass: 0.12625 pull:2.43806
1/mass: 0.12875 pull:4.83718
1/mass: 0.13125 pull:3.51786
1/mass: 0.13375 pull:2.08988
1/mass: 0.13625 pull:2.56551
1/mass: 0.13875 pull:1.9559
1/mass: 0.14125 pull:1.05817
1/mass: 0.14375 pull:0.599076
1/mass: 0.14625 pull:1.21009
1/mass: 0.14875 pull:1.86304
2
2
Fitting bin 23 (Ek: 3.79127-4.64682 GeV/n)...
[#1] INFO:Minimization -- p.d.f. provides expected number of events, including extended term in likelihood.
[#1] INFO:Fitting -- RooAbsPdf::fitTo(model) fixing normalization set for coefficient determination to observables in data
[#1] INFO:Fitting -- Creation of NLL object took 162.741 μs
[#1] INFO:Fitting -- RooAddition::defaultErrorLevel(nll_model_data) Summation contains a RooNLLVar, using its error level
[#1] INFO:Minimization -- RooAbsMinimizerFcn::setOptimizeConst: activating const optimization
[#1] INFO:Fitting -- RooAbsPdf::fitTo(model) Calculating sum-of-weights-squared correction matrix for covariance matrix
[#1] INFO:Minimization -- RooAbsMinimizerFcn::setOptimizeConst: deactivating const optimization
Total chi2/ndf: 7.43105
  Fit Result: Chi2/NDF = 282.38/39 = 7.24051, Status = 0
[#1] INFO:Plotting -- RooAbsPdf::plotOn(model) directly selected PDF components: (pdf10)
[#1] INFO:Plotting -- RooAbsPdf::plotOn(model) indirectly selected PDF components: ()
[#1] INFO:Plotting -- RooAbsPdf::plotOn(model) directly selected PDF components: (pdf11)
[#1] INFO:Plotting -- RooAbsPdf::plotOn(model) indirectly selected PDF components: ()
1/mass: 0.05125 pull:1.21037
1/mass: 0.05375 pull:-1.04958
1/mass: 0.05625 pull:-0.704183
1/mass: 0.05875 pull:3.92282
1/mass: 0.06125 pull:1.41438
1/mass: 0.06375 pull:2.93717
1/mass: 0.06625 pull:2.12999
1/mass: 0.06875 pull:2.82661
1/mass: 0.07125 pull:3.81245
1/mass: 0.07375 pull:5.611
1/mass: 0.07625 pull:4.23052
1/mass: 0.07875 pull:2.88655
1/mass: 0.08125 pull:2.62182
1/mass: 0.08375 pull:1.51946
1/mass: 0.08625 pull:1.0549
1/mass: 0.08875 pull:0.52837
1/mass: 0.09125 pull:0.511031
1/mass: 0.09375 pull:-1.1516
1/mass: 0.09625 pull:-0.673032
1/mass: 0.09875 pull:-1.32565
1/mass: 0.10125 pull:-2.49937
1/mass: 0.10375 pull:-2.89312
1/mass: 0.10625 pull:-5.666
1/mass: 0.10875 pull:-4.13365
1/mass: 0.11125 pull:-1.98976
1/mass: 0.11375 pull:1.86668
1/mass: 0.11625 pull:1.07636
1/mass: 0.11875 pull:2.42619
1/mass: 0.12125 pull:2.39193
1/mass: 0.12375 pull:0.361846
1/mass: 0.12625 pull:1.9658
1/mass: 0.12875 pull:2.48771
1/mass: 0.13125 pull:2.99039
1/mass: 0.13375 pull:2.49743
1/mass: 0.13625 pull:1.33327
1/mass: 0.13875 pull:3.21156
1/mass: 0.14125 pull:4.04447
1/mass: 0.14375 pull:2.34525
1/mass: 0.14625 pull:1.80549
1/mass: 0.14875 pull:2.75038
2
2
Fitting bin 25 (Ek: 4.64682-5.63491 GeV/n)...
[#1] INFO:Minimization -- p.d.f. provides expected number of events, including extended term in likelihood.
[#1] INFO:Fitting -- RooAbsPdf::fitTo(model) fixing normalization set for coefficient determination to observables in data
[#1] INFO:Fitting -- Creation of NLL object took 167.352 μs
[#1] INFO:Fitting -- RooAddition::defaultErrorLevel(nll_model_data) Summation contains a RooNLLVar, using its error level
[#1] INFO:Minimization -- RooAbsMinimizerFcn::setOptimizeConst: activating const optimization
[#1] INFO:Fitting -- RooAbsPdf::fitTo(model) Calculating sum-of-weights-squared correction matrix for covariance matrix
[#1] INFO:Minimization -- RooAbsMinimizerFcn::setOptimizeConst: deactivating const optimization
Total chi2/ndf: 6.31675
  Fit Result: Chi2/NDF = 240.036/39 = 6.15478, Status = 0
[#1] INFO:Plotting -- RooAbsPdf::plotOn(model) directly selected PDF components: (pdf10)
[#1] INFO:Plotting -- RooAbsPdf::plotOn(model) indirectly selected PDF components: ()
[#1] INFO:Plotting -- RooAbsPdf::plotOn(model) directly selected PDF components: (pdf11)
[#1] INFO:Plotting -- RooAbsPdf::plotOn(model) indirectly selected PDF components: ()
1/mass: 0.05125 pull:-0.776156
1/mass: 0.05375 pull:-2.04754
1/mass: 0.05625 pull:-1.72049
1/mass: 0.05875 pull:-1.66579
1/mass: 0.06125 pull:-0.53794
1/mass: 0.06375 pull:-1.01282
1/mass: 0.06625 pull:2.39668
1/mass: 0.06875 pull:2.16779
1/mass: 0.07125 pull:1.01013
1/mass: 0.07375 pull:1.91564
1/mass: 0.07625 pull:2.59085
1/mass: 0.07875 pull:4.53774
1/mass: 0.08125 pull:4.95982
1/mass: 0.08375 pull:5.01062
1/mass: 0.08625 pull:3.20546
1/mass: 0.08875 pull:-2.01484
1/mass: 0.09125 pull:-1.02964
1/mass: 0.09375 pull:-0.534951
1/mass: 0.09625 pull:-1.39426
1/mass: 0.09875 pull:-1.74982
1/mass: 0.10125 pull:-2.56239
1/mass: 0.10375 pull:-3.64496
1/mass: 0.10625 pull:-1.54573
1/mass: 0.10875 pull:-0.886952
1/mass: 0.11125 pull:-3.71487
1/mass: 0.11375 pull:-0.168617
1/mass: 0.11625 pull:0.748362
1/mass: 0.11875 pull:1.3649
1/mass: 0.12125 pull:1.75074
1/mass: 0.12375 pull:1.05144
1/mass: 0.12625 pull:1.55746
1/mass: 0.12875 pull:4.10998
1/mass: 0.13125 pull:2.80884
1/mass: 0.13375 pull:3.51241
1/mass: 0.13625 pull:3.51298
1/mass: 0.13875 pull:2.38023
1/mass: 0.14125 pull:1.89788
1/mass: 0.14375 pull:-0.150711
1/mass: 0.14625 pull:-2.87917
1/mass: 0.14875 pull:-1.56422
2
2
Fitting bin 27 (Ek: 5.63491-6.775 GeV/n)...
[#1] INFO:Minimization -- p.d.f. provides expected number of events, including extended term in likelihood.
[#1] INFO:Fitting -- RooAbsPdf::fitTo(model) fixing normalization set for coefficient determination to observables in data
[#1] INFO:Fitting -- Creation of NLL object took 445.774 μs
[#1] INFO:Fitting -- RooAddition::defaultErrorLevel(nll_model_data) Summation contains a RooNLLVar, using its error level
[#1] INFO:Minimization -- RooAbsMinimizerFcn::setOptimizeConst: activating const optimization
[#1] INFO:Fitting -- RooAbsPdf::fitTo(model) Calculating sum-of-weights-squared correction matrix for covariance matrix
[#1] INFO:Minimization -- RooAbsMinimizerFcn::setOptimizeConst: deactivating const optimization
Total chi2/ndf: 4.4773
  Fit Result: Chi2/NDF = 170.137/39 = 4.36249, Status = 0
[#1] INFO:Plotting -- RooAbsPdf::plotOn(model) directly selected PDF components: (pdf10)
[#1] INFO:Plotting -- RooAbsPdf::plotOn(model) indirectly selected PDF components: ()
[#1] INFO:Plotting -- RooAbsPdf::plotOn(model) directly selected PDF components: (pdf11)
[#1] INFO:Plotting -- RooAbsPdf::plotOn(model) indirectly selected PDF components: ()
1/mass: 0.05125 pull:0.444654
1/mass: 0.05375 pull:2.17821
1/mass: 0.05625 pull:0.653973
1/mass: 0.05875 pull:-0.536975
1/mass: 0.06125 pull:-1.32091
1/mass: 0.06375 pull:1.881
1/mass: 0.06625 pull:0.823922
1/mass: 0.06875 pull:0.531663
1/mass: 0.07125 pull:2.26769
1/mass: 0.07375 pull:3.40753
1/mass: 0.07625 pull:3.43863
1/mass: 0.07875 pull:0.927884
1/mass: 0.08125 pull:2.52515
1/mass: 0.08375 pull:1.81042
1/mass: 0.08625 pull:1.45035
1/mass: 0.08875 pull:1.41983
1/mass: 0.09125 pull:2.03279
1/mass: 0.09375 pull:-0.243547
1/mass: 0.09625 pull:-2.21278
1/mass: 0.09875 pull:-2.61316
1/mass: 0.10125 pull:-0.656385
1/mass: 0.10375 pull:-4.74104
1/mass: 0.10625 pull:-0.517714
1/mass: 0.10875 pull:-3.29415
1/mass: 0.11125 pull:-3.99382
1/mass: 0.11375 pull:-0.642105
1/mass: 0.11625 pull:2.6485
1/mass: 0.11875 pull:3.24455
1/mass: 0.12125 pull:2.98856
1/mass: 0.12375 pull:0.0921771
1/mass: 0.12625 pull:1.90624
1/mass: 0.12875 pull:1.6996
1/mass: 0.13125 pull:2.82696
1/mass: 0.13375 pull:0.743119
1/mass: 0.13625 pull:0.0466438
1/mass: 0.13875 pull:1.59746
1/mass: 0.14125 pull:1.19809
1/mass: 0.14375 pull:1.5136
1/mass: 0.14625 pull:-0.940015
1/mass: 0.14875 pull:0.053662
2
2
Fitting bin 29 (Ek: 6.775-8.11658 GeV/n)...
[#1] INFO:Minimization -- p.d.f. provides expected number of events, including extended term in likelihood.
[#1] INFO:Fitting -- RooAbsPdf::fitTo(model) fixing normalization set for coefficient determination to observables in data
[#1] INFO:Fitting -- Creation of NLL object took 155.721 μs
[#1] INFO:Fitting -- RooAddition::defaultErrorLevel(nll_model_data) Summation contains a RooNLLVar, using its error level
[#1] INFO:Minimization -- RooAbsMinimizerFcn::setOptimizeConst: activating const optimization
[#1] INFO:Fitting -- RooAbsPdf::fitTo(model) Calculating sum-of-weights-squared correction matrix for covariance matrix
[#1] INFO:Minimization -- RooAbsMinimizerFcn::setOptimizeConst: deactivating const optimization
Total chi2/ndf: 4.22054
  Fit Result: Chi2/NDF = 160.381/39 = 4.11232, Status = 0
[#1] INFO:Plotting -- RooAbsPdf::plotOn(model) directly selected PDF components: (pdf10)
[#1] INFO:Plotting -- RooAbsPdf::plotOn(model) indirectly selected PDF components: ()
[#1] INFO:Plotting -- RooAbsPdf::plotOn(model) directly selected PDF components: (pdf11)
[#1] INFO:Plotting -- RooAbsPdf::plotOn(model) indirectly selected PDF components: ()
1/mass: 0.05125 pull:0.407828
1/mass: 0.05375 pull:-0.487128
1/mass: 0.05625 pull:-1.68265
1/mass: 0.05875 pull:-1.01694
1/mass: 0.06125 pull:1.91188
1/mass: 0.06375 pull:1.87979
1/mass: 0.06625 pull:1.36329
1/mass: 0.06875 pull:4.2078
1/mass: 0.07125 pull:1.87088
1/mass: 0.07375 pull:2.24743
1/mass: 0.07625 pull:1.42528
1/mass: 0.07875 pull:4.20864
1/mass: 0.08125 pull:0.327929
1/mass: 0.08375 pull:1.21145
1/mass: 0.08625 pull:3.18753
1/mass: 0.08875 pull:1.18928
1/mass: 0.09125 pull:0.259209
1/mass: 0.09375 pull:0.455819
1/mass: 0.09625 pull:-2.29787
1/mass: 0.09875 pull:-3.4085
1/mass: 0.10125 pull:-3.36431
1/mass: 0.10375 pull:-2.48427
1/mass: 0.10625 pull:-0.842852
1/mass: 0.10875 pull:-0.915297
1/mass: 0.11125 pull:-0.557141
1/mass: 0.11375 pull:-1.53707
1/mass: 0.11625 pull:-1.14674
1/mass: 0.11875 pull:1.17663
1/mass: 0.12125 pull:1.20048
1/mass: 0.12375 pull:1.90808
1/mass: 0.12625 pull:2.01505
1/mass: 0.12875 pull:1.43106
1/mass: 0.13125 pull:4.48855
1/mass: 0.13375 pull:0.745613
1/mass: 0.13625 pull:1.73823
1/mass: 0.13875 pull:2.31687
1/mass: 0.14125 pull:0.634263
1/mass: 0.14375 pull:1.96505
1/mass: 0.14625 pull:0.23626
1/mass: 0.14875 pull:1.31429
2
2
Fitting bin 31 (Ek: 8.11658-9.65954 GeV/n)...
[#1] INFO:Minimization -- p.d.f. provides expected number of events, including extended term in likelihood.
[#1] INFO:Fitting -- RooAbsPdf::fitTo(model) fixing normalization set for coefficient determination to observables in data
[#1] INFO:Fitting -- Creation of NLL object took 161.472 μs
[#1] INFO:Fitting -- RooAddition::defaultErrorLevel(nll_model_data) Summation contains a RooNLLVar, using its error level
[#1] INFO:Minimization -- RooAbsMinimizerFcn::setOptimizeConst: activating const optimization
[#1] INFO:Fitting -- RooAbsPdf::fitTo(model) Calculating sum-of-weights-squared correction matrix for covariance matrix
[#1] INFO:Minimization -- RooAbsMinimizerFcn::setOptimizeConst: deactivating const optimization
Total chi2/ndf: 4.03926
  Fit Result: Chi2/NDF = 153.492/39 = 3.93569, Status = 0
[#1] INFO:Plotting -- RooAbsPdf::plotOn(model) directly selected PDF components: (pdf10)
[#1] INFO:Plotting -- RooAbsPdf::plotOn(model) indirectly selected PDF components: ()
[#1] INFO:Plotting -- RooAbsPdf::plotOn(model) directly selected PDF components: (pdf11)
[#1] INFO:Plotting -- RooAbsPdf::plotOn(model) indirectly selected PDF components: ()
1/mass: 0.05125 pull:0.929522
1/mass: 0.05375 pull:0.455926
1/mass: 0.05625 pull:0.981056
1/mass: 0.05875 pull:-0.451689
1/mass: 0.06125 pull:0.5133
1/mass: 0.06375 pull:-1.85986
1/mass: 0.06625 pull:2.81474
1/mass: 0.06875 pull:3.29812
1/mass: 0.07125 pull:1.25736
1/mass: 0.07375 pull:2.15098
1/mass: 0.07625 pull:1.59451
1/mass: 0.07875 pull:1.82415
1/mass: 0.08125 pull:0.718519
1/mass: 0.08375 pull:1.7078
1/mass: 0.08625 pull:-0.158714
1/mass: 0.08875 pull:2.86661
1/mass: 0.09125 pull:0.0815004
1/mass: 0.09375 pull:0.401685
1/mass: 0.09625 pull:0.151232
1/mass: 0.09875 pull:-2.75251
1/mass: 0.10125 pull:-1.48685
1/mass: 0.10375 pull:-2.91438
1/mass: 0.10625 pull:-1.32519
1/mass: 0.10875 pull:-4.09811
1/mass: 0.11125 pull:-3.23692
1/mass: 0.11375 pull:0.738796
1/mass: 0.11625 pull:0.495563
1/mass: 0.11875 pull:0.425551
1/mass: 0.12125 pull:0.115278
1/mass: 0.12375 pull:1.37695
1/mass: 0.12625 pull:1.35486
1/mass: 0.12875 pull:1.8425
1/mass: 0.13125 pull:3.1736
1/mass: 0.13375 pull:4.195
1/mass: 0.13625 pull:2.99258
1/mass: 0.13875 pull:1.84624
1/mass: 0.14125 pull:2.89852
1/mass: 0.14375 pull:0.833427
1/mass: 0.14625 pull:0.425761
1/mass: 0.14875 pull:0.232626
2
2
Fitting bin 33 (Ek: 9.65954-11.4536 GeV/n)...
[#1] INFO:Minimization -- p.d.f. provides expected number of events, including extended term in likelihood.
[#1] INFO:Fitting -- RooAbsPdf::fitTo(model) fixing normalization set for coefficient determination to observables in data
[#1] INFO:Fitting -- Creation of NLL object took 252.242 μs
[#1] INFO:Fitting -- RooAddition::defaultErrorLevel(nll_model_data) Summation contains a RooNLLVar, using its error level
[#1] INFO:Minimization -- RooAbsMinimizerFcn::setOptimizeConst: activating const optimization
[#1] INFO:Fitting -- RooAbsPdf::fitTo(model) Calculating sum-of-weights-squared correction matrix for covariance matrix
[#1] INFO:Minimization -- RooAbsMinimizerFcn::setOptimizeConst: deactivating const optimization
Total chi2/ndf: 3.61525
  Fit Result: Chi2/NDF = 137.379/39 = 3.52255, Status = 0
[#1] INFO:Plotting -- RooAbsPdf::plotOn(model) directly selected PDF components: (pdf10)
[#1] INFO:Plotting -- RooAbsPdf::plotOn(model) indirectly selected PDF components: ()
[#1] INFO:Plotting -- RooAbsPdf::plotOn(model) directly selected PDF components: (pdf11)
[#1] INFO:Plotting -- RooAbsPdf::plotOn(model) indirectly selected PDF components: ()
1/mass: 0.05125 pull:-0.693991
1/mass: 0.05375 pull:1.58798
1/mass: 0.05625 pull:-0.182522
1/mass: 0.05875 pull:2.45131
1/mass: 0.06125 pull:-1.11228
1/mass: 0.06375 pull:1.87923
1/mass: 0.06625 pull:-1.45311
1/mass: 0.06875 pull:0.0129747
1/mass: 0.07125 pull:2.01945
1/mass: 0.07375 pull:2.06148
1/mass: 0.07625 pull:-0.442514
1/mass: 0.07875 pull:-0.318877
1/mass: 0.08125 pull:1.52307
1/mass: 0.08375 pull:1.30325
1/mass: 0.08625 pull:1.86319
1/mass: 0.08875 pull:-0.256602
1/mass: 0.09125 pull:0.59247
1/mass: 0.09375 pull:0.9927
1/mass: 0.09625 pull:1.99436
1/mass: 0.09875 pull:-2.0827
1/mass: 0.10125 pull:-0.624048
1/mass: 0.10375 pull:-4.06189
1/mass: 0.10625 pull:-0.70902
1/mass: 0.10875 pull:-3.41254
1/mass: 0.11125 pull:-2.1955
1/mass: 0.11375 pull:-0.523365
1/mass: 0.11625 pull:-0.761619
1/mass: 0.11875 pull:-0.496644
1/mass: 0.12125 pull:1.1048
1/mass: 0.12375 pull:1.22828
1/mass: 0.12625 pull:-0.267927
1/mass: 0.12875 pull:-0.162742
1/mass: 0.13125 pull:3.51889
1/mass: 0.13375 pull:3.15678
1/mass: 0.13625 pull:3.62484
1/mass: 0.13875 pull:1.35035
1/mass: 0.14125 pull:2.58251
1/mass: 0.14375 pull:0.433967
1/mass: 0.14625 pull:3.01597
1/mass: 0.14875 pull:2.13811
2
2
Fitting bin 35 (Ek: 11.4536-13.4986 GeV/n)...
[#1] INFO:Minimization -- p.d.f. provides expected number of events, including extended term in likelihood.
[#1] INFO:Fitting -- RooAbsPdf::fitTo(model) fixing normalization set for coefficient determination to observables in data
[#1] INFO:Fitting -- Creation of NLL object took 203.552 μs
[#1] INFO:Fitting -- RooAddition::defaultErrorLevel(nll_model_data) Summation contains a RooNLLVar, using its error level
[#1] INFO:Minimization -- RooAbsMinimizerFcn::setOptimizeConst: activating const optimization
[#1] INFO:Fitting -- RooAbsPdf::fitTo(model) Calculating sum-of-weights-squared correction matrix for covariance matrix
[#1] INFO:Minimization -- RooAbsMinimizerFcn::setOptimizeConst: deactivating const optimization
Total chi2/ndf: 2.5873
  Fit Result: Chi2/NDF = 98.3175/39 = 2.52096, Status = 0
[#1] INFO:Plotting -- RooAbsPdf::plotOn(model) directly selected PDF components: (pdf10)
[#1] INFO:Plotting -- RooAbsPdf::plotOn(model) indirectly selected PDF components: ()
[#1] INFO:Plotting -- RooAbsPdf::plotOn(model) directly selected PDF components: (pdf11)
[#1] INFO:Plotting -- RooAbsPdf::plotOn(model) indirectly selected PDF components: ()
1/mass: 0.05125 pull:-1.1009
1/mass: 0.05375 pull:0.652388
1/mass: 0.05625 pull:-1.07194
1/mass: 0.05875 pull:0.698349
1/mass: 0.06125 pull:2.23671
1/mass: 0.06375 pull:-0.0851496
1/mass: 0.06625 pull:0.540101
1/mass: 0.06875 pull:2.62708
1/mass: 0.07125 pull:0.372524
1/mass: 0.07375 pull:-0.051395
1/mass: 0.07625 pull:1.63766
1/mass: 0.07875 pull:4.05967
1/mass: 0.08125 pull:0.563621
1/mass: 0.08375 pull:1.51618
1/mass: 0.08625 pull:0.479187
1/mass: 0.08875 pull:0.726504
1/mass: 0.09125 pull:-1.19511
1/mass: 0.09375 pull:1.16745
1/mass: 0.09625 pull:-1.51809
1/mass: 0.09875 pull:-0.586621
1/mass: 0.10125 pull:-1.77469
1/mass: 0.10375 pull:-3.56876
1/mass: 0.10625 pull:-2.07549
1/mass: 0.10875 pull:-1.84081
1/mass: 0.11125 pull:-1.09066
1/mass: 0.11375 pull:0.23036
1/mass: 0.11625 pull:-0.143677
1/mass: 0.11875 pull:1.33792
1/mass: 0.12125 pull:-0.717948
1/mass: 0.12375 pull:1.09954
1/mass: 0.12625 pull:0.816747
1/mass: 0.12875 pull:-0.448278
1/mass: 0.13125 pull:0.31564
1/mass: 0.13375 pull:3.19812
1/mass: 0.13625 pull:1.84148
1/mass: 0.13875 pull:2.59072
1/mass: 0.14125 pull:1.14546
1/mass: 0.14375 pull:0.0453454
1/mass: 0.14625 pull:0.407464
1/mass: 0.14875 pull:1.893
2
2
Fitting bin 37 (Ek: 13.4986-15.8444 GeV/n)...
[#1] INFO:Minimization -- p.d.f. provides expected number of events, including extended term in likelihood.
[#1] INFO:Fitting -- RooAbsPdf::fitTo(model) fixing normalization set for coefficient determination to observables in data
[#1] INFO:Fitting -- Creation of NLL object took 152.481 μs
[#1] INFO:Fitting -- RooAddition::defaultErrorLevel(nll_model_data) Summation contains a RooNLLVar, using its error level
[#1] INFO:Minimization -- RooAbsMinimizerFcn::setOptimizeConst: activating const optimization
[#1] INFO:Fitting -- RooAbsPdf::fitTo(model) Calculating sum-of-weights-squared correction matrix for covariance matrix
[#1] INFO:Minimization -- RooAbsMinimizerFcn::setOptimizeConst: deactivating const optimization
Total chi2/ndf: 2.33708
  Fit Result: Chi2/NDF = 88.8092/39 = 2.27716, Status = 0
[#1] INFO:Plotting -- RooAbsPdf::plotOn(model) directly selected PDF components: (pdf10)
[#1] INFO:Plotting -- RooAbsPdf::plotOn(model) indirectly selected PDF components: ()
[#1] INFO:Plotting -- RooAbsPdf::plotOn(model) directly selected PDF components: (pdf11)
[#1] INFO:Plotting -- RooAbsPdf::plotOn(model) indirectly selected PDF components: ()
1/mass: 0.05125 pull:-0.451098
1/mass: 0.05375 pull:0.357665
1/mass: 0.05625 pull:-1.33299
1/mass: 0.05875 pull:0.288755
1/mass: 0.06125 pull:0.993745
1/mass: 0.06375 pull:0.0730546
1/mass: 0.06625 pull:0.361252
1/mass: 0.06875 pull:-0.324383
1/mass: 0.07125 pull:-2.90631
1/mass: 0.07375 pull:-2.3654
1/mass: 0.07625 pull:2.71297
1/mass: 0.07875 pull:0.252699
1/mass: 0.08125 pull:-1.05184
1/mass: 0.08375 pull:-0.396445
1/mass: 0.08625 pull:-0.845572
1/mass: 0.08875 pull:0.600324
1/mass: 0.09125 pull:1.6846
1/mass: 0.09375 pull:1.38356
1/mass: 0.09625 pull:-0.89712
1/mass: 0.09875 pull:0.502354
1/mass: 0.10125 pull:1.38548
1/mass: 0.10375 pull:-0.178762
1/mass: 0.10625 pull:-1.84986
1/mass: 0.10875 pull:-2.41044
1/mass: 0.11125 pull:1.62667
1/mass: 0.11375 pull:2.18746
1/mass: 0.11625 pull:1.55719
1/mass: 0.11875 pull:-2.04117
1/mass: 0.12125 pull:-1.14073
1/mass: 0.12375 pull:-1.2901
1/mass: 0.12625 pull:-0.0755661
1/mass: 0.12875 pull:-1.27063
1/mass: 0.13125 pull:1.533
1/mass: 0.13375 pull:1.26186
1/mass: 0.13625 pull:-1.67399
1/mass: 0.13875 pull:0.763253
1/mass: 0.14125 pull:0.230532
1/mass: 0.14375 pull:0.677556
1/mass: 0.14625 pull:-3.10553
1/mass: 0.14875 pull:2.91538
2
2
Fitting bin 39 (Ek: 15.8444-18.5408 GeV/n)...
[#1] INFO:Minimization -- p.d.f. provides expected number of events, including extended term in likelihood.
[#1] INFO:Fitting -- RooAbsPdf::fitTo(model) fixing normalization set for coefficient determination to observables in data
[#1] INFO:Fitting -- Creation of NLL object took 159.122 μs
[#1] INFO:Fitting -- RooAddition::defaultErrorLevel(nll_model_data) Summation contains a RooNLLVar, using its error level
[#1] INFO:Minimization -- RooAbsMinimizerFcn::setOptimizeConst: activating const optimization
[#1] INFO:Fitting -- RooAbsPdf::fitTo(model) Calculating sum-of-weights-squared correction matrix for covariance matrix
[#1] INFO:Minimization -- RooAbsMinimizerFcn::setOptimizeConst: deactivating const optimization
Total chi2/ndf: 1.86895
  Fit Result: Chi2/NDF = 71.02/39 = 1.82103, Status = 0
[#1] INFO:Plotting -- RooAbsPdf::plotOn(model) directly selected PDF components: (pdf10)
[#1] INFO:Plotting -- RooAbsPdf::plotOn(model) indirectly selected PDF components: ()
[#1] INFO:Plotting -- RooAbsPdf::plotOn(model) directly selected PDF components: (pdf11)
[#1] INFO:Plotting -- RooAbsPdf::plotOn(model) indirectly selected PDF components: ()
1/mass: 0.05125 pull:0.701299
1/mass: 0.05375 pull:0.710596
1/mass: 0.05625 pull:-1.791
1/mass: 0.05875 pull:-1.76312
1/mass: 0.06125 pull:-2.0023
1/mass: 0.06375 pull:-2.04318
1/mass: 0.06625 pull:1.02923
1/mass: 0.06875 pull:0.385019
1/mass: 0.07125 pull:-1.41321
1/mass: 0.07375 pull:1.00327
1/mass: 0.07625 pull:0.429592
1/mass: 0.07875 pull:1.92257
1/mass: 0.08125 pull:-0.696883
1/mass: 0.08375 pull:0.34336
1/mass: 0.08625 pull:1.56423
1/mass: 0.08875 pull:-0.109357
1/mass: 0.09125 pull:0.904181
1/mass: 0.09375 pull:0.881311
1/mass: 0.09625 pull:-0.527733
1/mass: 0.09875 pull:2.69804
1/mass: 0.10125 pull:-0.986997
1/mass: 0.10375 pull:-0.668914
1/mass: 0.10625 pull:-0.856012
1/mass: 0.10875 pull:0.592546
1/mass: 0.11125 pull:-2.86514
1/mass: 0.11375 pull:-2.24152
1/mass: 0.11625 pull:-0.425951
1/mass: 0.11875 pull:-1.33096
1/mass: 0.12125 pull:-0.0495815
1/mass: 0.12375 pull:1.33026
1/mass: 0.12625 pull:-0.495234
1/mass: 0.12875 pull:1.2781
1/mass: 0.13125 pull:-1.02152
1/mass: 0.13375 pull:1.40388
1/mass: 0.13625 pull:1.38235
1/mass: 0.13875 pull:0.243294
1/mass: 0.14125 pull:-0.55303
1/mass: 0.14375 pull:1.47911
1/mass: 0.14625 pull:-1.2595
1/mass: 0.14875 pull:2.19307
2
2
Fitting bin 41 (Ek: 18.5408-21.6377 GeV/n)...
[#1] INFO:Minimization -- p.d.f. provides expected number of events, including extended term in likelihood.
[#1] INFO:Fitting -- RooAbsPdf::fitTo(model) fixing normalization set for coefficient determination to observables in data
[#1] INFO:Fitting -- Creation of NLL object took 145.041 μs
[#1] INFO:Fitting -- RooAddition::defaultErrorLevel(nll_model_data) Summation contains a RooNLLVar, using its error level
[#1] INFO:Minimization -- RooAbsMinimizerFcn::setOptimizeConst: activating const optimization
[#1] INFO:Fitting -- RooAbsPdf::fitTo(model) Calculating sum-of-weights-squared correction matrix for covariance matrix
[#1] INFO:Minimization -- RooAbsMinimizerFcn::setOptimizeConst: deactivating const optimization
Total chi2/ndf: 1.0932
  Fit Result: Chi2/NDF = 41.5415/39 = 1.06517, Status = 0
[#1] INFO:Plotting -- RooAbsPdf::plotOn(model) directly selected PDF components: (pdf10)
[#1] INFO:Plotting -- RooAbsPdf::plotOn(model) indirectly selected PDF components: ()
[#1] INFO:Plotting -- RooAbsPdf::plotOn(model) directly selected PDF components: (pdf11)
[#1] INFO:Plotting -- RooAbsPdf::plotOn(model) indirectly selected PDF components: ()
1/mass: 0.05125 pull:-1.06478
1/mass: 0.05375 pull:0.682832
1/mass: 0.05625 pull:0.0754696
1/mass: 0.05875 pull:-0.68643
1/mass: 0.06125 pull:0.0144466
1/mass: 0.06375 pull:0.70184
1/mass: 0.06625 pull:-1.07367
1/mass: 0.06875 pull:-0.0126595
1/mass: 0.07125 pull:0.961884
1/mass: 0.07375 pull:-1.43038
1/mass: 0.07625 pull:-0.0972815
1/mass: 0.07875 pull:0.623022
1/mass: 0.08125 pull:-0.273388
1/mass: 0.08375 pull:-1.89994
1/mass: 0.08625 pull:1.49728
1/mass: 0.08875 pull:2.32165
1/mass: 0.09125 pull:0.260204
1/mass: 0.09375 pull:0.0509008
1/mass: 0.09625 pull:1.38998
1/mass: 0.09875 pull:0.74207
1/mass: 0.10125 pull:-0.109124
1/mass: 0.10375 pull:0.796374
1/mass: 0.10625 pull:-1.83451
1/mass: 0.10875 pull:-0.810003
1/mass: 0.11125 pull:-1.23152
1/mass: 0.11375 pull:-1.33074
1/mass: 0.11625 pull:-1.08722
1/mass: 0.11875 pull:-0.698199
1/mass: 0.12125 pull:-0.889078
1/mass: 0.12375 pull:2.18112
1/mass: 0.12625 pull:0.326861
1/mass: 0.12875 pull:0.300449
1/mass: 0.13125 pull:-0.927934
1/mass: 0.13375 pull:-0.267265
1/mass: 0.13625 pull:0.964761
1/mass: 0.13875 pull:0.97441
1/mass: 0.14125 pull:0.771446
1/mass: 0.14375 pull:-0.304733
1/mass: 0.14625 pull:0.977831
1/mass: 0.14875 pull:-0.86847
2
2
Fitting bin 73 (Ek: 649.069--nan GeV/n)...
[#1] INFO:Minimization -- p.d.f. provides expected number of events, including extended term in likelihood.
[#1] INFO:Fitting -- RooAbsPdf::fitTo(model) fixing normalization set for coefficient determination to observables in data
[#1] INFO:Fitting -- Creation of NLL object took 241.382 μs
[#1] INFO:Fitting -- RooAddition::defaultErrorLevel(nll_model_data) Summation contains a RooNLLVar, using its error level
[#1] INFO:Minimization -- RooAbsMinimizerFcn::setOptimizeConst: activating const optimization
[#0] ERROR:Minimization -- RooMinimizer::calculateHessErrors() Error when calculating Hessian
[#1] INFO:Fitting -- RooAbsPdf::fitTo(model) Calculating sum-of-weights-squared correction matrix for covariance matrix
[#0] ERROR:Minimization -- RooMinimizer::calculateHessErrors() Error when calculating Hessian
[#0] ERROR:Fitting -- RooAbsPdf::fitTo(model) ERROR: Cannot apply sum-of-weights correction to covariance matrix: correction matrix calculated with weight-squared is singular
[#1] INFO:Minimization -- RooAbsMinimizerFcn::setOptimizeConst: deactivating const optimization
Total chi2/ndf: -0
  Fit Result: Chi2/NDF = 0/39 = 5000, Status = 602
[#1] INFO:Plotting -- RooAbsPdf::plotOn(model) directly selected PDF components: (pdf10)
[#1] INFO:Plotting -- RooAbsPdf::plotOn(model) indirectly selected PDF components: ()
[#1] INFO:Plotting -- RooAbsPdf::plotOn(model) directly selected PDF components: (pdf11)
[#1] INFO:Plotting -- RooAbsPdf::plotOn(model) indirectly selected PDF components: ()

[SUCCESS] Fitting process completed. Results saved to:
/eos/user/z/zixuan/Isotope/MassTempFit/wide_MassTF_B_L1Inner_H2_UseMass10.pdf
/eos/user/z/zixuan/Isotope/MassTempFit/wide_MassTF_B_L1Inner_H2_UseMass10.root
====================================================================
Starting FRAGMENT Mass Template Fit for: B from source Carbon (UseMass: 10)
Chain: L1Inner
Templates: Pure (H2)
====================================================================
[INFO] Data file loaded: root://eoshome-z.cern.ch//eos/user/z/zixuan/Isotope/Add/B_frag5.root
[INFO] Output ROOT file: /eos/user/z/zixuan/Isotope/MassTempFit/wide_MassTF_B_L1Inner_H2_UseMass10_FragFromCarbon.root

--- Processing Detector: TOF ---
2
2
Fitting bin 5 (Ek: 0.267548-0.406144 GeV/n)...
[#1] INFO:Minimization -- p.d.f. provides expected number of events, including extended term in likelihood.
[#1] INFO:Fitting -- RooAbsPdf::fitTo(model) fixing normalization set for coefficient determination to observables in data
[#1] INFO:Fitting -- Creation of NLL object took 180.992 μs
[#1] INFO:Fitting -- RooAddition::defaultErrorLevel(nll_model_data) Summation contains a RooNLLVar, using its error level
[#1] INFO:Minimization -- RooAbsMinimizerFcn::setOptimizeConst: activating const optimization
[#1] INFO:Fitting -- RooAbsPdf::fitTo(model) Calculating sum-of-weights-squared correction matrix for covariance matrix
[#1] INFO:Minimization -- RooAbsMinimizerFcn::setOptimizeConst: deactivating const optimization
Total chi2/ndf: 3.53587
  Fit Result: Chi2/NDF = 134.363/39 = 3.4452, Status = 0
[#1] INFO:Plotting -- RooAbsPdf::plotOn(model) directly selected PDF components: (pdf10)
[#1] INFO:Plotting -- RooAbsPdf::plotOn(model) indirectly selected PDF components: ()
[#1] INFO:Plotting -- RooAbsPdf::plotOn(model) directly selected PDF components: (pdf11)
[#1] INFO:Plotting -- RooAbsPdf::plotOn(model) indirectly selected PDF components: ()
1/mass: 0.05125 pull:-0.525484
1/mass: 0.05375 pull:-0.154657
1/mass: 0.05625 pull:-0.156727
1/mass: 0.05875 pull:0.0362126
1/mass: 0.06125 pull:1.53803
1/mass: 0.06375 pull:2.29637
1/mass: 0.06625 pull:1.2636
1/mass: 0.06875 pull:2.69619
1/mass: 0.07125 pull:1.15902
1/mass: 0.07375 pull:2.19849
1/mass: 0.07625 pull:3.25115
1/mass: 0.07875 pull:0.999703
1/mass: 0.08125 pull:0.682949
1/mass: 0.08375 pull:0.821298
1/mass: 0.08625 pull:0.720137
1/mass: 0.08875 pull:-0.262735
1/mass: 0.09125 pull:1.23128
1/mass: 0.09375 pull:0.781835
1/mass: 0.09625 pull:-1.31987
1/mass: 0.09875 pull:-1.31227
1/mass: 0.10125 pull:-3.19293
1/mass: 0.10375 pull:-2.47692
1/mass: 0.10625 pull:-1.81618
1/mass: 0.10875 pull:-1.65406
1/mass: 0.11125 pull:-0.778564
1/mass: 0.11375 pull:-1.26691
1/mass: 0.11625 pull:-0.922696
1/mass: 0.11875 pull:-1.36239
1/mass: 0.12125 pull:0.193141
1/mass: 0.12375 pull:0.154233
1/mass: 0.12625 pull:-0.693161
1/mass: 0.12875 pull:0.393876
1/mass: 0.13125 pull:2.17736
1/mass: 0.13375 pull:2.64154
1/mass: 0.13625 pull:4.80875
1/mass: 0.13875 pull:1.94512
1/mass: 0.14125 pull:3.73612
1/mass: 0.14375 pull:2.69882
1/mass: 0.14625 pull:1.51681
1/mass: 0.14875 pull:1.52219
2
2
Fitting bin 7 (Ek: 0.406144-0.587609 GeV/n)...
[#1] INFO:Minimization -- p.d.f. provides expected number of events, including extended term in likelihood.
[#1] INFO:Fitting -- RooAbsPdf::fitTo(model) fixing normalization set for coefficient determination to observables in data
[#1] INFO:Fitting -- Creation of NLL object took 207.762 μs
[#1] INFO:Fitting -- RooAddition::defaultErrorLevel(nll_model_data) Summation contains a RooNLLVar, using its error level
[#1] INFO:Minimization -- RooAbsMinimizerFcn::setOptimizeConst: activating const optimization
[#1] INFO:Fitting -- RooAbsPdf::fitTo(model) Calculating sum-of-weights-squared correction matrix for covariance matrix
[#1] INFO:Minimization -- RooAbsMinimizerFcn::setOptimizeConst: deactivating const optimization
Total chi2/ndf: 6.71547
  Fit Result: Chi2/NDF = 255.188/39 = 6.54328, Status = 0
[#1] INFO:Plotting -- RooAbsPdf::plotOn(model) directly selected PDF components: (pdf10)
[#1] INFO:Plotting -- RooAbsPdf::plotOn(model) indirectly selected PDF components: ()
[#1] INFO:Plotting -- RooAbsPdf::plotOn(model) directly selected PDF components: (pdf11)
[#1] INFO:Plotting -- RooAbsPdf::plotOn(model) indirectly selected PDF components: ()
1/mass: 0.05125 pull:0.714451
1/mass: 0.05375 pull:0.706928
1/mass: 0.05625 pull:1.25755
1/mass: 0.05875 pull:1.90325
1/mass: 0.06125 pull:1.33349
1/mass: 0.06375 pull:3.00144
1/mass: 0.06625 pull:2.42179
1/mass: 0.06875 pull:1.79061
1/mass: 0.07125 pull:1.67759
1/mass: 0.07375 pull:1.8387
1/mass: 0.07625 pull:2.59237
1/mass: 0.07875 pull:1.89657
1/mass: 0.08125 pull:2.6374
1/mass: 0.08375 pull:3.00825
1/mass: 0.08625 pull:1.66443
1/mass: 0.08875 pull:-0.0272594
1/mass: 0.09125 pull:-0.319402
1/mass: 0.09375 pull:0.629011
1/mass: 0.09625 pull:-2.14074
1/mass: 0.09875 pull:-2.65468
1/mass: 0.10125 pull:-2.08545
1/mass: 0.10375 pull:-2.23544
1/mass: 0.10625 pull:-2.334
1/mass: 0.10875 pull:-3.08506
1/mass: 0.11125 pull:-1.81538
1/mass: 0.11375 pull:-2.02403
1/mass: 0.11625 pull:-1.63478
1/mass: 0.11875 pull:-2.53406
1/mass: 0.12125 pull:0.926452
1/mass: 0.12375 pull:-0.485656
1/mass: 0.12625 pull:1.44116
1/mass: 0.12875 pull:1.96344
1/mass: 0.13125 pull:2.80491
1/mass: 0.13375 pull:3.14413
1/mass: 0.13625 pull:4.48772
1/mass: 0.13875 pull:5.09662
1/mass: 0.14125 pull:3.79383
1/mass: 0.14375 pull:5.05658
1/mass: 0.14625 pull:2.88122
1/mass: 0.14875 pull:4.66295
2
2
Fitting bin 9 (Ek: 0.587609-0.821474 GeV/n)...
[#1] INFO:Minimization -- p.d.f. provides expected number of events, including extended term in likelihood.
[#1] INFO:Fitting -- RooAbsPdf::fitTo(model) fixing normalization set for coefficient determination to observables in data
[#1] INFO:Fitting -- Creation of NLL object took 159.292 μs
[#1] INFO:Fitting -- RooAddition::defaultErrorLevel(nll_model_data) Summation contains a RooNLLVar, using its error level
[#1] INFO:Minimization -- RooAbsMinimizerFcn::setOptimizeConst: activating const optimization
[#1] INFO:Fitting -- RooAbsPdf::fitTo(model) Calculating sum-of-weights-squared correction matrix for covariance matrix
[#1] INFO:Minimization -- RooAbsMinimizerFcn::setOptimizeConst: deactivating const optimization
Total chi2/ndf: 15.5607
  Fit Result: Chi2/NDF = 591.307/39 = 15.1617, Status = 0
[#1] INFO:Plotting -- RooAbsPdf::plotOn(model) directly selected PDF components: (pdf10)
[#1] INFO:Plotting -- RooAbsPdf::plotOn(model) indirectly selected PDF components: ()
[#1] INFO:Plotting -- RooAbsPdf::plotOn(model) directly selected PDF components: (pdf11)
[#1] INFO:Plotting -- RooAbsPdf::plotOn(model) indirectly selected PDF components: ()
1/mass: 0.05125 pull:0.37713
1/mass: 0.05375 pull:1.20619
1/mass: 0.05625 pull:2.19708
1/mass: 0.05875 pull:2.33084
1/mass: 0.06125 pull:3.65679
1/mass: 0.06375 pull:3.14941
1/mass: 0.06625 pull:4.07665
1/mass: 0.06875 pull:5.09006
1/mass: 0.07125 pull:4.61297
1/mass: 0.07375 pull:3.49708
1/mass: 0.07625 pull:4.32568
1/mass: 0.07875 pull:3.74955
1/mass: 0.08125 pull:2.9641
1/mass: 0.08375 pull:3.04699
1/mass: 0.08625 pull:3.54773
1/mass: 0.08875 pull:2.30648
1/mass: 0.09125 pull:0.494244
1/mass: 0.09375 pull:-1.22646
1/mass: 0.09625 pull:-2.30555
1/mass: 0.09875 pull:-3.30077
1/mass: 0.10125 pull:-4.86352
1/mass: 0.10375 pull:-5.05618
1/mass: 0.10625 pull:-8.42404
1/mass: 0.10875 pull:-1.29432
1/mass: 0.11125 pull:-4.21173
1/mass: 0.11375 pull:-3.72721
1/mass: 0.11625 pull:-1.19083
1/mass: 0.11875 pull:-1.03525
1/mass: 0.12125 pull:2.06088
1/mass: 0.12375 pull:2.25814
1/mass: 0.12625 pull:3.04799
1/mass: 0.12875 pull:4.06918
1/mass: 0.13125 pull:5.67071
1/mass: 0.13375 pull:4.1636
1/mass: 0.13625 pull:4.19851
1/mass: 0.13875 pull:5.63489
1/mass: 0.14125 pull:3.7773
1/mass: 0.14375 pull:6.36638
1/mass: 0.14625 pull:4.9214
1/mass: 0.14875 pull:4.93463
2
2
Fitting bin 11 (Ek: 0.821474-1.11303 GeV/n)...
[#1] INFO:Minimization -- p.d.f. provides expected number of events, including extended term in likelihood.
[#1] INFO:Fitting -- RooAbsPdf::fitTo(model) fixing normalization set for coefficient determination to observables in data
[#1] INFO:Fitting -- Creation of NLL object took 168.942 μs
[#1] INFO:Fitting -- RooAddition::defaultErrorLevel(nll_model_data) Summation contains a RooNLLVar, using its error level
[#1] INFO:Minimization -- RooAbsMinimizerFcn::setOptimizeConst: activating const optimization
[#1] INFO:Fitting -- RooAbsPdf::fitTo(model) Calculating sum-of-weights-squared correction matrix for covariance matrix
[#1] INFO:Minimization -- RooAbsMinimizerFcn::setOptimizeConst: deactivating const optimization
Total chi2/ndf: 25.2921
  Fit Result: Chi2/NDF = 961.101/39 = 24.6436, Status = 0
[#1] INFO:Plotting -- RooAbsPdf::plotOn(model) directly selected PDF components: (pdf10)
[#1] INFO:Plotting -- RooAbsPdf::plotOn(model) indirectly selected PDF components: ()
[#1] INFO:Plotting -- RooAbsPdf::plotOn(model) directly selected PDF components: (pdf11)
[#1] INFO:Plotting -- RooAbsPdf::plotOn(model) indirectly selected PDF components: ()
1/mass: 0.05125 pull:1.22627
1/mass: 0.05375 pull:2.00574
1/mass: 0.05625 pull:3.99105
1/mass: 0.05875 pull:4.07382
1/mass: 0.06125 pull:4.64311
1/mass: 0.06375 pull:5.17765
1/mass: 0.06625 pull:6.65538
1/mass: 0.06875 pull:7.12711
1/mass: 0.07125 pull:5.7046
1/mass: 0.07375 pull:5.12537
1/mass: 0.07625 pull:6.48784
1/mass: 0.07875 pull:6.37616
1/mass: 0.08125 pull:5.71211
1/mass: 0.08375 pull:4.53525
1/mass: 0.08625 pull:3.83202
1/mass: 0.08875 pull:1.1101
1/mass: 0.09125 pull:-3.14997
1/mass: 0.09375 pull:-2.88193
1/mass: 0.09625 pull:-2.84114
1/mass: 0.09875 pull:-6.35928
1/mass: 0.10125 pull:-5.40698
1/mass: 0.10375 pull:-4.72885
1/mass: 0.10625 pull:-7.03855
1/mass: 0.10875 pull:-6.28696
1/mass: 0.11125 pull:-3.50636
1/mass: 0.11375 pull:-3.41306
1/mass: 0.11625 pull:-1.46123
1/mass: 0.11875 pull:-0.6991
1/mass: 0.12125 pull:1.69112
1/mass: 0.12375 pull:3.61123
1/mass: 0.12625 pull:3.78508
1/mass: 0.12875 pull:4.06125
1/mass: 0.13125 pull:4.94895
1/mass: 0.13375 pull:6.77283
1/mass: 0.13625 pull:5.55239
1/mass: 0.13875 pull:5.23962
1/mass: 0.14125 pull:6.14752
1/mass: 0.14375 pull:7.17076
1/mass: 0.14625 pull:5.83235
1/mass: 0.14875 pull:6.02933
2
2
Fitting bin 13 (Ek: 1.11303-1.4714 GeV/n)...
[#1] INFO:Minimization -- p.d.f. provides expected number of events, including extended term in likelihood.
[#1] INFO:Fitting -- RooAbsPdf::fitTo(model) fixing normalization set for coefficient determination to observables in data
[#1] INFO:Fitting -- Creation of NLL object took 172.972 μs
[#1] INFO:Fitting -- RooAddition::defaultErrorLevel(nll_model_data) Summation contains a RooNLLVar, using its error level
[#1] INFO:Minimization -- RooAbsMinimizerFcn::setOptimizeConst: activating const optimization
[#1] INFO:Fitting -- RooAbsPdf::fitTo(model) Calculating sum-of-weights-squared correction matrix for covariance matrix
[#1] INFO:Minimization -- RooAbsMinimizerFcn::setOptimizeConst: deactivating const optimization
Total chi2/ndf: 44.8857
  Fit Result: Chi2/NDF = 1705.66/39 = 43.7348, Status = 0
[#1] INFO:Plotting -- RooAbsPdf::plotOn(model) directly selected PDF components: (pdf10)
[#1] INFO:Plotting -- RooAbsPdf::plotOn(model) indirectly selected PDF components: ()
[#1] INFO:Plotting -- RooAbsPdf::plotOn(model) directly selected PDF components: (pdf11)
[#1] INFO:Plotting -- RooAbsPdf::plotOn(model) indirectly selected PDF components: ()
1/mass: 0.05125 pull:7.09161
1/mass: 0.05375 pull:6.4509
1/mass: 0.05625 pull:6.92957
1/mass: 0.05875 pull:7.79456
1/mass: 0.06125 pull:9.00198
1/mass: 0.06375 pull:7.7793
1/mass: 0.06625 pull:9.47311
1/mass: 0.06875 pull:9.01633
1/mass: 0.07375 pull:9.41794
1/mass: 0.07625 pull:7.83345
1/mass: 0.07875 pull:7.64083
1/mass: 0.08125 pull:6.92985
1/mass: 0.08375 pull:3.02576
1/mass: 0.08625 pull:1.90102
1/mass: 0.08875 pull:-1.60325
1/mass: 0.09125 pull:-1.49175
1/mass: 0.09375 pull:-4.83111
1/mass: 0.09625 pull:-6.62024
1/mass: 0.09875 pull:-9.0582
1/mass: 0.10125 pull:-8.35698
1/mass: 0.10375 pull:-8.67016
1/mass: 0.10625 pull:-5.11347
1/mass: 0.10875 pull:-4.41892
1/mass: 0.11125 pull:-4.93831
1/mass: 0.11375 pull:-5.29919
1/mass: 0.11625 pull:-0.835345
1/mass: 0.11875 pull:-0.528648
1/mass: 0.12125 pull:-0.44782
1/mass: 0.12375 pull:1.37744
1/mass: 0.12625 pull:3.79333
1/mass: 0.12875 pull:5.9788
1/mass: 0.13125 pull:4.92446
1/mass: 0.13375 pull:7.3743
1/mass: 0.13625 pull:6.39837
1/mass: 0.13875 pull:6.69302
1/mass: 0.14125 pull:7.18092
1/mass: 0.14375 pull:7.45656
1/mass: 0.14625 pull:7.04711
1/mass: 0.14875 pull:6.56669

--- Processing Detector: NaF ---
2
2
Fitting bin 11 (Ek: 0.821474-1.11303 GeV/n)...
[#1] INFO:Minimization -- p.d.f. provides expected number of events, including extended term in likelihood.
[#1] INFO:Fitting -- RooAbsPdf::fitTo(model) fixing normalization set for coefficient determination to observables in data
[#1] INFO:Fitting -- Creation of NLL object took 173.811 μs
[#1] INFO:Fitting -- RooAddition::defaultErrorLevel(nll_model_data) Summation contains a RooNLLVar, using its error level
[#1] INFO:Minimization -- RooAbsMinimizerFcn::setOptimizeConst: activating const optimization
[#1] INFO:Fitting -- RooAbsPdf::fitTo(model) Calculating sum-of-weights-squared correction matrix for covariance matrix
[#1] INFO:Minimization -- RooAbsMinimizerFcn::setOptimizeConst: deactivating const optimization
Total chi2/ndf: 2.57906
  Fit Result: Chi2/NDF = 95.4252/39 = 2.4468, Status = 0
[#1] INFO:Plotting -- RooAbsPdf::plotOn(model) directly selected PDF components: (pdf10)
[#1] INFO:Plotting -- RooAbsPdf::plotOn(model) indirectly selected PDF components: ()
[#1] INFO:Plotting -- RooAbsPdf::plotOn(model) directly selected PDF components: (pdf11)
[#1] INFO:Plotting -- RooAbsPdf::plotOn(model) indirectly selected PDF components: ()
1/mass: 0.05375 pull:1.37231
1/mass: 0.05625 pull:1.10375
1/mass: 0.05875 pull:0.449769
1/mass: 0.06125 pull:-2.92565
1/mass: 0.06375 pull:-1.11788
1/mass: 0.06625 pull:0.642532
1/mass: 0.06875 pull:-0.345958
1/mass: 0.07125 pull:-1.25749
1/mass: 0.07375 pull:0.719497
1/mass: 0.07625 pull:1.21326
1/mass: 0.07875 pull:0.719221
1/mass: 0.08125 pull:2.63424
1/mass: 0.08375 pull:1.09303
1/mass: 0.08625 pull:0.310526
1/mass: 0.08875 pull:1.73299
1/mass: 0.09125 pull:-0.00331938
1/mass: 0.09375 pull:-2.69179
1/mass: 0.09625 pull:0.121725
1/mass: 0.09875 pull:-0.78368
1/mass: 0.10125 pull:-1.14323
1/mass: 0.10375 pull:-1.30994
1/mass: 0.10625 pull:-0.432499
1/mass: 0.10875 pull:-0.650034
1/mass: 0.11125 pull:-1.52235
1/mass: 0.11375 pull:-1.95408
1/mass: 0.11625 pull:-1.00302
1/mass: 0.11875 pull:0.068367
1/mass: 0.12125 pull:-0.530961
1/mass: 0.12375 pull:0.561555
1/mass: 0.12625 pull:0.431809
1/mass: 0.12875 pull:1.8841
1/mass: 0.13125 pull:2.32655
1/mass: 0.13375 pull:2.28658
1/mass: 0.13625 pull:0.0747862
1/mass: 0.13875 pull:4.00073
1/mass: 0.14125 pull:2.57736
1/mass: 0.14375 pull:1.99027
1/mass: 0.14625 pull:1.85368
1/mass: 0.14875 pull:1.66667
2
2
Fitting bin 13 (Ek: 1.11303-1.4714 GeV/n)...
[#1] INFO:Minimization -- p.d.f. provides expected number of events, including extended term in likelihood.
[#1] INFO:Fitting -- RooAbsPdf::fitTo(model) fixing normalization set for coefficient determination to observables in data
[#1] INFO:Fitting -- Creation of NLL object took 150.871 μs
[#1] INFO:Fitting -- RooAddition::defaultErrorLevel(nll_model_data) Summation contains a RooNLLVar, using its error level
[#1] INFO:Minimization -- RooAbsMinimizerFcn::setOptimizeConst: activating const optimization
[#1] INFO:Fitting -- RooAbsPdf::fitTo(model) Calculating sum-of-weights-squared correction matrix for covariance matrix
[#1] INFO:Minimization -- RooAbsMinimizerFcn::setOptimizeConst: deactivating const optimization
Total chi2/ndf: 1.95086
  Fit Result: Chi2/NDF = 74.1328/39 = 1.90084, Status = 0
[#1] INFO:Plotting -- RooAbsPdf::plotOn(model) directly selected PDF components: (pdf10)
[#1] INFO:Plotting -- RooAbsPdf::plotOn(model) indirectly selected PDF components: ()
[#1] INFO:Plotting -- RooAbsPdf::plotOn(model) directly selected PDF components: (pdf11)
[#1] INFO:Plotting -- RooAbsPdf::plotOn(model) indirectly selected PDF components: ()
1/mass: 0.05125 pull:0.578724
1/mass: 0.05375 pull:0.072136
1/mass: 0.05625 pull:0.349073
1/mass: 0.05875 pull:0.614846
1/mass: 0.06125 pull:1.35033
1/mass: 0.06375 pull:0.612591
1/mass: 0.06625 pull:0.19975
1/mass: 0.06875 pull:0.386986
1/mass: 0.07125 pull:2.16952
1/mass: 0.07375 pull:1.40586
1/mass: 0.07625 pull:-0.0050007
1/mass: 0.07875 pull:1.01431
1/mass: 0.08125 pull:-0.716034
1/mass: 0.08375 pull:1.64073
1/mass: 0.08625 pull:0.35053
1/mass: 0.08875 pull:-0.0532734
1/mass: 0.09125 pull:-0.179673
1/mass: 0.09375 pull:1.41108
1/mass: 0.09625 pull:-0.89682
1/mass: 0.09875 pull:0.194967
1/mass: 0.10125 pull:-1.26586
1/mass: 0.10375 pull:-1.87323
1/mass: 0.10625 pull:-2.11271
1/mass: 0.10875 pull:-1.4869
1/mass: 0.11125 pull:-2.01857
1/mass: 0.11375 pull:-0.706203
1/mass: 0.11625 pull:0.349629
1/mass: 0.11875 pull:-0.0473042
1/mass: 0.12125 pull:0.213314
1/mass: 0.12375 pull:0.161687
1/mass: 0.12625 pull:1.65005
1/mass: 0.12875 pull:2.08148
1/mass: 0.13125 pull:1.63365
1/mass: 0.13375 pull:2.47835
1/mass: 0.13625 pull:1.56361
1/mass: 0.13875 pull:2.44344
1/mass: 0.14125 pull:3.01666
1/mass: 0.14375 pull:0.770981
1/mass: 0.14625 pull:2.53835
1/mass: 0.14875 pull:0.147016
2
2
Fitting bin 15 (Ek: 1.4714-1.91049 GeV/n)...
[#1] INFO:Minimization -- p.d.f. provides expected number of events, including extended term in likelihood.
[#1] INFO:Fitting -- RooAbsPdf::fitTo(model) fixing normalization set for coefficient determination to observables in data
[#1] INFO:Fitting -- Creation of NLL object took 127.121 μs
[#1] INFO:Fitting -- RooAddition::defaultErrorLevel(nll_model_data) Summation contains a RooNLLVar, using its error level
[#1] INFO:Minimization -- RooAbsMinimizerFcn::setOptimizeConst: activating const optimization
[#1] INFO:Fitting -- RooAbsPdf::fitTo(model) Calculating sum-of-weights-squared correction matrix for covariance matrix
[#1] INFO:Minimization -- RooAbsMinimizerFcn::setOptimizeConst: deactivating const optimization
Total chi2/ndf: 1.94257
  Fit Result: Chi2/NDF = 71.8752/39 = 1.84295, Status = 0
[#1] INFO:Plotting -- RooAbsPdf::plotOn(model) directly selected PDF components: (pdf10)
[#1] INFO:Plotting -- RooAbsPdf::plotOn(model) indirectly selected PDF components: ()
[#1] INFO:Plotting -- RooAbsPdf::plotOn(model) directly selected PDF components: (pdf11)
[#1] INFO:Plotting -- RooAbsPdf::plotOn(model) indirectly selected PDF components: ()
1/mass: 0.05125 pull:0.530752
1/mass: 0.05625 pull:0.35906
1/mass: 0.05875 pull:-0.960688
1/mass: 0.06125 pull:1.45962
1/mass: 0.06375 pull:2.25987
1/mass: 0.06625 pull:1.30617
1/mass: 0.06875 pull:-0.181712
1/mass: 0.07125 pull:0.83901
1/mass: 0.07375 pull:1.56648
1/mass: 0.07625 pull:-0.264702
1/mass: 0.07875 pull:1.63424
1/mass: 0.08125 pull:-0.301032
1/mass: 0.08375 pull:0.491091
1/mass: 0.08625 pull:-1.34975
1/mass: 0.08875 pull:0.345709
1/mass: 0.09125 pull:-0.164971
1/mass: 0.09375 pull:1.01562
1/mass: 0.09625 pull:-0.588439
1/mass: 0.09875 pull:0.585414
1/mass: 0.10125 pull:-0.823265
1/mass: 0.10375 pull:-0.270728
1/mass: 0.10625 pull:-1.35385
1/mass: 0.10875 pull:-1.28979
1/mass: 0.11125 pull:-2.1656
1/mass: 0.11375 pull:-3.57471
1/mass: 0.11625 pull:0.497118
1/mass: 0.11875 pull:1.09887
1/mass: 0.12125 pull:0.998743
1/mass: 0.12375 pull:0.644228
1/mass: 0.12625 pull:0.512678
1/mass: 0.12875 pull:1.10417
1/mass: 0.13125 pull:2.07031
1/mass: 0.13375 pull:2.1663
1/mass: 0.13625 pull:1.97982
1/mass: 0.13875 pull:1.02448
1/mass: 0.14125 pull:1.9553
1/mass: 0.14375 pull:1.82548
1/mass: 0.14625 pull:1.80995
1/mass: 0.14875 pull:1.09578
2
2
Fitting bin 17 (Ek: 1.91049-2.43494 GeV/n)...
[#1] INFO:Minimization -- p.d.f. provides expected number of events, including extended term in likelihood.
[#1] INFO:Fitting -- RooAbsPdf::fitTo(model) fixing normalization set for coefficient determination to observables in data
[#1] INFO:Fitting -- Creation of NLL object took 222.972 μs
[#1] INFO:Fitting -- RooAddition::defaultErrorLevel(nll_model_data) Summation contains a RooNLLVar, using its error level
[#1] INFO:Minimization -- RooAbsMinimizerFcn::setOptimizeConst: activating const optimization
[#1] INFO:Fitting -- RooAbsPdf::fitTo(model) Calculating sum-of-weights-squared correction matrix for covariance matrix
[#1] INFO:Minimization -- RooAbsMinimizerFcn::setOptimizeConst: deactivating const optimization
Total chi2/ndf: 2.83367
  Fit Result: Chi2/NDF = 107.679/39 = 2.76101, Status = 0
[#1] INFO:Plotting -- RooAbsPdf::plotOn(model) directly selected PDF components: (pdf10)
[#1] INFO:Plotting -- RooAbsPdf::plotOn(model) indirectly selected PDF components: ()
[#1] INFO:Plotting -- RooAbsPdf::plotOn(model) directly selected PDF components: (pdf11)
[#1] INFO:Plotting -- RooAbsPdf::plotOn(model) indirectly selected PDF components: ()
1/mass: 0.05125 pull:-0.0372976
1/mass: 0.05375 pull:-0.286079
1/mass: 0.05625 pull:0.0437836
1/mass: 0.05875 pull:0.376976
1/mass: 0.06125 pull:-1.33486
1/mass: 0.06375 pull:1.46416
1/mass: 0.06625 pull:-0.365517
1/mass: 0.06875 pull:-0.578341
1/mass: 0.07125 pull:1.50247
1/mass: 0.07375 pull:3.04884
1/mass: 0.07625 pull:1.13364
1/mass: 0.07875 pull:2.54894
1/mass: 0.08125 pull:2.05857
1/mass: 0.08375 pull:1.69628
1/mass: 0.08625 pull:-0.226731
1/mass: 0.08875 pull:1.17289
1/mass: 0.09125 pull:-0.603363
1/mass: 0.09375 pull:-0.0100022
1/mass: 0.09625 pull:-1.0898
1/mass: 0.09875 pull:-1.1667
1/mass: 0.10125 pull:-1.15332
1/mass: 0.10375 pull:-3.31994
1/mass: 0.10625 pull:-2.2531
1/mass: 0.10875 pull:-1.01444
1/mass: 0.11125 pull:-1.25715
1/mass: 0.11375 pull:-0.0982163
1/mass: 0.11625 pull:0.413154
1/mass: 0.11875 pull:-0.312783
1/mass: 0.12125 pull:-0.490287
1/mass: 0.12375 pull:0.566706
1/mass: 0.12625 pull:1.19085
1/mass: 0.12875 pull:2.45141
1/mass: 0.13125 pull:2.87343
1/mass: 0.13375 pull:1.13751
1/mass: 0.13625 pull:2.27638
1/mass: 0.13875 pull:3.28768
1/mass: 0.14125 pull:2.43821
1/mass: 0.14375 pull:1.34556
1/mass: 0.14625 pull:2.63452
1/mass: 0.14875 pull:1.93014
2
2
Fitting bin 19 (Ek: 2.43494-3.05875 GeV/n)...
[#1] INFO:Minimization -- p.d.f. provides expected number of events, including extended term in likelihood.
[#1] INFO:Fitting -- RooAbsPdf::fitTo(model) fixing normalization set for coefficient determination to observables in data
[#1] INFO:Fitting -- Creation of NLL object took 155.941 μs
[#1] INFO:Fitting -- RooAddition::defaultErrorLevel(nll_model_data) Summation contains a RooNLLVar, using its error level
[#1] INFO:Minimization -- RooAbsMinimizerFcn::setOptimizeConst: activating const optimization
[#1] INFO:Fitting -- RooAbsPdf::fitTo(model) Calculating sum-of-weights-squared correction matrix for covariance matrix
[#1] INFO:Minimization -- RooAbsMinimizerFcn::setOptimizeConst: deactivating const optimization
Total chi2/ndf: 2.17339
  Fit Result: Chi2/NDF = 78.242/39 = 2.0062, Status = 0
[#1] INFO:Plotting -- RooAbsPdf::plotOn(model) directly selected PDF components: (pdf10)
[#1] INFO:Plotting -- RooAbsPdf::plotOn(model) indirectly selected PDF components: ()
[#1] INFO:Plotting -- RooAbsPdf::plotOn(model) directly selected PDF components: (pdf11)
[#1] INFO:Plotting -- RooAbsPdf::plotOn(model) indirectly selected PDF components: ()
1/mass: 0.05375 pull:-0.172405
1/mass: 0.05875 pull:0.255655
1/mass: 0.06125 pull:-1.41906
1/mass: 0.06375 pull:0.169124
1/mass: 0.06625 pull:0.546366
1/mass: 0.06875 pull:0.348376
1/mass: 0.07125 pull:1.06602
1/mass: 0.07375 pull:0.988
1/mass: 0.07625 pull:-0.423447
1/mass: 0.07875 pull:1.42179
1/mass: 0.08125 pull:0.740175
1/mass: 0.08375 pull:2.15021
1/mass: 0.08625 pull:0.178554
1/mass: 0.08875 pull:1.2382
1/mass: 0.09125 pull:-1.08384
1/mass: 0.09375 pull:0.00725335
1/mass: 0.09625 pull:1.24591
1/mass: 0.09875 pull:-0.38836
1/mass: 0.10125 pull:-1.18245
1/mass: 0.10375 pull:-4.2725
1/mass: 0.10625 pull:-0.57879
1/mass: 0.10875 pull:-0.519729
1/mass: 0.11125 pull:-1.46717
1/mass: 0.11375 pull:-0.386124
1/mass: 0.11625 pull:-0.641195
1/mass: 0.11875 pull:0.632714
1/mass: 0.12125 pull:0.22861
1/mass: 0.12375 pull:-0.773314
1/mass: 0.12625 pull:0.318467
1/mass: 0.12875 pull:2.36053
1/mass: 0.13125 pull:0.384956
1/mass: 0.13375 pull:2.43825
1/mass: 0.13625 pull:2.75015
1/mass: 0.13875 pull:2.11925
1/mass: 0.14125 pull:1.59614
1/mass: 0.14375 pull:2.49704
1/mass: 0.14625 pull:1.79354
1/mass: 0.14875 pull:1.38392
2
2
Fitting bin 21 (Ek: 3.05875-3.79127 GeV/n)...
[#1] INFO:Minimization -- p.d.f. provides expected number of events, including extended term in likelihood.
[#1] INFO:Fitting -- RooAbsPdf::fitTo(model) fixing normalization set for coefficient determination to observables in data
[#1] INFO:Fitting -- Creation of NLL object took 154.361 μs
[#1] INFO:Fitting -- RooAddition::defaultErrorLevel(nll_model_data) Summation contains a RooNLLVar, using its error level
[#1] INFO:Minimization -- RooAbsMinimizerFcn::setOptimizeConst: activating const optimization
[#1] INFO:Fitting -- RooAbsPdf::fitTo(model) Calculating sum-of-weights-squared correction matrix for covariance matrix
[#1] INFO:Minimization -- RooAbsMinimizerFcn::setOptimizeConst: deactivating const optimization
Total chi2/ndf: 1.82797
  Fit Result: Chi2/NDF = 67.6347/39 = 1.73422, Status = 0
[#1] INFO:Plotting -- RooAbsPdf::plotOn(model) directly selected PDF components: (pdf10)
[#1] INFO:Plotting -- RooAbsPdf::plotOn(model) indirectly selected PDF components: ()
[#1] INFO:Plotting -- RooAbsPdf::plotOn(model) directly selected PDF components: (pdf11)
[#1] INFO:Plotting -- RooAbsPdf::plotOn(model) indirectly selected PDF components: ()
1/mass: 0.05375 pull:0.206262
1/mass: 0.05625 pull:-0.40495
1/mass: 0.05875 pull:0.780648
1/mass: 0.06125 pull:-0.176582
1/mass: 0.06375 pull:0.156637
1/mass: 0.06625 pull:0.560691
1/mass: 0.06875 pull:2.54324
1/mass: 0.07125 pull:1.95697
1/mass: 0.07375 pull:2.45132
1/mass: 0.07625 pull:0.552519
1/mass: 0.07875 pull:0.487856
1/mass: 0.08125 pull:0.613038
1/mass: 0.08375 pull:-1.37045
1/mass: 0.08625 pull:0.81554
1/mass: 0.08875 pull:1.30092
1/mass: 0.09125 pull:0.094446
1/mass: 0.09375 pull:-0.237342
1/mass: 0.09625 pull:-1.86915
1/mass: 0.09875 pull:0.338443
1/mass: 0.10125 pull:-1.34429
1/mass: 0.10375 pull:-0.434256
1/mass: 0.10625 pull:-1.77286
1/mass: 0.10875 pull:-0.00179078
1/mass: 0.11125 pull:-1.69165
1/mass: 0.11375 pull:-1.64715
1/mass: 0.11625 pull:-0.201558
1/mass: 0.11875 pull:0.89641
1/mass: 0.12125 pull:-0.230427
1/mass: 0.12375 pull:0.523828
1/mass: 0.12625 pull:0.282913
1/mass: 0.12875 pull:1.30041
1/mass: 0.13125 pull:0.601896
1/mass: 0.13375 pull:1.95429
1/mass: 0.13625 pull:3.54731
1/mass: 0.13875 pull:0.726413
1/mass: 0.14125 pull:1.1994
1/mass: 0.14375 pull:1.83497
1/mass: 0.14625 pull:1.82239
1/mass: 0.14875 pull:1.496
2
2
Fitting bin 23 (Ek: 3.79127-4.64682 GeV/n)...
[#1] INFO:Minimization -- p.d.f. provides expected number of events, including extended term in likelihood.
[#1] INFO:Fitting -- RooAbsPdf::fitTo(model) fixing normalization set for coefficient determination to observables in data
[#1] INFO:Fitting -- Creation of NLL object took 156.852 μs
[#1] INFO:Fitting -- RooAddition::defaultErrorLevel(nll_model_data) Summation contains a RooNLLVar, using its error level
[#1] INFO:Minimization -- RooAbsMinimizerFcn::setOptimizeConst: activating const optimization
[#1] INFO:Fitting -- RooAbsPdf::fitTo(model) Calculating sum-of-weights-squared correction matrix for covariance matrix
[#1] INFO:Minimization -- RooAbsMinimizerFcn::setOptimizeConst: deactivating const optimization
Total chi2/ndf: 2.16884
  Fit Result: Chi2/NDF = 82.416/39 = 2.11323, Status = 0
[#1] INFO:Plotting -- RooAbsPdf::plotOn(model) directly selected PDF components: (pdf10)
[#1] INFO:Plotting -- RooAbsPdf::plotOn(model) indirectly selected PDF components: ()
[#1] INFO:Plotting -- RooAbsPdf::plotOn(model) directly selected PDF components: (pdf11)
[#1] INFO:Plotting -- RooAbsPdf::plotOn(model) indirectly selected PDF components: ()
1/mass: 0.05125 pull:0.763711
1/mass: 0.05375 pull:0.578366
1/mass: 0.05625 pull:0.103648
1/mass: 0.05875 pull:-0.207469
1/mass: 0.06125 pull:-0.564606
1/mass: 0.06375 pull:-2.45256
1/mass: 0.06625 pull:1.87793
1/mass: 0.06875 pull:1.18798
1/mass: 0.07125 pull:1.88361
1/mass: 0.07375 pull:3.30056
1/mass: 0.07625 pull:0.38836
1/mass: 0.07875 pull:1.88189
1/mass: 0.08125 pull:0.958918
1/mass: 0.08375 pull:0.921041
1/mass: 0.08625 pull:0.553857
1/mass: 0.08875 pull:0.211903
1/mass: 0.09125 pull:-1.25026
1/mass: 0.09375 pull:-1.38413
1/mass: 0.09625 pull:1.04558
1/mass: 0.09875 pull:-1.76094
1/mass: 0.10125 pull:-1.13521
1/mass: 0.10375 pull:-1.59363
1/mass: 0.10625 pull:-1.94635
1/mass: 0.10875 pull:-0.663004
1/mass: 0.11125 pull:0.513582
1/mass: 0.11375 pull:-1.09146
1/mass: 0.11625 pull:0.142451
1/mass: 0.11875 pull:-0.88637
1/mass: 0.12125 pull:-0.017979
1/mass: 0.12375 pull:0.880705
1/mass: 0.12625 pull:-0.218873
1/mass: 0.12875 pull:1.36606
1/mass: 0.13125 pull:0.113875
1/mass: 0.13375 pull:1.13709
1/mass: 0.13625 pull:2.67099
1/mass: 0.13875 pull:1.31862
1/mass: 0.14125 pull:2.15299
1/mass: 0.14375 pull:2.8386
1/mass: 0.14625 pull:2.50361
1/mass: 0.14875 pull:0.314664
2
2
Fitting bin 25 (Ek: 4.64682-5.63491 GeV/n)...
[#1] INFO:Minimization -- p.d.f. provides expected number of events, including extended term in likelihood.
[#1] INFO:Fitting -- RooAbsPdf::fitTo(model) fixing normalization set for coefficient determination to observables in data
[#1] INFO:Fitting -- Creation of NLL object took 158.521 μs
[#1] INFO:Fitting -- RooAddition::defaultErrorLevel(nll_model_data) Summation contains a RooNLLVar, using its error level
[#1] INFO:Minimization -- RooAbsMinimizerFcn::setOptimizeConst: activating const optimization
[#1] INFO:Fitting -- RooAbsPdf::fitTo(model) Calculating sum-of-weights-squared correction matrix for covariance matrix
[#1] INFO:Minimization -- RooAbsMinimizerFcn::setOptimizeConst: deactivating const optimization
Total chi2/ndf: 2.17694
  Fit Result: Chi2/NDF = 82.7237/39 = 2.12112, Status = 0
[#1] INFO:Plotting -- RooAbsPdf::plotOn(model) directly selected PDF components: (pdf10)
[#1] INFO:Plotting -- RooAbsPdf::plotOn(model) indirectly selected PDF components: ()
[#1] INFO:Plotting -- RooAbsPdf::plotOn(model) directly selected PDF components: (pdf11)
[#1] INFO:Plotting -- RooAbsPdf::plotOn(model) indirectly selected PDF components: ()
1/mass: 0.05125 pull:0.971429
1/mass: 0.05375 pull:1.43983
1/mass: 0.05625 pull:0.47197
1/mass: 0.05875 pull:1.58432
1/mass: 0.06125 pull:-0.377329
1/mass: 0.06375 pull:1.14232
1/mass: 0.06625 pull:2.9513
1/mass: 0.06875 pull:0.788623
1/mass: 0.07125 pull:-0.238514
1/mass: 0.07375 pull:2.32728
1/mass: 0.07625 pull:0.519924
1/mass: 0.07875 pull:1.50636
1/mass: 0.08125 pull:1.30348
1/mass: 0.08375 pull:0.490745
1/mass: 0.08625 pull:2.84208
1/mass: 0.08875 pull:0.499209
1/mass: 0.09125 pull:-0.381728
1/mass: 0.09375 pull:-2.34046
1/mass: 0.09625 pull:-1.95917
1/mass: 0.09875 pull:-0.924322
1/mass: 0.10125 pull:-1.93567
1/mass: 0.10375 pull:-1.85833
1/mass: 0.10625 pull:-0.999328
1/mass: 0.10875 pull:-1.59512
1/mass: 0.11125 pull:0.384779
1/mass: 0.11375 pull:1.33404
1/mass: 0.11625 pull:0.0512013
1/mass: 0.11875 pull:1.8496
1/mass: 0.12125 pull:-0.626888
1/mass: 0.12375 pull:-2.3379
1/mass: 0.12625 pull:0.237442
1/mass: 0.12875 pull:1.94687
1/mass: 0.13125 pull:-0.373288
1/mass: 0.13375 pull:2.59434
1/mass: 0.13625 pull:0.018418
1/mass: 0.13875 pull:1.36955
1/mass: 0.14125 pull:0.80883
1/mass: 0.14375 pull:0.33042
1/mass: 0.14625 pull:1.49884
1/mass: 0.14875 pull:0.208643

--- Processing Detector: AGL ---
2
2
Fitting bin 19 (Ek: 2.43494-3.05875 GeV/n)...
[#1] INFO:Minimization -- p.d.f. provides expected number of events, including extended term in likelihood.
[#1] INFO:Fitting -- RooAbsPdf::fitTo(model) fixing normalization set for coefficient determination to observables in data
[#1] INFO:Fitting -- Creation of NLL object took 184.571 μs
[#1] INFO:Fitting -- RooAddition::defaultErrorLevel(nll_model_data) Summation contains a RooNLLVar, using its error level
[#1] INFO:Minimization -- RooAbsMinimizerFcn::setOptimizeConst: activating const optimization
[#1] INFO:Fitting -- RooAbsPdf::fitTo(model) Calculating sum-of-weights-squared correction matrix for covariance matrix
[#1] INFO:Minimization -- RooAbsMinimizerFcn::setOptimizeConst: deactivating const optimization
Total chi2/ndf: 8.69022
  Fit Result: Chi2/NDF = 330.228/39 = 8.46739, Status = 0
[#1] INFO:Plotting -- RooAbsPdf::plotOn(model) directly selected PDF components: (pdf10)
[#1] INFO:Plotting -- RooAbsPdf::plotOn(model) indirectly selected PDF components: ()
[#1] INFO:Plotting -- RooAbsPdf::plotOn(model) directly selected PDF components: (pdf11)
[#1] INFO:Plotting -- RooAbsPdf::plotOn(model) indirectly selected PDF components: ()
1/mass: 0.05125 pull:0.649523
1/mass: 0.05375 pull:0.218793
1/mass: 0.05625 pull:1.63083
1/mass: 0.05875 pull:1.06538
1/mass: 0.06125 pull:-1.10231
1/mass: 0.06375 pull:0.25791
1/mass: 0.06625 pull:0.867981
1/mass: 0.06875 pull:2.39575
1/mass: 0.07125 pull:3.14453
1/mass: 0.07375 pull:4.43905
1/mass: 0.07625 pull:1.36608
1/mass: 0.07875 pull:2.83353
1/mass: 0.08125 pull:0.258017
1/mass: 0.08375 pull:0.54545
1/mass: 0.08625 pull:2.37456
1/mass: 0.08875 pull:2.23223
1/mass: 0.09125 pull:0.286383
1/mass: 0.09375 pull:1.32277
1/mass: 0.09625 pull:-3.81962
1/mass: 0.09875 pull:-2.71433
1/mass: 0.10125 pull:-2.54928
1/mass: 0.10375 pull:-0.701817
1/mass: 0.10625 pull:-3.5
1/mass: 0.10875 pull:-1.48386
1/mass: 0.11125 pull:-1.60531
1/mass: 0.11375 pull:-3.04361
1/mass: 0.11625 pull:-2.14985
1/mass: 0.11875 pull:-0.370384
1/mass: 0.12125 pull:0.258549
1/mass: 0.12375 pull:-0.0262415
1/mass: 0.12625 pull:4.25785
1/mass: 0.12875 pull:3.66241
1/mass: 0.13125 pull:3.74638
1/mass: 0.13375 pull:4.54185
1/mass: 0.13625 pull:4.5718
1/mass: 0.13875 pull:5.43759
1/mass: 0.14125 pull:4.75001
1/mass: 0.14375 pull:6.00888
1/mass: 0.14625 pull:3.59227
1/mass: 0.14875 pull:4.1914
2
2
Fitting bin 21 (Ek: 3.05875-3.79127 GeV/n)...
[#1] INFO:Minimization -- p.d.f. provides expected number of events, including extended term in likelihood.
[#1] INFO:Fitting -- RooAbsPdf::fitTo(model) fixing normalization set for coefficient determination to observables in data
[#1] INFO:Fitting -- Creation of NLL object took 151.912 μs
[#1] INFO:Fitting -- RooAddition::defaultErrorLevel(nll_model_data) Summation contains a RooNLLVar, using its error level
[#1] INFO:Minimization -- RooAbsMinimizerFcn::setOptimizeConst: activating const optimization
[#1] INFO:Fitting -- RooAbsPdf::fitTo(model) Calculating sum-of-weights-squared correction matrix for covariance matrix
[#1] INFO:Minimization -- RooAbsMinimizerFcn::setOptimizeConst: deactivating const optimization
Total chi2/ndf: 7.29841
  Fit Result: Chi2/NDF = 277.34/39 = 7.11127, Status = 0
[#1] INFO:Plotting -- RooAbsPdf::plotOn(model) directly selected PDF components: (pdf10)
[#1] INFO:Plotting -- RooAbsPdf::plotOn(model) indirectly selected PDF components: ()
[#1] INFO:Plotting -- RooAbsPdf::plotOn(model) directly selected PDF components: (pdf11)
[#1] INFO:Plotting -- RooAbsPdf::plotOn(model) indirectly selected PDF components: ()
1/mass: 0.05125 pull:0.210069
1/mass: 0.05375 pull:-0.206944
1/mass: 0.05625 pull:0.216945
1/mass: 0.05875 pull:-0.937439
1/mass: 0.06125 pull:1.66251
1/mass: 0.06375 pull:-0.886852
1/mass: 0.06625 pull:1.60128
1/mass: 0.06875 pull:0.131792
1/mass: 0.07125 pull:1.33001
1/mass: 0.07375 pull:3.70053
1/mass: 0.07625 pull:2.0079
1/mass: 0.07875 pull:0.828001
1/mass: 0.08125 pull:2.00135
1/mass: 0.08375 pull:3.60149
1/mass: 0.08625 pull:0.801981
1/mass: 0.08875 pull:1.17484
1/mass: 0.09125 pull:0.960073
1/mass: 0.09375 pull:-1.34655
1/mass: 0.09625 pull:-1.10818
1/mass: 0.09875 pull:-1.87753
1/mass: 0.10125 pull:-1.79542
1/mass: 0.10375 pull:-3.31065
1/mass: 0.10625 pull:-1.78217
1/mass: 0.10875 pull:-1.08048
1/mass: 0.11125 pull:-3.36828
1/mass: 0.11375 pull:-0.960183
1/mass: 0.11625 pull:-2.32213
1/mass: 0.11875 pull:0.191226
1/mass: 0.12125 pull:-1.31777
1/mass: 0.12375 pull:2.52172
1/mass: 0.12625 pull:2.19882
1/mass: 0.12875 pull:3.83155
1/mass: 0.13125 pull:3.21052
1/mass: 0.13375 pull:3.48756
1/mass: 0.13625 pull:3.80737
1/mass: 0.13875 pull:6.11501
1/mass: 0.14125 pull:3.68451
1/mass: 0.14375 pull:4.93354
1/mass: 0.14625 pull:4.89477
1/mass: 0.14875 pull:4.84335
2
2
Fitting bin 23 (Ek: 3.79127-4.64682 GeV/n)...
[#1] INFO:Minimization -- p.d.f. provides expected number of events, including extended term in likelihood.
[#1] INFO:Fitting -- RooAbsPdf::fitTo(model) fixing normalization set for coefficient determination to observables in data
[#1] INFO:Fitting -- Creation of NLL object took 164.261 μs
[#1] INFO:Fitting -- RooAddition::defaultErrorLevel(nll_model_data) Summation contains a RooNLLVar, using its error level
[#1] INFO:Minimization -- RooAbsMinimizerFcn::setOptimizeConst: activating const optimization
[#1] INFO:Fitting -- RooAbsPdf::fitTo(model) Calculating sum-of-weights-squared correction matrix for covariance matrix
[#1] INFO:Minimization -- RooAbsMinimizerFcn::setOptimizeConst: deactivating const optimization
Total chi2/ndf: 5.75268
  Fit Result: Chi2/NDF = 218.602/39 = 5.60517, Status = 0
[#1] INFO:Plotting -- RooAbsPdf::plotOn(model) directly selected PDF components: (pdf10)
[#1] INFO:Plotting -- RooAbsPdf::plotOn(model) indirectly selected PDF components: ()
[#1] INFO:Plotting -- RooAbsPdf::plotOn(model) directly selected PDF components: (pdf11)
[#1] INFO:Plotting -- RooAbsPdf::plotOn(model) indirectly selected PDF components: ()
1/mass: 0.05125 pull:0.883989
1/mass: 0.05375 pull:-0.792372
1/mass: 0.05625 pull:0.58899
1/mass: 0.05875 pull:0.89601
1/mass: 0.06125 pull:-0.660994
1/mass: 0.06375 pull:0.710834
1/mass: 0.06625 pull:0.554677
1/mass: 0.06875 pull:0.975676
1/mass: 0.07125 pull:1.2159
1/mass: 0.07375 pull:2.00159
1/mass: 0.07625 pull:0.617649
1/mass: 0.07875 pull:1.54639
1/mass: 0.08125 pull:3.2936
1/mass: 0.08375 pull:1.37619
1/mass: 0.08625 pull:2.61821
1/mass: 0.08875 pull:0.33052
1/mass: 0.09125 pull:-0.529512
1/mass: 0.09375 pull:0.367609
1/mass: 0.09625 pull:-0.061394
1/mass: 0.09875 pull:-0.68548
1/mass: 0.10125 pull:-1.53612
1/mass: 0.10375 pull:-3.1493
1/mass: 0.10625 pull:-4.92597
1/mass: 0.10875 pull:-2.71702
1/mass: 0.11125 pull:-2.0789
1/mass: 0.11375 pull:-0.305615
1/mass: 0.11625 pull:-0.811082
1/mass: 0.11875 pull:0.481829
1/mass: 0.12125 pull:0.995916
1/mass: 0.12375 pull:1.13684
1/mass: 0.12625 pull:1.39863
1/mass: 0.12875 pull:2.99651
1/mass: 0.13125 pull:3.6206
1/mass: 0.13375 pull:3.70446
1/mass: 0.13625 pull:4.82996
1/mass: 0.13875 pull:4.04441
1/mass: 0.14125 pull:2.92089
1/mass: 0.14375 pull:4.0258
1/mass: 0.14625 pull:4.10472
1/mass: 0.14875 pull:3.79912
2
2
Fitting bin 25 (Ek: 4.64682-5.63491 GeV/n)...
[#1] INFO:Minimization -- p.d.f. provides expected number of events, including extended term in likelihood.
[#1] INFO:Fitting -- RooAbsPdf::fitTo(model) fixing normalization set for coefficient determination to observables in data
[#1] INFO:Fitting -- Creation of NLL object took 188.762 μs
[#1] INFO:Fitting -- RooAddition::defaultErrorLevel(nll_model_data) Summation contains a RooNLLVar, using its error level
[#1] INFO:Minimization -- RooAbsMinimizerFcn::setOptimizeConst: activating const optimization
[#1] INFO:Fitting -- RooAbsPdf::fitTo(model) Calculating sum-of-weights-squared correction matrix for covariance matrix
[#1] INFO:Minimization -- RooAbsMinimizerFcn::setOptimizeConst: deactivating const optimization
Total chi2/ndf: 5.63827
  Fit Result: Chi2/NDF = 214.254/39 = 5.4937, Status = 0
[#1] INFO:Plotting -- RooAbsPdf::plotOn(model) directly selected PDF components: (pdf10)
[#1] INFO:Plotting -- RooAbsPdf::plotOn(model) indirectly selected PDF components: ()
[#1] INFO:Plotting -- RooAbsPdf::plotOn(model) directly selected PDF components: (pdf11)
[#1] INFO:Plotting -- RooAbsPdf::plotOn(model) indirectly selected PDF components: ()
1/mass: 0.05125 pull:0.713727
1/mass: 0.05375 pull:-2.84766
1/mass: 0.05625 pull:-0.804949
1/mass: 0.05875 pull:-0.676909
1/mass: 0.06125 pull:0.0845237
1/mass: 0.06375 pull:-0.716444
1/mass: 0.06625 pull:0.435686
1/mass: 0.06875 pull:1.17882
1/mass: 0.07125 pull:1.77552
1/mass: 0.07375 pull:1.23531
1/mass: 0.07625 pull:1.60501
1/mass: 0.07875 pull:0.652633
1/mass: 0.08125 pull:1.79172
1/mass: 0.08375 pull:2.1438
1/mass: 0.08625 pull:1.04465
1/mass: 0.08875 pull:1.55744
1/mass: 0.09125 pull:1.43156
1/mass: 0.09375 pull:1.1112
1/mass: 0.09625 pull:-1.80023
1/mass: 0.09875 pull:-1.77417
1/mass: 0.10125 pull:-2.26477
1/mass: 0.10375 pull:-1.04845
1/mass: 0.10625 pull:-3.11752
1/mass: 0.10875 pull:-2.67602
1/mass: 0.11125 pull:-3.53577
1/mass: 0.11375 pull:-1.04494
1/mass: 0.11625 pull:-1.09856
1/mass: 0.11875 pull:0.313294
1/mass: 0.12125 pull:0.833252
1/mass: 0.12375 pull:-0.214756
1/mass: 0.12625 pull:3.14945
1/mass: 0.12875 pull:4.17472
1/mass: 0.13125 pull:3.71309
1/mass: 0.13375 pull:3.69106
1/mass: 0.13625 pull:1.29513
1/mass: 0.13875 pull:5.8222
1/mass: 0.14125 pull:4.03547
1/mass: 0.14375 pull:2.64449
1/mass: 0.14625 pull:3.36952
1/mass: 0.14875 pull:3.16869
2
2
Fitting bin 27 (Ek: 5.63491-6.775 GeV/n)...
[#1] INFO:Minimization -- p.d.f. provides expected number of events, including extended term in likelihood.
[#1] INFO:Fitting -- RooAbsPdf::fitTo(model) fixing normalization set for coefficient determination to observables in data
[#1] INFO:Fitting -- Creation of NLL object took 211.122 μs
[#1] INFO:Fitting -- RooAddition::defaultErrorLevel(nll_model_data) Summation contains a RooNLLVar, using its error level
[#1] INFO:Minimization -- RooAbsMinimizerFcn::setOptimizeConst: activating const optimization
[#1] INFO:Fitting -- RooAbsPdf::fitTo(model) Calculating sum-of-weights-squared correction matrix for covariance matrix
[#1] INFO:Minimization -- RooAbsMinimizerFcn::setOptimizeConst: deactivating const optimization
Total chi2/ndf: 5.01149
  Fit Result: Chi2/NDF = 190.437/39 = 4.88299, Status = 0
[#1] INFO:Plotting -- RooAbsPdf::plotOn(model) directly selected PDF components: (pdf10)
[#1] INFO:Plotting -- RooAbsPdf::plotOn(model) indirectly selected PDF components: ()
[#1] INFO:Plotting -- RooAbsPdf::plotOn(model) directly selected PDF components: (pdf11)
[#1] INFO:Plotting -- RooAbsPdf::plotOn(model) indirectly selected PDF components: ()
1/mass: 0.05125 pull:1.412
1/mass: 0.05375 pull:0.792248
1/mass: 0.05625 pull:0.88359
1/mass: 0.05875 pull:-0.925164
1/mass: 0.06125 pull:0.52533
1/mass: 0.06375 pull:0.0437911
1/mass: 0.06625 pull:0.319622
1/mass: 0.06875 pull:1.25893
1/mass: 0.07125 pull:0.879846
1/mass: 0.07375 pull:2.43883
1/mass: 0.07625 pull:1.17988
1/mass: 0.07875 pull:1.87006
1/mass: 0.08125 pull:2.80595
1/mass: 0.08375 pull:0.513665
1/mass: 0.08625 pull:4.05502
1/mass: 0.08875 pull:0.717947
1/mass: 0.09125 pull:-0.251697
1/mass: 0.09375 pull:-1.78286
1/mass: 0.09625 pull:-1.79952
1/mass: 0.09875 pull:0.0913211
1/mass: 0.10125 pull:-3.13126
1/mass: 0.10375 pull:-1.91736
1/mass: 0.10625 pull:-0.771243
1/mass: 0.10875 pull:-2.58232
1/mass: 0.11125 pull:-1.99626
1/mass: 0.11375 pull:-0.751902
1/mass: 0.11625 pull:-1.84635
1/mass: 0.11875 pull:-1.25313
1/mass: 0.12125 pull:-0.636127
1/mass: 0.12375 pull:2.5553
1/mass: 0.12625 pull:1.83167
1/mass: 0.12875 pull:3.96097
1/mass: 0.13125 pull:2.13249
1/mass: 0.13375 pull:2.24088
1/mass: 0.13625 pull:2.83201
1/mass: 0.13875 pull:3.80727
1/mass: 0.14125 pull:4.38543
1/mass: 0.14375 pull:3.8537
1/mass: 0.14625 pull:3.13756
1/mass: 0.14875 pull:2.95865
2
2
Fitting bin 29 (Ek: 6.775-8.11658 GeV/n)...
[#1] INFO:Minimization -- p.d.f. provides expected number of events, including extended term in likelihood.
[#1] INFO:Fitting -- RooAbsPdf::fitTo(model) fixing normalization set for coefficient determination to observables in data
[#1] INFO:Fitting -- Creation of NLL object took 128.522 μs
[#1] INFO:Fitting -- RooAddition::defaultErrorLevel(nll_model_data) Summation contains a RooNLLVar, using its error level
[#1] INFO:Minimization -- RooAbsMinimizerFcn::setOptimizeConst: activating const optimization
[#1] INFO:Fitting -- RooAbsPdf::fitTo(model) Calculating sum-of-weights-squared correction matrix for covariance matrix
[#1] INFO:Minimization -- RooAbsMinimizerFcn::setOptimizeConst: deactivating const optimization
Total chi2/ndf: 5.88897
  Fit Result: Chi2/NDF = 223.781/39 = 5.73797, Status = 0
[#1] INFO:Plotting -- RooAbsPdf::plotOn(model) directly selected PDF components: (pdf10)
[#1] INFO:Plotting -- RooAbsPdf::plotOn(model) indirectly selected PDF components: ()
[#1] INFO:Plotting -- RooAbsPdf::plotOn(model) directly selected PDF components: (pdf11)
[#1] INFO:Plotting -- RooAbsPdf::plotOn(model) indirectly selected PDF components: ()
1/mass: 0.05125 pull:0.608017
1/mass: 0.05375 pull:0.996806
1/mass: 0.05625 pull:1.36146
1/mass: 0.05875 pull:-0.326642
1/mass: 0.06125 pull:-0.045344
1/mass: 0.06375 pull:2.12523
1/mass: 0.06625 pull:1.13701
1/mass: 0.06875 pull:0.712194
1/mass: 0.07125 pull:-0.0500925
1/mass: 0.07375 pull:2.87448
1/mass: 0.07625 pull:2.99019
1/mass: 0.07875 pull:2.35388
1/mass: 0.08125 pull:2.01766
1/mass: 0.08375 pull:1.49268
1/mass: 0.08625 pull:2.50636
1/mass: 0.08875 pull:2.43456
1/mass: 0.09125 pull:-1.24138
1/mass: 0.09375 pull:0.565273
1/mass: 0.09625 pull:-0.622234
1/mass: 0.09875 pull:-3.533
1/mass: 0.10125 pull:-2.56616
1/mass: 0.10375 pull:-2.79026
1/mass: 0.10625 pull:-3.81056
1/mass: 0.10875 pull:-0.515003
1/mass: 0.11125 pull:-3.51289
1/mass: 0.11375 pull:-1.46119
1/mass: 0.11625 pull:-0.447831
1/mass: 0.11875 pull:0.247143
1/mass: 0.12125 pull:0.0423846
1/mass: 0.12375 pull:1.60132
1/mass: 0.12625 pull:2.53548
1/mass: 0.12875 pull:1.13031
1/mass: 0.13125 pull:3.68995
1/mass: 0.13375 pull:4.08711
1/mass: 0.13625 pull:3.89891
1/mass: 0.13875 pull:3.97606
1/mass: 0.14125 pull:0.739963
1/mass: 0.14375 pull:4.32459
1/mass: 0.14625 pull:3.20576
1/mass: 0.14875 pull:3.62362
2
2
Fitting bin 31 (Ek: 8.11658-9.65954 GeV/n)...
[#1] INFO:Minimization -- p.d.f. provides expected number of events, including extended term in likelihood.
[#1] INFO:Fitting -- RooAbsPdf::fitTo(model) fixing normalization set for coefficient determination to observables in data
[#1] INFO:Fitting -- Creation of NLL object took 195.082 μs
[#1] INFO:Fitting -- RooAddition::defaultErrorLevel(nll_model_data) Summation contains a RooNLLVar, using its error level
[#1] INFO:Minimization -- RooAbsMinimizerFcn::setOptimizeConst: activating const optimization
[#1] INFO:Fitting -- RooAbsPdf::fitTo(model) Calculating sum-of-weights-squared correction matrix for covariance matrix
[#1] INFO:Minimization -- RooAbsMinimizerFcn::setOptimizeConst: deactivating const optimization
Total chi2/ndf: 5.09317
  Fit Result: Chi2/NDF = 188.447/39 = 4.83198, Status = 0
[#1] INFO:Plotting -- RooAbsPdf::plotOn(model) directly selected PDF components: (pdf10)
[#1] INFO:Plotting -- RooAbsPdf::plotOn(model) indirectly selected PDF components: ()
[#1] INFO:Plotting -- RooAbsPdf::plotOn(model) directly selected PDF components: (pdf11)
[#1] INFO:Plotting -- RooAbsPdf::plotOn(model) indirectly selected PDF components: ()
1/mass: 0.05375 pull:-1.04427
1/mass: 0.05625 pull:0.887755
1/mass: 0.05875 pull:0.453938
1/mass: 0.06125 pull:1.7223
1/mass: 0.06375 pull:0.134653
1/mass: 0.06625 pull:0.24598
1/mass: 0.06875 pull:0.613837
1/mass: 0.07125 pull:0.848973
1/mass: 0.07375 pull:2.44909
1/mass: 0.07625 pull:1.4199
1/mass: 0.07875 pull:0.426203
1/mass: 0.08125 pull:2.97684
1/mass: 0.08375 pull:1.21109
1/mass: 0.08625 pull:0.236894
1/mass: 0.08875 pull:-0.0833704
1/mass: 0.09125 pull:1.78466
1/mass: 0.09375 pull:-0.236913
1/mass: 0.09625 pull:-1.11866
1/mass: 0.09875 pull:-2.26277
1/mass: 0.10125 pull:-3.76781
1/mass: 0.10375 pull:1.21823
1/mass: 0.10625 pull:-0.321589
1/mass: 0.10875 pull:-1.20558
1/mass: 0.11125 pull:-2.36983
1/mass: 0.11375 pull:-2.66071
1/mass: 0.11625 pull:-2.38966
1/mass: 0.11875 pull:-1.86167
1/mass: 0.12125 pull:0.250546
1/mass: 0.12375 pull:0.851787
1/mass: 0.12625 pull:0.466079
1/mass: 0.12875 pull:-0.458655
1/mass: 0.13125 pull:5.21297
1/mass: 0.13375 pull:3.08587
1/mass: 0.13625 pull:3.66299
1/mass: 0.13875 pull:3.66349
1/mass: 0.14125 pull:4.05896
1/mass: 0.14375 pull:3.74456
1/mass: 0.14625 pull:3.44187
1/mass: 0.14875 pull:2.79565
2
2
Fitting bin 33 (Ek: 9.65954-11.4536 GeV/n)...
[#1] INFO:Minimization -- p.d.f. provides expected number of events, including extended term in likelihood.
[#1] INFO:Fitting -- RooAbsPdf::fitTo(model) fixing normalization set for coefficient determination to observables in data
[#1] INFO:Fitting -- Creation of NLL object took 278.733 μs
[#1] INFO:Fitting -- RooAddition::defaultErrorLevel(nll_model_data) Summation contains a RooNLLVar, using its error level
[#1] INFO:Minimization -- RooAbsMinimizerFcn::setOptimizeConst: activating const optimization
[#1] INFO:Fitting -- RooAbsPdf::fitTo(model) Calculating sum-of-weights-squared correction matrix for covariance matrix
[#1] INFO:Minimization -- RooAbsMinimizerFcn::setOptimizeConst: deactivating const optimization
Total chi2/ndf: 3.95305
  Fit Result: Chi2/NDF = 150.216/39 = 3.85169, Status = 0
[#1] INFO:Plotting -- RooAbsPdf::plotOn(model) directly selected PDF components: (pdf10)
[#1] INFO:Plotting -- RooAbsPdf::plotOn(model) indirectly selected PDF components: ()
[#1] INFO:Plotting -- RooAbsPdf::plotOn(model) directly selected PDF components: (pdf11)
[#1] INFO:Plotting -- RooAbsPdf::plotOn(model) indirectly selected PDF components: ()
1/mass: 0.05125 pull:0.842297
1/mass: 0.05375 pull:0.237298
1/mass: 0.05625 pull:0.238949
1/mass: 0.05875 pull:0.924073
1/mass: 0.06125 pull:1.16024
1/mass: 0.06375 pull:1.97933
1/mass: 0.06625 pull:0.261282
1/mass: 0.06875 pull:1.67297
1/mass: 0.07125 pull:1.47874
1/mass: 0.07375 pull:0.971366
1/mass: 0.07625 pull:0.395826
1/mass: 0.07875 pull:0.135591
1/mass: 0.08125 pull:0.529842
1/mass: 0.08375 pull:1.25954
1/mass: 0.08625 pull:1.37621
1/mass: 0.08875 pull:1.6684
1/mass: 0.09125 pull:0.452963
1/mass: 0.09375 pull:0.813278
1/mass: 0.09625 pull:-0.497712
1/mass: 0.09875 pull:0.437171
1/mass: 0.10125 pull:-3.3083
1/mass: 0.10375 pull:-2.50731
1/mass: 0.10625 pull:-1.3456
1/mass: 0.10875 pull:-4.92402
1/mass: 0.11125 pull:-0.865623
1/mass: 0.11375 pull:-1.23059
1/mass: 0.11625 pull:-1.71872
1/mass: 0.11875 pull:-0.0482434
1/mass: 0.12125 pull:-0.396217
1/mass: 0.12375 pull:0.960199
1/mass: 0.12625 pull:2.40086
1/mass: 0.12875 pull:0.711831
1/mass: 0.13125 pull:-0.185906
1/mass: 0.13375 pull:3.43272
1/mass: 0.13625 pull:2.31562
1/mass: 0.13875 pull:3.02771
1/mass: 0.14125 pull:2.17117
1/mass: 0.14375 pull:3.62234
1/mass: 0.14625 pull:3.2306
1/mass: 0.14875 pull:4.33308
2
2
Fitting bin 35 (Ek: 11.4536-13.4986 GeV/n)...
[#1] INFO:Minimization -- p.d.f. provides expected number of events, including extended term in likelihood.
[#1] INFO:Fitting -- RooAbsPdf::fitTo(model) fixing normalization set for coefficient determination to observables in data
[#1] INFO:Fitting -- Creation of NLL object took 167.192 μs
[#1] INFO:Fitting -- RooAddition::defaultErrorLevel(nll_model_data) Summation contains a RooNLLVar, using its error level
[#1] INFO:Minimization -- RooAbsMinimizerFcn::setOptimizeConst: activating const optimization
[#1] INFO:Fitting -- RooAbsPdf::fitTo(model) Calculating sum-of-weights-squared correction matrix for covariance matrix
[#1] INFO:Minimization -- RooAbsMinimizerFcn::setOptimizeConst: deactivating const optimization
Total chi2/ndf: 2.53631
  Fit Result: Chi2/NDF = 96.3796/39 = 2.47127, Status = 0
[#1] INFO:Plotting -- RooAbsPdf::plotOn(model) directly selected PDF components: (pdf10)
[#1] INFO:Plotting -- RooAbsPdf::plotOn(model) indirectly selected PDF components: ()
[#1] INFO:Plotting -- RooAbsPdf::plotOn(model) directly selected PDF components: (pdf11)
[#1] INFO:Plotting -- RooAbsPdf::plotOn(model) indirectly selected PDF components: ()
1/mass: 0.05125 pull:-2.32113
1/mass: 0.05375 pull:1.22734
1/mass: 0.05625 pull:0.416969
1/mass: 0.05875 pull:0.0824716
1/mass: 0.06125 pull:1.04892
1/mass: 0.06375 pull:0.779505
1/mass: 0.06625 pull:1.80384
1/mass: 0.06875 pull:1.16091
1/mass: 0.07125 pull:2.17352
1/mass: 0.07375 pull:0.70473
1/mass: 0.07625 pull:1.40203
1/mass: 0.07875 pull:0.0462363
1/mass: 0.08125 pull:2.35116
1/mass: 0.08375 pull:2.03102
1/mass: 0.08625 pull:-2.18953
1/mass: 0.08875 pull:-0.568467
1/mass: 0.09125 pull:0.533204
1/mass: 0.09375 pull:0.438351
1/mass: 0.09625 pull:-0.0823792
1/mass: 0.09875 pull:-1.52663
1/mass: 0.10125 pull:-2.87635
1/mass: 0.10375 pull:-1.24153
1/mass: 0.10625 pull:0.306531
1/mass: 0.10875 pull:-1.16612
1/mass: 0.11125 pull:-1.59221
1/mass: 0.11375 pull:-1.20928
1/mass: 0.11625 pull:-0.175313
1/mass: 0.11875 pull:-1.25609
1/mass: 0.12125 pull:-0.396318
1/mass: 0.12375 pull:-1.18542
1/mass: 0.12625 pull:2.31898
1/mass: 0.12875 pull:0.032557
1/mass: 0.13125 pull:2.11512
1/mass: 0.13375 pull:-0.170067
1/mass: 0.13625 pull:2.0658
1/mass: 0.13875 pull:3.43524
1/mass: 0.14125 pull:2.79377
1/mass: 0.14375 pull:1.6225
1/mass: 0.14625 pull:1.56003
1/mass: 0.14875 pull:-0.982271
2
2
Fitting bin 37 (Ek: 13.4986-15.8444 GeV/n)...
[#1] INFO:Minimization -- p.d.f. provides expected number of events, including extended term in likelihood.
[#1] INFO:Fitting -- RooAbsPdf::fitTo(model) fixing normalization set for coefficient determination to observables in data
[#1] INFO:Fitting -- Creation of NLL object took 145.931 μs
[#1] INFO:Fitting -- RooAddition::defaultErrorLevel(nll_model_data) Summation contains a RooNLLVar, using its error level
[#1] INFO:Minimization -- RooAbsMinimizerFcn::setOptimizeConst: activating const optimization
[#1] INFO:Fitting -- RooAbsPdf::fitTo(model) Calculating sum-of-weights-squared correction matrix for covariance matrix
[#1] INFO:Minimization -- RooAbsMinimizerFcn::setOptimizeConst: deactivating const optimization
Total chi2/ndf: 1.61615
  Fit Result: Chi2/NDF = 61.4138/39 = 1.57471, Status = 0
[#1] INFO:Plotting -- RooAbsPdf::plotOn(model) directly selected PDF components: (pdf10)
[#1] INFO:Plotting -- RooAbsPdf::plotOn(model) indirectly selected PDF components: ()
[#1] INFO:Plotting -- RooAbsPdf::plotOn(model) directly selected PDF components: (pdf11)
[#1] INFO:Plotting -- RooAbsPdf::plotOn(model) indirectly selected PDF components: ()
1/mass: 0.05125 pull:0.17426
1/mass: 0.05375 pull:0.573978
1/mass: 0.05625 pull:-0.263537
1/mass: 0.05875 pull:0.928844
1/mass: 0.06125 pull:2.52545
1/mass: 0.06375 pull:0.128668
1/mass: 0.06625 pull:0.243263
1/mass: 0.06875 pull:0.635887
1/mass: 0.07125 pull:1.06376
1/mass: 0.07375 pull:1.57292
1/mass: 0.07625 pull:0.436028
1/mass: 0.07875 pull:-0.373937
1/mass: 0.08125 pull:1.88057
1/mass: 0.08375 pull:-0.091579
1/mass: 0.08625 pull:1.06508
1/mass: 0.08875 pull:0.219085
1/mass: 0.09125 pull:0.114281
1/mass: 0.09375 pull:-0.808489
1/mass: 0.09625 pull:-1.96448
1/mass: 0.09875 pull:-2.13991
1/mass: 0.10125 pull:-0.0944873
1/mass: 0.10375 pull:0.38661
1/mass: 0.10625 pull:-1.57203
1/mass: 0.10875 pull:-0.598586
1/mass: 0.11125 pull:0.631845
1/mass: 0.11375 pull:-0.432802
1/mass: 0.11625 pull:-2.4739
1/mass: 0.11875 pull:-0.249871
1/mass: 0.12125 pull:-1.08431
1/mass: 0.12375 pull:-0.341645
1/mass: 0.12625 pull:-0.230428
1/mass: 0.12875 pull:0.0561016
1/mass: 0.13125 pull:-0.955812
1/mass: 0.13375 pull:1.11574
1/mass: 0.13625 pull:1.68481
1/mass: 0.13875 pull:2.25103
1/mass: 0.14125 pull:1.82552
1/mass: 0.14375 pull:2.53864
1/mass: 0.14625 pull:1.10174
1/mass: 0.14875 pull:1.82612
2
2
Fitting bin 39 (Ek: 15.8444-18.5408 GeV/n)...
[#1] INFO:Minimization -- p.d.f. provides expected number of events, including extended term in likelihood.
[#1] INFO:Fitting -- RooAbsPdf::fitTo(model) fixing normalization set for coefficient determination to observables in data
[#1] INFO:Fitting -- Creation of NLL object took 159.782 μs
[#1] INFO:Fitting -- RooAddition::defaultErrorLevel(nll_model_data) Summation contains a RooNLLVar, using its error level
[#1] INFO:Minimization -- RooAbsMinimizerFcn::setOptimizeConst: activating const optimization
[#1] INFO:Fitting -- RooAbsPdf::fitTo(model) Calculating sum-of-weights-squared correction matrix for covariance matrix
[#1] INFO:Minimization -- RooAbsMinimizerFcn::setOptimizeConst: deactivating const optimization
Total chi2/ndf: 1.22964
  Fit Result: Chi2/NDF = 46.7265/39 = 1.19812, Status = 0
[#1] INFO:Plotting -- RooAbsPdf::plotOn(model) directly selected PDF components: (pdf10)
[#1] INFO:Plotting -- RooAbsPdf::plotOn(model) indirectly selected PDF components: ()
[#1] INFO:Plotting -- RooAbsPdf::plotOn(model) directly selected PDF components: (pdf11)
[#1] INFO:Plotting -- RooAbsPdf::plotOn(model) indirectly selected PDF components: ()
1/mass: 0.05125 pull:0.752478
1/mass: 0.05375 pull:-0.214217
1/mass: 0.05625 pull:0.46473
1/mass: 0.05875 pull:-0.626354
1/mass: 0.06125 pull:0.294837
1/mass: 0.06375 pull:-0.488362
1/mass: 0.06625 pull:0.275068
1/mass: 0.06875 pull:2.51981
1/mass: 0.07125 pull:0.964104
1/mass: 0.07375 pull:1.31616
1/mass: 0.07625 pull:0.831868
1/mass: 0.07875 pull:-1.21627
1/mass: 0.08125 pull:1.71974
1/mass: 0.08375 pull:1.78005
1/mass: 0.08625 pull:-1.30601
1/mass: 0.08875 pull:-0.618058
1/mass: 0.09125 pull:1.02629
1/mass: 0.09375 pull:-1.26208
1/mass: 0.09625 pull:-1.86781
1/mass: 0.09875 pull:-0.183625
1/mass: 0.10125 pull:-0.883972
1/mass: 0.10375 pull:-0.120169
1/mass: 0.10625 pull:-0.485074
1/mass: 0.10875 pull:-1.19609
1/mass: 0.11125 pull:-0.670921
1/mass: 0.11375 pull:-0.359662
1/mass: 0.11625 pull:-0.184764
1/mass: 0.11875 pull:-0.649092
1/mass: 0.12125 pull:-0.764147
1/mass: 0.12375 pull:0.984676
1/mass: 0.12625 pull:-0.75203
1/mass: 0.12875 pull:0.111082
1/mass: 0.13125 pull:1.87384
1/mass: 0.13375 pull:-0.865591
1/mass: 0.13625 pull:-1.21842
1/mass: 0.13875 pull:1.75221
1/mass: 0.14125 pull:1.03844
1/mass: 0.14375 pull:0.0672817
1/mass: 0.14625 pull:1.47444
1/mass: 0.14875 pull:1.35642
2
2
Fitting bin 41 (Ek: 18.5408-21.6377 GeV/n)...
[#1] INFO:Minimization -- p.d.f. provides expected number of events, including extended term in likelihood.
[#1] INFO:Fitting -- RooAbsPdf::fitTo(model) fixing normalization set for coefficient determination to observables in data
[#1] INFO:Fitting -- Creation of NLL object took 250.763 μs
[#1] INFO:Fitting -- RooAddition::defaultErrorLevel(nll_model_data) Summation contains a RooNLLVar, using its error level
[#1] INFO:Minimization -- RooAbsMinimizerFcn::setOptimizeConst: activating const optimization
[#1] INFO:Fitting -- RooAbsPdf::fitTo(model) Calculating sum-of-weights-squared correction matrix for covariance matrix
[#1] INFO:Minimization -- RooAbsMinimizerFcn::setOptimizeConst: deactivating const optimization
Total chi2/ndf: 1.03852
  Fit Result: Chi2/NDF = 39.4638/39 = 1.01189, Status = 0
[#1] INFO:Plotting -- RooAbsPdf::plotOn(model) directly selected PDF components: (pdf10)
[#1] INFO:Plotting -- RooAbsPdf::plotOn(model) indirectly selected PDF components: ()
[#1] INFO:Plotting -- RooAbsPdf::plotOn(model) directly selected PDF components: (pdf11)
[#1] INFO:Plotting -- RooAbsPdf::plotOn(model) indirectly selected PDF components: ()
1/mass: 0.05125 pull:0.297322
1/mass: 0.05375 pull:0.56147
1/mass: 0.05625 pull:-0.339612
1/mass: 0.05875 pull:0.683982
1/mass: 0.06125 pull:2.44398
1/mass: 0.06375 pull:0.290976
1/mass: 0.06625 pull:0.74647
1/mass: 0.06875 pull:0.962583
1/mass: 0.07125 pull:1.12046
1/mass: 0.07375 pull:-0.336479
1/mass: 0.07625 pull:0.359893
1/mass: 0.07875 pull:0.142869
1/mass: 0.08125 pull:0.522344
1/mass: 0.08375 pull:-0.33382
1/mass: 0.08625 pull:0.548273
1/mass: 0.08875 pull:-0.331363
1/mass: 0.09125 pull:-0.143756
1/mass: 0.09375 pull:-0.60052
1/mass: 0.09625 pull:-1.95307
1/mass: 0.09875 pull:0.538583
1/mass: 0.10125 pull:-1.02924
1/mass: 0.10375 pull:0.331994
1/mass: 0.10625 pull:-0.922038
1/mass: 0.10875 pull:-0.54109
1/mass: 0.11125 pull:0.205679
1/mass: 0.11375 pull:-2.40036
1/mass: 0.11625 pull:-0.0221285
1/mass: 0.11875 pull:-0.717447
1/mass: 0.12125 pull:0.319051
1/mass: 0.12375 pull:1.80475
1/mass: 0.12625 pull:-0.792494
1/mass: 0.12875 pull:-1.19624
1/mass: 0.13125 pull:0.00989584
1/mass: 0.13375 pull:-0.747458
1/mass: 0.13625 pull:0.140386
1/mass: 0.13875 pull:0.646767
1/mass: 0.14125 pull:-0.632053
1/mass: 0.14375 pull:0.392316
1/mass: 0.14625 pull:0.911072
1/mass: 0.14875 pull:2.77603

[SUCCESS] Fitting process completed. Results saved to:
/eos/user/z/zixuan/Isotope/MassTempFit/wide_MassTF_B_L1Inner_H2_UseMass10_FragFromCarbon.pdf
/eos/user/z/zixuan/Isotope/MassTempFit/wide_MassTF_B_L1Inner_H2_UseMass10_FragFromCarbon.root
