
Processing ../rootlogon.C...
Processing compareFitResults.cpp...
[INFO] Starting compareFitResults...
[INFO] Opened output file for splines: /eos/user/z/zixuan/Isotope/ChargeFit/comparison_plots/allFitHistSplineSmooth_0.8_iter2.root

[PROCESS] Starting Template Comparison plots...

[INFO] Starting smart spline fit for: L1Inner_Beryllium_TOF_L1QTemplate_LG_Width (7 points)
****************************************
Minimizer is Minuit2 / Migrad
Chi2                      =      216.029
NDf                       =            5
Edm                       =  1.05944e-22
NCalls                    =           31
p0                        =    0.0390873   +/-   0.00166689  
p1                        =    0.0578756   +/-   0.000971561 
****************************************
Minimizer is Minuit2 / Migrad
Chi2                      =      13.4869
NDf                       =            4
Edm                       =   2.6021e-21
NCalls                    =           59
p0                        =    0.0245391   +/-   0.00195538  
p1                        =    0.0744586   +/-   0.00190835  
p2                        =    0.0497909   +/-   0.00112545  
****************************************
Minimizer is Minuit2 / Migrad
Chi2                      =      4.32387
NDf                       =            3
Edm                       =  2.29026e-22
NCalls                    =           80
p0                        =    0.0266064   +/-   0.00220481  
p1                        =    0.0602687   +/-   0.00251876  
p2                        =    0.0733027   +/-   0.00182311  
p3                        =    0.0480978   +/-   0.0012508   
  [FIT] Found good fit candidate. Best segments so far: 3. Stopping search.
  [FIT] Finalizing with loop variable 'segments' = 3
****************************************
Minimizer is Minuit2 / Migrad
Chi2                      =      1.54655
NDf                       =            3
Edm                       =  1.50223e-21
NCalls                    =           82
p0                        =    0.0187542   +/-   0.00321902  
p1                        =    0.0601705   +/-   0.00240711  
p2                        =    0.0723769   +/-   0.00169635  
p3                        =    0.0417226   +/-   0.00175036  
[SUCCESS] Created final fit for L1Inner_Beryllium_TOF_L1QTemplate_LG_Width_spline with chi2/ndf = 1.44129

[INFO] Starting smart spline fit for: L1Inner_Beryllium_TOF_L2QTemplate_LG_Width (7 points)
****************************************
Minimizer is Minuit2 / Migrad
Chi2                      =      35.6289
NDf                       =            5
Edm                       =  2.43072e-23
NCalls                    =           31
p0                        =     0.029482   +/-   0.00168134  
p1                        =    0.0625169   +/-   0.00122708  
****************************************
Minimizer is Minuit2 / Migrad
Chi2                      =      22.1018
NDf                       =            4
Edm                       =  1.70144e-22
NCalls                    =           53
p0                        =    0.0248116   +/-   0.00210699  
p1                        =    0.0552644   +/-   0.00203318  
p2                        =    0.0583728   +/-   0.00166592  
****************************************
Minimizer is Minuit2 / Migrad
Chi2                      =      22.5072
NDf                       =            3
Edm                       =  6.86144e-22
NCalls                    =           80
p0                        =    0.0235403   +/-   0.00256017  
p1                        =    0.0480644   +/-   0.00244167  
p2                        =    0.0574975   +/-   0.00193068  
p3                        =     0.059629   +/-   0.0022159   
****************************************
Minimizer is Minuit2 / Migrad
Chi2                      =       5.0395
NDf                       =            2
Edm                       =   6.7919e-06
NCalls                    =           98
p0                        =    0.0284816   +/-   0.00304073  
p1                        =    0.0327138   +/-   0.00211387  
p2                        =    0.0613742   +/-   0.00256514  
p3                        =     0.056224   +/-   0.00132691  
p4                        =    0.0663179   +/-   0.00277578  
  [FIT] Found good fit candidate. Best segments so far: 4. Stopping search.
  [FIT] Finalizing with loop variable 'segments' = 4
****************************************
Minimizer is Minuit2 / Migrad
Chi2                      =      4.47265
NDf                       =            2
Edm                       =  2.42773e-07
NCalls                    =          110
p0                        =    0.0295339   +/-   0.00463365  
p1                        =    0.0327501   +/-   0.00212229  
p2                        =    0.0612659   +/-   0.00254551  
p3                        =    0.0560779   +/-   0.00134015  
p4                        =    0.0707544   +/-   0.00383487  
[SUCCESS] Created final fit for L1Inner_Beryllium_TOF_L2QTemplate_LG_Width_spline with chi2/ndf = 2.51975
begin drawing Beryllium L1Inner TOF LG_Width

[INFO] Starting smart spline fit for: L1Inner_Beryllium_TOF_L1QTemplate_LG_MPV (7 points)
****************************************
Minimizer is Minuit2 / Migrad
Chi2                      =       361.18
NDf                       =            5
Edm                       =   2.0012e-17
NCalls                    =           41
p0                        =      3.87683   +/-   0.00158018  
p1                        =      3.90294   +/-   0.000757642 
****************************************
Minimizer is Minuit2 / Migrad
Chi2                      =      11.3375
NDf                       =            4
Edm                       =  1.80201e-17
NCalls                    =           73
p0                        =      3.91065   +/-   0.00240121  
p1                        =      3.87873   +/-   0.000938354 
p2                        =       3.9142   +/-   0.00096773  
****************************************
Minimizer is Minuit2 / Migrad
Chi2                      =     0.707389
NDf                       =            3
Edm                       =  2.05316e-18
NCalls                    =          100
p0                        =      3.91728   +/-   0.00296424  
p1                        =      3.87858   +/-   0.00130546  
p2                        =      3.89004   +/-   0.000916741 
p3                        =      3.91272   +/-   0.00115136  
  [FIT] Found good fit candidate. Best segments so far: 3. Stopping search.
  [FIT] Finalizing with loop variable 'segments' = 3
****************************************
Minimizer is Minuit2 / Migrad
Chi2                      =      7.20081
NDf                       =            3
Edm                       =  1.27082e-17
NCalls                    =           98
p0                        =      3.93176   +/-   0.00402261  
p1                        =      3.87815   +/-   0.0012738   
p2                        =      3.89062   +/-   0.000859824 
p3                        =      3.91726   +/-   0.00157706  
[SUCCESS] Created final fit for L1Inner_Beryllium_TOF_L1QTemplate_LG_MPV_spline with chi2/ndf = 0.235796

[INFO] Starting smart spline fit for: L1Inner_Beryllium_TOF_L2QTemplate_LG_MPV (7 points)
****************************************
Minimizer is Minuit2 / Migrad
Chi2                      =      176.586
NDf                       =            5
Edm                       =  3.23511e-17
NCalls                    =           43
p0                        =      3.92233   +/-   0.00192392  
p1                        =      3.90012   +/-   0.000855801 
****************************************
Minimizer is Minuit2 / Migrad
Chi2                      =      8.65675
NDf                       =            4
Edm                       =  3.20816e-19
NCalls                    =           73
p0                        =      3.94698   +/-   0.00270517  
p1                        =      3.89771   +/-   0.00119969  
p2                        =      3.90808   +/-   0.00105337  
  [FIT] Found good fit candidate. Best segments so far: 2. Stopping search.
  [FIT] Finalizing with loop variable 'segments' = 2
****************************************
Minimizer is Minuit2 / Migrad
Chi2                      =      14.1723
NDf                       =            4
Edm                       =  1.95867e-17
NCalls                    =           77
p0                        =      3.95971   +/-   0.00350405  
p1                        =      3.89934   +/-   0.00108968  
p2                        =      3.91069   +/-   0.00136938  
[SUCCESS] Created final fit for L1Inner_Beryllium_TOF_L2QTemplate_LG_MPV_spline with chi2/ndf = 2.16419
begin drawing Beryllium L1Inner TOF LG_MPV

[INFO] Starting smart spline fit for: L1Inner_Beryllium_TOF_L1QTemplate_LG_Sigma (7 points)
****************************************
Minimizer is Minuit2 / Migrad
Chi2                      =      104.994
NDf                       =            5
Edm                       =  1.83356e-21
NCalls                    =           31
p0                        =     0.173776   +/-   0.00211923  
p1                        =     0.136314   +/-   0.00140168  
****************************************
Minimizer is Minuit2 / Migrad
Chi2                      =      37.8006
NDf                       =            4
Edm                       =  1.24712e-21
NCalls                    =           53
p0                        =     0.183772   +/-   0.00244505  
p1                        =       0.1282   +/-   0.0031366   
p2                        =     0.141984   +/-   0.00156308  
****************************************
Minimizer is Minuit2 / Migrad
Chi2                      =      6.82489
NDf                       =            3
Edm                       =  1.51683e-22
NCalls                    =           80
p0                        =     0.177536   +/-   0.00275523  
p1                        =     0.154656   +/-   0.00375797  
p2                        =     0.115851   +/-   0.00323862  
p3                        =      0.14607   +/-   0.00172399  
  [FIT] Found good fit candidate. Best segments so far: 3. Stopping search.
  [FIT] Finalizing with loop variable 'segments' = 3
****************************************
Minimizer is Minuit2 / Migrad
Chi2                      =      4.71283
NDf                       =            3
Edm                       =   1.0481e-20
NCalls                    =           84
p0                        =     0.179374   +/-   0.00418458  
p1                        =     0.154427   +/-   0.00355324  
p2                        =     0.117364   +/-   0.00300767  
p3                        =     0.154919   +/-   0.00250258  
[SUCCESS] Created final fit for L1Inner_Beryllium_TOF_L1QTemplate_LG_Sigma_spline with chi2/ndf = 2.27496

[INFO] Starting smart spline fit for: L1Inner_Beryllium_TOF_L2QTemplate_LG_Sigma (7 points)
****************************************
Minimizer is Minuit2 / Migrad
Chi2                      =      18.3349
NDf                       =            5
Edm                       =  4.81716e-22
NCalls                    =           31
p0                        =     0.173241   +/-   0.00204263  
p1                        =     0.128483   +/-   0.00184813  
****************************************
Minimizer is Minuit2 / Migrad
Chi2                      =      12.5282
NDf                       =            4
Edm                       =  1.46517e-21
NCalls                    =           53
p0                        =     0.169308   +/-   0.00261448  
p1                        =     0.154018   +/-   0.00296688  
p2                        =      0.12432   +/-   0.00252981  
****************************************
Minimizer is Minuit2 / Migrad
Chi2                      =      7.38216
NDf                       =            3
Edm                       =  7.79636e-21
NCalls                    =           82
p0                        =     0.165286   +/-   0.00316093  
p1                        =      0.16656   +/-   0.00315866  
p2                        =     0.138165   +/-   0.0030232   
p3                        =     0.129008   +/-   0.0035623   
  [FIT] Found good fit candidate. Best segments so far: 3. Stopping search.
  [FIT] Finalizing with loop variable 'segments' = 3
****************************************
Minimizer is Minuit2 / Migrad
Chi2                      =      6.02985
NDf                       =            3
Edm                       =  1.52157e-20
NCalls                    =           84
p0                        =     0.161586   +/-   0.00461176  
p1                        =      0.16625   +/-   0.00280663  
p2                        =     0.139194   +/-   0.00263717  
p3                        =     0.126259   +/-   0.00512552  
[SUCCESS] Created final fit for L1Inner_Beryllium_TOF_L2QTemplate_LG_Sigma_spline with chi2/ndf = 2.46072
begin drawing Beryllium L1Inner TOF LG_Sigma
begin drawing Beryllium L1Inner TOF LG_Chi2NDF

[INFO] Starting smart spline fit for: L1Inner_Beryllium_TOF_L1QTemplate_EGE_Peak (7 points)
****************************************
Minimizer is Minuit2 / Migrad
Chi2                      =      309.688
NDf                       =            5
Edm                       =  7.55826e-19
NCalls                    =           43
p0                        =      3.90726   +/-   0.00247239  
p1                        =      3.93192   +/-   0.00181702  
****************************************
Minimizer is Minuit2 / Migrad
Chi2                      =       2.6242
NDf                       =            4
Edm                       =  1.57571e-18
NCalls                    =           71
p0                        =      3.94716   +/-   0.00336123  
p1                        =      3.89417   +/-   0.00194456  
p2                        =      3.95795   +/-   0.00234668  
  [FIT] Found good fit candidate. Best segments so far: 2. Stopping search.
  [FIT] Finalizing with loop variable 'segments' = 2
****************************************
Minimizer is Minuit2 / Migrad
Chi2                      =      12.9723
NDf                       =            4
Edm                       =  5.16277e-18
NCalls                    =           71
p0                        =      3.96168   +/-   0.00444614  
p1                        =      3.89805   +/-   0.00178523  
p2                        =      3.97165   +/-   0.00301427  
[SUCCESS] Created final fit for L1Inner_Beryllium_TOF_L1QTemplate_EGE_Peak_spline with chi2/ndf = 0.65605

[INFO] Starting smart spline fit for: L1Inner_Beryllium_TOF_L2QTemplate_EGE_Peak (7 points)
****************************************
Minimizer is Minuit2 / Migrad
Chi2                      =      196.367
NDf                       =            5
Edm                       =  1.14711e-18
NCalls                    =           41
p0                        =      3.95254   +/-   0.0029288   
p1                        =      3.92502   +/-   0.0021041   
****************************************
Minimizer is Minuit2 / Migrad
Chi2                      =      4.24373
NDf                       =            4
Edm                       =  5.26486e-18
NCalls                    =           73
p0                        =      3.99264   +/-   0.00411644  
p1                        =      3.91166   +/-   0.00225733  
p2                        =      3.94861   +/-   0.00270609  
  [FIT] Found good fit candidate. Best segments so far: 2. Stopping search.
  [FIT] Finalizing with loop variable 'segments' = 2
****************************************
Minimizer is Minuit2 / Migrad
Chi2                      =      1.80324
NDf                       =            4
Edm                       =  3.66861e-18
NCalls                    =           71
p0                        =      4.01625   +/-   0.00552632  
p1                        =        3.915   +/-   0.00206911  
p2                        =       3.9574   +/-   0.00347874  
[SUCCESS] Created final fit for L1Inner_Beryllium_TOF_L2QTemplate_EGE_Peak_spline with chi2/ndf = 1.06093
begin drawing Beryllium L1Inner TOF EGE_Peak

[INFO] Starting smart spline fit for: L1Inner_Beryllium_TOF_L1QTemplate_EGE_SigmaL (7 points)
****************************************
Minimizer is Minuit2 / Migrad
Chi2                      =      237.845
NDf                       =            5
Edm                       =  2.88856e-22
NCalls                    =           33
p0                        =     0.159585   +/-   0.00168391  
p1                        =     0.147405   +/-   0.0011723   
****************************************
Minimizer is Minuit2 / Migrad
Chi2                      =      1.44656
NDf                       =            4
Edm                       =  1.64221e-20
NCalls                    =           57
p0                        =     0.183764   +/-   0.00230407  
p1                        =      0.13667   +/-   0.0012916   
p2                        =     0.161931   +/-   0.00150563  
  [FIT] Found good fit candidate. Best segments so far: 2. Stopping search.
  [FIT] Finalizing with loop variable 'segments' = 2
****************************************
Minimizer is Minuit2 / Migrad
Chi2                      =      9.00201
NDf                       =            4
Edm                       =  4.79515e-21
NCalls                    =           55
p0                        =     0.195842   +/-   0.00304042  
p1                        =     0.138991   +/-   0.00118344  
p2                        =     0.167585   +/-   0.00193331  
[SUCCESS] Created final fit for L1Inner_Beryllium_TOF_L1QTemplate_EGE_SigmaL_spline with chi2/ndf = 0.36164

[INFO] Starting smart spline fit for: L1Inner_Beryllium_TOF_L2QTemplate_EGE_SigmaL (7 points)
****************************************
Minimizer is Minuit2 / Migrad
Chi2                      =      111.448
NDf                       =            5
Edm                       =  1.18781e-21
NCalls                    =           33
p0                        =     0.165724   +/-   0.00196013  
p1                        =     0.144937   +/-   0.00138387  
****************************************
Minimizer is Minuit2 / Migrad
Chi2                      =      5.68073
NDf                       =            4
Edm                       =  9.43209e-23
NCalls                    =           53
p0                        =     0.185681   +/-   0.0027582   
p1                        =     0.141428   +/-   0.00149978  
p2                        =     0.156168   +/-   0.00176289  
  [FIT] Found good fit candidate. Best segments so far: 2. Stopping search.
  [FIT] Finalizing with loop variable 'segments' = 2
****************************************
Minimizer is Minuit2 / Migrad
Chi2                      =      10.6717
NDf                       =            4
Edm                       =  1.50507e-21
NCalls                    =           53
p0                        =     0.197565   +/-   0.00370097  
p1                        =     0.143114   +/-   0.00137709  
p2                        =     0.159993   +/-   0.00225948  
[SUCCESS] Created final fit for L1Inner_Beryllium_TOF_L2QTemplate_EGE_SigmaL_spline with chi2/ndf = 1.42018
begin drawing Beryllium L1Inner TOF EGE_SigmaL

[INFO] Starting smart spline fit for: L1Inner_Beryllium_TOF_L1QTemplate_EGE_SigmaR (7 points)
****************************************
Minimizer is Minuit2 / Migrad
Chi2                      =      182.524
NDf                       =            5
Edm                       =  3.21321e-22
NCalls                    =           31
p0                        =     0.260641   +/-   0.00265445  
p1                        =     0.236597   +/-   0.00278015  
****************************************
Minimizer is Minuit2 / Migrad
Chi2                      =      7.83378
NDf                       =            4
Edm                       =  1.42086e-19
NCalls                    =           63
p0                        =     0.230088   +/-   0.00351989  
p1                        =     0.270045   +/-   0.00232929  
p2                        =     0.203475   +/-   0.00374288  
  [FIT] Found good fit candidate. Best segments so far: 2. Stopping search.
  [FIT] Finalizing with loop variable 'segments' = 2
****************************************
Minimizer is Minuit2 / Migrad
Chi2                      =      12.5811
NDf                       =            4
Edm                       =  6.78281e-22
NCalls                    =           59
p0                        =     0.217106   +/-   0.00473268  
p1                        =     0.267476   +/-   0.00216426  
p2                        =     0.188655   +/-   0.00474476  
[SUCCESS] Created final fit for L1Inner_Beryllium_TOF_L1QTemplate_EGE_SigmaR_spline with chi2/ndf = 1.95844

[INFO] Starting smart spline fit for: L1Inner_Beryllium_TOF_L2QTemplate_EGE_SigmaR (7 points)
****************************************
Minimizer is Minuit2 / Migrad
Chi2                      =      147.484
NDf                       =            5
Edm                       =  1.42789e-22
NCalls                    =           31
p0                        =     0.246142   +/-   0.00320734  
p1                        =     0.243911   +/-   0.00304566  
****************************************
Minimizer is Minuit2 / Migrad
Chi2                      =      15.3522
NDf                       =            4
Edm                       =  1.20548e-21
NCalls                    =           53
p0                        =     0.205168   +/-   0.00479512  
p1                        =     0.267358   +/-   0.00255329  
p2                        =     0.211016   +/-   0.00417921  
****************************************
Minimizer is Minuit2 / Migrad
Chi2                      =      4.04305
NDf                       =            3
Edm                       =  9.15475e-21
NCalls                    =           88
p0                        =     0.190196   +/-   0.00633918  
p1                        =     0.265188   +/-   0.0028224   
p2                        =     0.246864   +/-   0.0032146   
p3                        =     0.218388   +/-   0.00510884  
  [FIT] Found good fit candidate. Best segments so far: 3. Stopping search.
  [FIT] Finalizing with loop variable 'segments' = 3
****************************************
Minimizer is Minuit2 / Migrad
Chi2                      =      1.53279
NDf                       =            3
Edm                       =  8.34998e-21
NCalls                    =           88
p0                        =     0.159108   +/-   0.00926803  
p1                        =     0.264124   +/-   0.00266566  
p2                        =     0.247612   +/-   0.00309864  
p3                        =     0.211468   +/-   0.00682101  
[SUCCESS] Created final fit for L1Inner_Beryllium_TOF_L2QTemplate_EGE_SigmaR_spline with chi2/ndf = 1.34768
begin drawing Beryllium L1Inner TOF EGE_SigmaR
  [SUCCESS] Wrote constant TF1 'L1Inner_Beryllium_TOF_L1QTemplate_EGE_AlphaL_spline' to file.
  [SUCCESS] Wrote constant TF1 'L1Inner_Beryllium_TOF_L2QTemplate_EGE_AlphaL_spline' to file.
begin drawing Beryllium L1Inner TOF EGE_AlphaL

[INFO] Starting smart spline fit for: L1Inner_Beryllium_TOF_L1QTemplate_EGE_AlphaR (7 points)
****************************************
Minimizer is Minuit2 / Migrad
Chi2                      =      15.9511
NDf                       =            5
Edm                       =  6.40898e-06
NCalls                    =           25
p0                        =      1.71431   +/-   0.0552275   
p1                        =      1.07038   +/-   0.0263862   
****************************************
Minimizer is Minuit2 / Migrad
Chi2                      =      7.71872
NDf                       =            4
Edm                       =   2.7294e-14
NCalls                    =           58
p0                        =      1.58738   +/-   0.0707862   
p1                        =      1.42887   +/-   0.0376569   
p2                        =       1.0155   +/-   0.0325784   
  [FIT] Found good fit candidate. Best segments so far: 2. Stopping search.
  [FIT] Finalizing with loop variable 'segments' = 2
****************************************
Minimizer is Minuit2 / Migrad
Chi2                      =      12.1009
NDf                       =            4
Edm                       =  9.33468e-10
NCalls                    =           58
p0                        =      1.61736   +/-   0.0888932   
p1                        =      1.40363   +/-   0.0343999   
p2                        =     0.946799   +/-   0.0420952   
[SUCCESS] Created final fit for L1Inner_Beryllium_TOF_L1QTemplate_EGE_AlphaR_spline with chi2/ndf = 1.92968

[INFO] Starting smart spline fit for: L1Inner_Beryllium_TOF_L2QTemplate_EGE_AlphaR (7 points)
****************************************
Minimizer is Minuit2 / Migrad
Chi2                      =      41.5118
NDf                       =            5
Edm                       =  9.06944e-23
NCalls                    =           31
p0                        =      1.47127   +/-   0.0613437   
p1                        =      1.17007   +/-   0.0304694   
****************************************
Minimizer is Minuit2 / Migrad
Chi2                      =      15.1738
NDf                       =            4
Edm                       =  2.21263e-22
NCalls                    =           53
p0                        =      1.26868   +/-   0.0729486   
p1                        =      1.50947   +/-   0.0489772   
p2                        =      1.03429   +/-   0.0403526   
****************************************
Minimizer is Minuit2 / Migrad
Chi2                      =      1.49546
NDf                       =            3
Edm                       =   8.6587e-10
NCalls                    =           88
p0                        =      1.10965   +/-   0.0844124   
p1                        =       1.7906   +/-   0.0875562   
p2                        =      1.28955   +/-   0.0400225   
p3                        =      1.11561   +/-   0.0472499   
  [FIT] Found good fit candidate. Best segments so far: 3. Stopping search.
  [FIT] Finalizing with loop variable 'segments' = 3
****************************************
Minimizer is Minuit2 / Migrad
Chi2                      =     0.422485
NDf                       =            3
Edm                       =  1.96677e-21
NCalls                    =           84
p0                        =     0.850915   +/-   0.121531    
p1                        =      1.78071   +/-   0.0823761   
p2                        =      1.29134   +/-   0.0372982   
p3                        =      1.10874   +/-   0.0649556   
[SUCCESS] Created final fit for L1Inner_Beryllium_TOF_L2QTemplate_EGE_AlphaR_spline with chi2/ndf = 0.498488
begin drawing Beryllium L1Inner TOF EGE_AlphaR
begin drawing Beryllium L1Inner TOF EGE_Chi2NDF

[INFO] Starting smart spline fit for: L1Inner_Beryllium_NaF_L1QTemplate_LG_Width (16 points)
****************************************
Minimizer is Minuit2 / Migrad
Chi2                      =       14.874
NDf                       =           14
Edm                       =  7.44716e-24
NCalls                    =           31
p0                        =    0.0586652   +/-   0.00171736  
p1                        =     0.040313   +/-   0.00157282  
  [FIT] Found good fit candidate. Best segments so far: 1. Stopping search.
  [FIT] Finalizing with loop variable 'segments' = 1
****************************************
Minimizer is Minuit2 / Migrad
Chi2                      =      15.0973
NDf                       =           14
Edm                       =  5.92096e-23
NCalls                    =           31
p0                        =    0.0607678   +/-   0.00199695  
p1                        =    0.0381863   +/-   0.00184716  
[SUCCESS] Created final fit for L1Inner_Beryllium_NaF_L1QTemplate_LG_Width_spline with chi2/ndf = 1.06243

[INFO] Starting smart spline fit for: L1Inner_Beryllium_NaF_L2QTemplate_LG_Width (16 points)
****************************************
Minimizer is Minuit2 / Migrad
Chi2                      =       29.192
NDf                       =           14
Edm                       =  3.99445e-24
NCalls                    =           31
p0                        =    0.0578663   +/-   0.00206262  
p1                        =    0.0381469   +/-   0.00189264  
****************************************
Minimizer is Minuit2 / Migrad
Chi2                      =      26.6435
NDf                       =           13
Edm                       =  8.33273e-23
NCalls                    =           59
p0                        =    0.0604716   +/-   0.00263019  
p1                        =    0.0429805   +/-   0.00181684  
p2                        =    0.0410363   +/-   0.00261879  
  [FIT] Found good fit candidate. Best segments so far: 1. Stopping search.
  [FIT] Finalizing with loop variable 'segments' = 1
****************************************
Minimizer is Minuit2 / Migrad
Chi2                      =      32.0501
NDf                       =           14
Edm                       =  1.83649e-22
NCalls                    =           31
p0                        =     0.059532   +/-   0.0023757   
p1                        =    0.0364263   +/-   0.00219697  
[SUCCESS] Created final fit for L1Inner_Beryllium_NaF_L2QTemplate_LG_Width_spline with chi2/ndf = 2.08514
begin drawing Beryllium L1Inner NaF LG_Width

[INFO] Starting smart spline fit for: L1Inner_Beryllium_NaF_L1QTemplate_LG_MPV (16 points)
****************************************
Minimizer is Minuit2 / Migrad
Chi2                      =      45.1979
NDf                       =           14
Edm                       =  5.78897e-18
NCalls                    =           43
p0                        =      3.89869   +/-   0.00151704  
p1                        =      3.92454   +/-   0.00168819  
****************************************
Minimizer is Minuit2 / Migrad
Chi2                      =      37.1441
NDf                       =           13
Edm                       =   2.3068e-07
NCalls                    =           71
p0                        =      3.89554   +/-   0.00187976  
p1                        =      3.91828   +/-   0.00146555  
p2                        =      3.91969   +/-   0.00240191  
****************************************
Minimizer is Minuit2 / Migrad
Chi2                      =      20.6742
NDf                       =           12
Edm                       =  6.69787e-06
NCalls                    =          100
p0                        =      3.89099   +/-   0.00219058  
p1                        =      3.91486   +/-   0.00167971  
p2                        =      3.91513   +/-   0.0018565   
p3                        =      3.92576   +/-   0.00295809  
  [FIT] Found good fit candidate. Best segments so far: 3. Stopping search.
  [FIT] Finalizing with loop variable 'segments' = 3
****************************************
Minimizer is Minuit2 / Migrad
Chi2                      =      14.5605
NDf                       =           12
Edm                       =  9.27068e-18
NCalls                    =           98
p0                        =      3.88475   +/-   0.00286023  
p1                        =      3.91434   +/-   0.00154868  
p2                        =      3.91587   +/-   0.00178655  
p3                        =      3.92718   +/-   0.00376699  
[SUCCESS] Created final fit for L1Inner_Beryllium_NaF_L1QTemplate_LG_MPV_spline with chi2/ndf = 1.72285

[INFO] Starting smart spline fit for: L1Inner_Beryllium_NaF_L2QTemplate_LG_MPV (16 points)
****************************************
Minimizer is Minuit2 / Migrad
Chi2                      =       33.315
NDf                       =           14
Edm                       =  4.30561e-19
NCalls                    =           43
p0                        =      3.89826   +/-   0.00187593  
p1                        =      3.91094   +/-   0.00213154  
****************************************
Minimizer is Minuit2 / Migrad
Chi2                      =      33.2392
NDf                       =           13
Edm                       =   8.6191e-08
NCalls                    =           71
p0                        =      3.89867   +/-   0.0024079   
p1                        =      3.90601   +/-   0.0018882   
p2                        =      3.91147   +/-   0.00288514  
****************************************
Minimizer is Minuit2 / Migrad
Chi2                      =       29.845
NDf                       =           12
Edm                       =  1.45286e-14
NCalls                    =           98
p0                        =       3.9014   +/-   0.00286441  
p1                        =      3.90028   +/-   0.00200802  
p2                        =      3.91187   +/-   0.00258282  
p3                        =      3.90779   +/-   0.00355417  
  [FIT] Found good fit candidate. Best segments so far: 2. Stopping search.
  [FIT] Finalizing with loop variable 'segments' = 2
****************************************
Minimizer is Minuit2 / Migrad
Chi2                      =      33.8111
NDf                       =           13
Edm                       =  9.99742e-19
NCalls                    =           84
p0                        =      3.89785   +/-   0.00316785  
p1                        =      3.90554   +/-   0.00170693  
p2                        =      3.91311   +/-   0.00359706  
[SUCCESS] Created final fit for L1Inner_Beryllium_NaF_L2QTemplate_LG_MPV_spline with chi2/ndf = 2.55686
begin drawing Beryllium L1Inner NaF LG_MPV

[INFO] Starting smart spline fit for: L1Inner_Beryllium_NaF_L1QTemplate_LG_Sigma (16 points)
****************************************
Minimizer is Minuit2 / Migrad
Chi2                      =      17.2238
NDf                       =           14
Edm                       =  2.68482e-22
NCalls                    =           31
p0                        =     0.130519   +/-   0.00243402  
p1                        =     0.161542   +/-   0.00204612  
  [FIT] Found good fit candidate. Best segments so far: 1. Stopping search.
  [FIT] Finalizing with loop variable 'segments' = 1
****************************************
Minimizer is Minuit2 / Migrad
Chi2                      =      17.4145
NDf                       =           14
Edm                       =  6.46937e-22
NCalls                    =           31
p0                        =      0.12695   +/-   0.00282294  
p1                        =     0.165148   +/-   0.00241752  
[SUCCESS] Created final fit for L1Inner_Beryllium_NaF_L1QTemplate_LG_Sigma_spline with chi2/ndf = 1.23027

[INFO] Starting smart spline fit for: L1Inner_Beryllium_NaF_L2QTemplate_LG_Sigma (16 points)
****************************************
Minimizer is Minuit2 / Migrad
Chi2                      =      34.1151
NDf                       =           14
Edm                       =  1.53957e-22
NCalls                    =           31
p0                        =     0.133731   +/-   0.00281077  
p1                        =     0.168177   +/-   0.00242197  
****************************************
Minimizer is Minuit2 / Migrad
Chi2                      =      27.0847
NDf                       =           13
Edm                       =  3.06433e-22
NCalls                    =           53
p0                        =     0.127692   +/-   0.00361749  
p1                        =      0.16059   +/-   0.00233079  
p2                        =     0.161914   +/-   0.00338297  
  [FIT] Found good fit candidate. Best segments so far: 1. Stopping search.
  [FIT] Finalizing with loop variable 'segments' = 1
****************************************
Minimizer is Minuit2 / Migrad
Chi2                      =      39.5903
NDf                       =           14
Edm                       =  2.04696e-22
NCalls                    =           31
p0                        =     0.130934   +/-   0.00323558  
p1                        =     0.171209   +/-   0.00283347  
[SUCCESS] Created final fit for L1Inner_Beryllium_NaF_L2QTemplate_LG_Sigma_spline with chi2/ndf = 2.43679
begin drawing Beryllium L1Inner NaF LG_Sigma
begin drawing Beryllium L1Inner NaF LG_Chi2NDF

[INFO] Starting smart spline fit for: L1Inner_Beryllium_NaF_L1QTemplate_EGE_Peak (16 points)
****************************************
Minimizer is Minuit2 / Migrad
Chi2                      =      54.3763
NDf                       =           14
Edm                       =  7.89045e-19
NCalls                    =           41
p0                        =      3.92936   +/-   0.00368601  
p1                        =      3.95547   +/-   0.00345565  
****************************************
Minimizer is Minuit2 / Migrad
Chi2                      =      28.9655
NDf                       =           13
Edm                       =  2.29424e-07
NCalls                    =           64
p0                        =      3.91537   +/-   0.00461383  
p1                        =      3.95799   +/-   0.00315859  
p2                        =      3.93809   +/-   0.004882    
  [FIT] Found good fit candidate. Best segments so far: 2. Stopping search.
  [FIT] Finalizing with loop variable 'segments' = 2
****************************************
Minimizer is Minuit2 / Migrad
Chi2                      =      21.5765
NDf                       =           13
Edm                       =  3.84972e-11
NCalls                    =           71
p0                        =      3.90289   +/-   0.00590519  
p1                        =      3.95688   +/-   0.00289233  
p2                        =      3.93302   +/-   0.0062467   
[SUCCESS] Created final fit for L1Inner_Beryllium_NaF_L1QTemplate_EGE_Peak_spline with chi2/ndf = 2.22812

[INFO] Starting smart spline fit for: L1Inner_Beryllium_NaF_L2QTemplate_EGE_Peak (16 points)
****************************************
Minimizer is Minuit2 / Migrad
Chi2                      =      20.7765
NDf                       =           14
Edm                       =  4.66003e-19
NCalls                    =           41
p0                        =      3.93553   +/-   0.00441107  
p1                        =      3.95216   +/-   0.00415811  
  [FIT] Found good fit candidate. Best segments so far: 1. Stopping search.
  [FIT] Finalizing with loop variable 'segments' = 1
****************************************
Minimizer is Minuit2 / Migrad
Chi2                      =      20.5884
NDf                       =           14
Edm                       =  3.14221e-19
NCalls                    =           43
p0                        =       3.9336   +/-   0.00504981  
p1                        =      3.95414   +/-   0.00480584  
[SUCCESS] Created final fit for L1Inner_Beryllium_NaF_L2QTemplate_EGE_Peak_spline with chi2/ndf = 1.48404
begin drawing Beryllium L1Inner NaF EGE_Peak

[INFO] Starting smart spline fit for: L1Inner_Beryllium_NaF_L1QTemplate_EGE_SigmaL (16 points)
****************************************
Minimizer is Minuit2 / Migrad
Chi2                      =      36.4745
NDf                       =           14
Edm                       =  7.97622e-23
NCalls                    =           31
p0                        =     0.146657   +/-   0.00243417  
p1                        =     0.166476   +/-   0.00227866  
****************************************
Minimizer is Minuit2 / Migrad
Chi2                      =      17.3759
NDf                       =           13
Edm                       =  8.75232e-22
NCalls                    =           59
p0                        =     0.138402   +/-   0.00308106  
p1                        =     0.166082   +/-   0.00206342  
p2                        =     0.156461   +/-   0.00323175  
  [FIT] Found good fit candidate. Best segments so far: 2. Stopping search.
  [FIT] Finalizing with loop variable 'segments' = 2
****************************************
Minimizer is Minuit2 / Migrad
Chi2                      =      14.4147
NDf                       =           13
Edm                       =  4.50336e-22
NCalls                    =           59
p0                        =     0.131484   +/-   0.00395095  
p1                        =     0.164996   +/-   0.00188385  
p2                        =     0.154561   +/-   0.00411829  
[SUCCESS] Created final fit for L1Inner_Beryllium_NaF_L1QTemplate_EGE_SigmaL_spline with chi2/ndf = 1.33661

[INFO] Starting smart spline fit for: L1Inner_Beryllium_NaF_L2QTemplate_EGE_SigmaL (16 points)
****************************************
Minimizer is Minuit2 / Migrad
Chi2                      =      24.7503
NDf                       =           14
Edm                       =  1.33761e-22
NCalls                    =           31
p0                        =     0.153053   +/-   0.00287843  
p1                        =     0.175986   +/-   0.00273311  
  [FIT] Found good fit candidate. Best segments so far: 1. Stopping search.
  [FIT] Finalizing with loop variable 'segments' = 1
****************************************
Minimizer is Minuit2 / Migrad
Chi2                      =      26.0018
NDf                       =           14
Edm                       =   1.7717e-21
NCalls                    =           31
p0                        =     0.150942   +/-   0.00330839  
p1                        =     0.178197   +/-   0.00316887  
[SUCCESS] Created final fit for L1Inner_Beryllium_NaF_L2QTemplate_EGE_SigmaL_spline with chi2/ndf = 1.76788
begin drawing Beryllium L1Inner NaF EGE_SigmaL

[INFO] Starting smart spline fit for: L1Inner_Beryllium_NaF_L1QTemplate_EGE_SigmaR (16 points)
****************************************
Minimizer is Minuit2 / Migrad
Chi2                      =       45.645
NDf                       =           14
Edm                       =  3.50323e-22
NCalls                    =           31
p0                        =     0.226259   +/-   0.00548747  
p1                        =     0.241598   +/-   0.00391974  
****************************************
Minimizer is Minuit2 / Migrad
Chi2                      =      22.3172
NDf                       =           13
Edm                       =  2.88299e-22
NCalls                    =           53
p0                        =     0.246054   +/-   0.00684908  
p1                        =     0.219549   +/-   0.00430468  
p2                        =     0.257526   +/-   0.00512242  
  [FIT] Found good fit candidate. Best segments so far: 2. Stopping search.
  [FIT] Finalizing with loop variable 'segments' = 2
****************************************
Minimizer is Minuit2 / Migrad
Chi2                      =      19.1637
NDf                       =           13
Edm                       =  1.24519e-05
NCalls                    =           59
p0                        =     0.255457   +/-   0.00860881  
p1                        =     0.220289   +/-   0.00398051  
p2                        =     0.267743   +/-   0.00659208  
[SUCCESS] Created final fit for L1Inner_Beryllium_NaF_L1QTemplate_EGE_SigmaR_spline with chi2/ndf = 1.71671

[INFO] Starting smart spline fit for: L1Inner_Beryllium_NaF_L2QTemplate_EGE_SigmaR (16 points)
****************************************
Minimizer is Minuit2 / Migrad
Chi2                      =       26.019
NDf                       =           14
Edm                       =  4.66994e-24
NCalls                    =           31
p0                        =     0.229082   +/-   0.00580252  
p1                        =     0.228842   +/-   0.00503171  
****************************************
Minimizer is Minuit2 / Migrad
Chi2                      =      18.6705
NDf                       =           13
Edm                       =  1.46381e-22
NCalls                    =           53
p0                        =     0.238854   +/-   0.00683107  
p1                        =     0.216682   +/-   0.00556607  
p2                        =      0.24276   +/-   0.00718858  
  [FIT] Found good fit candidate. Best segments so far: 1. Stopping search.
  [FIT] Finalizing with loop variable 'segments' = 1
****************************************
Minimizer is Minuit2 / Migrad
Chi2                      =      25.9471
NDf                       =           14
Edm                       =  2.65527e-23
NCalls                    =           31
p0                        =     0.230452   +/-   0.00640843  
p1                        =     0.227648   +/-   0.00577073  
[SUCCESS] Created final fit for L1Inner_Beryllium_NaF_L2QTemplate_EGE_SigmaR_spline with chi2/ndf = 1.8585
begin drawing Beryllium L1Inner NaF EGE_SigmaR
  [SUCCESS] Wrote constant TF1 'L1Inner_Beryllium_NaF_L1QTemplate_EGE_AlphaL_spline' to file.
  [SUCCESS] Wrote constant TF1 'L1Inner_Beryllium_NaF_L2QTemplate_EGE_AlphaL_spline' to file.
begin drawing Beryllium L1Inner NaF EGE_AlphaL

[INFO] Starting smart spline fit for: L1Inner_Beryllium_NaF_L1QTemplate_EGE_AlphaR (16 points)
****************************************
Minimizer is Minuit2 / Migrad
Chi2                      =        16.88
NDf                       =           14
Edm                       =  3.44398e-23
NCalls                    =           31
p0                        =      1.06882   +/-   0.0596      
p1                        =      1.27389   +/-   0.0600702   
  [FIT] Found good fit candidate. Best segments so far: 1. Stopping search.
  [FIT] Finalizing with loop variable 'segments' = 1
****************************************
Minimizer is Minuit2 / Migrad
Chi2                      =      17.5507
NDf                       =           14
Edm                       =  5.34006e-24
NCalls                    =           31
p0                        =      1.05082   +/-   0.0730592   
p1                        =      1.29249   +/-   0.0739046   
[SUCCESS] Created final fit for L1Inner_Beryllium_NaF_L1QTemplate_EGE_AlphaR_spline with chi2/ndf = 1.20572

[INFO] Starting smart spline fit for: L1Inner_Beryllium_NaF_L2QTemplate_EGE_AlphaR (16 points)
****************************************
Minimizer is Minuit2 / Migrad
Chi2                      =      15.4079
NDf                       =           14
Edm                       =   1.1394e-23
NCalls                    =           31
p0                        =     0.945781   +/-   0.0618057   
p1                        =      1.26856   +/-   0.0614282   
  [FIT] Found good fit candidate. Best segments so far: 1. Stopping search.
  [FIT] Finalizing with loop variable 'segments' = 1
****************************************
Minimizer is Minuit2 / Migrad
Chi2                      =      15.6615
NDf                       =           14
Edm                       =  1.99835e-23
NCalls                    =           31
p0                        =     0.905388   +/-   0.0736714   
p1                        =      1.30372   +/-   0.0717712   
[SUCCESS] Created final fit for L1Inner_Beryllium_NaF_L2QTemplate_EGE_AlphaR_spline with chi2/ndf = 1.10056
begin drawing Beryllium L1Inner NaF EGE_AlphaR
begin drawing Beryllium L1Inner NaF EGE_Chi2NDF

[INFO] Starting smart spline fit for: L1Inner_Beryllium_AGL_L1QTemplate_LG_Width (22 points)
****************************************
Minimizer is Minuit2 / Migrad
Chi2                      =      26.0249
NDf                       =           20
Edm                       =  2.48064e-22
NCalls                    =           31
p0                        =    0.0428496   +/-   0.000604085 
p1                        =     0.043883   +/-   0.000945434 
  [FIT] Found good fit candidate. Best segments so far: 1. Stopping search.
  [FIT] Finalizing with loop variable 'segments' = 1
****************************************
Minimizer is Minuit2 / Migrad
Chi2                      =      26.0697
NDf                       =           20
Edm                       =  4.03591e-24
NCalls                    =           31
p0                        =    0.0427651   +/-   0.000700999 
p1                        =    0.0439596   +/-   0.00106428  
[SUCCESS] Created final fit for L1Inner_Beryllium_AGL_L1QTemplate_LG_Width_spline with chi2/ndf = 1.30124

[INFO] Starting smart spline fit for: L1Inner_Beryllium_AGL_L2QTemplate_LG_Width (22 points)
****************************************
Minimizer is Minuit2 / Migrad
Chi2                      =       33.075
NDf                       =           20
Edm                       =  1.20185e-22
NCalls                    =           31
p0                        =    0.0429247   +/-   0.00074588  
p1                        =    0.0438126   +/-   0.0011237   
  [FIT] Found good fit candidate. Best segments so far: 1. Stopping search.
  [FIT] Finalizing with loop variable 'segments' = 1
****************************************
Minimizer is Minuit2 / Migrad
Chi2                      =      33.1558
NDf                       =           20
Edm                       =  1.55011e-22
NCalls                    =           31
p0                        =    0.0428934   +/-   0.000859846 
p1                        =    0.0438158   +/-   0.00126851  
[SUCCESS] Created final fit for L1Inner_Beryllium_AGL_L2QTemplate_LG_Width_spline with chi2/ndf = 1.65375
begin drawing Beryllium L1Inner AGL LG_Width

[INFO] Starting smart spline fit for: L1Inner_Beryllium_AGL_L1QTemplate_LG_MPV (22 points)
****************************************
Minimizer is Minuit2 / Migrad
Chi2                      =      47.8708
NDf                       =           20
Edm                       =  3.94173e-19
NCalls                    =           41
p0                        =       3.9232   +/-   0.000689841 
p1                        =      3.94118   +/-   0.00103389  
****************************************
Minimizer is Minuit2 / Migrad
Chi2                      =      27.2973
NDf                       =           19
Edm                       =  1.04007e-07
NCalls                    =           74
p0                        =      3.92117   +/-   0.000822931 
p1                        =      3.93662   +/-   0.000833088 
p2                        =      3.93609   +/-   0.00152554  
  [FIT] Found good fit candidate. Best segments so far: 2. Stopping search.
  [FIT] Finalizing with loop variable 'segments' = 2
****************************************
Minimizer is Minuit2 / Migrad
Chi2                      =      28.8588
NDf                       =           19
Edm                       =  4.84442e-18
NCalls                    =           86
p0                        =      3.91881   +/-   0.00103481  
p1                        =      3.93553   +/-   0.00074553  
p2                        =      3.93735   +/-   0.00191807  
[SUCCESS] Created final fit for L1Inner_Beryllium_AGL_L1QTemplate_LG_MPV_spline with chi2/ndf = 1.4367

[INFO] Starting smart spline fit for: L1Inner_Beryllium_AGL_L2QTemplate_LG_MPV (22 points)
****************************************
Minimizer is Minuit2 / Migrad
Chi2                      =      34.0067
NDf                       =           20
Edm                       =  2.40698e-19
NCalls                    =           43
p0                        =      3.91597   +/-   0.000852486 
p1                        =      3.93037   +/-   0.00124121  
  [FIT] Found good fit candidate. Best segments so far: 1. Stopping search.
  [FIT] Finalizing with loop variable 'segments' = 1
****************************************
Minimizer is Minuit2 / Migrad
Chi2                      =      35.6229
NDf                       =           20
Edm                       =  2.65093e-18
NCalls                    =           43
p0                        =      3.91466   +/-   0.000984756 
p1                        =      3.93174   +/-   0.00140558  
[SUCCESS] Created final fit for L1Inner_Beryllium_AGL_L2QTemplate_LG_MPV_spline with chi2/ndf = 1.70034
begin drawing Beryllium L1Inner AGL LG_MPV

[INFO] Starting smart spline fit for: L1Inner_Beryllium_AGL_L1QTemplate_LG_Sigma (22 points)
****************************************
Minimizer is Minuit2 / Migrad
Chi2                      =      36.6683
NDf                       =           20
Edm                       =  2.22654e-21
NCalls                    =           35
p0                        =     0.155488   +/-   0.0008086   
p1                        =     0.147583   +/-   0.00123846  
****************************************
Minimizer is Minuit2 / Migrad
Chi2                      =      30.3575
NDf                       =           19
Edm                       =  4.62988e-10
NCalls                    =           60
p0                        =     0.154136   +/-   0.000971219 
p1                        =     0.152492   +/-   0.000970536 
p2                        =     0.144132   +/-   0.00184969  
  [FIT] Found good fit candidate. Best segments so far: 1. Stopping search.
  [FIT] Finalizing with loop variable 'segments' = 1
****************************************
Minimizer is Minuit2 / Migrad
Chi2                      =      37.5125
NDf                       =           20
Edm                       =  1.08538e-21
NCalls                    =           35
p0                        =     0.156195   +/-   0.0009391   
p1                        =     0.146894   +/-   0.0013969   
[SUCCESS] Created final fit for L1Inner_Beryllium_AGL_L1QTemplate_LG_Sigma_spline with chi2/ndf = 1.83341

[INFO] Starting smart spline fit for: L1Inner_Beryllium_AGL_L2QTemplate_LG_Sigma (22 points)
****************************************
Minimizer is Minuit2 / Migrad
Chi2                      =      29.6551
NDf                       =           20
Edm                       =  8.39283e-22
NCalls                    =           35
p0                        =     0.157525   +/-   0.000972881 
p1                        =       0.1475   +/-   0.00147084  
  [FIT] Found good fit candidate. Best segments so far: 1. Stopping search.
  [FIT] Finalizing with loop variable 'segments' = 1
****************************************
Minimizer is Minuit2 / Migrad
Chi2                      =      31.1284
NDf                       =           20
Edm                       =  1.42077e-21
NCalls                    =           35
p0                        =     0.158352   +/-   0.00112485  
p1                        =     0.146701   +/-   0.00166032  
[SUCCESS] Created final fit for L1Inner_Beryllium_AGL_L2QTemplate_LG_Sigma_spline with chi2/ndf = 1.48276
begin drawing Beryllium L1Inner AGL LG_Sigma
begin drawing Beryllium L1Inner AGL LG_Chi2NDF

[INFO] Starting smart spline fit for: L1Inner_Beryllium_AGL_L1QTemplate_EGE_Peak (22 points)
****************************************
Minimizer is Minuit2 / Migrad
Chi2                      =      34.9926
NDf                       =           20
Edm                       =   1.2735e-18
NCalls                    =           43
p0                        =      3.95505   +/-   0.00144844  
p1                        =      3.97486   +/-   0.00223566  
  [FIT] Found good fit candidate. Best segments so far: 1. Stopping search.
  [FIT] Finalizing with loop variable 'segments' = 1
****************************************
Minimizer is Minuit2 / Migrad
Chi2                      =      36.4159
NDf                       =           20
Edm                       =  1.89296e-22
NCalls                    =           39
p0                        =      3.95326   +/-   0.00168316  
p1                        =       3.9766   +/-   0.00251868  
[SUCCESS] Created final fit for L1Inner_Beryllium_AGL_L1QTemplate_EGE_Peak_spline with chi2/ndf = 1.74963

[INFO] Starting smart spline fit for: L1Inner_Beryllium_AGL_L2QTemplate_EGE_Peak (22 points)
****************************************
Minimizer is Minuit2 / Migrad
Chi2                      =      22.1011
NDf                       =           20
Edm                       =  5.55323e-19
NCalls                    =           43
p0                        =      3.94842   +/-   0.00166683  
p1                        =       3.9644   +/-   0.00185051  
  [FIT] Found good fit candidate. Best segments so far: 1. Stopping search.
  [FIT] Finalizing with loop variable 'segments' = 1
****************************************
Minimizer is Minuit2 / Migrad
Chi2                      =      23.2553
NDf                       =           20
Edm                       =  1.08348e-19
NCalls                    =           43
p0                        =      3.94686   +/-   0.00193503  
p1                        =      3.96637   +/-   0.00219975  
[SUCCESS] Created final fit for L1Inner_Beryllium_AGL_L2QTemplate_EGE_Peak_spline with chi2/ndf = 1.10505
begin drawing Beryllium L1Inner AGL EGE_Peak

[INFO] Starting smart spline fit for: L1Inner_Beryllium_AGL_L1QTemplate_EGE_SigmaL (22 points)
****************************************
Minimizer is Minuit2 / Migrad
Chi2                      =      35.7523
NDf                       =           20
Edm                       =  1.94272e-21
NCalls                    =           35
p0                        =     0.162029   +/-   0.000965517 
p1                        =       0.1568   +/-   0.00144689  
  [FIT] Found good fit candidate. Best segments so far: 1. Stopping search.
  [FIT] Finalizing with loop variable 'segments' = 1
****************************************
Minimizer is Minuit2 / Migrad
Chi2                      =      35.1093
NDf                       =           20
Edm                       =  2.30931e-22
NCalls                    =           35
p0                        =     0.162656   +/-   0.00112109  
p1                        =     0.156085   +/-   0.00163353  
[SUCCESS] Created final fit for L1Inner_Beryllium_AGL_L1QTemplate_EGE_SigmaL_spline with chi2/ndf = 1.78762

[INFO] Starting smart spline fit for: L1Inner_Beryllium_AGL_L2QTemplate_EGE_SigmaL (22 points)
****************************************
Minimizer is Minuit2 / Migrad
Chi2                      =      26.4849
NDf                       =           20
Edm                       =   3.4895e-22
NCalls                    =           35
p0                        =     0.164163   +/-   0.00111289  
p1                        =     0.158061   +/-   0.00150678  
  [FIT] Found good fit candidate. Best segments so far: 1. Stopping search.
  [FIT] Finalizing with loop variable 'segments' = 1
****************************************
Minimizer is Minuit2 / Migrad
Chi2                      =      26.2497
NDf                       =           20
Edm                       =   1.4534e-21
NCalls                    =           35
p0                        =     0.164841   +/-   0.00129463  
p1                        =     0.157279   +/-   0.00173636  
[SUCCESS] Created final fit for L1Inner_Beryllium_AGL_L2QTemplate_EGE_SigmaL_spline with chi2/ndf = 1.32425
begin drawing Beryllium L1Inner AGL EGE_SigmaL

[INFO] Starting smart spline fit for: L1Inner_Beryllium_AGL_L1QTemplate_EGE_SigmaR (22 points)
****************************************
Minimizer is Minuit2 / Migrad
Chi2                      =      36.1215
NDf                       =           20
Edm                       =  1.15674e-22
NCalls                    =           35
p0                        =     0.229911   +/-   0.00175377  
p1                        =     0.220286   +/-   0.00286509  
****************************************
Minimizer is Minuit2 / Migrad
Chi2                      =         31.2
NDf                       =           19
Edm                       =  3.74134e-22
NCalls                    =           53
p0                        =     0.227219   +/-   0.00213264  
p1                        =     0.227313   +/-   0.002118    
p2                        =     0.213244   +/-   0.00427627  
  [FIT] Found good fit candidate. Best segments so far: 1. Stopping search.
  [FIT] Finalizing with loop variable 'segments' = 1
****************************************
Minimizer is Minuit2 / Migrad
Chi2                      =      37.4987
NDf                       =           20
Edm                       =  6.23957e-23
NCalls                    =           35
p0                        =     0.230372   +/-   0.00205398  
p1                        =     0.220235   +/-   0.00321221  
[SUCCESS] Created final fit for L1Inner_Beryllium_AGL_L1QTemplate_EGE_SigmaR_spline with chi2/ndf = 1.80608

[INFO] Starting smart spline fit for: L1Inner_Beryllium_AGL_L2QTemplate_EGE_SigmaR (22 points)
****************************************
Minimizer is Minuit2 / Migrad
Chi2                      =      21.8109
NDf                       =           20
Edm                       =  2.11314e-23
NCalls                    =           35
p0                        =      0.23201   +/-   0.00198173  
p1                        =     0.220982   +/-   0.0024738   
  [FIT] Found good fit candidate. Best segments so far: 1. Stopping search.
  [FIT] Finalizing with loop variable 'segments' = 1
****************************************
Minimizer is Minuit2 / Migrad
Chi2                      =      22.2981
NDf                       =           20
Edm                       =  4.14276e-23
NCalls                    =           35
p0                        =      0.23306   +/-   0.00231475  
p1                        =      0.21977   +/-   0.00290006  
[SUCCESS] Created final fit for L1Inner_Beryllium_AGL_L2QTemplate_EGE_SigmaR_spline with chi2/ndf = 1.09055
begin drawing Beryllium L1Inner AGL EGE_SigmaR
  [SUCCESS] Wrote constant TF1 'L1Inner_Beryllium_AGL_L1QTemplate_EGE_AlphaL_spline' to file.
  [SUCCESS] Wrote constant TF1 'L1Inner_Beryllium_AGL_L2QTemplate_EGE_AlphaL_spline' to file.
begin drawing Beryllium L1Inner AGL EGE_AlphaL

[INFO] Starting smart spline fit for: L1Inner_Beryllium_AGL_L1QTemplate_EGE_AlphaR (22 points)
****************************************
Minimizer is Minuit2 / Migrad
Chi2                      =       32.347
NDf                       =           20
Edm                       =  3.06855e-23
NCalls                    =           31
p0                        =      1.26866   +/-   0.0179331   
p1                        =       1.1993   +/-   0.0288397   
  [FIT] Found good fit candidate. Best segments so far: 1. Stopping search.
  [FIT] Finalizing with loop variable 'segments' = 1
****************************************
Minimizer is Minuit2 / Migrad
Chi2                      =      33.0851
NDf                       =           20
Edm                       =  5.64216e-22
NCalls                    =           31
p0                        =      1.27169   +/-   0.0208266   
p1                        =      1.19898   +/-   0.0323999   
[SUCCESS] Created final fit for L1Inner_Beryllium_AGL_L1QTemplate_EGE_AlphaR_spline with chi2/ndf = 1.61735

[INFO] Starting smart spline fit for: L1Inner_Beryllium_AGL_L2QTemplate_EGE_AlphaR (22 points)
****************************************
Minimizer is Minuit2 / Migrad
Chi2                      =      22.7871
NDf                       =           20
Edm                       =  3.13338e-23
NCalls                    =           31
p0                        =      1.28967   +/-   0.0222535   
p1                        =      1.21655   +/-   0.0336259   
  [FIT] Found good fit candidate. Best segments so far: 1. Stopping search.
  [FIT] Finalizing with loop variable 'segments' = 1
****************************************
Minimizer is Minuit2 / Migrad
Chi2                      =      23.4036
NDf                       =           20
Edm                       =  1.82876e-22
NCalls                    =           31
p0                        =      1.29225   +/-   0.0257372   
p1                        =      1.21646   +/-   0.0379294   
[SUCCESS] Created final fit for L1Inner_Beryllium_AGL_L2QTemplate_EGE_AlphaR_spline with chi2/ndf = 1.13936
begin drawing Beryllium L1Inner AGL EGE_AlphaR
begin drawing Beryllium L1Inner AGL EGE_Chi2NDF

[INFO] Starting smart spline fit for: UnbiasedL1Inner_Beryllium_TOF_L1QTemplate_LG_Width (7 points)
****************************************
Minimizer is Minuit2 / Migrad
Chi2                      =      250.737
NDf                       =            5
Edm                       =  1.14538e-21
NCalls                    =           31
p0                        =    0.0370537   +/-   0.00140698  
p1                        =    0.0578918   +/-   0.000974093 
****************************************
Minimizer is Minuit2 / Migrad
Chi2                      =      23.5145
NDf                       =            4
Edm                       =  1.54283e-21
NCalls                    =           53
p0                        =    0.0206818   +/-   0.00177742  
p1                        =    0.0738448   +/-   0.00180052  
p2                        =    0.0490926   +/-   0.00113561  
****************************************
Minimizer is Minuit2 / Migrad
Chi2                      =      5.95235
NDf                       =            3
Edm                       =  4.45927e-22
NCalls                    =           82
p0                        =    0.0250277   +/-   0.00218969  
p1                        =    0.0574839   +/-   0.00210087  
p2                        =     0.074192   +/-   0.00172661  
p3                        =    0.0467185   +/-   0.00125492  
  [FIT] Found good fit candidate. Best segments so far: 3. Stopping search.
  [FIT] Finalizing with loop variable 'segments' = 3
****************************************
Minimizer is Minuit2 / Migrad
Chi2                      =      6.33931
NDf                       =            3
Edm                       =  4.54111e-22
NCalls                    =           80
p0                        =    0.0186656   +/-   0.00319311  
p1                        =    0.0560233   +/-   0.00188503  
p2                        =    0.0732874   +/-   0.0016237   
p3                        =    0.0393546   +/-   0.00172633  
[SUCCESS] Created final fit for UnbiasedL1Inner_Beryllium_TOF_L1QTemplate_LG_Width_spline with chi2/ndf = 1.98412

[INFO] Starting smart spline fit for: UnbiasedL1Inner_Beryllium_TOF_L2QTemplate_LG_Width (7 points)
****************************************
Minimizer is Minuit2 / Migrad
Chi2                      =      37.6132
NDf                       =            5
Edm                       =  5.48462e-22
NCalls                    =           31
p0                        =    0.0283772   +/-   0.00171241  
p1                        =    0.0628759   +/-   0.00126543  
****************************************
Minimizer is Minuit2 / Migrad
Chi2                      =      22.4792
NDf                       =            4
Edm                       =  3.59351e-22
NCalls                    =           53
p0                        =    0.0233658   +/-   0.00214284  
p1                        =    0.0555181   +/-   0.00207079  
p2                        =    0.0582757   +/-   0.00173193  
****************************************
Minimizer is Minuit2 / Migrad
Chi2                      =      22.3686
NDf                       =            3
Edm                       =  2.11706e-22
NCalls                    =           80
p0                        =    0.0217156   +/-   0.00259633  
p1                        =     0.048361   +/-   0.00248407  
p2                        =    0.0574304   +/-   0.00197442  
p3                        =    0.0599462   +/-   0.00233096  
****************************************
Minimizer is Minuit2 / Migrad
Chi2                      =      5.90517
NDf                       =            2
Edm                       =   6.3522e-06
NCalls                    =           98
p0                        =    0.0262847   +/-   0.00308286  
p1                        =    0.0324382   +/-   0.00216347  
p2                        =    0.0613634   +/-   0.00260575  
p3                        =    0.0563119   +/-   0.0013531   
p4                        =    0.0671281   +/-   0.00295317  
  [FIT] Found good fit candidate. Best segments so far: 4. Stopping search.
  [FIT] Finalizing with loop variable 'segments' = 4
****************************************
Minimizer is Minuit2 / Migrad
Chi2                      =      5.22985
NDf                       =            2
Edm                       =  9.89708e-08
NCalls                    =          110
p0                        =    0.0265807   +/-   0.00470519  
p1                        =     0.032493   +/-   0.00217246  
p2                        =    0.0612607   +/-   0.00258539  
p3                        =    0.0561487   +/-   0.00136648  
p4                        =    0.0718959   +/-   0.00407186  
[SUCCESS] Created final fit for UnbiasedL1Inner_Beryllium_TOF_L2QTemplate_LG_Width_spline with chi2/ndf = 2.95259
begin drawing Beryllium UnbiasedL1Inner TOF LG_Width

[INFO] Starting smart spline fit for: UnbiasedL1Inner_Beryllium_TOF_L1QTemplate_LG_MPV (7 points)
****************************************
Minimizer is Minuit2 / Migrad
Chi2                      =      412.324
NDf                       =            5
Edm                       =   4.9152e-17
NCalls                    =           43
p0                        =      3.88091   +/-   0.00151428  
p1                        =      3.90196   +/-   0.000757824 
****************************************
Minimizer is Minuit2 / Migrad
Chi2                      =      16.9572
NDf                       =            4
Edm                       =  1.78909e-18
NCalls                    =           75
p0                        =      3.91445   +/-   0.00226692  
p1                        =      3.87901   +/-   0.000925628 
p2                        =      3.91472   +/-   0.000993241 
****************************************
Minimizer is Minuit2 / Migrad
Chi2                      =      3.81245
NDf                       =            3
Edm                       =  1.00164e-17
NCalls                    =          100
p0                        =      3.92257   +/-   0.00291086  
p1                        =      3.87917   +/-   0.00130114  
p2                        =      3.89028   +/-   0.000872233 
p3                        =      3.91287   +/-   0.00117854  
  [FIT] Found good fit candidate. Best segments so far: 3. Stopping search.
  [FIT] Finalizing with loop variable 'segments' = 3
****************************************
Minimizer is Minuit2 / Migrad
Chi2                      =      18.9386
NDf                       =            3
Edm                       =  1.01332e-17
NCalls                    =          117
p0                        =      3.93833   +/-   0.00405725  
p1                        =      3.87932   +/-   0.00125634  
p2                        =       3.8907   +/-   0.0008239   
p3                        =      3.91764   +/-   0.00160713  
[SUCCESS] Created final fit for UnbiasedL1Inner_Beryllium_TOF_L1QTemplate_LG_MPV_spline with chi2/ndf = 1.27082

[INFO] Starting smart spline fit for: UnbiasedL1Inner_Beryllium_TOF_L2QTemplate_LG_MPV (7 points)
****************************************
Minimizer is Minuit2 / Migrad
Chi2                      =      168.111
NDf                       =            5
Edm                       =  9.65233e-18
NCalls                    =           43
p0                        =      3.92251   +/-   0.00199687  
p1                        =          3.9   +/-   0.000874842 
****************************************
Minimizer is Minuit2 / Migrad
Chi2                      =      8.16413
NDf                       =            4
Edm                       =  2.93995e-18
NCalls                    =           73
p0                        =      3.94807   +/-   0.00284156  
p1                        =      3.89787   +/-   0.00122403  
p2                        =      3.90792   +/-   0.00107578  
  [FIT] Found good fit candidate. Best segments so far: 2. Stopping search.
  [FIT] Finalizing with loop variable 'segments' = 2
****************************************
Minimizer is Minuit2 / Migrad
Chi2                      =      12.6464
NDf                       =            4
Edm                       =  5.20111e-18
NCalls                    =           79
p0                        =      3.96134   +/-   0.00369058  
p1                        =       3.8995   +/-   0.00111148  
p2                        =      3.91048   +/-   0.00139896  
[SUCCESS] Created final fit for UnbiasedL1Inner_Beryllium_TOF_L2QTemplate_LG_MPV_spline with chi2/ndf = 2.04103
begin drawing Beryllium UnbiasedL1Inner TOF LG_MPV

[INFO] Starting smart spline fit for: UnbiasedL1Inner_Beryllium_TOF_L1QTemplate_LG_Sigma (7 points)
****************************************
Minimizer is Minuit2 / Migrad
Chi2                      =      135.265
NDf                       =            5
Edm                       =  9.96156e-22
NCalls                    =           31
p0                        =      0.17359   +/-   0.00178454  
p1                        =     0.135644   +/-   0.00141069  
****************************************
Minimizer is Minuit2 / Migrad
Chi2                      =      50.5507
NDf                       =            4
Edm                       =  6.66033e-23
NCalls                    =           59
p0                        =     0.186577   +/-   0.00227498  
p1                        =     0.127009   +/-   0.00287281  
p2                        =     0.142137   +/-   0.00157726  
****************************************
Minimizer is Minuit2 / Migrad
Chi2                      =      8.68362
NDf                       =            3
Edm                       =  1.95194e-08
NCalls                    =           88
p0                        =     0.177627   +/-   0.00275486  
p1                        =     0.151796   +/-   0.00295295  
p2                        =     0.113727   +/-   0.00302045  
p3                        =     0.146764   +/-   0.00172947  
  [FIT] Found good fit candidate. Best segments so far: 3. Stopping search.
  [FIT] Finalizing with loop variable 'segments' = 3
****************************************
Minimizer is Minuit2 / Migrad
Chi2                      =      5.78881
NDf                       =            3
Edm                       =  6.70172e-22
NCalls                    =           80
p0                        =     0.180486   +/-   0.00405439  
p1                        =     0.152145   +/-   0.0026089   
p2                        =     0.115052   +/-   0.00284271  
p3                        =     0.156378   +/-   0.00244735  
[SUCCESS] Created final fit for UnbiasedL1Inner_Beryllium_TOF_L1QTemplate_LG_Sigma_spline with chi2/ndf = 2.89454

[INFO] Starting smart spline fit for: UnbiasedL1Inner_Beryllium_TOF_L2QTemplate_LG_Sigma (7 points)
****************************************
Minimizer is Minuit2 / Migrad
Chi2                      =      15.5464
NDf                       =            5
Edm                       =  2.19782e-22
NCalls                    =           31
p0                        =     0.174883   +/-   0.00205655  
p1                        =     0.127903   +/-   0.00190658  
****************************************
Minimizer is Minuit2 / Migrad
Chi2                      =      11.0328
NDf                       =            4
Edm                       =  8.55962e-22
NCalls                    =           59
p0                        =     0.171444   +/-   0.00261721  
p1                        =     0.153694   +/-   0.00301529  
p2                        =     0.124061   +/-   0.00262776  
****************************************
Minimizer is Minuit2 / Migrad
Chi2                      =      7.37627
NDf                       =            3
Edm                       =  5.16788e-21
NCalls                    =           82
p0                        =      0.16812   +/-   0.00314519  
p1                        =     0.166224   +/-   0.00320331  
p2                        =     0.138271   +/-   0.00310458  
p3                        =     0.128227   +/-   0.00375959  
  [FIT] Found good fit candidate. Best segments so far: 2. Stopping search.
  [FIT] Finalizing with loop variable 'segments' = 2
****************************************
Minimizer is Minuit2 / Migrad
Chi2                      =      13.5505
NDf                       =            4
Edm                       =  1.96574e-21
NCalls                    =           53
p0                        =     0.173103   +/-   0.00361588  
p1                        =     0.154265   +/-   0.00259084  
p2                        =     0.114754   +/-   0.00370622  
[SUCCESS] Created final fit for UnbiasedL1Inner_Beryllium_TOF_L2QTemplate_LG_Sigma_spline with chi2/ndf = 2.75821
begin drawing Beryllium UnbiasedL1Inner TOF LG_Sigma
begin drawing Beryllium UnbiasedL1Inner TOF LG_Chi2NDF

[INFO] Starting smart spline fit for: UnbiasedL1Inner_Beryllium_TOF_L1QTemplate_EGE_Peak (7 points)
****************************************
Minimizer is Minuit2 / Migrad
Chi2                      =      414.308
NDf                       =            5
Edm                       =  8.68759e-18
NCalls                    =           41
p0                        =      3.89946   +/-   0.00236793  
p1                        =      3.94747   +/-   0.000886186 
****************************************
Minimizer is Minuit2 / Migrad
Chi2                      =      4.13042
NDf                       =            4
Edm                       =  5.29256e-18
NCalls                    =           81
p0                        =      3.94742   +/-   0.00334876  
p1                        =      3.89389   +/-   0.00193407  
p2                        =      3.95481   +/-   0.000957473 
  [FIT] Found good fit candidate. Best segments so far: 2. Stopping search.
  [FIT] Finalizing with loop variable 'segments' = 2
****************************************
Minimizer is Minuit2 / Migrad
Chi2                      =      19.5542
NDf                       =            4
Edm                       =  2.80365e-18
NCalls                    =           73
p0                        =      3.96082   +/-   0.004396    
p1                        =      3.89813   +/-   0.00177964  
p2                        =      3.96476   +/-   0.00121915  
[SUCCESS] Created final fit for UnbiasedL1Inner_Beryllium_TOF_L1QTemplate_EGE_Peak_spline with chi2/ndf = 1.0326

[INFO] Starting smart spline fit for: UnbiasedL1Inner_Beryllium_TOF_L2QTemplate_EGE_Peak (7 points)
****************************************
Minimizer is Minuit2 / Migrad
Chi2                      =      189.621
NDf                       =            5
Edm                       =  1.15566e-18
NCalls                    =           41
p0                        =      3.95431   +/-   0.00294998  
p1                        =      3.92433   +/-   0.00213007  
****************************************
Minimizer is Minuit2 / Migrad
Chi2                      =      4.28833
NDf                       =            4
Edm                       =  7.02453e-19
NCalls                    =           73
p0                        =      3.99313   +/-   0.00410291  
p1                        =      3.91194   +/-   0.0022997   
p2                        =      3.94774   +/-   0.00273743  
  [FIT] Found good fit candidate. Best segments so far: 2. Stopping search.
  [FIT] Finalizing with loop variable 'segments' = 2
****************************************
Minimizer is Minuit2 / Migrad
Chi2                      =      1.29802
NDf                       =            4
Edm                       =  3.49373e-19
NCalls                    =           71
p0                        =      4.01665   +/-   0.00549637  
p1                        =      3.91521   +/-   0.00210885  
p2                        =      3.95631   +/-   0.00351679  
[SUCCESS] Created final fit for UnbiasedL1Inner_Beryllium_TOF_L2QTemplate_EGE_Peak_spline with chi2/ndf = 1.07208
begin drawing Beryllium UnbiasedL1Inner TOF EGE_Peak

[INFO] Starting smart spline fit for: UnbiasedL1Inner_Beryllium_TOF_L1QTemplate_EGE_SigmaL (7 points)
****************************************
Minimizer is Minuit2 / Migrad
Chi2                      =      291.541
NDf                       =            5
Edm                       =   3.0394e-22
NCalls                    =           33
p0                        =     0.156352   +/-   0.00164472  
p1                        =     0.153287   +/-   0.000855689 
****************************************
Minimizer is Minuit2 / Migrad
Chi2                      =        2.977
NDf                       =            4
Edm                       =  5.63824e-20
NCalls                    =           59
p0                        =     0.183775   +/-   0.00230462  
p1                        =     0.136222   +/-   0.00130452  
p2                        =     0.161144   +/-   0.00097268  
  [FIT] Found good fit candidate. Best segments so far: 2. Stopping search.
  [FIT] Finalizing with loop variable 'segments' = 2
****************************************
Minimizer is Minuit2 / Migrad
Chi2                      =      12.0446
NDf                       =            4
Edm                       =   2.0135e-21
NCalls                    =           53
p0                        =     0.195564   +/-   0.00302784  
p1                        =     0.138669   +/-   0.00119757  
p2                        =     0.165944   +/-   0.00121547  
[SUCCESS] Created final fit for UnbiasedL1Inner_Beryllium_TOF_L1QTemplate_EGE_SigmaL_spline with chi2/ndf = 0.744251

[INFO] Starting smart spline fit for: UnbiasedL1Inner_Beryllium_TOF_L2QTemplate_EGE_SigmaL (7 points)
****************************************
Minimizer is Minuit2 / Migrad
Chi2                      =      111.164
NDf                       =            5
Edm                       =  1.18899e-21
NCalls                    =           33
p0                        =      0.16739   +/-   0.00196438  
p1                        =     0.144214   +/-   0.00140205  
****************************************
Minimizer is Minuit2 / Migrad
Chi2                      =      5.80125
NDf                       =            4
Edm                       =  2.68316e-20
NCalls                    =           55
p0                        =     0.186738   +/-   0.00272248  
p1                        =     0.141452   +/-   0.00152963  
p2                        =     0.155577   +/-   0.00178642  
  [FIT] Found good fit candidate. Best segments so far: 2. Stopping search.
  [FIT] Finalizing with loop variable 'segments' = 2
****************************************
Minimizer is Minuit2 / Migrad
Chi2                      =      10.7793
NDf                       =            4
Edm                       =  2.53597e-21
NCalls                    =           57
p0                        =     0.198718   +/-   0.00363714  
p1                        =     0.143145   +/-   0.00140466  
p2                        =     0.159286   +/-   0.00228819  
[SUCCESS] Created final fit for UnbiasedL1Inner_Beryllium_TOF_L2QTemplate_EGE_SigmaL_spline with chi2/ndf = 1.45031
begin drawing Beryllium UnbiasedL1Inner TOF EGE_SigmaL

[INFO] Starting smart spline fit for: UnbiasedL1Inner_Beryllium_TOF_L1QTemplate_EGE_SigmaR (7 points)
****************************************
Minimizer is Minuit2 / Migrad
Chi2                      =      266.836
NDf                       =            5
Edm                       =  4.82342e-22
NCalls                    =           33
p0                        =     0.268217   +/-   0.00247625  
p1                        =     0.215468   +/-   0.0011979   
****************************************
Minimizer is Minuit2 / Migrad
Chi2                      =      8.86285
NDf                       =            4
Edm                       =  1.81666e-06
NCalls                    =           61
p0                        =     0.229731   +/-   0.00344587  
p1                        =     0.269927   +/-   0.00229453  
p2                        =     0.208046   +/-   0.00128398  
  [FIT] Found good fit candidate. Best segments so far: 2. Stopping search.
  [FIT] Finalizing with loop variable 'segments' = 2
****************************************
Minimizer is Minuit2 / Migrad
Chi2                      =      17.3189
NDf                       =            4
Edm                       =  7.58444e-20
NCalls                    =           63
p0                        =     0.218028   +/-   0.00456135  
p1                        =     0.267197   +/-   0.00213901  
p2                        =     0.198025   +/-   0.00159067  
[SUCCESS] Created final fit for UnbiasedL1Inner_Beryllium_TOF_L1QTemplate_EGE_SigmaR_spline with chi2/ndf = 2.21571

[INFO] Starting smart spline fit for: UnbiasedL1Inner_Beryllium_TOF_L2QTemplate_EGE_SigmaR (7 points)
****************************************
Minimizer is Minuit2 / Migrad
Chi2                      =      141.563
NDf                       =            5
Edm                       =  3.20947e-22
NCalls                    =           31
p0                        =     0.244567   +/-   0.00324087  
p1                        =     0.244491   +/-   0.00307085  
****************************************
Minimizer is Minuit2 / Migrad
Chi2                      =      13.6175
NDf                       =            4
Edm                       =  2.21598e-22
NCalls                    =           59
p0                        =     0.205241   +/-   0.00475294  
p1                        =     0.267193   +/-   0.00260898  
p2                        =     0.212203   +/-   0.0041926   
****************************************
Minimizer is Minuit2 / Migrad
Chi2                      =      3.83352
NDf                       =            3
Edm                       =  4.31282e-20
NCalls                    =           90
p0                        =     0.191525   +/-   0.00627284  
p1                        =     0.264833   +/-   0.00295328  
p2                        =     0.247575   +/-   0.00329313  
p3                        =     0.218736   +/-   0.00509707  
  [FIT] Found good fit candidate. Best segments so far: 3. Stopping search.
  [FIT] Finalizing with loop variable 'segments' = 3
****************************************
Minimizer is Minuit2 / Migrad
Chi2                      =      1.10306
NDf                       =            3
Edm                       =  1.14752e-19
NCalls                    =           95
p0                        =     0.161912   +/-   0.0091555   
p1                        =     0.263691   +/-   0.00277477  
p2                        =     0.248448   +/-   0.003168    
p3                        =     0.211361   +/-   0.00680251  
[SUCCESS] Created final fit for UnbiasedL1Inner_Beryllium_TOF_L2QTemplate_EGE_SigmaR_spline with chi2/ndf = 1.27784
begin drawing Beryllium UnbiasedL1Inner TOF EGE_SigmaR
  [SUCCESS] Wrote constant TF1 'UnbiasedL1Inner_Beryllium_TOF_L1QTemplate_EGE_AlphaL_spline' to file.
  [SUCCESS] Wrote constant TF1 'UnbiasedL1Inner_Beryllium_TOF_L2QTemplate_EGE_AlphaL_spline' to file.
begin drawing Beryllium UnbiasedL1Inner TOF EGE_AlphaL

[INFO] Starting smart spline fit for: UnbiasedL1Inner_Beryllium_TOF_L1QTemplate_EGE_AlphaR (7 points)
****************************************
Minimizer is Minuit2 / Migrad
Chi2                      =      13.1879
NDf                       =            5
Edm                       =  5.82007e-22
NCalls                    =           31
p0                        =      1.75135   +/-   0.0571063   
p1                        =      1.07353   +/-   0.0174001   
****************************************
Minimizer is Minuit2 / Migrad
Chi2                      =      7.89566
NDf                       =            4
Edm                       =  1.66094e-09
NCalls                    =           58
p0                        =      1.63579   +/-   0.0760547   
p1                        =      1.42966   +/-   0.0381005   
p2                        =      1.05425   +/-   0.0193136   
  [FIT] Found good fit candidate. Best segments so far: 2. Stopping search.
  [FIT] Finalizing with loop variable 'segments' = 2
****************************************
Minimizer is Minuit2 / Migrad
Chi2                      =       13.114
NDf                       =            4
Edm                       =  6.03262e-22
NCalls                    =           53
p0                        =       1.6855   +/-   0.0953892   
p1                        =      1.40095   +/-   0.0347119   
p2                        =       1.0063   +/-   0.0249355   
[SUCCESS] Created final fit for UnbiasedL1Inner_Beryllium_TOF_L1QTemplate_EGE_AlphaR_spline with chi2/ndf = 1.97391

[INFO] Starting smart spline fit for: UnbiasedL1Inner_Beryllium_TOF_L2QTemplate_EGE_AlphaR (7 points)
****************************************
Minimizer is Minuit2 / Migrad
Chi2                      =      38.0121
NDf                       =            5
Edm                       =  2.14431e-22
NCalls                    =           31
p0                        =       1.5081   +/-   0.0618429   
p1                        =      1.16746   +/-   0.0306928   
****************************************
Minimizer is Minuit2 / Migrad
Chi2                      =      11.6875
NDf                       =            4
Edm                       =  1.20579e-22
NCalls                    =           53
p0                        =      1.29781   +/-   0.074191    
p1                        =      1.53058   +/-   0.0503863   
p2                        =       1.0395   +/-   0.0395473   
****************************************
Minimizer is Minuit2 / Migrad
Chi2                      =      1.30934
NDf                       =            3
Edm                       =  8.89571e-06
NCalls                    =           79
p0                        =      1.15297   +/-   0.0863272   
p1                        =      1.77313   +/-   0.08609     
p2                        =      1.30955   +/-   0.0421749   
p3                        =       1.1047   +/-   0.0457037   
  [FIT] Found good fit candidate. Best segments so far: 3. Stopping search.
  [FIT] Finalizing with loop variable 'segments' = 3
****************************************
Minimizer is Minuit2 / Migrad
Chi2                      =     0.321347
NDf                       =            3
Edm                       =  1.71813e-22
NCalls                    =           84
p0                        =     0.914896   +/-   0.123907    
p1                        =      1.76421   +/-   0.0809909   
p2                        =      1.31043   +/-   0.0392937   
p3                        =      1.08661   +/-   0.0626832   
[SUCCESS] Created final fit for UnbiasedL1Inner_Beryllium_TOF_L2QTemplate_EGE_AlphaR_spline with chi2/ndf = 0.436448
begin drawing Beryllium UnbiasedL1Inner TOF EGE_AlphaR
begin drawing Beryllium UnbiasedL1Inner TOF EGE_Chi2NDF

[INFO] Starting smart spline fit for: UnbiasedL1Inner_Beryllium_NaF_L1QTemplate_LG_Width (16 points)
****************************************
Minimizer is Minuit2 / Migrad
Chi2                      =       20.326
NDf                       =           14
Edm                       =  1.31212e-23
NCalls                    =           31
p0                        =    0.0586374   +/-   0.0017597   
p1                        =    0.0395161   +/-   0.00164568  
  [FIT] Found good fit candidate. Best segments so far: 1. Stopping search.
  [FIT] Finalizing with loop variable 'segments' = 1
****************************************
Minimizer is Minuit2 / Migrad
Chi2                      =      21.8484
NDf                       =           14
Edm                       =  1.68758e-22
NCalls                    =           31
p0                        =    0.0606231   +/-   0.00204623  
p1                        =    0.0374965   +/-   0.0019285   
[SUCCESS] Created final fit for UnbiasedL1Inner_Beryllium_NaF_L1QTemplate_LG_Width_spline with chi2/ndf = 1.45186

[INFO] Starting smart spline fit for: UnbiasedL1Inner_Beryllium_NaF_L2QTemplate_LG_Width (16 points)
****************************************
Minimizer is Minuit2 / Migrad
Chi2                      =      25.6012
NDf                       =           14
Edm                       =  1.23708e-22
NCalls                    =           31
p0                        =    0.0577501   +/-   0.00208831  
p1                        =    0.0373931   +/-   0.00198951  
****************************************
Minimizer is Minuit2 / Migrad
Chi2                      =      24.0057
NDf                       =           13
Edm                       =  8.38319e-23
NCalls                    =           59
p0                        =    0.0598168   +/-   0.00265298  
p1                        =    0.0429334   +/-   0.00183958  
p2                        =    0.0398067   +/-   0.00275857  
  [FIT] Found good fit candidate. Best segments so far: 1. Stopping search.
  [FIT] Finalizing with loop variable 'segments' = 1
****************************************
Minimizer is Minuit2 / Migrad
Chi2                      =      29.3846
NDf                       =           14
Edm                       =   8.0908e-23
NCalls                    =           31
p0                        =    0.0592764   +/-   0.00240537  
p1                        =    0.0358368   +/-   0.00229986  
[SUCCESS] Created final fit for UnbiasedL1Inner_Beryllium_NaF_L2QTemplate_LG_Width_spline with chi2/ndf = 1.82865
begin drawing Beryllium UnbiasedL1Inner NaF LG_Width

[INFO] Starting smart spline fit for: UnbiasedL1Inner_Beryllium_NaF_L1QTemplate_LG_MPV (16 points)
****************************************
Minimizer is Minuit2 / Migrad
Chi2                      =      48.7175
NDf                       =           14
Edm                       =  2.55491e-18
NCalls                    =           43
p0                        =      3.89841   +/-   0.00153621  
p1                        =      3.92486   +/-   0.00173765  
****************************************
Minimizer is Minuit2 / Migrad
Chi2                      =      36.3377
NDf                       =           13
Edm                       =  3.17299e-07
NCalls                    =           71
p0                        =      3.89445   +/-   0.00190434  
p1                        =      3.91929   +/-   0.00152471  
p2                        =      3.91885   +/-   0.00243716  
****************************************
Minimizer is Minuit2 / Migrad
Chi2                      =      21.2804
NDf                       =           12
Edm                       =  3.46186e-09
NCalls                    =           85
p0                        =      3.89001   +/-   0.00222161  
p1                        =      3.91537   +/-   0.00172566  
p2                        =      3.91565   +/-   0.00195021  
p3                        =      3.92448   +/-   0.00297043  
  [FIT] Found good fit candidate. Best segments so far: 3. Stopping search.
  [FIT] Finalizing with loop variable 'segments' = 3
****************************************
Minimizer is Minuit2 / Migrad
Chi2                      =      15.8543
NDf                       =           12
Edm                       =  1.29217e-17
NCalls                    =           98
p0                        =      3.88362   +/-   0.00291113  
p1                        =      3.91472   +/-   0.00158435  
p2                        =      3.91641   +/-   0.0018733   
p3                        =      3.92561   +/-   0.00377464  
[SUCCESS] Created final fit for UnbiasedL1Inner_Beryllium_NaF_L1QTemplate_LG_MPV_spline with chi2/ndf = 1.77337

[INFO] Starting smart spline fit for: UnbiasedL1Inner_Beryllium_NaF_L2QTemplate_LG_MPV (16 points)
****************************************
Minimizer is Minuit2 / Migrad
Chi2                      =      26.4415
NDf                       =           14
Edm                       =  6.65434e-18
NCalls                    =           41
p0                        =      3.89809   +/-   0.00192283  
p1                        =      3.91182   +/-   0.00223916  
****************************************
Minimizer is Minuit2 / Migrad
Chi2                      =      26.0927
NDf                       =           13
Edm                       =  9.20575e-09
NCalls                    =           71
p0                        =      3.89902   +/-   0.00248042  
p1                        =      3.90607   +/-   0.00193424  
p2                        =      3.91303   +/-   0.00303924  
  [FIT] Found good fit candidate. Best segments so far: 1. Stopping search.
  [FIT] Finalizing with loop variable 'segments' = 1
****************************************
Minimizer is Minuit2 / Migrad
Chi2                      =       27.299
NDf                       =           14
Edm                       =  6.29962e-19
NCalls                    =           43
p0                        =      3.89672   +/-   0.00225629  
p1                        =      3.91301   +/-   0.00255969  
[SUCCESS] Created final fit for UnbiasedL1Inner_Beryllium_NaF_L2QTemplate_LG_MPV_spline with chi2/ndf = 1.88868
begin drawing Beryllium UnbiasedL1Inner NaF LG_MPV

[INFO] Starting smart spline fit for: UnbiasedL1Inner_Beryllium_NaF_L1QTemplate_LG_Sigma (16 points)
****************************************
Minimizer is Minuit2 / Migrad
Chi2                      =      23.6862
NDf                       =           14
Edm                       =  6.30353e-22
NCalls                    =           31
p0                        =      0.13016   +/-   0.00249221  
p1                        =     0.162335   +/-   0.00212663  
  [FIT] Found good fit candidate. Best segments so far: 1. Stopping search.
  [FIT] Finalizing with loop variable 'segments' = 1
****************************************
Minimizer is Minuit2 / Migrad
Chi2                      =      25.4423
NDf                       =           14
Edm                       =  6.24369e-22
NCalls                    =           31
p0                        =     0.126748   +/-   0.00288899  
p1                        =     0.165817   +/-   0.00250653  
[SUCCESS] Created final fit for UnbiasedL1Inner_Beryllium_NaF_L1QTemplate_LG_Sigma_spline with chi2/ndf = 1.69187

[INFO] Starting smart spline fit for: UnbiasedL1Inner_Beryllium_NaF_L2QTemplate_LG_Sigma (16 points)
****************************************
Minimizer is Minuit2 / Migrad
Chi2                      =      28.2591
NDf                       =           14
Edm                       =  5.99524e-22
NCalls                    =           31
p0                        =     0.131452   +/-   0.00314627  
p1                        =     0.169321   +/-   0.00254707  
****************************************
Minimizer is Minuit2 / Migrad
Chi2                      =      19.1693
NDf                       =           13
Edm                       =  7.50214e-07
NCalls                    =           59
p0                        =     0.122504   +/-   0.00432523  
p1                        =     0.161291   +/-   0.00239765  
p2                        =     0.161875   +/-   0.00354842  
  [FIT] Found good fit candidate. Best segments so far: 2. Stopping search.
  [FIT] Finalizing with loop variable 'segments' = 2
****************************************
Minimizer is Minuit2 / Migrad
Chi2                      =      22.1124
NDf                       =           13
Edm                       =  2.96885e-22
NCalls                    =           53
p0                        =      0.11112   +/-   0.0060949   
p1                        =     0.160282   +/-   0.00222243  
p2                        =     0.161557   +/-   0.00447471  
[SUCCESS] Created final fit for UnbiasedL1Inner_Beryllium_NaF_L2QTemplate_LG_Sigma_spline with chi2/ndf = 1.47456
begin drawing Beryllium UnbiasedL1Inner NaF LG_Sigma
begin drawing Beryllium UnbiasedL1Inner NaF LG_Chi2NDF

[INFO] Starting smart spline fit for: UnbiasedL1Inner_Beryllium_NaF_L1QTemplate_EGE_Peak (16 points)
****************************************
Minimizer is Minuit2 / Migrad
Chi2                      =      44.0763
NDf                       =           14
Edm                       =  6.21651e-19
NCalls                    =           43
p0                        =       3.9282   +/-   0.00382782  
p1                        =      3.95868   +/-   0.00357456  
****************************************
Minimizer is Minuit2 / Migrad
Chi2                      =      24.0599
NDf                       =           13
Edm                       =  2.54461e-06
NCalls                    =           64
p0                        =      3.91525   +/-   0.00479925  
p1                        =      3.95918   +/-   0.00336388  
p2                        =      3.94306   +/-   0.0049985   
  [FIT] Found good fit candidate. Best segments so far: 2. Stopping search.
  [FIT] Finalizing with loop variable 'segments' = 2
****************************************
Minimizer is Minuit2 / Migrad
Chi2                      =      17.8922
NDf                       =           13
Edm                       =  8.30262e-19
NCalls                    =           71
p0                        =      3.90296   +/-   0.00616071  
p1                        =       3.9579   +/-   0.0030686   
p2                        =      3.93948   +/-   0.00635405  
[SUCCESS] Created final fit for UnbiasedL1Inner_Beryllium_NaF_L1QTemplate_EGE_Peak_spline with chi2/ndf = 1.85076

[INFO] Starting smart spline fit for: UnbiasedL1Inner_Beryllium_NaF_L2QTemplate_EGE_Peak (16 points)
****************************************
Minimizer is Minuit2 / Migrad
Chi2                      =       24.442
NDf                       =           14
Edm                       =  5.56323e-19
NCalls                    =           43
p0                        =      3.93232   +/-   0.0044066   
p1                        =      3.95338   +/-   0.00415014  
  [FIT] Found good fit candidate. Best segments so far: 1. Stopping search.
  [FIT] Finalizing with loop variable 'segments' = 1
****************************************
Minimizer is Minuit2 / Migrad
Chi2                      =      24.2085
NDf                       =           14
Edm                       =  7.55416e-20
NCalls                    =           43
p0                        =      3.92998   +/-   0.00502536  
p1                        =       3.9558   +/-   0.00477969  
[SUCCESS] Created final fit for UnbiasedL1Inner_Beryllium_NaF_L2QTemplate_EGE_Peak_spline with chi2/ndf = 1.74585
begin drawing Beryllium UnbiasedL1Inner NaF EGE_Peak

[INFO] Starting smart spline fit for: UnbiasedL1Inner_Beryllium_NaF_L1QTemplate_EGE_SigmaL (16 points)
****************************************
Minimizer is Minuit2 / Migrad
Chi2                      =      33.3522
NDf                       =           14
Edm                       =  1.56852e-22
NCalls                    =           31
p0                        =     0.145801   +/-   0.00249981  
p1                        =       0.1679   +/-   0.00235016  
****************************************
Minimizer is Minuit2 / Migrad
Chi2                      =      15.3307
NDf                       =           13
Edm                       =  3.06193e-07
NCalls                    =           58
p0                        =     0.137576   +/-   0.00316282  
p1                        =     0.167001   +/-   0.00218869  
p2                        =     0.158279   +/-   0.00326516  
  [FIT] Found good fit candidate. Best segments so far: 2. Stopping search.
  [FIT] Finalizing with loop variable 'segments' = 2
****************************************
Minimizer is Minuit2 / Migrad
Chi2                      =      12.9392
NDf                       =           13
Edm                       =  3.65365e-22
NCalls                    =           59
p0                        =     0.130486   +/-   0.00406101  
p1                        =     0.165798   +/-   0.00199282  
p2                        =     0.156652   +/-   0.00411132  
[SUCCESS] Created final fit for UnbiasedL1Inner_Beryllium_NaF_L1QTemplate_EGE_SigmaL_spline with chi2/ndf = 1.17929

[INFO] Starting smart spline fit for: UnbiasedL1Inner_Beryllium_NaF_L2QTemplate_EGE_SigmaL (16 points)
****************************************
Minimizer is Minuit2 / Migrad
Chi2                      =      27.3946
NDf                       =           14
Edm                       =  7.19054e-22
NCalls                    =           31
p0                        =     0.151093   +/-   0.002904    
p1                        =     0.176668   +/-   0.00276678  
****************************************
Minimizer is Minuit2 / Migrad
Chi2                      =      10.1452
NDf                       =           13
Edm                       =  6.79503e-22
NCalls                    =           59
p0                        =     0.141925   +/-   0.00364772  
p1                        =     0.176168   +/-   0.00269442  
p2                        =     0.165455   +/-   0.00386574  
  [FIT] Found good fit candidate. Best segments so far: 2. Stopping search.
  [FIT] Finalizing with loop variable 'segments' = 2
****************************************
Minimizer is Minuit2 / Migrad
Chi2                      =      11.6557
NDf                       =           13
Edm                       =  3.76073e-22
NCalls                    =           59
p0                        =     0.135188   +/-   0.00466416  
p1                        =     0.174158   +/-   0.00242416  
p2                        =     0.163888   +/-   0.00483648  
[SUCCESS] Created final fit for UnbiasedL1Inner_Beryllium_NaF_L2QTemplate_EGE_SigmaL_spline with chi2/ndf = 0.780397
begin drawing Beryllium UnbiasedL1Inner NaF EGE_SigmaL

[INFO] Starting smart spline fit for: UnbiasedL1Inner_Beryllium_NaF_L1QTemplate_EGE_SigmaR (16 points)
****************************************
Minimizer is Minuit2 / Migrad
Chi2                      =      25.4427
NDf                       =           14
Edm                       =  9.27736e-23
NCalls                    =           31
p0                        =     0.227336   +/-   0.00597624  
p1                        =     0.233247   +/-   0.00438742  
****************************************
Minimizer is Minuit2 / Migrad
Chi2                      =      14.0109
NDf                       =           13
Edm                       =  8.29183e-07
NCalls                    =           59
p0                        =     0.242733   +/-   0.00751417  
p1                        =     0.218535   +/-   0.00469348  
p2                        =     0.247036   +/-   0.00599077  
  [FIT] Found good fit candidate. Best segments so far: 2. Stopping search.
  [FIT] Finalizing with loop variable 'segments' = 2
****************************************
Minimizer is Minuit2 / Migrad
Chi2                      =      12.5775
NDf                       =           13
Edm                       =  6.90458e-08
NCalls                    =           59
p0                        =     0.250922   +/-   0.00951672  
p1                        =     0.219391   +/-   0.00430829  
p2                        =     0.254974   +/-   0.00784046  
[SUCCESS] Created final fit for UnbiasedL1Inner_Beryllium_NaF_L1QTemplate_EGE_SigmaR_spline with chi2/ndf = 1.07776

[INFO] Starting smart spline fit for: UnbiasedL1Inner_Beryllium_NaF_L2QTemplate_EGE_SigmaR (16 points)
****************************************
Minimizer is Minuit2 / Migrad
Chi2                      =      34.0116
NDf                       =           14
Edm                       =  1.18417e-22
NCalls                    =           31
p0                        =     0.237509   +/-   0.00526149  
p1                        =     0.226306   +/-   0.00487238  
****************************************
Minimizer is Minuit2 / Migrad
Chi2                      =      20.9706
NDf                       =           13
Edm                       =  1.44623e-22
NCalls                    =           53
p0                        =     0.247811   +/-   0.00598508  
p1                        =     0.213223   +/-   0.00570628  
p2                        =     0.243774   +/-   0.00686569  
  [FIT] Found good fit candidate. Best segments so far: 2. Stopping search.
  [FIT] Finalizing with loop variable 'segments' = 2
****************************************
Minimizer is Minuit2 / Migrad
Chi2                      =      19.9204
NDf                       =           13
Edm                       =   2.1735e-22
NCalls                    =           53
p0                        =     0.253871   +/-   0.00695303  
p1                        =     0.216089   +/-   0.00500954  
p2                        =     0.247847   +/-   0.00854496  
[SUCCESS] Created final fit for UnbiasedL1Inner_Beryllium_NaF_L2QTemplate_EGE_SigmaR_spline with chi2/ndf = 1.61313
begin drawing Beryllium UnbiasedL1Inner NaF EGE_SigmaR
  [SUCCESS] Wrote constant TF1 'UnbiasedL1Inner_Beryllium_NaF_L1QTemplate_EGE_AlphaL_spline' to file.
  [SUCCESS] Wrote constant TF1 'UnbiasedL1Inner_Beryllium_NaF_L2QTemplate_EGE_AlphaL_spline' to file.
begin drawing Beryllium UnbiasedL1Inner NaF EGE_AlphaL

[INFO] Starting smart spline fit for: UnbiasedL1Inner_Beryllium_NaF_L1QTemplate_EGE_AlphaR (16 points)
****************************************
Minimizer is Minuit2 / Migrad
Chi2                      =      15.3082
NDf                       =           14
Edm                       =  3.10746e-22
NCalls                    =           31
p0                        =      1.06301   +/-   0.060982    
p1                        =       1.3073   +/-   0.0562837   
  [FIT] Found good fit candidate. Best segments so far: 1. Stopping search.
  [FIT] Finalizing with loop variable 'segments' = 1
****************************************
Minimizer is Minuit2 / Migrad
Chi2                      =      15.8522
NDf                       =           14
Edm                       =  1.04107e-22
NCalls                    =           31
p0                        =      1.03742   +/-   0.072974    
p1                        =      1.33344   +/-   0.067976    
[SUCCESS] Created final fit for UnbiasedL1Inner_Beryllium_NaF_L1QTemplate_EGE_AlphaR_spline with chi2/ndf = 1.09345

[INFO] Starting smart spline fit for: UnbiasedL1Inner_Beryllium_NaF_L2QTemplate_EGE_AlphaR (16 points)
****************************************
Minimizer is Minuit2 / Migrad
Chi2                      =      14.2435
NDf                       =           14
Edm                       =  8.97262e-23
NCalls                    =           31
p0                        =     0.940717   +/-   0.0634967   
p1                        =       1.2998   +/-   0.0620537   
  [FIT] Found good fit candidate. Best segments so far: 1. Stopping search.
  [FIT] Finalizing with loop variable 'segments' = 1
****************************************
Minimizer is Minuit2 / Migrad
Chi2                      =      14.3625
NDf                       =           14
Edm                       =  6.79534e-23
NCalls                    =           31
p0                        =     0.893806   +/-   0.0757034   
p1                        =        1.342   +/-   0.07294     
[SUCCESS] Created final fit for UnbiasedL1Inner_Beryllium_NaF_L2QTemplate_EGE_AlphaR_spline with chi2/ndf = 1.01739
begin drawing Beryllium UnbiasedL1Inner NaF EGE_AlphaR
begin drawing Beryllium UnbiasedL1Inner NaF EGE_Chi2NDF

[INFO] Starting smart spline fit for: UnbiasedL1Inner_Beryllium_AGL_L1QTemplate_LG_Width (22 points)
****************************************
Minimizer is Minuit2 / Migrad
Chi2                      =      17.0738
NDf                       =           20
Edm                       =   3.7964e-22
NCalls                    =           33
p0                        =    0.0423706   +/-   0.000621853 
p1                        =    0.0433392   +/-   0.000970102 
  [FIT] Found good fit candidate. Best segments so far: 1. Stopping search.
  [FIT] Finalizing with loop variable 'segments' = 1
****************************************
Minimizer is Minuit2 / Migrad
Chi2                      =       17.077
NDf                       =           20
Edm                       =  4.25589e-23
NCalls                    =           31
p0                        =    0.0422786   +/-   0.000719907 
p1                        =    0.0434351   +/-   0.00109206  
[SUCCESS] Created final fit for UnbiasedL1Inner_Beryllium_AGL_L1QTemplate_LG_Width_spline with chi2/ndf = 0.853689

[INFO] Starting smart spline fit for: UnbiasedL1Inner_Beryllium_AGL_L2QTemplate_LG_Width (22 points)
****************************************
Minimizer is Minuit2 / Migrad
Chi2                      =      25.2297
NDf                       =           20
Edm                       =  5.10463e-23
NCalls                    =           31
p0                        =    0.0433577   +/-   0.000770095 
p1                        =    0.0440117   +/-   0.00113245  
  [FIT] Found good fit candidate. Best segments so far: 1. Stopping search.
  [FIT] Finalizing with loop variable 'segments' = 1
****************************************
Minimizer is Minuit2 / Migrad
Chi2                      =      25.2675
NDf                       =           20
Edm                       =  8.79014e-23
NCalls                    =           31
p0                        =    0.0433308   +/-   0.000885887 
p1                        =    0.0440223   +/-   0.00127876  
[SUCCESS] Created final fit for UnbiasedL1Inner_Beryllium_AGL_L2QTemplate_LG_Width_spline with chi2/ndf = 1.26149
begin drawing Beryllium UnbiasedL1Inner AGL LG_Width

[INFO] Starting smart spline fit for: UnbiasedL1Inner_Beryllium_AGL_L1QTemplate_LG_MPV (22 points)
****************************************
Minimizer is Minuit2 / Migrad
Chi2                      =      34.2671
NDf                       =           20
Edm                       =   9.0957e-19
NCalls                    =           43
p0                        =      3.92336   +/-   0.000716595 
p1                        =       3.9419   +/-   0.00107055  
  [FIT] Found good fit candidate. Best segments so far: 1. Stopping search.
  [FIT] Finalizing with loop variable 'segments' = 1
****************************************
Minimizer is Minuit2 / Migrad
Chi2                      =      31.4176
NDf                       =           20
Edm                       =  8.43719e-19
NCalls                    =           43
p0                        =      3.92149   +/-   0.000828344 
p1                        =      3.94392   +/-   0.0012078   
[SUCCESS] Created final fit for UnbiasedL1Inner_Beryllium_AGL_L1QTemplate_LG_MPV_spline with chi2/ndf = 1.71336

[INFO] Starting smart spline fit for: UnbiasedL1Inner_Beryllium_AGL_L2QTemplate_LG_MPV (22 points)
****************************************
Minimizer is Minuit2 / Migrad
Chi2                      =      27.1301
NDf                       =           20
Edm                       =  1.52013e-18
NCalls                    =           43
p0                        =       3.9155   +/-   0.000869285 
p1                        =      3.93052   +/-   0.00125452  
  [FIT] Found good fit candidate. Best segments so far: 1. Stopping search.
  [FIT] Finalizing with loop variable 'segments' = 1
****************************************
Minimizer is Minuit2 / Migrad
Chi2                      =      29.1882
NDf                       =           20
Edm                       =  1.73735e-19
NCalls                    =           43
p0                        =      3.91415   +/-   0.00100399  
p1                        =      3.93193   +/-   0.00142097  
[SUCCESS] Created final fit for UnbiasedL1Inner_Beryllium_AGL_L2QTemplate_LG_MPV_spline with chi2/ndf = 1.35651
begin drawing Beryllium UnbiasedL1Inner AGL LG_MPV

[INFO] Starting smart spline fit for: UnbiasedL1Inner_Beryllium_AGL_L1QTemplate_LG_Sigma (22 points)
****************************************
Minimizer is Minuit2 / Migrad
Chi2                      =      26.5092
NDf                       =           20
Edm                       =  2.48549e-22
NCalls                    =           35
p0                        =     0.155812   +/-   0.000824109 
p1                        =     0.148086   +/-   0.00128007  
  [FIT] Found good fit candidate. Best segments so far: 1. Stopping search.
  [FIT] Finalizing with loop variable 'segments' = 1
****************************************
Minimizer is Minuit2 / Migrad
Chi2                      =      27.0051
NDf                       =           20
Edm                       =  2.48625e-21
NCalls                    =           35
p0                        =     0.156524   +/-   0.000956443 
p1                        =     0.147368   +/-   0.00144382  
[SUCCESS] Created final fit for UnbiasedL1Inner_Beryllium_AGL_L1QTemplate_LG_Sigma_spline with chi2/ndf = 1.32546

[INFO] Starting smart spline fit for: UnbiasedL1Inner_Beryllium_AGL_L2QTemplate_LG_Sigma (22 points)
****************************************
Minimizer is Minuit2 / Migrad
Chi2                      =      25.7159
NDf                       =           20
Edm                       =  5.43417e-22
NCalls                    =           35
p0                        =     0.157127   +/-   0.000999694 
p1                        =     0.147248   +/-   0.0014902   
  [FIT] Found good fit candidate. Best segments so far: 1. Stopping search.
  [FIT] Finalizing with loop variable 'segments' = 1
****************************************
Minimizer is Minuit2 / Migrad
Chi2                      =      26.6814
NDf                       =           20
Edm                       =  1.40498e-21
NCalls                    =           35
p0                        =     0.157982   +/-   0.0011546   
p1                        =     0.146387   +/-   0.00168315  
[SUCCESS] Created final fit for UnbiasedL1Inner_Beryllium_AGL_L2QTemplate_LG_Sigma_spline with chi2/ndf = 1.2858
begin drawing Beryllium UnbiasedL1Inner AGL LG_Sigma
begin drawing Beryllium UnbiasedL1Inner AGL LG_Chi2NDF

[INFO] Starting smart spline fit for: UnbiasedL1Inner_Beryllium_AGL_L1QTemplate_EGE_Peak (22 points)
****************************************
Minimizer is Minuit2 / Migrad
Chi2                      =      30.1482
NDf                       =           20
Edm                       =   5.8072e-19
NCalls                    =           43
p0                        =      3.95509   +/-   0.00147204  
p1                        =      3.97451   +/-   0.00227661  
  [FIT] Found good fit candidate. Best segments so far: 1. Stopping search.
  [FIT] Finalizing with loop variable 'segments' = 1
****************************************
Minimizer is Minuit2 / Migrad
Chi2                      =      31.5755
NDf                       =           20
Edm                       =  1.16347e-18
NCalls                    =           43
p0                        =      3.95335   +/-   0.00171005  
p1                        =      3.97619   +/-   0.0025625   
[SUCCESS] Created final fit for UnbiasedL1Inner_Beryllium_AGL_L1QTemplate_EGE_Peak_spline with chi2/ndf = 1.50741

[INFO] Starting smart spline fit for: UnbiasedL1Inner_Beryllium_AGL_L2QTemplate_EGE_Peak (22 points)
****************************************
Minimizer is Minuit2 / Migrad
Chi2                      =      22.9899
NDf                       =           20
Edm                       =  3.87381e-21
NCalls                    =           39
p0                        =      3.94778   +/-   0.00172881  
p1                        =      3.96584   +/-   0.00269399  
  [FIT] Found good fit candidate. Best segments so far: 1. Stopping search.
  [FIT] Finalizing with loop variable 'segments' = 1
****************************************
Minimizer is Minuit2 / Migrad
Chi2                      =       24.511
NDf                       =           20
Edm                       =  5.35934e-19
NCalls                    =           43
p0                        =       3.9462   +/-   0.00202353  
p1                        =      3.96725   +/-   0.00304128  
[SUCCESS] Created final fit for UnbiasedL1Inner_Beryllium_AGL_L2QTemplate_EGE_Peak_spline with chi2/ndf = 1.14949
begin drawing Beryllium UnbiasedL1Inner AGL EGE_Peak

[INFO] Starting smart spline fit for: UnbiasedL1Inner_Beryllium_AGL_L1QTemplate_EGE_SigmaL (22 points)
****************************************
Minimizer is Minuit2 / Migrad
Chi2                      =      31.9858
NDf                       =           20
Edm                       =  1.77391e-21
NCalls                    =           35
p0                        =     0.162152   +/-   0.0009779   
p1                        =     0.156441   +/-   0.00148287  
  [FIT] Found good fit candidate. Best segments so far: 1. Stopping search.
  [FIT] Finalizing with loop variable 'segments' = 1
****************************************
Minimizer is Minuit2 / Migrad
Chi2                      =      31.2639
NDf                       =           20
Edm                       =  9.81589e-22
NCalls                    =           35
p0                        =     0.162832   +/-   0.0011351   
p1                        =     0.155669   +/-   0.00167126  
[SUCCESS] Created final fit for UnbiasedL1Inner_Beryllium_AGL_L1QTemplate_EGE_SigmaL_spline with chi2/ndf = 1.59929

[INFO] Starting smart spline fit for: UnbiasedL1Inner_Beryllium_AGL_L2QTemplate_EGE_SigmaL (22 points)
****************************************
Minimizer is Minuit2 / Migrad
Chi2                      =      26.3449
NDf                       =           20
Edm                       =  1.27491e-22
NCalls                    =           35
p0                        =     0.164049   +/-   0.00114472  
p1                        =     0.157579   +/-   0.00175007  
  [FIT] Found good fit candidate. Best segments so far: 1. Stopping search.
  [FIT] Finalizing with loop variable 'segments' = 1
****************************************
Minimizer is Minuit2 / Migrad
Chi2                      =      26.1048
NDf                       =           20
Edm                       =  7.80753e-23
NCalls                    =           35
p0                        =     0.164753   +/-   0.00133647  
p1                        =     0.156824   +/-   0.00197944  
[SUCCESS] Created final fit for UnbiasedL1Inner_Beryllium_AGL_L2QTemplate_EGE_SigmaL_spline with chi2/ndf = 1.31724
begin drawing Beryllium UnbiasedL1Inner AGL EGE_SigmaL

[INFO] Starting smart spline fit for: UnbiasedL1Inner_Beryllium_AGL_L1QTemplate_EGE_SigmaR (22 points)
****************************************
Minimizer is Minuit2 / Migrad
Chi2                      =      33.3325
NDf                       =           20
Edm                       =  7.37482e-23
NCalls                    =           35
p0                        =      0.22975   +/-   0.00177745  
p1                        =     0.221607   +/-   0.00287874  
  [FIT] Found good fit candidate. Best segments so far: 1. Stopping search.
  [FIT] Finalizing with loop variable 'segments' = 1
****************************************
Minimizer is Minuit2 / Migrad
Chi2                      =      34.3345
NDf                       =           20
Edm                       =  5.24295e-22
NCalls                    =           35
p0                        =     0.230121   +/-   0.00207939  
p1                        =     0.221585   +/-   0.00322834  
[SUCCESS] Created final fit for UnbiasedL1Inner_Beryllium_AGL_L1QTemplate_EGE_SigmaR_spline with chi2/ndf = 1.66662

[INFO] Starting smart spline fit for: UnbiasedL1Inner_Beryllium_AGL_L2QTemplate_EGE_SigmaR (22 points)
****************************************
Minimizer is Minuit2 / Migrad
Chi2                      =      21.9599
NDf                       =           20
Edm                       =  8.32174e-23
NCalls                    =           33
p0                        =     0.232746   +/-   0.00206555  
p1                        =     0.217838   +/-   0.00343854  
  [FIT] Found good fit candidate. Best segments so far: 1. Stopping search.
  [FIT] Finalizing with loop variable 'segments' = 1
****************************************
Minimizer is Minuit2 / Migrad
Chi2                      =      22.8885
NDf                       =           20
Edm                       =   1.2772e-22
NCalls                    =           33
p0                        =     0.234003   +/-   0.00243416  
p1                        =     0.216903   +/-   0.00385532  
[SUCCESS] Created final fit for UnbiasedL1Inner_Beryllium_AGL_L2QTemplate_EGE_SigmaR_spline with chi2/ndf = 1.098
begin drawing Beryllium UnbiasedL1Inner AGL EGE_SigmaR
  [SUCCESS] Wrote constant TF1 'UnbiasedL1Inner_Beryllium_AGL_L1QTemplate_EGE_AlphaL_spline' to file.
  [SUCCESS] Wrote constant TF1 'UnbiasedL1Inner_Beryllium_AGL_L2QTemplate_EGE_AlphaL_spline' to file.
begin drawing Beryllium UnbiasedL1Inner AGL EGE_AlphaL

[INFO] Starting smart spline fit for: UnbiasedL1Inner_Beryllium_AGL_L1QTemplate_EGE_AlphaR (22 points)
****************************************
Minimizer is Minuit2 / Migrad
Chi2                      =      28.2732
NDf                       =           20
Edm                       =  7.08137e-23
NCalls                    =           31
p0                        =       1.2792   +/-   0.018825    
p1                        =      1.22286   +/-   0.0302527   
  [FIT] Found good fit candidate. Best segments so far: 1. Stopping search.
  [FIT] Finalizing with loop variable 'segments' = 1
****************************************
Minimizer is Minuit2 / Migrad
Chi2                      =      28.8032
NDf                       =           20
Edm                       =  7.15679e-23
NCalls                    =           31
p0                        =      1.28094   +/-   0.0218204   
p1                        =       1.2238   +/-   0.0339646   
[SUCCESS] Created final fit for UnbiasedL1Inner_Beryllium_AGL_L1QTemplate_EGE_AlphaR_spline with chi2/ndf = 1.41366

[INFO] Starting smart spline fit for: UnbiasedL1Inner_Beryllium_AGL_L2QTemplate_EGE_AlphaR (22 points)
****************************************
Minimizer is Minuit2 / Migrad
Chi2                      =      24.3274
NDf                       =           20
Edm                       =  1.61189e-22
NCalls                    =           31
p0                        =      1.29079   +/-   0.0230265   
p1                        =      1.18632   +/-   0.0356338   
  [FIT] Found good fit candidate. Best segments so far: 1. Stopping search.
  [FIT] Finalizing with loop variable 'segments' = 1
****************************************
Minimizer is Minuit2 / Migrad
Chi2                      =      25.3412
NDf                       =           20
Edm                       =  9.80846e-22
NCalls                    =           31
p0                        =      1.29523   +/-   0.0266219   
p1                        =      1.18562   +/-   0.0398885   
[SUCCESS] Created final fit for UnbiasedL1Inner_Beryllium_AGL_L2QTemplate_EGE_AlphaR_spline with chi2/ndf = 1.21637
begin drawing Beryllium UnbiasedL1Inner AGL EGE_AlphaR
begin drawing Beryllium UnbiasedL1Inner AGL EGE_Chi2NDF

[INFO] Starting smart spline fit for: L1Inner_Boron_TOF_L1QTemplate_LG_Width (7 points)
****************************************
Minimizer is Minuit2 / Migrad
Chi2                      =      69.7165
NDf                       =            5
Edm                       =  3.21674e-21
NCalls                    =           31
p0                        =      0.02099   +/-   0.000789212 
p1                        =    0.0691971   +/-   0.00124559  
****************************************
Minimizer is Minuit2 / Migrad
Chi2                      =      26.2391
NDf                       =            4
Edm                       =  5.45802e-22
NCalls                    =           53
p0                        =    0.0256711   +/-   0.00106154  
p1                        =    0.0444147   +/-   0.000923214 
p2                        =      0.07563   +/-   0.00158217  
****************************************
Minimizer is Minuit2 / Migrad
Chi2                      =      11.0614
NDf                       =            3
Edm                       =  6.38364e-22
NCalls                    =           80
p0                        =    0.0280674   +/-   0.00122294  
p1                        =    0.0338348   +/-   0.000789772 
p2                        =    0.0619702   +/-   0.00172128  
p3                        =    0.0722817   +/-   0.00184836  
****************************************
Minimizer is Minuit2 / Migrad
Chi2                      =      4.68226
NDf                       =            2
Edm                       =  4.12353e-07
NCalls                    =          110
p0                        =    0.0298391   +/-   0.00150494  
p1                        =    0.0264494   +/-   0.000936899 
p2                        =    0.0480865   +/-   0.00130544  
p3                        =     0.070089   +/-   0.00186798  
p4                        =     0.071658   +/-   0.00218273  
  [FIT] Found good fit candidate. Best segments so far: 4. Stopping search.
  [FIT] Finalizing with loop variable 'segments' = 4
****************************************
Minimizer is Minuit2 / Migrad
Chi2                      =      4.16439
NDf                       =            2
Edm                       =  4.84894e-22
NCalls                    =          112
p0                        =    0.0326161   +/-   0.00230521  
p1                        =     0.026374   +/-   0.00094384  
p2                        =     0.047987   +/-   0.00127934  
p3                        =     0.070309   +/-   0.00191825  
p4                        =    0.0709707   +/-   0.00312088  
[SUCCESS] Created final fit for L1Inner_Boron_TOF_L1QTemplate_LG_Width_spline with chi2/ndf = 2.34113

[INFO] Starting smart spline fit for: L1Inner_Boron_TOF_L2QTemplate_LG_Width (7 points)
****************************************
Minimizer is Minuit2 / Migrad
Chi2                      =      110.433
NDf                       =            5
Edm                       =  3.76051e-22
NCalls                    =           31
p0                        =     0.017108   +/-   0.000938109 
p1                        =     0.050507   +/-   0.00159304  
****************************************
Minimizer is Minuit2 / Migrad
Chi2                      =      6.92232
NDf                       =            4
Edm                       =  2.44453e-12
NCalls                    =           59
p0                        =    0.0251874   +/-   0.0012291   
p1                        =     0.028572   +/-   0.00112532  
p2                        =    0.0658408   +/-   0.00219301  
  [FIT] Found good fit candidate. Best segments so far: 2. Stopping search.
  [FIT] Finalizing with loop variable 'segments' = 2
****************************************
Minimizer is Minuit2 / Migrad
Chi2                      =      2.25538
NDf                       =            4
Edm                       =  1.63039e-22
NCalls                    =           53
p0                        =    0.0262201   +/-   0.00168293  
p1                        =    0.0287389   +/-   0.00101684  
p2                        =    0.0752163   +/-   0.00271669  
[SUCCESS] Created final fit for L1Inner_Boron_TOF_L2QTemplate_LG_Width_spline with chi2/ndf = 1.73058
begin drawing Boron L1Inner TOF LG_Width

[INFO] Starting smart spline fit for: L1Inner_Boron_TOF_L1QTemplate_LG_MPV (7 points)
****************************************
Minimizer is Minuit2 / Migrad
Chi2                      =      227.773
NDf                       =            5
Edm                       =   1.9887e-17
NCalls                    =           43
p0                        =      4.93489   +/-   0.00111107  
p1                        =      4.90345   +/-   0.000533633 
****************************************
Minimizer is Minuit2 / Migrad
Chi2                      =      132.263
NDf                       =            4
Edm                       =  9.55053e-18
NCalls                    =           69
p0                        =      4.94518   +/-   0.00153072  
p1                        =      4.90932   +/-   0.000904267 
p2                        =      4.90692   +/-   0.000640798 
****************************************
Minimizer is Minuit2 / Migrad
Chi2                      =      4.29537
NDf                       =            3
Edm                       =  5.43992e-16
NCalls                    =          104
p0                        =      4.93456   +/-   0.00183246  
p1                        =      4.92755   +/-   0.00111341  
p2                        =      4.89892   +/-   0.000893328 
p3                        =      4.91127   +/-   0.000747957 
  [FIT] Found good fit candidate. Best segments so far: 3. Stopping search.
  [FIT] Finalizing with loop variable 'segments' = 3
****************************************
Minimizer is Minuit2 / Migrad
Chi2                      =       7.9105
NDf                       =            3
Edm                       =  5.85228e-17
NCalls                    =          100
p0                        =      4.93349   +/-   0.00254249  
p1                        =      4.92709   +/-   0.00106889  
p2                        =      4.90023   +/-   0.000808291 
p3                        =      4.91564   +/-   0.00103885  
[SUCCESS] Created final fit for L1Inner_Boron_TOF_L1QTemplate_LG_MPV_spline with chi2/ndf = 1.43179

[INFO] Starting smart spline fit for: L1Inner_Boron_TOF_L2QTemplate_LG_MPV (7 points)
****************************************
Minimizer is Minuit2 / Migrad
Chi2                      =      34.4246
NDf                       =            5
Edm                       =  1.59407e-18
NCalls                    =           43
p0                        =       4.9641   +/-   0.00146078  
p1                        =      4.91161   +/-   0.000827493 
****************************************
Minimizer is Minuit2 / Migrad
Chi2                      =      16.5797
NDf                       =            4
Edm                       =  1.59247e-17
NCalls                    =           77
p0                        =      4.95855   +/-   0.00196408  
p1                        =      4.93981   +/-   0.00156645  
p2                        =      4.90976   +/-   0.000936106 
****************************************
Minimizer is Minuit2 / Migrad
Chi2                      =      9.72305
NDf                       =            3
Edm                       =  4.54529e-17
NCalls                    =          102
p0                        =      4.95518   +/-   0.00232752  
p1                        =      4.95187   +/-   0.00167169  
p2                        =       4.9245   +/-   0.00171793  
p3                        =      4.91102   +/-   0.0010555   
****************************************
Minimizer is Minuit2 / Migrad
Chi2                      =      2.40078
NDf                       =            2
Edm                       =  8.70615e-09
NCalls                    =          134
p0                        =      4.95809   +/-   0.00285424  
p1                        =      4.95437   +/-   0.00182306  
p2                        =      4.94317   +/-   0.00217583  
p3                        =      4.91263   +/-   0.00142315  
p4                        =      4.91272   +/-   0.00122223  
  [FIT] Found good fit candidate. Best segments so far: 4. Stopping search.
  [FIT] Finalizing with loop variable 'segments' = 4
****************************************
Minimizer is Minuit2 / Migrad
Chi2                      =      2.25881
NDf                       =            2
Edm                       =  1.04423e-17
NCalls                    =          132
p0                        =      4.95949   +/-   0.00432541  
p1                        =      4.95434   +/-   0.00184393  
p2                        =      4.94313   +/-   0.00214212  
p3                        =      4.91255   +/-   0.00144583  
p4                        =      4.91429   +/-   0.00190729  
[SUCCESS] Created final fit for L1Inner_Boron_TOF_L2QTemplate_LG_MPV_spline with chi2/ndf = 1.20039
begin drawing Boron L1Inner TOF LG_MPV

[INFO] Starting smart spline fit for: L1Inner_Boron_TOF_L1QTemplate_LG_Sigma (7 points)
****************************************
Minimizer is Minuit2 / Migrad
Chi2                      =      243.137
NDf                       =            5
Edm                       =  6.21347e-22
NCalls                    =           33
p0                        =     0.214733   +/-   0.00094443  
p1                        =     0.168565   +/-   0.0017353   
****************************************
Minimizer is Minuit2 / Migrad
Chi2                      =      27.9939
NDf                       =            4
Edm                       =  3.52236e-20
NCalls                    =           59
p0                        =     0.202816   +/-   0.0012458   
p1                        =     0.198833   +/-   0.00114862  
p2                        =     0.146072   +/-   0.00231577  
****************************************
Minimizer is Minuit2 / Migrad
Chi2                      =      24.9577
NDf                       =            3
Edm                       =  1.14927e-21
NCalls                    =           82
p0                        =      0.20191   +/-   0.00143985  
p1                        =     0.207712   +/-   0.000955312 
p2                        =     0.179972   +/-   0.00227843  
p3                        =     0.146291   +/-   0.0027276   
****************************************
Minimizer is Minuit2 / Migrad
Chi2                      =      14.1219
NDf                       =            2
Edm                       =  6.54348e-20
NCalls                    =          120
p0                        =     0.198361   +/-   0.00176345  
p1                        =     0.210571   +/-   0.0010871   
p2                        =      0.19495   +/-   0.00162265  
p3                        =      0.16443   +/-   0.00261102  
p4                        =     0.144017   +/-   0.0032419   
****************************************
Minimizer is Minuit2 / Migrad
Chi2                      =     0.123903
NDf                       =            1
Edm                       =  3.65949e-06
NCalls                    =          152
p0                        =     0.196298   +/-   0.00186184  
p1                        =      0.21211   +/-   0.00117183  
p2                        =     0.204873   +/-   0.00111287  
p3                        =     0.185072   +/-   0.00250723  
p4                        =     0.157499   +/-   0.00332952  
p5                        =     0.148501   +/-   0.00352656  
  [FIT] No fit met threshold. Falling back to best chi2/ndf.
  [FIT] Finalizing with loop variable 'segments' = 5
****************************************
Minimizer is Minuit2 / Migrad
Chi2                      =     0.150356
NDf                       =            1
Edm                       =  1.29409e-06
NCalls                    =          139
p0                        =     0.188325   +/-   0.0029884   
p1                        =     0.212076   +/-   0.00116796  
p2                        =     0.204874   +/-   0.0011124   
p3                        =     0.184982   +/-   0.00249857  
p4                        =     0.157521   +/-   0.00335606  
p5                        =     0.148833   +/-   0.0054822   
[SUCCESS] Created final fit for L1Inner_Boron_TOF_L1QTemplate_LG_Sigma_spline with chi2/ndf = 0.123903

[INFO] Starting smart spline fit for: L1Inner_Boron_TOF_L2QTemplate_LG_Sigma (7 points)
****************************************
Minimizer is Minuit2 / Migrad
Chi2                      =       166.47
NDf                       =            5
Edm                       =  4.79827e-21
NCalls                    =           33
p0                        =      0.19832   +/-   0.00110175  
p1                        =     0.192711   +/-   0.00197822  
****************************************
Minimizer is Minuit2 / Migrad
Chi2                      =      19.3329
NDf                       =            4
Edm                       =   3.8142e-21
NCalls                    =           53
p0                        =     0.186942   +/-   0.00144699  
p1                        =     0.205108   +/-   0.00130661  
p2                        =     0.168073   +/-   0.00283528  
****************************************
Minimizer is Minuit2 / Migrad
Chi2                      =      1.84083
NDf                       =            3
Edm                       =  2.86034e-20
NCalls                    =           86
p0                        =     0.189633   +/-   0.00166233  
p1                        =     0.203986   +/-   0.00113576  
p2                        =     0.201148   +/-   0.00218279  
p3                        =     0.158698   +/-   0.0035752   
  [FIT] Found good fit candidate. Best segments so far: 3. Stopping search.
  [FIT] Finalizing with loop variable 'segments' = 3
****************************************
Minimizer is Minuit2 / Migrad
Chi2                      =     0.131393
NDf                       =            3
Edm                       =  1.12379e-20
NCalls                    =           88
p0                        =     0.185745   +/-   0.0023978   
p1                        =     0.203638   +/-   0.00106971  
p2                        =     0.201472   +/-   0.002125    
p3                        =     0.146528   +/-   0.00467891  
[SUCCESS] Created final fit for L1Inner_Boron_TOF_L2QTemplate_LG_Sigma_spline with chi2/ndf = 0.613611
begin drawing Boron L1Inner TOF LG_Sigma
begin drawing Boron L1Inner TOF LG_Chi2NDF

[INFO] Starting smart spline fit for: L1Inner_Boron_TOF_L1QTemplate_EGE_Peak (7 points)
****************************************
Minimizer is Minuit2 / Migrad
Chi2                      =       257.18
NDf                       =            5
Edm                       =  1.41087e-17
NCalls                    =           43
p0                        =      4.98858   +/-   0.00149042  
p1                        =      4.94413   +/-   0.00064689  
****************************************
Minimizer is Minuit2 / Migrad
Chi2                      =      84.9528
NDf                       =            4
Edm                       =  2.38426e-17
NCalls                    =           79
p0                        =      5.00734   +/-   0.00206525  
p1                        =      4.94833   +/-   0.0012968   
p2                        =        4.948   +/-   0.000710942 
****************************************
Minimizer is Minuit2 / Migrad
Chi2                      =      20.4296
NDf                       =            3
Edm                       =  1.58175e-16
NCalls                    =          102
p0                        =      4.99648   +/-   0.00253791  
p1                        =      4.97277   +/-   0.00159281  
p2                        =       4.9356   +/-   0.00138519  
p3                        =      4.95036   +/-   0.000767173 
****************************************
Minimizer is Minuit2 / Migrad
Chi2                      =       11.285
NDf                       =            2
Edm                       =  1.34286e-17
NCalls                    =          132
p0                        =      4.99115   +/-   0.00314061  
p1                        =      4.99227   +/-   0.00182462  
p2                        =      4.94791   +/-   0.00175659  
p3                        =      4.93891   +/-   0.0015201   
p4                        =      4.95082   +/-   0.000923058 
****************************************
Minimizer is Minuit2 / Migrad
Chi2                      =      6.47699
NDf                       =            1
Edm                       =  9.50461e-18
NCalls                    =          173
p0                        =      4.98835   +/-   0.00340935  
p1                        =      4.99456   +/-   0.0021276   
p2                        =      4.96992   +/-   0.00178422  
p3                        =      4.93738   +/-   0.00150208  
p4                        =      4.93819   +/-   0.00192335  
p5                        =      4.95114   +/-   0.00106835  
  [FIT] No fit met threshold. Falling back to best chi2/ndf.
  [FIT] Finalizing with loop variable 'segments' = 4
****************************************
Minimizer is Minuit2 / Migrad
Chi2                      =      10.7793
NDf                       =            2
Edm                       =  2.30443e-17
NCalls                    =          132
p0                        =      4.98625   +/-   0.00467048  
p1                        =      4.99266   +/-   0.00184772  
p2                        =      4.94776   +/-   0.00172792  
p3                        =      4.93863   +/-   0.00156538  
p4                        =      4.95495   +/-   0.00163505  
[SUCCESS] Created final fit for L1Inner_Boron_TOF_L1QTemplate_EGE_Peak_spline with chi2/ndf = 5.64251

[INFO] Starting smart spline fit for: L1Inner_Boron_TOF_L2QTemplate_EGE_Peak (7 points)
****************************************
Minimizer is Minuit2 / Migrad
Chi2                      =      70.2811
NDf                       =            5
Edm                       =   2.7882e-17
NCalls                    =           43
p0                        =      4.99967   +/-   0.00164028  
p1                        =      4.95318   +/-   0.00123746  
****************************************
Minimizer is Minuit2 / Migrad
Chi2                      =      70.2158
NDf                       =            4
Edm                       =  4.67757e-17
NCalls                    =           69
p0                        =      4.99931   +/-   0.00215632  
p1                        =      4.97319   +/-   0.00135384  
p2                        =      4.95291   +/-   0.00160937  
****************************************
Minimizer is Minuit2 / Migrad
Chi2                      =      13.7988
NDf                       =            3
Edm                       =  1.30698e-09
NCalls                    =          112
p0                        =      4.98907   +/-   0.00257007  
p1                        =      4.99207   +/-   0.00172182  
p2                        =      4.95622   +/-   0.00150311  
p3                        =      4.96034   +/-   0.00191939  
****************************************
Minimizer is Minuit2 / Migrad
Chi2                      =       2.6003
NDf                       =            2
Edm                       =  7.72353e-09
NCalls                    =          107
p0                        =      4.98314   +/-   0.00313957  
p1                        =      5.00123   +/-   0.00201496  
p2                        =      4.97097   +/-   0.00168421  
p3                        =      4.95455   +/-   0.00156013  
p4                        =      4.96056   +/-   0.00231415  
  [FIT] Found good fit candidate. Best segments so far: 4. Stopping search.
  [FIT] Finalizing with loop variable 'segments' = 4
****************************************
Minimizer is Minuit2 / Migrad
Chi2                      =      1.97129
NDf                       =            2
Edm                       =   4.7585e-10
NCalls                    =          103
p0                        =      4.97343   +/-   0.00471471  
p1                        =      5.00158   +/-   0.00204372  
p2                        =      4.97107   +/-   0.00166437  
p3                        =      4.95421   +/-   0.00159507  
p4                        =      4.96355   +/-   0.00325313  
[SUCCESS] Created final fit for L1Inner_Boron_TOF_L2QTemplate_EGE_Peak_spline with chi2/ndf = 1.30015
begin drawing Boron L1Inner TOF EGE_Peak

[INFO] Starting smart spline fit for: L1Inner_Boron_TOF_L1QTemplate_EGE_SigmaL (7 points)
****************************************
Minimizer is Minuit2 / Migrad
Chi2                      =      88.9868
NDf                       =            5
Edm                       =  3.72728e-20
NCalls                    =           37
p0                        =      0.22906   +/-   0.00105361  
p1                        =     0.170142   +/-   0.000848993 
****************************************
Minimizer is Minuit2 / Migrad
Chi2                      =      76.9119
NDf                       =            4
Edm                       =  6.85074e-21
NCalls                    =           55
p0                        =     0.225818   +/-   0.00140731  
p1                        =     0.197913   +/-   0.000959542 
p2                        =     0.167665   +/-   0.00110854  
****************************************
Minimizer is Minuit2 / Migrad
Chi2                      =      35.5327
NDf                       =            3
Edm                       =  2.12433e-07
NCalls                    =           92
p0                        =     0.219783   +/-   0.0016972   
p1                        =     0.214348   +/-   0.00111214  
p2                        =     0.181191   +/-   0.000985562 
p3                        =     0.171509   +/-   0.0012813   
****************************************
Minimizer is Minuit2 / Migrad
Chi2                      =      16.5744
NDf                       =            2
Edm                       =  4.98355e-07
NCalls                    =          117
p0                        =     0.214248   +/-   0.00209855  
p1                        =     0.225076   +/-   0.00124933  
p2                        =     0.194384   +/-   0.00136498  
p3                        =     0.174728   +/-   0.00116169  
p4                        =     0.170412   +/-   0.00150729  
****************************************
Minimizer is Minuit2 / Migrad
Chi2                      =      10.6128
NDf                       =            1
Edm                       =  8.18457e-08
NCalls                    =          156
p0                        =     0.212353   +/-   0.00226391  
p1                        =     0.226617   +/-   0.00143071  
p2                        =     0.211913   +/-   0.00125124  
p3                        =     0.182129   +/-   0.00104009  
p4                        =     0.174318   +/-   0.00152431  
p5                        =     0.170601   +/-   0.00164412  
  [FIT] No fit met threshold. Falling back to best chi2/ndf.
  [FIT] Finalizing with loop variable 'segments' = 4
****************************************
Minimizer is Minuit2 / Migrad
Chi2                      =      15.0106
NDf                       =            2
Edm                       =  1.73237e-19
NCalls                    =          128
p0                        =     0.207255   +/-   0.00314609  
p1                        =     0.225335   +/-   0.00126178  
p2                        =     0.194504   +/-   0.00133518  
p3                        =     0.174726   +/-   0.00119399  
p4                        =     0.169541   +/-   0.00215215  
[SUCCESS] Created final fit for L1Inner_Boron_TOF_L1QTemplate_EGE_SigmaL_spline with chi2/ndf = 8.28722

[INFO] Starting smart spline fit for: L1Inner_Boron_TOF_L2QTemplate_EGE_SigmaL (7 points)
****************************************
Minimizer is Minuit2 / Migrad
Chi2                      =      134.273
NDf                       =            5
Edm                       =  4.19914e-21
NCalls                    =           35
p0                        =     0.204847   +/-   0.00113391  
p1                        =     0.187377   +/-   0.000848856 
****************************************
Minimizer is Minuit2 / Migrad
Chi2                      =      99.5716
NDf                       =            4
Edm                       =  1.09785e-20
NCalls                    =           55
p0                        =     0.199066   +/-   0.00149968  
p1                        =     0.199353   +/-   0.000949896 
p2                        =     0.183322   +/-   0.00109295  
****************************************
Minimizer is Minuit2 / Migrad
Chi2                      =       22.462
NDf                       =            3
Edm                       =  2.70083e-06
NCalls                    =           94
p0                        =      0.19028   +/-   0.00180719  
p1                        =     0.209006   +/-   0.00120094  
p2                        =     0.187596   +/-   0.00105297  
p3                        =     0.188863   +/-   0.00129444  
****************************************
Minimizer is Minuit2 / Migrad
Chi2                      =      6.32095
NDf                       =            2
Edm                       =  2.58943e-07
NCalls                    =          117
p0                        =     0.185375   +/-   0.00221711  
p1                        =     0.208345   +/-   0.00136231  
p2                        =     0.197531   +/-   0.00117891  
p3                        =      0.18557   +/-   0.00108403  
p4                        =      0.18919   +/-   0.00155316  
  [FIT] Found good fit candidate. Best segments so far: 4. Stopping search.
  [FIT] Finalizing with loop variable 'segments' = 4
****************************************
Minimizer is Minuit2 / Migrad
Chi2                      =      5.22889
NDf                       =            2
Edm                       =  8.27405e-06
NCalls                    =          117
p0                        =     0.175376   +/-   0.00331121  
p1                        =     0.208643   +/-   0.00137978  
p2                        =     0.197666   +/-   0.00116542  
p3                        =     0.185264   +/-   0.00110867  
p4                        =     0.191321   +/-   0.00219142  
[SUCCESS] Created final fit for L1Inner_Boron_TOF_L2QTemplate_EGE_SigmaL_spline with chi2/ndf = 3.16048
begin drawing Boron L1Inner TOF EGE_SigmaL

[INFO] Starting smart spline fit for: L1Inner_Boron_TOF_L1QTemplate_EGE_SigmaR (7 points)
****************************************
Minimizer is Minuit2 / Migrad
Chi2                      =      485.445
NDf                       =            5
Edm                       =   3.1464e-21
NCalls                    =           33
p0                        =     0.245516   +/-   0.00179148  
p1                        =     0.266842   +/-   0.000931852 
****************************************
Minimizer is Minuit2 / Migrad
Chi2                      =      55.4441
NDf                       =            4
Edm                       =  1.05128e-21
NCalls                    =           63
p0                        =     0.206052   +/-   0.00261369  
p1                        =      0.28239   +/-   0.00142611  
p2                        =     0.256415   +/-   0.00105885  
****************************************
Minimizer is Minuit2 / Migrad
Chi2                      =      15.9027
NDf                       =            3
Edm                       =  2.10967e-20
NCalls                    =          103
p0                        =     0.216293   +/-   0.00330418  
p1                        =     0.259221   +/-   0.00172808  
p2                        =      0.28645   +/-   0.00154188  
p3                        =     0.253472   +/-   0.00114862  
****************************************
Minimizer is Minuit2 / Migrad
Chi2                      =      10.3518
NDf                       =            2
Edm                       =   3.6418e-07
NCalls                    =          119
p0                        =     0.218718   +/-   0.00418384  
p1                        =     0.235207   +/-   0.00208118  
p2                        =      0.28015   +/-   0.00193461  
p3                        =     0.275283   +/-   0.00177922  
p4                        =     0.251914   +/-   0.00134614  
****************************************
Minimizer is Minuit2 / Migrad
Chi2                      =      4.96795
NDf                       =            1
Edm                       =  5.33424e-19
NCalls                    =          157
p0                        =      0.22313   +/-   0.00455975  
p1                        =     0.231989   +/-   0.00246913  
p2                        =     0.261747   +/-   0.00189491  
p3                        =     0.284587   +/-   0.00164168  
p4                        =     0.277179   +/-   0.00233004  
p5                        =     0.251037   +/-   0.00152256  
  [FIT] No fit met threshold. Falling back to best chi2/ndf.
  [FIT] Finalizing with loop variable 'segments' = 5
****************************************
Minimizer is Minuit2 / Migrad
Chi2                      =      5.28358
NDf                       =            1
Edm                       =  5.37966e-19
NCalls                    =          165
p0                        =     0.225176   +/-   0.00703737  
p1                        =     0.231974   +/-   0.00246526  
p2                        =      0.26168   +/-   0.00189402  
p3                        =     0.284515   +/-   0.00164099  
p4                        =     0.277199   +/-   0.00234476  
p5                        =     0.242624   +/-   0.00285233  
[SUCCESS] Created final fit for L1Inner_Boron_TOF_L1QTemplate_EGE_SigmaR_spline with chi2/ndf = 4.96795

[INFO] Starting smart spline fit for: L1Inner_Boron_TOF_L2QTemplate_EGE_SigmaR (7 points)
****************************************
Minimizer is Minuit2 / Migrad
Chi2                      =      87.4625
NDf                       =            5
Edm                       =   6.5513e-22
NCalls                    =           35
p0                        =     0.226741   +/-   0.00174422  
p1                        =      0.27539   +/-   0.00130135  
****************************************
Minimizer is Minuit2 / Migrad
Chi2                      =      76.3639
NDf                       =            4
Edm                       =  1.38112e-21
NCalls                    =           55
p0                        =     0.221894   +/-   0.00227133  
p1                        =     0.258095   +/-   0.00129093  
p2                        =     0.271363   +/-   0.00177621  
****************************************
Minimizer is Minuit2 / Migrad
Chi2                      =      23.3028
NDf                       =            3
Edm                       =  2.62386e-22
NCalls                    =           86
p0                        =     0.231461   +/-   0.00264538  
p1                        =     0.237537   +/-   0.00174864  
p2                        =     0.273006   +/-   0.00143653  
p3                        =     0.262332   +/-   0.00218919  
****************************************
Minimizer is Minuit2 / Migrad
Chi2                      =      4.57334
NDf                       =            2
Edm                       =  3.32588e-08
NCalls                    =          127
p0                        =     0.239222   +/-   0.00320099  
p1                        =     0.221802   +/-   0.00226717  
p2                        =     0.260871   +/-   0.00158377  
p3                        =     0.270462   +/-   0.00155697  
p4                        =     0.263275   +/-   0.00271007  
  [FIT] Found good fit candidate. Best segments so far: 4. Stopping search.
  [FIT] Finalizing with loop variable 'segments' = 4
****************************************
Minimizer is Minuit2 / Migrad
Chi2                      =      3.34417
NDf                       =            2
Edm                       =  2.37079e-20
NCalls                    =          120
p0                        =     0.249948   +/-   0.00486107  
p1                        =     0.221247   +/-   0.00231011  
p2                        =     0.260808   +/-   0.00156518  
p3                        =     0.270791   +/-   0.00159087  
p4                        =     0.260226   +/-   0.00375504  
[SUCCESS] Created final fit for L1Inner_Boron_TOF_L2QTemplate_EGE_SigmaR_spline with chi2/ndf = 2.28667
begin drawing Boron L1Inner TOF EGE_SigmaR
  [SUCCESS] Wrote constant TF1 'L1Inner_Boron_TOF_L1QTemplate_EGE_AlphaL_spline' to file.
  [SUCCESS] Wrote constant TF1 'L1Inner_Boron_TOF_L2QTemplate_EGE_AlphaL_spline' to file.
begin drawing Boron L1Inner TOF EGE_AlphaL

[INFO] Starting smart spline fit for: L1Inner_Boron_TOF_L1QTemplate_EGE_AlphaR (7 points)
****************************************
Minimizer is Minuit2 / Migrad
Chi2                      =      183.836
NDf                       =            5
Edm                       =  1.94219e-22
NCalls                    =           31
p0                        =      1.33458   +/-   0.0197015   
p1                        =      1.23532   +/-   0.0156285   
****************************************
Minimizer is Minuit2 / Migrad
Chi2                      =      28.7404
NDf                       =            4
Edm                       =  1.24765e-21
NCalls                    =           53
p0                        =       1.1016   +/-   0.0271681   
p1                        =      1.50014   +/-   0.0206404   
p2                        =      1.10237   +/-   0.018927    
****************************************
Minimizer is Minuit2 / Migrad
Chi2                      =       8.4136
NDf                       =            3
Edm                       =  2.66794e-22
NCalls                    =           80
p0                        =      1.17163   +/-   0.033254    
p1                        =      1.39556   +/-   0.021766    
p2                        =      1.46359   +/-   0.0220967   
p3                        =      1.05656   +/-   0.0213772   
  [FIT] Found good fit candidate. Best segments so far: 3. Stopping search.
  [FIT] Finalizing with loop variable 'segments' = 3
****************************************
Minimizer is Minuit2 / Migrad
Chi2                      =      7.23141
NDf                       =            3
Edm                       =  1.50824e-20
NCalls                    =           82
p0                        =      1.11934   +/-   0.0475791   
p1                        =      1.38915   +/-   0.0203493   
p2                        =      1.45653   +/-   0.0211256   
p3                        =     0.953522   +/-   0.0285483   
[SUCCESS] Created final fit for L1Inner_Boron_TOF_L1QTemplate_EGE_AlphaR_spline with chi2/ndf = 2.80453

[INFO] Starting smart spline fit for: L1Inner_Boron_TOF_L2QTemplate_EGE_AlphaR (7 points)
****************************************
Minimizer is Minuit2 / Migrad
Chi2                      =      60.8648
NDf                       =            5
Edm                       =  1.92637e-22
NCalls                    =           31
p0                        =      1.44884   +/-   0.0332612   
p1                        =      1.53461   +/-   0.0268808   
****************************************
Minimizer is Minuit2 / Migrad
Chi2                      =      44.0925
NDf                       =            4
Edm                       =  1.43069e-16
NCalls                    =           58
p0                        =      1.28684   +/-   0.0516816   
p1                        =      1.62806   +/-   0.0361614   
p2                        =      1.46673   +/-   0.0315809   
****************************************
Minimizer is Minuit2 / Migrad
Chi2                      =       20.973
NDf                       =            3
Edm                       =  6.91547e-22
NCalls                    =           80
p0                        =      1.49036   +/-   0.0674085   
p1                        =      1.46337   +/-   0.0343226   
p2                        =      1.75321   +/-   0.0426831   
p3                        =      1.38563   +/-   0.0358901   
****************************************
Minimizer is Minuit2 / Migrad
Chi2                      =      3.27585
NDf                       =            2
Edm                       =  7.24029e-09
NCalls                    =          111
p0                        =      1.74746   +/-   0.0913203   
p1                        =      1.33122   +/-   0.0339133   
p2                        =      1.76522   +/-   0.0495494   
p3                        =      1.55979   +/-   0.0402152   
p4                        =      1.41107   +/-   0.0417109   
  [FIT] Found good fit candidate. Best segments so far: 4. Stopping search.
  [FIT] Finalizing with loop variable 'segments' = 4
****************************************
Minimizer is Minuit2 / Migrad
Chi2                      =       2.4478
NDf                       =            2
Edm                       =  4.13527e-21
NCalls                    =          114
p0                        =      1.96646   +/-   0.132291    
p1                        =      1.32732   +/-   0.034098    
p2                        =      1.75694   +/-   0.0484604   
p3                        =      1.56821   +/-   0.0411095   
p4                        =      1.36771   +/-   0.0617944   
[SUCCESS] Created final fit for L1Inner_Boron_TOF_L2QTemplate_EGE_AlphaR_spline with chi2/ndf = 1.63792
begin drawing Boron L1Inner TOF EGE_AlphaR
begin drawing Boron L1Inner TOF EGE_Chi2NDF

[INFO] Starting smart spline fit for: L1Inner_Boron_NaF_L1QTemplate_LG_Width (16 points)
****************************************
Minimizer is Minuit2 / Migrad
Chi2                      =       21.888
NDf                       =           14
Edm                       =  2.40595e-22
NCalls                    =           31
p0                        =    0.0504056   +/-   0.00111879  
p1                        =    0.0347272   +/-   0.00107322  
  [FIT] Found good fit candidate. Best segments so far: 1. Stopping search.
  [FIT] Finalizing with loop variable 'segments' = 1
****************************************
Minimizer is Minuit2 / Migrad
Chi2                      =      24.1581
NDf                       =           14
Edm                       =  1.05101e-22
NCalls                    =           31
p0                        =    0.0520658   +/-   0.0013036   
p1                        =    0.0330383   +/-   0.00125777  
[SUCCESS] Created final fit for L1Inner_Boron_NaF_L1QTemplate_LG_Width_spline with chi2/ndf = 1.56343

[INFO] Starting smart spline fit for: L1Inner_Boron_NaF_L2QTemplate_LG_Width (16 points)
****************************************
Minimizer is Minuit2 / Migrad
Chi2                      =      47.3741
NDf                       =           14
Edm                       =  5.24006e-23
NCalls                    =           31
p0                        =    0.0400513   +/-   0.00147922  
p1                        =    0.0345406   +/-   0.00135914  
****************************************
Minimizer is Minuit2 / Migrad
Chi2                      =       47.374
NDf                       =           13
Edm                       =  7.17391e-23
NCalls                    =           59
p0                        =    0.0400616   +/-   0.00188681  
p1                        =    0.0365054   +/-   0.00126544  
p2                        =    0.0345523   +/-   0.00190197  
****************************************
Minimizer is Minuit2 / Migrad
Chi2                      =      41.2905
NDf                       =           12
Edm                       =  1.18077e-22
NCalls                    =           80
p0                        =    0.0368336   +/-   0.00229892  
p1                        =    0.0408333   +/-   0.00158238  
p2                        =    0.0330352   +/-   0.00151884  
p3                        =    0.0375472   +/-   0.0023235   
****************************************
Minimizer is Minuit2 / Migrad
Chi2                      =      36.7932
NDf                       =           11
Edm                       =  1.10636e-06
NCalls                    =          100
p0                        =    0.0345018   +/-   0.00255113  
p1                        =    0.0430723   +/-   0.00174042  
p2                        =    0.0334354   +/-   0.00161708  
p3                        =    0.0365098   +/-   0.00180053  
p4                        =    0.0344074   +/-   0.00296689  
  [FIT] Found good fit candidate. Best segments so far: 3. Stopping search.
  [FIT] Finalizing with loop variable 'segments' = 3
****************************************
Minimizer is Minuit2 / Migrad
Chi2                      =      39.7827
NDf                       =           12
Edm                       =  4.07358e-09
NCalls                    =           88
p0                        =    0.0336257   +/-   0.00302419  
p1                        =    0.0411069   +/-   0.0014495   
p2                        =     0.033404   +/-   0.00145493  
p3                        =    0.0381441   +/-   0.00304863  
[SUCCESS] Created final fit for L1Inner_Boron_NaF_L2QTemplate_LG_Width_spline with chi2/ndf = 3.44087
begin drawing Boron L1Inner NaF LG_Width

[INFO] Starting smart spline fit for: L1Inner_Boron_NaF_L1QTemplate_LG_MPV (16 points)
****************************************
Minimizer is Minuit2 / Migrad
Chi2                      =       23.601
NDf                       =           14
Edm                       =   9.6476e-19
NCalls                    =           43
p0                        =      4.91134   +/-   0.00128604  
p1                        =       4.9266   +/-   0.00144596  
  [FIT] Found good fit candidate. Best segments so far: 1. Stopping search.
  [FIT] Finalizing with loop variable 'segments' = 1
****************************************
Minimizer is Minuit2 / Migrad
Chi2                      =      22.8114
NDf                       =           14
Edm                       =  1.08433e-18
NCalls                    =           43
p0                        =      4.90939   +/-   0.00152452  
p1                        =      4.92853   +/-   0.00169077  
[SUCCESS] Created final fit for L1Inner_Boron_NaF_L1QTemplate_LG_MPV_spline with chi2/ndf = 1.68579

[INFO] Starting smart spline fit for: L1Inner_Boron_NaF_L2QTemplate_LG_MPV (16 points)
****************************************
Minimizer is Minuit2 / Migrad
Chi2                      =       44.692
NDf                       =           14
Edm                       =  1.88809e-18
NCalls                    =           43
p0                        =      4.92217   +/-   0.00185781  
p1                        =      4.91976   +/-   0.00186247  
****************************************
Minimizer is Minuit2 / Migrad
Chi2                      =       40.058
NDf                       =           13
Edm                       =   8.7495e-06
NCalls                    =           71
p0                        =      4.92552   +/-   0.00242145  
p1                        =      4.91789   +/-   0.0016938   
p2                        =      4.92367   +/-   0.00260062  
****************************************
Minimizer is Minuit2 / Migrad
Chi2                      =      39.7613
NDf                       =           12
Edm                       =  2.54605e-17
NCalls                    =           98
p0                        =      4.92645   +/-   0.00305484  
p1                        =      4.91865   +/-   0.00200905  
p2                        =      4.91979   +/-   0.00212401  
p3                        =      4.92321   +/-   0.00321529  
****************************************
Minimizer is Minuit2 / Migrad
Chi2                      =      38.7947
NDf                       =           11
Edm                       =  5.68096e-07
NCalls                    =          121
p0                        =       4.9281   +/-   0.00349156  
p1                        =      4.91879   +/-   0.00217403  
p2                        =      4.91942   +/-   0.00217944  
p3                        =       4.9203   +/-   0.002456    
p4                        =      4.92503   +/-   0.00421069  
  [FIT] Found good fit candidate. Best segments so far: 3. Stopping search.
  [FIT] Finalizing with loop variable 'segments' = 3
****************************************
Minimizer is Minuit2 / Migrad
Chi2                      =      36.3973
NDf                       =           12
Edm                       =  2.59593e-17
NCalls                    =           98
p0                        =      4.93143   +/-   0.00426347  
p1                        =      4.91792   +/-   0.00184424  
p2                        =      4.91984   +/-   0.00203505  
p3                        =      4.92448   +/-   0.00432023  
[SUCCESS] Created final fit for L1Inner_Boron_NaF_L2QTemplate_LG_MPV_spline with chi2/ndf = 3.31344
begin drawing Boron L1Inner NaF LG_MPV

[INFO] Starting smart spline fit for: L1Inner_Boron_NaF_L1QTemplate_LG_Sigma (16 points)
****************************************
Minimizer is Minuit2 / Migrad
Chi2                      =      31.7758
NDf                       =           14
Edm                       =  5.39956e-21
NCalls                    =           35
p0                        =      0.17713   +/-   0.00143981  
p1                        =     0.201812   +/-   0.00131105  
****************************************
Minimizer is Minuit2 / Migrad
Chi2                      =      31.7697
NDf                       =           13
Edm                       =  1.14131e-07
NCalls                    =           61
p0                        =     0.177034   +/-   0.00188099  
p1                        =     0.193044   +/-   0.0011843   
p2                        =      0.20171   +/-   0.00184788  
  [FIT] Found good fit candidate. Best segments so far: 1. Stopping search.
  [FIT] Finalizing with loop variable 'segments' = 1
****************************************
Minimizer is Minuit2 / Migrad
Chi2                      =      39.0626
NDf                       =           14
Edm                       =  4.04721e-22
NCalls                    =           35
p0                        =     0.174835   +/-   0.00167004  
p1                        =     0.204203   +/-   0.00153791  
[SUCCESS] Created final fit for L1Inner_Boron_NaF_L1QTemplate_LG_Sigma_spline with chi2/ndf = 2.2697

[INFO] Starting smart spline fit for: L1Inner_Boron_NaF_L2QTemplate_LG_Sigma (16 points)
****************************************
Minimizer is Minuit2 / Migrad
Chi2                      =      41.1931
NDf                       =           14
Edm                       =  3.84894e-22
NCalls                    =           35
p0                        =     0.187761   +/-   0.0017967   
p1                        =     0.199085   +/-   0.00160864  
****************************************
Minimizer is Minuit2 / Migrad
Chi2                      =      40.5907
NDf                       =           13
Edm                       =  1.29019e-12
NCalls                    =           61
p0                        =     0.186658   +/-   0.0022901   
p1                        =     0.195901   +/-   0.00149069  
p2                        =     0.197861   +/-   0.00225309  
****************************************
Minimizer is Minuit2 / Migrad
Chi2                      =      36.8014
NDf                       =           12
Edm                       =  1.58117e-08
NCalls                    =           92
p0                        =     0.189596   +/-   0.00276624  
p1                        =     0.189877   +/-   0.0018841   
p2                        =     0.199585   +/-   0.00177896  
p3                        =     0.194961   +/-   0.00274083  
****************************************
Minimizer is Minuit2 / Migrad
Chi2                      =      34.9789
NDf                       =           11
Edm                       =  1.49896e-07
NCalls                    =          100
p0                        =     0.191431   +/-   0.00305284  
p1                        =     0.187108   +/-   0.00210003  
p2                        =     0.198337   +/-   0.00191027  
p3                        =     0.196864   +/-   0.00213519  
p4                        =     0.196939   +/-   0.00345331  
  [FIT] Found good fit candidate. Best segments so far: 3. Stopping search.
  [FIT] Finalizing with loop variable 'segments' = 3
****************************************
Minimizer is Minuit2 / Migrad
Chi2                      =      36.3348
NDf                       =           12
Edm                       =  3.02793e-21
NCalls                    =           84
p0                        =      0.19244   +/-   0.00361025  
p1                        =     0.189291   +/-   0.00173621  
p2                        =      0.19949   +/-   0.00170704  
p3                        =     0.193751   +/-   0.00356371  
[SUCCESS] Created final fit for L1Inner_Boron_NaF_L2QTemplate_LG_Sigma_spline with chi2/ndf = 3.06678
begin drawing Boron L1Inner NaF LG_Sigma
begin drawing Boron L1Inner NaF LG_Chi2NDF

[INFO] Starting smart spline fit for: L1Inner_Boron_NaF_L1QTemplate_EGE_Peak (16 points)
****************************************
Minimizer is Minuit2 / Migrad
Chi2                      =      64.6532
NDf                       =           14
Edm                       =  1.64751e-18
NCalls                    =           41
p0                        =      4.94339   +/-   0.00154259  
p1                        =      5.00178   +/-   0.0024629   
****************************************
Minimizer is Minuit2 / Migrad
Chi2                      =      26.9801
NDf                       =           13
Edm                       =  1.25458e-09
NCalls                    =           68
p0                        =      4.93929   +/-   0.00168091  
p1                        =      4.99046   +/-   0.00219227  
p2                        =      4.98646   +/-   0.00350638  
  [FIT] Found good fit candidate. Best segments so far: 2. Stopping search.
  [FIT] Finalizing with loop variable 'segments' = 2
****************************************
Minimizer is Minuit2 / Migrad
Chi2                      =      18.3142
NDf                       =           13
Edm                       =  2.06764e-18
NCalls                    =           71
p0                        =      4.93409   +/-   0.00193076  
p1                        =      4.98713   +/-   0.00197035  
p2                        =      4.98912   +/-   0.00433572  
[SUCCESS] Created final fit for L1Inner_Boron_NaF_L1QTemplate_EGE_Peak_spline with chi2/ndf = 2.07539

[INFO] Starting smart spline fit for: L1Inner_Boron_NaF_L2QTemplate_EGE_Peak (16 points)
****************************************
Minimizer is Minuit2 / Migrad
Chi2                      =      18.8896
NDf                       =           14
Edm                       =  5.64278e-18
NCalls                    =           43
p0                        =      4.95765   +/-   0.00274116  
p1                        =       4.9745   +/-   0.00283957  
  [FIT] Found good fit candidate. Best segments so far: 1. Stopping search.
  [FIT] Finalizing with loop variable 'segments' = 1
****************************************
Minimizer is Minuit2 / Migrad
Chi2                      =      20.3613
NDf                       =           14
Edm                       =  4.49758e-18
NCalls                    =           43
p0                        =      4.95641   +/-   0.00317316  
p1                        =       4.9757   +/-   0.00327394  
[SUCCESS] Created final fit for L1Inner_Boron_NaF_L2QTemplate_EGE_Peak_spline with chi2/ndf = 1.34926
begin drawing Boron L1Inner NaF EGE_Peak

[INFO] Starting smart spline fit for: L1Inner_Boron_NaF_L1QTemplate_EGE_SigmaL (16 points)
****************************************
Minimizer is Minuit2 / Migrad
Chi2                      =      43.3989
NDf                       =           14
Edm                       =  7.55564e-22
NCalls                    =           35
p0                        =     0.185718   +/-   0.0012833   
p1                        =     0.225402   +/-   0.00162691  
****************************************
Minimizer is Minuit2 / Migrad
Chi2                      =      19.0177
NDf                       =           13
Edm                       =  1.94718e-15
NCalls                    =           60
p0                        =     0.182122   +/-   0.0014755   
p1                        =     0.216337   +/-   0.00144494  
p2                        =     0.217368   +/-   0.00230098  
  [FIT] Found good fit candidate. Best segments so far: 2. Stopping search.
  [FIT] Finalizing with loop variable 'segments' = 2
****************************************
Minimizer is Minuit2 / Migrad
Chi2                      =      24.9091
NDf                       =           13
Edm                       =  1.76735e-13
NCalls                    =           60
p0                        =     0.178336   +/-   0.00174671  
p1                        =     0.213977   +/-   0.00129955  
p2                        =     0.219805   +/-   0.0028524   
[SUCCESS] Created final fit for L1Inner_Boron_NaF_L1QTemplate_EGE_SigmaL_spline with chi2/ndf = 1.4629

[INFO] Starting smart spline fit for: L1Inner_Boron_NaF_L2QTemplate_EGE_SigmaL (16 points)
****************************************
Minimizer is Minuit2 / Migrad
Chi2                      =      24.7013
NDf                       =           14
Edm                       =   9.1381e-22
NCalls                    =           35
p0                        =     0.190284   +/-   0.00191141  
p1                        =     0.213166   +/-   0.00189243  
  [FIT] Found good fit candidate. Best segments so far: 1. Stopping search.
  [FIT] Finalizing with loop variable 'segments' = 1
****************************************
Minimizer is Minuit2 / Migrad
Chi2                      =      29.3446
NDf                       =           14
Edm                       =  2.08196e-21
NCalls                    =           35
p0                        =     0.188411   +/-   0.00221397  
p1                        =      0.21504   +/-   0.00219302  
[SUCCESS] Created final fit for L1Inner_Boron_NaF_L2QTemplate_EGE_SigmaL_spline with chi2/ndf = 1.76438
begin drawing Boron L1Inner NaF EGE_SigmaL

[INFO] Starting smart spline fit for: L1Inner_Boron_NaF_L1QTemplate_EGE_SigmaR (16 points)
****************************************
Minimizer is Minuit2 / Migrad
Chi2                      =      104.446
NDf                       =           14
Edm                       =  1.82728e-21
NCalls                    =           33
p0                        =     0.280241   +/-   0.00173839  
p1                        =     0.211425   +/-   0.00334747  
****************************************
Minimizer is Minuit2 / Migrad
Chi2                      =      33.1025
NDf                       =           13
Edm                       =  1.28024e-12
NCalls                    =           60
p0                        =     0.285321   +/-   0.00183949  
p1                        =     0.216374   +/-   0.00314968  
p2                        =     0.239168   +/-   0.0046897   
****************************************
Minimizer is Minuit2 / Migrad
Chi2                      =      13.4174
NDf                       =           12
Edm                       =  3.15107e-08
NCalls                    =           92
p0                        =      0.28761   +/-   0.00191039  
p1                        =     0.224787   +/-   0.00367706  
p2                        =     0.231552   +/-   0.0041339   
p3                        =     0.227319   +/-   0.0057816   
  [FIT] Found good fit candidate. Best segments so far: 3. Stopping search.
  [FIT] Finalizing with loop variable 'segments' = 3
****************************************
Minimizer is Minuit2 / Migrad
Chi2                      =      10.7627
NDf                       =           12
Edm                       =  1.11849e-08
NCalls                    =           88
p0                        =     0.294542   +/-   0.00228857  
p1                        =     0.228485   +/-   0.00332403  
p2                        =     0.228392   +/-   0.00396199  
p3                        =     0.230207   +/-   0.00770974  
[SUCCESS] Created final fit for L1Inner_Boron_NaF_L1QTemplate_EGE_SigmaR_spline with chi2/ndf = 1.11812

[INFO] Starting smart spline fit for: L1Inner_Boron_NaF_L2QTemplate_EGE_SigmaR (16 points)
****************************************
Minimizer is Minuit2 / Migrad
Chi2                      =      39.5505
NDf                       =           14
Edm                       =  1.72369e-21
NCalls                    =           33
p0                        =     0.265749   +/-   0.00269514  
p1                        =     0.240073   +/-   0.00337348  
****************************************
Minimizer is Minuit2 / Migrad
Chi2                      =      39.5434
NDf                       =           13
Edm                       =  1.02545e-21
NCalls                    =           53
p0                        =     0.265916   +/-   0.00334937  
p1                        =     0.249112   +/-   0.0027179   
p2                        =      0.24035   +/-   0.0047131   
****************************************
Minimizer is Minuit2 / Migrad
Chi2                      =      29.4406
NDf                       =           12
Edm                       =  4.62016e-22
NCalls                    =           82
p0                        =     0.260706   +/-   0.00370958  
p1                        =     0.261233   +/-   0.00271522  
p2                        =     0.236721   +/-   0.00372218  
p3                        =      0.24977   +/-   0.00573455  
  [FIT] Found good fit candidate. Best segments so far: 3. Stopping search.
  [FIT] Finalizing with loop variable 'segments' = 3
****************************************
Minimizer is Minuit2 / Migrad
Chi2                      =      30.6211
NDf                       =           12
Edm                       =  1.40249e-21
NCalls                    =           80
p0                        =     0.259415   +/-   0.00453051  
p1                        =     0.260622   +/-   0.00255806  
p2                        =     0.237744   +/-   0.00361946  
p3                        =     0.251819   +/-   0.0070342   
[SUCCESS] Created final fit for L1Inner_Boron_NaF_L2QTemplate_EGE_SigmaR_spline with chi2/ndf = 2.45338
begin drawing Boron L1Inner NaF EGE_SigmaR
  [SUCCESS] Wrote constant TF1 'L1Inner_Boron_NaF_L1QTemplate_EGE_AlphaL_spline' to file.
  [SUCCESS] Wrote constant TF1 'L1Inner_Boron_NaF_L2QTemplate_EGE_AlphaL_spline' to file.
begin drawing Boron L1Inner NaF EGE_AlphaL

[INFO] Starting smart spline fit for: L1Inner_Boron_NaF_L1QTemplate_EGE_AlphaR (16 points)
****************************************
Minimizer is Minuit2 / Migrad
Chi2                      =      58.3094
NDf                       =           14
Edm                       =   9.2742e-23
NCalls                    =           31
p0                        =      1.19452   +/-   0.0308692   
p1                        =      1.07262   +/-   0.0277301   
****************************************
Minimizer is Minuit2 / Migrad
Chi2                      =      34.2453
NDf                       =           13
Edm                       =  5.16355e-22
NCalls                    =           53
p0                        =      1.34109   +/-   0.0429614   
p1                        =      1.02309   +/-   0.0251241   
p2                        =      1.20667   +/-   0.0389314   
****************************************
Minimizer is Minuit2 / Migrad
Chi2                      =      23.5455
NDf                       =           12
Edm                       =  1.97194e-08
NCalls                    =           88
p0                        =      1.45084   +/-   0.0548509   
p1                        =      1.03393   +/-   0.0285269   
p2                        =      1.12278   +/-   0.0309144   
p3                        =      1.13517   +/-   0.0496724   
  [FIT] Found good fit candidate. Best segments so far: 3. Stopping search.
  [FIT] Finalizing with loop variable 'segments' = 3
****************************************
Minimizer is Minuit2 / Migrad
Chi2                      =      15.6186
NDf                       =           12
Edm                       =  1.02684e-21
NCalls                    =           80
p0                        =      1.59754   +/-   0.0719042   
p1                        =      1.03843   +/-   0.0263388   
p2                        =      1.11226   +/-   0.0294916   
p3                        =      1.15454   +/-   0.0680346   
[SUCCESS] Created final fit for L1Inner_Boron_NaF_L1QTemplate_EGE_AlphaR_spline with chi2/ndf = 1.96213

[INFO] Starting smart spline fit for: L1Inner_Boron_NaF_L2QTemplate_EGE_AlphaR (16 points)
****************************************
Minimizer is Minuit2 / Migrad
Chi2                      =      21.2695
NDf                       =           14
Edm                       =  6.60361e-23
NCalls                    =           31
p0                        =      1.38282   +/-   0.0533633   
p1                        =      1.20326   +/-   0.0397092   
  [FIT] Found good fit candidate. Best segments so far: 1. Stopping search.
  [FIT] Finalizing with loop variable 'segments' = 1
****************************************
Minimizer is Minuit2 / Migrad
Chi2                      =      21.7316
NDf                       =           14
Edm                       =  1.31429e-22
NCalls                    =           31
p0                        =      1.40031   +/-   0.062915    
p1                        =      1.18454   +/-   0.048331    
[SUCCESS] Created final fit for L1Inner_Boron_NaF_L2QTemplate_EGE_AlphaR_spline with chi2/ndf = 1.51925
begin drawing Boron L1Inner NaF EGE_AlphaR
begin drawing Boron L1Inner NaF EGE_Chi2NDF

[INFO] Starting smart spline fit for: L1Inner_Boron_AGL_L1QTemplate_LG_Width (22 points)
****************************************
Minimizer is Minuit2 / Migrad
Chi2                      =      28.7389
NDf                       =           20
Edm                       =  4.51509e-23
NCalls                    =           33
p0                        =    0.0381633   +/-   0.000438559 
p1                        =    0.0333021   +/-   0.000714835 
  [FIT] Found good fit candidate. Best segments so far: 1. Stopping search.
  [FIT] Finalizing with loop variable 'segments' = 1
****************************************
Minimizer is Minuit2 / Migrad
Chi2                      =      26.6396
NDf                       =           20
Edm                       =  2.61005e-22
NCalls                    =           33
p0                        =    0.0387057   +/-   0.000508348 
p1                        =    0.0326621   +/-   0.000803613 
[SUCCESS] Created final fit for L1Inner_Boron_AGL_L1QTemplate_LG_Width_spline with chi2/ndf = 1.43694

[INFO] Starting smart spline fit for: L1Inner_Boron_AGL_L2QTemplate_LG_Width (22 points)
****************************************
Minimizer is Minuit2 / Migrad
Chi2                      =      22.3909
NDf                       =           20
Edm                       =  1.94799e-23
NCalls                    =           31
p0                        =    0.0360657   +/-   0.000534595 
p1                        =    0.0337419   +/-   0.000842838 
  [FIT] Found good fit candidate. Best segments so far: 1. Stopping search.
  [FIT] Finalizing with loop variable 'segments' = 1
****************************************
Minimizer is Minuit2 / Migrad
Chi2                      =      21.1942
NDf                       =           20
Edm                       =  4.87776e-24
NCalls                    =           31
p0                        =    0.0364314   +/-   0.000621464 
p1                        =    0.0332548   +/-   0.000952811 
[SUCCESS] Created final fit for L1Inner_Boron_AGL_L2QTemplate_LG_Width_spline with chi2/ndf = 1.11954
begin drawing Boron L1Inner AGL LG_Width

[INFO] Starting smart spline fit for: L1Inner_Boron_AGL_L1QTemplate_LG_MPV (22 points)
****************************************
Minimizer is Minuit2 / Migrad
Chi2                      =      53.1754
NDf                       =           20
Edm                       =  6.03549e-18
NCalls                    =           43
p0                        =      4.92575   +/-   0.000590653 
p1                        =      4.95133   +/-   0.000988956 
****************************************
Minimizer is Minuit2 / Migrad
Chi2                      =      25.1524
NDf                       =           19
Edm                       =  9.35655e-08
NCalls                    =           74
p0                        =      4.92379   +/-   0.000697258 
p1                        =      4.94369   +/-   0.000751206 
p2                        =      4.94527   +/-   0.00151168  
  [FIT] Found good fit candidate. Best segments so far: 2. Stopping search.
  [FIT] Finalizing with loop variable 'segments' = 2
****************************************
Minimizer is Minuit2 / Migrad
Chi2                      =      42.5288
NDf                       =           19
Edm                       =  5.69052e-17
NCalls                    =           86
p0                        =      4.92145   +/-   0.000867734 
p1                        =      4.94199   +/-   0.000668442 
p2                        =      4.94808   +/-   0.00191259  
[SUCCESS] Created final fit for L1Inner_Boron_AGL_L1QTemplate_LG_MPV_spline with chi2/ndf = 1.32381

[INFO] Starting smart spline fit for: L1Inner_Boron_AGL_L2QTemplate_LG_MPV (22 points)
****************************************
Minimizer is Minuit2 / Migrad
Chi2                      =      21.2294
NDf                       =           20
Edm                       =  4.55757e-19
NCalls                    =           43
p0                        =      4.92645   +/-   0.000729284 
p1                        =      4.95083   +/-   0.00114733  
  [FIT] Found good fit candidate. Best segments so far: 1. Stopping search.
  [FIT] Finalizing with loop variable 'segments' = 1
****************************************
Minimizer is Minuit2 / Migrad
Chi2                      =      22.4401
NDf                       =           20
Edm                       =  9.65359e-19
NCalls                    =           43
p0                        =      4.92417   +/-   0.000843712 
p1                        =      4.95331   +/-   0.00129511  
[SUCCESS] Created final fit for L1Inner_Boron_AGL_L2QTemplate_LG_MPV_spline with chi2/ndf = 1.06147
begin drawing Boron L1Inner AGL LG_MPV

[INFO] Starting smart spline fit for: L1Inner_Boron_AGL_L1QTemplate_LG_Sigma (22 points)
****************************************
Minimizer is Minuit2 / Migrad
Chi2                      =      37.0344
NDf                       =           20
Edm                       =  3.13364e-20
NCalls                    =           37
p0                        =     0.195716   +/-   0.000545287 
p1                        =     0.192113   +/-   0.000863143 
****************************************
Minimizer is Minuit2 / Migrad
Chi2                      =      25.0673
NDf                       =           19
Edm                       =  7.35315e-10
NCalls                    =           62
p0                        =     0.194491   +/-   0.000650066 
p1                        =     0.195096   +/-   0.000651182 
p2                        =     0.188657   +/-   0.00132026  
  [FIT] Found good fit candidate. Best segments so far: 2. Stopping search.
  [FIT] Finalizing with loop variable 'segments' = 2
****************************************
Minimizer is Minuit2 / Migrad
Chi2                      =      23.9325
NDf                       =           19
Edm                       =  5.73887e-14
NCalls                    =           63
p0                        =     0.193983   +/-   0.000811999 
p1                        =     0.195036   +/-   0.000582587 
p2                        =     0.186776   +/-   0.0016728   
[SUCCESS] Created final fit for L1Inner_Boron_AGL_L1QTemplate_LG_Sigma_spline with chi2/ndf = 1.31933

[INFO] Starting smart spline fit for: L1Inner_Boron_AGL_L2QTemplate_LG_Sigma (22 points)
****************************************
Minimizer is Minuit2 / Migrad
Chi2                      =      27.4125
NDf                       =           20
Edm                       =  1.03496e-21
NCalls                    =           35
p0                        =     0.193869   +/-   0.000650471 
p1                        =     0.185981   +/-   0.00102573  
  [FIT] Found good fit candidate. Best segments so far: 1. Stopping search.
  [FIT] Finalizing with loop variable 'segments' = 1
****************************************
Minimizer is Minuit2 / Migrad
Chi2                      =      31.3192
NDf                       =           20
Edm                       =  2.51252e-21
NCalls                    =           35
p0                        =     0.194418   +/-   0.00075721  
p1                        =     0.185546   +/-   0.00115959  
[SUCCESS] Created final fit for L1Inner_Boron_AGL_L2QTemplate_LG_Sigma_spline with chi2/ndf = 1.37063
begin drawing Boron L1Inner AGL LG_Sigma
begin drawing Boron L1Inner AGL LG_Chi2NDF

[INFO] Starting smart spline fit for: L1Inner_Boron_AGL_L1QTemplate_EGE_Peak (22 points)
****************************************
Minimizer is Minuit2 / Migrad
Chi2                      =      47.4912
NDf                       =           20
Edm                       =  8.37574e-18
NCalls                    =           43
p0                        =      4.98578   +/-   0.00106524  
p1                        =      5.00896   +/-   0.00145202  
****************************************
Minimizer is Minuit2 / Migrad
Chi2                      =      28.0334
NDf                       =           19
Edm                       =  6.28977e-18
NCalls                    =           69
p0                        =       4.9829   +/-   0.00124889  
p1                        =      5.00138   +/-   0.000853121 
p2                        =            5   +/-   0.00249792  
  [FIT] Found good fit candidate. Best segments so far: 2. Stopping search.
  [FIT] Finalizing with loop variable 'segments' = 2
****************************************
Minimizer is Minuit2 / Migrad
Chi2                      =      30.8263
NDf                       =           19
Edm                       =  1.01526e-17
NCalls                    =           71
p0                        =      4.97988   +/-   0.00154712  
p1                        =      5.00061   +/-   0.0008091   
p2                        =      5.00111   +/-   0.00314143  
[SUCCESS] Created final fit for L1Inner_Boron_AGL_L1QTemplate_EGE_Peak_spline with chi2/ndf = 1.47544

[INFO] Starting smart spline fit for: L1Inner_Boron_AGL_L2QTemplate_EGE_Peak (22 points)
****************************************
Minimizer is Minuit2 / Migrad
Chi2                      =      43.5696
NDf                       =           20
Edm                       =    5.691e-18
NCalls                    =           43
p0                        =      4.97574   +/-   0.00118718  
p1                        =      4.99993   +/-   0.00181148  
****************************************
Minimizer is Minuit2 / Migrad
Chi2                      =      38.4789
NDf                       =           19
Edm                       =  4.72559e-14
NCalls                    =           72
p0                        =      4.97397   +/-   0.00142165  
p1                        =      4.99241   +/-   0.00142342  
p2                        =      4.99548   +/-   0.00267908  
  [FIT] Found good fit candidate. Best segments so far: 1. Stopping search.
  [FIT] Finalizing with loop variable 'segments' = 1
****************************************
Minimizer is Minuit2 / Migrad
Chi2                      =       49.406
NDf                       =           20
Edm                       =  4.75024e-18
NCalls                    =           43
p0                        =      4.97374   +/-   0.00137426  
p1                        =      5.00177   +/-   0.00203755  
[SUCCESS] Created final fit for L1Inner_Boron_AGL_L2QTemplate_EGE_Peak_spline with chi2/ndf = 2.17848
begin drawing Boron L1Inner AGL EGE_Peak

[INFO] Starting smart spline fit for: L1Inner_Boron_AGL_L1QTemplate_EGE_SigmaL (22 points)
****************************************
Minimizer is Minuit2 / Migrad
Chi2                      =      35.9664
NDf                       =           20
Edm                       =    6.157e-21
NCalls                    =           35
p0                        =     0.213179   +/-   0.000704777 
p1                        =     0.207268   +/-   0.00103907  
  [FIT] Found good fit candidate. Best segments so far: 1. Stopping search.
  [FIT] Finalizing with loop variable 'segments' = 1
****************************************
Minimizer is Minuit2 / Migrad
Chi2                      =      38.0209
NDf                       =           20
Edm                       =  1.43392e-21
NCalls                    =           35
p0                        =     0.213572   +/-   0.000820182 
p1                        =     0.206949   +/-   0.00117764  
[SUCCESS] Created final fit for L1Inner_Boron_AGL_L1QTemplate_EGE_SigmaL_spline with chi2/ndf = 1.79832

[INFO] Starting smart spline fit for: L1Inner_Boron_AGL_L2QTemplate_EGE_SigmaL (22 points)
****************************************
Minimizer is Minuit2 / Migrad
Chi2                      =      37.8589
NDf                       =           20
Edm                       =  6.16679e-22
NCalls                    =           35
p0                        =     0.205005   +/-   0.000774896 
p1                        =      0.19789   +/-   0.00121952  
****************************************
Minimizer is Minuit2 / Migrad
Chi2                      =      29.6947
NDf                       =           19
Edm                       =  1.24984e-12
NCalls                    =           62
p0                        =      0.20358   +/-   0.000921522 
p1                        =     0.202626   +/-   0.000941178 
p2                        =      0.19398   +/-   0.00183315  
  [FIT] Found good fit candidate. Best segments so far: 1. Stopping search.
  [FIT] Finalizing with loop variable 'segments' = 1
****************************************
Minimizer is Minuit2 / Migrad
Chi2                      =      37.8655
NDf                       =           20
Edm                       =  8.18679e-23
NCalls                    =           35
p0                        =     0.205683   +/-   0.000897195 
p1                        =     0.197183   +/-   0.00137049  
[SUCCESS] Created final fit for L1Inner_Boron_AGL_L2QTemplate_EGE_SigmaL_spline with chi2/ndf = 1.89295
begin drawing Boron L1Inner AGL EGE_SigmaL

[INFO] Starting smart spline fit for: L1Inner_Boron_AGL_L1QTemplate_EGE_SigmaR (22 points)
****************************************
Minimizer is Minuit2 / Migrad
Chi2                      =      31.9195
NDf                       =           20
Edm                       =  3.21454e-24
NCalls                    =           35
p0                        =     0.233323   +/-   0.0014036   
p1                        =     0.224448   +/-   0.00178618  
  [FIT] Found good fit candidate. Best segments so far: 1. Stopping search.
  [FIT] Finalizing with loop variable 'segments' = 1
****************************************
Minimizer is Minuit2 / Migrad
Chi2                      =      31.1195
NDf                       =           20
Edm                       =  9.94233e-22
NCalls                    =           35
p0                        =     0.234376   +/-   0.00164581  
p1                        =     0.223269   +/-   0.00206246  
[SUCCESS] Created final fit for L1Inner_Boron_AGL_L1QTemplate_EGE_SigmaR_spline with chi2/ndf = 1.59598

[INFO] Starting smart spline fit for: L1Inner_Boron_AGL_L2QTemplate_EGE_SigmaR (22 points)
****************************************
Minimizer is Minuit2 / Migrad
Chi2                      =      85.9548
NDf                       =           20
Edm                       =  2.43574e-22
NCalls                    =           35
p0                        =     0.240111   +/-   0.00148383  
p1                        =     0.234913   +/-   0.00203178  
****************************************
Minimizer is Minuit2 / Migrad
Chi2                      =      74.3921
NDf                       =           19
Edm                       =  1.54312e-09
NCalls                    =           58
p0                        =     0.243652   +/-   0.00181283  
p1                        =     0.232433   +/-   0.00177511  
p2                        =     0.241216   +/-   0.0027503   
****************************************
Minimizer is Minuit2 / Migrad
Chi2                      =      57.5971
NDf                       =           18
Edm                       =  4.34297e-08
NCalls                    =           93
p0                        =     0.239957   +/-   0.00208881  
p1                        =     0.239282   +/-   0.00185454  
p2                        =     0.227185   +/-   0.00237828  
p3                        =     0.248846   +/-   0.0033238   
****************************************
Minimizer is Minuit2 / Migrad
Chi2                      =      53.4915
NDf                       =           17
Edm                       =  2.13259e-21
NCalls                    =          114
p0                        =     0.241379   +/-   0.00231979  
p1                        =      0.23974   +/-   0.00198204  
p2                        =     0.232249   +/-   0.0023636   
p3                        =     0.227705   +/-   0.00291392  
p4                        =     0.253822   +/-   0.00396142  
  [FIT] Found good fit candidate. Best segments so far: 3. Stopping search.
  [FIT] Finalizing with loop variable 'segments' = 3
****************************************
Minimizer is Minuit2 / Migrad
Chi2                      =      58.8392
NDf                       =           18
Edm                       =  3.85116e-21
NCalls                    =           82
p0                        =     0.240032   +/-   0.00265824  
p1                        =     0.238454   +/-   0.00168375  
p2                        =      0.22808   +/-   0.00225633  
p3                        =     0.253594   +/-   0.00418022  
[SUCCESS] Created final fit for L1Inner_Boron_AGL_L2QTemplate_EGE_SigmaR_spline with chi2/ndf = 3.19984
begin drawing Boron L1Inner AGL EGE_SigmaR
  [SUCCESS] Wrote constant TF1 'L1Inner_Boron_AGL_L1QTemplate_EGE_AlphaL_spline' to file.
  [SUCCESS] Wrote constant TF1 'L1Inner_Boron_AGL_L2QTemplate_EGE_AlphaL_spline' to file.
begin drawing Boron L1Inner AGL EGE_AlphaL

[INFO] Starting smart spline fit for: L1Inner_Boron_AGL_L1QTemplate_EGE_AlphaR (22 points)
****************************************
Minimizer is Minuit2 / Migrad
Chi2                      =      26.6743
NDf                       =           20
Edm                       =  2.71082e-23
NCalls                    =           33
p0                        =       1.1537   +/-   0.0114696   
p1                        =      1.17356   +/-   0.0185315   
  [FIT] Found good fit candidate. Best segments so far: 1. Stopping search.
  [FIT] Finalizing with loop variable 'segments' = 1
****************************************
Minimizer is Minuit2 / Migrad
Chi2                      =      26.7457
NDf                       =           20
Edm                       =  1.85282e-21
NCalls                    =           33
p0                        =       1.1523   +/-   0.0134137   
p1                        =      1.17463   +/-   0.0208983   
[SUCCESS] Created final fit for L1Inner_Boron_AGL_L1QTemplate_EGE_AlphaR_spline with chi2/ndf = 1.33372

[INFO] Starting smart spline fit for: L1Inner_Boron_AGL_L2QTemplate_EGE_AlphaR (22 points)
****************************************
Minimizer is Minuit2 / Migrad
Chi2                      =      32.5597
NDf                       =           20
Edm                       =  2.60711e-22
NCalls                    =           31
p0                        =      1.28101   +/-   0.015323    
p1                        =       1.1902   +/-   0.0250599   
  [FIT] Found good fit candidate. Best segments so far: 1. Stopping search.
  [FIT] Finalizing with loop variable 'segments' = 1
****************************************
Minimizer is Minuit2 / Migrad
Chi2                      =      34.1565
NDf                       =           20
Edm                       =   1.6379e-22
NCalls                    =           31
p0                        =      1.28534   +/-   0.0179121   
p1                        =      1.18846   +/-   0.0285602   
[SUCCESS] Created final fit for L1Inner_Boron_AGL_L2QTemplate_EGE_AlphaR_spline with chi2/ndf = 1.62798
begin drawing Boron L1Inner AGL EGE_AlphaR
begin drawing Boron L1Inner AGL EGE_Chi2NDF

[INFO] Starting smart spline fit for: UnbiasedL1Inner_Boron_TOF_L1QTemplate_LG_Width (7 points)
****************************************
Minimizer is Minuit2 / Migrad
Chi2                      =      69.6424
NDf                       =            5
Edm                       =  1.61029e-21
NCalls                    =           31
p0                        =    0.0202628   +/-   0.000850038 
p1                        =    0.0698396   +/-   0.00130733  
****************************************
Minimizer is Minuit2 / Migrad
Chi2                      =      29.8837
NDf                       =            4
Edm                       =  1.51368e-22
NCalls                    =           53
p0                        =    0.0245039   +/-   0.00108395  
p1                        =    0.0419531   +/-   0.00131027  
p2                        =    0.0760288   +/-   0.0016348   
****************************************
Minimizer is Minuit2 / Migrad
Chi2                      =      2.03279
NDf                       =            3
Edm                       =  2.98567e-21
NCalls                    =           82
p0                        =    0.0285992   +/-   0.00132982  
p1                        =    0.0286198   +/-   0.00131326  
p2                        =    0.0617531   +/-   0.00175063  
p3                        =    0.0718009   +/-   0.00186623  
  [FIT] Found good fit candidate. Best segments so far: 3. Stopping search.
  [FIT] Finalizing with loop variable 'segments' = 3
****************************************
Minimizer is Minuit2 / Migrad
Chi2                      =      2.04266
NDf                       =            3
Edm                       =  1.64975e-20
NCalls                    =           84
p0                        =    0.0319321   +/-   0.00195795  
p1                        =    0.0294525   +/-   0.0011558   
p2                        =    0.0613919   +/-   0.0016843   
p3                        =    0.0722145   +/-   0.00246394  
[SUCCESS] Created final fit for UnbiasedL1Inner_Boron_TOF_L1QTemplate_LG_Width_spline with chi2/ndf = 0.677597

[INFO] Starting smart spline fit for: UnbiasedL1Inner_Boron_TOF_L2QTemplate_LG_Width (7 points)
****************************************
Minimizer is Minuit2 / Migrad
Chi2                      =      77.7988
NDf                       =            5
Edm                       =  2.77824e-22
NCalls                    =           31
p0                        =    0.0179196   +/-   0.000938768 
p1                        =    0.0477953   +/-   0.00154263  
****************************************
Minimizer is Minuit2 / Migrad
Chi2                      =      4.20623
NDf                       =            4
Edm                       =   1.6185e-22
NCalls                    =           53
p0                        =    0.0248388   +/-   0.00123767  
p1                        =    0.0282428   +/-   0.00113764  
p2                        =    0.0594054   +/-   0.00205216  
  [FIT] Found good fit candidate. Best segments so far: 2. Stopping search.
  [FIT] Finalizing with loop variable 'segments' = 2
****************************************
Minimizer is Minuit2 / Migrad
Chi2                      =      7.56398
NDf                       =            4
Edm                       =  1.13662e-22
NCalls                    =           53
p0                        =    0.0254291   +/-   0.00169344  
p1                        =    0.0283775   +/-   0.00102743  
p2                        =    0.0662251   +/-   0.00251484  
[SUCCESS] Created final fit for UnbiasedL1Inner_Boron_TOF_L2QTemplate_LG_Width_spline with chi2/ndf = 1.05156
begin drawing Boron UnbiasedL1Inner TOF LG_Width

[INFO] Starting smart spline fit for: UnbiasedL1Inner_Boron_TOF_L1QTemplate_LG_MPV (7 points)
****************************************
Minimizer is Minuit2 / Migrad
Chi2                      =      231.617
NDf                       =            5
Edm                       =  9.05433e-18
NCalls                    =           43
p0                        =      4.93599   +/-   0.00128672  
p1                        =      4.90331   +/-   0.000545699 
****************************************
Minimizer is Minuit2 / Migrad
Chi2                      =      114.981
NDf                       =            4
Edm                       =  2.63489e-16
NCalls                    =           73
p0                        =      4.94639   +/-   0.00160716  
p1                        =      4.90737   +/-   0.00106286  
p2                        =      4.90743   +/-   0.00066582  
****************************************
Minimizer is Minuit2 / Migrad
Chi2                      =       2.6082
NDf                       =            3
Edm                       =   1.4301e-18
NCalls                    =          100
p0                        =      4.93532   +/-   0.00196111  
p1                        =      4.93197   +/-   0.00171038  
p2                        =      4.89879   +/-   0.000917394 
p3                        =      4.91146   +/-   0.00076669  
  [FIT] Found good fit candidate. Best segments so far: 3. Stopping search.
  [FIT] Finalizing with loop variable 'segments' = 3
****************************************
Minimizer is Minuit2 / Migrad
Chi2                      =       8.4167
NDf                       =            3
Edm                       =  1.24631e-16
NCalls                    =          100
p0                        =      4.93342   +/-   0.00281167  
p1                        =      4.93063   +/-   0.00157717  
p2                        =      4.90027   +/-   0.000831372 
p3                        =      4.91595   +/-   0.00106713  
[SUCCESS] Created final fit for UnbiasedL1Inner_Boron_TOF_L1QTemplate_LG_MPV_spline with chi2/ndf = 0.869398

[INFO] Starting smart spline fit for: UnbiasedL1Inner_Boron_TOF_L2QTemplate_LG_MPV (7 points)
****************************************
Minimizer is Minuit2 / Migrad
Chi2                      =      37.8492
NDf                       =            5
Edm                       =  1.67095e-17
NCalls                    =           43
p0                        =      4.96344   +/-   0.0014862   
p1                        =      4.91304   +/-   0.000981734 
****************************************
Minimizer is Minuit2 / Migrad
Chi2                      =      24.1033
NDf                       =            4
Edm                       =  1.88157e-17
NCalls                    =           77
p0                        =      4.95852   +/-   0.00199215  
p1                        =      4.93972   +/-   0.00160443  
p2                        =      4.91081   +/-   0.00115204  
****************************************
Minimizer is Minuit2 / Migrad
Chi2                      =      14.8632
NDf                       =            3
Edm                       =  6.12032e-17
NCalls                    =          104
p0                        =       4.9547   +/-   0.0023519   
p1                        =      4.95199   +/-   0.00169361  
p2                        =      4.92413   +/-   0.00176253  
p3                        =      4.91289   +/-   0.00133876  
****************************************
Minimizer is Minuit2 / Migrad
Chi2                      =      3.04648
NDf                       =            2
Edm                       =  1.30345e-17
NCalls                    =          138
p0                        =      4.95821   +/-   0.00288321  
p1                        =       4.9539   +/-   0.00183969  
p2                        =      4.94385   +/-   0.00222376  
p3                        =      4.91272   +/-   0.00142521  
p4                        =       4.9156   +/-   0.00155464  
  [FIT] Found good fit candidate. Best segments so far: 4. Stopping search.
  [FIT] Finalizing with loop variable 'segments' = 4
****************************************
Minimizer is Minuit2 / Migrad
Chi2                      =      2.76293
NDf                       =            2
Edm                       =  1.27474e-05
NCalls                    =          134
p0                        =       4.9599   +/-   0.00437035  
p1                        =      4.95391   +/-   0.00186029  
p2                        =      4.94376   +/-   0.00218915  
p3                        =      4.91259   +/-   0.00144654  
p4                        =      4.91823   +/-   0.00229688  
[SUCCESS] Created final fit for UnbiasedL1Inner_Boron_TOF_L2QTemplate_LG_MPV_spline with chi2/ndf = 1.52324
begin drawing Boron UnbiasedL1Inner TOF LG_MPV

[INFO] Starting smart spline fit for: UnbiasedL1Inner_Boron_TOF_L1QTemplate_LG_Sigma (7 points)
****************************************
Minimizer is Minuit2 / Migrad
Chi2                      =      247.252
NDf                       =            5
Edm                       =  3.03371e-21
NCalls                    =           33
p0                        =     0.214249   +/-   0.000996097 
p1                        =     0.166281   +/-   0.00184686  
****************************************
Minimizer is Minuit2 / Migrad
Chi2                      =      16.5415
NDf                       =            4
Edm                       =  1.34547e-20
NCalls                    =           57
p0                        =     0.202015   +/-   0.00128097  
p1                        =     0.205595   +/-   0.00160263  
p2                        =     0.143232   +/-   0.00239033  
****************************************
Minimizer is Minuit2 / Migrad
Chi2                      =      4.35251
NDf                       =            3
Edm                       =  3.33774e-20
NCalls                    =           88
p0                        =     0.198887   +/-   0.0015586   
p1                        =     0.215808   +/-   0.00151159  
p2                        =     0.180237   +/-   0.00231376  
p3                        =     0.146309   +/-   0.00276016  
  [FIT] Found good fit candidate. Best segments so far: 3. Stopping search.
  [FIT] Finalizing with loop variable 'segments' = 3
****************************************
Minimizer is Minuit2 / Migrad
Chi2                      =      5.15005
NDf                       =            3
Edm                       =  4.98185e-21
NCalls                    =           86
p0                        =      0.19157   +/-   0.0022953   
p1                        =     0.213915   +/-   0.00133392  
p2                        =     0.181464   +/-   0.00224091  
p3                        =     0.139051   +/-   0.0036159   
[SUCCESS] Created final fit for UnbiasedL1Inner_Boron_TOF_L1QTemplate_LG_Sigma_spline with chi2/ndf = 1.45084

[INFO] Starting smart spline fit for: UnbiasedL1Inner_Boron_TOF_L2QTemplate_LG_Sigma (7 points)
****************************************
Minimizer is Minuit2 / Migrad
Chi2                      =      128.679
NDf                       =            5
Edm                       =  2.31699e-21
NCalls                    =           33
p0                        =     0.197814   +/-   0.00110641  
p1                        =     0.194268   +/-   0.00193924  
****************************************
Minimizer is Minuit2 / Migrad
Chi2                      =      8.11028
NDf                       =            4
Edm                       =   8.0482e-22
NCalls                    =           53
p0                        =      0.18737   +/-   0.00145905  
p1                        =     0.205336   +/-   0.00132509  
p2                        =     0.173718   +/-   0.00269501  
  [FIT] Found good fit candidate. Best segments so far: 2. Stopping search.
  [FIT] Finalizing with loop variable 'segments' = 2
****************************************
Minimizer is Minuit2 / Migrad
Chi2                      =      7.77191
NDf                       =            4
Edm                       =  1.60424e-21
NCalls                    =           55
p0                        =     0.181911   +/-   0.00200868  
p1                        =     0.203878   +/-   0.00119757  
p2                        =     0.166516   +/-   0.00332406  
[SUCCESS] Created final fit for UnbiasedL1Inner_Boron_TOF_L2QTemplate_LG_Sigma_spline with chi2/ndf = 2.02757
begin drawing Boron UnbiasedL1Inner TOF LG_Sigma
begin drawing Boron UnbiasedL1Inner TOF LG_Chi2NDF

[INFO] Starting smart spline fit for: UnbiasedL1Inner_Boron_TOF_L1QTemplate_EGE_Peak (7 points)
****************************************
Minimizer is Minuit2 / Migrad
Chi2                      =       177.15
NDf                       =            5
Edm                       =  6.44211e-17
NCalls                    =           43
p0                        =       4.9928   +/-   0.0015887   
p1                        =      4.92772   +/-   0.00133957  
****************************************
Minimizer is Minuit2 / Migrad
Chi2                      =       71.304
NDf                       =            4
Edm                       =   1.9668e-17
NCalls                    =           71
p0                        =      5.00717   +/-   0.00211489  
p1                        =      4.94545   +/-   0.00123562  
p2                        =      4.94189   +/-   0.0019217   
****************************************
Minimizer is Minuit2 / Migrad
Chi2                      =       27.552
NDf                       =            3
Edm                       =  4.46261e-11
NCalls                    =           87
p0                        =      4.99827   +/-   0.00254081  
p1                        =      4.96936   +/-   0.00155812  
p2                        =      4.93254   +/-   0.00137365  
p3                        =      4.95215   +/-   0.00243567  
****************************************
Minimizer is Minuit2 / Migrad
Chi2                      =      4.02389
NDf                       =            2
Edm                       =  1.52897e-05
NCalls                    =          137
p0                        =      4.98938   +/-   0.00312781  
p1                        =      4.99386   +/-   0.00184435  
p2                        =      4.94182   +/-   0.00153572  
p3                        =      4.94024   +/-   0.00156331  
p4                        =      4.94968   +/-   0.00309001  
  [FIT] Found good fit candidate. Best segments so far: 4. Stopping search.
  [FIT] Finalizing with loop variable 'segments' = 4
****************************************
Minimizer is Minuit2 / Migrad
Chi2                      =      3.04868
NDf                       =            2
Edm                       =   1.0044e-17
NCalls                    =          142
p0                        =      4.98251   +/-   0.00464619  
p1                        =       4.9942   +/-   0.00186921  
p2                        =      4.94184   +/-   0.00151527  
p3                        =      4.93995   +/-   0.00159524  
p4                        =      4.95295   +/-   0.00423741  
[SUCCESS] Created final fit for UnbiasedL1Inner_Boron_TOF_L1QTemplate_EGE_Peak_spline with chi2/ndf = 2.01194

[INFO] Starting smart spline fit for: UnbiasedL1Inner_Boron_TOF_L2QTemplate_EGE_Peak (7 points)
****************************************
Minimizer is Minuit2 / Migrad
Chi2                      =      64.2129
NDf                       =            5
Edm                       =  3.55836e-18
NCalls                    =           41
p0                        =      4.99971   +/-   0.00166367  
p1                        =      4.95355   +/-   0.00126409  
****************************************
Minimizer is Minuit2 / Migrad
Chi2                      =      64.0105
NDf                       =            4
Edm                       =  8.61321e-17
NCalls                    =           71
p0                        =      4.99907   +/-   0.00217761  
p1                        =      4.97365   +/-   0.0013906   
p2                        =      4.95308   +/-   0.00164141  
****************************************
Minimizer is Minuit2 / Migrad
Chi2                      =      13.3844
NDf                       =            3
Edm                       =  2.05876e-09
NCalls                    =          112
p0                        =      4.98941   +/-   0.00258519  
p1                        =      4.99207   +/-   0.00176067  
p2                        =       4.9568   +/-   0.00154811  
p3                        =      4.96028   +/-   0.00195997  
****************************************
Minimizer is Minuit2 / Migrad
Chi2                      =      3.08804
NDf                       =            2
Edm                       =  1.38361e-08
NCalls                    =          107
p0                        =      4.98394   +/-   0.00315208  
p1                        =      5.00098   +/-   0.00206391  
p2                        =      4.97155   +/-   0.00173194  
p3                        =      4.95473   +/-   0.00159366  
p4                        =      4.96072   +/-   0.00236433  
  [FIT] Found good fit candidate. Best segments so far: 4. Stopping search.
  [FIT] Finalizing with loop variable 'segments' = 4
****************************************
Minimizer is Minuit2 / Migrad
Chi2                      =      2.37935
NDf                       =            2
Edm                       =  2.62148e-10
NCalls                    =           99
p0                        =      4.97473   +/-   0.00474775  
p1                        =      5.00132   +/-   0.00209371  
p2                        =      4.97165   +/-   0.00171103  
p3                        =      4.95439   +/-   0.00162946  
p4                        =      4.96376   +/-   0.00332425  
[SUCCESS] Created final fit for UnbiasedL1Inner_Boron_TOF_L2QTemplate_EGE_Peak_spline with chi2/ndf = 1.54402
begin drawing Boron UnbiasedL1Inner TOF EGE_Peak

[INFO] Starting smart spline fit for: UnbiasedL1Inner_Boron_TOF_L1QTemplate_EGE_SigmaL (7 points)
****************************************
Minimizer is Minuit2 / Migrad
Chi2                      =        95.05
NDf                       =            5
Edm                       =  2.76728e-21
NCalls                    =           35
p0                        =     0.227462   +/-   0.00108568  
p1                        =     0.167811   +/-   0.00102858  
****************************************
Minimizer is Minuit2 / Migrad
Chi2                      =      94.7596
NDf                       =            4
Edm                       =  7.50926e-21
NCalls                    =           55
p0                        =     0.226964   +/-   0.00142558  
p1                        =     0.193469   +/-   0.00084714  
p2                        =     0.167129   +/-   0.00163151  
****************************************
Minimizer is Minuit2 / Migrad
Chi2                      =       53.212
NDf                       =            3
Edm                       =   3.8255e-21
NCalls                    =           84
p0                        =     0.220958   +/-   0.00169932  
p1                        =     0.210764   +/-   0.00105996  
p2                        =     0.177826   +/-   0.000947096 
p3                        =      0.17598   +/-   0.00222702  
****************************************
Minimizer is Minuit2 / Migrad
Chi2                      =      2.46551
NDf                       =            2
Edm                       =  6.65054e-09
NCalls                    =          128
p0                        =     0.212303   +/-   0.00208848  
p1                        =     0.226135   +/-   0.00124489  
p2                        =     0.188712   +/-   0.00105131  
p3                        =     0.175984   +/-   0.00120267  
p4                        =     0.168351   +/-   0.00302004  
  [FIT] Found good fit candidate. Best segments so far: 4. Stopping search.
  [FIT] Finalizing with loop variable 'segments' = 4
****************************************
Minimizer is Minuit2 / Migrad
Chi2                      =      1.94478
NDf                       =            2
Edm                       =  1.06584e-05
NCalls                    =          117
p0                        =     0.203525   +/-   0.00311181  
p1                        =     0.226344   +/-   0.00126031  
p2                        =     0.188916   +/-   0.00103675  
p3                        =     0.176025   +/-   0.00121656  
p4                        =     0.166162   +/-   0.00410151  
[SUCCESS] Created final fit for UnbiasedL1Inner_Boron_TOF_L1QTemplate_EGE_SigmaL_spline with chi2/ndf = 1.23275

[INFO] Starting smart spline fit for: UnbiasedL1Inner_Boron_TOF_L2QTemplate_EGE_SigmaL (7 points)
****************************************
Minimizer is Minuit2 / Migrad
Chi2                      =       128.28
NDf                       =            5
Edm                       =  1.51036e-21
NCalls                    =           35
p0                        =     0.204748   +/-   0.00115053  
p1                        =     0.187505   +/-   0.000866255 
****************************************
Minimizer is Minuit2 / Migrad
Chi2                      =      93.1132
NDf                       =            4
Edm                       =  7.05542e-21
NCalls                    =           55
p0                        =     0.198894   +/-   0.00151594  
p1                        =     0.199534   +/-   0.000972731 
p2                        =     0.183343   +/-   0.00111493  
****************************************
Minimizer is Minuit2 / Migrad
Chi2                      =      21.5192
NDf                       =            3
Edm                       =   5.8778e-07
NCalls                    =           94
p0                        =     0.190424   +/-   0.0018207   
p1                        =     0.208984   +/-   0.00122645  
p2                        =     0.187828   +/-   0.00107884  
p3                        =     0.188797   +/-   0.00132149  
****************************************
Minimizer is Minuit2 / Migrad
Chi2                      =      6.31019
NDf                       =            2
Edm                       =  2.69561e-07
NCalls                    =          117
p0                        =     0.185678   +/-   0.00222972  
p1                        =     0.208297   +/-   0.00139276  
p2                        =     0.197693   +/-   0.00120902  
p3                        =     0.185681   +/-   0.00110623  
p4                        =     0.189138   +/-   0.00158615  
  [FIT] Found good fit candidate. Best segments so far: 4. Stopping search.
  [FIT] Finalizing with loop variable 'segments' = 4
****************************************
Minimizer is Minuit2 / Migrad
Chi2                      =      5.24405
NDf                       =            2
Edm                       =  7.00223e-06
NCalls                    =          117
p0                        =     0.175845   +/-   0.00333781  
p1                        =     0.208591   +/-   0.00141076  
p2                        =     0.197829   +/-   0.00119516  
p3                        =     0.185381   +/-   0.00113118  
p4                        =     0.191218   +/-   0.00223808  
[SUCCESS] Created final fit for UnbiasedL1Inner_Boron_TOF_L2QTemplate_EGE_SigmaL_spline with chi2/ndf = 3.15509
begin drawing Boron UnbiasedL1Inner TOF EGE_SigmaL

[INFO] Starting smart spline fit for: UnbiasedL1Inner_Boron_TOF_L1QTemplate_EGE_SigmaR (7 points)
****************************************
Minimizer is Minuit2 / Migrad
Chi2                      =      290.715
NDf                       =            5
Edm                       =  1.25872e-21
NCalls                    =           35
p0                        =     0.236906   +/-   0.00190132  
p1                        =     0.293317   +/-   0.00160431  
****************************************
Minimizer is Minuit2 / Migrad
Chi2                      =      34.4756
NDf                       =            4
Edm                       =  3.45141e-22
NCalls                    =           55
p0                        =     0.207332   +/-   0.00265112  
p1                        =      0.28476   +/-   0.00129665  
p2                        =     0.263793   +/-   0.00244451  
****************************************
Minimizer is Minuit2 / Migrad
Chi2                      =      15.3759
NDf                       =            3
Edm                       =  1.44401e-21
NCalls                    =           84
p0                        =     0.214301   +/-   0.00324189  
p1                        =     0.262814   +/-   0.00164045  
p2                        =     0.288939   +/-   0.0014755   
p3                        =     0.253011   +/-   0.00324295  
****************************************
Minimizer is Minuit2 / Migrad
Chi2                      =      5.71586
NDf                       =            2
Edm                       =  1.93323e-10
NCalls                    =          126
p0                        =     0.220961   +/-   0.00405757  
p1                        =     0.233893   +/-   0.0020801   
p2                        =     0.286216   +/-   0.00159623  
p3                        =     0.273373   +/-   0.0018404   
p4                        =     0.252477   +/-   0.00428348  
  [FIT] Found good fit candidate. Best segments so far: 4. Stopping search.
  [FIT] Finalizing with loop variable 'segments' = 4
****************************************
Minimizer is Minuit2 / Migrad
Chi2                      =      4.94946
NDf                       =            2
Edm                       =  9.87537e-07
NCalls                    =          117
p0                        =     0.221449   +/-   0.00592614  
p1                        =     0.233652   +/-   0.00211047  
p2                        =     0.286359   +/-   0.001574    
p3                        =     0.273834   +/-   0.00186829  
p4                        =     0.245423   +/-   0.0058234   
[SUCCESS] Created final fit for UnbiasedL1Inner_Boron_TOF_L1QTemplate_EGE_SigmaR_spline with chi2/ndf = 2.85793

[INFO] Starting smart spline fit for: UnbiasedL1Inner_Boron_TOF_L2QTemplate_EGE_SigmaR (7 points)
****************************************
Minimizer is Minuit2 / Migrad
Chi2                      =      76.4327
NDf                       =            5
Edm                       =    2.269e-20
NCalls                    =           35
p0                        =     0.226702   +/-   0.00176509  
p1                        =     0.274583   +/-   0.00133766  
****************************************
Minimizer is Minuit2 / Migrad
Chi2                      =      68.2636
NDf                       =            4
Edm                       =  3.80142e-22
NCalls                    =           55
p0                        =      0.22259   +/-   0.002277    
p1                        =     0.257305   +/-   0.00135311  
p2                        =     0.271084   +/-   0.00181311  
****************************************
Minimizer is Minuit2 / Migrad
Chi2                      =      20.0458
NDf                       =            3
Edm                       =  1.27955e-20
NCalls                    =           88
p0                        =       0.2315   +/-   0.00263567  
p1                        =     0.237229   +/-   0.00181074  
p2                        =     0.272372   +/-   0.00151562  
p3                        =     0.262255   +/-   0.00223866  
****************************************
Minimizer is Minuit2 / Migrad
Chi2                      =      4.34848
NDf                       =            2
Edm                       =   3.4338e-06
NCalls                    =          116
p0                        =     0.238465   +/-   0.00318241  
p1                        =     0.222171   +/-   0.00234248  
p2                        =     0.260031   +/-   0.0016628   
p3                        =     0.270288   +/-   0.0016012   
p4                        =     0.262845   +/-   0.00277457  
  [FIT] Found good fit candidate. Best segments so far: 4. Stopping search.
  [FIT] Finalizing with loop variable 'segments' = 4
****************************************
Minimizer is Minuit2 / Migrad
Chi2                      =      3.20247
NDf                       =            2
Edm                       =  4.09679e-08
NCalls                    =          114
p0                        =     0.248581   +/-   0.00486876  
p1                        =     0.221628   +/-   0.00238758  
p2                        =     0.259978   +/-   0.00164354  
p3                        =     0.270608   +/-   0.00163489  
p4                        =      0.25967   +/-   0.00384854  
[SUCCESS] Created final fit for UnbiasedL1Inner_Boron_TOF_L2QTemplate_EGE_SigmaR_spline with chi2/ndf = 2.17424
begin drawing Boron UnbiasedL1Inner TOF EGE_SigmaR
  [SUCCESS] Wrote constant TF1 'UnbiasedL1Inner_Boron_TOF_L1QTemplate_EGE_AlphaL_spline' to file.
  [SUCCESS] Wrote constant TF1 'UnbiasedL1Inner_Boron_TOF_L2QTemplate_EGE_AlphaL_spline' to file.
begin drawing Boron UnbiasedL1Inner TOF EGE_AlphaL

[INFO] Starting smart spline fit for: UnbiasedL1Inner_Boron_TOF_L1QTemplate_EGE_AlphaR (7 points)
****************************************
Minimizer is Minuit2 / Migrad
Chi2                      =      193.892
NDf                       =            5
Edm                       =  8.76382e-22
NCalls                    =           31
p0                        =      1.34749   +/-   0.021791    
p1                        =      1.33196   +/-   0.0207383   
****************************************
Minimizer is Minuit2 / Migrad
Chi2                      =      21.2483
NDf                       =            4
Edm                       =  1.15379e-21
NCalls                    =           53
p0                        =      1.09613   +/-   0.0289966   
p1                        =      1.62171   +/-   0.0249709   
p2                        =      1.09576   +/-   0.0274446   
****************************************
Minimizer is Minuit2 / Migrad
Chi2                      =      7.63378
NDf                       =            3
Edm                       =  1.66778e-07
NCalls                    =           88
p0                        =      1.16413   +/-   0.0352262   
p1                        =      1.49258   +/-   0.0265918   
p2                        =      1.55045   +/-   0.0252681   
p3                        =      1.02182   +/-   0.0327435   
  [FIT] Found good fit candidate. Best segments so far: 3. Stopping search.
  [FIT] Finalizing with loop variable 'segments' = 3
****************************************
Minimizer is Minuit2 / Migrad
Chi2                      =      13.7244
NDf                       =            3
Edm                       =  1.70394e-21
NCalls                    =           89
p0                        =      1.09637   +/-   0.0507689   
p1                        =      1.47483   +/-   0.0244421   
p2                        =      1.53857   +/-   0.0240979   
p3                        =     0.880241   +/-   0.0438565   
[SUCCESS] Created final fit for UnbiasedL1Inner_Boron_TOF_L1QTemplate_EGE_AlphaR_spline with chi2/ndf = 2.54459

[INFO] Starting smart spline fit for: UnbiasedL1Inner_Boron_TOF_L2QTemplate_EGE_AlphaR (7 points)
****************************************
Minimizer is Minuit2 / Migrad
Chi2                      =      57.5385
NDf                       =            5
Edm                       =  1.52985e-21
NCalls                    =           31
p0                        =      1.45694   +/-   0.0334157   
p1                        =      1.52489   +/-   0.0269481   
****************************************
Minimizer is Minuit2 / Migrad
Chi2                      =       43.101
NDf                       =            4
Edm                       =   1.9438e-09
NCalls                    =           59
p0                        =      1.31327   +/-   0.0504605   
p1                        =      1.61721   +/-   0.0364064   
p2                        =      1.46271   +/-   0.031527    
****************************************
Minimizer is Minuit2 / Migrad
Chi2                      =      18.8971
NDf                       =            3
Edm                       =  8.02403e-22
NCalls                    =           80
p0                        =      1.50449   +/-   0.064296    
p1                        =      1.45909   +/-   0.0348811   
p2                        =      1.75312   +/-   0.0440112   
p3                        =      1.37834   +/-   0.0360015   
****************************************
Minimizer is Minuit2 / Migrad
Chi2                      =      2.95743
NDf                       =            2
Edm                       =  5.71516e-08
NCalls                    =          110
p0                        =      1.72065   +/-   0.0843517   
p1                        =       1.3322   +/-   0.0349411   
p2                        =      1.75094   +/-   0.0492035   
p3                        =      1.56183   +/-   0.0403285   
p4                        =      1.40107   +/-   0.0418834   
  [FIT] Found good fit candidate. Best segments so far: 4. Stopping search.
  [FIT] Finalizing with loop variable 'segments' = 4
****************************************
Minimizer is Minuit2 / Migrad
Chi2                      =      2.13618
NDf                       =            2
Edm                       =  2.36916e-21
NCalls                    =          114
p0                        =      1.92555   +/-   0.122823    
p1                        =      1.32797   +/-   0.0351681   
p2                        =      1.74398   +/-   0.0482694   
p3                        =      1.56941   +/-   0.0411776   
p4                        =      1.35355   +/-   0.0620103   
[SUCCESS] Created final fit for UnbiasedL1Inner_Boron_TOF_L2QTemplate_EGE_AlphaR_spline with chi2/ndf = 1.47872
begin drawing Boron UnbiasedL1Inner TOF EGE_AlphaR
begin drawing Boron UnbiasedL1Inner TOF EGE_Chi2NDF

[INFO] Starting smart spline fit for: UnbiasedL1Inner_Boron_NaF_L1QTemplate_LG_Width (16 points)
****************************************
Minimizer is Minuit2 / Migrad
Chi2                      =      21.4195
NDf                       =           14
Edm                       =  1.09478e-22
NCalls                    =           31
p0                        =     0.049526   +/-   0.00112707  
p1                        =    0.0340261   +/-   0.0011012   
  [FIT] Found good fit candidate. Best segments so far: 1. Stopping search.
  [FIT] Finalizing with loop variable 'segments' = 1
****************************************
Minimizer is Minuit2 / Migrad
Chi2                      =       22.558
NDf                       =           14
Edm                       =  6.43814e-23
NCalls                    =           31
p0                        =    0.0512516   +/-   0.00131555  
p1                        =    0.0323077   +/-   0.00128726  
[SUCCESS] Created final fit for UnbiasedL1Inner_Boron_NaF_L1QTemplate_LG_Width_spline with chi2/ndf = 1.52997

[INFO] Starting smart spline fit for: UnbiasedL1Inner_Boron_NaF_L2QTemplate_LG_Width (16 points)
****************************************
Minimizer is Minuit2 / Migrad
Chi2                      =      45.1242
NDf                       =           14
Edm                       =  6.94069e-23
NCalls                    =           31
p0                        =    0.0392265   +/-   0.00150791  
p1                        =    0.0343913   +/-   0.00136499  
****************************************
Minimizer is Minuit2 / Migrad
Chi2                      =      45.0488
NDf                       =           13
Edm                       =  6.68727e-23
NCalls                    =           59
p0                        =    0.0395525   +/-   0.00191919  
p1                        =    0.0358588   +/-   0.00127173  
p2                        =    0.0347657   +/-   0.00192919  
****************************************
Minimizer is Minuit2 / Migrad
Chi2                      =      41.3101
NDf                       =           12
Edm                       =   9.9399e-07
NCalls                    =           79
p0                        =     0.037049   +/-   0.00231947  
p1                        =    0.0394789   +/-   0.00159716  
p2                        =    0.0332596   +/-   0.00149903  
p3                        =    0.0372264   +/-   0.00236936  
****************************************
Minimizer is Minuit2 / Migrad
Chi2                      =      37.5607
NDf                       =           11
Edm                       =  2.00136e-06
NCalls                    =          100
p0                        =    0.0349111   +/-   0.00257844  
p1                        =    0.0417209   +/-   0.00178687  
p2                        =    0.0331076   +/-   0.0016513   
p3                        =     0.036524   +/-   0.00179751  
p4                        =    0.0341179   +/-   0.00302689  
  [FIT] Found good fit candidate. Best segments so far: 3. Stopping search.
  [FIT] Finalizing with loop variable 'segments' = 3
****************************************
Minimizer is Minuit2 / Migrad
Chi2                      =      40.4469
NDf                       =           12
Edm                       =  1.45605e-06
NCalls                    =           79
p0                        =    0.0342778   +/-   0.00305338  
p1                        =    0.0398734   +/-   0.00147251  
p2                        =    0.0335537   +/-   0.00144065  
p3                        =    0.0376197   +/-   0.00311412  
[SUCCESS] Created final fit for UnbiasedL1Inner_Boron_NaF_L2QTemplate_LG_Width_spline with chi2/ndf = 3.44251
begin drawing Boron UnbiasedL1Inner NaF LG_Width

[INFO] Starting smart spline fit for: UnbiasedL1Inner_Boron_NaF_L1QTemplate_LG_MPV (16 points)
****************************************
Minimizer is Minuit2 / Migrad
Chi2                      =      25.0777
NDf                       =           14
Edm                       =  2.64224e-18
NCalls                    =           43
p0                        =      4.91157   +/-   0.00131828  
p1                        =      4.92715   +/-   0.00149891  
  [FIT] Found good fit candidate. Best segments so far: 1. Stopping search.
  [FIT] Finalizing with loop variable 'segments' = 1
****************************************
Minimizer is Minuit2 / Migrad
Chi2                      =      23.8824
NDf                       =           14
Edm                       =  1.85378e-18
NCalls                    =           43
p0                        =      4.90955   +/-   0.00156344  
p1                        =      4.92916   +/-   0.00175051  
[SUCCESS] Created final fit for UnbiasedL1Inner_Boron_NaF_L1QTemplate_LG_MPV_spline with chi2/ndf = 1.79127

[INFO] Starting smart spline fit for: UnbiasedL1Inner_Boron_NaF_L2QTemplate_LG_MPV (16 points)
****************************************
Minimizer is Minuit2 / Migrad
Chi2                      =      42.3763
NDf                       =           14
Edm                       =  2.59692e-18
NCalls                    =           43
p0                        =      4.92311   +/-   0.0019232   
p1                        =      4.91949   +/-   0.00188889  
****************************************
Minimizer is Minuit2 / Migrad
Chi2                      =      38.8438
NDf                       =           13
Edm                       =  5.79339e-12
NCalls                    =           77
p0                        =      4.92609   +/-   0.00249086  
p1                        =      4.91834   +/-   0.00172817  
p2                        =      4.92299   +/-   0.00265244  
****************************************
Minimizer is Minuit2 / Migrad
Chi2                      =      38.8111
NDf                       =           12
Edm                       =  3.04351e-17
NCalls                    =          100
p0                        =      4.92616   +/-   0.00311462  
p1                        =         4.92   +/-   0.00208194  
p2                        =      4.91921   +/-   0.00214495  
p3                        =      4.92328   +/-   0.00330521  
****************************************
Minimizer is Minuit2 / Migrad
Chi2                      =      38.2416
NDf                       =           11
Edm                       =  1.80755e-09
NCalls                    =          100
p0                        =      4.92738   +/-   0.00355804  
p1                        =      4.92034   +/-   0.00228494  
p2                        =       4.9193   +/-   0.00223462  
p3                        =      4.92003   +/-   0.00245946  
p4                        =      4.92496   +/-   0.00435906  
  [FIT] Found good fit candidate. Best segments so far: 3. Stopping search.
  [FIT] Finalizing with loop variable 'segments' = 3
****************************************
Minimizer is Minuit2 / Migrad
Chi2                      =       36.163
NDf                       =           12
Edm                       =  1.34084e-17
NCalls                    =          117
p0                        =      4.93042   +/-   0.00433774  
p1                        =      4.91917   +/-   0.00191638  
p2                        =       4.9193   +/-   0.00205538  
p3                        =       4.9249   +/-   0.00446934  
[SUCCESS] Created final fit for UnbiasedL1Inner_Boron_NaF_L2QTemplate_LG_MPV_spline with chi2/ndf = 3.23426
begin drawing Boron UnbiasedL1Inner NaF LG_MPV

[INFO] Starting smart spline fit for: UnbiasedL1Inner_Boron_NaF_L1QTemplate_LG_Sigma (16 points)
****************************************
Minimizer is Minuit2 / Migrad
Chi2                      =      27.7139
NDf                       =           14
Edm                       =  6.55407e-23
NCalls                    =           35
p0                        =     0.177553   +/-   0.00145936  
p1                        =     0.202038   +/-   0.00134189  
****************************************
Minimizer is Minuit2 / Migrad
Chi2                      =      27.6876
NDf                       =           13
Edm                       =  2.39926e-07
NCalls                    =           61
p0                        =     0.177351   +/-   0.00191572  
p1                        =     0.193417   +/-   0.00120964  
p2                        =     0.201823   +/-   0.00188437  
  [FIT] Found good fit candidate. Best segments so far: 1. Stopping search.
  [FIT] Finalizing with loop variable 'segments' = 1
****************************************
Minimizer is Minuit2 / Migrad
Chi2                      =       34.217
NDf                       =           14
Edm                       =  1.09496e-21
NCalls                    =           35
p0                        =     0.175228   +/-   0.00169488  
p1                        =     0.204422   +/-   0.00157224  
[SUCCESS] Created final fit for UnbiasedL1Inner_Boron_NaF_L1QTemplate_LG_Sigma_spline with chi2/ndf = 1.97957

[INFO] Starting smart spline fit for: UnbiasedL1Inner_Boron_NaF_L2QTemplate_LG_Sigma (16 points)
****************************************
Minimizer is Minuit2 / Migrad
Chi2                      =       38.419
NDf                       =           14
Edm                       =   4.1197e-22
NCalls                    =           35
p0                        =     0.188963   +/-   0.00183675  
p1                        =     0.199076   +/-   0.00163059  
****************************************
Minimizer is Minuit2 / Migrad
Chi2                      =      37.1978
NDf                       =           13
Edm                       =  1.88498e-13
NCalls                    =           59
p0                        =     0.187354   +/-   0.00234387  
p1                        =     0.196711   +/-   0.00150998  
p2                        =     0.197298   +/-   0.00229101  
****************************************
Minimizer is Minuit2 / Migrad
Chi2                      =      34.9076
NDf                       =           12
Edm                       =  1.04823e-05
NCalls                    =           82
p0                        =     0.189598   +/-   0.0028126   
p1                        =     0.191516   +/-   0.00189798  
p2                        =     0.199431   +/-   0.00178844  
p3                        =     0.194928   +/-   0.00279439  
  [FIT] Found good fit candidate. Best segments so far: 2. Stopping search.
  [FIT] Finalizing with loop variable 'segments' = 2
****************************************
Minimizer is Minuit2 / Migrad
Chi2                      =      39.9948
NDf                       =           13
Edm                       =  7.41399e-11
NCalls                    =           59
p0                        =     0.187303   +/-   0.00301058  
p1                        =      0.19565   +/-   0.00137823  
p2                        =      0.19869   +/-   0.00288091  
[SUCCESS] Created final fit for UnbiasedL1Inner_Boron_NaF_L2QTemplate_LG_Sigma_spline with chi2/ndf = 2.86137
begin drawing Boron UnbiasedL1Inner NaF LG_Sigma
begin drawing Boron UnbiasedL1Inner NaF LG_Chi2NDF

[INFO] Starting smart spline fit for: UnbiasedL1Inner_Boron_NaF_L1QTemplate_EGE_Peak (16 points)
****************************************
Minimizer is Minuit2 / Migrad
Chi2                      =      71.5904
NDf                       =           14
Edm                       =  2.36561e-19
NCalls                    =           41
p0                        =       4.9413   +/-   0.0016226   
p1                        =      5.00126   +/-   0.00252477  
****************************************
Minimizer is Minuit2 / Migrad
Chi2                      =      27.3149
NDf                       =           13
Edm                       =  4.46641e-09
NCalls                    =           68
p0                        =      4.93638   +/-   0.00178344  
p1                        =      4.99044   +/-   0.00224377  
p2                        =      4.98441   +/-   0.00357674  
  [FIT] Found good fit candidate. Best segments so far: 2. Stopping search.
  [FIT] Finalizing with loop variable 'segments' = 2
****************************************
Minimizer is Minuit2 / Migrad
Chi2                      =      18.4797
NDf                       =           13
Edm                       =  2.61272e-18
NCalls                    =           73
p0                        =      4.93058   +/-   0.00206088  
p1                        =      4.98682   +/-   0.00201253  
p2                        =      4.98687   +/-   0.00440256  
[SUCCESS] Created final fit for UnbiasedL1Inner_Boron_NaF_L1QTemplate_EGE_Peak_spline with chi2/ndf = 2.10115

[INFO] Starting smart spline fit for: UnbiasedL1Inner_Boron_NaF_L2QTemplate_EGE_Peak (16 points)
****************************************
Minimizer is Minuit2 / Migrad
Chi2                      =      20.0214
NDf                       =           14
Edm                       =  1.04614e-17
NCalls                    =           43
p0                        =       4.9585   +/-   0.00187777  
p1                        =       4.9735   +/-   0.00278601  
  [FIT] Found good fit candidate. Best segments so far: 1. Stopping search.
  [FIT] Finalizing with loop variable 'segments' = 1
****************************************
Minimizer is Minuit2 / Migrad
Chi2                      =       22.068
NDf                       =           14
Edm                       =  1.01329e-18
NCalls                    =           43
p0                        =      4.95718   +/-   0.00227253  
p1                        =      4.97421   +/-   0.00315235  
[SUCCESS] Created final fit for UnbiasedL1Inner_Boron_NaF_L2QTemplate_EGE_Peak_spline with chi2/ndf = 1.4301
begin drawing Boron UnbiasedL1Inner NaF EGE_Peak

[INFO] Starting smart spline fit for: UnbiasedL1Inner_Boron_NaF_L1QTemplate_EGE_SigmaL (16 points)
****************************************
Minimizer is Minuit2 / Migrad
Chi2                      =      47.1619
NDf                       =           14
Edm                       =   2.4684e-22
NCalls                    =           35
p0                        =     0.184197   +/-   0.00129114  
p1                        =     0.225122   +/-   0.00166989  
****************************************
Minimizer is Minuit2 / Migrad
Chi2                      =      17.0393
NDf                       =           13
Edm                       =   1.9079e-21
NCalls                    =           60
p0                        =     0.180188   +/-   0.00148343  
p1                        =     0.216286   +/-   0.00147587  
p2                        =     0.215926   +/-   0.00236554  
  [FIT] Found good fit candidate. Best segments so far: 2. Stopping search.
  [FIT] Finalizing with loop variable 'segments' = 2
****************************************
Minimizer is Minuit2 / Migrad
Chi2                      =      23.3508
NDf                       =           13
Edm                       =  2.66679e-14
NCalls                    =           60
p0                        =     0.176128   +/-   0.00175911  
p1                        =     0.213728   +/-   0.00132583  
p2                        =     0.218228   +/-   0.00292348  
[SUCCESS] Created final fit for UnbiasedL1Inner_Boron_NaF_L1QTemplate_EGE_SigmaL_spline with chi2/ndf = 1.31072

[INFO] Starting smart spline fit for: UnbiasedL1Inner_Boron_NaF_L2QTemplate_EGE_SigmaL (16 points)
****************************************
Minimizer is Minuit2 / Migrad
Chi2                      =      25.1205
NDf                       =           14
Edm                       =  9.27336e-23
NCalls                    =           35
p0                        =     0.191328   +/-   0.00156655  
p1                        =     0.212529   +/-   0.00187836  
  [FIT] Found good fit candidate. Best segments so far: 1. Stopping search.
  [FIT] Finalizing with loop variable 'segments' = 1
****************************************
Minimizer is Minuit2 / Migrad
Chi2                      =      29.5611
NDf                       =           14
Edm                       =  1.35432e-21
NCalls                    =           35
p0                        =     0.189421   +/-   0.00183518  
p1                        =     0.214161   +/-   0.00214399  
[SUCCESS] Created final fit for UnbiasedL1Inner_Boron_NaF_L2QTemplate_EGE_SigmaL_spline with chi2/ndf = 1.79432
begin drawing Boron UnbiasedL1Inner NaF EGE_SigmaL

[INFO] Starting smart spline fit for: UnbiasedL1Inner_Boron_NaF_L1QTemplate_EGE_SigmaR (16 points)
****************************************
Minimizer is Minuit2 / Migrad
Chi2                      =      121.946
NDf                       =           14
Edm                       =  9.08551e-22
NCalls                    =           33
p0                        =     0.283092   +/-   0.0017421   
p1                        =     0.212105   +/-   0.00338437  
****************************************
Minimizer is Minuit2 / Migrad
Chi2                      =      35.9346
NDf                       =           13
Edm                       =  4.73504e-14
NCalls                    =           58
p0                        =     0.288921   +/-   0.00185201  
p1                        =     0.215627   +/-   0.00318598  
p2                        =     0.242041   +/-   0.00467692  
****************************************
Minimizer is Minuit2 / Migrad
Chi2                      =      14.1413
NDf                       =           12
Edm                       =  4.62955e-06
NCalls                    =           80
p0                        =     0.291464   +/-   0.00192984  
p1                        =     0.224766   +/-   0.00361328  
p2                        =     0.232768   +/-   0.00422219  
p3                        =     0.229919   +/-   0.00569864  
  [FIT] Found good fit candidate. Best segments so far: 3. Stopping search.
  [FIT] Finalizing with loop variable 'segments' = 3
****************************************
Minimizer is Minuit2 / Migrad
Chi2                      =      12.1905
NDf                       =           12
Edm                       =  7.29537e-07
NCalls                    =           88
p0                        =     0.298802   +/-   0.00231321  
p1                        =     0.229118   +/-   0.00324772  
p2                        =      0.22916   +/-   0.00404172  
p3                        =      0.23345   +/-   0.00748596  
[SUCCESS] Created final fit for UnbiasedL1Inner_Boron_NaF_L1QTemplate_EGE_SigmaR_spline with chi2/ndf = 1.17844

[INFO] Starting smart spline fit for: UnbiasedL1Inner_Boron_NaF_L2QTemplate_EGE_SigmaR (16 points)
****************************************
Minimizer is Minuit2 / Migrad
Chi2                      =      44.4393
NDf                       =           14
Edm                       =  7.66563e-22
NCalls                    =           33
p0                        =     0.263953   +/-   0.00178423  
p1                        =     0.243472   +/-   0.0030363   
****************************************
Minimizer is Minuit2 / Migrad
Chi2                      =      44.1592
NDf                       =           13
Edm                       =  1.56289e-21
NCalls                    =           53
p0                        =     0.264782   +/-   0.00237506  
p1                        =     0.249855   +/-   0.00254526  
p2                        =     0.244801   +/-   0.00394033  
****************************************
Minimizer is Minuit2 / Migrad
Chi2                      =       32.014
NDf                       =           12
Edm                       =  9.82942e-22
NCalls                    =           80
p0                        =     0.259795   +/-   0.00277363  
p1                        =     0.258802   +/-   0.00210143  
p2                        =     0.237721   +/-   0.00364407  
p3                        =     0.251781   +/-   0.00448534  
  [FIT] Found good fit candidate. Best segments so far: 3. Stopping search.
  [FIT] Finalizing with loop variable 'segments' = 3
****************************************
Minimizer is Minuit2 / Migrad
Chi2                      =      32.9269
NDf                       =           12
Edm                       =  1.50408e-21
NCalls                    =           82
p0                        =     0.259516   +/-   0.00335367  
p1                        =     0.258018   +/-   0.00184065  
p2                        =     0.238491   +/-   0.00355559  
p3                        =     0.254171   +/-   0.00524447  
[SUCCESS] Created final fit for UnbiasedL1Inner_Boron_NaF_L2QTemplate_EGE_SigmaR_spline with chi2/ndf = 2.66783
begin drawing Boron UnbiasedL1Inner NaF EGE_SigmaR
  [SUCCESS] Wrote constant TF1 'UnbiasedL1Inner_Boron_NaF_L1QTemplate_EGE_AlphaL_spline' to file.
  [SUCCESS] Wrote constant TF1 'UnbiasedL1Inner_Boron_NaF_L2QTemplate_EGE_AlphaL_spline' to file.
begin drawing Boron UnbiasedL1Inner NaF EGE_AlphaL

[INFO] Starting smart spline fit for: UnbiasedL1Inner_Boron_NaF_L1QTemplate_EGE_AlphaR (16 points)
****************************************
Minimizer is Minuit2 / Migrad
Chi2                      =      61.6437
NDf                       =           14
Edm                       =  2.77395e-22
NCalls                    =           31
p0                        =      1.21138   +/-   0.0320695   
p1                        =      1.08554   +/-   0.0297697   
****************************************
Minimizer is Minuit2 / Migrad
Chi2                      =         35.4
NDf                       =           13
Edm                       =  1.26887e-23
NCalls                    =           53
p0                        =      1.37857   +/-   0.0457556   
p1                        =      1.02903   +/-   0.0263912   
p2                        =      1.23575   +/-   0.0417859   
****************************************
Minimizer is Minuit2 / Migrad
Chi2                      =      25.4887
NDf                       =           12
Edm                       =  1.90705e-08
NCalls                    =           87
p0                        =      1.49954   +/-   0.0602351   
p1                        =      1.04747   +/-   0.0291624   
p2                        =      1.13513   +/-   0.0330315   
p3                        =      1.16438   +/-   0.053087    
  [FIT] Found good fit candidate. Best segments so far: 3. Stopping search.
  [FIT] Finalizing with loop variable 'segments' = 3
****************************************
Minimizer is Minuit2 / Migrad
Chi2                      =      17.3903
NDf                       =           12
Edm                       =   2.4467e-22
NCalls                    =           80
p0                        =       1.6748   +/-   0.0814866   
p1                        =      1.05167   +/-   0.0269769   
p2                        =      1.12341   +/-   0.0314977   
p3                        =      1.19271   +/-   0.0719654   
[SUCCESS] Created final fit for UnbiasedL1Inner_Boron_NaF_L1QTemplate_EGE_AlphaR_spline with chi2/ndf = 2.12406

[INFO] Starting smart spline fit for: UnbiasedL1Inner_Boron_NaF_L2QTemplate_EGE_AlphaR (16 points)
****************************************
Minimizer is Minuit2 / Migrad
Chi2                      =      78.4221
NDf                       =           14
Edm                       =  2.71567e-22
NCalls                    =           31
p0                        =      1.58673   +/-   0.0464142   
p1                        =      1.15778   +/-   0.0407433   
****************************************
Minimizer is Minuit2 / Migrad
Chi2                      =      78.2328
NDf                       =           13
Edm                       =  5.55431e-23
NCalls                    =           53
p0                        =      1.60545   +/-   0.0632902   
p1                        =      1.30097   +/-   0.0335947   
p2                        =      1.17669   +/-   0.0595793   
****************************************
Minimizer is Minuit2 / Migrad
Chi2                      =      75.6059
NDf                       =           12
Edm                       =  3.22277e-22
NCalls                    =           80
p0                        =      1.50684   +/-   0.0842896   
p1                        =      1.48175   +/-   0.0438474   
p2                        =      1.19336   +/-   0.0421003   
p3                        =      1.23666   +/-   0.0740983   
****************************************
Minimizer is Minuit2 / Migrad
Chi2                      =      66.8033
NDf                       =           11
Edm                       =  8.62433e-07
NCalls                    =           98
p0                        =      1.37112   +/-   0.100222    
p1                        =      1.59354   +/-   0.0499165   
p2                        =      1.21649   +/-   0.0419241   
p3                        =      1.30024   +/-   0.055559    
p4                        =      1.02456   +/-   0.107822    
****************************************
Minimizer is Minuit2 / Migrad
Chi2                      =      65.3022
NDf                       =           10
Edm                       =  9.33243e-06
NCalls                    =          132
p0                        =      1.56285   +/-   0.120476    
p1                        =      1.50815   +/-   0.0539681   
p2                        =      1.46787   +/-   0.0495631   
p3                        =      1.16147   +/-   0.0477331   
p4                        =      1.37031   +/-   0.0678636   
p5                        =     0.921688   +/-   0.123164    
****************************************
Minimizer is Minuit2 / Migrad
Chi2                      =      25.3702
NDf                       =            9
Edm                       =  3.74582e-06
NCalls                    =          141
p0                        =      1.92651   +/-   0.140515    
p1                        =      1.34142   +/-   0.0581883   
p2                        =      1.73162   +/-   0.056398    
p3                        =      1.06235   +/-   0.0487877   
p4                        =      1.41471   +/-   0.0593845   
p5                        =      1.13431   +/-   0.0626456   
p6                        =      1.27473   +/-   0.174152    
  [FIT] Found good fit candidate. Best segments so far: 6. Stopping search.
  [FIT] Finalizing with loop variable 'segments' = 6
****************************************
Minimizer is Minuit2 / Migrad
Chi2                      =       24.169
NDf                       =            9
Edm                       =  1.04429e-06
NCalls                    =          157
p0                        =      2.17924   +/-   0.1863      
p1                        =      1.33192   +/-   0.0587999   
p2                        =      1.72513   +/-   0.0557595   
p3                        =      1.06702   +/-   0.0484914   
p4                        =       1.4117   +/-   0.0592121   
p5                        =      1.13385   +/-   0.06328     
p6                        =      1.39651   +/-   0.281207    
[SUCCESS] Created final fit for UnbiasedL1Inner_Boron_NaF_L2QTemplate_EGE_AlphaR_spline with chi2/ndf = 2.81891
begin drawing Boron UnbiasedL1Inner NaF EGE_AlphaR
begin drawing Boron UnbiasedL1Inner NaF EGE_Chi2NDF

[INFO] Starting smart spline fit for: UnbiasedL1Inner_Boron_AGL_L1QTemplate_LG_Width (22 points)
****************************************
Minimizer is Minuit2 / Migrad
Chi2                      =      26.3267
NDf                       =           20
Edm                       =  2.21525e-22
NCalls                    =           33
p0                        =    0.0373108   +/-   0.00045632  
p1                        =    0.0329794   +/-   0.000727663 
  [FIT] Found good fit candidate. Best segments so far: 1. Stopping search.
  [FIT] Finalizing with loop variable 'segments' = 1
****************************************
Minimizer is Minuit2 / Migrad
Chi2                      =      24.7319
NDf                       =           20
Edm                       =  5.19086e-22
NCalls                    =           33
p0                        =    0.0378006   +/-   0.000529046 
p1                        =    0.0324104   +/-   0.000818264 
[SUCCESS] Created final fit for UnbiasedL1Inner_Boron_AGL_L1QTemplate_LG_Width_spline with chi2/ndf = 1.31634

[INFO] Starting smart spline fit for: UnbiasedL1Inner_Boron_AGL_L2QTemplate_LG_Width (22 points)
****************************************
Minimizer is Minuit2 / Migrad
Chi2                      =      26.3523
NDf                       =           20
Edm                       =  1.76687e-23
NCalls                    =           31
p0                        =    0.0362201   +/-   0.00054605  
p1                        =     0.033252   +/-   0.000854428 
  [FIT] Found good fit candidate. Best segments so far: 1. Stopping search.
  [FIT] Finalizing with loop variable 'segments' = 1
****************************************
Minimizer is Minuit2 / Migrad
Chi2                      =      24.6434
NDf                       =           20
Edm                       =  8.18428e-22
NCalls                    =           31
p0                        =     0.036671   +/-   0.000634179 
p1                        =    0.0326588   +/-   0.000966133 
[SUCCESS] Created final fit for UnbiasedL1Inner_Boron_AGL_L2QTemplate_LG_Width_spline with chi2/ndf = 1.31761
begin drawing Boron UnbiasedL1Inner AGL LG_Width

[INFO] Starting smart spline fit for: UnbiasedL1Inner_Boron_AGL_L1QTemplate_LG_MPV (22 points)
****************************************
Minimizer is Minuit2 / Migrad
Chi2                      =      47.6504
NDf                       =           20
Edm                       =  1.36142e-17
NCalls                    =           43
p0                        =      4.92667   +/-   0.00061978  
p1                        =      4.95157   +/-   0.00101889  
****************************************
Minimizer is Minuit2 / Migrad
Chi2                      =       21.737
NDf                       =           19
Edm                       =  7.82373e-09
NCalls                    =           74
p0                        =      4.92467   +/-   0.00073358  
p1                        =      4.94421   +/-   0.000778258 
p2                        =      4.94566   +/-   0.00154406  
  [FIT] Found good fit candidate. Best segments so far: 2. Stopping search.
  [FIT] Finalizing with loop variable 'segments' = 2
****************************************
Minimizer is Minuit2 / Migrad
Chi2                      =      35.8727
NDf                       =           19
Edm                       =  1.50333e-17
NCalls                    =           86
p0                        =      4.92226   +/-   0.000913507 
p1                        =      4.94261   +/-   0.000693324 
p2                        =      4.94812   +/-   0.00194034  
[SUCCESS] Created final fit for UnbiasedL1Inner_Boron_AGL_L1QTemplate_LG_MPV_spline with chi2/ndf = 1.14405

[INFO] Starting smart spline fit for: UnbiasedL1Inner_Boron_AGL_L2QTemplate_LG_MPV (22 points)
****************************************
Minimizer is Minuit2 / Migrad
Chi2                      =      24.3694
NDf                       =           20
Edm                       =  3.12536e-18
NCalls                    =           43
p0                        =      4.92622   +/-   0.000743864 
p1                        =      4.95131   +/-   0.00117244  
  [FIT] Found good fit candidate. Best segments so far: 1. Stopping search.
  [FIT] Finalizing with loop variable 'segments' = 1
****************************************
Minimizer is Minuit2 / Migrad
Chi2                      =       23.987
NDf                       =           20
Edm                       =  2.05689e-20
NCalls                    =           41
p0                        =      4.92384   +/-   0.000860293 
p1                        =      4.95393   +/-   0.00132411  
[SUCCESS] Created final fit for UnbiasedL1Inner_Boron_AGL_L2QTemplate_LG_MPV_spline with chi2/ndf = 1.21847
begin drawing Boron UnbiasedL1Inner AGL LG_MPV

[INFO] Starting smart spline fit for: UnbiasedL1Inner_Boron_AGL_L1QTemplate_LG_Sigma (22 points)
****************************************
Minimizer is Minuit2 / Migrad
Chi2                      =      34.0481
NDf                       =           20
Edm                       =    3.403e-22
NCalls                    =           35
p0                        =     0.196054   +/-   0.000560041 
p1                        =     0.192338   +/-   0.000877762 
  [FIT] Found good fit candidate. Best segments so far: 1. Stopping search.
  [FIT] Finalizing with loop variable 'segments' = 1
****************************************
Minimizer is Minuit2 / Migrad
Chi2                      =      35.5578
NDf                       =           20
Edm                       =  1.90635e-21
NCalls                    =           35
p0                        =     0.196277   +/-   0.000649677 
p1                        =     0.192194   +/-   0.00098869  
[SUCCESS] Created final fit for UnbiasedL1Inner_Boron_AGL_L1QTemplate_LG_Sigma_spline with chi2/ndf = 1.70241

[INFO] Starting smart spline fit for: UnbiasedL1Inner_Boron_AGL_L2QTemplate_LG_Sigma (22 points)
****************************************
Minimizer is Minuit2 / Migrad
Chi2                      =      29.8512
NDf                       =           20
Edm                       =  1.34536e-21
NCalls                    =           35
p0                        =     0.193739   +/-   0.000664247 
p1                        =     0.186412   +/-   0.00103628  
  [FIT] Found good fit candidate. Best segments so far: 1. Stopping search.
  [FIT] Finalizing with loop variable 'segments' = 1
****************************************
Minimizer is Minuit2 / Migrad
Chi2                      =       33.744
NDf                       =           20
Edm                       =  3.43181e-22
NCalls                    =           35
p0                        =     0.194207   +/-   0.000772007 
p1                        =     0.186072   +/-   0.00117179  
[SUCCESS] Created final fit for UnbiasedL1Inner_Boron_AGL_L2QTemplate_LG_Sigma_spline with chi2/ndf = 1.49256
begin drawing Boron UnbiasedL1Inner AGL LG_Sigma
begin drawing Boron UnbiasedL1Inner AGL LG_Chi2NDF

[INFO] Starting smart spline fit for: UnbiasedL1Inner_Boron_AGL_L1QTemplate_EGE_Peak (22 points)
****************************************
Minimizer is Minuit2 / Migrad
Chi2                      =      43.5999
NDf                       =           20
Edm                       =  4.81404e-19
NCalls                    =           43
p0                        =      4.98504   +/-   0.00108538  
p1                        =      5.00664   +/-   0.00169334  
****************************************
Minimizer is Minuit2 / Migrad
Chi2                      =      25.0019
NDf                       =           19
Edm                       =  6.20384e-13
NCalls                    =           72
p0                        =      4.98204   +/-   0.00128966  
p1                        =      5.00176   +/-   0.00129782  
p2                        =      4.99834   +/-   0.00256354  
  [FIT] Found good fit candidate. Best segments so far: 2. Stopping search.
  [FIT] Finalizing with loop variable 'segments' = 2
****************************************
Minimizer is Minuit2 / Migrad
Chi2                      =      28.6897
NDf                       =           19
Edm                       =  1.00451e-06
NCalls                    =           71
p0                        =      4.97915   +/-   0.00161673  
p1                        =      5.00023   +/-   0.00116485  
p2                        =      4.99943   +/-   0.00321424  
[SUCCESS] Created final fit for UnbiasedL1Inner_Boron_AGL_L1QTemplate_EGE_Peak_spline with chi2/ndf = 1.31589

[INFO] Starting smart spline fit for: UnbiasedL1Inner_Boron_AGL_L2QTemplate_EGE_Peak (22 points)
****************************************
Minimizer is Minuit2 / Migrad
Chi2                      =       39.655
NDf                       =           20
Edm                       =  8.34004e-20
NCalls                    =           41
p0                        =      4.97477   +/-   0.000664121 
p1                        =      5.00116   +/-   0.00177802  
****************************************
Minimizer is Minuit2 / Migrad
Chi2                      =      35.8895
NDf                       =           19
Edm                       =  5.92358e-15
NCalls                    =           70
p0                        =      4.97435   +/-   0.000697699 
p1                        =      4.99228   +/-   0.00138861  
p2                        =      4.99715   +/-   0.00272529  
  [FIT] Found good fit candidate. Best segments so far: 1. Stopping search.
  [FIT] Finalizing with loop variable 'segments' = 1
****************************************
Minimizer is Minuit2 / Migrad
Chi2                      =      45.7986
NDf                       =           20
Edm                       =  7.14786e-20
NCalls                    =           43
p0                        =      4.97387   +/-   0.000706282 
p1                        =      5.00229   +/-   0.00189187  
[SUCCESS] Created final fit for UnbiasedL1Inner_Boron_AGL_L2QTemplate_EGE_Peak_spline with chi2/ndf = 1.98275
begin drawing Boron UnbiasedL1Inner AGL EGE_Peak

[INFO] Starting smart spline fit for: UnbiasedL1Inner_Boron_AGL_L1QTemplate_EGE_SigmaL (22 points)
****************************************
Minimizer is Minuit2 / Migrad
Chi2                      =      36.7515
NDf                       =           20
Edm                       =  5.73233e-22
NCalls                    =           35
p0                        =     0.212533   +/-   0.000710691 
p1                        =      0.20691   +/-   0.00110502  
****************************************
Minimizer is Minuit2 / Migrad
Chi2                      =      25.4851
NDf                       =           19
Edm                       =  1.38629e-08
NCalls                    =           62
p0                        =     0.210995   +/-   0.000845533 
p1                        =     0.211156   +/-   0.000851133 
p2                        =     0.202734   +/-   0.00166414  
  [FIT] Found good fit candidate. Best segments so far: 1. Stopping search.
  [FIT] Finalizing with loop variable 'segments' = 1
****************************************
Minimizer is Minuit2 / Migrad
Chi2                      =      38.5978
NDf                       =           20
Edm                       =  2.57582e-21
NCalls                    =           35
p0                        =     0.212903   +/-   0.000823742 
p1                        =     0.206638   +/-   0.00124445  
[SUCCESS] Created final fit for UnbiasedL1Inner_Boron_AGL_L1QTemplate_EGE_SigmaL_spline with chi2/ndf = 1.83758

[INFO] Starting smart spline fit for: UnbiasedL1Inner_Boron_AGL_L2QTemplate_EGE_SigmaL (22 points)
****************************************
Minimizer is Minuit2 / Migrad
Chi2                      =      38.5325
NDf                       =           20
Edm                       =  1.40071e-22
NCalls                    =           35
p0                        =     0.203851   +/-   0.000637145 
p1                        =     0.199067   +/-   0.00121656  
****************************************
Minimizer is Minuit2 / Migrad
Chi2                      =      28.9051
NDf                       =           19
Edm                       =  5.85728e-13
NCalls                    =           62
p0                        =     0.202894   +/-   0.000707798 
p1                        =     0.202974   +/-   0.000941118 
p2                        =     0.194729   +/-   0.00185346  
  [FIT] Found good fit candidate. Best segments so far: 1. Stopping search.
  [FIT] Finalizing with loop variable 'segments' = 1
****************************************
Minimizer is Minuit2 / Migrad
Chi2                      =       39.557
NDf                       =           20
Edm                       =  4.58394e-21
NCalls                    =           35
p0                        =     0.204067   +/-   0.000703955 
p1                        =     0.198905   +/-   0.00132611  
[SUCCESS] Created final fit for UnbiasedL1Inner_Boron_AGL_L2QTemplate_EGE_SigmaL_spline with chi2/ndf = 1.92663
begin drawing Boron UnbiasedL1Inner AGL EGE_SigmaL

[INFO] Starting smart spline fit for: UnbiasedL1Inner_Boron_AGL_L1QTemplate_EGE_SigmaR (22 points)
****************************************
Minimizer is Minuit2 / Migrad
Chi2                      =      30.6497
NDf                       =           20
Edm                       =  8.79496e-23
NCalls                    =           35
p0                        =     0.234099   +/-   0.00142543  
p1                        =     0.226427   +/-   0.00219423  
  [FIT] Found good fit candidate. Best segments so far: 1. Stopping search.
  [FIT] Finalizing with loop variable 'segments' = 1
****************************************
Minimizer is Minuit2 / Migrad
Chi2                      =      30.0541
NDf                       =           20
Edm                       =  4.26412e-23
NCalls                    =           35
p0                        =     0.235001   +/-   0.00165406  
p1                        =      0.22538   +/-   0.0024756   
[SUCCESS] Created final fit for UnbiasedL1Inner_Boron_AGL_L1QTemplate_EGE_SigmaR_spline with chi2/ndf = 1.53248

[INFO] Starting smart spline fit for: UnbiasedL1Inner_Boron_AGL_L2QTemplate_EGE_SigmaR (22 points)
****************************************
Minimizer is Minuit2 / Migrad
Chi2                      =      74.0243
NDf                       =           20
Edm                       =  2.05279e-23
NCalls                    =           35
p0                        =     0.241083   +/-   0.000851838 
p1                        =     0.233526   +/-   0.00201604  
****************************************
Minimizer is Minuit2 / Migrad
Chi2                      =      68.1775
NDf                       =           19
Edm                       =  1.24043e-12
NCalls                    =           62
p0                        =     0.241803   +/-   0.000902354 
p1                        =     0.233587   +/-   0.00171037  
p2                        =       0.2383   +/-   0.00282185  
****************************************
Minimizer is Minuit2 / Migrad
Chi2                      =      51.6085
NDf                       =           18
Edm                       =  4.53288e-06
NCalls                    =           84
p0                        =     0.240953   +/-   0.000931849 
p1                        =     0.239714   +/-   0.00179427  
p2                        =     0.227036   +/-   0.00241076  
p3                        =     0.246316   +/-   0.0034502   
  [FIT] Found good fit candidate. Best segments so far: 3. Stopping search.
  [FIT] Finalizing with loop variable 'segments' = 3
****************************************
Minimizer is Minuit2 / Migrad
Chi2                      =      54.0304
NDf                       =           18
Edm                       =  2.58903e-21
NCalls                    =           86
p0                        =     0.240862   +/-   0.00103893  
p1                        =     0.238928   +/-   0.00160828  
p2                        =     0.228069   +/-   0.00229607  
p3                        =      0.25018   +/-   0.00435615  
[SUCCESS] Created final fit for UnbiasedL1Inner_Boron_AGL_L2QTemplate_EGE_SigmaR_spline with chi2/ndf = 2.86714
begin drawing Boron UnbiasedL1Inner AGL EGE_SigmaR
  [SUCCESS] Wrote constant TF1 'UnbiasedL1Inner_Boron_AGL_L1QTemplate_EGE_AlphaL_spline' to file.
  [SUCCESS] Wrote constant TF1 'UnbiasedL1Inner_Boron_AGL_L2QTemplate_EGE_AlphaL_spline' to file.
begin drawing Boron UnbiasedL1Inner AGL EGE_AlphaL

[INFO] Starting smart spline fit for: UnbiasedL1Inner_Boron_AGL_L1QTemplate_EGE_AlphaR (22 points)
****************************************
Minimizer is Minuit2 / Migrad
Chi2                      =      27.0819
NDf                       =           20
Edm                       =  1.01586e-22
NCalls                    =           33
p0                        =      1.16958   +/-   0.0120307   
p1                        =      1.18881   +/-   0.0203097   
  [FIT] Found good fit candidate. Best segments so far: 1. Stopping search.
  [FIT] Finalizing with loop variable 'segments' = 1
****************************************
Minimizer is Minuit2 / Migrad
Chi2                      =      27.1533
NDf                       =           20
Edm                       =  2.54854e-22
NCalls                    =           33
p0                        =       1.1683   +/-   0.0140512   
p1                        =      1.18961   +/-   0.0227907   
[SUCCESS] Created final fit for UnbiasedL1Inner_Boron_AGL_L1QTemplate_EGE_AlphaR_spline with chi2/ndf = 1.3541

[INFO] Starting smart spline fit for: UnbiasedL1Inner_Boron_AGL_L2QTemplate_EGE_AlphaR (22 points)
****************************************
Minimizer is Minuit2 / Migrad
Chi2                      =      34.5405
NDf                       =           20
Edm                       =  4.57621e-22
NCalls                    =           31
p0                        =      1.26998   +/-   0.0135911   
p1                        =      1.20785   +/-   0.0253367   
  [FIT] Found good fit candidate. Best segments so far: 1. Stopping search.
  [FIT] Finalizing with loop variable 'segments' = 1
****************************************
Minimizer is Minuit2 / Migrad
Chi2                      =      36.1259
NDf                       =           20
Edm                       =  3.56295e-22
NCalls                    =           31
p0                        =      1.26897   +/-   0.0152925   
p1                        =      1.21466   +/-   0.0280804   
[SUCCESS] Created final fit for UnbiasedL1Inner_Boron_AGL_L2QTemplate_EGE_AlphaR_spline with chi2/ndf = 1.72703
begin drawing Boron UnbiasedL1Inner AGL EGE_AlphaR
begin drawing Boron UnbiasedL1Inner AGL EGE_Chi2NDF

[INFO] Starting smart spline fit for: L1Inner_Carbon_TOF_L1QTemplate_LG_Width (7 points)
****************************************
Minimizer is Minuit2 / Migrad
Chi2                      =       180.66
NDf                       =            5
Edm                       =  1.08887e-21
NCalls                    =           31
p0                        =      0.01552   +/-   0.000591142 
p1                        =    0.0354473   +/-   0.000612407 
****************************************
Minimizer is Minuit2 / Migrad
Chi2                      =      86.6484
NDf                       =            4
Edm                       =  3.11912e-22
NCalls                    =           53
p0                        =    0.0220445   +/-   0.000895686 
p1                        =    0.0237522   +/-   0.000458298 
p2                        =    0.0406491   +/-   0.000814165 
****************************************
Minimizer is Minuit2 / Migrad
Chi2                      =      49.0032
NDf                       =            3
Edm                       =  7.98985e-22
NCalls                    =           80
p0                        =    0.0276203   +/-   0.00127683  
p1                        =    0.0186973   +/-   0.000523434 
p2                        =    0.0325298   +/-   0.000707323 
p3                        =     0.038266   +/-   0.00095986  
****************************************
Minimizer is Minuit2 / Migrad
Chi2                      =      5.67433
NDf                       =            2
Edm                       =  8.38866e-08
NCalls                    =          109
p0                        =    0.0360414   +/-   0.00179492  
p1                        =    0.0186149   +/-   0.000551112 
p2                        =     0.025842   +/-   0.000520057 
p3                        =    0.0347968   +/-   0.000825679 
p4                        =    0.0404302   +/-   0.00117676  
  [FIT] Found good fit candidate. Best segments so far: 4. Stopping search.
  [FIT] Finalizing with loop variable 'segments' = 4
****************************************
Minimizer is Minuit2 / Migrad
Chi2                      =      3.45496
NDf                       =            2
Edm                       =  1.00572e-07
NCalls                    =          110
p0                        =    0.0440961   +/-   0.00257322  
p1                        =    0.0184649   +/-   0.000555408 
p2                        =    0.0257173   +/-   0.000515117 
p3                        =     0.034862   +/-   0.000843775 
p4                        =    0.0418717   +/-   0.00164817  
[SUCCESS] Created final fit for L1Inner_Carbon_TOF_L1QTemplate_LG_Width_spline with chi2/ndf = 2.83717

[INFO] Starting smart spline fit for: L1Inner_Carbon_TOF_L2QTemplate_LG_Width (7 points)
****************************************
Minimizer is Minuit2 / Migrad
Chi2                      =      76.6433
NDf                       =            5
Edm                       =  6.28355e-22
NCalls                    =           31
p0                        =    0.0183053   +/-   0.000580643 
p1                        =    0.0311813   +/-   0.000736412 
****************************************
Minimizer is Minuit2 / Migrad
Chi2                      =      30.3475
NDf                       =            4
Edm                       =  6.08146e-22
NCalls                    =           53
p0                        =    0.0216978   +/-   0.000765343 
p1                        =    0.0233912   +/-   0.000509005 
p2                        =     0.036046   +/-   0.00102639  
****************************************
Minimizer is Minuit2 / Migrad
Chi2                      =      8.22078
NDf                       =            3
Edm                       =  2.45247e-22
NCalls                    =           80
p0                        =    0.0193735   +/-   0.000917173 
p1                        =    0.0227384   +/-   0.000550647 
p2                        =    0.0245679   +/-   0.000822549 
p3                        =    0.0391993   +/-   0.00121938  
  [FIT] Found good fit candidate. Best segments so far: 3. Stopping search.
  [FIT] Finalizing with loop variable 'segments' = 3
****************************************
Minimizer is Minuit2 / Migrad
Chi2                      =      10.3676
NDf                       =            3
Edm                       =  2.30153e-22
NCalls                    =           80
p0                        =    0.0182196   +/-   0.00130665  
p1                        =    0.0226417   +/-   0.000519271 
p2                        =    0.0246518   +/-   0.000798366 
p3                        =    0.0428578   +/-   0.0016047   
[SUCCESS] Created final fit for L1Inner_Carbon_TOF_L2QTemplate_LG_Width_spline with chi2/ndf = 2.74026
begin drawing Carbon L1Inner TOF LG_Width

[INFO] Starting smart spline fit for: L1Inner_Carbon_TOF_L1QTemplate_LG_MPV (7 points)
****************************************
Minimizer is Minuit2 / Migrad
Chi2                      =      295.467
NDf                       =            5
Edm                       =  4.96599e-18
NCalls                    =           43
p0                        =      5.93175   +/-   0.000940755 
p1                        =      5.92947   +/-   0.000699046 
****************************************
Minimizer is Minuit2 / Migrad
Chi2                      =      97.1315
NDf                       =            4
Edm                       =  1.17592e-16
NCalls                    =           73
p0                        =      5.91879   +/-   0.00131601  
p1                        =      5.93877   +/-   0.000742155 
p2                        =      5.92243   +/-   0.000859154 
****************************************
Minimizer is Minuit2 / Migrad
Chi2                      =      38.9033
NDf                       =            3
Edm                       =  8.74284e-17
NCalls                    =          121
p0                        =      5.91128   +/-   0.00164021  
p1                        =      5.94078   +/-   0.000927916 
p2                        =      5.92999   +/-   0.000958091 
p3                        =      5.92555   +/-   0.00100407  
****************************************
Minimizer is Minuit2 / Migrad
Chi2                      =      2.37676
NDf                       =            2
Edm                       =  1.60658e-07
NCalls                    =          106
p0                        =      5.90355   +/-   0.00206267  
p1                        =       5.9348   +/-   0.00106709  
p2                        =      5.93546   +/-   0.000870826 
p3                        =      5.92838   +/-   0.000954112 
p4                        =       5.9236   +/-   0.00120233  
  [FIT] Found good fit candidate. Best segments so far: 4. Stopping search.
  [FIT] Finalizing with loop variable 'segments' = 4
****************************************
Minimizer is Minuit2 / Migrad
Chi2                      =      1.04626
NDf                       =            2
Edm                       =  2.85675e-11
NCalls                    =          107
p0                        =      5.89093   +/-   0.00300121  
p1                        =      5.93513   +/-   0.00107855  
p2                        =      5.93564   +/-   0.000862342 
p3                        =       5.9283   +/-   0.000971845 
p4                        =      5.92238   +/-   0.00171161  
[SUCCESS] Created final fit for L1Inner_Carbon_TOF_L1QTemplate_LG_MPV_spline with chi2/ndf = 1.18838

[INFO] Starting smart spline fit for: L1Inner_Carbon_TOF_L2QTemplate_LG_MPV (7 points)
****************************************
Minimizer is Minuit2 / Migrad
Chi2                      =      98.6987
NDf                       =            5
Edm                       =  2.26576e-17
NCalls                    =           43
p0                        =       5.9537   +/-   0.000984077 
p1                        =      5.92994   +/-   0.000908636 
****************************************
Minimizer is Minuit2 / Migrad
Chi2                      =      76.8402
NDf                       =            4
Edm                       =  2.05559e-17
NCalls                    =           79
p0                        =      5.94921   +/-   0.00137564  
p1                        =      5.94331   +/-   0.000879946 
p2                        =      5.92687   +/-   0.00112172  
****************************************
Minimizer is Minuit2 / Migrad
Chi2                      =      27.9874
NDf                       =            3
Edm                       =  7.85773e-11
NCalls                    =           87
p0                        =      5.95588   +/-   0.0016801   
p1                        =      5.94297   +/-   0.000956618 
p2                        =      5.94407   +/-   0.00122467  
p3                        =      5.92233   +/-   0.00130477  
****************************************
Minimizer is Minuit2 / Migrad
Chi2                      =     0.375908
NDf                       =            2
Edm                       =  1.77996e-08
NCalls                    =          105
p0                        =      5.96262   +/-   0.00208486  
p1                        =      5.94284   +/-   0.0011061   
p2                        =      5.94772   +/-   0.00108067  
p3                        =      5.93135   +/-   0.00127664  
p4                        =       5.9245   +/-   0.0015559   
  [FIT] Found good fit candidate. Best segments so far: 4. Stopping search.
  [FIT] Finalizing with loop variable 'segments' = 4
****************************************
Minimizer is Minuit2 / Migrad
Chi2                      =     0.154825
NDf                       =            2
Edm                       =  7.41304e-10
NCalls                    =          138
p0                        =      5.97155   +/-   0.00307214  
p1                        =      5.94259   +/-   0.00112026  
p2                        =      5.94753   +/-   0.00106769  
p3                        =       5.9316   +/-   0.00130301  
p4                        =      5.92285   +/-   0.00222715  
[SUCCESS] Created final fit for L1Inner_Carbon_TOF_L2QTemplate_LG_MPV_spline with chi2/ndf = 0.187954
begin drawing Carbon L1Inner TOF LG_MPV

[INFO] Starting smart spline fit for: L1Inner_Carbon_TOF_L1QTemplate_LG_Sigma (7 points)
****************************************
Minimizer is Minuit2 / Migrad
Chi2                      =      133.321
NDf                       =            5
Edm                       =  4.08606e-20
NCalls                    =           35
p0                        =     0.214908   +/-   0.000665957 
p1                        =      0.20674   +/-   0.0007174   
****************************************
Minimizer is Minuit2 / Migrad
Chi2                      =      65.5516
NDf                       =            4
Edm                       =  3.47709e-21
NCalls                    =           57
p0                        =     0.208616   +/-   0.00101371  
p1                        =      0.21325   +/-   0.000515922 
p2                        =     0.201351   +/-   0.000971202 
****************************************
Minimizer is Minuit2 / Migrad
Chi2                      =      40.6346
NDf                       =            3
Edm                       =  7.55972e-07
NCalls                    =           85
p0                        =     0.203538   +/-   0.00144951  
p1                        =     0.215607   +/-   0.000577493 
p2                        =     0.207083   +/-   0.000802202 
p3                        =      0.20354   +/-   0.00115093  
****************************************
Minimizer is Minuit2 / Migrad
Chi2                      =       2.5599
NDf                       =            2
Edm                       =  1.07219e-06
NCalls                    =          116
p0                        =     0.194439   +/-   0.00206475  
p1                        =     0.213765   +/-   0.000612681 
p2                        =     0.211042   +/-   0.000588346 
p3                        =     0.206906   +/-   0.000959341 
p4                        =     0.200565   +/-   0.00141618  
  [FIT] Found good fit candidate. Best segments so far: 4. Stopping search.
  [FIT] Finalizing with loop variable 'segments' = 4
****************************************
Minimizer is Minuit2 / Migrad
Chi2                      =       2.1527
NDf                       =            2
Edm                       =  1.36512e-05
NCalls                    =          116
p0                        =     0.186039   +/-   0.0029609   
p1                        =     0.213901   +/-   0.000617251 
p2                        =     0.211198   +/-   0.000582216 
p3                        =     0.206827   +/-   0.000980894 
p4                        =     0.198741   +/-   0.0019741   
[SUCCESS] Created final fit for L1Inner_Carbon_TOF_L1QTemplate_LG_Sigma_spline with chi2/ndf = 1.27995

[INFO] Starting smart spline fit for: L1Inner_Carbon_TOF_L2QTemplate_LG_Sigma (7 points)
****************************************
Minimizer is Minuit2 / Migrad
Chi2                      =      68.0587
NDf                       =            5
Edm                       =  3.26202e-22
NCalls                    =           35
p0                        =     0.198468   +/-   0.000649125 
p1                        =     0.208747   +/-   0.000836704 
****************************************
Minimizer is Minuit2 / Migrad
Chi2                      =      48.3863
NDf                       =            4
Edm                       =  5.25658e-07
NCalls                    =           61
p0                        =     0.196054   +/-   0.000847106 
p1                        =     0.206052   +/-   0.000568876 
p2                        =     0.205009   +/-   0.0011876   
****************************************
Minimizer is Minuit2 / Migrad
Chi2                      =      2.54419
NDf                       =            3
Edm                       =  7.99639e-20
NCalls                    =           94
p0                        =     0.199699   +/-   0.00101491  
p1                        =     0.200944   +/-   0.000623819 
p2                        =     0.211435   +/-   0.000914925 
p3                        =     0.199944   +/-   0.00141431  
  [FIT] Found good fit candidate. Best segments so far: 3. Stopping search.
  [FIT] Finalizing with loop variable 'segments' = 3
****************************************
Minimizer is Minuit2 / Migrad
Chi2                      =      4.20882
NDf                       =            3
Edm                       =   2.8627e-19
NCalls                    =           90
p0                        =     0.200829   +/-   0.00144817  
p1                        =     0.201097   +/-   0.000587206 
p2                        =     0.211337   +/-   0.000889705 
p3                        =     0.196214   +/-   0.00185605  
[SUCCESS] Created final fit for L1Inner_Carbon_TOF_L2QTemplate_LG_Sigma_spline with chi2/ndf = 0.848062
begin drawing Carbon L1Inner TOF LG_Sigma
begin drawing Carbon L1Inner TOF LG_Chi2NDF

[INFO] Starting smart spline fit for: L1Inner_Carbon_TOF_L1QTemplate_EGE_Peak (7 points)
****************************************
Minimizer is Minuit2 / Migrad
Chi2                      =      18.3722
NDf                       =            5
Edm                       =  6.99219e-18
NCalls                    =           43
p0                        =      5.97489   +/-   0.000982158 
p1                        =       5.9743   +/-   0.000703869 
****************************************
Minimizer is Minuit2 / Migrad
Chi2                      =      16.8833
NDf                       =            4
Edm                       =  2.00781e-17
NCalls                    =           73
p0                        =      5.97352   +/-   0.00149352  
p1                        =      5.97524   +/-   0.000714968 
p2                        =      5.97355   +/-   0.000936732 
****************************************
Minimizer is Minuit2 / Migrad
Chi2                      =      14.7969
NDf                       =            3
Edm                       =  2.41476e-17
NCalls                    =          113
p0                        =      5.97162   +/-   0.00199348  
p1                        =      5.97584   +/-   0.000860143 
p2                        =      5.97416   +/-   0.00079976  
p3                        =      5.97422   +/-   0.00114759  
****************************************
Minimizer is Minuit2 / Migrad
Chi2                      =      2.60814
NDf                       =            2
Edm                       =  4.41349e-07
NCalls                    =          106
p0                        =      5.96542   +/-   0.00270167  
p1                        =      5.97631   +/-   0.00100091  
p2                        =      5.97353   +/-   0.000875941 
p3                        =      5.97518   +/-   0.000817569 
p4                        =      5.97249   +/-   0.00142041  
  [FIT] Found good fit candidate. Best segments so far: 4. Stopping search.
  [FIT] Finalizing with loop variable 'segments' = 4
****************************************
Minimizer is Minuit2 / Migrad
Chi2                      =      2.24944
NDf                       =            2
Edm                       =  8.65572e-08
NCalls                    =          112
p0                        =      5.96034   +/-   0.0039023   
p1                        =      5.97643   +/-   0.001017    
p2                        =      5.97363   +/-   0.000864258 
p3                        =      5.97516   +/-   0.000833989 
p4                        =      5.97155   +/-   0.00197131  
[SUCCESS] Created final fit for L1Inner_Carbon_TOF_L1QTemplate_EGE_Peak_spline with chi2/ndf = 1.30407

[INFO] Starting smart spline fit for: L1Inner_Carbon_TOF_L2QTemplate_EGE_Peak (7 points)
****************************************
Minimizer is Minuit2 / Migrad
Chi2                      =      67.7392
NDf                       =            5
Edm                       =  3.31607e-17
NCalls                    =           43
p0                        =      5.98842   +/-   0.000946613 
p1                        =      5.97511   +/-   0.000747378 
****************************************
Minimizer is Minuit2 / Migrad
Chi2                      =      33.2486
NDf                       =            4
Edm                       =  1.49799e-17
NCalls                    =           75
p0                        =      5.98361   +/-   0.0012522   
p1                        =       5.9847   +/-   0.000820777 
p2                        =      5.97155   +/-   0.000962999 
****************************************
Minimizer is Minuit2 / Migrad
Chi2                      =      19.0464
NDf                       =            3
Edm                       =  1.91268e-13
NCalls                    =          104
p0                        =       5.9868   +/-   0.00150825  
p1                        =      5.98357   +/-   0.00100672  
p2                        =      5.98293   +/-   0.000923557 
p3                        =      5.96916   +/-   0.00113953  
****************************************
Minimizer is Minuit2 / Migrad
Chi2                      =      1.94582
NDf                       =            2
Edm                       =  1.47761e-07
NCalls                    =          107
p0                        =      5.99119   +/-   0.00185001  
p1                        =      5.98112   +/-   0.00112938  
p2                        =        5.987   +/-   0.00102698  
p3                        =      5.97482   +/-   0.000960881 
p4                        =      5.97063   +/-   0.0013658   
  [FIT] Found good fit candidate. Best segments so far: 4. Stopping search.
  [FIT] Finalizing with loop variable 'segments' = 4
****************************************
Minimizer is Minuit2 / Migrad
Chi2                      =      1.32922
NDf                       =            2
Edm                       =  3.44111e-06
NCalls                    =          105
p0                        =      5.99622   +/-   0.0027635   
p1                        =      5.98095   +/-   0.00114385  
p2                        =      5.98693   +/-   0.00101476  
p3                        =      5.97495   +/-   0.000983162 
p4                        =      5.96975   +/-   0.00192701  
[SUCCESS] Created final fit for L1Inner_Carbon_TOF_L2QTemplate_EGE_Peak_spline with chi2/ndf = 0.972909
begin drawing Carbon L1Inner TOF EGE_Peak

[INFO] Starting smart spline fit for: L1Inner_Carbon_TOF_L1QTemplate_EGE_SigmaL (7 points)
****************************************
Minimizer is Minuit2 / Migrad
Chi2                      =      19.0532
NDf                       =            5
Edm                       =  9.11216e-21
NCalls                    =           37
p0                        =     0.221789   +/-   0.000724343 
p1                        =     0.211566   +/-   0.000517176 
****************************************
Minimizer is Minuit2 / Migrad
Chi2                      =      18.3094
NDf                       =            4
Edm                       =  2.22159e-20
NCalls                    =           61
p0                        =     0.222579   +/-   0.00116827  
p1                        =     0.215558   +/-   0.000508722 
p2                        =     0.211988   +/-   0.00071209  
****************************************
Minimizer is Minuit2 / Migrad
Chi2                      =       16.225
NDf                       =            3
Edm                       =  2.64367e-06
NCalls                    =           94
p0                        =     0.220627   +/-   0.00169394  
p1                        =     0.218599   +/-   0.000613802 
p2                        =     0.213201   +/-   0.000561796 
p3                        =     0.212715   +/-   0.000896845 
****************************************
Minimizer is Minuit2 / Migrad
Chi2                      =      0.80188
NDf                       =            2
Edm                       =  1.83408e-12
NCalls                    =          130
p0                        =     0.213169   +/-   0.00261774  
p1                        =     0.221358   +/-   0.000700077 
p2                        =     0.214287   +/-   0.000614112 
p3                        =     0.213409   +/-   0.000572555 
p4                        =     0.210921   +/-   0.00114418  
  [FIT] Found good fit candidate. Best segments so far: 4. Stopping search.
  [FIT] Finalizing with loop variable 'segments' = 4
****************************************
Minimizer is Minuit2 / Migrad
Chi2                      =     0.606889
NDf                       =            2
Edm                       =   3.9632e-06
NCalls                    =          116
p0                        =     0.208827   +/-   0.00375201  
p1                        =     0.221436   +/-   0.000703935 
p2                        =     0.214372   +/-   0.000604467 
p3                        =      0.21341   +/-   0.00058206  
p4                        =     0.210065   +/-   0.00157383  
[SUCCESS] Created final fit for L1Inner_Carbon_TOF_L1QTemplate_EGE_SigmaL_spline with chi2/ndf = 0.40094

[INFO] Starting smart spline fit for: L1Inner_Carbon_TOF_L2QTemplate_EGE_SigmaL (7 points)
****************************************
Minimizer is Minuit2 / Migrad
Chi2                      =      83.8608
NDf                       =            5
Edm                       =    1.918e-19
NCalls                    =           37
p0                        =      0.20327   +/-   0.000660971 
p1                        =     0.212065   +/-   0.000518269 
****************************************
Minimizer is Minuit2 / Migrad
Chi2                      =      13.5444
NDf                       =            4
Edm                       =  7.72773e-20
NCalls                    =           61
p0                        =     0.198376   +/-   0.000881729 
p1                        =     0.212229   +/-   0.000568974 
p2                        =     0.208546   +/-   0.000666837 
****************************************
Minimizer is Minuit2 / Migrad
Chi2                      =      8.45613
NDf                       =            3
Edm                       =  2.58878e-09
NCalls                    =           95
p0                        =     0.199818   +/-   0.00106705  
p1                        =     0.207859   +/-   0.00069316  
p2                        =     0.213366   +/-   0.0006378   
p3                        =     0.207391   +/-   0.000786562 
  [FIT] Found good fit candidate. Best segments so far: 3. Stopping search.
  [FIT] Finalizing with loop variable 'segments' = 3
****************************************
Minimizer is Minuit2 / Migrad
Chi2                      =      15.1829
NDf                       =            3
Edm                       =  5.00095e-19
NCalls                    =           92
p0                        =     0.198277   +/-   0.00151171  
p1                        =     0.207747   +/-   0.000654438 
p2                        =     0.213143   +/-   0.000607297 
p3                        =     0.205725   +/-   0.00105548  
[SUCCESS] Created final fit for L1Inner_Carbon_TOF_L2QTemplate_EGE_SigmaL_spline with chi2/ndf = 2.81871
begin drawing Carbon L1Inner TOF EGE_SigmaL

[INFO] Starting smart spline fit for: L1Inner_Carbon_TOF_L1QTemplate_EGE_SigmaR (7 points)
****************************************
Minimizer is Minuit2 / Migrad
Chi2                      =      36.2072
NDf                       =            5
Edm                       =  5.12495e-21
NCalls                    =           35
p0                        =     0.232566   +/-   0.00108285  
p1                        =     0.263622   +/-   0.000779492 
****************************************
Minimizer is Minuit2 / Migrad
Chi2                      =      3.05542
NDf                       =            4
Edm                       =  9.53778e-19
NCalls                    =           61
p0                        =     0.224372   +/-   0.00178825  
p1                        =     0.253834   +/-   0.000749344 
p2                        =     0.259439   +/-   0.00106554  
  [FIT] Found good fit candidate. Best segments so far: 2. Stopping search.
  [FIT] Finalizing with loop variable 'segments' = 2
****************************************
Minimizer is Minuit2 / Migrad
Chi2                      =      4.13396
NDf                       =            4
Edm                       =  3.61328e-19
NCalls                    =           61
p0                        =     0.213316   +/-   0.00258191  
p1                        =     0.253432   +/-   0.0006878   
p2                        =     0.260198   +/-   0.00142853  
[SUCCESS] Created final fit for L1Inner_Carbon_TOF_L1QTemplate_EGE_SigmaR_spline with chi2/ndf = 0.763855

[INFO] Starting smart spline fit for: L1Inner_Carbon_TOF_L2QTemplate_EGE_SigmaR (7 points)
****************************************
Minimizer is Minuit2 / Migrad
Chi2                      =      60.0596
NDf                       =            5
Edm                       =   2.0343e-21
NCalls                    =           37
p0                        =     0.227268   +/-   0.000963311 
p1                        =     0.257944   +/-   0.000774976 
****************************************
Minimizer is Minuit2 / Migrad
Chi2                      =      15.8179
NDf                       =            4
Edm                       =  1.00457e-19
NCalls                    =           61
p0                        =     0.232344   +/-   0.00122893  
p1                        =     0.240169   +/-   0.000868444 
p2                        =     0.262254   +/-   0.00101015  
****************************************
Minimizer is Minuit2 / Migrad
Chi2                      =      6.83734
NDf                       =            3
Edm                       =  7.85831e-10
NCalls                    =           95
p0                        =     0.234836   +/-   0.00145753  
p1                        =     0.232464   +/-   0.00110135  
p2                        =     0.250346   +/-   0.000948354 
p3                        =     0.260485   +/-   0.00119595  
  [FIT] Found good fit candidate. Best segments so far: 3. Stopping search.
  [FIT] Finalizing with loop variable 'segments' = 3
****************************************
Minimizer is Minuit2 / Migrad
Chi2                      =      8.07247
NDf                       =            3
Edm                       =  7.51722e-19
NCalls                    =           90
p0                        =     0.237097   +/-   0.00207204  
p1                        =     0.232861   +/-   0.00103679  
p2                        =     0.250196   +/-   0.000902841 
p3                        =     0.262171   +/-   0.00160632  
[SUCCESS] Created final fit for L1Inner_Carbon_TOF_L2QTemplate_EGE_SigmaR_spline with chi2/ndf = 2.27911
begin drawing Carbon L1Inner TOF EGE_SigmaR
  [SUCCESS] Wrote constant TF1 'L1Inner_Carbon_TOF_L1QTemplate_EGE_AlphaL_spline' to file.
  [SUCCESS] Wrote constant TF1 'L1Inner_Carbon_TOF_L2QTemplate_EGE_AlphaL_spline' to file.
begin drawing Carbon L1Inner TOF EGE_AlphaL

[INFO] Starting smart spline fit for: L1Inner_Carbon_TOF_L1QTemplate_EGE_AlphaR (7 points)
****************************************
Minimizer is Minuit2 / Migrad
Chi2                      =      284.068
NDf                       =            5
Edm                       =  7.43027e-23
NCalls                    =           31
p0                        =      1.39151   +/-   0.0179396   
p1                        =      1.52476   +/-   0.0139091   
****************************************
Minimizer is Minuit2 / Migrad
Chi2                      =      85.0357
NDf                       =            4
Edm                       =  2.22407e-21
NCalls                    =           53
p0                        =      1.13559   +/-   0.0255126   
p1                        =      1.64804   +/-   0.0154136   
p2                        =      1.34694   +/-   0.0187705   
****************************************
Minimizer is Minuit2 / Migrad
Chi2                      =       55.223
NDf                       =            3
Edm                       =  5.27733e-22
NCalls                    =           80
p0                        =      1.02556   +/-   0.0331277   
p1                        =      1.61573   +/-   0.0181674   
p2                        =      1.54337   +/-   0.0162664   
p3                        =      1.39233   +/-   0.0231384   
****************************************
Minimizer is Minuit2 / Migrad
Chi2                      =     0.999595
NDf                       =            2
Edm                       =  6.41156e-08
NCalls                    =          111
p0                        =     0.832228   +/-   0.042912    
p1                        =      1.46396   +/-   0.0185114   
p2                        =      1.55333   +/-   0.0193812   
p3                        =      1.50661   +/-   0.0161463   
p4                        =      1.30204   +/-   0.0287907   
  [FIT] Found good fit candidate. Best segments so far: 4. Stopping search.
  [FIT] Finalizing with loop variable 'segments' = 4
****************************************
Minimizer is Minuit2 / Migrad
Chi2                      =     0.470545
NDf                       =            2
Edm                       =  1.34702e-07
NCalls                    =          106
p0                        =     0.585858   +/-   0.0621662   
p1                        =      1.46733   +/-   0.0186666   
p2                        =      1.56006   +/-   0.0191046   
p3                        =      1.50749   +/-   0.0164544   
p4                        =      1.23315   +/-   0.0399015   
[SUCCESS] Created final fit for L1Inner_Carbon_TOF_L1QTemplate_EGE_AlphaR_spline with chi2/ndf = 0.499797

[INFO] Starting smart spline fit for: L1Inner_Carbon_TOF_L2QTemplate_EGE_AlphaR (7 points)
****************************************
Minimizer is Minuit2 / Migrad
Chi2                      =      33.9221
NDf                       =            5
Edm                       =  3.18458e-23
NCalls                    =           33
p0                        =      1.51201   +/-   0.0229998   
p1                        =      1.56068   +/-   0.0180087   
****************************************
Minimizer is Minuit2 / Migrad
Chi2                      =      25.7069
NDf                       =            4
Edm                       =   4.3355e-22
NCalls                    =           59
p0                        =      1.58511   +/-   0.0343435   
p1                        =      1.49831   +/-   0.0182354   
p2                        =      1.59905   +/-   0.0224394   
****************************************
Minimizer is Minuit2 / Migrad
Chi2                      =       4.6574
NDf                       =            3
Edm                       =  4.20578e-06
NCalls                    =           83
p0                        =      1.70893   +/-   0.0439039   
p1                        =      1.44498   +/-   0.0206204   
p2                        =       1.6067   +/-   0.0237184   
p3                        =      1.53659   +/-   0.0267935   
  [FIT] Found good fit candidate. Best segments so far: 3. Stopping search.
  [FIT] Finalizing with loop variable 'segments' = 3
****************************************
Minimizer is Minuit2 / Migrad
Chi2                      =      5.54828
NDf                       =            3
Edm                       =  1.37777e-21
NCalls                    =           80
p0                        =      1.81133   +/-   0.0626609   
p1                        =      1.45417   +/-   0.0195532   
p2                        =      1.59381   +/-   0.0222205   
p3                        =      1.51819   +/-   0.0364287   
[SUCCESS] Created final fit for L1Inner_Carbon_TOF_L2QTemplate_EGE_AlphaR_spline with chi2/ndf = 1.55247
begin drawing Carbon L1Inner TOF EGE_AlphaR
begin drawing Carbon L1Inner TOF EGE_Chi2NDF

[INFO] Starting smart spline fit for: L1Inner_Carbon_NaF_L1QTemplate_LG_Width (16 points)
****************************************
Minimizer is Minuit2 / Migrad
Chi2                      =      39.9942
NDf                       =           14
Edm                       =   3.3019e-23
NCalls                    =           31
p0                        =    0.0275872   +/-   0.00107692  
p1                        =    0.0329884   +/-   0.00100461  
****************************************
Minimizer is Minuit2 / Migrad
Chi2                      =      39.5452
NDf                       =           13
Edm                       =  5.86339e-23
NCalls                    =           59
p0                        =    0.0270393   +/-   0.00135208  
p1                        =    0.0315546   +/-   0.00097117  
p2                        =    0.0323625   +/-   0.00137174  
****************************************
Minimizer is Minuit2 / Migrad
Chi2                      =      31.9737
NDf                       =           12
Edm                       =  1.39075e-22
NCalls                    =           80
p0                        =    0.0247315   +/-   0.00159487  
p1                        =    0.0321028   +/-   0.00117389  
p2                        =    0.0298556   +/-   0.00117066  
p3                        =    0.0347064   +/-   0.00166364  
  [FIT] Found good fit candidate. Best segments so far: 2. Stopping search.
  [FIT] Finalizing with loop variable 'segments' = 2
****************************************
Minimizer is Minuit2 / Migrad
Chi2                      =      36.8491
NDf                       =           13
Edm                       =  4.29639e-23
NCalls                    =           53
p0                        =    0.0252648   +/-   0.00171269  
p1                        =     0.031763   +/-   0.000879575 
p2                        =    0.0321968   +/-   0.00171759  
[SUCCESS] Created final fit for L1Inner_Carbon_NaF_L1QTemplate_LG_Width_spline with chi2/ndf = 3.04194

[INFO] Starting smart spline fit for: L1Inner_Carbon_NaF_L2QTemplate_LG_Width (16 points)
****************************************
Minimizer is Minuit2 / Migrad
Chi2                      =      10.4277
NDf                       =           14
Edm                       =  2.96177e-23
NCalls                    =           31
p0                        =    0.0274328   +/-   0.00126088  
p1                        =    0.0366878   +/-   0.00108281  
  [FIT] Found good fit candidate. Best segments so far: 1. Stopping search.
  [FIT] Finalizing with loop variable 'segments' = 1
****************************************
Minimizer is Minuit2 / Migrad
Chi2                      =       9.3108
NDf                       =           14
Edm                       =  1.33736e-22
NCalls                    =           31
p0                        =    0.0263566   +/-   0.00143018  
p1                        =    0.0377676   +/-   0.0012476   
[SUCCESS] Created final fit for L1Inner_Carbon_NaF_L2QTemplate_LG_Width_spline with chi2/ndf = 0.744834
begin drawing Carbon L1Inner NaF LG_Width

[INFO] Starting smart spline fit for: L1Inner_Carbon_NaF_L1QTemplate_LG_MPV (16 points)
****************************************
Minimizer is Minuit2 / Migrad
Chi2                      =      42.4367
NDf                       =           14
Edm                       =  9.63722e-18
NCalls                    =           43
p0                        =      5.93138   +/-   0.00171447  
p1                        =        5.928   +/-   0.00150712  
****************************************
Minimizer is Minuit2 / Migrad
Chi2                      =      36.8306
NDf                       =           13
Edm                       =  7.37612e-14
NCalls                    =           79
p0                        =      5.93475   +/-   0.00222656  
p1                        =       5.9264   +/-   0.00151354  
p2                        =      5.93119   +/-   0.00202075  
****************************************
Minimizer is Minuit2 / Migrad
Chi2                      =      33.5541
NDf                       =           12
Edm                       =  7.49814e-18
NCalls                    =          104
p0                        =      5.93751   +/-   0.00270733  
p1                        =      5.92607   +/-   0.0018014   
p2                        =      5.92951   +/-   0.00182406  
p3                        =      5.92927   +/-   0.00246257  
  [FIT] Found good fit candidate. Best segments so far: 2. Stopping search.
  [FIT] Finalizing with loop variable 'segments' = 2
****************************************
Minimizer is Minuit2 / Migrad
Chi2                      =      33.5691
NDf                       =           13
Edm                       =  3.24138e-17
NCalls                    =           79
p0                        =      5.93809   +/-   0.00288379  
p1                        =       5.9263   +/-   0.00136943  
p2                        =      5.93301   +/-   0.00255682  
[SUCCESS] Created final fit for L1Inner_Carbon_NaF_L1QTemplate_LG_MPV_spline with chi2/ndf = 2.83312

[INFO] Starting smart spline fit for: L1Inner_Carbon_NaF_L2QTemplate_LG_MPV (16 points)
****************************************
Minimizer is Minuit2 / Migrad
Chi2                      =       26.853
NDf                       =           14
Edm                       =  4.41227e-19
NCalls                    =           43
p0                        =      5.93067   +/-   0.00198987  
p1                        =      5.91152   +/-   0.00155031  
****************************************
Minimizer is Minuit2 / Migrad
Chi2                      =      8.45389
NDf                       =           13
Edm                       =  4.90628e-18
NCalls                    =           86
p0                        =      5.93797   +/-   0.00261908  
p1                        =      5.91303   +/-   0.00158499  
p2                        =      5.91737   +/-   0.00206538  
  [FIT] Found good fit candidate. Best segments so far: 2. Stopping search.
  [FIT] Finalizing with loop variable 'segments' = 2
****************************************
Minimizer is Minuit2 / Migrad
Chi2                      =      4.54027
NDf                       =           13
Edm                       =  1.93777e-18
NCalls                    =           73
p0                        =      5.94435   +/-   0.00335387  
p1                        =      5.91388   +/-   0.0014369   
p2                        =      5.91811   +/-   0.00257746  
[SUCCESS] Created final fit for L1Inner_Carbon_NaF_L2QTemplate_LG_MPV_spline with chi2/ndf = 0.6503
begin drawing Carbon L1Inner NaF LG_MPV

[INFO] Starting smart spline fit for: L1Inner_Carbon_NaF_L1QTemplate_LG_Sigma (16 points)
****************************************
Minimizer is Minuit2 / Migrad
Chi2                      =      53.4773
NDf                       =           14
Edm                       =  9.11634e-22
NCalls                    =           35
p0                        =     0.209823   +/-   0.00124291  
p1                        =     0.212989   +/-   0.00115594  
****************************************
Minimizer is Minuit2 / Migrad
Chi2                      =       41.284
NDf                       =           13
Edm                       =  1.53564e-15
NCalls                    =           61
p0                        =     0.206568   +/-   0.00155353  
p1                        =     0.214862   +/-   0.00111966  
p2                        =     0.209205   +/-   0.00158461  
****************************************
Minimizer is Minuit2 / Migrad
Chi2                      =       37.129
NDf                       =           12
Edm                       =  3.00409e-21
NCalls                    =           88
p0                        =      0.20851   +/-   0.00182771  
p1                        =     0.211249   +/-   0.00136407  
p2                        =     0.215639   +/-   0.00133544  
p3                        =     0.206892   +/-   0.0019185   
****************************************
Minimizer is Minuit2 / Migrad
Chi2                      =      33.9207
NDf                       =           11
Edm                       =  7.33744e-06
NCalls                    =          106
p0                        =     0.209914   +/-   0.00198494  
p1                        =     0.208623   +/-   0.0015034   
p2                        =     0.217232   +/-   0.00146655  
p3                        =     0.210373   +/-   0.00154645  
p4                        =     0.209046   +/-   0.00238762  
  [FIT] Found good fit candidate. Best segments so far: 3. Stopping search.
  [FIT] Finalizing with loop variable 'segments' = 3
****************************************
Minimizer is Minuit2 / Migrad
Chi2                      =      41.1065
NDf                       =           12
Edm                       =  1.69768e-07
NCalls                    =           92
p0                        =     0.208845   +/-   0.00234224  
p1                        =     0.211118   +/-   0.00125451  
p2                        =     0.215215   +/-   0.00127751  
p3                        =     0.205402   +/-   0.00249602  
[SUCCESS] Created final fit for L1Inner_Carbon_NaF_L1QTemplate_LG_Sigma_spline with chi2/ndf = 3.09408

[INFO] Starting smart spline fit for: L1Inner_Carbon_NaF_L2QTemplate_LG_Sigma (16 points)
****************************************
Minimizer is Minuit2 / Migrad
Chi2                      =      8.34192
NDf                       =           14
Edm                       =  8.83422e-23
NCalls                    =           35
p0                        =     0.206346   +/-   0.0014554   
p1                        =     0.201025   +/-   0.00129339  
  [FIT] Found good fit candidate. Best segments so far: 1. Stopping search.
  [FIT] Finalizing with loop variable 'segments' = 1
****************************************
Minimizer is Minuit2 / Migrad
Chi2                      =      8.10092
NDf                       =           14
Edm                       =  2.42531e-21
NCalls                    =           35
p0                        =     0.206952   +/-   0.00165181  
p1                        =     0.200404   +/-   0.00148985  
[SUCCESS] Created final fit for L1Inner_Carbon_NaF_L2QTemplate_LG_Sigma_spline with chi2/ndf = 0.595851
begin drawing Carbon L1Inner NaF LG_Sigma
begin drawing Carbon L1Inner NaF LG_Chi2NDF

[INFO] Starting smart spline fit for: L1Inner_Carbon_NaF_L1QTemplate_EGE_Peak (16 points)
****************************************
Minimizer is Minuit2 / Migrad
Chi2                      =      33.3116
NDf                       =           14
Edm                       =  8.83839e-19
NCalls                    =           41
p0                        =      5.97428   +/-   0.00206073  
p1                        =      5.97414   +/-   0.00190747  
****************************************
Minimizer is Minuit2 / Migrad
Chi2                      =      28.3999
NDf                       =           13
Edm                       =  1.03606e-07
NCalls                    =           72
p0                        =      5.97773   +/-   0.00258188  
p1                        =      5.97114   +/-   0.00181084  
p2                        =      5.97808   +/-   0.00260741  
  [FIT] Found good fit candidate. Best segments so far: 1. Stopping search.
  [FIT] Finalizing with loop variable 'segments' = 1
****************************************
Minimizer is Minuit2 / Migrad
Chi2                      =       33.311
NDf                       =           14
Edm                       =  1.98949e-19
NCalls                    =           43
p0                        =      5.97431   +/-   0.00235302  
p1                        =      5.97412   +/-   0.00219741  
[SUCCESS] Created final fit for L1Inner_Carbon_NaF_L1QTemplate_EGE_Peak_spline with chi2/ndf = 2.3794

[INFO] Starting smart spline fit for: L1Inner_Carbon_NaF_L2QTemplate_EGE_Peak (16 points)
****************************************
Minimizer is Minuit2 / Migrad
Chi2                      =      25.4813
NDf                       =           14
Edm                       =  3.41489e-18
NCalls                    =           43
p0                        =      5.96733   +/-   0.00211825  
p1                        =      5.95914   +/-   0.00139424  
****************************************
Minimizer is Minuit2 / Migrad
Chi2                      =      22.4963
NDf                       =           13
Edm                       =  8.32101e-08
NCalls                    =           73
p0                        =      5.97036   +/-   0.0027499   
p1                        =      5.95888   +/-   0.00211179  
p2                        =      5.96034   +/-   0.00155686  
  [FIT] Found good fit candidate. Best segments so far: 1. Stopping search.
  [FIT] Finalizing with loop variable 'segments' = 1
****************************************
Minimizer is Minuit2 / Migrad
Chi2                      =        24.72
NDf                       =           14
Edm                       =    9.629e-19
NCalls                    =           41
p0                        =       5.9683   +/-   0.00233348  
p1                        =      5.95856   +/-   0.00150161  
[SUCCESS] Created final fit for L1Inner_Carbon_NaF_L2QTemplate_EGE_Peak_spline with chi2/ndf = 1.82009
begin drawing Carbon L1Inner NaF EGE_Peak

[INFO] Starting smart spline fit for: L1Inner_Carbon_NaF_L1QTemplate_EGE_SigmaL (16 points)
****************************************
Minimizer is Minuit2 / Migrad
Chi2                      =      38.8573
NDf                       =           14
Edm                       =  2.10871e-21
NCalls                    =           35
p0                        =     0.215451   +/-   0.00141153  
p1                        =     0.220307   +/-   0.0012975   
****************************************
Minimizer is Minuit2 / Migrad
Chi2                      =      30.9353
NDf                       =           13
Edm                       =  1.48277e-08
NCalls                    =           60
p0                        =     0.212439   +/-   0.00177134  
p1                        =     0.221267   +/-   0.00125052  
p2                        =     0.216895   +/-   0.00177576  
  [FIT] Found good fit candidate. Best segments so far: 1. Stopping search.
  [FIT] Finalizing with loop variable 'segments' = 1
****************************************
Minimizer is Minuit2 / Migrad
Chi2                      =      39.7155
NDf                       =           14
Edm                       =   2.1619e-21
NCalls                    =           35
p0                        =      0.21524   +/-   0.00161256  
p1                        =     0.220557   +/-   0.0014968   
[SUCCESS] Created final fit for L1Inner_Carbon_NaF_L1QTemplate_EGE_SigmaL_spline with chi2/ndf = 2.77552

[INFO] Starting smart spline fit for: L1Inner_Carbon_NaF_L2QTemplate_EGE_SigmaL (16 points)
****************************************
Minimizer is Minuit2 / Migrad
Chi2                      =      21.9614
NDf                       =           14
Edm                       =  1.79168e-21
NCalls                    =           35
p0                        =     0.208735   +/-   0.0015204   
p1                        =     0.209124   +/-   0.00124187  
  [FIT] Found good fit candidate. Best segments so far: 1. Stopping search.
  [FIT] Finalizing with loop variable 'segments' = 1
****************************************
Minimizer is Minuit2 / Migrad
Chi2                      =      21.9744
NDf                       =           14
Edm                       =  1.31678e-22
NCalls                    =           35
p0                        =     0.209156   +/-   0.00170595  
p1                        =     0.208812   +/-   0.00138393  
[SUCCESS] Created final fit for L1Inner_Carbon_NaF_L2QTemplate_EGE_SigmaL_spline with chi2/ndf = 1.56867
begin drawing Carbon L1Inner NaF EGE_SigmaL

[INFO] Starting smart spline fit for: L1Inner_Carbon_NaF_L1QTemplate_EGE_SigmaR (16 points)
****************************************
Minimizer is Minuit2 / Migrad
Chi2                      =      44.1231
NDf                       =           14
Edm                       =  2.64507e-22
NCalls                    =           35
p0                        =     0.253276   +/-   0.00228965  
p1                        =     0.264441   +/-   0.00217168  
****************************************
Minimizer is Minuit2 / Migrad
Chi2                      =       31.294
NDf                       =           13
Edm                       =  1.04357e-07
NCalls                    =           60
p0                        =     0.247339   +/-   0.00282655  
p1                        =     0.265619   +/-   0.00196124  
p2                        =     0.257001   +/-   0.00300505  
  [FIT] Found good fit candidate. Best segments so far: 2. Stopping search.
  [FIT] Finalizing with loop variable 'segments' = 2
****************************************
Minimizer is Minuit2 / Migrad
Chi2                      =      28.9528
NDf                       =           13
Edm                       =  3.45006e-07
NCalls                    =           61
p0                        =     0.242477   +/-   0.00360133  
p1                        =     0.265052   +/-   0.00180822  
p2                        =     0.255206   +/-   0.0036813   
[SUCCESS] Created final fit for L1Inner_Carbon_NaF_L1QTemplate_EGE_SigmaR_spline with chi2/ndf = 2.40723

[INFO] Starting smart spline fit for: L1Inner_Carbon_NaF_L2QTemplate_EGE_SigmaR (16 points)
****************************************
Minimizer is Minuit2 / Migrad
Chi2                      =      33.3922
NDf                       =           14
Edm                       =  1.15902e-21
NCalls                    =           35
p0                        =      0.25869   +/-   0.00204153  
p1                        =     0.255299   +/-   0.00162639  
****************************************
Minimizer is Minuit2 / Migrad
Chi2                      =       32.831
NDf                       =           13
Edm                       =  2.06368e-21
NCalls                    =           53
p0                        =     0.257371   +/-   0.00269632  
p1                        =     0.258113   +/-   0.00241389  
p2                        =     0.254681   +/-   0.00182327  
****************************************
Minimizer is Minuit2 / Migrad
Chi2                      =      25.7948
NDf                       =           12
Edm                       =   1.1336e-21
NCalls                    =           82
p0                        =     0.251361   +/-   0.00352857  
p1                        =     0.263421   +/-   0.00265492  
p2                        =     0.251424   +/-   0.00291537  
p3                        =      0.25613   +/-   0.0019236   
  [FIT] Found good fit candidate. Best segments so far: 2. Stopping search.
  [FIT] Finalizing with loop variable 'segments' = 2
****************************************
Minimizer is Minuit2 / Migrad
Chi2                      =      32.1124
NDf                       =           13
Edm                       =  2.25243e-21
NCalls                    =           55
p0                        =      0.25455   +/-   0.0036852   
p1                        =     0.259209   +/-   0.00216054  
p2                        =     0.254069   +/-   0.00203336  
[SUCCESS] Created final fit for L1Inner_Carbon_NaF_L2QTemplate_EGE_SigmaR_spline with chi2/ndf = 2.52546
begin drawing Carbon L1Inner NaF EGE_SigmaR
  [SUCCESS] Wrote constant TF1 'L1Inner_Carbon_NaF_L1QTemplate_EGE_AlphaL_spline' to file.
  [SUCCESS] Wrote constant TF1 'L1Inner_Carbon_NaF_L2QTemplate_EGE_AlphaL_spline' to file.
begin drawing Carbon L1Inner NaF EGE_AlphaL

[INFO] Starting smart spline fit for: L1Inner_Carbon_NaF_L1QTemplate_EGE_AlphaR (16 points)
****************************************
Minimizer is Minuit2 / Migrad
Chi2                      =      23.6727
NDf                       =           14
Edm                       =  8.95222e-23
NCalls                    =           31
p0                        =      1.42333   +/-   0.0386226   
p1                        =      1.41736   +/-   0.0337594   
  [FIT] Found good fit candidate. Best segments so far: 1. Stopping search.
  [FIT] Finalizing with loop variable 'segments' = 1
****************************************
Minimizer is Minuit2 / Migrad
Chi2                      =      23.6473
NDf                       =           14
Edm                       =  1.43653e-22
NCalls                    =           31
p0                        =      1.42721   +/-   0.0431786   
p1                        =      1.41394   +/-   0.0383346   
[SUCCESS] Created final fit for L1Inner_Carbon_NaF_L1QTemplate_EGE_AlphaR_spline with chi2/ndf = 1.69091

[INFO] Starting smart spline fit for: L1Inner_Carbon_NaF_L2QTemplate_EGE_AlphaR (16 points)
****************************************
Minimizer is Minuit2 / Migrad
Chi2                      =      64.6831
NDf                       =           14
Edm                       =  2.33008e-23
NCalls                    =           31
p0                        =      1.63793   +/-   0.0448648   
p1                        =      1.32163   +/-   0.0302048   
****************************************
Minimizer is Minuit2 / Migrad
Chi2                      =      54.7441
NDf                       =           13
Edm                       =   5.6473e-23
NCalls                    =           59
p0                        =      1.76557   +/-   0.0604339   
p1                        =      1.35056   +/-   0.0334727   
p2                        =      1.39554   +/-   0.0382354   
****************************************
Minimizer is Minuit2 / Migrad
Chi2                      =      54.8949
NDf                       =           12
Edm                       =  6.65178e-06
NCalls                    =           70
p0                        =      1.77499   +/-   0.0729383   
p1                        =      1.47334   +/-   0.0420459   
p2                        =       1.3418   +/-   0.0380965   
p3                        =      1.39488   +/-   0.0439557   
****************************************
Minimizer is Minuit2 / Migrad
Chi2                      =       54.402
NDf                       =           11
Edm                       =  2.31312e-06
NCalls                    =          100
p0                        =      1.74493   +/-   0.0795782   
p1                        =      1.56234   +/-   0.049301    
p2                        =      1.33414   +/-   0.0440421   
p3                        =       1.3786   +/-   0.042003    
p4                        =      1.38387   +/-   0.0504232   
****************************************
Minimizer is Minuit2 / Migrad
Chi2                      =      43.6912
NDf                       =           10
Edm                       =  2.44455e-07
NCalls                    =          132
p0                        =      1.59646   +/-   0.0905549   
p1                        =      1.78509   +/-   0.066015    
p2                        =      1.30526   +/-   0.0524273   
p3                        =      1.41075   +/-   0.0501802   
p4                        =      1.33149   +/-   0.0477672   
p5                        =      1.40919   +/-   0.0519979   
  [FIT] Found good fit candidate. Best segments so far: 5. Stopping search.
  [FIT] Finalizing with loop variable 'segments' = 5
****************************************
Minimizer is Minuit2 / Migrad
Chi2                      =      38.6835
NDf                       =           10
Edm                       =  2.61542e-06
NCalls                    =          134
p0                        =      1.43704   +/-   0.115118    
p1                        =      1.80954   +/-   0.061522    
p2                        =       1.2998   +/-   0.0505643   
p3                        =      1.41095   +/-   0.0489698   
p4                        =      1.33354   +/-   0.0460587   
p5                        =      1.43198   +/-   0.0658036   
[SUCCESS] Created final fit for L1Inner_Carbon_NaF_L2QTemplate_EGE_AlphaR_spline with chi2/ndf = 4.36912
begin drawing Carbon L1Inner NaF EGE_AlphaR
begin drawing Carbon L1Inner NaF EGE_Chi2NDF

[INFO] Starting smart spline fit for: L1Inner_Carbon_AGL_L1QTemplate_LG_Width (22 points)
****************************************
Minimizer is Minuit2 / Migrad
Chi2                      =      32.3855
NDf                       =           20
Edm                       =  2.28768e-22
NCalls                    =           33
p0                        =    0.0324291   +/-   0.000396248 
p1                        =    0.0345578   +/-   0.000558968 
  [FIT] Found good fit candidate. Best segments so far: 1. Stopping search.
  [FIT] Finalizing with loop variable 'segments' = 1
****************************************
Minimizer is Minuit2 / Migrad
Chi2                      =       33.685
NDf                       =           20
Edm                       =  1.11108e-21
NCalls                    =           31
p0                        =    0.0323173   +/-   0.000457952 
p1                        =    0.0346331   +/-   0.000633943 
[SUCCESS] Created final fit for L1Inner_Carbon_AGL_L1QTemplate_LG_Width_spline with chi2/ndf = 1.61927

[INFO] Starting smart spline fit for: L1Inner_Carbon_AGL_L2QTemplate_LG_Width (22 points)
****************************************
Minimizer is Minuit2 / Migrad
Chi2                      =      42.2449
NDf                       =           20
Edm                       =  2.40884e-23
NCalls                    =           31
p0                        =    0.0370515   +/-   0.000454695 
p1                        =    0.0341995   +/-   0.000643526 
****************************************
Minimizer is Minuit2 / Migrad
Chi2                      =      42.1752
NDf                       =           19
Edm                       =   9.6355e-22
NCalls                    =           59
p0                        =    0.0369717   +/-   0.000546096 
p1                        =    0.0354496   +/-   0.000514433 
p2                        =    0.0340109   +/-   0.000961628 
  [FIT] Found good fit candidate. Best segments so far: 1. Stopping search.
  [FIT] Finalizing with loop variable 'segments' = 1
****************************************
Minimizer is Minuit2 / Migrad
Chi2                      =      42.2796
NDf                       =           20
Edm                       =  8.34431e-22
NCalls                    =           31
p0                        =    0.0373253   +/-   0.000524683 
p1                        =    0.0339054   +/-   0.000729399 
[SUCCESS] Created final fit for L1Inner_Carbon_AGL_L2QTemplate_LG_Width_spline with chi2/ndf = 2.11224
begin drawing Carbon L1Inner AGL LG_Width

[INFO] Starting smart spline fit for: L1Inner_Carbon_AGL_L1QTemplate_LG_MPV (22 points)
****************************************
Minimizer is Minuit2 / Migrad
Chi2                      =      45.4512
NDf                       =           20
Edm                       =  1.09722e-18
NCalls                    =           41
p0                        =      5.93364   +/-   0.000589711 
p1                        =      5.94279   +/-   0.000796386 
****************************************
Minimizer is Minuit2 / Migrad
Chi2                      =      41.3641
NDf                       =           19
Edm                       =  2.07228e-11
NCalls                    =           74
p0                        =      5.93284   +/-   0.000710559 
p1                        =      5.94001   +/-   0.000637194 
p2                        =      5.94101   +/-   0.00118953  
  [FIT] Found good fit candidate. Best segments so far: 1. Stopping search.
  [FIT] Finalizing with loop variable 'segments' = 1
****************************************
Minimizer is Minuit2 / Migrad
Chi2                      =      43.8661
NDf                       =           20
Edm                       =  5.71394e-18
NCalls                    =           43
p0                        =      5.93269   +/-   0.000680023 
p1                        =      5.94385   +/-   0.000906219 
[SUCCESS] Created final fit for L1Inner_Carbon_AGL_L1QTemplate_LG_MPV_spline with chi2/ndf = 2.27256

[INFO] Starting smart spline fit for: L1Inner_Carbon_AGL_L2QTemplate_LG_MPV (22 points)
****************************************
Minimizer is Minuit2 / Migrad
Chi2                      =      57.0878
NDf                       =           20
Edm                       =  1.08392e-18
NCalls                    =           43
p0                        =      5.91886   +/-   0.00061822  
p1                        =      5.94463   +/-   0.000891563 
****************************************
Minimizer is Minuit2 / Migrad
Chi2                      =      56.0666
NDf                       =           19
Edm                       =  1.73675e-11
NCalls                    =           74
p0                        =      5.91927   +/-   0.00074116  
p1                        =      5.93371   +/-   0.000702779 
p2                        =      5.94564   +/-   0.00134264  
****************************************
Minimizer is Minuit2 / Migrad
Chi2                      =      42.9707
NDf                       =           18
Edm                       =  1.02821e-05
NCalls                    =          101
p0                        =      5.92072   +/-   0.000843203 
p1                        =      5.92497   +/-   0.000768292 
p2                        =      5.94104   +/-   0.000909967 
p3                        =      5.94209   +/-   0.00173211  
  [FIT] Found good fit candidate. Best segments so far: 3. Stopping search.
  [FIT] Finalizing with loop variable 'segments' = 3
****************************************
Minimizer is Minuit2 / Migrad
Chi2                      =      43.7952
NDf                       =           18
Edm                       =  2.10799e-17
NCalls                    =          102
p0                        =      5.92085   +/-   0.00105848  
p1                        =      5.92507   +/-   0.000698322 
p2                        =      5.94077   +/-   0.000878063 
p3                        =      5.94229   +/-   0.00226061  
[SUCCESS] Created final fit for L1Inner_Carbon_AGL_L2QTemplate_LG_MPV_spline with chi2/ndf = 2.38726
begin drawing Carbon L1Inner AGL LG_MPV

[INFO] Starting smart spline fit for: L1Inner_Carbon_AGL_L1QTemplate_LG_Sigma (22 points)
****************************************
Minimizer is Minuit2 / Migrad
Chi2                      =       38.797
NDf                       =           20
Edm                       =  1.15642e-21
NCalls                    =           35
p0                        =     0.210314   +/-   0.000468217 
p1                        =      0.19697   +/-   0.000662455 
****************************************
Minimizer is Minuit2 / Migrad
Chi2                      =       29.767
NDf                       =           19
Edm                       =   5.6155e-10
NCalls                    =           62
p0                        =     0.211253   +/-   0.000563054 
p1                        =     0.201241   +/-   0.000525833 
p2                        =     0.199171   +/-   0.000987499 
  [FIT] Found good fit candidate. Best segments so far: 1. Stopping search.
  [FIT] Finalizing with loop variable 'segments' = 1
****************************************
Minimizer is Minuit2 / Migrad
Chi2                      =      42.0371
NDf                       =           20
Edm                       =  8.94513e-22
NCalls                    =           35
p0                        =      0.21157   +/-   0.000541308 
p1                        =     0.195656   +/-   0.000750947 
[SUCCESS] Created final fit for L1Inner_Carbon_AGL_L1QTemplate_LG_Sigma_spline with chi2/ndf = 1.93985

[INFO] Starting smart spline fit for: L1Inner_Carbon_AGL_L2QTemplate_LG_Sigma (22 points)
****************************************
Minimizer is Minuit2 / Migrad
Chi2                      =      43.9381
NDf                       =           20
Edm                       =  4.67622e-22
NCalls                    =           35
p0                        =     0.198563   +/-   0.00054074  
p1                        =       0.1928   +/-   0.000771073 
****************************************
Minimizer is Minuit2 / Migrad
Chi2                      =      41.2572
NDf                       =           19
Edm                       =  1.50074e-10
NCalls                    =           62
p0                        =     0.199147   +/-   0.000647825 
p1                        =     0.194415   +/-   0.000613599 
p2                        =       0.1942   +/-   0.00115136  
  [FIT] Found good fit candidate. Best segments so far: 1. Stopping search.
  [FIT] Finalizing with loop variable 'segments' = 1
****************************************
Minimizer is Minuit2 / Migrad
Chi2                      =      44.3472
NDf                       =           20
Edm                       =  6.34344e-22
NCalls                    =           35
p0                        =     0.199101   +/-   0.000624094 
p1                        =     0.192232   +/-   0.000873356 
[SUCCESS] Created final fit for L1Inner_Carbon_AGL_L2QTemplate_LG_Sigma_spline with chi2/ndf = 2.19691
begin drawing Carbon L1Inner AGL LG_Sigma
begin drawing Carbon L1Inner AGL LG_Chi2NDF

[INFO] Starting smart spline fit for: L1Inner_Carbon_AGL_L1QTemplate_EGE_Peak (22 points)
****************************************
Minimizer is Minuit2 / Migrad
Chi2                      =      39.6487
NDf                       =           20
Edm                       =  3.12396e-19
NCalls                    =           43
p0                        =      5.97722   +/-   0.000771829 
p1                        =      5.98484   +/-   0.00108614  
****************************************
Minimizer is Minuit2 / Migrad
Chi2                      =      35.1252
NDf                       =           19
Edm                       =  1.94086e-12
NCalls                    =           74
p0                        =      5.97615   +/-   0.000920777 
p1                        =      5.98308   +/-   0.00086932  
p2                        =      5.98227   +/-   0.00162255  
  [FIT] Found good fit candidate. Best segments so far: 1. Stopping search.
  [FIT] Finalizing with loop variable 'segments' = 1
****************************************
Minimizer is Minuit2 / Migrad
Chi2                      =      36.6185
NDf                       =           20
Edm                       =  1.49401e-18
NCalls                    =           43
p0                        =      5.97627   +/-   0.000888996 
p1                        =      5.98596   +/-   0.00122973  
[SUCCESS] Created final fit for L1Inner_Carbon_AGL_L1QTemplate_EGE_Peak_spline with chi2/ndf = 1.98243

[INFO] Starting smart spline fit for: L1Inner_Carbon_AGL_L2QTemplate_EGE_Peak (22 points)
****************************************
Minimizer is Minuit2 / Migrad
Chi2                      =      46.3885
NDf                       =           20
Edm                       =   1.1635e-18
NCalls                    =           43
p0                        =      5.96371   +/-   0.00092813  
p1                        =       5.9855   +/-   0.00126028  
****************************************
Minimizer is Minuit2 / Migrad
Chi2                      =      46.1209
NDf                       =           19
Edm                       =   5.6595e-12
NCalls                    =           74
p0                        =      5.96339   +/-   0.00111398  
p1                        =      5.97707   +/-   0.00102728  
p2                        =      5.98479   +/-   0.00186043  
  [FIT] Found good fit candidate. Best segments so far: 1. Stopping search.
  [FIT] Finalizing with loop variable 'segments' = 1
****************************************
Minimizer is Minuit2 / Migrad
Chi2                      =      56.5517
NDf                       =           20
Edm                       =  1.10399e-17
NCalls                    =           43
p0                        =      5.96196   +/-   0.00106972  
p1                        =      5.98724   +/-   0.00143224  
[SUCCESS] Created final fit for L1Inner_Carbon_AGL_L2QTemplate_EGE_Peak_spline with chi2/ndf = 2.31943
begin drawing Carbon L1Inner AGL EGE_Peak

[INFO] Starting smart spline fit for: L1Inner_Carbon_AGL_L1QTemplate_EGE_SigmaL (22 points)
****************************************
Minimizer is Minuit2 / Migrad
Chi2                      =      34.5773
NDf                       =           20
Edm                       =  5.96551e-22
NCalls                    =           35
p0                        =      0.21644   +/-   0.000530364 
p1                        =     0.203268   +/-   0.000740084 
  [FIT] Found good fit candidate. Best segments so far: 1. Stopping search.
  [FIT] Finalizing with loop variable 'segments' = 1
****************************************
Minimizer is Minuit2 / Migrad
Chi2                      =      41.8435
NDf                       =           20
Edm                       =  7.76116e-21
NCalls                    =           35
p0                        =     0.217569   +/-   0.000611681 
p1                        =     0.202122   +/-   0.000838842 
[SUCCESS] Created final fit for L1Inner_Carbon_AGL_L1QTemplate_EGE_SigmaL_spline with chi2/ndf = 1.72887

[INFO] Starting smart spline fit for: L1Inner_Carbon_AGL_L2QTemplate_EGE_SigmaL (22 points)
****************************************
Minimizer is Minuit2 / Migrad
Chi2                      =      26.8334
NDf                       =           20
Edm                       =  2.04801e-21
NCalls                    =           35
p0                        =     0.206665   +/-   0.000615867 
p1                        =     0.198977   +/-   0.000853699 
  [FIT] Found good fit candidate. Best segments so far: 1. Stopping search.
  [FIT] Finalizing with loop variable 'segments' = 1
****************************************
Minimizer is Minuit2 / Migrad
Chi2                      =       25.706
NDf                       =           20
Edm                       =  3.13652e-21
NCalls                    =           35
p0                        =     0.207466   +/-   0.000710148 
p1                        =     0.198088   +/-   0.000969021 
[SUCCESS] Created final fit for L1Inner_Carbon_AGL_L2QTemplate_EGE_SigmaL_spline with chi2/ndf = 1.34167
begin drawing Carbon L1Inner AGL EGE_SigmaL

[INFO] Starting smart spline fit for: L1Inner_Carbon_AGL_L1QTemplate_EGE_SigmaR (22 points)
****************************************
Minimizer is Minuit2 / Migrad
Chi2                      =      50.2597
NDf                       =           20
Edm                       =  2.68634e-21
NCalls                    =           35
p0                        =     0.261953   +/-   0.000868141 
p1                        =     0.253519   +/-   0.00125161  
****************************************
Minimizer is Minuit2 / Migrad
Chi2                      =      48.7985
NDf                       =           19
Edm                       =   5.1062e-07
NCalls                    =           62
p0                        =      0.26261   +/-   0.00102449  
p1                        =     0.256071   +/-   0.000998327 
p2                        =     0.255215   +/-   0.00188032  
****************************************
Minimizer is Minuit2 / Migrad
Chi2                      =      35.5735
NDf                       =           18
Edm                       =  9.67129e-20
NCalls                    =           88
p0                        =     0.264682   +/-   0.00117063  
p1                        =     0.255647   +/-   0.00114612  
p2                        =     0.258339   +/-   0.00128067  
p3                        =     0.250771   +/-   0.0023515   
  [FIT] Found good fit candidate. Best segments so far: 3. Stopping search.
  [FIT] Finalizing with loop variable 'segments' = 3
****************************************
Minimizer is Minuit2 / Migrad
Chi2                      =      33.6511
NDf                       =           18
Edm                       =   1.4672e-19
NCalls                    =           90
p0                        =     0.266662   +/-   0.00146908  
p1                        =     0.256086   +/-   0.00102876  
p2                        =     0.257863   +/-   0.00123626  
p3                        =     0.249611   +/-   0.00302487  
[SUCCESS] Created final fit for L1Inner_Carbon_AGL_L1QTemplate_EGE_SigmaR_spline with chi2/ndf = 1.9763

[INFO] Starting smart spline fit for: L1Inner_Carbon_AGL_L2QTemplate_EGE_SigmaR (22 points)
****************************************
Minimizer is Minuit2 / Migrad
Chi2                      =      26.2262
NDf                       =           20
Edm                       =  4.79934e-21
NCalls                    =           35
p0                        =     0.256212   +/-   0.00112925  
p1                        =     0.249045   +/-   0.00144249  
  [FIT] Found good fit candidate. Best segments so far: 1. Stopping search.
  [FIT] Finalizing with loop variable 'segments' = 1
****************************************
Minimizer is Minuit2 / Migrad
Chi2                      =      27.0995
NDf                       =           20
Edm                       =   9.7285e-23
NCalls                    =           35
p0                        =     0.256783   +/-   0.00130019  
p1                        =     0.248466   +/-   0.00164625  
[SUCCESS] Created final fit for L1Inner_Carbon_AGL_L2QTemplate_EGE_SigmaR_spline with chi2/ndf = 1.31131
begin drawing Carbon L1Inner AGL EGE_SigmaR
  [SUCCESS] Wrote constant TF1 'L1Inner_Carbon_AGL_L1QTemplate_EGE_AlphaL_spline' to file.
  [SUCCESS] Wrote constant TF1 'L1Inner_Carbon_AGL_L2QTemplate_EGE_AlphaL_spline' to file.
begin drawing Carbon L1Inner AGL EGE_AlphaL

[INFO] Starting smart spline fit for: L1Inner_Carbon_AGL_L1QTemplate_EGE_AlphaR (22 points)
****************************************
Minimizer is Minuit2 / Migrad
Chi2                      =      39.6019
NDf                       =           20
Edm                       =  6.95106e-22
NCalls                    =           33
p0                        =      1.44157   +/-   0.0131541   
p1                        =      1.40053   +/-   0.0193646   
****************************************
Minimizer is Minuit2 / Migrad
Chi2                      =      37.1902
NDf                       =           19
Edm                       =  6.82397e-10
NCalls                    =           59
p0                        =      1.45567   +/-   0.0159809   
p1                        =       1.4002   +/-   0.0153185   
p2                        =      1.43495   +/-   0.0294323   
  [FIT] Found good fit candidate. Best segments so far: 1. Stopping search.
  [FIT] Finalizing with loop variable 'segments' = 1
****************************************
Minimizer is Minuit2 / Migrad
Chi2                      =      38.9441
NDf                       =           20
Edm                       =  3.31713e-23
NCalls                    =           33
p0                        =      1.44823   +/-   0.0152914   
p1                        =      1.39203   +/-   0.0219967   
[SUCCESS] Created final fit for L1Inner_Carbon_AGL_L1QTemplate_EGE_AlphaR_spline with chi2/ndf = 1.9801

[INFO] Starting smart spline fit for: L1Inner_Carbon_AGL_L2QTemplate_EGE_AlphaR (22 points)
****************************************
Minimizer is Minuit2 / Migrad
Chi2                      =      28.6506
NDf                       =           20
Edm                       =  1.33736e-21
NCalls                    =           33
p0                        =       1.3607   +/-   0.0151986   
p1                        =      1.42071   +/-   0.0210152   
  [FIT] Found good fit candidate. Best segments so far: 1. Stopping search.
  [FIT] Finalizing with loop variable 'segments' = 1
****************************************
Minimizer is Minuit2 / Migrad
Chi2                      =      28.2525
NDf                       =           20
Edm                       =   3.7098e-24
NCalls                    =           33
p0                        =      1.35357   +/-   0.0174917   
p1                        =      1.42926   +/-   0.0239199   
[SUCCESS] Created final fit for L1Inner_Carbon_AGL_L2QTemplate_EGE_AlphaR_spline with chi2/ndf = 1.43253
begin drawing Carbon L1Inner AGL EGE_AlphaR
begin drawing Carbon L1Inner AGL EGE_Chi2NDF

[INFO] Starting smart spline fit for: UnbiasedL1Inner_Carbon_TOF_L1QTemplate_LG_Width (7 points)
****************************************
Minimizer is Minuit2 / Migrad
Chi2                      =      177.766
NDf                       =            5
Edm                       =  7.50689e-22
NCalls                    =           31
p0                        =    0.0153713   +/-   0.000603832 
p1                        =    0.0352614   +/-   0.000622361 
****************************************
Minimizer is Minuit2 / Migrad
Chi2                      =      85.2978
NDf                       =            4
Edm                       =  2.83102e-23
NCalls                    =           53
p0                        =    0.0219671   +/-   0.000913836 
p1                        =     0.023564   +/-   0.000465294 
p2                        =    0.0405061   +/-   0.000827531 
****************************************
Minimizer is Minuit2 / Migrad
Chi2                      =      47.9959
NDf                       =            3
Edm                       =  3.06818e-08
NCalls                    =           88
p0                        =     0.027606   +/-   0.001299    
p1                        =    0.0184932   +/-   0.000533443 
p2                        =    0.0323982   +/-   0.000719261 
p3                        =    0.0380656   +/-   0.000977174 
****************************************
Minimizer is Minuit2 / Migrad
Chi2                      =      6.73484
NDf                       =            2
Edm                       =   8.2583e-08
NCalls                    =          109
p0                        =     0.035898   +/-   0.00181855  
p1                        =    0.0184703   +/-   0.00056457  
p2                        =    0.0256304   +/-   0.000527599 
p3                        =    0.0347689   +/-   0.000836433 
p4                        =    0.0400993   +/-   0.00120055  
  [FIT] Found good fit candidate. Best segments so far: 4. Stopping search.
  [FIT] Finalizing with loop variable 'segments' = 4
****************************************
Minimizer is Minuit2 / Migrad
Chi2                      =      4.37638
NDf                       =            2
Edm                       =  1.12136e-08
NCalls                    =          110
p0                        =    0.0439678   +/-   0.00260702  
p1                        =    0.0183148   +/-   0.000569069 
p2                        =    0.0255094   +/-   0.00052267  
p3                        =    0.0348455   +/-   0.000854466 
p4                        =    0.0414022   +/-   0.00168072  
[SUCCESS] Created final fit for UnbiasedL1Inner_Carbon_TOF_L1QTemplate_LG_Width_spline with chi2/ndf = 3.36742

[INFO] Starting smart spline fit for: UnbiasedL1Inner_Carbon_TOF_L2QTemplate_LG_Width (7 points)
****************************************
Minimizer is Minuit2 / Migrad
Chi2                      =       118.45
NDf                       =            5
Edm                       =  2.66721e-22
NCalls                    =           31
p0                        =    0.0189026   +/-   0.000576545 
p1                        =    0.0281821   +/-   0.000623431 
****************************************
Minimizer is Minuit2 / Migrad
Chi2                      =      66.4769
NDf                       =            4
Edm                       =  2.79474e-22
NCalls                    =           53
p0                        =    0.0224697   +/-   0.000759754 
p1                        =    0.0218407   +/-   0.000465494 
p2                        =    0.0335822   +/-   0.000974551 
****************************************
Minimizer is Minuit2 / Migrad
Chi2                      =      4.91107
NDf                       =            3
Edm                       =   1.8219e-22
NCalls                    =           80
p0                        =     0.018856   +/-   0.000909034 
p1                        =    0.0229724   +/-   0.000549796 
p2                        =    0.0228961   +/-   0.000562393 
p3                        =    0.0394791   +/-   0.00123277  
  [FIT] Found good fit candidate. Best segments so far: 3. Stopping search.
  [FIT] Finalizing with loop variable 'segments' = 3
****************************************
Minimizer is Minuit2 / Migrad
Chi2                      =      8.39642
NDf                       =            3
Edm                       =  1.17205e-09
NCalls                    =           88
p0                        =    0.0173091   +/-   0.00129077  
p1                        =     0.022785   +/-   0.000521416 
p2                        =    0.0229722   +/-   0.00055493  
p3                        =     0.043741   +/-   0.00159761  
[SUCCESS] Created final fit for UnbiasedL1Inner_Carbon_TOF_L2QTemplate_LG_Width_spline with chi2/ndf = 1.63702
begin drawing Carbon UnbiasedL1Inner TOF LG_Width

[INFO] Starting smart spline fit for: UnbiasedL1Inner_Carbon_TOF_L1QTemplate_LG_MPV (7 points)
****************************************
Minimizer is Minuit2 / Migrad
Chi2                      =      294.091
NDf                       =            5
Edm                       =  6.32252e-18
NCalls                    =           41
p0                        =      5.93225   +/-   0.000957445 
p1                        =      5.92971   +/-   0.000712469 
****************************************
Minimizer is Minuit2 / Migrad
Chi2                      =      96.6426
NDf                       =            4
Edm                       =  2.72456e-17
NCalls                    =           73
p0                        =      5.91911   +/-   0.00133871  
p1                        =      5.93926   +/-   0.000755898 
p2                        =      5.92252   +/-   0.000877076 
****************************************
Minimizer is Minuit2 / Migrad
Chi2                      =      38.9261
NDf                       =            3
Edm                       =  4.68978e-17
NCalls                    =          104
p0                        =      5.91154   +/-   0.00166509  
p1                        =      5.94133   +/-   0.000943345 
p2                        =      5.93026   +/-   0.000977807 
p3                        =      5.92574   +/-   0.00102966  
****************************************
Minimizer is Minuit2 / Migrad
Chi2                      =       2.9034
NDf                       =            2
Edm                       =  3.70478e-09
NCalls                    =          108
p0                        =      5.90378   +/-   0.0020787   
p1                        =      5.93533   +/-   0.00108578  
p2                        =      5.93591   +/-   0.000885339 
p3                        =      5.92851   +/-   0.000961539 
p4                        =       5.9238   +/-   0.00123833  
  [FIT] Found good fit candidate. Best segments so far: 4. Stopping search.
  [FIT] Finalizing with loop variable 'segments' = 4
****************************************
Minimizer is Minuit2 / Migrad
Chi2                      =      1.43968
NDf                       =            2
Edm                       =  1.37523e-13
NCalls                    =          107
p0                        =      5.89102   +/-   0.0030444   
p1                        =      5.93566   +/-   0.00110012  
p2                        =      5.93609   +/-   0.000878117 
p3                        =      5.92842   +/-   0.000979851 
p4                        =      5.92264   +/-   0.00175535  
[SUCCESS] Created final fit for UnbiasedL1Inner_Carbon_TOF_L1QTemplate_LG_MPV_spline with chi2/ndf = 1.4517

[INFO] Starting smart spline fit for: UnbiasedL1Inner_Carbon_TOF_L2QTemplate_LG_MPV (7 points)
****************************************
Minimizer is Minuit2 / Migrad
Chi2                      =      178.176
NDf                       =            5
Edm                       =  3.15193e-17
NCalls                    =           43
p0                        =      5.95349   +/-   0.000990326 
p1                        =      5.93322   +/-   0.000858644 
****************************************
Minimizer is Minuit2 / Migrad
Chi2                      =      132.134
NDf                       =            4
Edm                       =  2.27534e-17
NCalls                    =           73
p0                        =       5.9471   +/-   0.00136709  
p1                        =      5.94626   +/-   0.000825483 
p2                        =      5.92829   +/-   0.00112484  
****************************************
Minimizer is Minuit2 / Migrad
Chi2                      =      24.2234
NDf                       =            3
Edm                       =   7.9694e-06
NCalls                    =          101
p0                        =      5.95693   +/-   0.00168602  
p1                        =      5.94252   +/-   0.000961896 
p2                        =       5.9473   +/-   0.000973053 
p3                        =      5.92138   +/-   0.00131515  
****************************************
Minimizer is Minuit2 / Migrad
Chi2                      =      8.65299
NDf                       =            2
Edm                       =  1.77339e-07
NCalls                    =          137
p0                        =      5.96355   +/-   0.0021139   
p1                        =      5.94235   +/-   0.00110099  
p2                        =      5.94958   +/-   0.00104906  
p3                        =      5.93438   +/-   0.00113885  
p4                        =      5.92282   +/-   0.00155313  
****************************************
Minimizer is Minuit2 / Migrad
Chi2                      =       1.9434
NDf                       =            1
Edm                       =  5.26195e-18
NCalls                    =          204
p0                        =      5.96298   +/-   0.00228594  
p1                        =      5.94283   +/-   0.00126777  
p2                        =      5.94334   +/-   0.00108311  
p3                        =      5.94654   +/-   0.00103857  
p4                        =      5.93201   +/-   0.00149782  
p5                        =       5.9245   +/-   0.00169459  
  [FIT] No fit met threshold. Falling back to best chi2/ndf.
  [FIT] Finalizing with loop variable 'segments' = 5
****************************************
Minimizer is Minuit2 / Migrad
Chi2                      =      1.75389
NDf                       =            1
Edm                       =  4.38433e-17
NCalls                    =          177
p0                        =      5.97118   +/-   0.00354807  
p1                        =      5.94283   +/-   0.00126528  
p2                        =      5.94336   +/-   0.00108216  
p3                        =      5.94658   +/-   0.00103732  
p4                        =      5.93196   +/-   0.00150861  
p5                        =       5.9239   +/-   0.00261885  
[SUCCESS] Created final fit for UnbiasedL1Inner_Carbon_TOF_L2QTemplate_LG_MPV_spline with chi2/ndf = 1.9434
begin drawing Carbon UnbiasedL1Inner TOF LG_MPV

[INFO] Starting smart spline fit for: UnbiasedL1Inner_Carbon_TOF_L1QTemplate_LG_Sigma (7 points)
****************************************
Minimizer is Minuit2 / Migrad
Chi2                      =      129.286
NDf                       =            5
Edm                       =   2.4582e-20
NCalls                    =           35
p0                        =     0.214933   +/-   0.000678429 
p1                        =     0.206857   +/-   0.000729583 
****************************************
Minimizer is Minuit2 / Migrad
Chi2                      =      62.3743
NDf                       =            4
Edm                       =  3.29063e-21
NCalls                    =           55
p0                        =     0.208565   +/-   0.00103267  
p1                        =      0.21334   +/-   0.000522569 
p2                        =     0.201414   +/-   0.000987467 
****************************************
Minimizer is Minuit2 / Migrad
Chi2                      =       38.315
NDf                       =            3
Edm                       =  4.60766e-13
NCalls                    =           94
p0                        =       0.2035   +/-   0.00147178  
p1                        =     0.215658   +/-   0.000584785 
p2                        =     0.207161   +/-   0.000815944 
p3                        =     0.203625   +/-   0.00117069  
****************************************
Minimizer is Minuit2 / Migrad
Chi2                      =      3.39748
NDf                       =            2
Edm                       =  7.18421e-07
NCalls                    =          116
p0                        =     0.194677   +/-   0.00208865  
p1                        =     0.213743   +/-   0.000625714 
p2                        =     0.211183   +/-   0.000596072 
p3                        =     0.206811   +/-   0.000975539 
p4                        =     0.200874   +/-   0.00144246  
  [FIT] Found good fit candidate. Best segments so far: 4. Stopping search.
  [FIT] Finalizing with loop variable 'segments' = 4
****************************************
Minimizer is Minuit2 / Migrad
Chi2                      =      2.69361
NDf                       =            2
Edm                       =  5.62749e-14
NCalls                    =           96
p0                        =     0.186363   +/-   0.00299513  
p1                        =     0.213885   +/-   0.00063048  
p2                        =     0.211333   +/-   0.000589777 
p3                        =     0.206722   +/-   0.000997199 
p4                        =     0.199221   +/-   0.0020107   
[SUCCESS] Created final fit for UnbiasedL1Inner_Carbon_TOF_L1QTemplate_LG_Sigma_spline with chi2/ndf = 1.69874

[INFO] Starting smart spline fit for: UnbiasedL1Inner_Carbon_TOF_L2QTemplate_LG_Sigma (7 points)
****************************************
Minimizer is Minuit2 / Migrad
Chi2                      =       95.473
NDf                       =            5
Edm                       =  7.30599e-21
NCalls                    =           35
p0                        =     0.197955   +/-   0.000644631 
p1                        =       0.2112   +/-   0.000704794 
****************************************
Minimizer is Minuit2 / Migrad
Chi2                      =      72.7038
NDf                       =            4
Edm                       =  6.33371e-21
NCalls                    =           57
p0                        =      0.19537   +/-   0.000842022 
p1                        =     0.207334   +/-   0.000518566 
p2                        =     0.207023   +/-   0.00112388  
****************************************
Minimizer is Minuit2 / Migrad
Chi2                      =      2.77932
NDf                       =            3
Edm                       =  5.67602e-19
NCalls                    =           92
p0                        =     0.199708   +/-   0.00100609  
p1                        =     0.200933   +/-   0.000621969 
p2                        =     0.211585   +/-   0.000627249 
p3                        =     0.199755   +/-   0.00143187  
  [FIT] Found good fit candidate. Best segments so far: 3. Stopping search.
  [FIT] Finalizing with loop variable 'segments' = 3
****************************************
Minimizer is Minuit2 / Migrad
Chi2                      =      5.10785
NDf                       =            3
Edm                       =   3.0031e-20
NCalls                    =           96
p0                        =     0.200917   +/-   0.00143015  
p1                        =     0.201085   +/-   0.000588994 
p2                        =     0.211547   +/-   0.000619419 
p3                        =     0.195954   +/-   0.00185283  
[SUCCESS] Created final fit for UnbiasedL1Inner_Carbon_TOF_L2QTemplate_LG_Sigma_spline with chi2/ndf = 0.92644
begin drawing Carbon UnbiasedL1Inner TOF LG_Sigma
begin drawing Carbon UnbiasedL1Inner TOF LG_Chi2NDF

[INFO] Starting smart spline fit for: UnbiasedL1Inner_Carbon_TOF_L1QTemplate_EGE_Peak (7 points)
****************************************
Minimizer is Minuit2 / Migrad
Chi2                      =      18.4824
NDf                       =            5
Edm                       =   3.7241e-18
NCalls                    =           43
p0                        =      5.97523   +/-   0.000995367 
p1                        =      5.97432   +/-   0.000717271 
****************************************
Minimizer is Minuit2 / Migrad
Chi2                      =      17.0775
NDf                       =            4
Edm                       =  1.26457e-17
NCalls                    =           73
p0                        =      5.97388   +/-   0.00151467  
p1                        =      5.97539   +/-   0.000724868 
p2                        =      5.97357   +/-   0.000955764 
****************************************
Minimizer is Minuit2 / Migrad
Chi2                      =      15.5895
NDf                       =            3
Edm                       =  9.00961e-18
NCalls                    =          113
p0                        =      5.97228   +/-   0.00201994  
p1                        =      5.97592   +/-   0.000869348 
p2                        =      5.97438   +/-   0.000812167 
p3                        =       5.9741   +/-   0.00117163  
****************************************
Minimizer is Minuit2 / Migrad
Chi2                      =      3.48755
NDf                       =            2
Edm                       =  2.39409e-07
NCalls                    =          106
p0                        =        5.966   +/-   0.00273632  
p1                        =      5.97659   +/-   0.00101439  
p2                        =      5.97365   +/-   0.000889048 
p3                        =      5.97529   +/-   0.000832743 
p4                        =      5.97234   +/-   0.001451    
  [FIT] Found good fit candidate. Best segments so far: 4. Stopping search.
  [FIT] Finalizing with loop variable 'segments' = 4
****************************************
Minimizer is Minuit2 / Migrad
Chi2                      =      3.09162
NDf                       =            2
Edm                       =  7.88942e-08
NCalls                    =          112
p0                        =      5.96099   +/-   0.00395666  
p1                        =      5.97671   +/-   0.00103017  
p2                        =      5.97375   +/-   0.000877106 
p3                        =      5.97528   +/-   0.000849501 
p4                        =      5.97132   +/-   0.00201378  
[SUCCESS] Created final fit for UnbiasedL1Inner_Carbon_TOF_L1QTemplate_EGE_Peak_spline with chi2/ndf = 1.74378

[INFO] Starting smart spline fit for: UnbiasedL1Inner_Carbon_TOF_L2QTemplate_EGE_Peak (7 points)
****************************************
Minimizer is Minuit2 / Migrad
Chi2                      =      69.3441
NDf                       =            5
Edm                       =  1.72215e-17
NCalls                    =           43
p0                        =      5.98849   +/-   0.000955559 
p1                        =      5.97508   +/-   0.000758565 
****************************************
Minimizer is Minuit2 / Migrad
Chi2                      =      32.5108
NDf                       =            4
Edm                       =  5.72497e-18
NCalls                    =           75
p0                        =      5.98349   +/-   0.00126198  
p1                        =      5.98486   +/-   0.000826698 
p2                        =      5.97134   +/-   0.000977779 
****************************************
Minimizer is Minuit2 / Migrad
Chi2                      =       18.028
NDf                       =            3
Edm                       =  2.90114e-10
NCalls                    =          104
p0                        =      5.98672   +/-   0.00151856  
p1                        =      5.98366   +/-   0.00101709  
p2                        =      5.98307   +/-   0.00093585  
p3                        =      5.96889   +/-   0.00115686  
****************************************
Minimizer is Minuit2 / Migrad
Chi2                      =      1.57319
NDf                       =            2
Edm                       =  1.41327e-07
NCalls                    =          107
p0                        =      5.99105   +/-   0.00186142  
p1                        =      5.98112   +/-   0.00114331  
p2                        =      5.98713   +/-   0.0010308   
p3                        =      5.97476   +/-   0.000976815 
p4                        =      5.97037   +/-   0.00138645  
  [FIT] Found good fit candidate. Best segments so far: 4. Stopping search.
  [FIT] Finalizing with loop variable 'segments' = 4
****************************************
Minimizer is Minuit2 / Migrad
Chi2                      =      1.02707
NDf                       =            2
Edm                       =  2.12403e-06
NCalls                    =          105
p0                        =      5.99604   +/-   0.00278308  
p1                        =      5.98096   +/-   0.00115782  
p2                        =      5.98707   +/-   0.00101876  
p3                        =       5.9749   +/-   0.00099965  
p4                        =      5.96942   +/-   0.001956    
[SUCCESS] Created final fit for UnbiasedL1Inner_Carbon_TOF_L2QTemplate_EGE_Peak_spline with chi2/ndf = 0.786595
begin drawing Carbon UnbiasedL1Inner TOF EGE_Peak

[INFO] Starting smart spline fit for: UnbiasedL1Inner_Carbon_TOF_L1QTemplate_EGE_SigmaL (7 points)
****************************************
Minimizer is Minuit2 / Migrad
Chi2                      =      17.2249
NDf                       =            5
Edm                       =  2.70664e-19
NCalls                    =           37
p0                        =     0.221767   +/-   0.000733518 
p1                        =     0.211441   +/-   0.000525806 
****************************************
Minimizer is Minuit2 / Migrad
Chi2                      =      16.4979
NDf                       =            4
Edm                       =  1.34532e-21
NCalls                    =           59
p0                        =     0.222559   +/-   0.00118422  
p1                        =     0.215476   +/-   0.00051564  
p2                        =     0.211867   +/-   0.000724636 
****************************************
Minimizer is Minuit2 / Migrad
Chi2                      =      15.1492
NDf                       =            3
Edm                       =  5.73907e-21
NCalls                    =           95
p0                        =     0.220922   +/-   0.00171595  
p1                        =     0.218428   +/-   0.000620245 
p2                        =     0.213193   +/-   0.000570029 
p3                        =     0.212472   +/-   0.00091323  
****************************************
Minimizer is Minuit2 / Migrad
Chi2                      =      1.33227
NDf                       =            2
Edm                       =  1.96976e-12
NCalls                    =          128
p0                        =     0.213758   +/-   0.00265127  
p1                        =     0.221271   +/-   0.000708943 
p2                        =     0.214256   +/-   0.000622991 
p3                        =     0.213277   +/-   0.00058189  
p4                        =     0.210768   +/-   0.001166    
  [FIT] Found good fit candidate. Best segments so far: 4. Stopping search.
  [FIT] Finalizing with loop variable 'segments' = 4
****************************************
Minimizer is Minuit2 / Migrad
Chi2                      =      1.02513
NDf                       =            2
Edm                       =   4.4317e-06
NCalls                    =          116
p0                        =     0.209634   +/-   0.0038002   
p1                        =     0.221345   +/-   0.000712834 
p2                        =     0.214333   +/-   0.000613125 
p3                        =     0.213282   +/-   0.000591531 
p4                        =      0.20991   +/-   0.00160355  
[SUCCESS] Created final fit for UnbiasedL1Inner_Carbon_TOF_L1QTemplate_EGE_SigmaL_spline with chi2/ndf = 0.666137

[INFO] Starting smart spline fit for: UnbiasedL1Inner_Carbon_TOF_L2QTemplate_EGE_SigmaL (7 points)
****************************************
Minimizer is Minuit2 / Migrad
Chi2                      =      90.1663
NDf                       =            5
Edm                       =  5.38011e-21
NCalls                    =           35
p0                        =     0.203304   +/-   0.000665637 
p1                        =     0.212097   +/-   0.000525327 
****************************************
Minimizer is Minuit2 / Migrad
Chi2                      =      13.6738
NDf                       =            4
Edm                       =  6.11913e-19
NCalls                    =           63
p0                        =     0.198192   +/-   0.000885865 
p1                        =     0.212377   +/-   0.000565423 
p2                        =     0.208366   +/-   0.000676758 
****************************************
Minimizer is Minuit2 / Migrad
Chi2                      =      8.97086
NDf                       =            3
Edm                       =  5.02956e-09
NCalls                    =           96
p0                        =     0.199612   +/-   0.00107114  
p1                        =     0.207974   +/-   0.000696885 
p2                        =     0.213444   +/-   0.000643044 
p3                        =     0.207204   +/-   0.000798242 
  [FIT] Found good fit candidate. Best segments so far: 2. Stopping search.
  [FIT] Finalizing with loop variable 'segments' = 2
****************************************
Minimizer is Minuit2 / Migrad
Chi2                      =      25.4634
NDf                       =            4
Edm                       =   1.2519e-19
NCalls                    =           61
p0                        =     0.194962   +/-   0.00117841  
p1                        =     0.211671   +/-   0.000518343 
p2                        =     0.207547   +/-   0.000861784 
[SUCCESS] Created final fit for UnbiasedL1Inner_Carbon_TOF_L2QTemplate_EGE_SigmaL_spline with chi2/ndf = 3.41845
begin drawing Carbon UnbiasedL1Inner TOF EGE_SigmaL

[INFO] Starting smart spline fit for: UnbiasedL1Inner_Carbon_TOF_L1QTemplate_EGE_SigmaR (7 points)
****************************************
Minimizer is Minuit2 / Migrad
Chi2                      =      37.7978
NDf                       =            5
Edm                       =  3.79881e-19
NCalls                    =           37
p0                        =      0.23252   +/-   0.00109537  
p1                        =     0.263597   +/-   0.000794083 
****************************************
Minimizer is Minuit2 / Migrad
Chi2                      =      4.44423
NDf                       =            4
Edm                       =  7.45145e-19
NCalls                    =           57
p0                        =     0.224168   +/-   0.00181411  
p1                        =     0.253846   +/-   0.000757906 
p2                        =     0.259325   +/-   0.0010853   
  [FIT] Found good fit candidate. Best segments so far: 2. Stopping search.
  [FIT] Finalizing with loop variable 'segments' = 2
****************************************
Minimizer is Minuit2 / Migrad
Chi2                      =      5.11623
NDf                       =            4
Edm                       =  1.12191e-18
NCalls                    =           61
p0                        =     0.213017   +/-   0.00261971  
p1                        =     0.253429   +/-   0.000695665 
p2                        =     0.260063   +/-   0.00145255  
[SUCCESS] Created final fit for UnbiasedL1Inner_Carbon_TOF_L1QTemplate_EGE_SigmaR_spline with chi2/ndf = 1.11106

[INFO] Starting smart spline fit for: UnbiasedL1Inner_Carbon_TOF_L2QTemplate_EGE_SigmaR (7 points)
****************************************
Minimizer is Minuit2 / Migrad
Chi2                      =      60.3914
NDf                       =            5
Edm                       =  9.11681e-22
NCalls                    =           35
p0                        =      0.22736   +/-   0.000966506 
p1                        =     0.257785   +/-   0.000786129 
****************************************
Minimizer is Minuit2 / Migrad
Chi2                      =      15.1647
NDf                       =            4
Edm                       =  1.11152e-19
NCalls                    =           59
p0                        =     0.232469   +/-   0.00122936  
p1                        =      0.24001   +/-   0.000878133 
p2                        =     0.262195   +/-   0.00102364  
****************************************
Minimizer is Minuit2 / Migrad
Chi2                      =      6.11548
NDf                       =            3
Edm                       =  2.48019e-07
NCalls                    =           95
p0                        =     0.234956   +/-   0.00145601  
p1                        =     0.232337   +/-   0.00111309  
p2                        =     0.250233   +/-   0.000964735 
p3                        =     0.260413   +/-   0.00121111  
  [FIT] Found good fit candidate. Best segments so far: 3. Stopping search.
  [FIT] Finalizing with loop variable 'segments' = 3
****************************************
Minimizer is Minuit2 / Migrad
Chi2                      =      7.26685
NDf                       =            3
Edm                       =  1.88376e-20
NCalls                    =           86
p0                        =      0.23731   +/-   0.00207146  
p1                        =     0.232732   +/-   0.00104735  
p2                        =     0.250076   +/-   0.000918494 
p3                        =     0.262112   +/-   0.00162619  
[SUCCESS] Created final fit for UnbiasedL1Inner_Carbon_TOF_L2QTemplate_EGE_SigmaR_spline with chi2/ndf = 2.03849
begin drawing Carbon UnbiasedL1Inner TOF EGE_SigmaR
  [SUCCESS] Wrote constant TF1 'UnbiasedL1Inner_Carbon_TOF_L1QTemplate_EGE_AlphaL_spline' to file.
  [SUCCESS] Wrote constant TF1 'UnbiasedL1Inner_Carbon_TOF_L2QTemplate_EGE_AlphaL_spline' to file.
begin drawing Carbon UnbiasedL1Inner TOF EGE_AlphaL

[INFO] Starting smart spline fit for: UnbiasedL1Inner_Carbon_TOF_L1QTemplate_EGE_AlphaR (7 points)
****************************************
Minimizer is Minuit2 / Migrad
Chi2                      =      283.853
NDf                       =            5
Edm                       =  3.02109e-22
NCalls                    =           31
p0                        =      1.39159   +/-   0.0182954   
p1                        =      1.53205   +/-   0.0144359   
****************************************
Minimizer is Minuit2 / Migrad
Chi2                      =      84.0643
NDf                       =            4
Edm                       =  6.22978e-22
NCalls                    =           53
p0                        =      1.13236   +/-   0.0259054   
p1                        =      1.65795   +/-   0.0158785   
p2                        =      1.34826   +/-   0.0194289   
****************************************
Minimizer is Minuit2 / Migrad
Chi2                      =      53.6581
NDf                       =            3
Edm                       =  2.12102e-21
NCalls                    =           80
p0                        =      1.01952   +/-   0.0335752   
p1                        =      1.62589   +/-   0.0186668   
p2                        =      1.54919   +/-   0.0167598   
p3                        =       1.3952   +/-   0.02371     
****************************************
Minimizer is Minuit2 / Migrad
Chi2                      =      1.38002
NDf                       =            2
Edm                       =  2.25754e-09
NCalls                    =          112
p0                        =     0.828488   +/-   0.0433708   
p1                        =      1.46907   +/-   0.0189232   
p2                        =      1.55992   +/-   0.0201017   
p3                        =      1.51423   +/-   0.0170542   
p4                        =      1.30534   +/-   0.0292399   
  [FIT] Found good fit candidate. Best segments so far: 4. Stopping search.
  [FIT] Finalizing with loop variable 'segments' = 4
****************************************
Minimizer is Minuit2 / Migrad
Chi2                      =     0.981355
NDf                       =            2
Edm                       =  2.01106e-07
NCalls                    =          106
p0                        =     0.579603   +/-   0.0628992   
p1                        =      1.47232   +/-   0.0190782   
p2                        =      1.56686   +/-   0.019808    
p3                        =      1.51529   +/-   0.0174007   
p4                        =      1.23432   +/-   0.0406052   
[SUCCESS] Created final fit for UnbiasedL1Inner_Carbon_TOF_L1QTemplate_EGE_AlphaR_spline with chi2/ndf = 0.690012

[INFO] Starting smart spline fit for: UnbiasedL1Inner_Carbon_TOF_L2QTemplate_EGE_AlphaR (7 points)
****************************************
Minimizer is Minuit2 / Migrad
Chi2                      =      34.7855
NDf                       =            5
Edm                       =  7.88973e-22
NCalls                    =           33
p0                        =      1.51264   +/-   0.023073    
p1                        =      1.55988   +/-   0.0182104   
****************************************
Minimizer is Minuit2 / Migrad
Chi2                      =      26.8729
NDf                       =            4
Edm                       =   1.2458e-21
NCalls                    =           59
p0                        =      1.58522   +/-   0.0346129   
p1                        =      1.49813   +/-   0.0185136   
p2                        =      1.59773   +/-   0.0226421   
****************************************
Minimizer is Minuit2 / Migrad
Chi2                      =      4.85444
NDf                       =            3
Edm                       =   4.1165e-06
NCalls                    =           91
p0                        =        1.716   +/-   0.0446724   
p1                        =      1.44308   +/-   0.0208136   
p2                        =      1.60952   +/-   0.0241688   
p3                        =      1.53387   +/-   0.0269912   
  [FIT] Found good fit candidate. Best segments so far: 3. Stopping search.
  [FIT] Finalizing with loop variable 'segments' = 3
****************************************
Minimizer is Minuit2 / Migrad
Chi2                      =      5.43419
NDf                       =            3
Edm                       =  2.84876e-20
NCalls                    =           82
p0                        =      1.82497   +/-   0.0640592   
p1                        =      1.45231   +/-   0.019693    
p2                        =      1.59595   +/-   0.0226208   
p3                        =      1.51424   +/-   0.0366959   
[SUCCESS] Created final fit for UnbiasedL1Inner_Carbon_TOF_L2QTemplate_EGE_AlphaR_spline with chi2/ndf = 1.61815
begin drawing Carbon UnbiasedL1Inner TOF EGE_AlphaR
begin drawing Carbon UnbiasedL1Inner TOF EGE_Chi2NDF

[INFO] Starting smart spline fit for: UnbiasedL1Inner_Carbon_NaF_L1QTemplate_LG_Width (16 points)
****************************************
Minimizer is Minuit2 / Migrad
Chi2                      =      42.2271
NDf                       =           14
Edm                       =  1.12044e-23
NCalls                    =           31
p0                        =    0.0277317   +/-   0.00109012  
p1                        =    0.0327118   +/-   0.00102315  
****************************************
Minimizer is Minuit2 / Migrad
Chi2                      =      41.5676
NDf                       =           13
Edm                       =  1.47022e-22
NCalls                    =           53
p0                        =    0.0270524   +/-   0.00137405  
p1                        =    0.0315282   +/-   0.000970024 
p2                        =    0.0319437   +/-   0.00139335  
****************************************
Minimizer is Minuit2 / Migrad
Chi2                      =      31.5871
NDf                       =           12
Edm                       =  3.36581e-22
NCalls                    =           80
p0                        =    0.0244007   +/-   0.0016143   
p1                        =    0.0324525   +/-   0.0011637   
p2                        =    0.0292718   +/-   0.00119767  
p3                        =    0.0347009   +/-   0.00169323  
  [FIT] Found good fit candidate. Best segments so far: 3. Stopping search.
  [FIT] Finalizing with loop variable 'segments' = 3
****************************************
Minimizer is Minuit2 / Migrad
Chi2                      =       31.829
NDf                       =           12
Edm                       =  2.48346e-22
NCalls                    =           80
p0                        =    0.0222905   +/-   0.00206545  
p1                        =    0.0321025   +/-   0.00107428  
p2                        =    0.0299456   +/-   0.00114355  
p3                        =    0.0350618   +/-   0.00221654  
[SUCCESS] Created final fit for UnbiasedL1Inner_Carbon_NaF_L1QTemplate_LG_Width_spline with chi2/ndf = 2.63226

[INFO] Starting smart spline fit for: UnbiasedL1Inner_Carbon_NaF_L2QTemplate_LG_Width (16 points)
****************************************
Minimizer is Minuit2 / Migrad
Chi2                      =      11.4511
NDf                       =           14
Edm                       =   2.0674e-22
NCalls                    =           31
p0                        =    0.0274202   +/-   0.00127581  
p1                        =    0.0368889   +/-   0.00111963  
  [FIT] Found good fit candidate. Best segments so far: 1. Stopping search.
  [FIT] Finalizing with loop variable 'segments' = 1
****************************************
Minimizer is Minuit2 / Migrad
Chi2                      =      10.1985
NDf                       =           14
Edm                       =  1.42213e-22
NCalls                    =           31
p0                        =    0.0263019   +/-   0.0014487   
p1                        =    0.0380093   +/-   0.00128886  
[SUCCESS] Created final fit for UnbiasedL1Inner_Carbon_NaF_L2QTemplate_LG_Width_spline with chi2/ndf = 0.817936
begin drawing Carbon UnbiasedL1Inner NaF LG_Width

[INFO] Starting smart spline fit for: UnbiasedL1Inner_Carbon_NaF_L1QTemplate_LG_MPV (16 points)
****************************************
Minimizer is Minuit2 / Migrad
Chi2                      =      44.7128
NDf                       =           14
Edm                       =  1.36884e-19
NCalls                    =           41
p0                        =      5.93114   +/-   0.00173566  
p1                        =      5.92815   +/-   0.00154557  
****************************************
Minimizer is Minuit2 / Migrad
Chi2                      =      38.9024
NDf                       =           13
Edm                       =  7.36009e-15
NCalls                    =           79
p0                        =      5.93467   +/-   0.00226892  
p1                        =      5.92635   +/-   0.00152685  
p2                        =      5.93145   +/-   0.00206444  
****************************************
Minimizer is Minuit2 / Migrad
Chi2                      =      34.0682
NDf                       =           12
Edm                       =  1.35087e-17
NCalls                    =          104
p0                        =      5.93809   +/-   0.00275299  
p1                        =       5.9255   +/-   0.00178874  
p2                        =      5.93021   +/-   0.00188277  
p3                        =      5.92893   +/-   0.00252077  
  [FIT] Found good fit candidate. Best segments so far: 2. Stopping search.
  [FIT] Finalizing with loop variable 'segments' = 2
****************************************
Minimizer is Minuit2 / Migrad
Chi2                      =      35.3432
NDf                       =           13
Edm                       =  2.37825e-12
NCalls                    =           73
p0                        =       5.9382   +/-   0.0029433   
p1                        =      5.92621   +/-   0.00138252  
p2                        =      5.93336   +/-   0.00260887  
[SUCCESS] Created final fit for UnbiasedL1Inner_Carbon_NaF_L1QTemplate_LG_MPV_spline with chi2/ndf = 2.99249

[INFO] Starting smart spline fit for: UnbiasedL1Inner_Carbon_NaF_L2QTemplate_LG_MPV (16 points)
****************************************
Minimizer is Minuit2 / Migrad
Chi2                      =      26.5605
NDf                       =           14
Edm                       =  5.28422e-19
NCalls                    =           43
p0                        =      5.93043   +/-   0.00201121  
p1                        =      5.91097   +/-   0.00158712  
****************************************
Minimizer is Minuit2 / Migrad
Chi2                      =      9.66657
NDf                       =           13
Edm                       =  1.70823e-18
NCalls                    =           84
p0                        =       5.9375   +/-   0.0026464   
p1                        =      5.91274   +/-   0.00161394  
p2                        =      5.91677   +/-   0.00212272  
  [FIT] Found good fit candidate. Best segments so far: 2. Stopping search.
  [FIT] Finalizing with loop variable 'segments' = 2
****************************************
Minimizer is Minuit2 / Migrad
Chi2                      =      4.99757
NDf                       =           13
Edm                       =  2.17334e-18
NCalls                    =           71
p0                        =      5.94413   +/-   0.00339945  
p1                        =      5.91347   +/-   0.00146248  
p2                        =      5.91761   +/-   0.00264552  
[SUCCESS] Created final fit for UnbiasedL1Inner_Carbon_NaF_L2QTemplate_LG_MPV_spline with chi2/ndf = 0.743582
begin drawing Carbon UnbiasedL1Inner NaF LG_MPV

[INFO] Starting smart spline fit for: UnbiasedL1Inner_Carbon_NaF_L1QTemplate_LG_Sigma (16 points)
****************************************
Minimizer is Minuit2 / Migrad
Chi2                      =      54.1225
NDf                       =           14
Edm                       =  9.55467e-22
NCalls                    =           35
p0                        =     0.209576   +/-   0.00126319  
p1                        =     0.213258   +/-   0.00117841  
****************************************
Minimizer is Minuit2 / Migrad
Chi2                      =      42.6313
NDf                       =           13
Edm                       =  3.26957e-11
NCalls                    =           61
p0                        =     0.206363   +/-   0.00157915  
p1                        =     0.214869   +/-   0.00112993  
p2                        =     0.209522   +/-   0.00161352  
****************************************
Minimizer is Minuit2 / Migrad
Chi2                      =       36.154
NDf                       =           12
Edm                       =   4.1348e-21
NCalls                    =           88
p0                        =     0.208803   +/-   0.0018525   
p1                        =     0.210634   +/-   0.0013764   
p2                        =     0.216304   +/-   0.00136507  
p3                        =     0.206657   +/-   0.00195514  
****************************************
Minimizer is Minuit2 / Migrad
Chi2                      =      32.0185
NDf                       =           11
Edm                       =  3.15927e-11
NCalls                    =          117
p0                        =     0.210441   +/-   0.00201544  
p1                        =     0.207714   +/-   0.0015366   
p2                        =     0.217739   +/-   0.00148512  
p3                        =     0.210517   +/-   0.0015783   
p4                        =     0.209105   +/-   0.00242857  
  [FIT] Found good fit candidate. Best segments so far: 3. Stopping search.
  [FIT] Finalizing with loop variable 'segments' = 3
****************************************
Minimizer is Minuit2 / Migrad
Chi2                      =      40.3065
NDf                       =           12
Edm                       =  1.44424e-07
NCalls                    =           92
p0                        =     0.209398   +/-   0.00237479  
p1                        =     0.210592   +/-   0.00126885  
p2                        =     0.215795   +/-   0.00130484  
p3                        =     0.205004   +/-   0.00254052  
[SUCCESS] Created final fit for UnbiasedL1Inner_Carbon_NaF_L1QTemplate_LG_Sigma_spline with chi2/ndf = 3.01283

[INFO] Starting smart spline fit for: UnbiasedL1Inner_Carbon_NaF_L2QTemplate_LG_Sigma (16 points)
****************************************
Minimizer is Minuit2 / Migrad
Chi2                      =      8.67386
NDf                       =           14
Edm                       =  8.53402e-22
NCalls                    =           35
p0                        =     0.206043   +/-   0.00147027  
p1                        =     0.200558   +/-   0.00132959  
  [FIT] Found good fit candidate. Best segments so far: 1. Stopping search.
  [FIT] Finalizing with loop variable 'segments' = 1
****************************************
Minimizer is Minuit2 / Migrad
Chi2                      =      8.40129
NDf                       =           14
Edm                       =  3.26466e-20
NCalls                    =           39
p0                        =     0.206677   +/-   0.00167058  
p1                        =     0.199911   +/-   0.00153024  
[SUCCESS] Created final fit for UnbiasedL1Inner_Carbon_NaF_L2QTemplate_LG_Sigma_spline with chi2/ndf = 0.619561
begin drawing Carbon UnbiasedL1Inner NaF LG_Sigma
begin drawing Carbon UnbiasedL1Inner NaF LG_Chi2NDF

[INFO] Starting smart spline fit for: UnbiasedL1Inner_Carbon_NaF_L1QTemplate_EGE_Peak (16 points)
****************************************
Minimizer is Minuit2 / Migrad
Chi2                      =      27.6292
NDf                       =           14
Edm                       =  2.91589e-18
NCalls                    =           43
p0                        =      5.97405   +/-   0.00209263  
p1                        =      5.97429   +/-   0.00162233  
****************************************
Minimizer is Minuit2 / Migrad
Chi2                      =      23.6449
NDf                       =           13
Edm                       =  6.22174e-18
NCalls                    =           71
p0                        =      5.97713   +/-   0.00259971  
p1                        =      5.97169   +/-   0.00161386  
p2                        =       5.9783   +/-   0.00258427  
  [FIT] Found good fit candidate. Best segments so far: 1. Stopping search.
  [FIT] Finalizing with loop variable 'segments' = 1
****************************************
Minimizer is Minuit2 / Migrad
Chi2                      =      27.6341
NDf                       =           14
Edm                       =  5.10308e-19
NCalls                    =           43
p0                        =      5.97413   +/-   0.00239812  
p1                        =      5.97423   +/-   0.00194929  
[SUCCESS] Created final fit for UnbiasedL1Inner_Carbon_NaF_L1QTemplate_EGE_Peak_spline with chi2/ndf = 1.97352

[INFO] Starting smart spline fit for: UnbiasedL1Inner_Carbon_NaF_L2QTemplate_EGE_Peak (16 points)
****************************************
Minimizer is Minuit2 / Migrad
Chi2                      =      28.5483
NDf                       =           14
Edm                       =  3.43904e-18
NCalls                    =           43
p0                        =      5.96845   +/-   0.0023269   
p1                        =       5.9581   +/-   0.00222233  
****************************************
Minimizer is Minuit2 / Migrad
Chi2                      =      23.6533
NDf                       =           13
Edm                       =  6.54049e-13
NCalls                    =           77
p0                        =      5.97243   +/-   0.00294112  
p1                        =      5.95808   +/-   0.00217238  
p2                        =      5.96272   +/-   0.0030479   
  [FIT] Found good fit candidate. Best segments so far: 1. Stopping search.
  [FIT] Finalizing with loop variable 'segments' = 1
****************************************
Minimizer is Minuit2 / Migrad
Chi2                      =       27.146
NDf                       =           14
Edm                       =  2.84792e-18
NCalls                    =           43
p0                        =      5.97014   +/-   0.00267458  
p1                        =      5.95645   +/-   0.00256215  
[SUCCESS] Created final fit for UnbiasedL1Inner_Carbon_NaF_L2QTemplate_EGE_Peak_spline with chi2/ndf = 2.03917
begin drawing Carbon UnbiasedL1Inner NaF EGE_Peak

[INFO] Starting smart spline fit for: UnbiasedL1Inner_Carbon_NaF_L1QTemplate_EGE_SigmaL (16 points)
****************************************
Minimizer is Minuit2 / Migrad
Chi2                      =      34.0848
NDf                       =           14
Edm                       =  2.19753e-21
NCalls                    =           35
p0                        =     0.215048   +/-   0.00143225  
p1                        =     0.220891   +/-   0.00121502  
****************************************
Minimizer is Minuit2 / Migrad
Chi2                      =      25.5174
NDf                       =           13
Edm                       =  6.23021e-22
NCalls                    =           55
p0                        =     0.211939   +/-   0.00178304  
p1                        =     0.221513   +/-   0.00119631  
p2                        =     0.217073   +/-   0.00178281  
  [FIT] Found good fit candidate. Best segments so far: 1. Stopping search.
  [FIT] Finalizing with loop variable 'segments' = 1
****************************************
Minimizer is Minuit2 / Migrad
Chi2                      =      35.5297
NDf                       =           14
Edm                       =  2.62555e-22
NCalls                    =           35
p0                        =     0.214845   +/-   0.00163821  
p1                        =     0.221222   +/-   0.00142835  
[SUCCESS] Created final fit for UnbiasedL1Inner_Carbon_NaF_L1QTemplate_EGE_SigmaL_spline with chi2/ndf = 2.43463

[INFO] Starting smart spline fit for: UnbiasedL1Inner_Carbon_NaF_L2QTemplate_EGE_SigmaL (16 points)
****************************************
Minimizer is Minuit2 / Migrad
Chi2                      =      18.0071
NDf                       =           14
Edm                       =  2.88616e-22
NCalls                    =           35
p0                        =     0.208559   +/-   0.00161293  
p1                        =     0.210152   +/-   0.00150456  
  [FIT] Found good fit candidate. Best segments so far: 1. Stopping search.
  [FIT] Finalizing with loop variable 'segments' = 1
****************************************
Minimizer is Minuit2 / Migrad
Chi2                      =      18.2312
NDf                       =           14
Edm                       =  1.08605e-22
NCalls                    =           35
p0                        =     0.208744   +/-   0.00184931  
p1                        =     0.209996   +/-   0.00173591  
[SUCCESS] Created final fit for UnbiasedL1Inner_Carbon_NaF_L2QTemplate_EGE_SigmaL_spline with chi2/ndf = 1.28622
begin drawing Carbon UnbiasedL1Inner NaF EGE_SigmaL

[INFO] Starting smart spline fit for: UnbiasedL1Inner_Carbon_NaF_L1QTemplate_EGE_SigmaR (16 points)
****************************************
Minimizer is Minuit2 / Migrad
Chi2                      =      37.3422
NDf                       =           14
Edm                       =  1.87272e-21
NCalls                    =           35
p0                        =     0.253497   +/-   0.00233216  
p1                        =     0.265609   +/-   0.00151067  
****************************************
Minimizer is Minuit2 / Migrad
Chi2                      =      25.7376
NDf                       =           13
Edm                       =  3.42648e-20
NCalls                    =           57
p0                        =     0.247806   +/-   0.00286876  
p1                        =     0.265551   +/-   0.0015716   
p2                        =      0.25715   +/-   0.00290661  
  [FIT] Found good fit candidate. Best segments so far: 2. Stopping search.
  [FIT] Finalizing with loop variable 'segments' = 2
****************************************
Minimizer is Minuit2 / Migrad
Chi2                      =      24.0854
NDf                       =           13
Edm                       =  5.50881e-22
NCalls                    =           55
p0                        =     0.243001   +/-   0.00366862  
p1                        =     0.264864   +/-   0.00137839  
p2                        =      0.25545   +/-   0.00375956  
[SUCCESS] Created final fit for UnbiasedL1Inner_Carbon_NaF_L1QTemplate_EGE_SigmaR_spline with chi2/ndf = 1.97981

[INFO] Starting smart spline fit for: UnbiasedL1Inner_Carbon_NaF_L2QTemplate_EGE_SigmaR (16 points)
****************************************
Minimizer is Minuit2 / Migrad
Chi2                      =      32.1058
NDf                       =           14
Edm                       =  8.99176e-22
NCalls                    =           35
p0                        =      0.25642   +/-   0.00234281  
p1                        =     0.254081   +/-   0.00256317  
****************************************
Minimizer is Minuit2 / Migrad
Chi2                      =      29.7812
NDf                       =           13
Edm                       =  4.56109e-21
NCalls                    =           53
p0                        =     0.253621   +/-   0.00297632  
p1                        =     0.257823   +/-   0.00246604  
p2                        =      0.25037   +/-   0.00353453  
  [FIT] Found good fit candidate. Best segments so far: 1. Stopping search.
  [FIT] Finalizing with loop variable 'segments' = 1
****************************************
Minimizer is Minuit2 / Migrad
Chi2                      =      32.3806
NDf                       =           14
Edm                       =  3.94493e-21
NCalls                    =           35
p0                        =     0.255915   +/-   0.00273479  
p1                        =     0.254682   +/-   0.00294464  
[SUCCESS] Created final fit for UnbiasedL1Inner_Carbon_NaF_L2QTemplate_EGE_SigmaR_spline with chi2/ndf = 2.29327
begin drawing Carbon UnbiasedL1Inner NaF EGE_SigmaR
  [SUCCESS] Wrote constant TF1 'UnbiasedL1Inner_Carbon_NaF_L1QTemplate_EGE_AlphaL_spline' to file.
  [SUCCESS] Wrote constant TF1 'UnbiasedL1Inner_Carbon_NaF_L2QTemplate_EGE_AlphaL_spline' to file.
begin drawing Carbon UnbiasedL1Inner NaF EGE_AlphaL

[INFO] Starting smart spline fit for: UnbiasedL1Inner_Carbon_NaF_L1QTemplate_EGE_AlphaR (16 points)
****************************************
Minimizer is Minuit2 / Migrad
Chi2                      =      31.9584
NDf                       =           14
Edm                       =  4.10416e-23
NCalls                    =           31
p0                        =      1.43698   +/-   0.0406063   
p1                        =      1.44611   +/-   0.0346736   
****************************************
Minimizer is Minuit2 / Migrad
Chi2                      =      29.5856
NDf                       =           13
Edm                       =  3.85361e-22
NCalls                    =           53
p0                        =      1.38396   +/-   0.0532308   
p1                        =      1.48258   +/-   0.033493    
p2                        =      1.39725   +/-   0.046996    
  [FIT] Found good fit candidate. Best segments so far: 1. Stopping search.
  [FIT] Finalizing with loop variable 'segments' = 1
****************************************
Minimizer is Minuit2 / Migrad
Chi2                      =      31.9763
NDf                       =           14
Edm                       =  4.67661e-23
NCalls                    =           31
p0                        =      1.44445   +/-   0.0462916   
p1                        =      1.44007   +/-   0.0403147   
[SUCCESS] Created final fit for UnbiasedL1Inner_Carbon_NaF_L1QTemplate_EGE_AlphaR_spline with chi2/ndf = 2.28274

[INFO] Starting smart spline fit for: UnbiasedL1Inner_Carbon_NaF_L2QTemplate_EGE_AlphaR (16 points)
****************************************
Minimizer is Minuit2 / Migrad
Chi2                      =      15.8485
NDf                       =           14
Edm                       =  7.93876e-23
NCalls                    =           31
p0                        =      1.49402   +/-   0.0487271   
p1                        =      1.32475   +/-   0.0324676   
  [FIT] Found good fit candidate. Best segments so far: 1. Stopping search.
  [FIT] Finalizing with loop variable 'segments' = 1
****************************************
Minimizer is Minuit2 / Migrad
Chi2                      =      16.4304
NDf                       =           14
Edm                       =  3.65104e-23
NCalls                    =           31
p0                        =      1.50317   +/-   0.0543569   
p1                        =      1.31123   +/-   0.0381019   
[SUCCESS] Created final fit for UnbiasedL1Inner_Carbon_NaF_L2QTemplate_EGE_AlphaR_spline with chi2/ndf = 1.13203
begin drawing Carbon UnbiasedL1Inner NaF EGE_AlphaR
begin drawing Carbon UnbiasedL1Inner NaF EGE_Chi2NDF

[INFO] Starting smart spline fit for: UnbiasedL1Inner_Carbon_AGL_L1QTemplate_LG_Width (22 points)
****************************************
Minimizer is Minuit2 / Migrad
Chi2                      =      24.2565
NDf                       =           20
Edm                       =  2.23281e-22
NCalls                    =           33
p0                        =    0.0328396   +/-   0.000407886 
p1                        =    0.0344594   +/-   0.000568712 
  [FIT] Found good fit candidate. Best segments so far: 1. Stopping search.
  [FIT] Finalizing with loop variable 'segments' = 1
****************************************
Minimizer is Minuit2 / Migrad
Chi2                      =      24.7092
NDf                       =           20
Edm                       =  6.14503e-22
NCalls                    =           33
p0                        =    0.0327284   +/-   0.000469991 
p1                        =    0.0345625   +/-   0.000645978 
[SUCCESS] Created final fit for UnbiasedL1Inner_Carbon_AGL_L1QTemplate_LG_Width_spline with chi2/ndf = 1.21283

[INFO] Starting smart spline fit for: UnbiasedL1Inner_Carbon_AGL_L2QTemplate_LG_Width (22 points)
****************************************
Minimizer is Minuit2 / Migrad
Chi2                      =      40.5623
NDf                       =           20
Edm                       =  1.64368e-23
NCalls                    =           31
p0                        =    0.0371355   +/-   0.000464115 
p1                        =     0.034448   +/-   0.000662071 
****************************************
Minimizer is Minuit2 / Migrad
Chi2                      =      40.5056
NDf                       =           19
Edm                       =  3.75788e-10
NCalls                    =           58
p0                        =    0.0370621   +/-   0.000557159 
p1                        =    0.0356251   +/-   0.000531205 
p2                        =    0.0342742   +/-   0.000985667 
  [FIT] Found good fit candidate. Best segments so far: 1. Stopping search.
  [FIT] Finalizing with loop variable 'segments' = 1
****************************************
Minimizer is Minuit2 / Migrad
Chi2                      =      40.6574
NDf                       =           20
Edm                       =  7.29599e-22
NCalls                    =           31
p0                        =    0.0373876   +/-   0.000535376 
p1                        =    0.0341807   +/-   0.000749482 
[SUCCESS] Created final fit for UnbiasedL1Inner_Carbon_AGL_L2QTemplate_LG_Width_spline with chi2/ndf = 2.02811
begin drawing Carbon UnbiasedL1Inner AGL LG_Width

[INFO] Starting smart spline fit for: UnbiasedL1Inner_Carbon_AGL_L1QTemplate_LG_MPV (22 points)
****************************************
Minimizer is Minuit2 / Migrad
Chi2                      =      38.0073
NDf                       =           20
Edm                       =  6.06459e-18
NCalls                    =           43
p0                        =      5.93306   +/-   0.000602152 
p1                        =      5.94308   +/-   0.000811381 
****************************************
Minimizer is Minuit2 / Migrad
Chi2                      =      34.4956
NDf                       =           19
Edm                       =  7.41916e-12
NCalls                    =           74
p0                        =      5.93231   +/-   0.000723234 
p1                        =       5.9399   +/-   0.000650818 
p2                        =      5.94139   +/-   0.00121354  
  [FIT] Found good fit candidate. Best segments so far: 1. Stopping search.
  [FIT] Finalizing with loop variable 'segments' = 1
****************************************
Minimizer is Minuit2 / Migrad
Chi2                      =      38.0732
NDf                       =           20
Edm                       =  4.78266e-18
NCalls                    =           43
p0                        =      5.93209   +/-   0.000693546 
p1                        =      5.94414   +/-   0.000923425 
[SUCCESS] Created final fit for UnbiasedL1Inner_Carbon_AGL_L1QTemplate_LG_MPV_spline with chi2/ndf = 1.90036

[INFO] Starting smart spline fit for: UnbiasedL1Inner_Carbon_AGL_L2QTemplate_LG_MPV (22 points)
****************************************
Minimizer is Minuit2 / Migrad
Chi2                      =      55.7259
NDf                       =           20
Edm                       =   9.4716e-22
NCalls                    =           39
p0                        =      5.91871   +/-   0.000629563 
p1                        =      5.94455   +/-   0.000909169 
****************************************
Minimizer is Minuit2 / Migrad
Chi2                      =      54.7139
NDf                       =           19
Edm                       =  2.58843e-10
NCalls                    =           74
p0                        =      5.91913   +/-   0.000754995 
p1                        =      5.93359   +/-   0.000720279 
p2                        =      5.94558   +/-   0.00136406  
****************************************
Minimizer is Minuit2 / Migrad
Chi2                      =      41.5623
NDf                       =           18
Edm                       =  3.93149e-08
NCalls                    =           87
p0                        =      5.92061   +/-   0.000859328 
p1                        =       5.9248   +/-   0.000791146 
p2                        =        5.941   +/-   0.000931239 
p3                        =      5.94198   +/-   0.00175793  
  [FIT] Found good fit candidate. Best segments so far: 3. Stopping search.
  [FIT] Finalizing with loop variable 'segments' = 3
****************************************
Minimizer is Minuit2 / Migrad
Chi2                      =      42.3663
NDf                       =           18
Edm                       =  6.30097e-18
NCalls                    =          102
p0                        =      5.92077   +/-   0.00107909  
p1                        =      5.92489   +/-   0.000713048 
p2                        =      5.94074   +/-   0.000898429 
p3                        =      5.94215   +/-   0.00228855  
[SUCCESS] Created final fit for UnbiasedL1Inner_Carbon_AGL_L2QTemplate_LG_MPV_spline with chi2/ndf = 2.30902
begin drawing Carbon UnbiasedL1Inner AGL LG_MPV

[INFO] Starting smart spline fit for: UnbiasedL1Inner_Carbon_AGL_L1QTemplate_LG_Sigma (22 points)
****************************************
Minimizer is Minuit2 / Migrad
Chi2                      =      35.3864
NDf                       =           20
Edm                       =  1.44791e-21
NCalls                    =           35
p0                        =     0.209829   +/-   0.000477931 
p1                        =     0.196917   +/-   0.000677032 
  [FIT] Found good fit candidate. Best segments so far: 1. Stopping search.
  [FIT] Finalizing with loop variable 'segments' = 1
****************************************
Minimizer is Minuit2 / Migrad
Chi2                      =      35.7387
NDf                       =           20
Edm                       =  1.44161e-22
NCalls                    =           35
p0                        =     0.211079   +/-   0.000551802 
p1                        =     0.195574   +/-   0.00076758  
[SUCCESS] Created final fit for UnbiasedL1Inner_Carbon_AGL_L1QTemplate_LG_Sigma_spline with chi2/ndf = 1.76932

[INFO] Starting smart spline fit for: UnbiasedL1Inner_Carbon_AGL_L2QTemplate_LG_Sigma (22 points)
****************************************
Minimizer is Minuit2 / Migrad
Chi2                      =      43.8091
NDf                       =           20
Edm                       =  2.35864e-21
NCalls                    =           35
p0                        =     0.198468   +/-   0.000552271 
p1                        =     0.192557   +/-   0.000790441 
****************************************
Minimizer is Minuit2 / Migrad
Chi2                      =      41.6526
NDf                       =           19
Edm                       =  1.07294e-10
NCalls                    =           62
p0                        =     0.199003   +/-   0.000661493 
p1                        =     0.194289   +/-   0.000628876 
p2                        =     0.193845   +/-   0.00118047  
  [FIT] Found good fit candidate. Best segments so far: 1. Stopping search.
  [FIT] Finalizing with loop variable 'segments' = 1
****************************************
Minimizer is Minuit2 / Migrad
Chi2                      =      44.2297
NDf                       =           20
Edm                       =   1.6396e-21
NCalls                    =           35
p0                        =     0.199019   +/-   0.000637476 
p1                        =     0.191976   +/-   0.000894997 
[SUCCESS] Created final fit for UnbiasedL1Inner_Carbon_AGL_L2QTemplate_LG_Sigma_spline with chi2/ndf = 2.19045
begin drawing Carbon UnbiasedL1Inner AGL LG_Sigma
begin drawing Carbon UnbiasedL1Inner AGL LG_Chi2NDF

[INFO] Starting smart spline fit for: UnbiasedL1Inner_Carbon_AGL_L1QTemplate_EGE_Peak (22 points)
****************************************
Minimizer is Minuit2 / Migrad
Chi2                      =      53.3351
NDf                       =           20
Edm                       =  8.02906e-19
NCalls                    =           43
p0                        =      5.97672   +/-   0.000459139 
p1                        =      5.98352   +/-   0.000735719 
****************************************
Minimizer is Minuit2 / Migrad
Chi2                      =      44.7003
NDf                       =           19
Edm                       =  8.68733e-18
NCalls                    =           81
p0                        =      5.97588   +/-   0.000540198 
p1                        =      5.98281   +/-   0.000815142 
p2                        =      5.98022   +/-   0.00134123  
  [FIT] Found good fit candidate. Best segments so far: 1. Stopping search.
  [FIT] Finalizing with loop variable 'segments' = 1
****************************************
Minimizer is Minuit2 / Migrad
Chi2                      =      49.1622
NDf                       =           20
Edm                       =  9.31761e-19
NCalls                    =           43
p0                        =      5.97584   +/-   0.000537472 
p1                        =      5.98469   +/-   0.000856697 
[SUCCESS] Created final fit for UnbiasedL1Inner_Carbon_AGL_L1QTemplate_EGE_Peak_spline with chi2/ndf = 2.66676

[INFO] Starting smart spline fit for: UnbiasedL1Inner_Carbon_AGL_L2QTemplate_EGE_Peak (22 points)
****************************************
Minimizer is Minuit2 / Migrad
Chi2                      =       45.485
NDf                       =           20
Edm                       =  4.91259e-19
NCalls                    =           43
p0                        =      5.96374   +/-   0.00094468  
p1                        =      5.98612   +/-   0.00129175  
****************************************
Minimizer is Minuit2 / Migrad
Chi2                      =      45.3793
NDf                       =           19
Edm                       =  4.24522e-13
NCalls                    =           74
p0                        =      5.96354   +/-   0.0011337   
p1                        =      5.97732   +/-   0.00104487  
p2                        =      5.98566   +/-   0.00191819  
  [FIT] Found good fit candidate. Best segments so far: 1. Stopping search.
  [FIT] Finalizing with loop variable 'segments' = 1
****************************************
Minimizer is Minuit2 / Migrad
Chi2                      =      55.6854
NDf                       =           20
Edm                       =  8.09963e-18
NCalls                    =           43
p0                        =      5.96193   +/-   0.0010901   
p1                        =      5.98792   +/-   0.00146843  
[SUCCESS] Created final fit for UnbiasedL1Inner_Carbon_AGL_L2QTemplate_EGE_Peak_spline with chi2/ndf = 2.27425
begin drawing Carbon UnbiasedL1Inner AGL EGE_Peak

[INFO] Starting smart spline fit for: UnbiasedL1Inner_Carbon_AGL_L1QTemplate_EGE_SigmaL (22 points)
****************************************
Minimizer is Minuit2 / Migrad
Chi2                      =      39.0927
NDf                       =           20
Edm                       =  1.53949e-21
NCalls                    =           35
p0                        =     0.216407   +/-   0.000435852 
p1                        =     0.202871   +/-   0.000670612 
****************************************
Minimizer is Minuit2 / Migrad
Chi2                      =       37.095
NDf                       =           19
Edm                       =  6.91412e-20
NCalls                    =           59
p0                        =     0.216787   +/-   0.000511928 
p1                        =     0.207717   +/-   0.000585083 
p2                        =     0.204028   +/-   0.00105812  
  [FIT] Found good fit candidate. Best segments so far: 1. Stopping search.
  [FIT] Finalizing with loop variable 'segments' = 1
****************************************
Minimizer is Minuit2 / Migrad
Chi2                      =      48.7963
NDf                       =           20
Edm                       =  8.83888e-21
NCalls                    =           35
p0                        =      0.21768   +/-   0.000507615 
p1                        =     0.201516   +/-   0.000767025 
[SUCCESS] Created final fit for UnbiasedL1Inner_Carbon_AGL_L1QTemplate_EGE_SigmaL_spline with chi2/ndf = 1.95464

[INFO] Starting smart spline fit for: UnbiasedL1Inner_Carbon_AGL_L2QTemplate_EGE_SigmaL (22 points)
****************************************
Minimizer is Minuit2 / Migrad
Chi2                      =      26.1846
NDf                       =           20
Edm                       =  4.59048e-22
NCalls                    =           37
p0                        =     0.206698   +/-   0.000628115 
p1                        =     0.199157   +/-   0.000880231 
  [FIT] Found good fit candidate. Best segments so far: 1. Stopping search.
  [FIT] Finalizing with loop variable 'segments' = 1
****************************************
Minimizer is Minuit2 / Migrad
Chi2                      =      25.1548
NDf                       =           20
Edm                       =  1.53258e-21
NCalls                    =           37
p0                        =     0.207485   +/-   0.000725168 
p1                        =     0.198285   +/-   0.000998897 
[SUCCESS] Created final fit for UnbiasedL1Inner_Carbon_AGL_L2QTemplate_EGE_SigmaL_spline with chi2/ndf = 1.30923
begin drawing Carbon UnbiasedL1Inner AGL EGE_SigmaL

[INFO] Starting smart spline fit for: UnbiasedL1Inner_Carbon_AGL_L1QTemplate_EGE_SigmaR (22 points)
****************************************
Minimizer is Minuit2 / Migrad
Chi2                      =      62.5411
NDf                       =           20
Edm                       =   5.6541e-21
NCalls                    =           35
p0                        =     0.261264   +/-   0.000593068 
p1                        =     0.254448   +/-   0.000961169 
****************************************
Minimizer is Minuit2 / Migrad
Chi2                      =      60.8675
NDf                       =           19
Edm                       =   2.0433e-21
NCalls                    =           57
p0                        =     0.261721   +/-   0.0006905   
p1                        =     0.256187   +/-   0.000962996 
p2                        =      0.25621   +/-   0.00166688  
****************************************
Minimizer is Minuit2 / Migrad
Chi2                      =      42.6757
NDf                       =           18
Edm                       =  5.50875e-20
NCalls                    =           88
p0                        =     0.263647   +/-   0.000827299 
p1                        =     0.254678   +/-   0.00117042  
p2                        =     0.258189   +/-   0.00094336  
p3                        =      0.24913   +/-   0.00248438  
  [FIT] Found good fit candidate. Best segments so far: 3. Stopping search.
  [FIT] Finalizing with loop variable 'segments' = 3
****************************************
Minimizer is Minuit2 / Migrad
Chi2                      =      39.2451
NDf                       =           18
Edm                       =  4.20049e-21
NCalls                    =           86
p0                        =     0.266481   +/-   0.00124748  
p1                        =     0.255126   +/-   0.0010301   
p2                        =     0.257783   +/-   0.000897124 
p3                        =     0.247354   +/-   0.00326144  
[SUCCESS] Created final fit for UnbiasedL1Inner_Carbon_AGL_L1QTemplate_EGE_SigmaR_spline with chi2/ndf = 2.37087

[INFO] Starting smart spline fit for: UnbiasedL1Inner_Carbon_AGL_L2QTemplate_EGE_SigmaR (22 points)
****************************************
Minimizer is Minuit2 / Migrad
Chi2                      =      24.7674
NDf                       =           20
Edm                       =  8.89632e-20
NCalls                    =           37
p0                        =     0.255993   +/-   0.00114786  
p1                        =     0.248433   +/-   0.00148848  
  [FIT] Found good fit candidate. Best segments so far: 1. Stopping search.
  [FIT] Finalizing with loop variable 'segments' = 1
****************************************
Minimizer is Minuit2 / Migrad
Chi2                      =      25.6561
NDf                       =           20
Edm                       =  4.47184e-20
NCalls                    =           37
p0                        =     0.256609   +/-   0.00132486  
p1                        =      0.24781   +/-   0.00169989  
[SUCCESS] Created final fit for UnbiasedL1Inner_Carbon_AGL_L2QTemplate_EGE_SigmaR_spline with chi2/ndf = 1.23837
begin drawing Carbon UnbiasedL1Inner AGL EGE_SigmaR
  [SUCCESS] Wrote constant TF1 'UnbiasedL1Inner_Carbon_AGL_L1QTemplate_EGE_AlphaL_spline' to file.
  [SUCCESS] Wrote constant TF1 'UnbiasedL1Inner_Carbon_AGL_L2QTemplate_EGE_AlphaL_spline' to file.
begin drawing Carbon UnbiasedL1Inner AGL EGE_AlphaL

[INFO] Starting smart spline fit for: UnbiasedL1Inner_Carbon_AGL_L1QTemplate_EGE_AlphaR (22 points)
****************************************
Minimizer is Minuit2 / Migrad
Chi2                      =       44.486
NDf                       =           20
Edm                       =  4.76559e-22
NCalls                    =           33
p0                        =      1.43584   +/-   0.0126923   
p1                        =      1.40045   +/-   0.0192549   
****************************************
Minimizer is Minuit2 / Migrad
Chi2                      =      40.3057
NDf                       =           19
Edm                       =  1.76656e-08
NCalls                    =           59
p0                        =      1.45325   +/-   0.0152849   
p1                        =      1.39183   +/-   0.0155444   
p2                        =      1.44664   +/-   0.0296844   
  [FIT] Found good fit candidate. Best segments so far: 1. Stopping search.
  [FIT] Finalizing with loop variable 'segments' = 1
****************************************
Minimizer is Minuit2 / Migrad
Chi2                      =      43.5262
NDf                       =           20
Edm                       =  4.96592e-22
NCalls                    =           33
p0                        =      1.44331   +/-   0.014793    
p1                        =      1.39004   +/-   0.02193     
[SUCCESS] Created final fit for UnbiasedL1Inner_Carbon_AGL_L1QTemplate_EGE_AlphaR_spline with chi2/ndf = 2.2243

[INFO] Starting smart spline fit for: UnbiasedL1Inner_Carbon_AGL_L2QTemplate_EGE_AlphaR (22 points)
****************************************
Minimizer is Minuit2 / Migrad
Chi2                      =      24.8352
NDf                       =           20
Edm                       =  7.99366e-22
NCalls                    =           33
p0                        =       1.3567   +/-   0.0152532   
p1                        =      1.40602   +/-   0.0218238   
  [FIT] Found good fit candidate. Best segments so far: 1. Stopping search.
  [FIT] Finalizing with loop variable 'segments' = 1
****************************************
Minimizer is Minuit2 / Migrad
Chi2                      =      24.4479
NDf                       =           20
Edm                       =  2.78942e-22
NCalls                    =           33
p0                        =      1.35035   +/-   0.0175753   
p1                        =      1.41375   +/-   0.0247075   
[SUCCESS] Created final fit for UnbiasedL1Inner_Carbon_AGL_L2QTemplate_EGE_AlphaR_spline with chi2/ndf = 1.24176
begin drawing Carbon UnbiasedL1Inner AGL EGE_AlphaR
begin drawing Carbon UnbiasedL1Inner AGL EGE_Chi2NDF

[INFO] Starting smart spline fit for: L1Inner_Nitrogen_TOF_L1QTemplate_LG_Width (7 points)
****************************************
Minimizer is Minuit2 / Migrad
Chi2                      =      154.668
NDf                       =            5
Edm                       =   1.7899e-22
NCalls                    =           31
p0                        =     0.037862   +/-   0.000913506 
p1                        =    0.0356819   +/-   0.000666933 
****************************************
Minimizer is Minuit2 / Migrad
Chi2                      =      46.8608
NDf                       =            4
Edm                       =  3.12577e-22
NCalls                    =           59
p0                        =    0.0448258   +/-   0.00113328  
p1                        =    0.0262884   +/-   0.0011011   
p2                        =     0.041433   +/-   0.000866948 
****************************************
Minimizer is Minuit2 / Migrad
Chi2                      =      45.7163
NDf                       =            3
Edm                       =  2.58106e-22
NCalls                    =           80
p0                        =    0.0431166   +/-   0.0014182   
p1                        =    0.0315314   +/-   0.00141059  
p2                        =    0.0290431   +/-   0.000919207 
p3                        =    0.0424803   +/-   0.000984216 
****************************************
Minimizer is Minuit2 / Migrad
Chi2                      =      36.4126
NDf                       =            2
Edm                       =   9.3633e-06
NCalls                    =          111
p0                        =    0.0410156   +/-   0.0016657   
p1                        =    0.0387957   +/-   0.00112465  
p2                        =    0.0233933   +/-   0.00168571  
p3                        =    0.0371764   +/-   0.000921701 
p4                        =    0.0409909   +/-   0.00118327  
****************************************
Minimizer is Minuit2 / Migrad
Chi2                      =      40.6608
NDf                       =            1
Edm                       =  7.10089e-06
NCalls                    =          135
p0                        =    0.0419313   +/-   0.0017839   
p1                        =    0.0380751   +/-   0.00118583  
p2                        =    0.0308781   +/-   0.00198664  
p3                        =    0.0283574   +/-   0.00102652  
p4                        =     0.037279   +/-   0.0010443   
p5                        =     0.040887   +/-   0.00125062  
  [FIT] No fit met threshold. Falling back to best chi2/ndf.
  [FIT] Finalizing with loop variable 'segments' = 2
****************************************
Minimizer is Minuit2 / Migrad
Chi2                      =      56.2552
NDf                       =            4
Edm                       =  2.34206e-22
NCalls                    =           53
p0                        =    0.0486691   +/-   0.00151581  
p1                        =    0.0284939   +/-   0.000939946 
p2                        =    0.0439959   +/-   0.00112088  
[SUCCESS] Created final fit for L1Inner_Nitrogen_TOF_L1QTemplate_LG_Width_spline with chi2/ndf = 11.7152

[INFO] Starting smart spline fit for: L1Inner_Nitrogen_TOF_L2QTemplate_LG_Width (7 points)
****************************************
Minimizer is Minuit2 / Migrad
Chi2                      =      26.4866
NDf                       =            5
Edm                       =  7.53558e-23
NCalls                    =           31
p0                        =     0.015536   +/-   0.00126664  
p1                        =    0.0241968   +/-   0.000945863 
****************************************
Minimizer is Minuit2 / Migrad
Chi2                      =       24.967
NDf                       =            4
Edm                       =  1.79515e-07
NCalls                    =           59
p0                        =    0.0169077   +/-   0.00168621  
p1                        =     0.019493   +/-   0.00103391  
p2                        =    0.0251144   +/-   0.00120375  
****************************************
Minimizer is Minuit2 / Migrad
Chi2                      =      9.06878
NDf                       =            3
Edm                       =  3.94119e-23
NCalls                    =           80
p0                        =    0.0130065   +/-   0.00200457  
p1                        =    0.0213939   +/-   0.00129544  
p2                        =    0.0181007   +/-   0.00120281  
p3                        =    0.0281868   +/-   0.00143114  
****************************************
Minimizer is Minuit2 / Migrad
Chi2                      =      6.63064
NDf                       =            2
Edm                       =    7.492e-06
NCalls                    =           99
p0                        =      0.01547   +/-   0.00244656  
p1                        =    0.0171133   +/-   0.00156019  
p2                        =    0.0210647   +/-   0.00127199  
p3                        =    0.0202835   +/-   0.00121196  
p4                        =    0.0303244   +/-   0.00171941  
  [FIT] Found good fit candidate. Best segments so far: 3. Stopping search.
  [FIT] Finalizing with loop variable 'segments' = 3
****************************************
Minimizer is Minuit2 / Migrad
Chi2                      =      10.2815
NDf                       =            3
Edm                       =  2.39483e-22
NCalls                    =           80
p0                        =    0.0111579   +/-   0.00281287  
p1                        =    0.0206817   +/-   0.00123244  
p2                        =    0.0185736   +/-   0.00113643  
p3                        =    0.0308557   +/-   0.00193586  
[SUCCESS] Created final fit for L1Inner_Nitrogen_TOF_L2QTemplate_LG_Width_spline with chi2/ndf = 3.02293
begin drawing Nitrogen L1Inner TOF LG_Width

[INFO] Starting smart spline fit for: L1Inner_Nitrogen_TOF_L1QTemplate_LG_MPV (7 points)
****************************************
Minimizer is Minuit2 / Migrad
Chi2                      =      99.3878
NDf                       =            5
Edm                       =   7.4647e-18
NCalls                    =           41
p0                        =      6.92669   +/-   0.00128117  
p1                        =      6.91967   +/-   0.00098419  
****************************************
Minimizer is Minuit2 / Migrad
Chi2                      =      56.9479
NDf                       =            4
Edm                       =  1.74387e-18
NCalls                    =           75
p0                        =      6.92011   +/-   0.00163174  
p1                        =       6.9325   +/-   0.0016619   
p2                        =       6.9149   +/-   0.00122674  
****************************************
Minimizer is Minuit2 / Migrad
Chi2                      =      27.4138
NDf                       =            3
Edm                       =  8.36176e-19
NCalls                    =           96
p0                        =      6.92593   +/-   0.00195958  
p1                        =      6.92497   +/-   0.00182636  
p2                        =       6.9324   +/-   0.00150846  
p3                        =      6.91113   +/-   0.00140796  
****************************************
Minimizer is Minuit2 / Migrad
Chi2                      =      21.9249
NDf                       =            2
Edm                       =  9.64734e-20
NCalls                    =          103
p0                        =      6.92966   +/-   0.00235128  
p1                        =      6.92028   +/-   0.00160353  
p2                        =      6.93747   +/-   0.00265495  
p3                        =      6.92124   +/-   0.00137931  
p4                        =      6.91249   +/-   0.00167253  
****************************************
Minimizer is Minuit2 / Migrad
Chi2                      =      22.4317
NDf                       =            1
Edm                       =  1.78015e-18
NCalls                    =          181
p0                        =      6.92828   +/-   0.00251278  
p1                        =      6.92146   +/-   0.00172595  
p2                        =      6.92665   +/-   0.0023654   
p3                        =       6.9335   +/-   0.00173143  
p4                        =      6.92059   +/-   0.00155533  
p5                        =      6.91305   +/-   0.00176926  
  [FIT] No fit met threshold. Falling back to best chi2/ndf.
  [FIT] Finalizing with loop variable 'segments' = 3
****************************************
Minimizer is Minuit2 / Migrad
Chi2                      =      32.7542
NDf                       =            3
Edm                       =  1.48956e-17
NCalls                    =           98
p0                        =      6.92727   +/-   0.00283911  
p1                        =      6.92501   +/-   0.00165977  
p2                        =      6.93093   +/-   0.00140224  
p3                        =      6.90627   +/-   0.00191583  
[SUCCESS] Created final fit for L1Inner_Nitrogen_TOF_L1QTemplate_LG_MPV_spline with chi2/ndf = 9.13794

[INFO] Starting smart spline fit for: L1Inner_Nitrogen_TOF_L2QTemplate_LG_MPV (7 points)
****************************************
Minimizer is Minuit2 / Migrad
Chi2                      =      29.4123
NDf                       =            5
Edm                       =  4.24967e-20
NCalls                    =           43
p0                        =      6.97846   +/-   0.00253452  
p1                        =      6.94279   +/-   0.0017221   
****************************************
Minimizer is Minuit2 / Migrad
Chi2                      =      28.4548
NDf                       =            4
Edm                       =  1.98092e-18
NCalls                    =           75
p0                        =       6.9761   +/-   0.00349576  
p1                        =      6.95948   +/-   0.00197155  
p2                        =      6.94163   +/-   0.00209322  
****************************************
Minimizer is Minuit2 / Migrad
Chi2                      =      6.79138
NDf                       =            3
Edm                       =  9.00675e-20
NCalls                    =          102
p0                        =      6.98562   +/-   0.00414149  
p1                        =      6.95896   +/-   0.00244094  
p2                        =      6.96061   +/-   0.00242865  
p3                        =       6.9358   +/-   0.00244725  
  [FIT] Found good fit candidate. Best segments so far: 3. Stopping search.
  [FIT] Finalizing with loop variable 'segments' = 3
****************************************
Minimizer is Minuit2 / Migrad
Chi2                      =      8.70995
NDf                       =            3
Edm                       =  4.37601e-17
NCalls                    =          100
p0                        =      6.99179   +/-   0.00574889  
p1                        =      6.96038   +/-   0.00234012  
p2                        =      6.95929   +/-   0.0022752   
p3                        =      6.93003   +/-   0.00333151  
[SUCCESS] Created final fit for L1Inner_Nitrogen_TOF_L2QTemplate_LG_MPV_spline with chi2/ndf = 2.26379
begin drawing Nitrogen L1Inner TOF LG_MPV

[INFO] Starting smart spline fit for: L1Inner_Nitrogen_TOF_L1QTemplate_LG_Sigma (7 points)
****************************************
Minimizer is Minuit2 / Migrad
Chi2                      =      125.135
NDf                       =            5
Edm                       =  1.55056e-21
NCalls                    =           35
p0                        =      0.21825   +/-   0.00113278  
p1                        =      0.22453   +/-   0.000826206 
****************************************
Minimizer is Minuit2 / Migrad
Chi2                      =      67.6404
NDf                       =            4
Edm                       =  6.18196e-22
NCalls                    =           55
p0                        =      0.21188   +/-   0.00141028  
p1                        =     0.230648   +/-   0.0012962   
p2                        =     0.219176   +/-   0.00108684  
****************************************
Minimizer is Minuit2 / Migrad
Chi2                      =      38.2338
NDf                       =            3
Edm                       =  1.05191e-21
NCalls                    =           84
p0                        =     0.217634   +/-   0.00176927  
p1                        =     0.220129   +/-   0.00168882  
p2                        =     0.231468   +/-   0.00109516  
p3                        =     0.215873   +/-   0.00124315  
****************************************
Minimizer is Minuit2 / Migrad
Chi2                      =      38.2024
NDf                       =            2
Edm                       =  7.47328e-06
NCalls                    =          117
p0                        =     0.219775   +/-   0.00208977  
p1                        =     0.215141   +/-   0.00137671  
p2                        =     0.231981   +/-   0.00191263  
p3                        =     0.224078   +/-   0.00111028  
p4                        =     0.216855   +/-   0.0014976   
****************************************
Minimizer is Minuit2 / Migrad
Chi2                      =      34.4576
NDf                       =            1
Edm                       =  2.29795e-06
NCalls                    =          153
p0                        =     0.217397   +/-   0.00223368  
p1                        =     0.216774   +/-   0.00145424  
p2                        =     0.218831   +/-   0.00231144  
p3                        =     0.232459   +/-   0.00121891  
p4                        =     0.222972   +/-   0.00127449  
p5                        =     0.217756   +/-   0.0015883   
  [FIT] No fit met threshold. Falling back to best chi2/ndf.
  [FIT] Finalizing with loop variable 'segments' = 3
****************************************
Minimizer is Minuit2 / Migrad
Chi2                      =      44.0135
NDf                       =            3
Edm                       =  5.48207e-21
NCalls                    =           84
p0                        =     0.217791   +/-   0.0025777   
p1                        =     0.220577   +/-   0.00150604  
p2                        =     0.230544   +/-   0.00103557  
p3                        =     0.211815   +/-   0.00167751  
[SUCCESS] Created final fit for L1Inner_Nitrogen_TOF_L1QTemplate_LG_Sigma_spline with chi2/ndf = 12.7446

[INFO] Starting smart spline fit for: L1Inner_Nitrogen_TOF_L2QTemplate_LG_Sigma (7 points)
****************************************
Minimizer is Minuit2 / Migrad
Chi2                      =      30.1788
NDf                       =            5
Edm                       =  9.87098e-22
NCalls                    =           35
p0                        =     0.212242   +/-   0.00134321  
p1                        =     0.231049   +/-   0.00103452  
****************************************
Minimizer is Minuit2 / Migrad
Chi2                      =      24.8088
NDf                       =            4
Edm                       =  4.59015e-21
NCalls                    =           55
p0                        =     0.209546   +/-   0.00177724  
p1                        =      0.22516   +/-   0.00111707  
p2                        =     0.229109   +/-   0.00133103  
****************************************
Minimizer is Minuit2 / Migrad
Chi2                      =      14.4907
NDf                       =            3
Edm                       =  1.92425e-21
NCalls                    =           95
p0                        =     0.212668   +/-   0.00211702  
p1                        =     0.217654   +/-   0.00139392  
p2                        =     0.230795   +/-   0.00128729  
p3                        =     0.226322   +/-   0.00158768  
****************************************
Minimizer is Minuit2 / Migrad
Chi2                      =      7.21844
NDf                       =            2
Edm                       =  2.59057e-07
NCalls                    =          117
p0                        =     0.208736   +/-   0.00258566  
p1                        =     0.216432   +/-   0.00164362  
p2                        =     0.222692   +/-   0.00137881  
p3                        =     0.232671   +/-   0.00131371  
p4                        =     0.223422   +/-   0.00191296  
  [FIT] Found good fit candidate. Best segments so far: 4. Stopping search.
  [FIT] Finalizing with loop variable 'segments' = 4
****************************************
Minimizer is Minuit2 / Migrad
Chi2                      =      7.85004
NDf                       =            2
Edm                       =  1.28385e-05
NCalls                    =          116
p0                        =     0.205694   +/-   0.00387824  
p1                        =     0.216484   +/-   0.00166755  
p2                        =     0.222825   +/-   0.00136361  
p3                        =     0.232764   +/-   0.0013426   
p4                        =     0.219896   +/-   0.0026931   
[SUCCESS] Created final fit for L1Inner_Nitrogen_TOF_L2QTemplate_LG_Sigma_spline with chi2/ndf = 3.60922
begin drawing Nitrogen L1Inner TOF LG_Sigma
begin drawing Nitrogen L1Inner TOF LG_Chi2NDF

[INFO] Starting smart spline fit for: L1Inner_Nitrogen_TOF_L1QTemplate_EGE_Peak (7 points)
****************************************
Minimizer is Minuit2 / Migrad
Chi2                      =      110.324
NDf                       =            5
Edm                       =  2.95182e-17
NCalls                    =           43
p0                        =      7.00121   +/-   0.00199723  
p1                        =      6.97335   +/-   0.00143966  
****************************************
Minimizer is Minuit2 / Migrad
Chi2                      =      41.5055
NDf                       =            4
Edm                       =   8.1905e-18
NCalls                    =           71
p0                        =      6.98654   +/-   0.00266823  
p1                        =      6.99643   +/-   0.001657    
p2                        =      6.96365   +/-   0.00185448  
****************************************
Minimizer is Minuit2 / Migrad
Chi2                      =      42.0201
NDf                       =            3
Edm                       =  1.96549e-17
NCalls                    =          121
p0                        =      6.98948   +/-   0.0032588   
p1                        =      6.99603   +/-   0.00210758  
p2                        =      6.98822   +/-   0.0017917   
p3                        =      6.96155   +/-   0.00219743  
****************************************
Minimizer is Minuit2 / Migrad
Chi2                      =      9.32858
NDf                       =            2
Edm                       =  3.89769e-08
NCalls                    =          107
p0                        =      7.00239   +/-   0.00402465  
p1                        =       6.9847   +/-   0.00233851  
p2                        =      7.00272   +/-   0.00205989  
p3                        =      6.96928   +/-   0.00182108  
p4                        =      6.96697   +/-   0.00263956  
****************************************
Minimizer is Minuit2 / Migrad
Chi2                      =     0.477732
NDf                       =            1
Edm                       =  1.32496e-18
NCalls                    =          204
p0                        =      7.00748   +/-   0.00435617  
p1                        =      6.98079   +/-   0.00267888  
p2                        =      7.00029   +/-   0.00240988  
p3                        =      6.98559   +/-   0.00200025  
p4                        =      6.97095   +/-   0.00217288  
p5                        =      6.96565   +/-   0.00283179  
  [FIT] No fit met threshold. Falling back to best chi2/ndf.
  [FIT] Finalizing with loop variable 'segments' = 5
****************************************
Minimizer is Minuit2 / Migrad
Chi2                      =     0.380384
NDf                       =            1
Edm                       =    1.143e-18
NCalls                    =          173
p0                        =      7.02283   +/-   0.00687912  
p1                        =       6.9808   +/-   0.00267439  
p2                        =      7.00038   +/-   0.00240834  
p3                        =      6.98567   +/-   0.00199948  
p4                        =       6.9709   +/-   0.00218446  
p5                        =      6.96549   +/-   0.0042724   
[SUCCESS] Created final fit for L1Inner_Nitrogen_TOF_L1QTemplate_EGE_Peak_spline with chi2/ndf = 0.477732

[INFO] Starting smart spline fit for: L1Inner_Nitrogen_TOF_L2QTemplate_EGE_Peak (7 points)
****************************************
Minimizer is Minuit2 / Migrad
Chi2                      =      43.9481
NDf                       =            5
Edm                       =  1.02418e-17
NCalls                    =           43
p0                        =      7.00899   +/-   0.00110077  
p1                        =      6.98596   +/-   0.0016127   
****************************************
Minimizer is Minuit2 / Migrad
Chi2                      =      25.1338
NDf                       =            4
Edm                       =  8.47441e-18
NCalls                    =           71
p0                        =      7.00237   +/-   0.0018815   
p1                        =      7.00237   +/-   0.00175705  
p2                        =      6.97993   +/-   0.002129    
****************************************
Minimizer is Minuit2 / Migrad
Chi2                      =      7.39055
NDf                       =            3
Edm                       =  2.04883e-17
NCalls                    =          105
p0                        =      7.01207   +/-   0.00301237  
p1                        =      7.00072   +/-   0.00172867  
p2                        =      7.00064   +/-   0.0019685   
p3                        =       6.9742   +/-   0.0025299   
  [FIT] Found good fit candidate. Best segments so far: 3. Stopping search.
  [FIT] Finalizing with loop variable 'segments' = 3
****************************************
Minimizer is Minuit2 / Migrad
Chi2                      =       10.556
NDf                       =            3
Edm                       =  1.77801e-17
NCalls                    =          104
p0                        =      7.01565   +/-   0.00460246  
p1                        =      7.00132   +/-   0.00146035  
p2                        =      6.99946   +/-   0.00186914  
p3                        =      6.96837   +/-   0.00338161  
[SUCCESS] Created final fit for L1Inner_Nitrogen_TOF_L2QTemplate_EGE_Peak_spline with chi2/ndf = 2.46352
begin drawing Nitrogen L1Inner TOF EGE_Peak

[INFO] Starting smart spline fit for: L1Inner_Nitrogen_TOF_L1QTemplate_EGE_SigmaL (7 points)
****************************************
Minimizer is Minuit2 / Migrad
Chi2                      =      105.555
NDf                       =            5
Edm                       =  5.08728e-21
NCalls                    =           35
p0                        =     0.242991   +/-   0.00133718  
p1                        =     0.234833   +/-   0.000993389 
****************************************
Minimizer is Minuit2 / Migrad
Chi2                      =      31.2474
NDf                       =            4
Edm                       =  3.60628e-21
NCalls                    =           55
p0                        =     0.232761   +/-   0.00178783  
p1                        =     0.246264   +/-   0.00112824  
p2                        =      0.22793   +/-   0.00127597  
****************************************
Minimizer is Minuit2 / Migrad
Chi2                      =      27.7581
NDf                       =            3
Edm                       =    1.132e-07
NCalls                    =           93
p0                        =     0.235691   +/-   0.00217201  
p1                        =     0.242861   +/-   0.00140338  
p2                        =     0.243421   +/-   0.00124255  
p3                        =     0.225781   +/-   0.00151287  
****************************************
Minimizer is Minuit2 / Migrad
Chi2                      =       2.8464
NDf                       =            2
Edm                       =  2.57084e-07
NCalls                    =          117
p0                        =     0.243131   +/-   0.00267709  
p1                        =     0.233892   +/-   0.00157192  
p2                        =     0.250067   +/-   0.00140793  
p3                        =     0.231804   +/-   0.00126192  
p4                        =     0.228967   +/-   0.00181669  
  [FIT] Found good fit candidate. Best segments so far: 4. Stopping search.
  [FIT] Finalizing with loop variable 'segments' = 4
****************************************
Minimizer is Minuit2 / Migrad
Chi2                      =      2.29263
NDf                       =            2
Edm                       =  1.30173e-06
NCalls                    =          116
p0                        =     0.249078   +/-   0.00397733  
p1                        =     0.233687   +/-   0.00159122  
p2                        =      0.24999   +/-   0.00139122  
p3                        =     0.231867   +/-   0.00128986  
p4                        =     0.229073   +/-   0.00256313  
[SUCCESS] Created final fit for L1Inner_Nitrogen_TOF_L1QTemplate_EGE_SigmaL_spline with chi2/ndf = 1.4232

[INFO] Starting smart spline fit for: L1Inner_Nitrogen_TOF_L2QTemplate_EGE_SigmaL (7 points)
****************************************
Minimizer is Minuit2 / Migrad
Chi2                      =      34.9965
NDf                       =            5
Edm                       =  1.26439e-20
NCalls                    =           35
p0                        =     0.216744   +/-   0.000569868 
p1                        =     0.235365   +/-   0.00110266  
****************************************
Minimizer is Minuit2 / Migrad
Chi2                      =      11.2441
NDf                       =            4
Edm                       =  2.35428e-20
NCalls                    =           61
p0                        =     0.211812   +/-   0.00116123  
p1                        =     0.232614   +/-   0.00120107  
p2                        =     0.230773   +/-   0.00145034  
****************************************
Minimizer is Minuit2 / Migrad
Chi2                      =      6.97838
NDf                       =            3
Edm                       =  2.99409e-19
NCalls                    =           98
p0                        =     0.214913   +/-   0.00204992  
p1                        =     0.225831   +/-   0.00114012  
p2                        =      0.23581   +/-   0.00136202  
p3                        =     0.228752   +/-   0.00171656  
  [FIT] Found good fit candidate. Best segments so far: 2. Stopping search.
  [FIT] Finalizing with loop variable 'segments' = 2
****************************************
Minimizer is Minuit2 / Migrad
Chi2                      =       15.074
NDf                       =            4
Edm                       =  6.07796e-20
NCalls                    =           58
p0                        =     0.204638   +/-   0.00194653  
p1                        =     0.231476   +/-   0.00104783  
p2                        =      0.23032   +/-   0.00184356  
[SUCCESS] Created final fit for L1Inner_Nitrogen_TOF_L2QTemplate_EGE_SigmaL_spline with chi2/ndf = 2.81102
begin drawing Nitrogen L1Inner TOF EGE_SigmaL

[INFO] Starting smart spline fit for: L1Inner_Nitrogen_TOF_L1QTemplate_EGE_SigmaR (7 points)
****************************************
Minimizer is Minuit2 / Migrad
Chi2                      =      96.3078
NDf                       =            5
Edm                       =  9.83622e-22
NCalls                    =           33
p0                        =     0.242824   +/-   0.00250119  
p1                        =     0.274971   +/-   0.0016307   
****************************************
Minimizer is Minuit2 / Migrad
Chi2                      =      50.3395
NDf                       =            4
Edm                       =  2.22351e-21
NCalls                    =           53
p0                        =     0.257266   +/-   0.00328533  
p1                        =     0.250243   +/-   0.00199177  
p2                        =     0.284473   +/-   0.0021502   
****************************************
Minimizer is Minuit2 / Migrad
Chi2                      =      40.0696
NDf                       =            3
Edm                       =  7.93712e-22
NCalls                    =           93
p0                        =     0.266032   +/-   0.00410917  
p1                        =     0.239509   +/-   0.00281241  
p2                        =     0.265974   +/-   0.00196811  
p3                        =     0.279872   +/-   0.00254983  
****************************************
Minimizer is Minuit2 / Migrad
Chi2                      =       22.302
NDf                       =            2
Edm                       =  4.68591e-08
NCalls                    =          115
p0                        =     0.252986   +/-   0.00510565  
p1                        =     0.254767   +/-   0.0029017   
p2                        =     0.243052   +/-   0.00246129  
p3                        =     0.281861   +/-   0.00201264  
p4                        =      0.27326   +/-   0.0030777   
****************************************
Minimizer is Minuit2 / Migrad
Chi2                      =      3.22244
NDf                       =            1
Edm                       =  3.44648e-07
NCalls                    =          153
p0                        =     0.244348   +/-   0.00547344  
p1                        =     0.260665   +/-   0.00320055  
p2                        =      0.23304   +/-   0.00330165  
p3                        =      0.26903   +/-   0.00221398  
p4                        =     0.278254   +/-   0.00240113  
p5                        =     0.276372   +/-   0.00330321  
  [FIT] No fit met threshold. Falling back to best chi2/ndf.
  [FIT] Finalizing with loop variable 'segments' = 5
****************************************
Minimizer is Minuit2 / Migrad
Chi2                      =      3.00274
NDf                       =            1
Edm                       =  3.44988e-20
NCalls                    =          155
p0                        =     0.230832   +/-   0.00855549  
p1                        =     0.260694   +/-   0.00319473  
p2                        =     0.232898   +/-   0.00329905  
p3                        =      0.26897   +/-   0.00221376  
p4                        =     0.278325   +/-   0.00241289  
p5                        =     0.274948   +/-   0.00494612  
[SUCCESS] Created final fit for L1Inner_Nitrogen_TOF_L1QTemplate_EGE_SigmaR_spline with chi2/ndf = 3.22244

[INFO] Starting smart spline fit for: L1Inner_Nitrogen_TOF_L2QTemplate_EGE_SigmaR (7 points)
****************************************
Minimizer is Minuit2 / Migrad
Chi2                      =      37.7314
NDf                       =            5
Edm                       =  9.98657e-22
NCalls                    =           35
p0                        =     0.238617   +/-   0.00143301  
p1                        =     0.268459   +/-   0.0016806   
****************************************
Minimizer is Minuit2 / Migrad
Chi2                      =      27.0827
NDf                       =            4
Edm                       =  4.74298e-20
NCalls                    =           55
p0                        =     0.244096   +/-   0.0022075   
p1                        =     0.250301   +/-   0.00193045  
p2                        =      0.27341   +/-   0.0022642   
****************************************
Minimizer is Minuit2 / Migrad
Chi2                      =      19.6816
NDf                       =            3
Edm                       =  7.85717e-06
NCalls                    =           92
p0                        =     0.237441   +/-   0.00317167  
p1                        =     0.249248   +/-   0.00196062  
p2                        =     0.254902   +/-   0.00200791  
p3                        =     0.277607   +/-   0.0027311   
****************************************
Minimizer is Minuit2 / Migrad
Chi2                      =       3.9181
NDf                       =            2
Edm                       =  1.50865e-08
NCalls                    =          114
p0                        =     0.227817   +/-   0.00408208  
p1                        =     0.246858   +/-   0.00131007  
p2                        =     0.243695   +/-   0.00254163  
p3                        =      0.26989   +/-   0.00203961  
p4                        =     0.272565   +/-   0.00333878  
  [FIT] Found good fit candidate. Best segments so far: 4. Stopping search.
  [FIT] Finalizing with loop variable 'segments' = 4
****************************************
Minimizer is Minuit2 / Migrad
Chi2                      =      4.37655
NDf                       =            2
Edm                       =  5.64091e-06
NCalls                    =          104
p0                        =     0.219622   +/-   0.00586061  
p1                        =     0.246844   +/-   0.00131086  
p2                        =     0.244023   +/-   0.00250566  
p3                        =     0.269703   +/-   0.00208527  
p4                        =     0.272385   +/-   0.00464968  
[SUCCESS] Created final fit for L1Inner_Nitrogen_TOF_L2QTemplate_EGE_SigmaR_spline with chi2/ndf = 1.95905
begin drawing Nitrogen L1Inner TOF EGE_SigmaR
  [SUCCESS] Wrote constant TF1 'L1Inner_Nitrogen_TOF_L1QTemplate_EGE_AlphaL_spline' to file.
  [SUCCESS] Wrote constant TF1 'L1Inner_Nitrogen_TOF_L2QTemplate_EGE_AlphaL_spline' to file.
begin drawing Nitrogen L1Inner TOF EGE_AlphaL

[INFO] Starting smart spline fit for: L1Inner_Nitrogen_TOF_L1QTemplate_EGE_AlphaR (7 points)
****************************************
Minimizer is Minuit2 / Migrad
Chi2                      =      71.3584
NDf                       =            5
Edm                       =  1.33396e-22
NCalls                    =           31
p0                        =      1.10404   +/-   0.0186413   
p1                        =      1.35001   +/-   0.016075    
****************************************
Minimizer is Minuit2 / Migrad
Chi2                      =      66.8732
NDf                       =            4
Edm                       =  9.16217e-22
NCalls                    =           53
p0                        =      1.13573   +/-   0.0239063   
p1                        =      1.21737   +/-   0.0165804   
p2                        =      1.37722   +/-   0.020578    
****************************************
Minimizer is Minuit2 / Migrad
Chi2                      =      42.9274
NDf                       =            3
Edm                       =  3.46832e-21
NCalls                    =           80
p0                        =      1.20488   +/-   0.028106    
p1                        =      1.10381   +/-   0.0205701   
p2                        =      1.35287   +/-   0.0201358   
p3                        =       1.3163   +/-   0.0241114   
****************************************
Minimizer is Minuit2 / Migrad
Chi2                      =      31.5668
NDf                       =            2
Edm                       =  4.31337e-08
NCalls                    =          111
p0                        =      1.13061   +/-   0.0340576   
p1                        =      1.16899   +/-   0.0239001   
p2                        =      1.17335   +/-   0.0203161   
p3                        =      1.42985   +/-   0.0216701   
p4                        =      1.25872   +/-   0.0287118   
****************************************
Minimizer is Minuit2 / Migrad
Chi2                      =      2.49427
NDf                       =            1
Edm                       =  1.58472e-20
NCalls                    =          153
p0                        =      1.05021   +/-   0.0372056   
p1                        =      1.24559   +/-   0.0278284   
p2                        =      1.05061   +/-   0.0235826   
p3                        =      1.40154   +/-   0.0223564   
p4                        =       1.3741   +/-   0.0264967   
p5                        =      1.29883   +/-   0.0309528   
  [FIT] No fit met threshold. Falling back to best chi2/ndf.
  [FIT] Finalizing with loop variable 'segments' = 5
****************************************
Minimizer is Minuit2 / Migrad
Chi2                      =      2.25014
NDf                       =            1
Edm                       =  5.36947e-07
NCalls                    =          147
p0                        =     0.918105   +/-   0.0614947   
p1                        =      1.24585   +/-   0.0277824   
p2                        =      1.04979   +/-   0.0235598   
p3                        =      1.40043   +/-   0.0223294   
p4                        =       1.3752   +/-   0.0266606   
p5                        =      1.27948   +/-   0.047577    
[SUCCESS] Created final fit for L1Inner_Nitrogen_TOF_L1QTemplate_EGE_AlphaR_spline with chi2/ndf = 2.49427

[INFO] Starting smart spline fit for: L1Inner_Nitrogen_TOF_L2QTemplate_EGE_AlphaR (7 points)
****************************************
Minimizer is Minuit2 / Migrad
Chi2                      =       444.84
NDf                       =            5
Edm                       =  1.16331e-19
NCalls                    =           34
p0                        =      2.66473   +/-   0.00858603  
p1                        =       1.2253   +/-   0.0391026   
****************************************
Minimizer is Minuit2 / Migrad
Chi2                      =      312.351
NDf                       =            4
Edm                       =  9.31023e-18
NCalls                    =           61
p0                        =      2.99171   +/-   0.0296767   
p1                        =      1.50703   +/-   0.0345383   
p2                        =      1.65243   +/-   0.0539082   
****************************************
Minimizer is Minuit2 / Migrad
Chi2                      =      287.072
NDf                       =            3
Edm                       =   3.2008e-15
NCalls                    =           91
p0                        =      2.57863   +/-   0.0741204   
p1                        =      2.06413   +/-   0.0368855   
p2                        =      1.20138   +/-   0.0465267   
p3                        =      1.84442   +/-   0.0633369   
****************************************
Minimizer is Minuit2 / Migrad
Chi2                      =      49.8357
NDf                       =            2
Edm                       =   1.3377e-07
NCalls                    =          113
p0                        =      1.42433   +/-   0.106049    
p1                        =      2.44105   +/-   0.003654    
p2                        =      1.24405   +/-   0.0384321   
p3                        =      1.82084   +/-   0.0533326   
p4                        =       1.4261   +/-   0.0775374   
****************************************
Minimizer is Minuit2 / Migrad
Chi2                      =      0.27915
NDf                       =            1
Edm                       =  3.34393e-20
NCalls                    =          163
p0                        =      1.16925   +/-   0.111694    
p1                        =      2.43524   +/-   0.00369017  
p2                        =      1.50491   +/-   0.0559622   
p3                        =      1.64001   +/-   0.0549939   
p4                        =      1.65053   +/-   0.0642058   
p5                        =      1.56452   +/-   0.0834046   
  [FIT] No fit met threshold. Falling back to best chi2/ndf.
  [FIT] Finalizing with loop variable 'segments' = 5
****************************************
Minimizer is Minuit2 / Migrad
Chi2                      =      0.48176
NDf                       =            1
Edm                       =   2.0808e-06
NCalls                    =          150
p0                        =     0.448959   +/-   0.160046    
p1                        =      2.43201   +/-   0.00365167  
p2                        =      1.50003   +/-   0.05589     
p3                        =      1.63221   +/-   0.0548823   
p4                        =      1.65294   +/-   0.0646332   
p5                        =      1.53707   +/-   0.125087    
[SUCCESS] Created final fit for L1Inner_Nitrogen_TOF_L2QTemplate_EGE_AlphaR_spline with chi2/ndf = 0.27915
begin drawing Nitrogen L1Inner TOF EGE_AlphaR
begin drawing Nitrogen L1Inner TOF EGE_Chi2NDF

[INFO] Starting smart spline fit for: L1Inner_Nitrogen_NaF_L1QTemplate_LG_Width (16 points)
****************************************
Minimizer is Minuit2 / Migrad
Chi2                      =      28.1322
NDf                       =           14
Edm                       =  7.12907e-23
NCalls                    =           31
p0                        =    0.0195832   +/-   0.00154704  
p1                        =     0.036526   +/-   0.00284404  
****************************************
Minimizer is Minuit2 / Migrad
Chi2                      =      10.2448
NDf                       =           13
Edm                       =  3.00195e-23
NCalls                    =           59
p0                        =    0.0164398   +/-   0.00171631  
p1                        =    0.0415144   +/-   0.00317792  
p2                        =    0.0276462   +/-   0.00353507  
  [FIT] Found good fit candidate. Best segments so far: 2. Stopping search.
  [FIT] Finalizing with loop variable 'segments' = 2
****************************************
Minimizer is Minuit2 / Migrad
Chi2                      =      8.86508
NDf                       =           13
Edm                       =  5.19483e-12
NCalls                    =           59
p0                        =    0.0101431   +/-   0.00248902  
p1                        =    0.0409175   +/-   0.00300288  
p2                        =    0.0253414   +/-   0.00401157  
[SUCCESS] Created final fit for L1Inner_Nitrogen_NaF_L1QTemplate_LG_Width_spline with chi2/ndf = 0.788059

[INFO] Starting smart spline fit for: L1Inner_Nitrogen_NaF_L2QTemplate_LG_Width (16 points)
****************************************
Minimizer is Minuit2 / Migrad
Chi2                      =      19.1408
NDf                       =           14
Edm                       =  7.99656e-24
NCalls                    =           31
p0                        =    0.0325787   +/-   0.00512246  
p1                        =    0.0322058   +/-   0.0043506   
  [FIT] Found good fit candidate. Best segments so far: 1. Stopping search.
  [FIT] Finalizing with loop variable 'segments' = 1
****************************************
Minimizer is Minuit2 / Migrad
Chi2                      =      19.1334
NDf                       =           14
Edm                       =  1.31482e-06
NCalls                    =           25
p0                        =     0.031865   +/-   0.00573759  
p1                        =    0.0327943   +/-   0.0050517   
[SUCCESS] Created final fit for L1Inner_Nitrogen_NaF_L2QTemplate_LG_Width_spline with chi2/ndf = 1.3672
begin drawing Nitrogen L1Inner NaF LG_Width

[INFO] Starting smart spline fit for: L1Inner_Nitrogen_NaF_L1QTemplate_LG_MPV (16 points)
****************************************
Minimizer is Minuit2 / Migrad
Chi2                      =       122.14
NDf                       =           14
Edm                       =  3.52527e-18
NCalls                    =           41
p0                        =      6.94628   +/-   0.00243601  
p1                        =      6.89968   +/-   0.00367802  
****************************************
Minimizer is Minuit2 / Migrad
Chi2                      =      108.947
NDf                       =           13
Edm                       =  5.01988e-06
NCalls                    =           65
p0                        =      6.95154   +/-   0.00283327  
p1                        =      6.90555   +/-   0.00376823  
p2                        =      6.90901   +/-   0.00448519  
****************************************
Minimizer is Minuit2 / Migrad
Chi2                      =      89.3815
NDf                       =           12
Edm                       =  2.35941e-17
NCalls                    =          104
p0                        =      6.94549   +/-   0.00315345  
p1                        =      6.92951   +/-   0.00373026  
p2                        =       6.8849   +/-   0.0052646   
p3                        =      6.91759   +/-   0.00491075  
****************************************
Minimizer is Minuit2 / Migrad
Chi2                      =      84.6607
NDf                       =           11
Edm                       =  2.55942e-06
NCalls                    =          110
p0                        =      6.94269   +/-   0.00339052  
p1                        =      6.94113   +/-   0.0038316   
p2                        =       6.8878   +/-   0.00562194  
p3                        =      6.90383   +/-   0.00652559  
p4                        =      6.91499   +/-   0.00526866  
****************************************
Minimizer is Minuit2 / Migrad
Chi2                      =      89.1014
NDf                       =           10
Edm                       =  9.34244e-18
NCalls                    =          173
p0                        =      6.94484   +/-   0.00426589  
p1                        =      6.94432   +/-   0.00519969  
p2                        =      6.91673   +/-   0.00609041  
p3                        =      6.88354   +/-   0.00704337  
p4                        =      6.90456   +/-   0.00784073  
p5                        =      6.91487   +/-   0.00536594  
****************************************
Minimizer is Minuit2 / Migrad
Chi2                      =      46.6637
NDf                       =            9
Edm                       =  1.24609e-11
NCalls                    =          168
p0                        =      6.96953   +/-   0.00560262  
p1                        =       6.9181   +/-   0.00576934  
p2                        =      6.94632   +/-   0.00477207  
p3                        =      6.87276   +/-   0.00629368  
p4                        =      6.90349   +/-   0.00749385  
p5                        =      6.89252   +/-   0.00917144  
p6                        =      6.91924   +/-   0.00567639  
****************************************
Minimizer is Minuit2 / Migrad
Chi2                      =      7.48311
NDf                       =            8
Edm                       =  5.38693e-18
NCalls                    =          268
p0                        =      6.98117   +/-   0.00590826  
p1                        =       6.9094   +/-   0.00589615  
p2                        =      6.95369   +/-   0.00412284  
p3                        =      6.88923   +/-   0.00704535  
p4                        =      6.90325   +/-   0.00767168  
p5                        =      6.89315   +/-   0.00770518  
p6                        =      6.90057   +/-   0.0101031   
p7                        =      6.91733   +/-   0.00578019  
  [FIT] Found good fit candidate. Best segments so far: 7. Stopping search.
  [FIT] Finalizing with loop variable 'segments' = 7
****************************************
Minimizer is Minuit2 / Migrad
Chi2                      =      8.17114
NDf                       =            8
Edm                       =  5.12916e-18
NCalls                    =          270
p0                        =      6.99743   +/-   0.00795058  
p1                        =      6.92142   +/-   0.00450141  
p2                        =      6.95311   +/-   0.00411495  
p3                        =      6.88983   +/-   0.007036    
p4                        =      6.90235   +/-   0.00766483  
p5                        =      6.89357   +/-   0.00770091  
p6                        =      6.90019   +/-   0.00980855  
p7                        =      6.92056   +/-   0.00801608  
[SUCCESS] Created final fit for L1Inner_Nitrogen_NaF_L1QTemplate_LG_MPV_spline with chi2/ndf = 0.935389

[INFO] Starting smart spline fit for: L1Inner_Nitrogen_NaF_L2QTemplate_LG_MPV (16 points)
****************************************
Minimizer is Minuit2 / Migrad
Chi2                      =      37.2414
NDf                       =           14
Edm                       =  8.11377e-19
NCalls                    =           41
p0                        =      6.91436   +/-   0.00577555  
p1                        =      6.90661   +/-   0.00471825  
****************************************
Minimizer is Minuit2 / Migrad
Chi2                      =      11.1465
NDf                       =           13
Edm                       =  6.62729e-07
NCalls                    =           71
p0                        =      6.94321   +/-   0.00807841  
p1                        =      6.88462   +/-   0.00574574  
p2                        =      6.92212   +/-   0.00561097  
  [FIT] Found good fit candidate. Best segments so far: 2. Stopping search.
  [FIT] Finalizing with loop variable 'segments' = 2
****************************************
Minimizer is Minuit2 / Migrad
Chi2                      =       11.761
NDf                       =           13
Edm                       =  9.60948e-20
NCalls                    =           78
p0                        =      6.95894   +/-   0.0111945   
p1                        =      6.88838   +/-   0.00518105  
p2                        =      6.92704   +/-   0.00645425  
[SUCCESS] Created final fit for L1Inner_Nitrogen_NaF_L2QTemplate_LG_MPV_spline with chi2/ndf = 0.857424
begin drawing Nitrogen L1Inner NaF LG_MPV

[INFO] Starting smart spline fit for: L1Inner_Nitrogen_NaF_L1QTemplate_LG_Sigma (16 points)
****************************************
Minimizer is Minuit2 / Migrad
Chi2                      =      15.7597
NDf                       =           14
Edm                       =   4.4571e-23
NCalls                    =           33
p0                        =      0.23444   +/-   0.00270146  
p1                        =     0.211174   +/-   0.00331941  
  [FIT] Found good fit candidate. Best segments so far: 1. Stopping search.
  [FIT] Finalizing with loop variable 'segments' = 1
****************************************
Minimizer is Minuit2 / Migrad
Chi2                      =      17.7152
NDf                       =           14
Edm                       =  4.57619e-22
NCalls                    =           33
p0                        =     0.236053   +/-   0.00304607  
p1                        =     0.210216   +/-   0.00360493  
[SUCCESS] Created final fit for L1Inner_Nitrogen_NaF_L1QTemplate_LG_Sigma_spline with chi2/ndf = 1.12569

[INFO] Starting smart spline fit for: L1Inner_Nitrogen_NaF_L2QTemplate_LG_Sigma (16 points)
****************************************
Minimizer is Minuit2 / Migrad
Chi2                      =      30.0328
NDf                       =           14
Edm                       =  3.52413e-23
NCalls                    =           31
p0                        =     0.208177   +/-   0.00508865  
p1                        =     0.206974   +/-   0.00490796  
****************************************
Minimizer is Minuit2 / Migrad
Chi2                      =      29.6938
NDf                       =           13
Edm                       =  1.16318e-22
NCalls                    =           59
p0                        =     0.210487   +/-   0.00645314  
p1                        =     0.205003   +/-   0.005161    
p2                        =      0.20903   +/-   0.0060459   
  [FIT] Found good fit candidate. Best segments so far: 1. Stopping search.
  [FIT] Finalizing with loop variable 'segments' = 1
****************************************
Minimizer is Minuit2 / Migrad
Chi2                      =      30.0248
NDf                       =           14
Edm                       =   1.3069e-22
NCalls                    =           31
p0                        =      0.20841   +/-   0.00570925  
p1                        =     0.206773   +/-   0.00539526  
[SUCCESS] Created final fit for L1Inner_Nitrogen_NaF_L2QTemplate_LG_Sigma_spline with chi2/ndf = 2.1452
begin drawing Nitrogen L1Inner NaF LG_Sigma
begin drawing Nitrogen L1Inner NaF LG_Chi2NDF

[INFO] Starting smart spline fit for: L1Inner_Nitrogen_NaF_L1QTemplate_EGE_Peak (16 points)
****************************************
Minimizer is Minuit2 / Migrad
Chi2                      =      23.7456
NDf                       =           14
Edm                       =  2.74187e-18
NCalls                    =           43
p0                        =       6.9731   +/-   0.00649472  
p1                        =       6.9589   +/-   0.00735253  
  [FIT] Found good fit candidate. Best segments so far: 1. Stopping search.
  [FIT] Finalizing with loop variable 'segments' = 1
****************************************
Minimizer is Minuit2 / Migrad
Chi2                      =      23.5731
NDf                       =           14
Edm                       =    2.902e-18
NCalls                    =           41
p0                        =      6.97496   +/-   0.00745677  
p1                        =      6.95693   +/-   0.00839092  
[SUCCESS] Created final fit for L1Inner_Nitrogen_NaF_L1QTemplate_EGE_Peak_spline with chi2/ndf = 1.69612

[INFO] Starting smart spline fit for: L1Inner_Nitrogen_NaF_L2QTemplate_EGE_Peak (16 points)
****************************************
Minimizer is Minuit2 / Migrad
Chi2                      =      59.6142
NDf                       =           14
Edm                       =  5.06588e-19
NCalls                    =           41
p0                        =      6.95853   +/-   0.00740395  
p1                        =      6.95448   +/-   0.00682379  
****************************************
Minimizer is Minuit2 / Migrad
Chi2                      =       41.966
NDf                       =           13
Edm                       =   6.5962e-19
NCalls                    =           69
p0                        =      6.98268   +/-   0.00937346  
p1                        =       6.9312   +/-   0.00729225  
p2                        =      6.98066   +/-   0.00924167  
****************************************
Minimizer is Minuit2 / Migrad
Chi2                      =      39.3528
NDf                       =           12
Edm                       =  5.06424e-06
NCalls                    =           99
p0                        =      6.97526   +/-   0.0110673   
p1                        =      6.94619   +/-   0.0083425   
p2                        =      6.93431   +/-   0.00847047  
p3                        =      6.99253   +/-   0.0116187   
****************************************
Minimizer is Minuit2 / Migrad
Chi2                      =      39.7509
NDf                       =           11
Edm                       =  6.31593e-06
NCalls                    =          119
p0                        =      6.97624   +/-   0.0121493   
p1                        =      6.95299   +/-   0.00903076  
p2                        =      6.92988   +/-   0.0100429   
p3                        =      6.95715   +/-   0.00882168  
p4                        =      6.99674   +/-   0.0156874   
  [FIT] Found good fit candidate. Best segments so far: 3. Stopping search.
  [FIT] Finalizing with loop variable 'segments' = 3
****************************************
Minimizer is Minuit2 / Migrad
Chi2                      =      39.9575
NDf                       =           12
Edm                       =  2.83704e-19
NCalls                    =           94
p0                        =       6.9856   +/-   0.0142624   
p1                        =      6.94403   +/-   0.00762522  
p2                        =      6.93725   +/-   0.0080245   
p3                        =      7.00626   +/-   0.0159595   
[SUCCESS] Created final fit for L1Inner_Nitrogen_NaF_L2QTemplate_EGE_Peak_spline with chi2/ndf = 3.2794
begin drawing Nitrogen L1Inner NaF EGE_Peak

[INFO] Starting smart spline fit for: L1Inner_Nitrogen_NaF_L1QTemplate_EGE_SigmaL (16 points)
****************************************
Minimizer is Minuit2 / Migrad
Chi2                      =      11.8834
NDf                       =           14
Edm                       =   5.1499e-23
NCalls                    =           31
p0                        =      0.23774   +/-   0.00473314  
p1                        =     0.229247   +/-   0.00503171  
  [FIT] Found good fit candidate. Best segments so far: 1. Stopping search.
  [FIT] Finalizing with loop variable 'segments' = 1
****************************************
Minimizer is Minuit2 / Migrad
Chi2                      =      11.8485
NDf                       =           14
Edm                       =  1.26427e-22
NCalls                    =           31
p0                        =     0.238651   +/-   0.00540206  
p1                        =     0.228282   +/-   0.00575557  
[SUCCESS] Created final fit for L1Inner_Nitrogen_NaF_L1QTemplate_EGE_SigmaL_spline with chi2/ndf = 0.848813

[INFO] Starting smart spline fit for: L1Inner_Nitrogen_NaF_L2QTemplate_EGE_SigmaL (16 points)
****************************************
Minimizer is Minuit2 / Migrad
Chi2                      =      41.3782
NDf                       =           14
Edm                       =    4.206e-23
NCalls                    =           31
p0                        =     0.222514   +/-   0.00549323  
p1                        =      0.21609   +/-   0.00528582  
****************************************
Minimizer is Minuit2 / Migrad
Chi2                      =       40.636
NDf                       =           13
Edm                       =  1.48934e-22
NCalls                    =           53
p0                        =     0.226036   +/-   0.00684712  
p1                        =      0.21495   +/-   0.00516153  
p2                        =     0.220463   +/-   0.00732778  
****************************************
Minimizer is Minuit2 / Migrad
Chi2                      =      39.8504
NDf                       =           12
Edm                       =  1.05412e-22
NCalls                    =           80
p0                        =     0.222667   +/-   0.00801636  
p1                        =     0.221042   +/-   0.00615123  
p2                        =     0.212062   +/-   0.00617074  
p3                        =     0.225329   +/-   0.00915522  
****************************************
Minimizer is Minuit2 / Migrad
Chi2                      =      39.9637
NDf                       =           11
Edm                       =  6.94149e-06
NCalls                    =          100
p0                        =     0.222067   +/-   0.0087845   
p1                        =     0.223221   +/-   0.00685431  
p2                        =     0.212635   +/-   0.00694708  
p3                        =     0.217561   +/-   0.00681055  
p4                        =     0.224504   +/-   0.0118235   
  [FIT] Found good fit candidate. Best segments so far: 3. Stopping search.
  [FIT] Finalizing with loop variable 'segments' = 3
****************************************
Minimizer is Minuit2 / Migrad
Chi2                      =      40.1319
NDf                       =           12
Edm                       =  1.64869e-22
NCalls                    =           80
p0                        =      0.22494   +/-   0.0102777   
p1                        =     0.219498   +/-   0.00563584  
p2                        =     0.213398   +/-   0.00587418  
p3                        =     0.227238   +/-   0.0122203   
[SUCCESS] Created final fit for L1Inner_Nitrogen_NaF_L2QTemplate_EGE_SigmaL_spline with chi2/ndf = 3.32087
begin drawing Nitrogen L1Inner NaF EGE_SigmaL

[INFO] Starting smart spline fit for: L1Inner_Nitrogen_NaF_L1QTemplate_EGE_SigmaR (16 points)
****************************************
Minimizer is Minuit2 / Migrad
Chi2                      =      19.3847
NDf                       =           14
Edm                       =   3.1673e-22
NCalls                    =           31
p0                        =     0.262504   +/-   0.00566349  
p1                        =     0.244902   +/-   0.00820756  
  [FIT] Found good fit candidate. Best segments so far: 1. Stopping search.
  [FIT] Finalizing with loop variable 'segments' = 1
****************************************
Minimizer is Minuit2 / Migrad
Chi2                      =      19.6322
NDf                       =           14
Edm                       =  6.95345e-23
NCalls                    =           31
p0                        =      0.26378   +/-   0.0065376   
p1                        =     0.243921   +/-   0.00918941  
[SUCCESS] Created final fit for L1Inner_Nitrogen_NaF_L1QTemplate_EGE_SigmaR_spline with chi2/ndf = 1.38462

[INFO] Starting smart spline fit for: L1Inner_Nitrogen_NaF_L2QTemplate_EGE_SigmaR (16 points)
****************************************
Minimizer is Minuit2 / Migrad
Chi2                      =      26.6509
NDf                       =           14
Edm                       =  1.03779e-22
NCalls                    =           31
p0                        =     0.263266   +/-   0.00637374  
p1                        =      0.27626   +/-   0.00758687  
****************************************
Minimizer is Minuit2 / Migrad
Chi2                      =      23.4982
NDf                       =           13
Edm                       =  1.53916e-22
NCalls                    =           53
p0                        =     0.253843   +/-   0.00829386  
p1                        =     0.280711   +/-   0.00684404  
p2                        =     0.261556   +/-   0.011231    
  [FIT] Found good fit candidate. Best segments so far: 1. Stopping search.
  [FIT] Finalizing with loop variable 'segments' = 1
****************************************
Minimizer is Minuit2 / Migrad
Chi2                      =       26.706
NDf                       =           14
Edm                       =  1.38952e-22
NCalls                    =           31
p0                        =     0.261858   +/-   0.00753588  
p1                        =     0.277606   +/-   0.00880049  
[SUCCESS] Created final fit for L1Inner_Nitrogen_NaF_L2QTemplate_EGE_SigmaR_spline with chi2/ndf = 1.90364
begin drawing Nitrogen L1Inner NaF EGE_SigmaR
  [SUCCESS] Wrote constant TF1 'L1Inner_Nitrogen_NaF_L1QTemplate_EGE_AlphaL_spline' to file.
  [SUCCESS] Wrote constant TF1 'L1Inner_Nitrogen_NaF_L2QTemplate_EGE_AlphaL_spline' to file.
begin drawing Nitrogen L1Inner NaF EGE_AlphaL

[INFO] Starting smart spline fit for: L1Inner_Nitrogen_NaF_L1QTemplate_EGE_AlphaR (16 points)
****************************************
Minimizer is Minuit2 / Migrad
Chi2                      =      7.60958
NDf                       =           14
Edm                       =  2.73536e-23
NCalls                    =           31
p0                        =      1.48537   +/-   0.115121    
p1                        =      1.09202   +/-   0.0776931   
  [FIT] Found good fit candidate. Best segments so far: 1. Stopping search.
  [FIT] Finalizing with loop variable 'segments' = 1
****************************************
Minimizer is Minuit2 / Migrad
Chi2                      =      7.64573
NDf                       =           14
Edm                       =  1.14288e-23
NCalls                    =           31
p0                        =      1.52417   +/-   0.130527    
p1                        =      1.05132   +/-   0.0920143   
[SUCCESS] Created final fit for L1Inner_Nitrogen_NaF_L1QTemplate_EGE_AlphaR_spline with chi2/ndf = 0.543542

[INFO] Starting smart spline fit for: L1Inner_Nitrogen_NaF_L2QTemplate_EGE_AlphaR (16 points)
****************************************
Minimizer is Minuit2 / Migrad
Chi2                      =      8.89291
NDf                       =           14
Edm                       =  1.10649e-23
NCalls                    =           31
p0                        =      1.37723   +/-   0.143621    
p1                        =      1.09053   +/-   0.0850751   
  [FIT] Found good fit candidate. Best segments so far: 1. Stopping search.
  [FIT] Finalizing with loop variable 'segments' = 1
****************************************
Minimizer is Minuit2 / Migrad
Chi2                      =      9.10858
NDf                       =           14
Edm                       =  1.16046e-23
NCalls                    =           31
p0                        =      1.38074   +/-   0.15128     
p1                        =      1.07045   +/-   0.0964862   
[SUCCESS] Created final fit for L1Inner_Nitrogen_NaF_L2QTemplate_EGE_AlphaR_spline with chi2/ndf = 0.635208
begin drawing Nitrogen L1Inner NaF EGE_AlphaR
begin drawing Nitrogen L1Inner NaF EGE_Chi2NDF

[INFO] Starting smart spline fit for: L1Inner_Nitrogen_AGL_L1QTemplate_LG_Width (22 points)
****************************************
Minimizer is Minuit2 / Migrad
Chi2                      =      27.2991
NDf                       =           20
Edm                       =  9.87899e-24
NCalls                    =           29
p0                        =    0.0331096   +/-   0.001691    
p1                        =    0.0295895   +/-   0.00321236  
  [FIT] Found good fit candidate. Best segments so far: 1. Stopping search.
  [FIT] Finalizing with loop variable 'segments' = 1
****************************************
Minimizer is Minuit2 / Migrad
Chi2                      =      27.1289
NDf                       =           20
Edm                       =  2.87753e-23
NCalls                    =           29
p0                        =    0.0336226   +/-   0.00201669  
p1                        =    0.0288938   +/-   0.00362276  
[SUCCESS] Created final fit for L1Inner_Nitrogen_AGL_L1QTemplate_LG_Width_spline with chi2/ndf = 1.36496

[INFO] Starting smart spline fit for: L1Inner_Nitrogen_AGL_L2QTemplate_LG_Width (22 points)
****************************************
Minimizer is Minuit2 / Migrad
Chi2                      =      15.1199
NDf                       =           20
Edm                       =  2.81159e-24
NCalls                    =           31
p0                        =    0.0359462   +/-   0.00226799  
p1                        =    0.0238466   +/-   0.00450175  
  [FIT] Found good fit candidate. Best segments so far: 1. Stopping search.
  [FIT] Finalizing with loop variable 'segments' = 1
****************************************
Minimizer is Minuit2 / Migrad
Chi2                      =      14.0587
NDf                       =           20
Edm                       =   5.7003e-24
NCalls                    =           31
p0                        =    0.0375822   +/-   0.00267364  
p1                        =    0.0215423   +/-   0.00502472  
[SUCCESS] Created final fit for L1Inner_Nitrogen_AGL_L2QTemplate_LG_Width_spline with chi2/ndf = 0.755997
begin drawing Nitrogen L1Inner AGL LG_Width

[INFO] Starting smart spline fit for: L1Inner_Nitrogen_AGL_L1QTemplate_LG_MPV (22 points)
****************************************
Minimizer is Minuit2 / Migrad
Chi2                      =      57.2389
NDf                       =           20
Edm                       =  3.62864e-18
NCalls                    =           43
p0                        =      6.90952   +/-   0.00244842  
p1                        =      6.93307   +/-   0.00314357  
****************************************
Minimizer is Minuit2 / Migrad
Chi2                      =       53.693
NDf                       =           19
Edm                       =  6.18813e-11
NCalls                    =           71
p0                        =      6.91267   +/-   0.00296686  
p1                        =      6.91897   +/-   0.00304153  
p2                        =      6.93844   +/-   0.00424515  
****************************************
Minimizer is Minuit2 / Migrad
Chi2                      =      47.3013
NDf                       =           18
Edm                       =  2.62595e-10
NCalls                    =          102
p0                        =      6.90942   +/-   0.0033783   
p1                        =      6.91783   +/-   0.00317013  
p2                        =      6.91962   +/-   0.0036125   
p3                        =      6.94555   +/-   0.00508006  
  [FIT] Found good fit candidate. Best segments so far: 2. Stopping search.
  [FIT] Finalizing with loop variable 'segments' = 2
****************************************
Minimizer is Minuit2 / Migrad
Chi2                      =      47.5649
NDf                       =           19
Edm                       =  6.28619e-13
NCalls                    =           71
p0                        =       6.9122   +/-   0.00363559  
p1                        =      6.91866   +/-   0.00264722  
p2                        =      6.94493   +/-   0.00502712  
[SUCCESS] Created final fit for L1Inner_Nitrogen_AGL_L1QTemplate_LG_MPV_spline with chi2/ndf = 2.82595

[INFO] Starting smart spline fit for: L1Inner_Nitrogen_AGL_L2QTemplate_LG_MPV (22 points)
****************************************
Minimizer is Minuit2 / Migrad
Chi2                      =       30.349
NDf                       =           20
Edm                       =  4.76662e-18
NCalls                    =           43
p0                        =      6.90666   +/-   0.00301946  
p1                        =      6.93067   +/-   0.00394549  
  [FIT] Found good fit candidate. Best segments so far: 1. Stopping search.
  [FIT] Finalizing with loop variable 'segments' = 1
****************************************
Minimizer is Minuit2 / Migrad
Chi2                      =      27.1504
NDf                       =           20
Edm                       =  3.09623e-19
NCalls                    =           41
p0                        =      6.90371   +/-   0.0033761   
p1                        =      6.93421   +/-   0.00438364  
[SUCCESS] Created final fit for L1Inner_Nitrogen_AGL_L2QTemplate_LG_MPV_spline with chi2/ndf = 1.51745
begin drawing Nitrogen L1Inner AGL LG_MPV

[INFO] Starting smart spline fit for: L1Inner_Nitrogen_AGL_L1QTemplate_LG_Sigma (22 points)
****************************************
Minimizer is Minuit2 / Migrad
Chi2                      =      31.8597
NDf                       =           20
Edm                       =  3.68909e-22
NCalls                    =           35
p0                        =     0.214675   +/-   0.00195139  
p1                        =     0.208643   +/-   0.00276336  
  [FIT] Found good fit candidate. Best segments so far: 1. Stopping search.
  [FIT] Finalizing with loop variable 'segments' = 1
****************************************
Minimizer is Minuit2 / Migrad
Chi2                      =      32.0784
NDf                       =           20
Edm                       =  8.96498e-23
NCalls                    =           35
p0                        =     0.215121   +/-   0.00223745  
p1                        =     0.208282   +/-   0.00308418  
[SUCCESS] Created final fit for L1Inner_Nitrogen_AGL_L1QTemplate_LG_Sigma_spline with chi2/ndf = 1.59299

[INFO] Starting smart spline fit for: L1Inner_Nitrogen_AGL_L2QTemplate_LG_Sigma (22 points)
****************************************
Minimizer is Minuit2 / Migrad
Chi2                      =      44.2838
NDf                       =           20
Edm                       =  5.15535e-23
NCalls                    =           31
p0                        =     0.210159   +/-   0.00258154  
p1                        =     0.203212   +/-   0.00354807  
****************************************
Minimizer is Minuit2 / Migrad
Chi2                      =      44.0257
NDf                       =           19
Edm                       =  3.89674e-09
NCalls                    =           58
p0                        =     0.209282   +/-   0.0031056   
p1                        =     0.207259   +/-   0.00317195  
p2                        =     0.201425   +/-   0.00499664  
  [FIT] Found good fit candidate. Best segments so far: 1. Stopping search.
  [FIT] Finalizing with loop variable 'segments' = 1
****************************************
Minimizer is Minuit2 / Migrad
Chi2                      =      45.3002
NDf                       =           20
Edm                       =  1.02279e-21
NCalls                    =           31
p0                        =     0.209763   +/-   0.00294647  
p1                        =     0.204109   +/-   0.00397579  
[SUCCESS] Created final fit for L1Inner_Nitrogen_AGL_L2QTemplate_LG_Sigma_spline with chi2/ndf = 2.21419
begin drawing Nitrogen L1Inner AGL LG_Sigma
begin drawing Nitrogen L1Inner AGL LG_Chi2NDF

[INFO] Starting smart spline fit for: L1Inner_Nitrogen_AGL_L1QTemplate_EGE_Peak (22 points)
****************************************
Minimizer is Minuit2 / Migrad
Chi2                      =      19.7174
NDf                       =           20
Edm                       =  7.24945e-19
NCalls                    =           41
p0                        =      6.97258   +/-   0.00369427  
p1                        =      6.99447   +/-   0.00558587  
  [FIT] Found good fit candidate. Best segments so far: 1. Stopping search.
  [FIT] Finalizing with loop variable 'segments' = 1
****************************************
Minimizer is Minuit2 / Migrad
Chi2                      =      20.6274
NDf                       =           20
Edm                       =  7.44479e-19
NCalls                    =           43
p0                        =      6.97101   +/-   0.00428193  
p1                        =      6.99579   +/-   0.00631567  
[SUCCESS] Created final fit for L1Inner_Nitrogen_AGL_L1QTemplate_EGE_Peak_spline with chi2/ndf = 0.985869

[INFO] Starting smart spline fit for: L1Inner_Nitrogen_AGL_L2QTemplate_EGE_Peak (22 points)
****************************************
Minimizer is Minuit2 / Migrad
Chi2                      =      25.4326
NDf                       =           20
Edm                       =  1.59199e-18
NCalls                    =           43
p0                        =      6.95408   +/-   0.00416425  
p1                        =      6.97285   +/-   0.0059459   
  [FIT] Found good fit candidate. Best segments so far: 1. Stopping search.
  [FIT] Finalizing with loop variable 'segments' = 1
****************************************
Minimizer is Minuit2 / Migrad
Chi2                      =      24.8202
NDf                       =           20
Edm                       =  2.46726e-19
NCalls                    =           41
p0                        =      6.95181   +/-   0.00478383  
p1                        =      6.97573   +/-   0.00677868  
[SUCCESS] Created final fit for L1Inner_Nitrogen_AGL_L2QTemplate_EGE_Peak_spline with chi2/ndf = 1.27163
begin drawing Nitrogen L1Inner AGL EGE_Peak

[INFO] Starting smart spline fit for: L1Inner_Nitrogen_AGL_L1QTemplate_EGE_SigmaL (22 points)
****************************************
Minimizer is Minuit2 / Migrad
Chi2                      =      26.4188
NDf                       =           20
Edm                       =  1.49097e-22
NCalls                    =           33
p0                        =     0.231565   +/-   0.00251232  
p1                        =     0.225412   +/-   0.00385914  
  [FIT] Found good fit candidate. Best segments so far: 1. Stopping search.
  [FIT] Finalizing with loop variable 'segments' = 1
****************************************
Minimizer is Minuit2 / Migrad
Chi2                      =      25.8913
NDf                       =           20
Edm                       =  3.19954e-22
NCalls                    =           33
p0                        =     0.232674   +/-   0.00292413  
p1                        =     0.223918   +/-   0.00437135  
[SUCCESS] Created final fit for L1Inner_Nitrogen_AGL_L1QTemplate_EGE_SigmaL_spline with chi2/ndf = 1.32094

[INFO] Starting smart spline fit for: L1Inner_Nitrogen_AGL_L2QTemplate_EGE_SigmaL (22 points)
****************************************
Minimizer is Minuit2 / Migrad
Chi2                      =      40.1595
NDf                       =           20
Edm                       =  4.10413e-22
NCalls                    =           31
p0                        =     0.217683   +/-   0.00295258  
p1                        =     0.205993   +/-   0.00438876  
****************************************
Minimizer is Minuit2 / Migrad
Chi2                      =      35.4927
NDf                       =           19
Edm                       =  2.80179e-07
NCalls                    =           58
p0                        =     0.213566   +/-   0.00351429  
p1                        =     0.215865   +/-   0.00341159  
p2                        =      0.19448   +/-   0.00690463  
  [FIT] Found good fit candidate. Best segments so far: 1. Stopping search.
  [FIT] Finalizing with loop variable 'segments' = 1
****************************************
Minimizer is Minuit2 / Migrad
Chi2                      =      41.0585
NDf                       =           20
Edm                       =  7.63098e-23
NCalls                    =           31
p0                        =     0.218064   +/-   0.00339506  
p1                        =     0.205904   +/-   0.0049793   
[SUCCESS] Created final fit for L1Inner_Nitrogen_AGL_L2QTemplate_EGE_SigmaL_spline with chi2/ndf = 2.00798
begin drawing Nitrogen L1Inner AGL EGE_SigmaL

[INFO] Starting smart spline fit for: L1Inner_Nitrogen_AGL_L1QTemplate_EGE_SigmaR (22 points)
****************************************
Minimizer is Minuit2 / Migrad
Chi2                      =      20.0337
NDf                       =           20
Edm                       =  2.80411e-23
NCalls                    =           31
p0                        =      0.24604   +/-   0.00437819  
p1                        =     0.233734   +/-   0.00604161  
  [FIT] Found good fit candidate. Best segments so far: 1. Stopping search.
  [FIT] Finalizing with loop variable 'segments' = 1
****************************************
Minimizer is Minuit2 / Migrad
Chi2                      =      20.1002
NDf                       =           20
Edm                       =  5.32427e-23
NCalls                    =           31
p0                        =      0.24714   +/-   0.00503019  
p1                        =     0.232656   +/-   0.00679905  
[SUCCESS] Created final fit for L1Inner_Nitrogen_AGL_L1QTemplate_EGE_SigmaR_spline with chi2/ndf = 1.00169

[INFO] Starting smart spline fit for: L1Inner_Nitrogen_AGL_L2QTemplate_EGE_SigmaR (22 points)
****************************************
Minimizer is Minuit2 / Migrad
Chi2                      =      63.8299
NDf                       =           20
Edm                       =  3.55952e-22
NCalls                    =           31
p0                        =     0.266577   +/-   0.00433765  
p1                        =     0.243457   +/-   0.00518943  
****************************************
Minimizer is Minuit2 / Migrad
Chi2                      =      59.5681
NDf                       =           19
Edm                       =  6.23508e-22
NCalls                    =           53
p0                        =     0.272892   +/-   0.00530772  
p1                        =     0.246052   +/-   0.00436908  
p2                        =     0.257823   +/-   0.00868076  
****************************************
Minimizer is Minuit2 / Migrad
Chi2                      =      50.9459
NDf                       =           18
Edm                       =  9.64245e-06
NCalls                    =           79
p0                        =     0.264499   +/-   0.0061226   
p1                        =     0.263061   +/-   0.00513039  
p2                        =      0.23903   +/-   0.00479657  
p3                        =     0.284107   +/-   0.0125175   
  [FIT] Found good fit candidate. Best segments so far: 2. Stopping search.
  [FIT] Finalizing with loop variable 'segments' = 2
****************************************
Minimizer is Minuit2 / Migrad
Chi2                      =      61.2335
NDf                       =           19
Edm                       =  3.55405e-22
NCalls                    =           53
p0                        =      0.27615   +/-   0.00660485  
p1                        =     0.248477   +/-   0.0038817   
p2                        =     0.258415   +/-   0.0116595   
[SUCCESS] Created final fit for L1Inner_Nitrogen_AGL_L2QTemplate_EGE_SigmaR_spline with chi2/ndf = 3.13516
begin drawing Nitrogen L1Inner AGL EGE_SigmaR
  [SUCCESS] Wrote constant TF1 'L1Inner_Nitrogen_AGL_L1QTemplate_EGE_AlphaL_spline' to file.
  [SUCCESS] Wrote constant TF1 'L1Inner_Nitrogen_AGL_L2QTemplate_EGE_AlphaL_spline' to file.
begin drawing Nitrogen L1Inner AGL EGE_AlphaL

[INFO] Starting smart spline fit for: L1Inner_Nitrogen_AGL_L1QTemplate_EGE_AlphaR (22 points)
****************************************
Minimizer is Minuit2 / Migrad
Chi2                      =      32.4751
NDf                       =           20
Edm                       =  7.37422e-23
NCalls                    =           31
p0                        =      1.22903   +/-   0.0402612   
p1                        =      1.06065   +/-   0.0669983   
  [FIT] Found good fit candidate. Best segments so far: 1. Stopping search.
  [FIT] Finalizing with loop variable 'segments' = 1
****************************************
Minimizer is Minuit2 / Migrad
Chi2                      =      33.3662
NDf                       =           20
Edm                       =  4.01725e-23
NCalls                    =           31
p0                        =      1.23502   +/-   0.0465799   
p1                        =      1.06081   +/-   0.0757479   
[SUCCESS] Created final fit for L1Inner_Nitrogen_AGL_L1QTemplate_EGE_AlphaR_spline with chi2/ndf = 1.62375

[INFO] Starting smart spline fit for: L1Inner_Nitrogen_AGL_L2QTemplate_EGE_AlphaR (22 points)
****************************************
Minimizer is Minuit2 / Migrad
Chi2                      =      50.1411
NDf                       =           20
Edm                       =  1.15675e-22
NCalls                    =           31
p0                        =       1.3483   +/-   0.0612487   
p1                        =       1.0329   +/-   0.0491012   
****************************************
Minimizer is Minuit2 / Migrad
Chi2                      =      49.7951
NDf                       =           19
Edm                       =  3.35636e-14
NCalls                    =           58
p0                        =      1.32886   +/-   0.0695935   
p1                        =      1.17573   +/-   0.0369733   
p2                        =     0.977083   +/-   0.106851    
****************************************
Minimizer is Minuit2 / Migrad
Chi2                      =      42.6769
NDf                       =           18
Edm                       =  4.65848e-22
NCalls                    =           89
p0                        =      1.22913   +/-   0.0799998   
p1                        =      1.44682   +/-   0.0828519   
p2                        =      1.04781   +/-   0.038938    
p3                        =      1.19823   +/-   0.136744    
  [FIT] Found good fit candidate. Best segments so far: 2. Stopping search.
  [FIT] Finalizing with loop variable 'segments' = 2
****************************************
Minimizer is Minuit2 / Migrad
Chi2                      =       50.842
NDf                       =           19
Edm                       =  2.36809e-22
NCalls                    =           53
p0                        =      1.35692   +/-   0.084889    
p1                        =      1.16541   +/-   0.0344725   
p2                        =     0.960783   +/-   0.141879    
[SUCCESS] Created final fit for L1Inner_Nitrogen_AGL_L2QTemplate_EGE_AlphaR_spline with chi2/ndf = 2.6208
begin drawing Nitrogen L1Inner AGL EGE_AlphaR
begin drawing Nitrogen L1Inner AGL EGE_Chi2NDF

[INFO] Starting smart spline fit for: UnbiasedL1Inner_Nitrogen_TOF_L1QTemplate_LG_Width (7 points)
****************************************
Minimizer is Minuit2 / Migrad
Chi2                      =       110.12
NDf                       =            5
Edm                       =  3.96422e-22
NCalls                    =           31
p0                        =    0.0345013   +/-   0.000871665 
p1                        =    0.0322037   +/-   0.00070671  
****************************************
Minimizer is Minuit2 / Migrad
Chi2                      =      39.6335
NDf                       =            4
Edm                       =  3.68032e-23
NCalls                    =           53
p0                        =    0.0411294   +/-   0.00117604  
p1                        =    0.0275489   +/-   0.000805806 
p2                        =    0.0368433   +/-   0.000897128 
****************************************
Minimizer is Minuit2 / Migrad
Chi2                      =      12.7656
NDf                       =            3
Edm                       =  1.18431e-05
NCalls                    =           79
p0                        =    0.0372819   +/-   0.00141439  
p1                        =    0.0328798   +/-   0.000914721 
p2                        =    0.0259407   +/-   0.000929927 
p3                        =    0.0400496   +/-   0.00107775  
****************************************
Minimizer is Minuit2 / Migrad
Chi2                      =      16.9253
NDf                       =            2
Edm                       =  1.43335e-08
NCalls                    =          111
p0                        =    0.0355787   +/-   0.00174053  
p1                        =    0.0378146   +/-   0.00102084  
p2                        =     0.026109   +/-   0.00102772  
p3                        =    0.0328411   +/-   0.000888945 
p4                        =    0.0389898   +/-   0.00129959  
****************************************
Minimizer is Minuit2 / Migrad
Chi2                      =     0.958157
NDf                       =            1
Edm                       =  4.21259e-06
NCalls                    =          133
p0                        =    0.0381371   +/-   0.00188475  
p1                        =    0.0356836   +/-   0.00117424  
p2                        =    0.0341242   +/-   0.00104609  
p3                        =     0.024486   +/-   0.00104807  
p4                        =    0.0348544   +/-   0.00103557  
p5                        =    0.0371848   +/-   0.00138795  
  [FIT] No fit met threshold. Falling back to best chi2/ndf.
  [FIT] Finalizing with loop variable 'segments' = 5
****************************************
Minimizer is Minuit2 / Migrad
Chi2                      =     0.960342
NDf                       =            1
Edm                       =  9.90904e-06
NCalls                    =          134
p0                        =    0.0392584   +/-   0.0029918   
p1                        =    0.0356785   +/-   0.0011718   
p2                        =    0.0341235   +/-   0.00104577  
p3                        =    0.0244813   +/-   0.00104788  
p4                        =    0.0348495   +/-   0.00104099  
p5                        =    0.0364954   +/-   0.00208298  
[SUCCESS] Created final fit for UnbiasedL1Inner_Nitrogen_TOF_L1QTemplate_LG_Width_spline with chi2/ndf = 0.958157

[INFO] Starting smart spline fit for: UnbiasedL1Inner_Nitrogen_TOF_L2QTemplate_LG_Width (7 points)
****************************************
Minimizer is Minuit2 / Migrad
Chi2                      =      24.5874
NDf                       =            5
Edm                       =  3.07878e-22
NCalls                    =           31
p0                        =     0.015853   +/-   0.00128025  
p1                        =    0.0244019   +/-   0.000955095 
****************************************
Minimizer is Minuit2 / Migrad
Chi2                      =      22.9999
NDf                       =            4
Edm                       =  6.96086e-08
NCalls                    =           59
p0                        =    0.0172696   +/-   0.00170402  
p1                        =    0.0197113   +/-   0.00104518  
p2                        =    0.0253483   +/-   0.00121518  
****************************************
Minimizer is Minuit2 / Migrad
Chi2                      =      8.54396
NDf                       =            3
Edm                       =  2.33323e-08
NCalls                    =           88
p0                        =    0.0135195   +/-   0.00202536  
p1                        =    0.0215224   +/-   0.0013099   
p2                        =    0.0184407   +/-   0.00121572  
p3                        =    0.0283066   +/-   0.00144476  
  [FIT] Found good fit candidate. Best segments so far: 3. Stopping search.
  [FIT] Finalizing with loop variable 'segments' = 3
****************************************
Minimizer is Minuit2 / Migrad
Chi2                      =      9.69659
NDf                       =            3
Edm                       =   1.4582e-22
NCalls                    =           80
p0                        =    0.0117984   +/-   0.00284189  
p1                        =    0.0208266   +/-   0.00124623  
p2                        =    0.0189064   +/-   0.00114843  
p3                        =    0.0308961   +/-   0.00195454  
[SUCCESS] Created final fit for UnbiasedL1Inner_Nitrogen_TOF_L2QTemplate_LG_Width_spline with chi2/ndf = 2.84799
begin drawing Nitrogen UnbiasedL1Inner TOF LG_Width

[INFO] Starting smart spline fit for: UnbiasedL1Inner_Nitrogen_TOF_L1QTemplate_LG_MPV (7 points)
****************************************
Minimizer is Minuit2 / Migrad
Chi2                      =      96.8182
NDf                       =            5
Edm                       =  4.74283e-20
NCalls                    =           41
p0                        =      6.92977   +/-   0.00129243  
p1                        =      6.92379   +/-   0.00107776  
****************************************
Minimizer is Minuit2 / Migrad
Chi2                      =      66.9792
NDf                       =            4
Edm                       =  3.80941e-17
NCalls                    =           79
p0                        =      6.92336   +/-   0.00174605  
p1                        =      6.93232   +/-   0.00129401  
p2                        =      6.91959   +/-   0.00132385  
****************************************
Minimizer is Minuit2 / Migrad
Chi2                      =      11.2481
NDf                       =            3
Edm                       =  2.39611e-17
NCalls                    =          104
p0                        =      6.93136   +/-   0.00207161  
p1                        =       6.9255   +/-   0.00138178  
p2                        =      6.93768   +/-   0.0015712   
p3                        =      6.91318   +/-   0.00158293  
****************************************
Minimizer is Minuit2 / Migrad
Chi2                      =      12.5947
NDf                       =            2
Edm                       =  2.96803e-08
NCalls                    =          105
p0                        =      6.93577   +/-   0.00254212  
p1                        =      6.92131   +/-   0.00154752  
p2                        =      6.93679   +/-   0.00168478  
p3                        =      6.92566   +/-   0.00141168  
p4                        =      6.91493   +/-   0.00189777  
****************************************
Minimizer is Minuit2 / Migrad
Chi2                      =     0.432642
NDf                       =            1
Edm                       =  6.14899e-07
NCalls                    =          168
p0                        =       6.9326   +/-   0.00274969  
p1                        =      6.92404   +/-   0.00177513  
p2                        =      6.92464   +/-   0.00158918  
p3                        =      6.93966   +/-   0.00181675  
p4                        =      6.92309   +/-   0.00159937  
p5                        =      6.91721   +/-   0.00200591  
  [FIT] No fit met threshold. Falling back to best chi2/ndf.
  [FIT] Finalizing with loop variable 'segments' = 5
****************************************
Minimizer is Minuit2 / Migrad
Chi2                      =     0.462373
NDf                       =            1
Edm                       =  1.73731e-18
NCalls                    =          171
p0                        =      6.93561   +/-   0.00440463  
p1                        =      6.92406   +/-   0.00177098  
p2                        =      6.92466   +/-   0.00158886  
p3                        =      6.93969   +/-   0.00181692  
p4                        =      6.92309   +/-   0.00160736  
p5                        =      6.91756   +/-   0.00305227  
[SUCCESS] Created final fit for UnbiasedL1Inner_Nitrogen_TOF_L1QTemplate_LG_MPV_spline with chi2/ndf = 0.432642

[INFO] Starting smart spline fit for: UnbiasedL1Inner_Nitrogen_TOF_L2QTemplate_LG_MPV (7 points)
****************************************
Minimizer is Minuit2 / Migrad
Chi2                      =      26.7317
NDf                       =            5
Edm                       =  1.86271e-17
NCalls                    =           43
p0                        =      6.97784   +/-   0.00253943  
p1                        =      6.94258   +/-   0.00173211  
****************************************
Minimizer is Minuit2 / Migrad
Chi2                      =      25.7441
NDf                       =            4
Edm                       =  8.31576e-18
NCalls                    =           75
p0                        =      6.97545   +/-   0.00349197  
p1                        =      6.95913   +/-   0.0019831   
p2                        =      6.94139   +/-   0.00210779  
****************************************
Minimizer is Minuit2 / Migrad
Chi2                      =      6.40995
NDf                       =            3
Edm                       =  4.42431e-18
NCalls                    =          104
p0                        =      6.98439   +/-   0.00413247  
p1                        =      6.95888   +/-   0.00245607  
p2                        =      6.95987   +/-   0.00243742  
p3                        =      6.93584   +/-   0.00246506  
  [FIT] Found good fit candidate. Best segments so far: 3. Stopping search.
  [FIT] Finalizing with loop variable 'segments' = 3
****************************************
Minimizer is Minuit2 / Migrad
Chi2                      =      8.30789
NDf                       =            3
Edm                       =   1.0508e-17
NCalls                    =          100
p0                        =      6.99018   +/-   0.00573777  
p1                        =      6.96027   +/-   0.00235438  
p2                        =      6.95858   +/-   0.00228405  
p3                        =      6.93032   +/-   0.00335496  
[SUCCESS] Created final fit for UnbiasedL1Inner_Nitrogen_TOF_L2QTemplate_LG_MPV_spline with chi2/ndf = 2.13665
begin drawing Nitrogen UnbiasedL1Inner TOF LG_MPV

[INFO] Starting smart spline fit for: UnbiasedL1Inner_Nitrogen_TOF_L1QTemplate_LG_Sigma (7 points)
****************************************
Minimizer is Minuit2 / Migrad
Chi2                      =      98.1798
NDf                       =            5
Edm                       =  8.22713e-21
NCalls                    =           35
p0                        =     0.220672   +/-   0.00107302  
p1                        =     0.227346   +/-   0.000847073 
****************************************
Minimizer is Minuit2 / Migrad
Chi2                      =      59.7211
NDf                       =            4
Edm                       =  1.75155e-19
NCalls                    =           57
p0                        =     0.214593   +/-   0.00145331  
p1                        =     0.229182   +/-   0.00092229  
p2                        =     0.223111   +/-   0.00108805  
****************************************
Minimizer is Minuit2 / Migrad
Chi2                      =      7.42913
NDf                       =            3
Edm                       =  2.83889e-07
NCalls                    =           93
p0                        =     0.221439   +/-   0.00176334  
p1                        =     0.220939   +/-   0.00109653  
p2                        =     0.233937   +/-   0.00106095  
p3                        =     0.217984   +/-   0.00130161  
  [FIT] Found good fit candidate. Best segments so far: 3. Stopping search.
  [FIT] Finalizing with loop variable 'segments' = 3
****************************************
Minimizer is Minuit2 / Migrad
Chi2                      =      15.3387
NDf                       =            3
Edm                       =  1.59235e-21
NCalls                    =           84
p0                        =     0.222512   +/-   0.0024955   
p1                        =     0.221538   +/-   0.00103622  
p2                        =     0.232985   +/-   0.0010032   
p3                        =     0.213739   +/-   0.00175977  
[SUCCESS] Created final fit for UnbiasedL1Inner_Nitrogen_TOF_L1QTemplate_LG_Sigma_spline with chi2/ndf = 2.47638

[INFO] Starting smart spline fit for: UnbiasedL1Inner_Nitrogen_TOF_L2QTemplate_LG_Sigma (7 points)
****************************************
Minimizer is Minuit2 / Migrad
Chi2                      =      28.3954
NDf                       =            5
Edm                       =  2.10852e-21
NCalls                    =           35
p0                        =     0.211902   +/-   0.0013604   
p1                        =     0.230875   +/-   0.00104494  
****************************************
Minimizer is Minuit2 / Migrad
Chi2                      =      23.1746
NDf                       =            4
Edm                       =  6.88171e-21
NCalls                    =           57
p0                        =     0.209204   +/-   0.00180144  
p1                        =     0.224912   +/-   0.00113055  
p2                        =     0.228945   +/-   0.00134359  
****************************************
Minimizer is Minuit2 / Migrad
Chi2                      =      14.2978
NDf                       =            3
Edm                       =  3.36149e-07
NCalls                    =           94
p0                        =     0.212116   +/-   0.00214703  
p1                        =      0.21756   +/-   0.0014106   
p2                        =      0.23039   +/-   0.00130181  
p3                        =     0.226339   +/-   0.00160219  
****************************************
Minimizer is Minuit2 / Migrad
Chi2                      =      7.33417
NDf                       =            2
Edm                       =  2.51313e-07
NCalls                    =          117
p0                        =     0.208146   +/-   0.00262305  
p1                        =     0.216228   +/-   0.00166257  
p2                        =     0.222456   +/-   0.00139561  
p3                        =     0.232348   +/-   0.00132732  
p4                        =     0.223541   +/-   0.00193002  
  [FIT] Found good fit candidate. Best segments so far: 4. Stopping search.
  [FIT] Finalizing with loop variable 'segments' = 4
****************************************
Minimizer is Minuit2 / Migrad
Chi2                      =       7.8884
NDf                       =            2
Edm                       =  1.27868e-05
NCalls                    =          116
p0                        =     0.204936   +/-   0.00393268  
p1                        =     0.216291   +/-   0.00168674  
p2                        =     0.222588   +/-   0.00138021  
p3                        =      0.23243   +/-   0.00135648  
p4                        =     0.220181   +/-   0.00271765  
[SUCCESS] Created final fit for UnbiasedL1Inner_Nitrogen_TOF_L2QTemplate_LG_Sigma_spline with chi2/ndf = 3.66709
begin drawing Nitrogen UnbiasedL1Inner TOF LG_Sigma
begin drawing Nitrogen UnbiasedL1Inner TOF LG_Chi2NDF

[INFO] Starting smart spline fit for: UnbiasedL1Inner_Nitrogen_TOF_L1QTemplate_EGE_Peak (7 points)
****************************************
Minimizer is Minuit2 / Migrad
Chi2                      =      102.699
NDf                       =            5
Edm                       =  5.35245e-18
NCalls                    =           43
p0                        =       7.0012   +/-   0.00202974  
p1                        =      6.97245   +/-   0.00145272  
****************************************
Minimizer is Minuit2 / Migrad
Chi2                      =      36.5445
NDf                       =            4
Edm                       =  1.74848e-17
NCalls                    =           71
p0                        =      6.98642   +/-   0.00272378  
p1                        =      6.99559   +/-   0.00165024  
p2                        =       6.9627   +/-   0.00188374  
****************************************
Minimizer is Minuit2 / Migrad
Chi2                      =      36.4371
NDf                       =            3
Edm                       =  3.28806e-11
NCalls                    =          104
p0                        =      6.98966   +/-   0.00334026  
p1                        =      6.99523   +/-   0.00211732  
p2                        =       6.9874   +/-   0.00177643  
p3                        =      6.96042   +/-   0.00223799  
****************************************
Minimizer is Minuit2 / Migrad
Chi2                      =       7.6298
NDf                       =            2
Edm                       =  2.04522e-06
NCalls                    =          105
p0                        =      7.00222   +/-   0.00416062  
p1                        =      6.98477   +/-   0.0023606   
p2                        =      7.00132   +/-   0.00204878  
p3                        =      6.96879   +/-   0.0018218   
p4                        =      6.96547   +/-   0.00270478  
  [FIT] Found good fit candidate. Best segments so far: 4. Stopping search.
  [FIT] Finalizing with loop variable 'segments' = 4
****************************************
Minimizer is Minuit2 / Migrad
Chi2                      =      6.65337
NDf                       =            2
Edm                       =  3.75898e-13
NCalls                    =          106
p0                        =      7.01229   +/-   0.00611924  
p1                        =       6.9844   +/-   0.00238471  
p2                        =      7.00119   +/-   0.00202301  
p3                        =      6.96888   +/-   0.00186139  
p4                        =      6.96606   +/-   0.00379204  
[SUCCESS] Created final fit for UnbiasedL1Inner_Nitrogen_TOF_L1QTemplate_EGE_Peak_spline with chi2/ndf = 3.8149

[INFO] Starting smart spline fit for: UnbiasedL1Inner_Nitrogen_TOF_L2QTemplate_EGE_Peak (7 points)
****************************************
Minimizer is Minuit2 / Migrad
Chi2                      =      36.4703
NDf                       =            5
Edm                       =  7.93102e-19
NCalls                    =           43
p0                        =      7.01298   +/-   0.000775595 
p1                        =      6.98526   +/-   0.00158595  
****************************************
Minimizer is Minuit2 / Migrad
Chi2                      =      28.6566
NDf                       =            4
Edm                       =  2.17451e-17
NCalls                    =           75
p0                        =      7.01194   +/-   0.000861492 
p1                        =      7.00115   +/-   0.00173324  
p2                        =      6.98123   +/-   0.00214477  
****************************************
Minimizer is Minuit2 / Migrad
Chi2                      =      8.59405
NDf                       =            3
Edm                       =  1.43645e-18
NCalls                    =          104
p0                        =      7.01404   +/-   0.000987629 
p1                        =      7.00082   +/-   0.00204458  
p2                        =      7.00016   +/-   0.00201057  
p3                        =      6.97474   +/-   0.0026077   
  [FIT] Found good fit candidate. Best segments so far: 3. Stopping search.
  [FIT] Finalizing with loop variable 'segments' = 3
****************************************
Minimizer is Minuit2 / Migrad
Chi2                      =      11.7905
NDf                       =            3
Edm                       =  2.64123e-17
NCalls                    =          102
p0                        =      7.01745   +/-   0.00174249  
p1                        =      7.00149   +/-   0.00191997  
p2                        =      6.99893   +/-   0.0019165   
p3                        =      6.96932   +/-   0.00351083  
[SUCCESS] Created final fit for UnbiasedL1Inner_Nitrogen_TOF_L2QTemplate_EGE_Peak_spline with chi2/ndf = 2.86468
begin drawing Nitrogen UnbiasedL1Inner TOF EGE_Peak

[INFO] Starting smart spline fit for: UnbiasedL1Inner_Nitrogen_TOF_L1QTemplate_EGE_SigmaL (7 points)
****************************************
Minimizer is Minuit2 / Migrad
Chi2                      =      96.7264
NDf                       =            5
Edm                       =  5.38813e-22
NCalls                    =           35
p0                        =      0.24306   +/-   0.00137675  
p1                        =      0.23419   +/-   0.00100558  
****************************************
Minimizer is Minuit2 / Migrad
Chi2                      =      28.0679
NDf                       =            4
Edm                       =  1.30909e-19
NCalls                    =           59
p0                        =     0.232666   +/-   0.0018625   
p1                        =     0.245592   +/-   0.00113115  
p2                        =     0.227428   +/-   0.00129502  
****************************************
Minimizer is Minuit2 / Migrad
Chi2                      =      23.5021
NDf                       =            3
Edm                       =   6.3315e-10
NCalls                    =           93
p0                        =     0.235982   +/-   0.0022815   
p1                        =      0.24216   +/-   0.00141377  
p2                        =     0.242884   +/-   0.0012433   
p3                        =     0.225123   +/-   0.00153699  
****************************************
Minimizer is Minuit2 / Migrad
Chi2                      =      1.92954
NDf                       =            2
Edm                       =  2.58596e-06
NCalls                    =          115
p0                        =     0.243417   +/-   0.00282829  
p1                        =     0.233882   +/-   0.00159031  
p2                        =     0.249045   +/-   0.00140756  
p3                        =     0.231546   +/-   0.00126885  
p4                        =     0.228035   +/-   0.00184787  
  [FIT] Found good fit candidate. Best segments so far: 4. Stopping search.
  [FIT] Finalizing with loop variable 'segments' = 4
****************************************
Minimizer is Minuit2 / Migrad
Chi2                      =      1.46069
NDf                       =            2
Edm                       =   4.6059e-07
NCalls                    =          117
p0                        =     0.249349   +/-   0.00417924  
p1                        =     0.233684   +/-   0.00160985  
p2                        =     0.248972   +/-   0.00139075  
p3                        =      0.23163   +/-   0.00129698  
p4                        =     0.227832   +/-   0.00260359  
[SUCCESS] Created final fit for UnbiasedL1Inner_Nitrogen_TOF_L1QTemplate_EGE_SigmaL_spline with chi2/ndf = 0.964769

[INFO] Starting smart spline fit for: UnbiasedL1Inner_Nitrogen_TOF_L2QTemplate_EGE_SigmaL (7 points)
****************************************
Minimizer is Minuit2 / Migrad
Chi2                      =      36.1592
NDf                       =            5
Edm                       =  3.99214e-22
NCalls                    =           37
p0                        =     0.214357   +/-   0.000918075 
p1                        =     0.236032   +/-   0.00110688  
****************************************
Minimizer is Minuit2 / Migrad
Chi2                      =      11.0879
NDf                       =            4
Edm                       =  1.20406e-21
NCalls                    =           55
p0                        =     0.211679   +/-   0.00106259  
p1                        =     0.231915   +/-   0.00120765  
p2                        =     0.231206   +/-   0.0014678   
****************************************
Minimizer is Minuit2 / Migrad
Chi2                      =      6.04414
NDf                       =            3
Edm                       =  1.47782e-19
NCalls                    =           90
p0                        =      0.21284   +/-   0.00119679  
p1                        =     0.224433   +/-   0.00145163  
p2                        =     0.235831   +/-   0.00140177  
p3                        =     0.228837   +/-   0.00177096  
  [FIT] Found good fit candidate. Best segments so far: 3. Stopping search.
  [FIT] Finalizing with loop variable 'segments' = 3
****************************************
Minimizer is Minuit2 / Migrad
Chi2                      =      7.07493
NDf                       =            3
Edm                       =  4.44514e-21
NCalls                    =           84
p0                        =     0.210798   +/-   0.00179445  
p1                        =     0.224522   +/-   0.00136901  
p2                        =     0.235471   +/-   0.00133311  
p3                        =     0.226567   +/-   0.00238665  
[SUCCESS] Created final fit for UnbiasedL1Inner_Nitrogen_TOF_L2QTemplate_EGE_SigmaL_spline with chi2/ndf = 2.01471
begin drawing Nitrogen UnbiasedL1Inner TOF EGE_SigmaL

[INFO] Starting smart spline fit for: UnbiasedL1Inner_Nitrogen_TOF_L1QTemplate_EGE_SigmaR (7 points)
****************************************
Minimizer is Minuit2 / Migrad
Chi2                      =      88.1876
NDf                       =            5
Edm                       =  9.66733e-22
NCalls                    =           35
p0                        =     0.243951   +/-   0.00249097  
p1                        =     0.276637   +/-   0.0016068   
****************************************
Minimizer is Minuit2 / Migrad
Chi2                      =      40.8859
NDf                       =            4
Edm                       =  1.53432e-20
NCalls                    =           55
p0                        =     0.258563   +/-   0.00327396  
p1                        =     0.252167   +/-   0.00190069  
p2                        =     0.286513   +/-   0.00215502  
****************************************
Minimizer is Minuit2 / Migrad
Chi2                      =        31.44
NDf                       =            3
Edm                       =  1.73778e-12
NCalls                    =           92
p0                        =     0.266973   +/-   0.00409255  
p1                        =     0.241592   +/-   0.00275821  
p2                        =     0.267489   +/-   0.00186459  
p3                        =      0.28205   +/-   0.00257401  
****************************************
Minimizer is Minuit2 / Migrad
Chi2                      =      19.6454
NDf                       =            2
Edm                       =  3.82948e-08
NCalls                    =          112
p0                        =     0.255711   +/-   0.00509961  
p1                        =     0.255348   +/-   0.00289439  
p2                        =     0.246322   +/-   0.00233849  
p3                        =     0.282555   +/-   0.00194821  
p4                        =     0.276338   +/-   0.00312652  
****************************************
Minimizer is Minuit2 / Migrad
Chi2                      =      2.46299
NDf                       =            1
Edm                       =  8.08976e-06
NCalls                    =          154
p0                        =     0.247538   +/-   0.00546868  
p1                        =     0.260997   +/-   0.00319987  
p2                        =     0.235955   +/-   0.00321065  
p3                        =     0.270337   +/-   0.00208357  
p4                        =     0.278962   +/-   0.00234416  
p5                        =     0.279574   +/-   0.00336382  
  [FIT] No fit met threshold. Falling back to best chi2/ndf.
  [FIT] Finalizing with loop variable 'segments' = 5
****************************************
Minimizer is Minuit2 / Migrad
Chi2                      =      2.30686
NDf                       =            1
Edm                       =  3.31718e-06
NCalls                    =          150
p0                        =     0.235797   +/-   0.00853771  
p1                        =     0.261022   +/-   0.00319447  
p2                        =     0.235844   +/-   0.00320726  
p3                        =     0.270295   +/-   0.00208325  
p4                        =     0.279019   +/-   0.0023557   
p5                        =      0.27912   +/-   0.00500011  
[SUCCESS] Created final fit for UnbiasedL1Inner_Nitrogen_TOF_L1QTemplate_EGE_SigmaR_spline with chi2/ndf = 2.46299

[INFO] Starting smart spline fit for: UnbiasedL1Inner_Nitrogen_TOF_L2QTemplate_EGE_SigmaR (7 points)
****************************************
Minimizer is Minuit2 / Migrad
Chi2                      =      39.0683
NDf                       =            5
Edm                       =  4.05094e-21
NCalls                    =           35
p0                        =     0.233566   +/-   0.00102028  
p1                        =     0.269608   +/-   0.00166809  
****************************************
Minimizer is Minuit2 / Migrad
Chi2                      =      37.8565
NDf                       =            4
Edm                       =  1.31549e-21
NCalls                    =           55
p0                        =     0.234225   +/-   0.00118307  
p1                        =     0.252572   +/-   0.00184914  
p2                        =     0.271325   +/-   0.00228358  
****************************************
Minimizer is Minuit2 / Migrad
Chi2                      =      22.0916
NDf                       =            3
Edm                       =  1.03931e-06
NCalls                    =           92
p0                        =     0.231644   +/-   0.00134521  
p1                        =     0.249879   +/-   0.00199901  
p2                        =     0.254874   +/-   0.0020261   
p3                        =     0.277616   +/-   0.00283862  
****************************************
Minimizer is Minuit2 / Migrad
Chi2                      =      4.21191
NDf                       =            2
Edm                       =  8.32546e-21
NCalls                    =          120
p0                        =     0.227712   +/-   0.00163116  
p1                        =     0.247682   +/-   0.00183239  
p2                        =     0.243698   +/-   0.00257284  
p3                        =     0.270024   +/-   0.00207304  
p4                        =     0.271767   +/-   0.00350309  
  [FIT] Found good fit candidate. Best segments so far: 4. Stopping search.
  [FIT] Finalizing with loop variable 'segments' = 4
****************************************
Minimizer is Minuit2 / Migrad
Chi2                      =      4.71967
NDf                       =            2
Edm                       =  4.88243e-20
NCalls                    =          128
p0                        =     0.218985   +/-   0.00285896  
p1                        =     0.247688   +/-   0.00184067  
p2                        =     0.244042   +/-   0.00253646  
p3                        =     0.269854   +/-   0.0021189   
p4                        =     0.271249   +/-   0.00486896  
[SUCCESS] Created final fit for UnbiasedL1Inner_Nitrogen_TOF_L2QTemplate_EGE_SigmaR_spline with chi2/ndf = 2.10595
begin drawing Nitrogen UnbiasedL1Inner TOF EGE_SigmaR
  [SUCCESS] Wrote constant TF1 'UnbiasedL1Inner_Nitrogen_TOF_L1QTemplate_EGE_AlphaL_spline' to file.
  [SUCCESS] Wrote constant TF1 'UnbiasedL1Inner_Nitrogen_TOF_L2QTemplate_EGE_AlphaL_spline' to file.
begin drawing Nitrogen UnbiasedL1Inner TOF EGE_AlphaL

[INFO] Starting smart spline fit for: UnbiasedL1Inner_Nitrogen_TOF_L1QTemplate_EGE_AlphaR (7 points)
****************************************
Minimizer is Minuit2 / Migrad
Chi2                      =      62.3162
NDf                       =            5
Edm                       =  8.55825e-22
NCalls                    =           31
p0                        =       1.1448   +/-   0.0208794   
p1                        =      1.42802   +/-   0.0195437   
****************************************
Minimizer is Minuit2 / Migrad
Chi2                      =      55.5922
NDf                       =            4
Edm                       =  3.43606e-06
NCalls                    =           59
p0                        =      1.19029   +/-   0.0272652   
p1                        =      1.26882   +/-   0.0189092   
p2                        =      1.47102   +/-   0.0256199   
****************************************
Minimizer is Minuit2 / Migrad
Chi2                      =       32.597
NDf                       =            3
Edm                       =  2.68178e-09
NCalls                    =           88
p0                        =      1.27116   +/-   0.0323446   
p1                        =       1.1487   +/-   0.02227     
p2                        =      1.43201   +/-   0.0241031   
p3                        =      1.38731   +/-   0.0313109   
****************************************
Minimizer is Minuit2 / Migrad
Chi2                      =      34.5687
NDf                       =            2
Edm                       =  1.14243e-05
NCalls                    =           99
p0                        =      1.21172   +/-   0.0392748   
p1                        =      1.19528   +/-   0.0253441   
p2                        =      1.24759   +/-   0.0229941   
p3                        =      1.48674   +/-   0.0243446   
p4                        =      1.33967   +/-   0.0385542   
****************************************
Minimizer is Minuit2 / Migrad
Chi2                      =     0.621765
NDf                       =            1
Edm                       =   3.8986e-06
NCalls                    =          147
p0                        =      1.11706   +/-   0.0427197   
p1                        =      1.27868   +/-   0.0292944   
p2                        =      1.08167   +/-   0.0258115   
p3                        =      1.49814   +/-   0.0272456   
p4                        =      1.41979   +/-   0.0284508   
p5                        =      1.40343   +/-   0.0412487   
  [FIT] No fit met threshold. Falling back to best chi2/ndf.
  [FIT] Finalizing with loop variable 'segments' = 5
****************************************
Minimizer is Minuit2 / Migrad
Chi2                      =     0.556858
NDf                       =            1
Edm                       =  9.06531e-08
NCalls                    =          147
p0                        =     0.996716   +/-   0.0692692   
p1                        =      1.27858   +/-   0.029236    
p2                        =      1.08127   +/-   0.0257927   
p3                        =      1.49734   +/-   0.0272102   
p4                        =      1.42022   +/-   0.0286144   
p5                        =      1.41432   +/-   0.0609188   
[SUCCESS] Created final fit for UnbiasedL1Inner_Nitrogen_TOF_L1QTemplate_EGE_AlphaR_spline with chi2/ndf = 0.621765

[INFO] Starting smart spline fit for: UnbiasedL1Inner_Nitrogen_TOF_L2QTemplate_EGE_AlphaR (7 points)
****************************************
Minimizer is Minuit2 / Migrad
Chi2                      =      32.8425
NDf                       =            5
Edm                       =  3.55863e-22
NCalls                    =           31
p0                        =      1.47103   +/-   0.0515117   
p1                        =      1.52541   +/-   0.0406016   
****************************************
Minimizer is Minuit2 / Migrad
Chi2                      =      19.1607
NDf                       =            4
Edm                       =  2.20941e-08
NCalls                    =           59
p0                        =      1.61082   +/-   0.063887    
p1                        =      1.41014   +/-   0.0347489   
p2                        =      1.65563   +/-   0.0537377   
****************************************
Minimizer is Minuit2 / Migrad
Chi2                      =      20.1153
NDf                       =            3
Edm                       =  8.61592e-22
NCalls                    =           80
p0                        =      1.62349   +/-   0.0694023   
p1                        =      1.39785   +/-   0.055389    
p2                        =      1.50095   +/-   0.0496948   
p3                        =      1.63083   +/-   0.0647892   
****************************************
Minimizer is Minuit2 / Migrad
Chi2                      =      5.11428
NDf                       =            2
Edm                       =  1.84221e-08
NCalls                    =          111
p0                        =      1.48187   +/-   0.0833175   
p1                        =      1.76834   +/-   0.10152     
p2                        =      1.33644   +/-   0.0405703   
p3                        =      1.71197   +/-   0.0546505   
p4                        =      1.48485   +/-   0.078951    
  [FIT] Found good fit candidate. Best segments so far: 4. Stopping search.
  [FIT] Finalizing with loop variable 'segments' = 4
****************************************
Minimizer is Minuit2 / Migrad
Chi2                      =      5.64266
NDf                       =            2
Edm                       =  1.30153e-21
NCalls                    =          112
p0                        =      1.31228   +/-   0.145978    
p1                        =      1.77619   +/-   0.107151    
p2                        =        1.339   +/-   0.0404052   
p3                        =       1.7134   +/-   0.0558931   
p4                        =      1.38644   +/-   0.111416    
[SUCCESS] Created final fit for UnbiasedL1Inner_Nitrogen_TOF_L2QTemplate_EGE_AlphaR_spline with chi2/ndf = 2.55714
begin drawing Nitrogen UnbiasedL1Inner TOF EGE_AlphaR
begin drawing Nitrogen UnbiasedL1Inner TOF EGE_Chi2NDF

[INFO] Starting smart spline fit for: UnbiasedL1Inner_Nitrogen_NaF_L1QTemplate_LG_Width (16 points)
****************************************
Minimizer is Minuit2 / Migrad
Chi2                      =      18.0383
NDf                       =           14
Edm                       =  1.41619e-23
NCalls                    =           29
p0                        =    0.0199802   +/-   0.00414655  
p1                        =    0.0349452   +/-   0.00346151  
  [FIT] Found good fit candidate. Best segments so far: 1. Stopping search.
  [FIT] Finalizing with loop variable 'segments' = 1
****************************************
Minimizer is Minuit2 / Migrad
Chi2                      =      19.4776
NDf                       =           14
Edm                       =  1.78111e-23
NCalls                    =           29
p0                        =    0.0196026   +/-   0.00482293  
p1                        =    0.0354116   +/-   0.00402155  
[SUCCESS] Created final fit for UnbiasedL1Inner_Nitrogen_NaF_L1QTemplate_LG_Width_spline with chi2/ndf = 1.28845

[INFO] Starting smart spline fit for: UnbiasedL1Inner_Nitrogen_NaF_L2QTemplate_LG_Width (16 points)
****************************************
Minimizer is Minuit2 / Migrad
Chi2                      =      6.87736
NDf                       =           14
Edm                       =   1.2979e-23
NCalls                    =           31
p0                        =     0.022745   +/-   0.00636832  
p1                        =    0.0394737   +/-   0.00501676  
  [FIT] Found good fit candidate. Best segments so far: 1. Stopping search.
  [FIT] Finalizing with loop variable 'segments' = 1
****************************************
Minimizer is Minuit2 / Migrad
Chi2                      =      6.95347
NDf                       =           14
Edm                       =  8.34067e-25
NCalls                    =           31
p0                        =    0.0211169   +/-   0.00726974  
p1                        =    0.0413778   +/-   0.00596699  
[SUCCESS] Created final fit for UnbiasedL1Inner_Nitrogen_NaF_L2QTemplate_LG_Width_spline with chi2/ndf = 0.49124
begin drawing Nitrogen UnbiasedL1Inner NaF LG_Width

[INFO] Starting smart spline fit for: UnbiasedL1Inner_Nitrogen_NaF_L1QTemplate_LG_MPV (16 points)
****************************************
Minimizer is Minuit2 / Migrad
Chi2                      =       71.474
NDf                       =           14
Edm                       =  2.66901e-18
NCalls                    =           43
p0                        =      6.94902   +/-   0.00370135  
p1                        =      6.90295   +/-   0.00389584  
****************************************
Minimizer is Minuit2 / Migrad
Chi2                      =      27.6932
NDf                       =           13
Edm                       =  4.16714e-13
NCalls                    =           71
p0                        =      6.96882   +/-   0.00475989  
p1                        =      6.89814   +/-   0.00403536  
p2                        =      6.91955   +/-   0.00463419  
  [FIT] Found good fit candidate. Best segments so far: 2. Stopping search.
  [FIT] Finalizing with loop variable 'segments' = 2
****************************************
Minimizer is Minuit2 / Migrad
Chi2                      =      33.6495
NDf                       =           13
Edm                       =  9.32023e-08
NCalls                    =           65
p0                        =      6.97598   +/-   0.00556156  
p1                        =      6.90482   +/-   0.00349795  
p2                        =      6.92088   +/-   0.00519106  
[SUCCESS] Created final fit for UnbiasedL1Inner_Nitrogen_NaF_L1QTemplate_LG_MPV_spline with chi2/ndf = 2.13024

[INFO] Starting smart spline fit for: UnbiasedL1Inner_Nitrogen_NaF_L2QTemplate_LG_MPV (16 points)
****************************************
Minimizer is Minuit2 / Migrad
Chi2                      =      47.2073
NDf                       =           14
Edm                       =  2.68249e-20
NCalls                    =           41
p0                        =      6.94645   +/-   0.00534767  
p1                        =      6.90203   +/-   0.00481431  
****************************************
Minimizer is Minuit2 / Migrad
Chi2                      =      21.0217
NDf                       =           13
Edm                       =  8.74957e-19
NCalls                    =           71
p0                        =      6.97744   +/-   0.00807929  
p1                        =      6.89013   +/-   0.00623279  
p2                        =      6.92251   +/-   0.00625985  
  [FIT] Found good fit candidate. Best segments so far: 2. Stopping search.
  [FIT] Finalizing with loop variable 'segments' = 2
****************************************
Minimizer is Minuit2 / Migrad
Chi2                      =      29.5021
NDf                       =           13
Edm                       =  1.05637e-19
NCalls                    =           69
p0                        =      6.99782   +/-   0.0120496   
p1                        =      6.89816   +/-   0.00555325  
p2                        =      6.92738   +/-   0.00851839  
[SUCCESS] Created final fit for UnbiasedL1Inner_Nitrogen_NaF_L2QTemplate_LG_MPV_spline with chi2/ndf = 1.61706
begin drawing Nitrogen UnbiasedL1Inner NaF LG_MPV

[INFO] Starting smart spline fit for: UnbiasedL1Inner_Nitrogen_NaF_L1QTemplate_LG_Sigma (16 points)
****************************************
Minimizer is Minuit2 / Migrad
Chi2                      =      13.4627
NDf                       =           14
Edm                       =   1.2974e-22
NCalls                    =           35
p0                        =     0.233837   +/-   0.00344166  
p1                        =     0.214476   +/-   0.0034671   
  [FIT] Found good fit candidate. Best segments so far: 1. Stopping search.
  [FIT] Finalizing with loop variable 'segments' = 1
****************************************
Minimizer is Minuit2 / Migrad
Chi2                      =      15.2363
NDf                       =           14
Edm                       =  1.56404e-23
NCalls                    =           33
p0                        =     0.234707   +/-   0.00387543  
p1                        =     0.213987   +/-   0.00380055  
[SUCCESS] Created final fit for UnbiasedL1Inner_Nitrogen_NaF_L1QTemplate_LG_Sigma_spline with chi2/ndf = 0.961621

[INFO] Starting smart spline fit for: UnbiasedL1Inner_Nitrogen_NaF_L2QTemplate_LG_Sigma (16 points)
****************************************
Minimizer is Minuit2 / Migrad
Chi2                      =      29.5765
NDf                       =           14
Edm                       =   3.6714e-23
NCalls                    =           31
p0                        =     0.228784   +/-   0.0044353   
p1                        =     0.211202   +/-   0.00462762  
****************************************
Minimizer is Minuit2 / Migrad
Chi2                      =      28.3669
NDf                       =           13
Edm                       =  1.91278e-22
NCalls                    =           53
p0                        =     0.233323   +/-   0.00605861  
p1                        =     0.212741   +/-   0.00519361  
p2                        =     0.215503   +/-   0.00605924  
  [FIT] Found good fit candidate. Best segments so far: 1. Stopping search.
  [FIT] Finalizing with loop variable 'segments' = 1
****************************************
Minimizer is Minuit2 / Migrad
Chi2                      =      30.2892
NDf                       =           14
Edm                       =  2.46686e-23
NCalls                    =           31
p0                        =     0.230252   +/-   0.00519365  
p1                        =      0.20995   +/-   0.00532843  
[SUCCESS] Created final fit for UnbiasedL1Inner_Nitrogen_NaF_L2QTemplate_LG_Sigma_spline with chi2/ndf = 2.1126
begin drawing Nitrogen UnbiasedL1Inner NaF LG_Sigma
begin drawing Nitrogen UnbiasedL1Inner NaF LG_Chi2NDF

[INFO] Starting smart spline fit for: UnbiasedL1Inner_Nitrogen_NaF_L1QTemplate_EGE_Peak (16 points)
****************************************
Minimizer is Minuit2 / Migrad
Chi2                      =      21.9144
NDf                       =           14
Edm                       =  1.14493e-18
NCalls                    =           43
p0                        =      6.97356   +/-   0.00648508  
p1                        =      6.96013   +/-   0.00734909  
  [FIT] Found good fit candidate. Best segments so far: 1. Stopping search.
  [FIT] Finalizing with loop variable 'segments' = 1
****************************************
Minimizer is Minuit2 / Migrad
Chi2                      =      21.7418
NDf                       =           14
Edm                       =  1.28052e-21
NCalls                    =           41
p0                        =      6.97537   +/-   0.00744078  
p1                        =      6.95819   +/-   0.00838992  
[SUCCESS] Created final fit for UnbiasedL1Inner_Nitrogen_NaF_L1QTemplate_EGE_Peak_spline with chi2/ndf = 1.56532

[INFO] Starting smart spline fit for: UnbiasedL1Inner_Nitrogen_NaF_L2QTemplate_EGE_Peak (16 points)
****************************************
Minimizer is Minuit2 / Migrad
Chi2                      =      34.1859
NDf                       =           14
Edm                       =  3.71286e-19
NCalls                    =           41
p0                        =      6.96426   +/-   0.00771991  
p1                        =      6.93612   +/-   0.00778034  
****************************************
Minimizer is Minuit2 / Migrad
Chi2                      =      26.8596
NDf                       =           13
Edm                       =  2.57883e-11
NCalls                    =           71
p0                        =       6.9797   +/-   0.00959918  
p1                        =      6.93113   +/-   0.00732258  
p2                        =      6.95759   +/-   0.0111105   
  [FIT] Found good fit candidate. Best segments so far: 1. Stopping search.
  [FIT] Finalizing with loop variable 'segments' = 1
****************************************
Minimizer is Minuit2 / Migrad
Chi2                      =      34.3055
NDf                       =           14
Edm                       =  1.30951e-18
NCalls                    =           41
p0                        =      6.96703   +/-   0.00886806  
p1                        =      6.93321   +/-   0.00898925  
[SUCCESS] Created final fit for UnbiasedL1Inner_Nitrogen_NaF_L2QTemplate_EGE_Peak_spline with chi2/ndf = 2.44185
begin drawing Nitrogen UnbiasedL1Inner NaF EGE_Peak

[INFO] Starting smart spline fit for: UnbiasedL1Inner_Nitrogen_NaF_L1QTemplate_EGE_SigmaL (16 points)
****************************************
Minimizer is Minuit2 / Migrad
Chi2                      =      10.2914
NDf                       =           14
Edm                       =  1.47326e-22
NCalls                    =           31
p0                        =     0.239368   +/-   0.00471195  
p1                        =     0.229521   +/-   0.00504929  
  [FIT] Found good fit candidate. Best segments so far: 1. Stopping search.
  [FIT] Finalizing with loop variable 'segments' = 1
****************************************
Minimizer is Minuit2 / Migrad
Chi2                      =      10.2976
NDf                       =           14
Edm                       =  1.20416e-22
NCalls                    =           31
p0                        =     0.240344   +/-   0.00539144  
p1                        =     0.228479   +/-   0.00579437  
[SUCCESS] Created final fit for UnbiasedL1Inner_Nitrogen_NaF_L1QTemplate_EGE_SigmaL_spline with chi2/ndf = 0.735102

[INFO] Starting smart spline fit for: UnbiasedL1Inner_Nitrogen_NaF_L2QTemplate_EGE_SigmaL (16 points)
****************************************
Minimizer is Minuit2 / Migrad
Chi2                      =      33.8819
NDf                       =           14
Edm                       =  1.39747e-23
NCalls                    =           31
p0                        =     0.224591   +/-   0.0057036   
p1                        =     0.208172   +/-   0.00549726  
****************************************
Minimizer is Minuit2 / Migrad
Chi2                      =      33.8316
NDf                       =           13
Edm                       =  1.54163e-22
NCalls                    =           53
p0                        =     0.223675   +/-   0.00701499  
p1                        =     0.214939   +/-   0.00520818  
p2                        =     0.206952   +/-   0.00773115  
****************************************
Minimizer is Minuit2 / Migrad
Chi2                      =      33.8311
NDf                       =           12
Edm                       =  3.21566e-23
NCalls                    =           80
p0                        =     0.223355   +/-   0.00818305  
p1                        =     0.219763   +/-   0.00646611  
p2                        =     0.211381   +/-   0.00617175  
p3                        =     0.207453   +/-   0.00950095  
  [FIT] Found good fit candidate. Best segments so far: 2. Stopping search.
  [FIT] Finalizing with loop variable 'segments' = 2
****************************************
Minimizer is Minuit2 / Migrad
Chi2                      =       33.747
NDf                       =           13
Edm                       =  3.90457e-23
NCalls                    =           53
p0                        =     0.226374   +/-   0.00884816  
p1                        =     0.214438   +/-   0.0047244   
p2                        =     0.206047   +/-   0.00970687  
[SUCCESS] Created final fit for UnbiasedL1Inner_Nitrogen_NaF_L2QTemplate_EGE_SigmaL_spline with chi2/ndf = 2.60243
begin drawing Nitrogen UnbiasedL1Inner NaF EGE_SigmaL

[INFO] Starting smart spline fit for: UnbiasedL1Inner_Nitrogen_NaF_L1QTemplate_EGE_SigmaR (16 points)
****************************************
Minimizer is Minuit2 / Migrad
Chi2                      =      19.7388
NDf                       =           14
Edm                       =  6.26983e-22
NCalls                    =           31
p0                        =     0.262085   +/-   0.00550727  
p1                        =     0.244168   +/-   0.00808161  
  [FIT] Found good fit candidate. Best segments so far: 1. Stopping search.
  [FIT] Finalizing with loop variable 'segments' = 1
****************************************
Minimizer is Minuit2 / Migrad
Chi2                      =      20.1276
NDf                       =           14
Edm                       =  1.41058e-22
NCalls                    =           31
p0                        =     0.263174   +/-   0.00632762  
p1                        =     0.243479   +/-   0.00903921  
[SUCCESS] Created final fit for UnbiasedL1Inner_Nitrogen_NaF_L1QTemplate_EGE_SigmaR_spline with chi2/ndf = 1.40991

[INFO] Starting smart spline fit for: UnbiasedL1Inner_Nitrogen_NaF_L2QTemplate_EGE_SigmaR (16 points)
****************************************
Minimizer is Minuit2 / Migrad
Chi2                      =      22.3921
NDf                       =           14
Edm                       =  9.86049e-06
NCalls                    =           25
p0                        =     0.262435   +/-   0.00653541  
p1                        =     0.275817   +/-   0.00757075  
  [FIT] Found good fit candidate. Best segments so far: 1. Stopping search.
  [FIT] Finalizing with loop variable 'segments' = 1
****************************************
Minimizer is Minuit2 / Migrad
Chi2                      =      22.4342
NDf                       =           14
Edm                       =   3.3707e-23
NCalls                    =           31
p0                        =      0.26096   +/-   0.00768247  
p1                        =     0.277273   +/-   0.00877987  
[SUCCESS] Created final fit for UnbiasedL1Inner_Nitrogen_NaF_L2QTemplate_EGE_SigmaR_spline with chi2/ndf = 1.59944
begin drawing Nitrogen UnbiasedL1Inner NaF EGE_SigmaR
  [SUCCESS] Wrote constant TF1 'UnbiasedL1Inner_Nitrogen_NaF_L1QTemplate_EGE_AlphaL_spline' to file.
  [SUCCESS] Wrote constant TF1 'UnbiasedL1Inner_Nitrogen_NaF_L2QTemplate_EGE_AlphaL_spline' to file.
begin drawing Nitrogen UnbiasedL1Inner NaF EGE_AlphaL

[INFO] Starting smart spline fit for: UnbiasedL1Inner_Nitrogen_NaF_L1QTemplate_EGE_AlphaR (16 points)
****************************************
Minimizer is Minuit2 / Migrad
Chi2                      =      8.56053
NDf                       =           14
Edm                       =  5.50305e-23
NCalls                    =           31
p0                        =      1.50466   +/-   0.133748    
p1                        =      1.10997   +/-   0.0782776   
  [FIT] Found good fit candidate. Best segments so far: 1. Stopping search.
  [FIT] Finalizing with loop variable 'segments' = 1
****************************************
Minimizer is Minuit2 / Migrad
Chi2                      =      8.57819
NDf                       =           14
Edm                       =  5.39829e-23
NCalls                    =           31
p0                        =      1.54029   +/-   0.149316    
p1                        =      1.06965   +/-   0.0932211   
[SUCCESS] Created final fit for UnbiasedL1Inner_Nitrogen_NaF_L1QTemplate_EGE_AlphaR_spline with chi2/ndf = 0.611467

[INFO] Starting smart spline fit for: UnbiasedL1Inner_Nitrogen_NaF_L2QTemplate_EGE_AlphaR (16 points)
****************************************
Minimizer is Minuit2 / Migrad
Chi2                      =        9.618
NDf                       =           14
Edm                       =  8.17042e-24
NCalls                    =           31
p0                        =      1.43578   +/-   0.130767    
p1                        =      1.21726   +/-   0.117277    
  [FIT] Found good fit candidate. Best segments so far: 1. Stopping search.
  [FIT] Finalizing with loop variable 'segments' = 1
****************************************
Minimizer is Minuit2 / Migrad
Chi2                      =      9.84663
NDf                       =           14
Edm                       =  2.71829e-24
NCalls                    =           31
p0                        =      1.43562   +/-   0.14071     
p1                        =      1.21215   +/-   0.129555    
[SUCCESS] Created final fit for UnbiasedL1Inner_Nitrogen_NaF_L2QTemplate_EGE_AlphaR_spline with chi2/ndf = 0.687
begin drawing Nitrogen UnbiasedL1Inner NaF EGE_AlphaR
begin drawing Nitrogen UnbiasedL1Inner NaF EGE_Chi2NDF

[INFO] Starting smart spline fit for: UnbiasedL1Inner_Nitrogen_AGL_L1QTemplate_LG_Width (22 points)
****************************************
Minimizer is Minuit2 / Migrad
Chi2                      =      24.3212
NDf                       =           20
Edm                       =  1.85509e-23
NCalls                    =           31
p0                        =     0.032705   +/-   0.00172743  
p1                        =    0.0291356   +/-   0.00306162  
  [FIT] Found good fit candidate. Best segments so far: 1. Stopping search.
  [FIT] Finalizing with loop variable 'segments' = 1
****************************************
Minimizer is Minuit2 / Migrad
Chi2                      =      24.2501
NDf                       =           20
Edm                       =  5.24438e-24
NCalls                    =           31
p0                        =    0.0331274   +/-   0.00203957  
p1                        =    0.0286304   +/-   0.00346014  
[SUCCESS] Created final fit for UnbiasedL1Inner_Nitrogen_AGL_L1QTemplate_LG_Width_spline with chi2/ndf = 1.21606

[INFO] Starting smart spline fit for: UnbiasedL1Inner_Nitrogen_AGL_L2QTemplate_LG_Width (22 points)
****************************************
Minimizer is Minuit2 / Migrad
Chi2                      =      17.0891
NDf                       =           20
Edm                       =  6.82796e-24
NCalls                    =           31
p0                        =    0.0366547   +/-   0.00221498  
p1                        =    0.0200994   +/-   0.00368488  
  [FIT] Found good fit candidate. Best segments so far: 1. Stopping search.
  [FIT] Finalizing with loop variable 'segments' = 1
****************************************
Minimizer is Minuit2 / Migrad
Chi2                      =      15.4404
NDf                       =           20
Edm                       =  2.08133e-24
NCalls                    =           31
p0                        =    0.0386891   +/-   0.00256161  
p1                        =    0.0175303   +/-   0.0041367   
[SUCCESS] Created final fit for UnbiasedL1Inner_Nitrogen_AGL_L2QTemplate_LG_Width_spline with chi2/ndf = 0.854453
begin drawing Nitrogen UnbiasedL1Inner AGL LG_Width

[INFO] Starting smart spline fit for: UnbiasedL1Inner_Nitrogen_AGL_L1QTemplate_LG_MPV (22 points)
****************************************
Minimizer is Minuit2 / Migrad
Chi2                      =      28.3488
NDf                       =           20
Edm                       =  9.22148e-19
NCalls                    =           41
p0                        =      6.91046   +/-   0.00255313  
p1                        =      6.93535   +/-   0.00369566  
  [FIT] Found good fit candidate. Best segments so far: 1. Stopping search.
  [FIT] Finalizing with loop variable 'segments' = 1
****************************************
Minimizer is Minuit2 / Migrad
Chi2                      =      27.3882
NDf                       =           20
Edm                       =  1.89276e-19
NCalls                    =           41
p0                        =      6.90808   +/-   0.00289282  
p1                        =      6.93744   +/-   0.00401393  
[SUCCESS] Created final fit for UnbiasedL1Inner_Nitrogen_AGL_L1QTemplate_LG_MPV_spline with chi2/ndf = 1.41744

[INFO] Starting smart spline fit for: UnbiasedL1Inner_Nitrogen_AGL_L2QTemplate_LG_MPV (22 points)
****************************************
Minimizer is Minuit2 / Migrad
Chi2                      =      29.7012
NDf                       =           20
Edm                       =  8.75375e-19
NCalls                    =           43
p0                        =      6.90479   +/-   0.00295317  
p1                        =      6.93587   +/-   0.00361427  
  [FIT] Found good fit candidate. Best segments so far: 1. Stopping search.
  [FIT] Finalizing with loop variable 'segments' = 1
****************************************
Minimizer is Minuit2 / Migrad
Chi2                      =        25.97
NDf                       =           20
Edm                       =  7.13565e-21
NCalls                    =           39
p0                        =      6.90157   +/-   0.00326978  
p1                        =      6.93928   +/-   0.00395498  
[SUCCESS] Created final fit for UnbiasedL1Inner_Nitrogen_AGL_L2QTemplate_LG_MPV_spline with chi2/ndf = 1.48506
begin drawing Nitrogen UnbiasedL1Inner AGL LG_MPV

[INFO] Starting smart spline fit for: UnbiasedL1Inner_Nitrogen_AGL_L1QTemplate_LG_Sigma (22 points)
****************************************
Minimizer is Minuit2 / Migrad
Chi2                      =      25.8291
NDf                       =           20
Edm                       =  1.24279e-22
NCalls                    =           33
p0                        =     0.214853   +/-   0.00200251  
p1                        =     0.208922   +/-   0.00307996  
  [FIT] Found good fit candidate. Best segments so far: 1. Stopping search.
  [FIT] Finalizing with loop variable 'segments' = 1
****************************************
Minimizer is Minuit2 / Migrad
Chi2                      =      25.6649
NDf                       =           20
Edm                       =  8.53376e-23
NCalls                    =           33
p0                        =     0.215508   +/-   0.00230173  
p1                        =     0.208252   +/-   0.00339643  
[SUCCESS] Created final fit for UnbiasedL1Inner_Nitrogen_AGL_L1QTemplate_LG_Sigma_spline with chi2/ndf = 1.29146

[INFO] Starting smart spline fit for: UnbiasedL1Inner_Nitrogen_AGL_L2QTemplate_LG_Sigma (22 points)
****************************************
Minimizer is Minuit2 / Migrad
Chi2                      =      40.6703
NDf                       =           20
Edm                       =  7.14931e-23
NCalls                    =           31
p0                        =     0.209231   +/-   0.00257001  
p1                        =     0.206962   +/-   0.00338889  
****************************************
Minimizer is Minuit2 / Migrad
Chi2                      =      40.5051
NDf                       =           19
Edm                       =  6.07506e-17
NCalls                    =           58
p0                        =     0.208531   +/-   0.00309317  
p1                        =     0.208852   +/-   0.00309406  
p2                        =     0.205837   +/-   0.00437579  
  [FIT] Found good fit candidate. Best segments so far: 1. Stopping search.
  [FIT] Finalizing with loop variable 'segments' = 1
****************************************
Minimizer is Minuit2 / Migrad
Chi2                      =      40.8667
NDf                       =           20
Edm                       =  6.79579e-23
NCalls                    =           31
p0                        =     0.208682   +/-   0.00290971  
p1                        =     0.207836   +/-   0.00374196  
[SUCCESS] Created final fit for UnbiasedL1Inner_Nitrogen_AGL_L2QTemplate_LG_Sigma_spline with chi2/ndf = 2.03351
begin drawing Nitrogen UnbiasedL1Inner AGL LG_Sigma
begin drawing Nitrogen UnbiasedL1Inner AGL LG_Chi2NDF

[INFO] Starting smart spline fit for: UnbiasedL1Inner_Nitrogen_AGL_L1QTemplate_EGE_Peak (22 points)
****************************************
Minimizer is Minuit2 / Migrad
Chi2                      =      20.0853
NDf                       =           20
Edm                       =  5.61712e-18
NCalls                    =           43
p0                        =      6.97062   +/-   0.00364484  
p1                        =      7.00564   +/-   0.00488724  
  [FIT] Found good fit candidate. Best segments so far: 1. Stopping search.
  [FIT] Finalizing with loop variable 'segments' = 1
****************************************
Minimizer is Minuit2 / Migrad
Chi2                      =      21.4268
NDf                       =           20
Edm                       =  1.48041e-22
NCalls                    =           41
p0                        =      6.96775   +/-   0.00416813  
p1                        =      7.00829   +/-   0.00547365  
[SUCCESS] Created final fit for UnbiasedL1Inner_Nitrogen_AGL_L1QTemplate_EGE_Peak_spline with chi2/ndf = 1.00427

[INFO] Starting smart spline fit for: UnbiasedL1Inner_Nitrogen_AGL_L2QTemplate_EGE_Peak (22 points)
****************************************
Minimizer is Minuit2 / Migrad
Chi2                      =      21.4215
NDf                       =           20
Edm                       =  8.36407e-19
NCalls                    =           43
p0                        =      6.95239   +/-   0.00403212  
p1                        =      6.96548   +/-   0.00591146  
  [FIT] Found good fit candidate. Best segments so far: 1. Stopping search.
  [FIT] Finalizing with loop variable 'segments' = 1
****************************************
Minimizer is Minuit2 / Migrad
Chi2                      =      20.7233
NDf                       =           20
Edm                       =  2.69285e-19
NCalls                    =           43
p0                        =      6.95033   +/-   0.00466641  
p1                        =      6.96824   +/-   0.00675447  
[SUCCESS] Created final fit for UnbiasedL1Inner_Nitrogen_AGL_L2QTemplate_EGE_Peak_spline with chi2/ndf = 1.07107
begin drawing Nitrogen UnbiasedL1Inner AGL EGE_Peak

[INFO] Starting smart spline fit for: UnbiasedL1Inner_Nitrogen_AGL_L1QTemplate_EGE_SigmaL (22 points)
****************************************
Minimizer is Minuit2 / Migrad
Chi2                      =      29.1353
NDf                       =           20
Edm                       =  4.53105e-22
NCalls                    =           33
p0                        =     0.230338   +/-   0.00252225  
p1                        =      0.23012   +/-   0.00389648  
  [FIT] Found good fit candidate. Best segments so far: 1. Stopping search.
  [FIT] Finalizing with loop variable 'segments' = 1
****************************************
Minimizer is Minuit2 / Migrad
Chi2                      =      29.0576
NDf                       =           20
Edm                       =  4.37683e-22
NCalls                    =           33
p0                        =     0.230938   +/-   0.00293409  
p1                        =     0.229122   +/-   0.00439042  
[SUCCESS] Created final fit for UnbiasedL1Inner_Nitrogen_AGL_L1QTemplate_EGE_SigmaL_spline with chi2/ndf = 1.45676

[INFO] Starting smart spline fit for: UnbiasedL1Inner_Nitrogen_AGL_L2QTemplate_EGE_SigmaL (22 points)
****************************************
Minimizer is Minuit2 / Migrad
Chi2                      =      37.8083
NDf                       =           20
Edm                       =  1.24911e-23
NCalls                    =           31
p0                        =      0.21766   +/-   0.00285655  
p1                        =     0.202378   +/-   0.00431061  
****************************************
Minimizer is Minuit2 / Migrad
Chi2                      =      35.7507
NDf                       =           19
Edm                       =  3.94958e-22
NCalls                    =           59
p0                        =     0.215108   +/-   0.00336537  
p1                        =     0.211836   +/-   0.0033154   
p2                        =     0.194683   +/-   0.00688216  
  [FIT] Found good fit candidate. Best segments so far: 1. Stopping search.
  [FIT] Finalizing with loop variable 'segments' = 1
****************************************
Minimizer is Minuit2 / Migrad
Chi2                      =      39.4361
NDf                       =           20
Edm                       =   1.3646e-22
NCalls                    =           31
p0                        =     0.218182   +/-   0.00329448  
p1                        =     0.202263   +/-   0.00489795  
[SUCCESS] Created final fit for UnbiasedL1Inner_Nitrogen_AGL_L2QTemplate_EGE_SigmaL_spline with chi2/ndf = 1.89042
begin drawing Nitrogen UnbiasedL1Inner AGL EGE_SigmaL

[INFO] Starting smart spline fit for: UnbiasedL1Inner_Nitrogen_AGL_L1QTemplate_EGE_SigmaR (22 points)
****************************************
Minimizer is Minuit2 / Migrad
Chi2                      =      19.6843
NDf                       =           20
Edm                       =  4.07151e-23
NCalls                    =           31
p0                        =     0.249537   +/-   0.0043107   
p1                        =     0.214123   +/-   0.00606562  
  [FIT] Found good fit candidate. Best segments so far: 1. Stopping search.
  [FIT] Finalizing with loop variable 'segments' = 1
****************************************
Minimizer is Minuit2 / Migrad
Chi2                      =      19.4551
NDf                       =           20
Edm                       =  4.44147e-24
NCalls                    =           31
p0                        =     0.253049   +/-   0.00494453  
p1                        =     0.210782   +/-   0.00674444  
[SUCCESS] Created final fit for UnbiasedL1Inner_Nitrogen_AGL_L1QTemplate_EGE_SigmaR_spline with chi2/ndf = 0.984216

[INFO] Starting smart spline fit for: UnbiasedL1Inner_Nitrogen_AGL_L2QTemplate_EGE_SigmaR (22 points)
****************************************
Minimizer is Minuit2 / Migrad
Chi2                      =      30.6065
NDf                       =           20
Edm                       =  2.04356e-23
NCalls                    =           31
p0                        =     0.270282   +/-   0.00386013  
p1                        =     0.260774   +/-   0.00506751  
  [FIT] Found good fit candidate. Best segments so far: 1. Stopping search.
  [FIT] Finalizing with loop variable 'segments' = 1
****************************************
Minimizer is Minuit2 / Migrad
Chi2                      =      30.3505
NDf                       =           20
Edm                       =  8.42944e-23
NCalls                    =           31
p0                        =     0.271741   +/-   0.00455917  
p1                        =     0.259026   +/-   0.00593251  
[SUCCESS] Created final fit for UnbiasedL1Inner_Nitrogen_AGL_L2QTemplate_EGE_SigmaR_spline with chi2/ndf = 1.53032
begin drawing Nitrogen UnbiasedL1Inner AGL EGE_SigmaR
  [SUCCESS] Wrote constant TF1 'UnbiasedL1Inner_Nitrogen_AGL_L1QTemplate_EGE_AlphaL_spline' to file.
  [SUCCESS] Wrote constant TF1 'UnbiasedL1Inner_Nitrogen_AGL_L2QTemplate_EGE_AlphaL_spline' to file.
begin drawing Nitrogen UnbiasedL1Inner AGL EGE_AlphaL

[INFO] Starting smart spline fit for: UnbiasedL1Inner_Nitrogen_AGL_L1QTemplate_EGE_AlphaR (22 points)
****************************************
Minimizer is Minuit2 / Migrad
Chi2                      =      44.4638
NDf                       =           20
Edm                       =  9.05815e-23
NCalls                    =           31
p0                        =      1.28587   +/-   0.0384515   
p1                        =     0.796857   +/-   0.0329732   
****************************************
Minimizer is Minuit2 / Migrad
Chi2                      =      42.7599
NDf                       =           19
Edm                       =  1.39612e-08
NCalls                    =           59
p0                        =      1.25254   +/-   0.0461591   
p1                        =      1.04322   +/-   0.0430858   
p2                        =     0.762119   +/-   0.0423709   
  [FIT] Found good fit candidate. Best segments so far: 1. Stopping search.
  [FIT] Finalizing with loop variable 'segments' = 1
****************************************
Minimizer is Minuit2 / Migrad
Chi2                      =      52.0782
NDf                       =           20
Edm                       =  4.89571e-23
NCalls                    =           31
p0                        =      1.30883   +/-   0.0423423   
p1                        =     0.769966   +/-   0.0366624   
[SUCCESS] Created final fit for UnbiasedL1Inner_Nitrogen_AGL_L1QTemplate_EGE_AlphaR_spline with chi2/ndf = 2.22319

[INFO] Starting smart spline fit for: UnbiasedL1Inner_Nitrogen_AGL_L2QTemplate_EGE_AlphaR (22 points)
****************************************
Minimizer is Minuit2 / Migrad
Chi2                      =      34.2139
NDf                       =           20
Edm                       =  2.55451e-23
NCalls                    =           31
p0                        =      1.35175   +/-   0.07014     
p1                        =      1.40899   +/-   0.0965131   
  [FIT] Found good fit candidate. Best segments so far: 1. Stopping search.
  [FIT] Finalizing with loop variable 'segments' = 1
****************************************
Minimizer is Minuit2 / Migrad
Chi2                      =      34.1999
NDf                       =           20
Edm                       =    1.641e-23
NCalls                    =           31
p0                        =       1.3466   +/-   0.0774474   
p1                        =      1.41486   +/-   0.105439    
[SUCCESS] Created final fit for UnbiasedL1Inner_Nitrogen_AGL_L2QTemplate_EGE_AlphaR_spline with chi2/ndf = 1.71069
begin drawing Nitrogen UnbiasedL1Inner AGL EGE_AlphaR
begin drawing Nitrogen UnbiasedL1Inner AGL EGE_Chi2NDF

[INFO] Starting smart spline fit for: L1Inner_Oxygen_TOF_L1QTemplate_LG_Width (7 points)
****************************************
Minimizer is Minuit2 / Migrad
Chi2                      =      81.6932
NDf                       =            5
Edm                       =  1.47754e-23
NCalls                    =           31
p0                        =    0.0247018   +/-   0.000735506 
p1                        =     0.024019   +/-   0.000616407 
****************************************
Minimizer is Minuit2 / Migrad
Chi2                      =      78.6099
NDf                       =            4
Edm                       =  1.54927e-08
NCalls                    =           59
p0                        =    0.0258347   +/-   0.000978378 
p1                        =    0.0235188   +/-   0.000586599 
p2                        =    0.0246907   +/-   0.000725464 
****************************************
Minimizer is Minuit2 / Migrad
Chi2                      =      69.4108
NDf                       =            3
Edm                       =  2.02513e-22
NCalls                    =           89
p0                        =    0.0272078   +/-   0.001099    
p1                        =    0.0224917   +/-   0.000714348 
p2                        =    0.0263145   +/-   0.000959292 
p3                        =    0.0235647   +/-   0.000801706 
****************************************
Minimizer is Minuit2 / Migrad
Chi2                      =      17.5485
NDf                       =            2
Edm                       =   5.9005e-08
NCalls                    =          111
p0                        =      0.02323   +/-   0.00129701  
p1                        =    0.0290154   +/-   0.00111482  
p2                        =    0.0214637   +/-   0.000726497 
p3                        =    0.0320489   +/-   0.00115935  
p4                        =    0.0202167   +/-   0.000950705 
****************************************
Minimizer is Minuit2 / Migrad
Chi2                      =      3.72187
NDf                       =            1
Edm                       =  1.33897e-21
NCalls                    =          151
p0                        =     0.019295   +/-   0.0015703   
p1                        =    0.0348877   +/-   0.00173778  
p2                        =    0.0221956   +/-   0.000766438 
p3                        =    0.0299238   +/-   0.00109981  
p4                        =    0.0300633   +/-   0.00136933  
p5                        =    0.0211951   +/-   0.00103365  
  [FIT] No fit met threshold. Falling back to best chi2/ndf.
  [FIT] Finalizing with loop variable 'segments' = 5
****************************************
Minimizer is Minuit2 / Migrad
Chi2                      =      4.36777
NDf                       =            1
Edm                       =  5.00343e-21
NCalls                    =          164
p0                        =    0.0100219   +/-   0.00296735  
p1                        =    0.0348831   +/-   0.0017381   
p2                        =    0.0221597   +/-   0.000765762 
p3                        =    0.0297164   +/-   0.00109101  
p4                        =    0.0301084   +/-   0.00137896  
p5                        =    0.0180704   +/-   0.00178893  
[SUCCESS] Created final fit for L1Inner_Oxygen_TOF_L1QTemplate_LG_Width_spline with chi2/ndf = 3.72187

[INFO] Starting smart spline fit for: L1Inner_Oxygen_TOF_L2QTemplate_LG_Width (7 points)
****************************************
Minimizer is Minuit2 / Migrad
Chi2                      =      25.8917
NDf                       =            5
Edm                       =  4.49531e-24
NCalls                    =           31
p0                        =    0.0257079   +/-   0.000739886 
p1                        =    0.0159544   +/-   0.000598725 
****************************************
Minimizer is Minuit2 / Migrad
Chi2                      =      22.8241
NDf                       =            4
Edm                       =  3.65117e-22
NCalls                    =           53
p0                        =    0.0268845   +/-   0.000999356 
p1                        =    0.0191989   +/-   0.000631253 
p2                        =    0.0167977   +/-   0.00076832  
****************************************
Minimizer is Minuit2 / Migrad
Chi2                      =      12.4542
NDf                       =            3
Edm                       =  3.12103e-06
NCalls                    =           78
p0                        =    0.0246704   +/-   0.00120503  
p1                        =    0.0232616   +/-   0.000749387 
p2                        =    0.0159833   +/-   0.000743653 
p3                        =     0.018327   +/-   0.000915387 
****************************************
Minimizer is Minuit2 / Migrad
Chi2                      =      1.23634
NDf                       =            2
Edm                       =  6.91251e-06
NCalls                    =           99
p0                        =    0.0217972   +/-   0.00148354  
p1                        =    0.0271813   +/-   0.000867082 
p2                        =     0.017398   +/-   0.00078706  
p3                        =    0.0177453   +/-   0.00076332  
p4                        =    0.0168067   +/-   0.00110177  
  [FIT] Found good fit candidate. Best segments so far: 4. Stopping search.
  [FIT] Finalizing with loop variable 'segments' = 4
****************************************
Minimizer is Minuit2 / Migrad
Chi2                      =      1.59994
NDf                       =            2
Edm                       =  6.61338e-09
NCalls                    =          111
p0                        =    0.0188245   +/-   0.00220521  
p1                        =     0.027225   +/-   0.000878634 
p2                        =    0.0174742   +/-   0.000777721 
p3                        =    0.0177366   +/-   0.000780388 
p4                        =     0.016331   +/-   0.001551    
[SUCCESS] Created final fit for L1Inner_Oxygen_TOF_L2QTemplate_LG_Width_spline with chi2/ndf = 0.618168
begin drawing Oxygen L1Inner TOF LG_Width

[INFO] Starting smart spline fit for: L1Inner_Oxygen_TOF_L1QTemplate_LG_MPV (7 points)
****************************************
Minimizer is Minuit2 / Migrad
Chi2                      =      124.004
NDf                       =            5
Edm                       =   1.4954e-17
NCalls                    =           43
p0                        =      7.94758   +/-   0.00126867  
p1                        =      7.95312   +/-   0.00105891  
****************************************
Minimizer is Minuit2 / Migrad
Chi2                      =      59.5857
NDf                       =            4
Edm                       =   4.4244e-09
NCalls                    =           79
p0                        =      7.93865   +/-   0.00168711  
p1                        =      7.95754   +/-   0.00106526  
p2                        =      7.94712   +/-   0.00129612  
****************************************
Minimizer is Minuit2 / Migrad
Chi2                      =       55.654
NDf                       =            3
Edm                       =  3.35267e-17
NCalls                    =          104
p0                        =      7.93599   +/-   0.00195562  
p1                        =      7.95638   +/-   0.00126178  
p2                        =      7.95248   +/-   0.00144129  
p3                        =      7.94908   +/-   0.00148573  
****************************************
Minimizer is Minuit2 / Migrad
Chi2                      =      22.3908
NDf                       =            2
Edm                       =   1.2895e-07
NCalls                    =          106
p0                        =      7.94295   +/-   0.00235744  
p1                        =      7.94206   +/-   0.00166438  
p2                        =      7.96139   +/-   0.00132147  
p3                        =      7.94371   +/-   0.00156337  
p4                        =       7.9535   +/-   0.00175304  
****************************************
Minimizer is Minuit2 / Migrad
Chi2                      =      2.79163
NDf                       =            1
Edm                       =  1.17886e-18
NCalls                    =          169
p0                        =      7.94848   +/-   0.00262647  
p1                        =      7.93601   +/-   0.00209735  
p2                        =      7.95884   +/-   0.00139556  
p3                        =      7.94862   +/-   0.00159862  
p4                        =      7.94747   +/-   0.00188631  
p5                        =      7.95113   +/-   0.0018892   
  [FIT] No fit met threshold. Falling back to best chi2/ndf.
  [FIT] Finalizing with loop variable 'segments' = 5
****************************************
Minimizer is Minuit2 / Migrad
Chi2                      =      3.09778
NDf                       =            1
Edm                       =  9.15524e-18
NCalls                    =          186
p0                        =      7.95859   +/-   0.00441406  
p1                        =      7.93605   +/-   0.00209492  
p2                        =      7.95889   +/-   0.00139434  
p3                        =      7.94874   +/-   0.00159468  
p4                        =      7.94746   +/-   0.00189863  
p5                        =      7.95233   +/-   0.00300603  
[SUCCESS] Created final fit for L1Inner_Oxygen_TOF_L1QTemplate_LG_MPV_spline with chi2/ndf = 2.79163

[INFO] Starting smart spline fit for: L1Inner_Oxygen_TOF_L2QTemplate_LG_MPV (7 points)
****************************************
Minimizer is Minuit2 / Migrad
Chi2                      =      96.5947
NDf                       =            5
Edm                       =  1.89486e-17
NCalls                    =           43
p0                        =      7.91823   +/-   0.00130899  
p1                        =      7.99499   +/-   0.00126304  
****************************************
Minimizer is Minuit2 / Migrad
Chi2                      =       19.593
NDf                       =            4
Edm                       =  6.35464e-18
NCalls                    =           79
p0                        =      7.90762   +/-   0.0017825   
p1                        =       7.9713   +/-   0.0012503   
p2                        =      7.98593   +/-   0.00163101  
****************************************
Minimizer is Minuit2 / Migrad
Chi2                      =      10.3334
NDf                       =            3
Edm                       =  2.93305e-18
NCalls                    =           98
p0                        =      7.91136   +/-   0.0021496   
p1                        =      7.94951   +/-   0.00134468  
p2                        =      7.98576   +/-   0.00156916  
p3                        =      7.98206   +/-   0.0019702   
****************************************
Minimizer is Minuit2 / Migrad
Chi2                      =      2.76312
NDf                       =            2
Edm                       =  4.15011e-10
NCalls                    =          107
p0                        =      7.91567   +/-   0.00265606  
p1                        =      7.92539   +/-   0.00148611  
p2                        =      7.97465   +/-   0.00159101  
p3                        =      7.98454   +/-   0.00159313  
p4                        =      7.98493   +/-   0.0023885   
  [FIT] Found good fit candidate. Best segments so far: 4. Stopping search.
  [FIT] Finalizing with loop variable 'segments' = 4
****************************************
Minimizer is Minuit2 / Migrad
Chi2                      =      2.76877
NDf                       =            2
Edm                       =   8.8117e-06
NCalls                    =          106
p0                        =      7.91571   +/-   0.00394724  
p1                        =      7.92545   +/-   0.00150218  
p2                        =      7.97461   +/-   0.00157016  
p3                        =      7.98451   +/-   0.00162791  
p4                        =      7.98523   +/-   0.00334341  
[SUCCESS] Created final fit for L1Inner_Oxygen_TOF_L2QTemplate_LG_MPV_spline with chi2/ndf = 1.38156
begin drawing Oxygen L1Inner TOF LG_MPV

[INFO] Starting smart spline fit for: L1Inner_Oxygen_TOF_L1QTemplate_LG_Sigma (7 points)
****************************************
Minimizer is Minuit2 / Migrad
Chi2                      =      136.091
NDf                       =            5
Edm                       =  4.11341e-21
NCalls                    =           35
p0                        =     0.239933   +/-   0.000809539 
p1                        =     0.246649   +/-   0.000666071 
****************************************
Minimizer is Minuit2 / Migrad
Chi2                      =       116.06
NDf                       =            4
Edm                       =  1.79775e-09
NCalls                    =           64
p0                        =     0.243145   +/-   0.00108184  
p1                        =     0.241597   +/-   0.000640627 
p2                        =     0.248462   +/-   0.000779567 
****************************************
Minimizer is Minuit2 / Migrad
Chi2                      =      109.355
NDf                       =            3
Edm                       =  6.76176e-06
NCalls                    =           95
p0                        =     0.242454   +/-   0.00121664  
p1                        =     0.241859   +/-   0.000784712 
p2                        =     0.241918   +/-   0.00105125  
p3                        =     0.249309   +/-   0.000857785 
****************************************
Minimizer is Minuit2 / Migrad
Chi2                      =      23.3053
NDf                       =            2
Edm                       =  1.75614e-21
NCalls                    =           99
p0                        =     0.248381   +/-   0.00143501  
p1                        =     0.234486   +/-   0.00122679  
p2                        =     0.245024   +/-   0.000790781 
p3                        =     0.236369   +/-   0.00129139  
p4                        =      0.25374   +/-   0.0010178   
****************************************
Minimizer is Minuit2 / Migrad
Chi2                      =      1.40651
NDf                       =            1
Edm                       =  4.15757e-19
NCalls                    =          165
p0                        =     0.253584   +/-   0.00173698  
p1                        =     0.226727   +/-   0.00191709  
p2                        =     0.242216   +/-   0.000841652 
p3                        =     0.236767   +/-   0.00120514  
p4                        =     0.238696   +/-   0.00153692  
p5                        =     0.252641   +/-   0.00111202  
  [FIT] No fit met threshold. Falling back to best chi2/ndf.
  [FIT] Finalizing with loop variable 'segments' = 5
****************************************
Minimizer is Minuit2 / Migrad
Chi2                      =      1.99667
NDf                       =            1
Edm                       =  3.33396e-19
NCalls                    =          169
p0                        =     0.268136   +/-   0.00327819  
p1                        =     0.226695   +/-   0.00191753  
p2                        =     0.242269   +/-   0.000840876 
p3                        =     0.237072   +/-   0.00119519  
p4                        =     0.238592   +/-   0.00154803  
p5                        =     0.257414   +/-   0.00195613  
[SUCCESS] Created final fit for L1Inner_Oxygen_TOF_L1QTemplate_LG_Sigma_spline with chi2/ndf = 1.40651

[INFO] Starting smart spline fit for: L1Inner_Oxygen_TOF_L2QTemplate_LG_Sigma (7 points)
****************************************
Minimizer is Minuit2 / Migrad
Chi2                      =      96.5623
NDf                       =            5
Edm                       =  1.20897e-21
NCalls                    =           35
p0                        =     0.215338   +/-   0.000814575 
p1                        =     0.249063   +/-   0.000641066 
****************************************
Minimizer is Minuit2 / Migrad
Chi2                      =      46.5587
NDf                       =            4
Edm                       =  4.53013e-20
NCalls                    =           59
p0                        =     0.220559   +/-   0.00109945  
p1                        =     0.230892   +/-   0.000676992 
p2                        =     0.252745   +/-   0.000825871 
****************************************
Minimizer is Minuit2 / Migrad
Chi2                      =      18.4116
NDf                       =            3
Edm                       =  9.33443e-06
NCalls                    =           96
p0                        =     0.224524   +/-   0.00132934  
p1                        =     0.222063   +/-   0.000822767 
p2                        =     0.241906   +/-   0.000784134 
p3                        =     0.250438   +/-   0.000981032 
****************************************
Minimizer is Minuit2 / Migrad
Chi2                      =      6.77883
NDf                       =            2
Edm                       =  4.89415e-07
NCalls                    =          119
p0                        =     0.228219   +/-   0.00163827  
p1                        =     0.217603   +/-   0.000954781 
p2                        =     0.233306   +/-   0.00084163  
p3                        =     0.246396   +/-   0.000817977 
p4                        =     0.252425   +/-   0.00117898  
  [FIT] Found good fit candidate. Best segments so far: 4. Stopping search.
  [FIT] Finalizing with loop variable 'segments' = 4
****************************************
Minimizer is Minuit2 / Migrad
Chi2                      =      7.43913
NDf                       =            2
Edm                       =  1.20311e-05
NCalls                    =          117
p0                        =      0.23338   +/-   0.00243239  
p1                        =     0.217544   +/-   0.000967594 
p2                        =      0.23317   +/-   0.000831678 
p3                        =     0.246331   +/-   0.000836836 
p4                        =     0.254164   +/-   0.00165986  
[SUCCESS] Created final fit for L1Inner_Oxygen_TOF_L2QTemplate_LG_Sigma_spline with chi2/ndf = 3.38941
begin drawing Oxygen L1Inner TOF LG_Sigma
begin drawing Oxygen L1Inner TOF LG_Chi2NDF

[INFO] Starting smart spline fit for: L1Inner_Oxygen_TOF_L1QTemplate_EGE_Peak (7 points)
****************************************
Minimizer is Minuit2 / Migrad
Chi2                      =      57.8406
NDf                       =            5
Edm                       =  4.88244e-18
NCalls                    =           43
p0                        =      7.99743   +/-   0.00121581  
p1                        =       8.0083   +/-   0.00102667  
****************************************
Minimizer is Minuit2 / Migrad
Chi2                      =      52.5698
NDf                       =            4
Edm                       =  3.63251e-08
NCalls                    =           79
p0                        =      7.99492   +/-   0.00163333  
p1                        =      8.00554   +/-   0.0010169   
p2                        =      8.00655   +/-   0.00128088  
****************************************
Minimizer is Minuit2 / Migrad
Chi2                      =       37.518
NDf                       =            3
Edm                       =  1.47152e-16
NCalls                    =          104
p0                        =      7.99089   +/-   0.00193502  
p1                        =      8.00577   +/-   0.00121742  
p2                        =      8.00276   +/-   0.00139638  
p3                        =      8.00935   +/-   0.00152615  
****************************************
Minimizer is Minuit2 / Migrad
Chi2                      =       39.572
NDf                       =            2
Edm                       =  1.24526e-06
NCalls                    =          128
p0                        =      7.98887   +/-   0.00234612  
p1                        =      8.00276   +/-   0.00149282  
p2                        =      8.00331   +/-   0.00121575  
p3                        =      8.00769   +/-   0.00136782  
p4                        =      8.00642   +/-   0.00184537  
****************************************
Minimizer is Minuit2 / Migrad
Chi2                      =      2.99105
NDf                       =            1
Edm                       =  5.10841e-17
NCalls                    =          179
p0                        =        7.995   +/-   0.00258128  
p1                        =      7.99689   +/-   0.00180357  
p2                        =      8.00948   +/-   0.00139503  
p3                        =      7.99857   +/-   0.00162232  
p4                        =      8.01143   +/-   0.00154528  
p5                        =      8.00312   +/-   0.00195742  
  [FIT] No fit met threshold. Falling back to best chi2/ndf.
  [FIT] Finalizing with loop variable 'segments' = 5
****************************************
Minimizer is Minuit2 / Migrad
Chi2                      =      3.15493
NDf                       =            1
Edm                       =  4.06592e-17
NCalls                    =          199
p0                        =       7.9974   +/-   0.00419982  
p1                        =      7.99689   +/-   0.00180043  
p2                        =      8.00945   +/-   0.00139403  
p3                        =      7.99848   +/-   0.00161868  
p4                        =      8.01144   +/-   0.00155377  
p5                        =      7.99807   +/-   0.00295694  
[SUCCESS] Created final fit for L1Inner_Oxygen_TOF_L1QTemplate_EGE_Peak_spline with chi2/ndf = 2.99105

[INFO] Starting smart spline fit for: L1Inner_Oxygen_TOF_L2QTemplate_EGE_Peak (7 points)
****************************************
Minimizer is Minuit2 / Migrad
Chi2                      =      105.856
NDf                       =            5
Edm                       =  5.07317e-19
NCalls                    =           43
p0                        =      7.96518   +/-   0.00133204  
p1                        =       8.0345   +/-   0.00100379  
****************************************
Minimizer is Minuit2 / Migrad
Chi2                      =       19.289
NDf                       =            4
Edm                       =  1.85791e-17
NCalls                    =           71
p0                        =      7.95474   +/-   0.0017417   
p1                        =      8.01356   +/-   0.00111758  
p2                        =      8.02651   +/-   0.00132067  
****************************************
Minimizer is Minuit2 / Migrad
Chi2                      =      23.2596
NDf                       =            3
Edm                       =  5.74119e-06
NCalls                    =          104
p0                        =      7.95392   +/-   0.00213375  
p1                        =      7.99673   +/-   0.00147423  
p2                        =      8.02247   +/-   0.00119542  
p3                        =      8.02684   +/-   0.00156617  
****************************************
Minimizer is Minuit2 / Migrad
Chi2                      =      5.40442
NDf                       =            2
Edm                       =   2.0423e-09
NCalls                    =          106
p0                        =      7.95938   +/-   0.00262654  
p1                        =      7.97184   +/-   0.00157025  
p2                        =      8.01654   +/-   0.00137497  
p3                        =      8.02315   +/-   0.00126653  
p4                        =      8.03016   +/-   0.00189044  
  [FIT] Found good fit candidate. Best segments so far: 4. Stopping search.
  [FIT] Finalizing with loop variable 'segments' = 4
****************************************
Minimizer is Minuit2 / Migrad
Chi2                      =      6.06901
NDf                       =            2
Edm                       =  2.08475e-06
NCalls                    =          148
p0                        =      7.95812   +/-   0.00390835  
p1                        =      7.97195   +/-   0.00158599  
p2                        =      8.01643   +/-   0.00136004  
p3                        =      8.02307   +/-   0.00129667  
p4                        =      8.03263   +/-   0.00264696  
[SUCCESS] Created final fit for L1Inner_Oxygen_TOF_L2QTemplate_EGE_Peak_spline with chi2/ndf = 2.70221
begin drawing Oxygen L1Inner TOF EGE_Peak

[INFO] Starting smart spline fit for: L1Inner_Oxygen_TOF_L1QTemplate_EGE_SigmaL (7 points)
****************************************
Minimizer is Minuit2 / Migrad
Chi2                      =      132.744
NDf                       =            5
Edm                       =  3.31557e-21
NCalls                    =           35
p0                        =     0.247145   +/-   0.000877886 
p1                        =     0.258627   +/-   0.000794612 
****************************************
Minimizer is Minuit2 / Migrad
Chi2                      =      54.3705
NDf                       =            4
Edm                       =  6.38434e-07
NCalls                    =           62
p0                        =     0.254024   +/-   0.00117234  
p1                        =      0.24883   +/-   0.000723769 
p2                        =     0.263937   +/-   0.000995533 
****************************************
Minimizer is Minuit2 / Migrad
Chi2                      =      42.6609
NDf                       =            3
Edm                       =  5.24696e-20
NCalls                    =           90
p0                        =     0.251985   +/-   0.00136839  
p1                        =     0.249803   +/-   0.000861014 
p2                        =     0.250328   +/-   0.00109083  
p3                        =     0.266307   +/-   0.00119196  
****************************************
Minimizer is Minuit2 / Migrad
Chi2                      =      48.9167
NDf                       =            2
Edm                       =  8.02276e-07
NCalls                    =          117
p0                        =     0.253529   +/-   0.00164057  
p1                        =     0.250335   +/-   0.001114    
p2                        =     0.248984   +/-   0.000865266 
p3                        =      0.25772   +/-   0.00107477  
p4                        =     0.266402   +/-   0.00145904  
****************************************
Minimizer is Minuit2 / Migrad
Chi2                      =     0.185499
NDf                       =            1
Edm                       =  5.42155e-20
NCalls                    =          169
p0                        =      0.25881   +/-   0.00183129  
p1                        =     0.244696   +/-   0.00140708  
p2                        =     0.252787   +/-   0.000981114 
p3                        =     0.245883   +/-   0.00128658  
p4                        =     0.260657   +/-   0.00118307  
p5                        =     0.263634   +/-   0.00153737  
  [FIT] No fit met threshold. Falling back to best chi2/ndf.
  [FIT] Finalizing with loop variable 'segments' = 5
****************************************
Minimizer is Minuit2 / Migrad
Chi2                      =     0.236819
NDf                       =            1
Edm                       =  7.43623e-20
NCalls                    =          169
p0                        =     0.266733   +/-   0.00305642  
p1                        =     0.244722   +/-   0.00140448  
p2                        =     0.252799   +/-   0.00098052  
p3                        =     0.245967   +/-   0.00128163  
p4                        =     0.260655   +/-   0.00118933  
p5                        =     0.262525   +/-   0.0023053   
[SUCCESS] Created final fit for L1Inner_Oxygen_TOF_L1QTemplate_EGE_SigmaL_spline with chi2/ndf = 0.185499

[INFO] Starting smart spline fit for: L1Inner_Oxygen_TOF_L2QTemplate_EGE_SigmaL (7 points)
****************************************
Minimizer is Minuit2 / Migrad
Chi2                      =      78.7597
NDf                       =            5
Edm                       =  2.49331e-20
NCalls                    =           35
p0                        =     0.223584   +/-   0.000934211 
p1                        =     0.254933   +/-   0.000704624 
****************************************
Minimizer is Minuit2 / Migrad
Chi2                      =      35.5286
NDf                       =            4
Edm                       =  6.07365e-21
NCalls                    =           59
p0                        =       0.2286   +/-   0.00120613  
p1                        =     0.237383   +/-   0.000790302 
p2                        =     0.258932   +/-   0.000930797 
****************************************
Minimizer is Minuit2 / Migrad
Chi2                      =      27.9229
NDf                       =            3
Edm                       =  5.16362e-06
NCalls                    =           95
p0                        =      0.23071   +/-   0.00149015  
p1                        =     0.230124   +/-   0.00108278  
p2                        =      0.24642   +/-   0.000837187 
p3                        =     0.258158   +/-   0.00110035  
****************************************
Minimizer is Minuit2 / Migrad
Chi2                      =      4.68049
NDf                       =            2
Edm                       =  1.98319e-07
NCalls                    =          118
p0                        =     0.235364   +/-   0.00183117  
p1                        =     0.225088   +/-   0.0011057   
p2                        =     0.240136   +/-   0.000960349 
p3                        =     0.251204   +/-   0.000893821 
p4                        =     0.261032   +/-   0.00132147  
  [FIT] Found good fit candidate. Best segments so far: 4. Stopping search.
  [FIT] Finalizing with loop variable 'segments' = 4
****************************************
Minimizer is Minuit2 / Migrad
Chi2                      =       5.5823
NDf                       =            2
Edm                       =  4.86403e-06
NCalls                    =          117
p0                        =     0.240302   +/-   0.00272702  
p1                        =     0.225126   +/-   0.00111462  
p2                        =      0.23997   +/-   0.000951031 
p3                        =     0.251099   +/-   0.000915739 
p4                        =     0.264089   +/-   0.00185693  
[SUCCESS] Created final fit for L1Inner_Oxygen_TOF_L2QTemplate_EGE_SigmaL_spline with chi2/ndf = 2.34024
begin drawing Oxygen L1Inner TOF EGE_SigmaL

[INFO] Starting smart spline fit for: L1Inner_Oxygen_TOF_L1QTemplate_EGE_SigmaR (7 points)
****************************************
Minimizer is Minuit2 / Migrad
Chi2                      =      57.4639
NDf                       =            5
Edm                       =  2.31674e-21
NCalls                    =           35
p0                        =     0.269762   +/-   0.00141047  
p1                        =     0.270485   +/-   0.0012459   
****************************************
Minimizer is Minuit2 / Migrad
Chi2                      =      54.4289
NDf                       =            4
Edm                       =  4.36302e-11
NCalls                    =           60
p0                        =     0.267608   +/-   0.00187566  
p1                        =     0.271693   +/-   0.00113744  
p2                        =     0.268905   +/-   0.00154113  
****************************************
Minimizer is Minuit2 / Migrad
Chi2                      =      33.6994
NDf                       =            3
Edm                       =  2.95897e-20
NCalls                    =           90
p0                        =      0.27312   +/-   0.00220998  
p1                        =     0.266289   +/-   0.00142433  
p2                        =     0.277777   +/-   0.00176691  
p3                        =     0.264922   +/-   0.0018039   
****************************************
Minimizer is Minuit2 / Migrad
Chi2                      =      13.3974
NDf                       =            2
Edm                       =  3.31252e-06
NCalls                    =          114
p0                        =     0.279375   +/-   0.00264749  
p1                        =     0.260608   +/-   0.00179229  
p2                        =     0.275952   +/-   0.00132079  
p3                        =     0.267063   +/-   0.00180284  
p4                        =     0.270309   +/-   0.00218669  
****************************************
Minimizer is Minuit2 / Migrad
Chi2                      =      6.76246
NDf                       =            1
Edm                       =  2.49908e-08
NCalls                    =          169
p0                        =     0.275554   +/-   0.00294726  
p1                        =     0.264613   +/-   0.0022262   
p2                        =     0.264008   +/-   0.00166164  
p3                        =     0.279027   +/-   0.0021192   
p4                        =     0.264936   +/-   0.0019748   
p5                        =     0.272281   +/-   0.00230346  
  [FIT] No fit met threshold. Falling back to best chi2/ndf.
  [FIT] Finalizing with loop variable 'segments' = 4
****************************************
Minimizer is Minuit2 / Migrad
Chi2                      =      15.2345
NDf                       =            2
Edm                       =  4.64719e-06
NCalls                    =          117
p0                        =     0.288083   +/-   0.00400117  
p1                        =     0.260524   +/-   0.0018268   
p2                        =     0.275751   +/-   0.00131262  
p3                        =     0.267083   +/-   0.00183018  
p4                        =     0.272143   +/-   0.00314108  
[SUCCESS] Created final fit for L1Inner_Oxygen_TOF_L1QTemplate_EGE_SigmaR_spline with chi2/ndf = 6.69871

[INFO] Starting smart spline fit for: L1Inner_Oxygen_TOF_L2QTemplate_EGE_SigmaR (7 points)
****************************************
Minimizer is Minuit2 / Migrad
Chi2                      =      60.1722
NDf                       =            5
Edm                       =  1.15946e-20
NCalls                    =           35
p0                        =     0.250262   +/-   0.00147723  
p1                        =     0.268582   +/-   0.00104348  
****************************************
Minimizer is Minuit2 / Migrad
Chi2                      =      32.8574
NDf                       =            4
Edm                       =  1.93827e-19
NCalls                    =           59
p0                        =     0.256378   +/-   0.00188453  
p1                        =     0.255595   +/-   0.00121761  
p2                        =      0.27336   +/-   0.00138721  
****************************************
Minimizer is Minuit2 / Migrad
Chi2                      =      19.6614
NDf                       =            3
Edm                       =  8.08504e-06
NCalls                    =           93
p0                        =     0.261382   +/-   0.00230489  
p1                        =     0.248171   +/-   0.00173526  
p2                        =     0.264705   +/-   0.00122174  
p3                        =     0.270208   +/-   0.00163052  
****************************************
Minimizer is Minuit2 / Migrad
Chi2                      =      17.1208
NDf                       =            2
Edm                       =  9.72668e-07
NCalls                    =          114
p0                        =     0.257348   +/-   0.00282448  
p1                        =     0.254193   +/-   0.00180524  
p2                        =     0.252867   +/-   0.00151004  
p3                        =     0.271835   +/-   0.00132797  
p4                        =     0.267911   +/-   0.00195321  
****************************************
Minimizer is Minuit2 / Migrad
Chi2                      =      2.84355
NDf                       =            1
Edm                       =  6.57773e-06
NCalls                    =          156
p0                        =       0.2535   +/-   0.00303148  
p1                        =     0.257066   +/-   0.00198729  
p2                        =     0.244299   +/-   0.00204589  
p3                        =     0.266717   +/-   0.00135536  
p4                        =     0.268284   +/-   0.00163953  
p5                        =     0.270809   +/-   0.00210948  
  [FIT] No fit met threshold. Falling back to best chi2/ndf.
  [FIT] Finalizing with loop variable 'segments' = 5
****************************************
Minimizer is Minuit2 / Migrad
Chi2                      =      2.90444
NDf                       =            1
Edm                       =  8.75923e-19
NCalls                    =          167
p0                        =       0.2489   +/-   0.0048458   
p1                        =     0.257019   +/-   0.0019837   
p2                        =     0.244268   +/-   0.00204367  
p3                        =     0.266708   +/-   0.00135507  
p4                        =     0.268258   +/-   0.00164814  
p5                        =     0.271961   +/-   0.00319305  
[SUCCESS] Created final fit for L1Inner_Oxygen_TOF_L2QTemplate_EGE_SigmaR_spline with chi2/ndf = 2.84355
begin drawing Oxygen L1Inner TOF EGE_SigmaR
  [SUCCESS] Wrote constant TF1 'L1Inner_Oxygen_TOF_L1QTemplate_EGE_AlphaL_spline' to file.
  [SUCCESS] Wrote constant TF1 'L1Inner_Oxygen_TOF_L2QTemplate_EGE_AlphaL_spline' to file.
begin drawing Oxygen L1Inner TOF EGE_AlphaL

[INFO] Starting smart spline fit for: L1Inner_Oxygen_TOF_L1QTemplate_EGE_AlphaR (7 points)
****************************************
Minimizer is Minuit2 / Migrad
Chi2                      =      118.373
NDf                       =            5
Edm                       =  9.10753e-22
NCalls                    =           31
p0                        =      1.38032   +/-   0.0179948   
p1                        =      1.29581   +/-   0.0175499   
****************************************
Minimizer is Minuit2 / Migrad
Chi2                      =      110.867
NDf                       =            4
Edm                       =  6.63764e-22
NCalls                    =           59
p0                        =       1.3346   +/-   0.0245419   
p1                        =      1.37276   +/-   0.0182271   
p2                        =      1.26143   +/-   0.0215755   
****************************************
Minimizer is Minuit2 / Migrad
Chi2                      =      112.934
NDf                       =            3
Edm                       =  4.23906e-22
NCalls                    =           80
p0                        =       1.3351   +/-   0.0283926   
p1                        =      1.37828   +/-   0.0180854   
p2                        =      1.32621   +/-   0.0261074   
p3                        =      1.27205   +/-   0.0266081   
****************************************
Minimizer is Minuit2 / Migrad
Chi2                      =      45.0492
NDf                       =            2
Edm                       =  3.37207e-08
NCalls                    =          109
p0                        =      1.47614   +/-   0.0346344   
p1                        =      1.24753   +/-   0.0222622   
p2                        =      1.48941   +/-   0.0242942   
p3                        =      1.19158   +/-   0.0224117   
p4                        =      1.38926   +/-   0.0321921   
****************************************
Minimizer is Minuit2 / Migrad
Chi2                      =      57.0343
NDf                       =            1
Edm                       =  2.51277e-21
NCalls                    =          149
p0                        =      1.49966   +/-   0.0377847   
p1                        =      1.22729   +/-   0.0263141   
p2                        =      1.41488   +/-   0.0204374   
p3                        =      1.29875   +/-   0.0306388   
p4                        =      1.21992   +/-   0.0247347   
p5                        =      1.36187   +/-   0.0339872   
  [FIT] No fit met threshold. Falling back to best chi2/ndf.
  [FIT] Finalizing with loop variable 'segments' = 4
****************************************
Minimizer is Minuit2 / Migrad
Chi2                      =      47.9634
NDf                       =            2
Edm                       =   5.1792e-06
NCalls                    =          111
p0                        =      1.59465   +/-   0.0525649   
p1                        =      1.24754   +/-   0.0225941   
p2                        =      1.48367   +/-   0.0239474   
p3                        =      1.19354   +/-   0.0227412   
p4                        =      1.46705   +/-   0.0453689   
[SUCCESS] Created final fit for L1Inner_Oxygen_TOF_L1QTemplate_EGE_AlphaR_spline with chi2/ndf = 22.5246

[INFO] Starting smart spline fit for: L1Inner_Oxygen_TOF_L2QTemplate_EGE_AlphaR (7 points)
****************************************
Minimizer is Minuit2 / Migrad
Chi2                      =      41.6792
NDf                       =            5
Edm                       =  2.43553e-22
NCalls                    =           31
p0                        =      1.39862   +/-   0.0235824   
p1                        =       1.5347   +/-   0.0198662   
****************************************
Minimizer is Minuit2 / Migrad
Chi2                      =      38.7648
NDf                       =            4
Edm                       =  1.25983e-06
NCalls                    =           58
p0                        =      1.43202   +/-   0.0306369   
p1                        =      1.44569   +/-   0.0222057   
p2                        =      1.55852   +/-   0.0242684   
****************************************
Minimizer is Minuit2 / Migrad
Chi2                      =      13.6526
NDf                       =            3
Edm                       =   4.0794e-08
NCalls                    =           88
p0                        =      1.53033   +/-   0.0366923   
p1                        =       1.3331   +/-   0.0269236   
p2                        =      1.59737   +/-   0.0289003   
p3                        =      1.48925   +/-   0.0282707   
****************************************
Minimizer is Minuit2 / Migrad
Chi2                      =       21.079
NDf                       =            2
Edm                       =  1.93906e-06
NCalls                    =           99
p0                        =      1.51063   +/-   0.0444139   
p1                        =      1.38014   +/-   0.0292904   
p2                        =      1.44907   +/-   0.0263286   
p3                        =      1.59544   +/-   0.0281455   
p4                        =      1.47578   +/-   0.0336017   
****************************************
Minimizer is Minuit2 / Migrad
Chi2                      =    0.0123819
NDf                       =            1
Edm                       =  2.38469e-07
NCalls                    =          148
p0                        =      1.43083   +/-   0.0481624   
p1                        =       1.4468   +/-   0.0330983   
p2                        =      1.26614   +/-   0.0325946   
p3                        =      1.66391   +/-   0.0341607   
p4                        =       1.5359   +/-   0.0320289   
p5                        =      1.52223   +/-   0.0357825   
  [FIT] No fit met threshold. Falling back to best chi2/ndf.
  [FIT] Finalizing with loop variable 'segments' = 5
****************************************
Minimizer is Minuit2 / Migrad
Chi2                      =    0.0106527
NDf                       =            1
Edm                       =  3.14875e-22
NCalls                    =          174
p0                        =      1.37447   +/-   0.0783535   
p1                        =      1.44663   +/-   0.0330249   
p2                        =      1.26607   +/-   0.0325715   
p3                        =      1.66371   +/-   0.0341189   
p4                        =      1.53588   +/-   0.0322026   
p5                        =      1.54149   +/-   0.0556519   
[SUCCESS] Created final fit for L1Inner_Oxygen_TOF_L2QTemplate_EGE_AlphaR_spline with chi2/ndf = 0.0123819
begin drawing Oxygen L1Inner TOF EGE_AlphaR
begin drawing Oxygen L1Inner TOF EGE_Chi2NDF

[INFO] Starting smart spline fit for: L1Inner_Oxygen_NaF_L1QTemplate_LG_Width (16 points)
****************************************
Minimizer is Minuit2 / Migrad
Chi2                      =      36.4975
NDf                       =           14
Edm                       =  4.97511e-22
NCalls                    =           37
p0                        =    0.0280642   +/-   2.66222e-05 
p1                        =    0.0299873   +/-   0.00239887  
****************************************
Minimizer is Minuit2 / Migrad
Chi2                      =      31.9631
NDf                       =           13
Edm                       =  5.20571e-21
NCalls                    =           55
p0                        =    0.0281185   +/-   3.68581e-05 
p1                        =    0.0262363   +/-   0.00210514  
p2                        =    0.0360707   +/-   0.00373043  
  [FIT] Found good fit candidate. Best segments so far: 1. Stopping search.
  [FIT] Finalizing with loop variable 'segments' = 1
****************************************
Minimizer is Minuit2 / Migrad
Chi2                      =      36.9345
NDf                       =           14
Edm                       =  2.46836e-20
NCalls                    =           37
p0                        =    0.0280318   +/-   8.95098e-05 
p1                        =     0.029228   +/-   0.00257794  
[SUCCESS] Created final fit for L1Inner_Oxygen_NaF_L1QTemplate_LG_Width_spline with chi2/ndf = 2.60696

[INFO] Starting smart spline fit for: L1Inner_Oxygen_NaF_L2QTemplate_LG_Width (16 points)
****************************************
Minimizer is Minuit2 / Migrad
Chi2                      =      13.0455
NDf                       =           14
Edm                       =  3.92261e-24
NCalls                    =           29
p0                        =    0.0140425   +/-   0.00378284  
p1                        =     0.037936   +/-   0.003295    
  [FIT] Found good fit candidate. Best segments so far: 1. Stopping search.
  [FIT] Finalizing with loop variable 'segments' = 1
****************************************
Minimizer is Minuit2 / Migrad
Chi2                      =      13.0331
NDf                       =           14
Edm                       =  1.49167e-23
NCalls                    =           29
p0                        =    0.0108508   +/-   0.00449952  
p1                        =    0.0410484   +/-   0.0039665   
[SUCCESS] Created final fit for L1Inner_Oxygen_NaF_L2QTemplate_LG_Width_spline with chi2/ndf = 0.931821
begin drawing Oxygen L1Inner NaF LG_Width

[INFO] Starting smart spline fit for: L1Inner_Oxygen_NaF_L1QTemplate_LG_MPV (16 points)
****************************************
Minimizer is Minuit2 / Migrad
Chi2                      =      78.8657
NDf                       =           14
Edm                       =  6.45264e-20
NCalls                    =           43
p0                        =      7.93473   +/-   0.0022653   
p1                        =      7.87752   +/-   0.0026625   
****************************************
Minimizer is Minuit2 / Migrad
Chi2                      =      51.4994
NDf                       =           13
Edm                       =  6.99875e-11
NCalls                    =           68
p0                        =      7.93835   +/-   0.00236844  
p1                        =      7.88827   +/-   0.00251062  
p2                        =      7.89694   +/-   0.00456827  
****************************************
Minimizer is Minuit2 / Migrad
Chi2                      =      30.5631
NDf                       =           12
Edm                       =  2.90979e-17
NCalls                    =          109
p0                        =      7.93519   +/-   0.00246982  
p1                        =      7.92345   +/-   0.0050971   
p2                        =      7.88009   +/-   0.00261781  
p3                        =      7.90869   +/-   0.00526876  
  [FIT] Found good fit candidate. Best segments so far: 3. Stopping search.
  [FIT] Finalizing with loop variable 'segments' = 3
****************************************
Minimizer is Minuit2 / Migrad
Chi2                      =      32.6333
NDf                       =           12
Edm                       =  3.43939e-06
NCalls                    =           98
p0                        =      7.93422   +/-   0.00293258  
p1                        =      7.92296   +/-   0.00460136  
p2                        =      7.87975   +/-   0.00257513  
p3                        =      7.91869   +/-   0.00684289  
[SUCCESS] Created final fit for L1Inner_Oxygen_NaF_L1QTemplate_LG_MPV_spline with chi2/ndf = 2.54693

[INFO] Starting smart spline fit for: L1Inner_Oxygen_NaF_L2QTemplate_LG_MPV (16 points)
****************************************
Minimizer is Minuit2 / Migrad
Chi2                      =      63.8561
NDf                       =           14
Edm                       =  8.36656e-20
NCalls                    =           43
p0                        =      7.93191   +/-   0.00596636  
p1                        =      7.92754   +/-   0.00328851  
****************************************
Minimizer is Minuit2 / Migrad
Chi2                      =      35.3057
NDf                       =           13
Edm                       =  1.80532e-10
NCalls                    =           71
p0                        =      7.96123   +/-   0.00810535  
p1                        =      7.90519   +/-   0.00516256  
p2                        =       7.9375   +/-   0.00378059  
****************************************
Minimizer is Minuit2 / Migrad
Chi2                      =       22.309
NDf                       =           12
Edm                       =  2.27098e-06
NCalls                    =          102
p0                        =      7.93943   +/-   0.0109006   
p1                        =      7.93308   +/-   0.00658159  
p2                        =       7.8996   +/-   0.00534989  
p3                        =      7.94262   +/-   0.00403832  
  [FIT] Found good fit candidate. Best segments so far: 3. Stopping search.
  [FIT] Finalizing with loop variable 'segments' = 3
****************************************
Minimizer is Minuit2 / Migrad
Chi2                      =       16.495
NDf                       =           12
Edm                       =  8.39563e-08
NCalls                    =          104
p0                        =      7.94435   +/-   0.0150726   
p1                        =      7.93029   +/-   0.00602521  
p2                        =      7.90016   +/-   0.00499318  
p3                        =      7.95015   +/-   0.00472462  
[SUCCESS] Created final fit for L1Inner_Oxygen_NaF_L2QTemplate_LG_MPV_spline with chi2/ndf = 1.85908
begin drawing Oxygen L1Inner NaF LG_MPV

[INFO] Starting smart spline fit for: L1Inner_Oxygen_NaF_L1QTemplate_LG_Sigma (16 points)
****************************************
Minimizer is Minuit2 / Migrad
Chi2                      =      85.9524
NDf                       =           14
Edm                       =  3.85495e-22
NCalls                    =           35
p0                        =     0.244408   +/-   0.00184902  
p1                        =     0.225109   +/-   0.0023273   
****************************************
Minimizer is Minuit2 / Migrad
Chi2                      =       80.966
NDf                       =           13
Edm                       =   2.0129e-07
NCalls                    =           59
p0                        =     0.242554   +/-   0.00202669  
p1                        =     0.235133   +/-   0.002001    
p2                        =     0.218315   +/-   0.00383041  
****************************************
Minimizer is Minuit2 / Migrad
Chi2                      =       66.822
NDf                       =           12
Edm                       =  7.83504e-07
NCalls                    =           83
p0                        =      0.23943   +/-   0.00218942  
p1                        =     0.248923   +/-   0.00288871  
p2                        =      0.22431   +/-   0.0022488   
p3                        =     0.226703   +/-   0.00463506  
****************************************
Minimizer is Minuit2 / Migrad
Chi2                      =      58.9496
NDf                       =           11
Edm                       =  2.33976e-07
NCalls                    =          111
p0                        =     0.237941   +/-   0.00226376  
p1                        =     0.253562   +/-   0.00309666  
p2                        =     0.228203   +/-   0.00259122  
p3                        =     0.230402   +/-   0.0036591   
p4                        =     0.216409   +/-   0.00594046  
****************************************
Minimizer is Minuit2 / Migrad
Chi2                      =      51.6512
NDf                       =           10
Edm                       =  6.64988e-10
NCalls                    =          135
p0                        =      0.23905   +/-   0.00236686  
p1                        =      0.24993   +/-   0.00341877  
p2                        =     0.246703   +/-   0.00369103  
p3                        =     0.224828   +/-   0.00239937  
p4                        =     0.236585   +/-   0.00431469  
p5                        =     0.210912   +/-   0.00628426  
****************************************
Minimizer is Minuit2 / Migrad
Chi2                      =      56.1352
NDf                       =            9
Edm                       =  5.92147e-09
NCalls                    =          175
p0                        =     0.239005   +/-   0.00248231  
p1                        =      0.24613   +/-   0.00368116  
p2                        =     0.251654   +/-   0.00382593  
p3                        =     0.227888   +/-   0.00334481  
p4                        =      0.22866   +/-   0.00363236  
p5                        =     0.229747   +/-   0.00458031  
p6                        =     0.211911   +/-   0.0072236   
****************************************
Minimizer is Minuit2 / Migrad
Chi2                      =      45.5029
NDf                       =            8
Edm                       =  8.23187e-06
NCalls                    =          183
p0                        =      0.23816   +/-   0.0025372   
p1                        =     0.248666   +/-   0.00399812  
p2                        =     0.249086   +/-   0.00418804  
p3                        =     0.250046   +/-   0.00411571  
p4                        =     0.223749   +/-   0.00246102  
p5                        =      0.24263   +/-   0.00498075  
p6                        =     0.221613   +/-   0.00536558  
p7                        =     0.219057   +/-   0.00765538  
****************************************
Minimizer is Minuit2 / Migrad
Chi2                      =        48.17
NDf                       =            7
Edm                       =  8.05463e-06
NCalls                    =          228
p0                        =     0.238272   +/-   0.00254259  
p1                        =     0.248393   +/-   0.00401706  
p2                        =     0.249764   +/-   0.00427234  
p3                        =     0.248575   +/-   0.00458075  
p4                        =     0.227223   +/-   0.00411664  
p5                        =     0.229962   +/-   0.00425056  
p6                        =     0.238749   +/-   0.00527355  
p7                        =     0.212098   +/-   0.00579094  
p8                        =     0.225659   +/-   0.00913043  
  [FIT] No fit met threshold. Falling back to best chi2/ndf.
  [FIT] Finalizing with loop variable 'segments' = 5
****************************************
Minimizer is Minuit2 / Migrad
Chi2                      =      54.1543
NDf                       =           10
Edm                       =  1.75879e-08
NCalls                    =          147
p0                        =     0.237062   +/-   0.0030065   
p1                        =     0.250192   +/-   0.00316698  
p2                        =     0.246297   +/-   0.00360634  
p3                        =     0.225136   +/-   0.00238687  
p4                        =     0.234487   +/-   0.0041878   
p5                        =     0.207051   +/-   0.008254    
[SUCCESS] Created final fit for L1Inner_Oxygen_NaF_L1QTemplate_LG_Sigma_spline with chi2/ndf = 5.16512

[INFO] Starting smart spline fit for: L1Inner_Oxygen_NaF_L2QTemplate_LG_Sigma (16 points)
****************************************
Minimizer is Minuit2 / Migrad
Chi2                      =       28.651
NDf                       =           14
Edm                       =  3.31324e-22
NCalls                    =           35
p0                        =     0.240217   +/-   0.00314781  
p1                        =     0.235742   +/-   0.00280954  
****************************************
Minimizer is Minuit2 / Migrad
Chi2                      =        27.44
NDf                       =           13
Edm                       =  3.65948e-09
NCalls                    =           59
p0                        =      0.23752   +/-   0.00398928  
p1                        =     0.240384   +/-   0.00331586  
p2                        =     0.233689   +/-   0.00337271  
  [FIT] Found good fit candidate. Best segments so far: 1. Stopping search.
  [FIT] Finalizing with loop variable 'segments' = 1
****************************************
Minimizer is Minuit2 / Migrad
Chi2                      =       28.887
NDf                       =           14
Edm                       =  3.35535e-22
NCalls                    =           35
p0                        =      0.24022   +/-   0.00352455  
p1                        =     0.235759   +/-   0.00308743  
[SUCCESS] Created final fit for L1Inner_Oxygen_NaF_L2QTemplate_LG_Sigma_spline with chi2/ndf = 2.0465
begin drawing Oxygen L1Inner NaF LG_Sigma
begin drawing Oxygen L1Inner NaF LG_Chi2NDF

[INFO] Starting smart spline fit for: L1Inner_Oxygen_NaF_L1QTemplate_EGE_Peak (16 points)
****************************************
Minimizer is Minuit2 / Migrad
Chi2                      =      45.3458
NDf                       =           13
Edm                       =  9.32792e-18
NCalls                    =           43
p0                        =      7.99079   +/-   0.00391987  
p1                        =      7.93111   +/-   0.00404028  
****************************************
Minimizer is Minuit2 / Migrad
Chi2                      =      35.2456
NDf                       =           12
Edm                       =  4.55397e-20
NCalls                    =           67
p0                        =        8.003   +/-   0.00549037  
p1                        =      7.94396   +/-   0.00357588  
p2                        =      7.94416   +/-   0.00576158  
****************************************
Minimizer is Minuit2 / Migrad
Chi2                      =      18.6544
NDf                       =           11
Edm                       =   7.3127e-07
NCalls                    =           95
p0                        =       7.9838   +/-   0.00732119  
p1                        =      7.97387   +/-   0.00385785  
p2                        =      7.92859   +/-   0.00418042  
p3                        =      7.95907   +/-   0.00688297  
  [FIT] Found good fit candidate. Best segments so far: 3. Stopping search.
  [FIT] Finalizing with loop variable 'segments' = 3
****************************************
Minimizer is Minuit2 / Migrad
Chi2                      =      21.5325
NDf                       =           11
Edm                       =  7.26686e-08
NCalls                    =           96
p0                        =      7.98234   +/-   0.0109899   
p1                        =      7.97315   +/-   0.00364433  
p2                        =      7.92971   +/-   0.00409555  
p3                        =      7.96578   +/-   0.00864137  
[SUCCESS] Created final fit for L1Inner_Oxygen_NaF_L1QTemplate_EGE_Peak_spline with chi2/ndf = 1.69586

[INFO] Starting smart spline fit for: L1Inner_Oxygen_NaF_L2QTemplate_EGE_Peak (16 points)
****************************************
Minimizer is Minuit2 / Migrad
Chi2                      =      13.0039
NDf                       =           14
Edm                       =  5.87764e-18
NCalls                    =           43
p0                        =      7.98172   +/-   0.00448135  
p1                        =      7.95221   +/-   0.00513474  
  [FIT] Found good fit candidate. Best segments so far: 1. Stopping search.
  [FIT] Finalizing with loop variable 'segments' = 1
****************************************
Minimizer is Minuit2 / Migrad
Chi2                      =      14.1704
NDf                       =           14
Edm                       =  3.89611e-18
NCalls                    =           43
p0                        =      7.98403   +/-   0.00515475  
p1                        =      7.94995   +/-   0.00586128  
[SUCCESS] Created final fit for L1Inner_Oxygen_NaF_L2QTemplate_EGE_Peak_spline with chi2/ndf = 0.928853
begin drawing Oxygen L1Inner NaF EGE_Peak

[INFO] Starting smart spline fit for: L1Inner_Oxygen_NaF_L1QTemplate_EGE_SigmaL (16 points)
****************************************
Minimizer is Minuit2 / Migrad
Chi2                      =      43.6253
NDf                       =           13
Edm                       =   2.5332e-22
NCalls                    =           35
p0                        =     0.262164   +/-   0.0029244   
p1                        =     0.230447   +/-   0.00290514  
****************************************
Minimizer is Minuit2 / Migrad
Chi2                      =      41.1788
NDf                       =           12
Edm                       =  1.19469e-21
NCalls                    =           53
p0                        =     0.257967   +/-   0.00396863  
p1                        =     0.244916   +/-   0.00263535  
p2                        =     0.225947   +/-   0.0040887   
****************************************
Minimizer is Minuit2 / Migrad
Chi2                      =      34.0614
NDf                       =           11
Edm                       =  9.91211e-22
NCalls                    =           80
p0                        =     0.248822   +/-   0.00523555  
p1                        =     0.258427   +/-   0.00301674  
p2                        =     0.232641   +/-   0.00312246  
p3                        =     0.231743   +/-   0.00488881  
****************************************
Minimizer is Minuit2 / Migrad
Chi2                      =      26.2891
NDf                       =           10
Edm                       =  2.29187e-07
NCalls                    =          111
p0                        =     0.240705   +/-   0.00609249  
p1                        =     0.263578   +/-   0.00313633  
p2                        =     0.236534   +/-   0.00344609  
p3                        =     0.237292   +/-   0.00396721  
p4                        =     0.222991   +/-   0.00596968  
  [FIT] Found good fit candidate. Best segments so far: 3. Stopping search.
  [FIT] Finalizing with loop variable 'segments' = 3
****************************************
Minimizer is Minuit2 / Migrad
Chi2                      =      34.3098
NDf                       =           11
Edm                       =  1.82828e-06
NCalls                    =           79
p0                        =      0.24272   +/-   0.00796109  
p1                        =     0.257754   +/-   0.00285694  
p2                        =     0.233747   +/-   0.00303966  
p3                        =     0.230439   +/-   0.0061989   
[SUCCESS] Created final fit for L1Inner_Oxygen_NaF_L1QTemplate_EGE_SigmaL_spline with chi2/ndf = 3.09649

[INFO] Starting smart spline fit for: L1Inner_Oxygen_NaF_L2QTemplate_EGE_SigmaL (16 points)
****************************************
Minimizer is Minuit2 / Migrad
Chi2                      =      12.0843
NDf                       =           14
Edm                       =  2.70228e-22
NCalls                    =           35
p0                        =     0.243792   +/-   0.00326635  
p1                        =     0.237051   +/-   0.00371978  
  [FIT] Found good fit candidate. Best segments so far: 1. Stopping search.
  [FIT] Finalizing with loop variable 'segments' = 1
****************************************
Minimizer is Minuit2 / Migrad
Chi2                      =      12.0543
NDf                       =           14
Edm                       =  4.27537e-22
NCalls                    =           35
p0                        =     0.244539   +/-   0.00376666  
p1                        =     0.236279   +/-   0.00425835  
[SUCCESS] Created final fit for L1Inner_Oxygen_NaF_L2QTemplate_EGE_SigmaL_spline with chi2/ndf = 0.863166
begin drawing Oxygen L1Inner NaF EGE_SigmaL

[INFO] Starting smart spline fit for: L1Inner_Oxygen_NaF_L1QTemplate_EGE_SigmaR (16 points)
****************************************
Minimizer is Minuit2 / Migrad
Chi2                      =      28.6306
NDf                       =           13
Edm                       =  3.40671e-21
NCalls                    =           35
p0                        =     0.268765   +/-   0.00324758  
p1                        =     0.300124   +/-   0.00350846  
****************************************
Minimizer is Minuit2 / Migrad
Chi2                      =      26.7686
NDf                       =           12
Edm                       =  3.59917e-06
NCalls                    =           59
p0                        =     0.263739   +/-   0.004912    
p1                        =     0.291966   +/-   0.00300826  
p2                        =     0.294873   +/-   0.00521063  
  [FIT] Found good fit candidate. Best segments so far: 1. Stopping search.
  [FIT] Finalizing with loop variable 'segments' = 1
****************************************
Minimizer is Minuit2 / Migrad
Chi2                      =       33.331
NDf                       =           13
Edm                       =  4.75708e-21
NCalls                    =           35
p0                        =     0.265816   +/-   0.00398322  
p1                        =     0.302428   +/-   0.0041666   
[SUCCESS] Created final fit for L1Inner_Oxygen_NaF_L1QTemplate_EGE_SigmaR_spline with chi2/ndf = 2.20235

[INFO] Starting smart spline fit for: L1Inner_Oxygen_NaF_L2QTemplate_EGE_SigmaR (16 points)
****************************************
Minimizer is Minuit2 / Migrad
Chi2                      =      28.9866
NDf                       =           14
Edm                       =  9.73835e-22
NCalls                    =           31
p0                        =      0.26427   +/-   0.00386033  
p1                        =     0.300087   +/-   0.00462141  
****************************************
Minimizer is Minuit2 / Migrad
Chi2                      =      11.3827
NDf                       =           13
Edm                       =  1.20716e-13
NCalls                    =           59
p0                        =     0.253529   +/-   0.00463216  
p1                        =     0.297262   +/-   0.00363204  
p2                        =     0.278646   +/-   0.00688991  
  [FIT] Found good fit candidate. Best segments so far: 2. Stopping search.
  [FIT] Finalizing with loop variable 'segments' = 2
****************************************
Minimizer is Minuit2 / Migrad
Chi2                      =      13.0407
NDf                       =           13
Edm                       =  3.73246e-06
NCalls                    =           52
p0                        =     0.246212   +/-   0.00574645  
p1                        =      0.29435   +/-   0.00332585  
p2                        =     0.278897   +/-   0.0081848   
[SUCCESS] Created final fit for L1Inner_Oxygen_NaF_L2QTemplate_EGE_SigmaR_spline with chi2/ndf = 0.875593
begin drawing Oxygen L1Inner NaF EGE_SigmaR
  [SUCCESS] Wrote constant TF1 'L1Inner_Oxygen_NaF_L1QTemplate_EGE_AlphaL_spline' to file.
  [SUCCESS] Wrote constant TF1 'L1Inner_Oxygen_NaF_L2QTemplate_EGE_AlphaL_spline' to file.
begin drawing Oxygen L1Inner NaF EGE_AlphaL

[INFO] Starting smart spline fit for: L1Inner_Oxygen_NaF_L1QTemplate_EGE_AlphaR (16 points)
****************************************
Minimizer is Minuit2 / Migrad
Chi2                      =      648.183
NDf                       =           13
Edm                       =  1.36025e-20
NCalls                    =           32
p0                        =      1.18054   +/-   0.0673912   
p1                        =      3.80617   +/-   0.0476879   
****************************************
Minimizer is Minuit2 / Migrad
Chi2                      =       301.08
NDf                       =           12
Edm                       =  4.42214e-21
NCalls                    =           53
p0                        =     0.105872   +/-   0.0887067   
p1                        =      2.94244   +/-   0.0180835   
p2                        =      1.55429   +/-   0.129937    
****************************************
Minimizer is Minuit2 / Migrad
Chi2                      =      94.6149
NDf                       =           11
Edm                       =  2.47811e-20
NCalls                    =           80
p0                        =      1.95995   +/-   0.157039    
p1                        =      1.54947   +/-   0.0586306   
p2                        =      3.15684   +/-   0.0477575   
p3                        =     0.509048   +/-   0.150437    
****************************************
Minimizer is Minuit2 / Migrad
Chi2                      =      82.6077
NDf                       =           10
Edm                       =  7.64698e-08
NCalls                    =          111
p0                        =      2.36123   +/-   0.177086    
p1                        =      1.26782   +/-   0.054521    
p2                        =      2.98636   +/-   0.0183274   
p3                        =      1.67524   +/-   0.13457     
p4                        =      1.28035   +/-   0.243599    
****************************************
Minimizer is Minuit2 / Migrad
Chi2                      =      50.9537
NDf                       =            9
Edm                       =  4.41577e-06
NCalls                    =          149
p0                        =      1.74387   +/-   0.239131    
p1                        =      1.44548   +/-   0.070636    
p2                        =      1.73163   +/-   0.0962843   
p3                        =      3.14476   +/-   0.0577307   
p4                        =       1.3671   +/-   0.14757     
p5                        =      1.75571   +/-   0.26188     
****************************************
Minimizer is Minuit2 / Migrad
Chi2                      =      56.7639
NDf                       =            8
Edm                       =  1.38358e-06
NCalls                    =          177
p0                        =      1.36273   +/-   0.33436     
p1                        =      1.70032   +/-   0.0930556   
p2                        =      1.37748   +/-   0.0780462   
p3                        =      2.99372   +/-   0.0184149   
p4                        =       2.2682   +/-   0.209746    
p5                        =      1.42771   +/-   0.141105    
p6                        =      1.37185   +/-   0.373935    
****************************************
Minimizer is Minuit2 / Migrad
Chi2                      =      39.7954
NDf                       =            7
Edm                       =  2.87028e-12
NCalls                    =          256
p0                        =      2.16595   +/-   0.393638    
p1                        =      1.46125   +/-   0.111036    
p2                        =      1.39068   +/-   0.0619925   
p3                        =      1.57902   +/-   0.113805    
p4                        =      3.06719   +/-   0.0798866   
p5                        =      1.53416   +/-   0.197392    
p6                        =      1.58442   +/-   0.156371    
p7                        =     0.951003   +/-   0.416094    
****************************************
Minimizer is Minuit2 / Migrad
Chi2                      =      27.9428
NDf                       =            6
Edm                       =  3.07868e-06
NCalls                    =          230
p0                        =       2.2838   +/-   0.395093    
p1                        =      1.42473   +/-   0.111531    
p2                        =      1.40955   +/-   0.0622318   
p3                        =       1.4944   +/-   0.11635     
p4                        =      3.00129   +/-   0.0184855   
p5                        =      1.76713   +/-   0.259898    
p6                        =      1.66278   +/-   0.188734    
p7                        =      1.32543   +/-   0.184914    
p8                        =      1.32455   +/-   0.722319    
  [FIT] No fit met threshold. Falling back to best chi2/ndf.
  [FIT] Finalizing with loop variable 'segments' = 8
****************************************
Minimizer is Minuit2 / Migrad
Chi2                      =      28.2139
NDf                       =            6
Edm                       =  1.26176e-06
NCalls                    =          229
p0                        =      2.78312   +/-   0.673245    
p1                        =      1.42592   +/-   0.112762    
p2                        =      1.40727   +/-   0.0621058   
p3                        =      1.49758   +/-   0.116196    
p4                        =      3.00122   +/-   0.0184845   
p5                        =      1.76291   +/-   0.258486    
p6                        =      1.66896   +/-   0.186701    
p7                        =      1.32614   +/-   0.183706    
p8                        =      1.46581   +/-   1.00761     
[SUCCESS] Created final fit for L1Inner_Oxygen_NaF_L1QTemplate_EGE_AlphaR_spline with chi2/ndf = 4.65714

[INFO] Starting smart spline fit for: L1Inner_Oxygen_NaF_L2QTemplate_EGE_AlphaR (16 points)
****************************************
Minimizer is Minuit2 / Migrad
Chi2                      =      31.8746
NDf                       =           14
Edm                       =  4.21806e-23
NCalls                    =           31
p0                        =      1.57388   +/-   0.103766    
p1                        =      1.36997   +/-   0.0958643   
****************************************
Minimizer is Minuit2 / Migrad
Chi2                      =       29.521
NDf                       =           13
Edm                       =  1.13495e-22
NCalls                    =           59
p0                        =      1.39505   +/-   0.156061    
p1                        =      1.62644   +/-   0.134386    
p2                        =      1.24109   +/-   0.127465    
  [FIT] Found good fit candidate. Best segments so far: 1. Stopping search.
  [FIT] Finalizing with loop variable 'segments' = 1
****************************************
Minimizer is Minuit2 / Migrad
Chi2                      =      31.9346
NDf                       =           14
Edm                       =  1.63988e-22
NCalls                    =           31
p0                        =      1.60023   +/-   0.123371    
p1                        =      1.34806   +/-   0.111643    
[SUCCESS] Created final fit for L1Inner_Oxygen_NaF_L2QTemplate_EGE_AlphaR_spline with chi2/ndf = 2.27676
begin drawing Oxygen L1Inner NaF EGE_AlphaR
begin drawing Oxygen L1Inner NaF EGE_Chi2NDF

[INFO] Starting smart spline fit for: L1Inner_Oxygen_AGL_L1QTemplate_LG_Width (22 points)
****************************************
Minimizer is Minuit2 / Migrad
Chi2                      =      15.9924
NDf                       =           20
Edm                       =  2.23603e-23
NCalls                    =           31
p0                        =    0.0336503   +/-   0.00130127  
p1                        =    0.0323718   +/-   0.00189433  
  [FIT] Found good fit candidate. Best segments so far: 1. Stopping search.
  [FIT] Finalizing with loop variable 'segments' = 1
****************************************
Minimizer is Minuit2 / Migrad
Chi2                      =      16.1273
NDf                       =           20
Edm                       =  8.74754e-23
NCalls                    =           31
p0                        =    0.0335624   +/-   0.00152586  
p1                        =    0.0325802   +/-   0.0021548   
[SUCCESS] Created final fit for L1Inner_Oxygen_AGL_L1QTemplate_LG_Width_spline with chi2/ndf = 0.799619

[INFO] Starting smart spline fit for: L1Inner_Oxygen_AGL_L2QTemplate_LG_Width (22 points)
****************************************
Minimizer is Minuit2 / Migrad
Chi2                      =      21.2482
NDf                       =           20
Edm                       =  1.22414e-23
NCalls                    =           31
p0                        =     0.029644   +/-   0.00163652  
p1                        =    0.0371312   +/-   0.00255376  
  [FIT] Found good fit candidate. Best segments so far: 1. Stopping search.
  [FIT] Finalizing with loop variable 'segments' = 1
****************************************
Minimizer is Minuit2 / Migrad
Chi2                      =      20.4842
NDf                       =           20
Edm                       =  1.39814e-23
NCalls                    =           31
p0                        =    0.0285852   +/-   0.00192826  
p1                        =    0.0383696   +/-   0.00288881  
[SUCCESS] Created final fit for L1Inner_Oxygen_AGL_L2QTemplate_LG_Width_spline with chi2/ndf = 1.06241
begin drawing Oxygen L1Inner AGL LG_Width

[INFO] Starting smart spline fit for: L1Inner_Oxygen_AGL_L1QTemplate_LG_MPV (22 points)
****************************************
Minimizer is Minuit2 / Migrad
Chi2                      =      20.5383
NDf                       =           20
Edm                       =   2.0627e-19
NCalls                    =           43
p0                        =      7.90155   +/-   0.00199331  
p1                        =      7.93224   +/-   0.00294847  
  [FIT] Found good fit candidate. Best segments so far: 1. Stopping search.
  [FIT] Finalizing with loop variable 'segments' = 1
****************************************
Minimizer is Minuit2 / Migrad
Chi2                      =      24.7166
NDf                       =           20
Edm                       =   2.4769e-19
NCalls                    =           43
p0                        =      7.89879   +/-   0.00235531  
p1                        =       7.9347   +/-   0.0033643   
[SUCCESS] Created final fit for L1Inner_Oxygen_AGL_L1QTemplate_LG_MPV_spline with chi2/ndf = 1.02691

[INFO] Starting smart spline fit for: L1Inner_Oxygen_AGL_L2QTemplate_LG_MPV (22 points)
****************************************
Minimizer is Minuit2 / Migrad
Chi2                      =      39.5474
NDf                       =           20
Edm                       =  1.82925e-18
NCalls                    =           43
p0                        =      7.91934   +/-   0.00256612  
p1                        =      7.95383   +/-   0.00291491  
****************************************
Minimizer is Minuit2 / Migrad
Chi2                      =      34.1553
NDf                       =           19
Edm                       =  1.71079e-07
NCalls                    =           70
p0                        =      7.92399   +/-   0.00325492  
p1                        =      7.93468   +/-   0.00281637  
p2                        =      7.95898   +/-   0.00366223  
  [FIT] Found good fit candidate. Best segments so far: 1. Stopping search.
  [FIT] Finalizing with loop variable 'segments' = 1
****************************************
Minimizer is Minuit2 / Migrad
Chi2                      =      39.2365
NDf                       =           20
Edm                       =  3.87991e-18
NCalls                    =           41
p0                        =      7.91571   +/-   0.00294639  
p1                        =      7.95704   +/-   0.00326599  
[SUCCESS] Created final fit for L1Inner_Oxygen_AGL_L2QTemplate_LG_MPV_spline with chi2/ndf = 1.97737
begin drawing Oxygen L1Inner AGL LG_MPV

[INFO] Starting smart spline fit for: L1Inner_Oxygen_AGL_L1QTemplate_LG_Sigma (22 points)
****************************************
Minimizer is Minuit2 / Migrad
Chi2                      =       14.425
NDf                       =           20
Edm                       =   1.1852e-22
NCalls                    =           35
p0                        =     0.232386   +/-   0.00149316  
p1                        =     0.223947   +/-   0.0022148   
  [FIT] Found good fit candidate. Best segments so far: 1. Stopping search.
  [FIT] Finalizing with loop variable 'segments' = 1
****************************************
Minimizer is Minuit2 / Migrad
Chi2                      =      13.0062
NDf                       =           20
Edm                       =  4.03914e-22
NCalls                    =           35
p0                        =     0.233605   +/-   0.00174478  
p1                        =     0.222482   +/-   0.00251219  
[SUCCESS] Created final fit for L1Inner_Oxygen_AGL_L1QTemplate_LG_Sigma_spline with chi2/ndf = 0.721251

[INFO] Starting smart spline fit for: L1Inner_Oxygen_AGL_L2QTemplate_LG_Sigma (22 points)
****************************************
Minimizer is Minuit2 / Migrad
Chi2                      =      24.2706
NDf                       =           20
Edm                       =  5.99043e-22
NCalls                    =           35
p0                        =     0.236126   +/-   0.00183072  
p1                        =     0.218999   +/-   0.00252769  
  [FIT] Found good fit candidate. Best segments so far: 1. Stopping search.
  [FIT] Finalizing with loop variable 'segments' = 1
****************************************
Minimizer is Minuit2 / Migrad
Chi2                      =      22.9529
NDf                       =           20
Edm                       =  7.76829e-22
NCalls                    =           35
p0                        =     0.238076   +/-   0.00211443  
p1                        =     0.217019   +/-   0.00283308  
[SUCCESS] Created final fit for L1Inner_Oxygen_AGL_L2QTemplate_LG_Sigma_spline with chi2/ndf = 1.21353
begin drawing Oxygen L1Inner AGL LG_Sigma
begin drawing Oxygen L1Inner AGL LG_Chi2NDF

[INFO] Starting smart spline fit for: L1Inner_Oxygen_AGL_L1QTemplate_EGE_Peak (22 points)
****************************************
Minimizer is Minuit2 / Migrad
Chi2                      =        39.81
NDf                       =           20
Edm                       =  3.49522e-19
NCalls                    =           43
p0                        =      7.94273   +/-   0.00192296  
p1                        =      7.97137   +/-   0.00202154  
****************************************
Minimizer is Minuit2 / Migrad
Chi2                      =      34.0459
NDf                       =           19
Edm                       =  3.00489e-18
NCalls                    =           80
p0                        =      7.93996   +/-   0.00224284  
p1                        =      7.96178   +/-   0.00133245  
p2                        =       7.9612   +/-   0.00469261  
  [FIT] Found good fit candidate. Best segments so far: 1. Stopping search.
  [FIT] Finalizing with loop variable 'segments' = 1
****************************************
Minimizer is Minuit2 / Migrad
Chi2                      =      44.6686
NDf                       =           20
Edm                       =  4.23334e-18
NCalls                    =           43
p0                        =      7.94023   +/-   0.00225187  
p1                        =      7.97462   +/-   0.002445    
[SUCCESS] Created final fit for L1Inner_Oxygen_AGL_L1QTemplate_EGE_Peak_spline with chi2/ndf = 1.9905

[INFO] Starting smart spline fit for: L1Inner_Oxygen_AGL_L2QTemplate_EGE_Peak (22 points)
****************************************
Minimizer is Minuit2 / Migrad
Chi2                      =      23.1979
NDf                       =           19
Edm                       =  1.28471e-19
NCalls                    =           43
p0                        =      7.97049   +/-   0.00276081  
p1                        =      7.98674   +/-   0.00256691  
  [FIT] Found good fit candidate. Best segments so far: 1. Stopping search.
  [FIT] Finalizing with loop variable 'segments' = 1
****************************************
Minimizer is Minuit2 / Migrad
Chi2                      =      22.6323
NDf                       =           19
Edm                       =  1.97981e-18
NCalls                    =           43
p0                        =      7.96863   +/-   0.00313546  
p1                        =      7.98908   +/-   0.00304355  
[SUCCESS] Created final fit for L1Inner_Oxygen_AGL_L2QTemplate_EGE_Peak_spline with chi2/ndf = 1.22094
begin drawing Oxygen L1Inner AGL EGE_Peak

[INFO] Starting smart spline fit for: L1Inner_Oxygen_AGL_L1QTemplate_EGE_SigmaL (22 points)
****************************************
Minimizer is Minuit2 / Migrad
Chi2                      =       21.255
NDf                       =           20
Edm                       =  8.42288e-22
NCalls                    =           35
p0                        =     0.235749   +/-   0.00143959  
p1                        =     0.224519   +/-   0.00200893  
  [FIT] Found good fit candidate. Best segments so far: 1. Stopping search.
  [FIT] Finalizing with loop variable 'segments' = 1
****************************************
Minimizer is Minuit2 / Migrad
Chi2                      =      19.8347
NDf                       =           20
Edm                       =  9.88327e-22
NCalls                    =           35
p0                        =     0.237204   +/-   0.00169244  
p1                        =     0.222822   +/-   0.00231795  
[SUCCESS] Created final fit for L1Inner_Oxygen_AGL_L1QTemplate_EGE_SigmaL_spline with chi2/ndf = 1.06275

[INFO] Starting smart spline fit for: L1Inner_Oxygen_AGL_L2QTemplate_EGE_SigmaL (22 points)
****************************************
Minimizer is Minuit2 / Migrad
Chi2                      =      17.2524
NDf                       =           19
Edm                       =  7.98258e-22
NCalls                    =           35
p0                        =     0.244452   +/-   0.00197592  
p1                        =     0.218931   +/-   0.00252996  
  [FIT] Found good fit candidate. Best segments so far: 1. Stopping search.
  [FIT] Finalizing with loop variable 'segments' = 1
****************************************
Minimizer is Minuit2 / Migrad
Chi2                      =      17.3124
NDf                       =           19
Edm                       =   4.8531e-22
NCalls                    =           35
p0                        =     0.247025   +/-   0.00227766  
p1                        =     0.215983   +/-   0.00291118  
[SUCCESS] Created final fit for L1Inner_Oxygen_AGL_L2QTemplate_EGE_SigmaL_spline with chi2/ndf = 0.908023
begin drawing Oxygen L1Inner AGL EGE_SigmaL

[INFO] Starting smart spline fit for: L1Inner_Oxygen_AGL_L1QTemplate_EGE_SigmaR (22 points)
****************************************
Minimizer is Minuit2 / Migrad
Chi2                      =      40.9031
NDf                       =           20
Edm                       =  4.93492e-21
NCalls                    =           35
p0                        =     0.295803   +/-   0.00170184  
p1                        =     0.285156   +/-   0.00240536  
****************************************
Minimizer is Minuit2 / Migrad
Chi2                      =      39.3344
NDf                       =           19
Edm                       =  3.58163e-08
NCalls                    =           61
p0                        =     0.297087   +/-   0.00198669  
p1                        =     0.287818   +/-   0.00187431  
p2                        =     0.289472   +/-   0.00420226  
  [FIT] Found good fit candidate. Best segments so far: 1. Stopping search.
  [FIT] Finalizing with loop variable 'segments' = 1
****************************************
Minimizer is Minuit2 / Migrad
Chi2                      =      41.2654
NDf                       =           20
Edm                       =  3.08889e-22
NCalls                    =           35
p0                        =     0.296735   +/-   0.00196411  
p1                        =     0.284077   +/-   0.0027618   
[SUCCESS] Created final fit for L1Inner_Oxygen_AGL_L1QTemplate_EGE_SigmaR_spline with chi2/ndf = 2.04516

[INFO] Starting smart spline fit for: L1Inner_Oxygen_AGL_L2QTemplate_EGE_SigmaR (22 points)
****************************************
Minimizer is Minuit2 / Migrad
Chi2                      =      29.7231
NDf                       =           19
Edm                       =  9.62451e-22
NCalls                    =           35
p0                        =     0.284422   +/-   0.00275063  
p1                        =     0.281353   +/-   0.00310038  
  [FIT] Found good fit candidate. Best segments so far: 1. Stopping search.
  [FIT] Finalizing with loop variable 'segments' = 1
****************************************
Minimizer is Minuit2 / Migrad
Chi2                      =      29.4546
NDf                       =           19
Edm                       =  2.69917e-21
NCalls                    =           35
p0                        =     0.285156   +/-   0.00308162  
p1                        =     0.280438   +/-   0.00355807  
[SUCCESS] Created final fit for L1Inner_Oxygen_AGL_L2QTemplate_EGE_SigmaR_spline with chi2/ndf = 1.56437
begin drawing Oxygen L1Inner AGL EGE_SigmaR
  [SUCCESS] Wrote constant TF1 'L1Inner_Oxygen_AGL_L1QTemplate_EGE_AlphaL_spline' to file.
  [SUCCESS] Wrote constant TF1 'L1Inner_Oxygen_AGL_L2QTemplate_EGE_AlphaL_spline' to file.
begin drawing Oxygen L1Inner AGL EGE_AlphaL

[INFO] Starting smart spline fit for: L1Inner_Oxygen_AGL_L1QTemplate_EGE_AlphaR (22 points)
****************************************
Minimizer is Minuit2 / Migrad
Chi2                      =      257.174
NDf                       =           20
Edm                       =  1.09857e-22
NCalls                    =           31
p0                        =      1.71291   +/-   0.048367    
p1                        =      2.06106   +/-   0.0644079   
****************************************
Minimizer is Minuit2 / Migrad
Chi2                      =      215.494
NDf                       =           19
Edm                       =  4.17815e-23
NCalls                    =           53
p0                        =      2.07663   +/-   0.0742524   
p1                        =      1.68685   +/-   0.0492159   
p2                        =      2.58815   +/-   0.10399     
****************************************
Minimizer is Minuit2 / Migrad
Chi2                      =      150.125
NDf                       =           18
Edm                       =  4.31049e-06
NCalls                    =           79
p0                        =       2.7723   +/-   0.113304    
p1                        =      1.40714   +/-   0.0496949   
p2                        =      2.28059   +/-   0.0601104   
p3                        =       1.7747   +/-   0.143944    
****************************************
Minimizer is Minuit2 / Migrad
Chi2                      =        94.94
NDf                       =           17
Edm                       =  5.96477e-07
NCalls                    =          111
p0                        =      2.08906   +/-   0.165548    
p1                        =      1.81243   +/-   0.0459179   
p2                        =      1.55362   +/-   0.0629659   
p3                        =      2.57293   +/-   0.0717425   
p4                        =      1.08748   +/-   0.171789    
****************************************
Minimizer is Minuit2 / Migrad
Chi2                      =      86.8708
NDf                       =           16
Edm                       =  5.19568e-08
NCalls                    =          132
p0                        =      1.54626   +/-   0.222215    
p1                        =      2.00566   +/-   0.0468605   
p2                        =      1.28196   +/-   0.0632376   
p3                        =      2.19693   +/-   0.0780814   
p4                        =      2.36916   +/-   0.101247    
p5                        =      1.11042   +/-   0.193828    
****************************************
Minimizer is Minuit2 / Migrad
Chi2                      =       76.018
NDf                       =           15
Edm                       =   1.2339e-05
NCalls                    =          175
p0                        =      1.20145   +/-   0.283803    
p1                        =      2.03734   +/-   0.0617584   
p2                        =      1.39886   +/-   0.0650652   
p3                        =       1.6572   +/-   0.0748843   
p4                        =      2.55343   +/-   0.0934677   
p5                        =        1.811   +/-   0.169747    
p6                        =      1.41387   +/-   0.260607    
****************************************
Minimizer is Minuit2 / Migrad
Chi2                      =      46.2264
NDf                       =           14
Edm                       =  2.07675e-08
NCalls                    =          218
p0                        =     0.617275   +/-   0.311984    
p1                        =      2.16885   +/-   0.0677759   
p2                        =      1.42962   +/-   0.0659246   
p3                        =      1.50673   +/-   0.0730773   
p4                        =      1.71868   +/-   0.090545    
p5                        =      2.65732   +/-   0.0737469   
p6                        =      1.26193   +/-   0.209987    
p7                        =      2.03865   +/-   0.297498    
  [FIT] Found good fit candidate. Best segments so far: 7. Stopping search.
  [FIT] Finalizing with loop variable 'segments' = 7
****************************************
Minimizer is Minuit2 / Migrad
Chi2                      =      50.2569
NDf                       =           14
Edm                       =  5.13896e-08
NCalls                    =          218
p0                        =    -0.301763   +/-   0.500084    
p1                        =      2.17517   +/-   0.0682708   
p2                        =        1.445   +/-   0.0654486   
p3                        =      1.49744   +/-   0.072936    
p4                        =      1.72583   +/-   0.0904751   
p5                        =      2.65247   +/-   0.0736235   
p6                        =      1.31624   +/-   0.201658    
p7                        =      2.49692   +/-   0.494247    
[SUCCESS] Created final fit for L1Inner_Oxygen_AGL_L1QTemplate_EGE_AlphaR_spline with chi2/ndf = 3.30188

[INFO] Starting smart spline fit for: L1Inner_Oxygen_AGL_L2QTemplate_EGE_AlphaR (22 points)
****************************************
Minimizer is Minuit2 / Migrad
Chi2                      =      25.0161
NDf                       =           19
Edm                       =  5.75991e-23
NCalls                    =           31
p0                        =      1.41185   +/-   0.053543    
p1                        =      1.45637   +/-   0.0944806   
  [FIT] Found good fit candidate. Best segments so far: 1. Stopping search.
  [FIT] Finalizing with loop variable 'segments' = 1
****************************************
Minimizer is Minuit2 / Migrad
Chi2                      =      25.0449
NDf                       =           19
Edm                       =  1.29501e-23
NCalls                    =           31
p0                        =      1.40846   +/-   0.066719    
p1                        =      1.45723   +/-   0.108676    
[SUCCESS] Created final fit for L1Inner_Oxygen_AGL_L2QTemplate_EGE_AlphaR_spline with chi2/ndf = 1.31664
begin drawing Oxygen L1Inner AGL EGE_AlphaR
begin drawing Oxygen L1Inner AGL EGE_Chi2NDF

[INFO] Starting smart spline fit for: UnbiasedL1Inner_Oxygen_TOF_L1QTemplate_LG_Width (7 points)
****************************************
Minimizer is Minuit2 / Migrad
Chi2                      =       91.975
NDf                       =            5
Edm                       =  2.08109e-23
NCalls                    =           31
p0                        =     0.025317   +/-   0.000733014 
p1                        =    0.0237819   +/-   0.000622996 
****************************************
Minimizer is Minuit2 / Migrad
Chi2                      =      89.4586
NDf                       =            4
Edm                       =  4.68849e-08
NCalls                    =           59
p0                        =    0.0263404   +/-   0.000976436 
p1                        =    0.0237114   +/-   0.000591947 
p2                        =    0.0243976   +/-   0.000733957 
****************************************
Minimizer is Minuit2 / Migrad
Chi2                      =      82.2118
NDf                       =            3
Edm                       =  2.45152e-06
NCalls                    =           79
p0                        =    0.0275822   +/-   0.00110385  
p1                        =    0.0230145   +/-   0.000714128 
p2                        =    0.0260672   +/-   0.000966167 
p3                        =    0.0233632   +/-   0.000810803 
****************************************
Minimizer is Minuit2 / Migrad
Chi2                      =       23.583
NDf                       =            2
Edm                       =  2.83665e-09
NCalls                    =          111
p0                        =    0.0230997   +/-   0.00130617  
p1                        =    0.0298541   +/-   0.00107775  
p2                        =    0.0213988   +/-   0.000728777 
p3                        =    0.0320664   +/-   0.00116866  
p4                        =    0.0198741   +/-   0.000960852 
****************************************
Minimizer is Minuit2 / Migrad
Chi2                      =      3.50453
NDf                       =            1
Edm                       =  2.27917e-21
NCalls                    =          151
p0                        =    0.0189102   +/-   0.00154333  
p1                        =    0.0357404   +/-   0.00158672  
p2                        =    0.0223023   +/-   0.000772753 
p3                        =    0.0301269   +/-   0.00110011  
p4                        =    0.0296703   +/-   0.00138512  
p5                        =    0.0210588   +/-   0.00104524  
  [FIT] No fit met threshold. Falling back to best chi2/ndf.
  [FIT] Finalizing with loop variable 'segments' = 5
****************************************
Minimizer is Minuit2 / Migrad
Chi2                      =      4.14752
NDf                       =            1
Edm                       =  3.53933e-20
NCalls                    =          168
p0                        =   0.00896432   +/-   0.00283026  
p1                        =    0.0357283   +/-   0.00158592  
p2                        =     0.022266   +/-   0.000772087 
p3                        =    0.0299142   +/-   0.00109186  
p4                        =    0.0297171   +/-   0.00139506  
p5                        =    0.0181145   +/-   0.00180762  
[SUCCESS] Created final fit for UnbiasedL1Inner_Oxygen_TOF_L1QTemplate_LG_Width_spline with chi2/ndf = 3.50453

[INFO] Starting smart spline fit for: UnbiasedL1Inner_Oxygen_TOF_L2QTemplate_LG_Width (7 points)
****************************************
Minimizer is Minuit2 / Migrad
Chi2                      =      25.7561
NDf                       =            5
Edm                       =  3.24599e-22
NCalls                    =           31
p0                        =    0.0254252   +/-   0.000746898 
p1                        =    0.0161432   +/-   0.0006047   
****************************************
Minimizer is Minuit2 / Migrad
Chi2                      =      22.7928
NDf                       =            4
Edm                       =  6.47864e-22
NCalls                    =           53
p0                        =    0.0265952   +/-   0.00100985  
p1                        =     0.019197   +/-   0.000636112 
p2                        =    0.0169759   +/-   0.000774349 
****************************************
Minimizer is Minuit2 / Migrad
Chi2                      =      13.6701
NDf                       =            3
Edm                       =  6.13481e-11
NCalls                    =           87
p0                        =    0.0244678   +/-   0.0012188   
p1                        =    0.0230814   +/-   0.00075555  
p2                        =    0.0161479   +/-   0.000753202 
p3                        =    0.0184097   +/-   0.000920869 
****************************************
Minimizer is Minuit2 / Migrad
Chi2                      =      1.17277
NDf                       =            2
Edm                       =  6.81024e-06
NCalls                    =           98
p0                        =    0.0214572   +/-   0.00150101  
p1                        =    0.0270155   +/-   0.000874129 
p2                        =    0.0173382   +/-   0.000791318 
p3                        =    0.0179985   +/-   0.00077452  
p4                        =    0.0168276   +/-   0.00110706  
  [FIT] Found good fit candidate. Best segments so far: 4. Stopping search.
  [FIT] Finalizing with loop variable 'segments' = 4
****************************************
Minimizer is Minuit2 / Migrad
Chi2                      =      1.54244
NDf                       =            2
Edm                       =  3.70569e-08
NCalls                    =          111
p0                        =    0.0184175   +/-   0.00223013  
p1                        =    0.0270565   +/-   0.000885772 
p2                        =    0.0174201   +/-   0.000782061 
p3                        =    0.0179858   +/-   0.000791946 
p4                        =    0.0162753   +/-   0.00155984  
[SUCCESS] Created final fit for UnbiasedL1Inner_Oxygen_TOF_L2QTemplate_LG_Width_spline with chi2/ndf = 0.586384
begin drawing Oxygen UnbiasedL1Inner TOF LG_Width

[INFO] Starting smart spline fit for: UnbiasedL1Inner_Oxygen_TOF_L1QTemplate_LG_MPV (7 points)
****************************************
Minimizer is Minuit2 / Migrad
Chi2                      =      130.281
NDf                       =            5
Edm                       =  4.12647e-18
NCalls                    =           43
p0                        =      7.94642   +/-   0.00124437  
p1                        =      7.95367   +/-   0.00107374  
****************************************
Minimizer is Minuit2 / Migrad
Chi2                      =      70.0982
NDf                       =            4
Edm                       =  2.01247e-10
NCalls                    =           79
p0                        =      7.93786   +/-   0.00166349  
p1                        =      7.95719   +/-   0.00107119  
p2                        =      7.94773   +/-   0.00131845  
****************************************
Minimizer is Minuit2 / Migrad
Chi2                      =      68.3344
NDf                       =            3
Edm                       =  5.39091e-17
NCalls                    =          104
p0                        =      7.93547   +/-   0.00195586  
p1                        =       7.9554   +/-   0.00124896  
p2                        =      7.95289   +/-   0.00144845  
p3                        =      7.94948   +/-   0.00150969  
****************************************
Minimizer is Minuit2 / Migrad
Chi2                      =       27.084
NDf                       =            2
Edm                       =   2.2394e-07
NCalls                    =          106
p0                        =      7.94359   +/-   0.00237319  
p1                        =      7.94084   +/-   0.00156186  
p2                        =      7.96156   +/-   0.00132064  
p3                        =       7.9437   +/-   0.00158316  
p4                        =      7.95426   +/-   0.00178166  
****************************************
Minimizer is Minuit2 / Migrad
Chi2                      =      2.69564
NDf                       =            1
Edm                       =  1.75901e-18
NCalls                    =          175
p0                        =      7.94929   +/-   0.00261005  
p1                        =      7.93528   +/-   0.00189152  
p2                        =      7.95876   +/-   0.00140327  
p3                        =      7.94844   +/-   0.00160268  
p4                        =      7.94801   +/-   0.00192543  
p5                        =      7.95156   +/-   0.00192164  
  [FIT] No fit met threshold. Falling back to best chi2/ndf.
  [FIT] Finalizing with loop variable 'segments' = 5
****************************************
Minimizer is Minuit2 / Migrad
Chi2                      =      3.00962
NDf                       =            1
Edm                       =  2.59438e-18
NCalls                    =          197
p0                        =      7.96019   +/-   0.00428046  
p1                        =      7.93532   +/-   0.00188842  
p2                        =      7.95881   +/-   0.00140208  
p3                        =      7.94856   +/-   0.00159902  
p4                        =        7.948   +/-   0.00193833  
p5                        =      7.95261   +/-   0.00305896  
[SUCCESS] Created final fit for UnbiasedL1Inner_Oxygen_TOF_L1QTemplate_LG_MPV_spline with chi2/ndf = 2.69564

[INFO] Starting smart spline fit for: UnbiasedL1Inner_Oxygen_TOF_L2QTemplate_LG_MPV (7 points)
****************************************
Minimizer is Minuit2 / Migrad
Chi2                      =      94.8082
NDf                       =            5
Edm                       =  6.69425e-18
NCalls                    =           43
p0                        =      7.91875   +/-   0.00132762  
p1                        =      7.99461   +/-   0.00127325  
****************************************
Minimizer is Minuit2 / Migrad
Chi2                      =      18.9937
NDf                       =            4
Edm                       =  5.12202e-18
NCalls                    =           79
p0                        =      7.90804   +/-   0.00181053  
p1                        =       7.9713   +/-   0.00126072  
p2                        =      7.98555   +/-   0.00164383  
****************************************
Minimizer is Minuit2 / Migrad
Chi2                      =      11.3678
NDf                       =            3
Edm                       =    2.798e-18
NCalls                    =          100
p0                        =      7.91162   +/-   0.00218773  
p1                        =      7.94981   +/-   0.00136039  
p2                        =      7.98535   +/-   0.00157838  
p3                        =      7.98193   +/-   0.00198194  
****************************************
Minimizer is Minuit2 / Migrad
Chi2                      =        2.289
NDf                       =            2
Edm                       =  3.69224e-10
NCalls                    =          107
p0                        =      7.91625   +/-   0.00270588  
p1                        =      7.92563   +/-   0.00150278  
p2                        =      7.97475   +/-   0.00160186  
p3                        =        7.984   +/-   0.00160988  
p4                        =      7.98493   +/-   0.00239998  
  [FIT] Found good fit candidate. Best segments so far: 4. Stopping search.
  [FIT] Finalizing with loop variable 'segments' = 4
****************************************
Minimizer is Minuit2 / Migrad
Chi2                      =       2.3017
NDf                       =            2
Edm                       =  2.96074e-06
NCalls                    =          106
p0                        =      7.91644   +/-   0.0040172   
p1                        =      7.92569   +/-   0.00151901  
p2                        =       7.9747   +/-   0.00158088  
p3                        =      7.98398   +/-   0.0016454   
p4                        =      7.98541   +/-   0.003361    
[SUCCESS] Created final fit for UnbiasedL1Inner_Oxygen_TOF_L2QTemplate_LG_MPV_spline with chi2/ndf = 1.1445
begin drawing Oxygen UnbiasedL1Inner TOF LG_MPV

[INFO] Starting smart spline fit for: UnbiasedL1Inner_Oxygen_TOF_L1QTemplate_LG_Sigma (7 points)
****************************************
Minimizer is Minuit2 / Migrad
Chi2                      =      148.509
NDf                       =            5
Edm                       =   2.9868e-21
NCalls                    =           35
p0                        =     0.239399   +/-   0.000810286 
p1                        =       0.2468   +/-   0.000673185 
****************************************
Minimizer is Minuit2 / Migrad
Chi2                      =      127.193
NDf                       =            4
Edm                       =  1.10074e-09
NCalls                    =           62
p0                        =     0.242718   +/-   0.00108308  
p1                        =     0.241363   +/-   0.000646678 
p2                        =     0.248696   +/-   0.000788517 
****************************************
Minimizer is Minuit2 / Migrad
Chi2                      =      121.106
NDf                       =            3
Edm                       =   3.6966e-06
NCalls                    =           96
p0                        =     0.242143   +/-   0.00122245  
p1                        =     0.241382   +/-   0.000787316 
p2                        =     0.242038   +/-   0.00106002  
p3                        =      0.24948   +/-   0.00086755  
****************************************
Minimizer is Minuit2 / Migrad
Chi2                      =      28.9404
NDf                       =            2
Edm                       =  5.01138e-22
NCalls                    =           99
p0                        =     0.248479   +/-   0.0014443   
p1                        =      0.23379   +/-   0.00120658  
p2                        =     0.244997   +/-   0.000795693 
p3                        =     0.236317   +/-   0.00130221  
p4                        =     0.254024   +/-   0.00102892  
****************************************
Minimizer is Minuit2 / Migrad
Chi2                      =      1.35702
NDf                       =            1
Edm                       =  5.46051e-19
NCalls                    =          169
p0                        =      0.25395   +/-   0.00172207  
p1                        =     0.225914   +/-   0.00181951  
p2                        =     0.242095   +/-   0.000848652 
p3                        =     0.236494   +/-   0.00120975  
p4                        =     0.239029   +/-   0.00155277  
p5                        =     0.252734   +/-   0.00112436  
  [FIT] No fit met threshold. Falling back to best chi2/ndf.
  [FIT] Finalizing with loop variable 'segments' = 5
****************************************
Minimizer is Minuit2 / Migrad
Chi2                      =      1.94419
NDf                       =            1
Edm                       =  5.12955e-19
NCalls                    =          165
p0                        =     0.269134   +/-   0.003192    
p1                        =     0.225894   +/-   0.00181911  
p2                        =     0.242149   +/-   0.000847883 
p3                        =     0.236805   +/-   0.00120014  
p4                        =     0.238924   +/-   0.00156414  
p5                        =     0.257331   +/-   0.00197608  
[SUCCESS] Created final fit for UnbiasedL1Inner_Oxygen_TOF_L1QTemplate_LG_Sigma_spline with chi2/ndf = 1.35702

[INFO] Starting smart spline fit for: UnbiasedL1Inner_Oxygen_TOF_L2QTemplate_LG_Sigma (7 points)
****************************************
Minimizer is Minuit2 / Migrad
Chi2                      =      96.2616
NDf                       =            5
Edm                       =  1.96299e-21
NCalls                    =           35
p0                        =     0.215604   +/-   0.000821818 
p1                        =     0.248795   +/-   0.000650613 
****************************************
Minimizer is Minuit2 / Migrad
Chi2                      =      44.9481
NDf                       =            4
Edm                       =  4.16363e-19
NCalls                    =           59
p0                        =     0.220955   +/-   0.00111056  
p1                        =     0.230762   +/-   0.000684352 
p2                        =     0.252546   +/-   0.000835136 
****************************************
Minimizer is Minuit2 / Migrad
Chi2                      =      18.7249
NDf                       =            3
Edm                       =  2.59874e-06
NCalls                    =           96
p0                        =     0.224817   +/-   0.00134308  
p1                        =     0.222173   +/-   0.000829257 
p2                        =     0.241661   +/-   0.000802783 
p3                        =     0.250338   +/-   0.0009916   
****************************************
Minimizer is Minuit2 / Migrad
Chi2                      =      5.51138
NDf                       =            2
Edm                       =  4.70833e-07
NCalls                    =          119
p0                        =     0.228655   +/-   0.00165504  
p1                        =     0.217769   +/-   0.000962509 
p2                        =     0.233253   +/-   0.000846948 
p3                        =     0.246083   +/-   0.000833104 
p4                        =     0.252398   +/-   0.00119138  
  [FIT] Found good fit candidate. Best segments so far: 4. Stopping search.
  [FIT] Finalizing with loop variable 'segments' = 4
****************************************
Minimizer is Minuit2 / Migrad
Chi2                      =      6.21252
NDf                       =            2
Edm                       =  2.47293e-06
NCalls                    =          117
p0                        =     0.233915   +/-   0.00245666  
p1                        =     0.217711   +/-   0.000975474 
p2                        =     0.233112   +/-   0.000837253 
p3                        =     0.246022   +/-   0.000852153 
p4                        =     0.254223   +/-   0.00167853  
[SUCCESS] Created final fit for UnbiasedL1Inner_Oxygen_TOF_L2QTemplate_LG_Sigma_spline with chi2/ndf = 2.75569
begin drawing Oxygen UnbiasedL1Inner TOF LG_Sigma
begin drawing Oxygen UnbiasedL1Inner TOF LG_Chi2NDF

[INFO] Starting smart spline fit for: UnbiasedL1Inner_Oxygen_TOF_L1QTemplate_EGE_Peak (7 points)
****************************************
Minimizer is Minuit2 / Migrad
Chi2                      =      59.8586
NDf                       =            5
Edm                       =  3.17437e-17
NCalls                    =           43
p0                        =      7.99844   +/-   0.0012312   
p1                        =       8.0082   +/-   0.00103968  
****************************************
Minimizer is Minuit2 / Migrad
Chi2                      =      54.6219
NDf                       =            4
Edm                       =  3.63131e-08
NCalls                    =           79
p0                        =      7.99592   +/-   0.00165134  
p1                        =      8.00591   +/-   0.00102666  
p2                        =      8.00643   +/-   0.00129599  
****************************************
Minimizer is Minuit2 / Migrad
Chi2                      =      39.4995
NDf                       =            3
Edm                       =  3.93832e-16
NCalls                    =          104
p0                        =      7.99189   +/-   0.0019486   
p1                        =      8.00643   +/-   0.00123038  
p2                        =      8.00282   +/-   0.00142011  
p3                        =      8.00928   +/-   0.00154538  
****************************************
Minimizer is Minuit2 / Migrad
Chi2                      =      41.8278
NDf                       =            2
Edm                       =  1.90659e-07
NCalls                    =          129
p0                        =      7.98992   +/-   0.00235781  
p1                        =      8.00368   +/-   0.00152675  
p2                        =      8.00366   +/-   0.00122845  
p3                        =       8.0077   +/-   0.00138677  
p4                        =      8.00628   +/-   0.00186977  
****************************************
Minimizer is Minuit2 / Migrad
Chi2                      =      2.65611
NDf                       =            1
Edm                       =  3.12165e-17
NCalls                    =          179
p0                        =      7.99637   +/-   0.00260097  
p1                        =      7.99733   +/-   0.00185984  
p2                        =       8.0103   +/-   0.00140617  
p3                        =      7.99834   +/-   0.00165353  
p4                        =      8.01156   +/-   0.00156148  
p5                        =      8.00284   +/-   0.00198174  
  [FIT] No fit met threshold. Falling back to best chi2/ndf.
  [FIT] Finalizing with loop variable 'segments' = 5
****************************************
Minimizer is Minuit2 / Migrad
Chi2                      =      2.80482
NDf                       =            1
Edm                       =  3.44284e-17
NCalls                    =          199
p0                        =      7.99927   +/-   0.00425507  
p1                        =      7.99733   +/-   0.0018567   
p2                        =      8.01026   +/-   0.00140518  
p3                        =      7.99825   +/-   0.00164961  
p4                        =      8.01157   +/-   0.00157     
p5                        =      7.99758   +/-   0.00299238  
[SUCCESS] Created final fit for UnbiasedL1Inner_Oxygen_TOF_L1QTemplate_EGE_Peak_spline with chi2/ndf = 2.65611

[INFO] Starting smart spline fit for: UnbiasedL1Inner_Oxygen_TOF_L2QTemplate_EGE_Peak (7 points)
****************************************
Minimizer is Minuit2 / Migrad
Chi2                      =        104.5
NDf                       =            5
Edm                       =  4.33926e-17
NCalls                    =           43
p0                        =      7.96537   +/-   0.00130406  
p1                        =      8.03452   +/-   0.00101736  
****************************************
Minimizer is Minuit2 / Migrad
Chi2                      =      22.1567
NDf                       =            4
Edm                       =  1.21042e-16
NCalls                    =           75
p0                        =      7.95472   +/-   0.00175413  
p1                        =      8.01311   +/-   0.00108189  
p2                        =      8.02679   +/-   0.00132667  
****************************************
Minimizer is Minuit2 / Migrad
Chi2                      =      26.4216
NDf                       =            3
Edm                       =   5.6515e-07
NCalls                    =          104
p0                        =      7.95424   +/-   0.00212892  
p1                        =      7.99596   +/-   0.00132935  
p2                        =       8.0224   +/-   0.00121506  
p3                        =      8.02696   +/-   0.00158061  
****************************************
Minimizer is Minuit2 / Migrad
Chi2                      =      6.51298
NDf                       =            2
Edm                       =   8.5688e-06
NCalls                    =          137
p0                        =      7.96003   +/-   0.00262819  
p1                        =      7.97124   +/-   0.00151924  
p2                        =      8.01632   +/-   0.00135338  
p3                        =      8.02308   +/-   0.00128192  
p4                        =      8.03048   +/-   0.00190441  
  [FIT] Found good fit candidate. Best segments so far: 4. Stopping search.
  [FIT] Finalizing with loop variable 'segments' = 4
****************************************
Minimizer is Minuit2 / Migrad
Chi2                      =       7.2704
NDf                       =            2
Edm                       =  7.53674e-17
NCalls                    =          138
p0                        =      7.95928   +/-   0.00389866  
p1                        =      7.97137   +/-   0.00153857  
p2                        =       8.0162   +/-   0.00133656  
p3                        =        8.023   +/-   0.00131178  
p4                        =      8.03306   +/-   0.00267335  
[SUCCESS] Created final fit for UnbiasedL1Inner_Oxygen_TOF_L2QTemplate_EGE_Peak_spline with chi2/ndf = 3.25649
begin drawing Oxygen UnbiasedL1Inner TOF EGE_Peak

[INFO] Starting smart spline fit for: UnbiasedL1Inner_Oxygen_TOF_L1QTemplate_EGE_SigmaL (7 points)
****************************************
Minimizer is Minuit2 / Migrad
Chi2                      =      133.707
NDf                       =            5
Edm                       =  9.22382e-20
NCalls                    =           37
p0                        =     0.248067   +/-   0.000879682 
p1                        =     0.258498   +/-   0.000802635 
****************************************
Minimizer is Minuit2 / Migrad
Chi2                      =      59.6732
NDf                       =            4
Edm                       =   3.5996e-07
NCalls                    =           62
p0                        =     0.254739   +/-   0.00117261  
p1                        =     0.249301   +/-   0.000724119 
p2                        =     0.263716   +/-   0.00100599  
****************************************
Minimizer is Minuit2 / Migrad
Chi2                      =      47.9898
NDf                       =            3
Edm                       =  6.87416e-19
NCalls                    =           92
p0                        =     0.252722   +/-   0.00136541  
p1                        =     0.250436   +/-   0.000861923 
p2                        =     0.250508   +/-   0.00110388  
p3                        =     0.266096   +/-   0.00120413  
****************************************
Minimizer is Minuit2 / Migrad
Chi2                      =      54.1244
NDf                       =            2
Edm                       =   1.3375e-06
NCalls                    =          117
p0                        =     0.254419   +/-   0.00163434  
p1                        =     0.250908   +/-   0.00112394  
p2                        =     0.249512   +/-   0.000866176 
p3                        =     0.257596   +/-   0.00109022  
p4                        =     0.266251   +/-   0.00147567  
****************************************
Minimizer is Minuit2 / Migrad
Chi2                      =      0.30445
NDf                       =            1
Edm                       =  1.15737e-19
NCalls                    =          169
p0                        =     0.260041   +/-   0.00182922  
p1                        =     0.244792   +/-   0.00143036  
p2                        =     0.253568   +/-   0.000981034 
p3                        =     0.245708   +/-   0.00130453  
p4                        =     0.260663   +/-   0.00119647  
p5                        =     0.263349   +/-   0.00155364  
  [FIT] No fit met threshold. Falling back to best chi2/ndf.
  [FIT] Finalizing with loop variable 'segments' = 5
****************************************
Minimizer is Minuit2 / Migrad
Chi2                      =     0.372292
NDf                       =            1
Edm                       =   4.4819e-19
NCalls                    =          182
p0                        =     0.268599   +/-   0.00306829  
p1                        =     0.244822   +/-   0.0014277   
p2                        =      0.25358   +/-   0.000980455 
p3                        =       0.2458   +/-   0.00129917  
p4                        =     0.260662   +/-   0.00120276  
p5                        =     0.262089   +/-   0.00232917  
[SUCCESS] Created final fit for UnbiasedL1Inner_Oxygen_TOF_L1QTemplate_EGE_SigmaL_spline with chi2/ndf = 0.30445

[INFO] Starting smart spline fit for: UnbiasedL1Inner_Oxygen_TOF_L2QTemplate_EGE_SigmaL (7 points)
****************************************
Minimizer is Minuit2 / Migrad
Chi2                      =      85.7657
NDf                       =            5
Edm                       =  8.30464e-21
NCalls                    =           35
p0                        =     0.222971   +/-   0.000901464 
p1                        =     0.254832   +/-   0.000717414 
****************************************
Minimizer is Minuit2 / Migrad
Chi2                      =      35.7264
NDf                       =            4
Edm                       =  2.34967e-20
NCalls                    =           59
p0                        =     0.228738   +/-   0.00121543  
p1                        =     0.237023   +/-   0.000752083 
p2                        =     0.259048   +/-   0.000932725 
****************************************
Minimizer is Minuit2 / Migrad
Chi2                      =      28.1212
NDf                       =            3
Edm                       =  2.16686e-07
NCalls                    =           95
p0                        =     0.230726   +/-   0.0014766   
p1                        =     0.230274   +/-   0.000916117 
p2                        =      0.24621   +/-   0.000860761 
p3                        =     0.258296   +/-   0.00111033  
****************************************
Minimizer is Minuit2 / Migrad
Chi2                      =      2.69407
NDf                       =            2
Edm                       =  7.31102e-06
NCalls                    =          118
p0                        =     0.235677   +/-   0.00182398  
p1                        =     0.225082   +/-   0.00104556  
p2                        =     0.240138   +/-   0.000936409 
p3                        =     0.250989   +/-   0.00090861  
p4                        =      0.26126   +/-   0.00133666  
  [FIT] Found good fit candidate. Best segments so far: 4. Stopping search.
  [FIT] Finalizing with loop variable 'segments' = 4
****************************************
Minimizer is Minuit2 / Migrad
Chi2                      =      3.62421
NDf                       =            2
Edm                       =  1.35453e-05
NCalls                    =          117
p0                        =     0.240842   +/-   0.00270378  
p1                        =     0.225068   +/-   0.00105878  
p2                        =     0.239937   +/-   0.000925125 
p3                        =     0.250898   +/-   0.000929901 
p4                        =     0.264443   +/-   0.00187722  
[SUCCESS] Created final fit for UnbiasedL1Inner_Oxygen_TOF_L2QTemplate_EGE_SigmaL_spline with chi2/ndf = 1.34704
begin drawing Oxygen UnbiasedL1Inner TOF EGE_SigmaL

[INFO] Starting smart spline fit for: UnbiasedL1Inner_Oxygen_TOF_L1QTemplate_EGE_SigmaR (7 points)
****************************************
Minimizer is Minuit2 / Migrad
Chi2                      =      57.4839
NDf                       =            5
Edm                       =  4.21211e-19
NCalls                    =           37
p0                        =     0.269292   +/-   0.00144547  
p1                        =     0.270639   +/-   0.00126251  
****************************************
Minimizer is Minuit2 / Migrad
Chi2                      =      54.9292
NDf                       =            4
Edm                       =  3.64798e-10
NCalls                    =           60
p0                        =     0.267285   +/-   0.00191461  
p1                        =     0.271475   +/-   0.00115447  
p2                        =     0.269169   +/-   0.00156185  
****************************************
Minimizer is Minuit2 / Migrad
Chi2                      =      34.3053
NDf                       =            3
Edm                       =  4.28653e-19
NCalls                    =           96
p0                        =     0.272714   +/-   0.00223528  
p1                        =     0.265874   +/-   0.00145689  
p2                        =       0.2778   +/-   0.0017928   
p3                        =     0.265118   +/-   0.00183236  
****************************************
Minimizer is Minuit2 / Migrad
Chi2                      =      13.5418
NDf                       =            2
Edm                       =  3.34984e-06
NCalls                    =          114
p0                        =     0.279044   +/-   0.00266993  
p1                        =     0.259618   +/-   0.00188428  
p2                        =     0.275878   +/-   0.00134535  
p3                        =     0.267099   +/-   0.00181841  
p4                        =     0.270682   +/-   0.00222189  
****************************************
Minimizer is Minuit2 / Migrad
Chi2                      =      6.52859
NDf                       =            1
Edm                       =  8.34177e-20
NCalls                    =          179
p0                        =     0.274997   +/-   0.00299518  
p1                        =     0.264139   +/-   0.00239364  
p2                        =     0.263406   +/-   0.0016829   
p3                        =     0.279264   +/-   0.00215286  
p4                        =     0.264922   +/-   0.00198918  
p5                        =     0.272721   +/-   0.00233954  
  [FIT] No fit met threshold. Falling back to best chi2/ndf.
  [FIT] Finalizing with loop variable 'segments' = 5
****************************************
Minimizer is Minuit2 / Migrad
Chi2                      =      6.87806
NDf                       =            1
Edm                       =  1.36294e-19
NCalls                    =          176
p0                        =     0.278583   +/-   0.00505777  
p1                        =     0.264182   +/-   0.00238922  
p2                        =      0.26345   +/-   0.0016818   
p3                        =     0.279477   +/-   0.00214246  
p4                        =     0.264916   +/-   0.00199962  
p5                        =     0.277764   +/-   0.00357374  
[SUCCESS] Created final fit for UnbiasedL1Inner_Oxygen_TOF_L1QTemplate_EGE_SigmaR_spline with chi2/ndf = 6.52859

[INFO] Starting smart spline fit for: UnbiasedL1Inner_Oxygen_TOF_L2QTemplate_EGE_SigmaR (7 points)
****************************************
Minimizer is Minuit2 / Migrad
Chi2                      =      55.1328
NDf                       =            5
Edm                       =  1.18771e-20
NCalls                    =           35
p0                        =     0.250531   +/-   0.00142885  
p1                        =     0.268275   +/-   0.00105658  
****************************************
Minimizer is Minuit2 / Migrad
Chi2                      =      29.2031
NDf                       =            4
Edm                       =  1.15441e-19
NCalls                    =           59
p0                        =     0.256843   +/-   0.00189164  
p1                        =     0.255976   +/-   0.00115792  
p2                        =     0.272859   +/-   0.00138806  
****************************************
Minimizer is Minuit2 / Migrad
Chi2                      =      22.0347
NDf                       =            3
Edm                       =  7.58921e-07
NCalls                    =           94
p0                        =     0.260567   +/-   0.00228609  
p1                        =     0.250635   +/-   0.0014914   
p2                        =     0.264244   +/-   0.00123993  
p3                        =     0.270302   +/-   0.00164376  
****************************************
Minimizer is Minuit2 / Migrad
Chi2                      =      15.2969
NDf                       =            2
Edm                       =  3.70833e-06
NCalls                    =          116
p0                        =      0.25628   +/-   0.00281121  
p1                        =     0.255865   +/-   0.00170529  
p2                        =     0.253387   +/-   0.00145777  
p3                        =     0.271518   +/-   0.0013381   
p4                        =     0.267672   +/-   0.00197421  
****************************************
Minimizer is Minuit2 / Migrad
Chi2                      =      8.64088
NDf                       =            1
Edm                       =  3.63846e-06
NCalls                    =          156
p0                        =     0.253172   +/-   0.00305267  
p1                        =     0.258476   +/-   0.00197876  
p2                        =     0.248389   +/-   0.00168185  
p3                        =     0.265761   +/-   0.00135642  
p4                        =     0.268598   +/-   0.00164593  
p5                        =     0.270102   +/-   0.00212988  
  [FIT] No fit met threshold. Falling back to best chi2/ndf.
  [FIT] Finalizing with loop variable 'segments' = 2
****************************************
Minimizer is Minuit2 / Migrad
Chi2                      =      38.0277
NDf                       =            4
Edm                       =   8.6444e-21
NCalls                    =           57
p0                        =     0.256716   +/-   0.00250197  
p1                        =     0.257061   +/-   0.00105825  
p2                        =     0.275645   +/-   0.00178186  
[SUCCESS] Created final fit for UnbiasedL1Inner_Oxygen_TOF_L2QTemplate_EGE_SigmaR_spline with chi2/ndf = 7.30076
begin drawing Oxygen UnbiasedL1Inner TOF EGE_SigmaR
  [SUCCESS] Wrote constant TF1 'UnbiasedL1Inner_Oxygen_TOF_L1QTemplate_EGE_AlphaL_spline' to file.
  [SUCCESS] Wrote constant TF1 'UnbiasedL1Inner_Oxygen_TOF_L2QTemplate_EGE_AlphaL_spline' to file.
begin drawing Oxygen UnbiasedL1Inner TOF EGE_AlphaL

[INFO] Starting smart spline fit for: UnbiasedL1Inner_Oxygen_TOF_L1QTemplate_EGE_AlphaR (7 points)
****************************************
Minimizer is Minuit2 / Migrad
Chi2                      =      110.954
NDf                       =            5
Edm                       =  1.52964e-21
NCalls                    =           31
p0                        =      1.37711   +/-   0.0182906   
p1                        =      1.29792   +/-   0.0178352   
****************************************
Minimizer is Minuit2 / Migrad
Chi2                      =      104.735
NDf                       =            4
Edm                       =   2.9805e-22
NCalls                    =           59
p0                        =      1.33496   +/-   0.0249056   
p1                        =      1.36913   +/-   0.0183845   
p2                        =      1.26637   +/-   0.0218676   
****************************************
Minimizer is Minuit2 / Migrad
Chi2                      =      106.604
NDf                       =            3
Edm                       =  1.96437e-21
NCalls                    =           80
p0                        =      1.33765   +/-   0.0285408   
p1                        =      1.37307   +/-   0.018128    
p2                        =      1.32848   +/-   0.0267452   
p3                        =      1.27452   +/-   0.026993    
****************************************
Minimizer is Minuit2 / Migrad
Chi2                      =      43.0727
NDf                       =            2
Edm                       =  1.21956e-07
NCalls                    =          109
p0                        =      1.47407   +/-   0.0347399   
p1                        =      1.23967   +/-   0.0232574   
p2                        =      1.48796   +/-   0.0249365   
p3                        =      1.19644   +/-   0.0228591   
p4                        =      1.38869   +/-   0.0326112   
****************************************
Minimizer is Minuit2 / Migrad
Chi2                      =      54.7622
NDf                       =            1
Edm                       =  1.70542e-05
NCalls                    =          135
p0                        =      1.49719   +/-   0.038103    
p1                        =      1.21835   +/-   0.0279842   
p2                        =      1.40559   +/-   0.020246    
p3                        =      1.30372   +/-   0.0313595   
p4                        =      1.22421   +/-   0.0252026   
p5                        =      1.36211   +/-   0.0344192   
  [FIT] No fit met threshold. Falling back to best chi2/ndf.
  [FIT] Finalizing with loop variable 'segments' = 4
****************************************
Minimizer is Minuit2 / Migrad
Chi2                      =      45.8128
NDf                       =            2
Edm                       =  7.24467e-06
NCalls                    =          111
p0                        =      1.59532   +/-   0.0530858   
p1                        =      1.23951   +/-   0.0236395   
p2                        =      1.48205   +/-   0.0245608   
p3                        =      1.19849   +/-   0.0231915   
p4                        =      1.46439   +/-   0.0459993   
[SUCCESS] Created final fit for UnbiasedL1Inner_Oxygen_TOF_L1QTemplate_EGE_AlphaR_spline with chi2/ndf = 21.5363

[INFO] Starting smart spline fit for: UnbiasedL1Inner_Oxygen_TOF_L2QTemplate_EGE_AlphaR (7 points)
****************************************
Minimizer is Minuit2 / Migrad
Chi2                      =      12.7417
NDf                       =            5
Edm                       =  1.63792e-23
NCalls                    =           35
p0                        =      1.44418   +/-   0.0234761   
p1                        =      1.53339   +/-   0.0196812   
****************************************
Minimizer is Minuit2 / Migrad
Chi2                      =      12.7346
NDf                       =            4
Edm                       =   3.4472e-22
NCalls                    =           59
p0                        =      1.44592   +/-   0.0312549   
p1                        =      1.49406   +/-   0.0213429   
p2                        =      1.53453   +/-   0.0239007   
****************************************
Minimizer is Minuit2 / Migrad
Chi2                      =      6.28247
NDf                       =            3
Edm                       =  1.56513e-21
NCalls                    =           82
p0                        =      1.49242   +/-   0.0369387   
p1                        =      1.43562   +/-   0.0246565   
p2                        =      1.57026   +/-   0.0287853   
p3                        =      1.49815   +/-   0.027938    
  [FIT] Found good fit candidate. Best segments so far: 3. Stopping search.
  [FIT] Finalizing with loop variable 'segments' = 3
****************************************
Minimizer is Minuit2 / Migrad
Chi2                      =      7.00701
NDf                       =            3
Edm                       =  1.50621e-21
NCalls                    =           82
p0                        =      1.51388   +/-   0.0520958   
p1                        =      1.44343   +/-   0.0233345   
p2                        =      1.56229   +/-   0.0269338   
p3                        =      1.47583   +/-   0.0380041   
[SUCCESS] Created final fit for UnbiasedL1Inner_Oxygen_TOF_L2QTemplate_EGE_AlphaR_spline with chi2/ndf = 2.09416
begin drawing Oxygen UnbiasedL1Inner TOF EGE_AlphaR
begin drawing Oxygen UnbiasedL1Inner TOF EGE_Chi2NDF

[INFO] Starting smart spline fit for: UnbiasedL1Inner_Oxygen_NaF_L1QTemplate_LG_Width (16 points)
****************************************
Minimizer is Minuit2 / Migrad
Chi2                      =      26.0014
NDf                       =           14
Edm                       =  4.04394e-23
NCalls                    =           31
p0                        =    0.0166237   +/-   0.00260063  
p1                        =    0.0366868   +/-   0.00239686  
****************************************
Minimizer is Minuit2 / Migrad
Chi2                      =      25.6991
NDf                       =           13
Edm                       =  1.81041e-23
NCalls                    =           53
p0                        =    0.0178516   +/-   0.00342788  
p1                        =     0.028563   +/-   0.00224237  
p2                        =    0.0379898   +/-   0.00337061  
  [FIT] Found good fit candidate. Best segments so far: 1. Stopping search.
  [FIT] Finalizing with loop variable 'segments' = 1
****************************************
Minimizer is Minuit2 / Migrad
Chi2                      =      26.5038
NDf                       =           14
Edm                       =  4.78813e-24
NCalls                    =           31
p0                        =    0.0141793   +/-   0.00307121  
p1                        =    0.0390016   +/-   0.00282879  
[SUCCESS] Created final fit for UnbiasedL1Inner_Oxygen_NaF_L1QTemplate_LG_Width_spline with chi2/ndf = 1.85724

[INFO] Starting smart spline fit for: UnbiasedL1Inner_Oxygen_NaF_L2QTemplate_LG_Width (16 points)
****************************************
Minimizer is Minuit2 / Migrad
Chi2                      =      13.2614
NDf                       =           14
Edm                       =  1.39984e-23
NCalls                    =           29
p0                        =   0.00956373   +/-   0.00405008  
p1                        =    0.0388292   +/-   0.00329515  
  [FIT] Found good fit candidate. Best segments so far: 1. Stopping search.
  [FIT] Finalizing with loop variable 'segments' = 1
****************************************
Minimizer is Minuit2 / Migrad
Chi2                      =      13.8994
NDf                       =           14
Edm                       =  4.58287e-23
NCalls                    =           31
p0                        =   0.00643908   +/-   0.00469823  
p1                        =    0.0422199   +/-   0.00394135  
[SUCCESS] Created final fit for UnbiasedL1Inner_Oxygen_NaF_L2QTemplate_LG_Width_spline with chi2/ndf = 0.947243
begin drawing Oxygen UnbiasedL1Inner NaF LG_Width

[INFO] Starting smart spline fit for: UnbiasedL1Inner_Oxygen_NaF_L1QTemplate_LG_MPV (16 points)
****************************************
Minimizer is Minuit2 / Migrad
Chi2                      =      34.5583
NDf                       =           14
Edm                       =  8.62505e-20
NCalls                    =           43
p0                        =      7.93935   +/-   0.00228612  
p1                        =      7.89072   +/-   0.00341212  
****************************************
Minimizer is Minuit2 / Migrad
Chi2                      =      27.6587
NDf                       =           13
Edm                       =  8.74014e-07
NCalls                    =           71
p0                        =      7.94125   +/-   0.00239744  
p1                        =      7.90019   +/-   0.00373821  
p2                        =      7.89924   +/-   0.00470714  
  [FIT] Found good fit candidate. Best segments so far: 1. Stopping search.
  [FIT] Finalizing with loop variable 'segments' = 1
****************************************
Minimizer is Minuit2 / Migrad
Chi2                      =      39.9364
NDf                       =           14
Edm                       =  7.37717e-19
NCalls                    =           43
p0                        =      7.94122   +/-   0.00242723  
p1                        =      7.88731   +/-   0.00374981  
[SUCCESS] Created final fit for UnbiasedL1Inner_Oxygen_NaF_L1QTemplate_LG_MPV_spline with chi2/ndf = 2.46845

[INFO] Starting smart spline fit for: UnbiasedL1Inner_Oxygen_NaF_L2QTemplate_LG_MPV (16 points)
****************************************
Minimizer is Minuit2 / Migrad
Chi2                      =      23.8779
NDf                       =           14
Edm                       =  3.27891e-18
NCalls                    =           43
p0                        =      7.94249   +/-   0.00613005  
p1                        =      7.90332   +/-   0.00483315  
  [FIT] Found good fit candidate. Best segments so far: 1. Stopping search.
  [FIT] Finalizing with loop variable 'segments' = 1
****************************************
Minimizer is Minuit2 / Migrad
Chi2                      =      25.3814
NDf                       =           14
Edm                       =  4.35222e-19
NCalls                    =           43
p0                        =      7.94635   +/-   0.00716378  
p1                        =      7.89923   +/-   0.0057741   
[SUCCESS] Created final fit for UnbiasedL1Inner_Oxygen_NaF_L2QTemplate_LG_MPV_spline with chi2/ndf = 1.70557
begin drawing Oxygen UnbiasedL1Inner NaF LG_MPV

[INFO] Starting smart spline fit for: UnbiasedL1Inner_Oxygen_NaF_L1QTemplate_LG_Sigma (16 points)
****************************************
Minimizer is Minuit2 / Migrad
Chi2                      =      56.7823
NDf                       =           14
Edm                       =  2.42514e-23
NCalls                    =           33
p0                        =      0.24576   +/-   0.00185728  
p1                        =     0.231447   +/-   0.00272009  
****************************************
Minimizer is Minuit2 / Migrad
Chi2                      =      42.0205
NDf                       =           13
Edm                       =  1.20546e-09
NCalls                    =           58
p0                        =     0.242403   +/-   0.00205249  
p1                        =      0.24343   +/-   0.00246162  
p2                        =     0.220665   +/-   0.00390809  
****************************************
Minimizer is Minuit2 / Migrad
Chi2                      =      40.3517
NDf                       =           12
Edm                       =  1.13621e-05
NCalls                    =           82
p0                        =     0.241547   +/-   0.00219899  
p1                        =     0.249466   +/-   0.00293366  
p2                        =     0.234421   +/-   0.00312562  
p3                        =      0.22215   +/-   0.00482923  
****************************************
Minimizer is Minuit2 / Migrad
Chi2                      =      35.9333
NDf                       =           11
Edm                       =  5.99826e-06
NCalls                    =          100
p0                        =     0.240504   +/-   0.00227505  
p1                        =     0.251902   +/-   0.00315881  
p2                        =     0.238329   +/-   0.00328425  
p3                        =     0.232857   +/-   0.00374406  
p4                        =     0.214666   +/-   0.00613698  
  [FIT] Found good fit candidate. Best segments so far: 3. Stopping search.
  [FIT] Finalizing with loop variable 'segments' = 3
****************************************
Minimizer is Minuit2 / Migrad
Chi2                      =      39.1067
NDf                       =           12
Edm                       =  1.14392e-22
NCalls                    =           80
p0                        =      0.23979   +/-   0.00263832  
p1                        =     0.249039   +/-   0.00263882  
p2                        =     0.235074   +/-   0.00300144  
p3                        =      0.21829   +/-   0.00626891  
[SUCCESS] Created final fit for UnbiasedL1Inner_Oxygen_NaF_L1QTemplate_LG_Sigma_spline with chi2/ndf = 3.36264

[INFO] Starting smart spline fit for: UnbiasedL1Inner_Oxygen_NaF_L2QTemplate_LG_Sigma (16 points)
****************************************
Minimizer is Minuit2 / Migrad
Chi2                      =      30.6749
NDf                       =           14
Edm                       =  9.65643e-23
NCalls                    =           31
p0                        =      0.24127   +/-   0.00320589  
p1                        =     0.232454   +/-   0.00356665  
****************************************
Minimizer is Minuit2 / Migrad
Chi2                      =       25.222
NDf                       =           13
Edm                       =  4.38338e-22
NCalls                    =           53
p0                        =     0.235631   +/-   0.00401368  
p1                        =     0.241635   +/-   0.00337619  
p2                        =     0.224467   +/-   0.00494185  
  [FIT] Found good fit candidate. Best segments so far: 1. Stopping search.
  [FIT] Finalizing with loop variable 'segments' = 1
****************************************
Minimizer is Minuit2 / Migrad
Chi2                      =      30.8037
NDf                       =           14
Edm                       =  1.37107e-22
NCalls                    =           31
p0                        =     0.242107   +/-   0.00371098  
p1                        =     0.231641   +/-   0.00408952  
[SUCCESS] Created final fit for UnbiasedL1Inner_Oxygen_NaF_L2QTemplate_LG_Sigma_spline with chi2/ndf = 2.19106
begin drawing Oxygen UnbiasedL1Inner NaF LG_Sigma
begin drawing Oxygen UnbiasedL1Inner NaF LG_Chi2NDF

[INFO] Starting smart spline fit for: UnbiasedL1Inner_Oxygen_NaF_L1QTemplate_EGE_Peak (16 points)
****************************************
Minimizer is Minuit2 / Migrad
Chi2                      =      41.6552
NDf                       =           12
Edm                       =   3.9838e-18
NCalls                    =           43
p0                        =      7.98932   +/-   0.00437165  
p1                        =      7.92844   +/-   0.00407323  
****************************************
Minimizer is Minuit2 / Migrad
Chi2                      =      32.8675
NDf                       =           11
Edm                       =  1.07243e-10
NCalls                    =           71
p0                        =      8.00017   +/-   0.0057021   
p1                        =      7.94213   +/-   0.00366152  
p2                        =      7.94171   +/-   0.00605249  
****************************************
Minimizer is Minuit2 / Migrad
Chi2                      =      24.6688
NDf                       =           10
Edm                       =  6.49815e-18
NCalls                    =           94
p0                        =      7.98638   +/-   0.00745926  
p1                        =       7.9718   +/-   0.00478077  
p2                        =      7.92934   +/-   0.00429361  
p3                        =      7.95536   +/-   0.00770524  
  [FIT] Found good fit candidate. Best segments so far: 3. Stopping search.
  [FIT] Finalizing with loop variable 'segments' = 3
****************************************
Minimizer is Minuit2 / Migrad
Chi2                      =      26.9739
NDf                       =           10
Edm                       =  1.25692e-09
NCalls                    =           96
p0                        =      7.98602   +/-   0.0115354   
p1                        =      7.97118   +/-   0.00453523  
p2                        =      7.93016   +/-   0.00420655  
p3                        =        7.965   +/-   0.0110169   
[SUCCESS] Created final fit for UnbiasedL1Inner_Oxygen_NaF_L1QTemplate_EGE_Peak_spline with chi2/ndf = 2.46688

[INFO] Starting smart spline fit for: UnbiasedL1Inner_Oxygen_NaF_L2QTemplate_EGE_Peak (16 points)
****************************************
Minimizer is Minuit2 / Migrad
Chi2                      =      50.3445
NDf                       =           13
Edm                       =  1.34219e-18
NCalls                    =           43
p0                        =      7.98489   +/-   0.00440347  
p1                        =       7.9586   +/-   0.00522838  
****************************************
Minimizer is Minuit2 / Migrad
Chi2                      =      50.1662
NDf                       =           12
Edm                       =  1.87583e-18
NCalls                    =           76
p0                        =      7.98616   +/-   0.00532565  
p1                        =      7.96637   +/-   0.00506055  
p2                        =      7.96062   +/-   0.00708524  
****************************************
Minimizer is Minuit2 / Migrad
Chi2                      =      41.8922
NDf                       =           11
Edm                       =   1.0458e-10
NCalls                    =           81
p0                        =      7.97694   +/-   0.0062954   
p1                        =      7.98501   +/-   0.00584518  
p2                        =      7.94956   +/-   0.00640725  
p3                        =      7.97406   +/-   0.00859267  
****************************************
Minimizer is Minuit2 / Migrad
Chi2                      =      44.1188
NDf                       =           10
Edm                       =  1.28808e-06
NCalls                    =          120
p0                        =      7.97868   +/-   0.00685921  
p1                        =      7.98567   +/-   0.00605424  
p2                        =      7.96189   +/-   0.00655133  
p3                        =      7.95506   +/-   0.00698218  
p4                        =      7.97549   +/-   0.0104365   
****************************************
Minimizer is Minuit2 / Migrad
Chi2                      =      24.8038
NDf                       =            9
Edm                       =  3.19144e-06
NCalls                    =          162
p0                        =       7.9898   +/-   0.00747382  
p1                        =      7.97615   +/-   0.00593099  
p2                        =      7.99973   +/-   0.00772207  
p3                        =      7.92729   +/-   0.00904378  
p4                        =      7.97167   +/-   0.00821895  
p5                        =      7.96245   +/-   0.0110163   
  [FIT] Found good fit candidate. Best segments so far: 5. Stopping search.
  [FIT] Finalizing with loop variable 'segments' = 5
****************************************
Minimizer is Minuit2 / Migrad
Chi2                      =       26.503
NDf                       =            9
Edm                       =  3.04162e-18
NCalls                    =          171
p0                        =      7.99427   +/-   0.00972251  
p1                        =      7.97839   +/-   0.00549886  
p2                        =      7.99741   +/-   0.00751091  
p3                        =      7.93016   +/-   0.00879464  
p4                        =      7.96868   +/-   0.00791731  
p5                        =      7.96103   +/-   0.0144529   
[SUCCESS] Created final fit for UnbiasedL1Inner_Oxygen_NaF_L2QTemplate_EGE_Peak_spline with chi2/ndf = 2.75598
begin drawing Oxygen UnbiasedL1Inner NaF EGE_Peak

[INFO] Starting smart spline fit for: UnbiasedL1Inner_Oxygen_NaF_L1QTemplate_EGE_SigmaL (16 points)
****************************************
Minimizer is Minuit2 / Migrad
Chi2                      =      45.5308
NDf                       =           12
Edm                       =  1.73921e-22
NCalls                    =           35
p0                        =     0.260831   +/-   0.00311197  
p1                        =     0.229533   +/-   0.00301942  
****************************************
Minimizer is Minuit2 / Migrad
Chi2                      =      42.1221
NDf                       =           11
Edm                       =  6.68178e-22
NCalls                    =           59
p0                        =     0.255897   +/-   0.00410185  
p1                        =     0.244417   +/-   0.00268052  
p2                        =     0.223367   +/-   0.0045024   
****************************************
Minimizer is Minuit2 / Migrad
Chi2                      =      39.0876
NDf                       =           10
Edm                       =  3.72383e-22
NCalls                    =           80
p0                        =      0.24998   +/-   0.00538092  
p1                        =     0.256338   +/-   0.00336339  
p2                        =     0.233709   +/-   0.00318457  
p3                        =     0.227616   +/-   0.00580753  
****************************************
Minimizer is Minuit2 / Migrad
Chi2                      =       26.951
NDf                       =            9
Edm                       =  1.14024e-07
NCalls                    =          111
p0                        =     0.239783   +/-   0.00638619  
p1                        =     0.263445   +/-   0.00365847  
p2                        =     0.236244   +/-   0.00342248  
p3                        =      0.23697   +/-   0.00381061  
p4                        =     0.208246   +/-   0.00828906  
  [FIT] Found good fit candidate. Best segments so far: 4. Stopping search.
  [FIT] Finalizing with loop variable 'segments' = 4
****************************************
Minimizer is Minuit2 / Migrad
Chi2                      =      27.4681
NDf                       =            9
Edm                       =  1.18733e-22
NCalls                    =          112
p0                        =     0.227668   +/-   0.0102502   
p1                        =     0.262232   +/-   0.00352289  
p2                        =     0.236937   +/-   0.00336186  
p3                        =     0.237137   +/-   0.00384925  
p4                        =     0.193314   +/-   0.0125789   
[SUCCESS] Created final fit for UnbiasedL1Inner_Oxygen_NaF_L1QTemplate_EGE_SigmaL_spline with chi2/ndf = 2.99456

[INFO] Starting smart spline fit for: UnbiasedL1Inner_Oxygen_NaF_L2QTemplate_EGE_SigmaL (16 points)
****************************************
Minimizer is Minuit2 / Migrad
Chi2                      =      37.1619
NDf                       =           13
Edm                       =  2.45391e-23
NCalls                    =           31
p0                        =     0.243903   +/-   0.0032887   
p1                        =     0.237914   +/-   0.0037572   
****************************************
Minimizer is Minuit2 / Migrad
Chi2                      =      33.5149
NDf                       =           12
Edm                       =  1.42719e-22
NCalls                    =           59
p0                        =     0.239637   +/-   0.0039757   
p1                        =     0.246034   +/-   0.00391493  
p2                        =     0.231507   +/-   0.00503709  
****************************************
Minimizer is Minuit2 / Migrad
Chi2                      =      32.2849
NDf                       =           11
Edm                       =  3.31034e-22
NCalls                    =           88
p0                        =     0.236569   +/-   0.00474661  
p1                        =     0.250341   +/-   0.00457254  
p2                        =     0.237643   +/-   0.00470624  
p3                        =     0.235301   +/-   0.00609464  
  [FIT] Found good fit candidate. Best segments so far: 2. Stopping search.
  [FIT] Finalizing with loop variable 'segments' = 2
****************************************
Minimizer is Minuit2 / Migrad
Chi2                      =      34.5387
NDf                       =           12
Edm                       =  1.26261e-22
NCalls                    =           53
p0                        =     0.238895   +/-   0.00512101  
p1                        =     0.244466   +/-   0.00348485  
p2                        =     0.229848   +/-   0.00626336  
[SUCCESS] Created final fit for UnbiasedL1Inner_Oxygen_NaF_L2QTemplate_EGE_SigmaL_spline with chi2/ndf = 2.7929
begin drawing Oxygen UnbiasedL1Inner NaF EGE_SigmaL

[INFO] Starting smart spline fit for: UnbiasedL1Inner_Oxygen_NaF_L1QTemplate_EGE_SigmaR (16 points)
****************************************
Minimizer is Minuit2 / Migrad
Chi2                      =      26.2518
NDf                       =           12
Edm                       =  2.75506e-23
NCalls                    =           31
p0                        =     0.273092   +/-   0.00424782  
p1                        =     0.300905   +/-   0.00350371  
****************************************
Minimizer is Minuit2 / Migrad
Chi2                      =      23.6292
NDf                       =           11
Edm                       =  1.62649e-07
NCalls                    =           59
p0                        =     0.267882   +/-   0.005329    
p1                        =     0.294707   +/-   0.00314789  
p2                        =     0.294492   +/-   0.00528821  
  [FIT] Found good fit candidate. Best segments so far: 1. Stopping search.
  [FIT] Finalizing with loop variable 'segments' = 1
****************************************
Minimizer is Minuit2 / Migrad
Chi2                      =      28.2607
NDf                       =           12
Edm                       =  4.74572e-22
NCalls                    =           31
p0                        =     0.270656   +/-   0.00499104  
p1                        =     0.303734   +/-   0.004243    
[SUCCESS] Created final fit for UnbiasedL1Inner_Oxygen_NaF_L1QTemplate_EGE_SigmaR_spline with chi2/ndf = 2.18765

[INFO] Starting smart spline fit for: UnbiasedL1Inner_Oxygen_NaF_L2QTemplate_EGE_SigmaR (16 points)
****************************************
Minimizer is Minuit2 / Migrad
Chi2                      =      276.381
NDf                       =           13
Edm                       =  8.59246e-23
NCalls                    =           31
p0                        =     0.253205   +/-   0.003532    
p1                        =     0.278387   +/-   0.0047144   
****************************************
Minimizer is Minuit2 / Migrad
Chi2                      =      266.528
NDf                       =           12
Edm                       =  4.23721e-12
NCalls                    =           59
p0                        =     0.260314   +/-   0.00419579  
p1                        =     0.260453   +/-   0.00403389  
p2                        =      0.29254   +/-   0.00652349  
****************************************
Minimizer is Minuit2 / Migrad
Chi2                      =      251.242
NDf                       =           11
Edm                       =  1.24437e-21
NCalls                    =           80
p0                        =     0.270543   +/-   0.00495123  
p1                        =     0.241326   +/-   0.00477688  
p2                        =     0.287327   +/-   0.00565427  
p3                        =     0.277485   +/-   0.00773229  
****************************************
Minimizer is Minuit2 / Migrad
Chi2                      =      258.071
NDf                       =           10
Edm                       =  1.21673e-09
NCalls                    =          110
p0                        =     0.265227   +/-   0.00540478  
p1                        =     0.248205   +/-   0.00508256  
p2                        =     0.263621   +/-   0.00512386  
p3                        =     0.292615   +/-   0.00662406  
p4                        =     0.276021   +/-   0.00892874  
****************************************
Minimizer is Minuit2 / Migrad
Chi2                      =      116.941
NDf                       =            9
Edm                       =  1.78606e-08
NCalls                    =          148
p0                        =     0.243433   +/-   0.0058072   
p1                        =      0.27042   +/-   0.00480718  
p2                        =     0.201353   +/-   0.00592689  
p3                        =     0.343269   +/-   0.00785323  
p4                        =     0.248903   +/-   0.00787002  
p5                        =     0.298414   +/-   0.00921976  
****************************************
Minimizer is Minuit2 / Migrad
Chi2                      =      161.985
NDf                       =            8
Edm                       =  1.41359e-21
NCalls                    =          173
p0                        =      0.23661   +/-   0.00635429  
p1                        =     0.287983   +/-   0.00495994  
p2                        =     0.193913   +/-   0.00732783  
p3                        =     0.297426   +/-   0.00617217  
p4                        =      0.29661   +/-   0.00877956  
p5                        =     0.269412   +/-   0.00984418  
p6                        =     0.288714   +/-   0.0102225   
****************************************
Minimizer is Minuit2 / Migrad
Chi2                      =      85.3098
NDf                       =            7
Edm                       =   5.2777e-06
NCalls                    =          200
p0                        =     0.253996   +/-   0.00666593  
p1                        =     0.264976   +/-   0.00560218  
p2                        =     0.261143   +/-   0.00785542  
p3                        =     0.189244   +/-   0.00631108  
p4                        =     0.360893   +/-   0.00850484  
p5                        =     0.263627   +/-   0.00765887  
p6                        =      0.28432   +/-   0.0106424   
p7                        =     0.281183   +/-   0.0104334   
****************************************
Minimizer is Minuit2 / Migrad
Chi2                      =      61.8022
NDf                       =            6
Edm                       =  1.33898e-05
NCalls                    =          230
p0                        =     0.255604   +/-   0.00667424  
p1                        =     0.263112   +/-   0.00561541  
p2                        =     0.263401   +/-   0.00786771  
p3                        =     0.180205   +/-   0.00658319  
p4                        =     0.332467   +/-   0.00712262  
p5                        =     0.279201   +/-   0.0113763   
p6                        =     0.283293   +/-   0.0120693   
p7                        =     0.277382   +/-   0.0119076   
p8                        =     0.286528   +/-   0.0117807   
  [FIT] No fit met threshold. Falling back to best chi2/ndf.
  [FIT] Finalizing with loop variable 'segments' = 8
****************************************
Minimizer is Minuit2 / Migrad
Chi2                      =      61.9992
NDf                       =            6
Edm                       =  3.40672e-06
NCalls                    =          248
p0                        =     0.255981   +/-   0.00895501  
p1                        =     0.264141   +/-   0.00522398  
p2                        =     0.262308   +/-   0.00749518  
p3                        =     0.180352   +/-   0.00657517  
p4                        =     0.332335   +/-   0.00711517  
p5                        =     0.279422   +/-   0.0113066   
p6                        =     0.283086   +/-   0.0120168   
p7                        =     0.277171   +/-   0.0124273   
p8                        =     0.290165   +/-   0.0170669   
[SUCCESS] Created final fit for UnbiasedL1Inner_Oxygen_NaF_L2QTemplate_EGE_SigmaR_spline with chi2/ndf = 10.3004
begin drawing Oxygen UnbiasedL1Inner NaF EGE_SigmaR
  [SUCCESS] Wrote constant TF1 'UnbiasedL1Inner_Oxygen_NaF_L1QTemplate_EGE_AlphaL_spline' to file.
  [SUCCESS] Wrote constant TF1 'UnbiasedL1Inner_Oxygen_NaF_L2QTemplate_EGE_AlphaL_spline' to file.
begin drawing Oxygen UnbiasedL1Inner NaF EGE_AlphaL

[INFO] Starting smart spline fit for: UnbiasedL1Inner_Oxygen_NaF_L1QTemplate_EGE_AlphaR (16 points)
****************************************
Minimizer is Minuit2 / Migrad
Chi2                      =      23.4607
NDf                       =           12
Edm                       =  2.65606e-23
NCalls                    =           31
p0                        =      1.45472   +/-   0.0809899   
p1                        =      1.43918   +/-   0.0983058   
****************************************
Minimizer is Minuit2 / Migrad
Chi2                      =      23.0329
NDf                       =           11
Edm                       =  4.11022e-23
NCalls                    =           60
p0                        =      1.39695   +/-   0.11983     
p1                        =      1.49362   +/-   0.0945663   
p2                        =      1.37594   +/-   0.137881    
  [FIT] Found good fit candidate. Best segments so far: 1. Stopping search.
  [FIT] Finalizing with loop variable 'segments' = 1
****************************************
Minimizer is Minuit2 / Migrad
Chi2                      =      23.4196
NDf                       =           12
Edm                       =  3.38747e-24
NCalls                    =           31
p0                        =      1.46801   +/-   0.100338    
p1                        =      1.42378   +/-   0.117042    
[SUCCESS] Created final fit for UnbiasedL1Inner_Oxygen_NaF_L1QTemplate_EGE_AlphaR_spline with chi2/ndf = 1.95506

[INFO] Starting smart spline fit for: UnbiasedL1Inner_Oxygen_NaF_L2QTemplate_EGE_AlphaR (16 points)
****************************************
Minimizer is Minuit2 / Migrad
Chi2                      =      122.899
NDf                       =           13
Edm                       =  2.09063e-22
NCalls                    =           31
p0                        =     0.255668   +/-   0.0848104   
p1                        =      1.13599   +/-   0.0833575   
****************************************
Minimizer is Minuit2 / Migrad
Chi2                      =      42.2899
NDf                       =           12
Edm                       =  6.27151e-23
NCalls                    =           53
p0                        =      1.82669   +/-   0.19445     
p1                        =     0.516751   +/-   0.0494011   
p2                        =      1.78108   +/-   0.11005     
****************************************
Minimizer is Minuit2 / Migrad
Chi2                      =      29.7757
NDf                       =           11
Edm                       =  2.41868e-22
NCalls                    =           80
p0                        =       2.4223   +/-   0.245895    
p1                        =      0.57139   +/-   0.0469039   
p2                        =      1.18616   +/-   0.101517    
p3                        =      1.32189   +/-   0.167166    
  [FIT] Found good fit candidate. Best segments so far: 3. Stopping search.
  [FIT] Finalizing with loop variable 'segments' = 3
****************************************
Minimizer is Minuit2 / Migrad
Chi2                      =      33.5688
NDf                       =           11
Edm                       =  2.03788e-22
NCalls                    =           80
p0                        =      3.38499   +/-   0.372423    
p1                        =     0.558213   +/-   0.0448225   
p2                        =      1.15882   +/-   0.0950224   
p3                        =      1.34667   +/-   0.243678    
[SUCCESS] Created final fit for UnbiasedL1Inner_Oxygen_NaF_L2QTemplate_EGE_AlphaR_spline with chi2/ndf = 2.70688
begin drawing Oxygen UnbiasedL1Inner NaF EGE_AlphaR
begin drawing Oxygen UnbiasedL1Inner NaF EGE_Chi2NDF

[INFO] Starting smart spline fit for: UnbiasedL1Inner_Oxygen_AGL_L1QTemplate_LG_Width (22 points)
****************************************
Minimizer is Minuit2 / Migrad
Chi2                      =      14.4881
NDf                       =           20
Edm                       =  4.14552e-23
NCalls                    =           31
p0                        =    0.0339348   +/-   0.0013396   
p1                        =    0.0325702   +/-   0.00193522  
  [FIT] Found good fit candidate. Best segments so far: 1. Stopping search.
  [FIT] Finalizing with loop variable 'segments' = 1
****************************************
Minimizer is Minuit2 / Migrad
Chi2                      =      14.5925
NDf                       =           20
Edm                       =  1.55934e-24
NCalls                    =           31
p0                        =    0.0339214   +/-   0.0015718   
p1                        =    0.0326666   +/-   0.00220285  
[SUCCESS] Created final fit for UnbiasedL1Inner_Oxygen_AGL_L1QTemplate_LG_Width_spline with chi2/ndf = 0.724403

[INFO] Starting smart spline fit for: UnbiasedL1Inner_Oxygen_AGL_L2QTemplate_LG_Width (22 points)
****************************************
Minimizer is Minuit2 / Migrad
Chi2                      =      17.0477
NDf                       =           20
Edm                       =  4.79854e-24
NCalls                    =           31
p0                        =    0.0295113   +/-   0.0016537   
p1                        =    0.0369296   +/-   0.00252609  
  [FIT] Found good fit candidate. Best segments so far: 1. Stopping search.
  [FIT] Finalizing with loop variable 'segments' = 1
****************************************
Minimizer is Minuit2 / Migrad
Chi2                      =      16.1008
NDf                       =           20
Edm                       =  1.94414e-23
NCalls                    =           31
p0                        =      0.02838   +/-   0.00195043  
p1                        =    0.0382734   +/-   0.00286371  
[SUCCESS] Created final fit for UnbiasedL1Inner_Oxygen_AGL_L2QTemplate_LG_Width_spline with chi2/ndf = 0.852387
begin drawing Oxygen UnbiasedL1Inner AGL LG_Width

[INFO] Starting smart spline fit for: UnbiasedL1Inner_Oxygen_AGL_L1QTemplate_LG_MPV (22 points)
****************************************
Minimizer is Minuit2 / Migrad
Chi2                      =      21.7127
NDf                       =           20
Edm                       =  3.73061e-18
NCalls                    =           43
p0                        =      7.90103   +/-   0.00202039  
p1                        =      7.93194   +/-   0.00297643  
  [FIT] Found good fit candidate. Best segments so far: 1. Stopping search.
  [FIT] Finalizing with loop variable 'segments' = 1
****************************************
Minimizer is Minuit2 / Migrad
Chi2                      =      25.1753
NDf                       =           20
Edm                       =  9.35375e-20
NCalls                    =           43
p0                        =      7.89818   +/-   0.00238014  
p1                        =      7.93454   +/-   0.00339064  
[SUCCESS] Created final fit for UnbiasedL1Inner_Oxygen_AGL_L1QTemplate_LG_MPV_spline with chi2/ndf = 1.08563

[INFO] Starting smart spline fit for: UnbiasedL1Inner_Oxygen_AGL_L2QTemplate_LG_MPV (22 points)
****************************************
Minimizer is Minuit2 / Migrad
Chi2                      =      18.8035
NDf                       =           20
Edm                       =  7.30681e-19
NCalls                    =           43
p0                        =      7.92187   +/-   0.00267567  
p1                        =      7.94608   +/-   0.0036697   
  [FIT] Found good fit candidate. Best segments so far: 1. Stopping search.
  [FIT] Finalizing with loop variable 'segments' = 1
****************************************
Minimizer is Minuit2 / Migrad
Chi2                      =      20.4103
NDf                       =           20
Edm                       =  2.19449e-19
NCalls                    =           43
p0                        =      7.91966   +/-   0.0031601   
p1                        =        7.948   +/-   0.00419013  
[SUCCESS] Created final fit for UnbiasedL1Inner_Oxygen_AGL_L2QTemplate_LG_MPV_spline with chi2/ndf = 0.940173
begin drawing Oxygen UnbiasedL1Inner AGL LG_MPV

[INFO] Starting smart spline fit for: UnbiasedL1Inner_Oxygen_AGL_L1QTemplate_LG_Sigma (22 points)
****************************************
Minimizer is Minuit2 / Migrad
Chi2                      =      12.1578
NDf                       =           20
Edm                       =  7.36012e-22
NCalls                    =           35
p0                        =     0.231959   +/-   0.00153696  
p1                        =     0.223825   +/-   0.00225801  
  [FIT] Found good fit candidate. Best segments so far: 1. Stopping search.
  [FIT] Finalizing with loop variable 'segments' = 1
****************************************
Minimizer is Minuit2 / Migrad
Chi2                      =      11.0989
NDf                       =           20
Edm                       =  6.85337e-22
NCalls                    =           35
p0                        =     0.233095   +/-   0.0017985   
p1                        =     0.222492   +/-   0.00256481  
[SUCCESS] Created final fit for UnbiasedL1Inner_Oxygen_AGL_L1QTemplate_LG_Sigma_spline with chi2/ndf = 0.607889

[INFO] Starting smart spline fit for: UnbiasedL1Inner_Oxygen_AGL_L2QTemplate_LG_Sigma (22 points)
****************************************
Minimizer is Minuit2 / Migrad
Chi2                      =      20.9669
NDf                       =           20
Edm                       =  3.69741e-23
NCalls                    =           35
p0                        =      0.23723   +/-   0.00187816  
p1                        =     0.216419   +/-   0.00287461  
  [FIT] Found good fit candidate. Best segments so far: 1. Stopping search.
  [FIT] Finalizing with loop variable 'segments' = 1
****************************************
Minimizer is Minuit2 / Migrad
Chi2                      =      18.7263
NDf                       =           20
Edm                       =  6.18923e-22
NCalls                    =           35
p0                        =     0.239785   +/-   0.0022079   
p1                        =     0.213577   +/-   0.00326187  
[SUCCESS] Created final fit for UnbiasedL1Inner_Oxygen_AGL_L2QTemplate_LG_Sigma_spline with chi2/ndf = 1.04835
begin drawing Oxygen UnbiasedL1Inner AGL LG_Sigma
begin drawing Oxygen UnbiasedL1Inner AGL LG_Chi2NDF

[INFO] Starting smart spline fit for: UnbiasedL1Inner_Oxygen_AGL_L1QTemplate_EGE_Peak (22 points)
****************************************
Minimizer is Minuit2 / Migrad
Chi2                      =      35.7559
NDf                       =           20
Edm                       =  1.15463e-19
NCalls                    =           41
p0                        =       7.9463   +/-   0.00220709  
p1                        =      7.96899   +/-   0.00333631  
  [FIT] Found good fit candidate. Best segments so far: 1. Stopping search.
  [FIT] Finalizing with loop variable 'segments' = 1
****************************************
Minimizer is Minuit2 / Migrad
Chi2                      =      38.4845
NDf                       =           20
Edm                       =  1.89824e-17
NCalls                    =           43
p0                        =       7.9446   +/-   0.00258096  
p1                        =      7.97028   +/-   0.00376453  
[SUCCESS] Created final fit for UnbiasedL1Inner_Oxygen_AGL_L1QTemplate_EGE_Peak_spline with chi2/ndf = 1.7878

[INFO] Starting smart spline fit for: UnbiasedL1Inner_Oxygen_AGL_L2QTemplate_EGE_Peak (22 points)
****************************************
Minimizer is Minuit2 / Migrad
Chi2                      =      24.2362
NDf                       =           20
Edm                       =  3.04276e-19
NCalls                    =           43
p0                        =      7.96972   +/-   0.00281159  
p1                        =      7.98924   +/-   0.00393873  
  [FIT] Found good fit candidate. Best segments so far: 1. Stopping search.
  [FIT] Finalizing with loop variable 'segments' = 1
****************************************
Minimizer is Minuit2 / Migrad
Chi2                      =      23.4668
NDf                       =           20
Edm                       =  6.66475e-19
NCalls                    =           43
p0                        =      7.96757   +/-   0.00323614  
p1                        =      7.99178   +/-   0.0044819   
[SUCCESS] Created final fit for UnbiasedL1Inner_Oxygen_AGL_L2QTemplate_EGE_Peak_spline with chi2/ndf = 1.21181
begin drawing Oxygen UnbiasedL1Inner AGL EGE_Peak

[INFO] Starting smart spline fit for: UnbiasedL1Inner_Oxygen_AGL_L1QTemplate_EGE_SigmaL (22 points)
****************************************
Minimizer is Minuit2 / Migrad
Chi2                      =      20.6214
NDf                       =           20
Edm                       =  1.11154e-22
NCalls                    =           35
p0                        =     0.237338   +/-   0.00156986  
p1                        =     0.223986   +/-   0.00241731  
  [FIT] Found good fit candidate. Best segments so far: 1. Stopping search.
  [FIT] Finalizing with loop variable 'segments' = 1
****************************************
Minimizer is Minuit2 / Migrad
Chi2                      =      19.1967
NDf                       =           20
Edm                       =  1.47734e-22
NCalls                    =           35
p0                        =     0.238955   +/-   0.00183627  
p1                        =      0.22221   +/-   0.00272298  
[SUCCESS] Created final fit for UnbiasedL1Inner_Oxygen_AGL_L1QTemplate_EGE_SigmaL_spline with chi2/ndf = 1.03107

[INFO] Starting smart spline fit for: UnbiasedL1Inner_Oxygen_AGL_L2QTemplate_EGE_SigmaL (22 points)
****************************************
Minimizer is Minuit2 / Migrad
Chi2                      =      19.2298
NDf                       =           20
Edm                       =  4.32595e-22
NCalls                    =           35
p0                        =     0.244242   +/-   0.00200254  
p1                        =     0.220369   +/-   0.00283336  
  [FIT] Found good fit candidate. Best segments so far: 1. Stopping search.
  [FIT] Finalizing with loop variable 'segments' = 1
****************************************
Minimizer is Minuit2 / Migrad
Chi2                      =      19.6141
NDf                       =           20
Edm                       =  3.79825e-22
NCalls                    =           35
p0                        =     0.246536   +/-   0.00232019  
p1                        =     0.217881   +/-   0.00322804  
[SUCCESS] Created final fit for UnbiasedL1Inner_Oxygen_AGL_L2QTemplate_EGE_SigmaL_spline with chi2/ndf = 0.961489
begin drawing Oxygen UnbiasedL1Inner AGL EGE_SigmaL

[INFO] Starting smart spline fit for: UnbiasedL1Inner_Oxygen_AGL_L1QTemplate_EGE_SigmaR (22 points)
****************************************
Minimizer is Minuit2 / Migrad
Chi2                      =      39.0441
NDf                       =           20
Edm                       =  4.22512e-22
NCalls                    =           35
p0                        =     0.292211   +/-   0.00214787  
p1                        =     0.286601   +/-   0.00307463  
****************************************
Minimizer is Minuit2 / Migrad
Chi2                      =      38.9083
NDf                       =           19
Edm                       =  1.23502e-21
NCalls                    =           59
p0                        =     0.292791   +/-   0.0026636   
p1                        =     0.288228   +/-   0.00243592  
p2                        =     0.287763   +/-   0.00440183  
  [FIT] Found good fit candidate. Best segments so far: 1. Stopping search.
  [FIT] Finalizing with loop variable 'segments' = 1
****************************************
Minimizer is Minuit2 / Migrad
Chi2                      =      39.3846
NDf                       =           20
Edm                       =    6.579e-22
NCalls                    =           35
p0                        =      0.29252   +/-   0.00252289  
p1                        =     0.286465   +/-   0.0034855   
[SUCCESS] Created final fit for UnbiasedL1Inner_Oxygen_AGL_L1QTemplate_EGE_SigmaR_spline with chi2/ndf = 1.95221

[INFO] Starting smart spline fit for: UnbiasedL1Inner_Oxygen_AGL_L2QTemplate_EGE_SigmaR (22 points)
****************************************
Minimizer is Minuit2 / Migrad
Chi2                      =      36.3056
NDf                       =           20
Edm                       =  6.53143e-22
NCalls                    =           33
p0                        =     0.285243   +/-   0.00277566  
p1                        =      0.28106   +/-   0.00358338  
****************************************
Minimizer is Minuit2 / Migrad
Chi2                      =      34.6478
NDf                       =           19
Edm                       =  1.26504e-11
NCalls                    =           59
p0                        =     0.283128   +/-   0.00322528  
p1                        =     0.285445   +/-   0.00290887  
p2                        =     0.275387   +/-   0.0056793   
  [FIT] Found good fit candidate. Best segments so far: 1. Stopping search.
  [FIT] Finalizing with loop variable 'segments' = 1
****************************************
Minimizer is Minuit2 / Migrad
Chi2                      =      36.0153
NDf                       =           20
Edm                       =  4.74903e-23
NCalls                    =           33
p0                        =     0.286031   +/-   0.00313801  
p1                        =     0.279995   +/-   0.0040904   
[SUCCESS] Created final fit for UnbiasedL1Inner_Oxygen_AGL_L2QTemplate_EGE_SigmaR_spline with chi2/ndf = 1.81528
begin drawing Oxygen UnbiasedL1Inner AGL EGE_SigmaR
  [SUCCESS] Wrote constant TF1 'UnbiasedL1Inner_Oxygen_AGL_L1QTemplate_EGE_AlphaL_spline' to file.
  [SUCCESS] Wrote constant TF1 'UnbiasedL1Inner_Oxygen_AGL_L2QTemplate_EGE_AlphaL_spline' to file.
begin drawing Oxygen UnbiasedL1Inner AGL EGE_AlphaL

[INFO] Starting smart spline fit for: UnbiasedL1Inner_Oxygen_AGL_L1QTemplate_EGE_AlphaR (22 points)
****************************************
Minimizer is Minuit2 / Migrad
Chi2                      =      54.7689
NDf                       =           20
Edm                       =  8.79252e-23
NCalls                    =           31
p0                        =      1.47112   +/-   0.0499558   
p1                        =      1.68411   +/-   0.0625491   
****************************************
Minimizer is Minuit2 / Migrad
Chi2                      =      54.4175
NDf                       =           19
Edm                       =   2.7985e-23
NCalls                    =           53
p0                        =      1.49134   +/-   0.0604906   
p1                        =       1.5781   +/-   0.0481487   
p2                        =      1.72715   +/-   0.0958323   
****************************************
Minimizer is Minuit2 / Migrad
Chi2                      =      48.8504
NDf                       =           18
Edm                       =  1.07339e-06
NCalls                    =           70
p0                        =      1.55315   +/-   0.0670431   
p1                        =      1.44826   +/-   0.0536468   
p2                        =      1.72425   +/-   0.058999    
p3                        =      1.55336   +/-   0.119831    
  [FIT] Found good fit candidate. Best segments so far: 2. Stopping search.
  [FIT] Finalizing with loop variable 'segments' = 2
****************************************
Minimizer is Minuit2 / Migrad
Chi2                      =      55.6264
NDf                       =           19
Edm                       =  3.75808e-12
NCalls                    =           58
p0                        =       1.4851   +/-   0.0723891   
p1                        =      1.57862   +/-   0.0433075   
p2                        =      1.73646   +/-   0.120992    
[SUCCESS] Created final fit for UnbiasedL1Inner_Oxygen_AGL_L1QTemplate_EGE_AlphaR_spline with chi2/ndf = 2.86408

[INFO] Starting smart spline fit for: UnbiasedL1Inner_Oxygen_AGL_L2QTemplate_EGE_AlphaR (22 points)
****************************************
Minimizer is Minuit2 / Migrad
Chi2                      =      25.9438
NDf                       =           20
Edm                       =  9.99707e-24
NCalls                    =           31
p0                        =      1.42028   +/-   0.0524581   
p1                        =      1.33994   +/-   0.0845571   
  [FIT] Found good fit candidate. Best segments so far: 1. Stopping search.
  [FIT] Finalizing with loop variable 'segments' = 1
****************************************
Minimizer is Minuit2 / Migrad
Chi2                      =      25.6521
NDf                       =           20
Edm                       =  1.12258e-22
NCalls                    =           31
p0                        =      1.43936   +/-   0.063111    
p1                        =      1.31595   +/-   0.0947585   
[SUCCESS] Created final fit for UnbiasedL1Inner_Oxygen_AGL_L2QTemplate_EGE_AlphaR_spline with chi2/ndf = 1.29719
begin drawing Oxygen UnbiasedL1Inner AGL EGE_AlphaR
begin drawing Oxygen UnbiasedL1Inner AGL EGE_Chi2NDF

[PROCESS] Starting Detector Comparison plots...
begin drawing Beryllium L1Inner L1QTemplate LG_Width
begin drawing Beryllium L1Inner L1QTemplate LG_MPV
begin drawing Beryllium L1Inner L1QTemplate LG_Sigma
begin drawing Beryllium L1Inner L1QTemplate LG_Chi2NDF
begin drawing Beryllium L1Inner L1QTemplate EGE_Peak
begin drawing Beryllium L1Inner L1QTemplate EGE_SigmaL
begin drawing Beryllium L1Inner L1QTemplate EGE_SigmaR
begin drawing Beryllium L1Inner L1QTemplate EGE_AlphaL
begin drawing Beryllium L1Inner L1QTemplate EGE_AlphaR
begin drawing Beryllium L1Inner L1QTemplate EGE_Chi2NDF
begin drawing Beryllium L1Inner L2QTemplate LG_Width
begin drawing Beryllium L1Inner L2QTemplate LG_MPV
begin drawing Beryllium L1Inner L2QTemplate LG_Sigma
begin drawing Beryllium L1Inner L2QTemplate LG_Chi2NDF
begin drawing Beryllium L1Inner L2QTemplate EGE_Peak
begin drawing Beryllium L1Inner L2QTemplate EGE_SigmaL
begin drawing Beryllium L1Inner L2QTemplate EGE_SigmaR
begin drawing Beryllium L1Inner L2QTemplate EGE_AlphaL
begin drawing Beryllium L1Inner L2QTemplate EGE_AlphaR
begin drawing Beryllium L1Inner L2QTemplate EGE_Chi2NDF
begin drawing Beryllium UnbiasedL1Inner L1QTemplate LG_Width
begin drawing Beryllium UnbiasedL1Inner L1QTemplate LG_MPV
begin drawing Beryllium UnbiasedL1Inner L1QTemplate LG_Sigma
begin drawing Beryllium UnbiasedL1Inner L1QTemplate LG_Chi2NDF
begin drawing Beryllium UnbiasedL1Inner L1QTemplate EGE_Peak
begin drawing Beryllium UnbiasedL1Inner L1QTemplate EGE_SigmaL
begin drawing Beryllium UnbiasedL1Inner L1QTemplate EGE_SigmaR
begin drawing Beryllium UnbiasedL1Inner L1QTemplate EGE_AlphaL
begin drawing Beryllium UnbiasedL1Inner L1QTemplate EGE_AlphaR
begin drawing Beryllium UnbiasedL1Inner L1QTemplate EGE_Chi2NDF
begin drawing Beryllium UnbiasedL1Inner L2QTemplate LG_Width
begin drawing Beryllium UnbiasedL1Inner L2QTemplate LG_MPV
begin drawing Beryllium UnbiasedL1Inner L2QTemplate LG_Sigma
begin drawing Beryllium UnbiasedL1Inner L2QTemplate LG_Chi2NDF
begin drawing Beryllium UnbiasedL1Inner L2QTemplate EGE_Peak
begin drawing Beryllium UnbiasedL1Inner L2QTemplate EGE_SigmaL
begin drawing Beryllium UnbiasedL1Inner L2QTemplate EGE_SigmaR
begin drawing Beryllium UnbiasedL1Inner L2QTemplate EGE_AlphaL
begin drawing Beryllium UnbiasedL1Inner L2QTemplate EGE_AlphaR
begin drawing Beryllium UnbiasedL1Inner L2QTemplate EGE_Chi2NDF
begin drawing Boron L1Inner L1QTemplate LG_Width
begin drawing Boron L1Inner L1QTemplate LG_MPV
begin drawing Boron L1Inner L1QTemplate LG_Sigma
begin drawing Boron L1Inner L1QTemplate LG_Chi2NDF
begin drawing Boron L1Inner L1QTemplate EGE_Peak
begin drawing Boron L1Inner L1QTemplate EGE_SigmaL
begin drawing Boron L1Inner L1QTemplate EGE_SigmaR
begin drawing Boron L1Inner L1QTemplate EGE_AlphaL
begin drawing Boron L1Inner L1QTemplate EGE_AlphaR
begin drawing Boron L1Inner L1QTemplate EGE_Chi2NDF
begin drawing Boron L1Inner L2QTemplate LG_Width
begin drawing Boron L1Inner L2QTemplate LG_MPV
begin drawing Boron L1Inner L2QTemplate LG_Sigma
begin drawing Boron L1Inner L2QTemplate LG_Chi2NDF
begin drawing Boron L1Inner L2QTemplate EGE_Peak
begin drawing Boron L1Inner L2QTemplate EGE_SigmaL
begin drawing Boron L1Inner L2QTemplate EGE_SigmaR
begin drawing Boron L1Inner L2QTemplate EGE_AlphaL
begin drawing Boron L1Inner L2QTemplate EGE_AlphaR
begin drawing Boron L1Inner L2QTemplate EGE_Chi2NDF
begin drawing Boron UnbiasedL1Inner L1QTemplate LG_Width
begin drawing Boron UnbiasedL1Inner L1QTemplate LG_MPV
begin drawing Boron UnbiasedL1Inner L1QTemplate LG_Sigma
begin drawing Boron UnbiasedL1Inner L1QTemplate LG_Chi2NDF
begin drawing Boron UnbiasedL1Inner L1QTemplate EGE_Peak
begin drawing Boron UnbiasedL1Inner L1QTemplate EGE_SigmaL
begin drawing Boron UnbiasedL1Inner L1QTemplate EGE_SigmaR
begin drawing Boron UnbiasedL1Inner L1QTemplate EGE_AlphaL
begin drawing Boron UnbiasedL1Inner L1QTemplate EGE_AlphaR
begin drawing Boron UnbiasedL1Inner L1QTemplate EGE_Chi2NDF
begin drawing Boron UnbiasedL1Inner L2QTemplate LG_Width
begin drawing Boron UnbiasedL1Inner L2QTemplate LG_MPV
begin drawing Boron UnbiasedL1Inner L2QTemplate LG_Sigma
begin drawing Boron UnbiasedL1Inner L2QTemplate LG_Chi2NDF
begin drawing Boron UnbiasedL1Inner L2QTemplate EGE_Peak
begin drawing Boron UnbiasedL1Inner L2QTemplate EGE_SigmaL
begin drawing Boron UnbiasedL1Inner L2QTemplate EGE_SigmaR
begin drawing Boron UnbiasedL1Inner L2QTemplate EGE_AlphaL
begin drawing Boron UnbiasedL1Inner L2QTemplate EGE_AlphaR
begin drawing Boron UnbiasedL1Inner L2QTemplate EGE_Chi2NDF
begin drawing Carbon L1Inner L1QTemplate LG_Width
begin drawing Carbon L1Inner L1QTemplate LG_MPV
begin drawing Carbon L1Inner L1QTemplate LG_Sigma
begin drawing Carbon L1Inner L1QTemplate LG_Chi2NDF
begin drawing Carbon L1Inner L1QTemplate EGE_Peak
begin drawing Carbon L1Inner L1QTemplate EGE_SigmaL
begin drawing Carbon L1Inner L1QTemplate EGE_SigmaR
begin drawing Carbon L1Inner L1QTemplate EGE_AlphaL
begin drawing Carbon L1Inner L1QTemplate EGE_AlphaR
begin drawing Carbon L1Inner L1QTemplate EGE_Chi2NDF
begin drawing Carbon L1Inner L2QTemplate LG_Width
begin drawing Carbon L1Inner L2QTemplate LG_MPV
begin drawing Carbon L1Inner L2QTemplate LG_Sigma
begin drawing Carbon L1Inner L2QTemplate LG_Chi2NDF
begin drawing Carbon L1Inner L2QTemplate EGE_Peak
begin drawing Carbon L1Inner L2QTemplate EGE_SigmaL
begin drawing Carbon L1Inner L2QTemplate EGE_SigmaR
begin drawing Carbon L1Inner L2QTemplate EGE_AlphaL
begin drawing Carbon L1Inner L2QTemplate EGE_AlphaR
begin drawing Carbon L1Inner L2QTemplate EGE_Chi2NDF
begin drawing Carbon UnbiasedL1Inner L1QTemplate LG_Width
begin drawing Carbon UnbiasedL1Inner L1QTemplate LG_MPV
begin drawing Carbon UnbiasedL1Inner L1QTemplate LG_Sigma
begin drawing Carbon UnbiasedL1Inner L1QTemplate LG_Chi2NDF
begin drawing Carbon UnbiasedL1Inner L1QTemplate EGE_Peak
begin drawing Carbon UnbiasedL1Inner L1QTemplate EGE_SigmaL
begin drawing Carbon UnbiasedL1Inner L1QTemplate EGE_SigmaR
begin drawing Carbon UnbiasedL1Inner L1QTemplate EGE_AlphaL
begin drawing Carbon UnbiasedL1Inner L1QTemplate EGE_AlphaR
begin drawing Carbon UnbiasedL1Inner L1QTemplate EGE_Chi2NDF
begin drawing Carbon UnbiasedL1Inner L2QTemplate LG_Width
begin drawing Carbon UnbiasedL1Inner L2QTemplate LG_MPV
begin drawing Carbon UnbiasedL1Inner L2QTemplate LG_Sigma
begin drawing Carbon UnbiasedL1Inner L2QTemplate LG_Chi2NDF
begin drawing Carbon UnbiasedL1Inner L2QTemplate EGE_Peak
begin drawing Carbon UnbiasedL1Inner L2QTemplate EGE_SigmaL
begin drawing Carbon UnbiasedL1Inner L2QTemplate EGE_SigmaR
begin drawing Carbon UnbiasedL1Inner L2QTemplate EGE_AlphaL
begin drawing Carbon UnbiasedL1Inner L2QTemplate EGE_AlphaR
begin drawing Carbon UnbiasedL1Inner L2QTemplate EGE_Chi2NDF
begin drawing Nitrogen L1Inner L1QTemplate LG_Width
begin drawing Nitrogen L1Inner L1QTemplate LG_MPV
begin drawing Nitrogen L1Inner L1QTemplate LG_Sigma
begin drawing Nitrogen L1Inner L1QTemplate LG_Chi2NDF
begin drawing Nitrogen L1Inner L1QTemplate EGE_Peak
begin drawing Nitrogen L1Inner L1QTemplate EGE_SigmaL
begin drawing Nitrogen L1Inner L1QTemplate EGE_SigmaR
begin drawing Nitrogen L1Inner L1QTemplate EGE_AlphaL
begin drawing Nitrogen L1Inner L1QTemplate EGE_AlphaR
begin drawing Nitrogen L1Inner L1QTemplate EGE_Chi2NDF
begin drawing Nitrogen L1Inner L2QTemplate LG_Width
begin drawing Nitrogen L1Inner L2QTemplate LG_MPV
begin drawing Nitrogen L1Inner L2QTemplate LG_Sigma
begin drawing Nitrogen L1Inner L2QTemplate LG_Chi2NDF
begin drawing Nitrogen L1Inner L2QTemplate EGE_Peak
begin drawing Nitrogen L1Inner L2QTemplate EGE_SigmaL
begin drawing Nitrogen L1Inner L2QTemplate EGE_SigmaR
begin drawing Nitrogen L1Inner L2QTemplate EGE_AlphaL
begin drawing Nitrogen L1Inner L2QTemplate EGE_AlphaR
begin drawing Nitrogen L1Inner L2QTemplate EGE_Chi2NDF
begin drawing Nitrogen UnbiasedL1Inner L1QTemplate LG_Width
begin drawing Nitrogen UnbiasedL1Inner L1QTemplate LG_MPV
begin drawing Nitrogen UnbiasedL1Inner L1QTemplate LG_Sigma
begin drawing Nitrogen UnbiasedL1Inner L1QTemplate LG_Chi2NDF
begin drawing Nitrogen UnbiasedL1Inner L1QTemplate EGE_Peak
begin drawing Nitrogen UnbiasedL1Inner L1QTemplate EGE_SigmaL
begin drawing Nitrogen UnbiasedL1Inner L1QTemplate EGE_SigmaR
begin drawing Nitrogen UnbiasedL1Inner L1QTemplate EGE_AlphaL
begin drawing Nitrogen UnbiasedL1Inner L1QTemplate EGE_AlphaR
begin drawing Nitrogen UnbiasedL1Inner L1QTemplate EGE_Chi2NDF
begin drawing Nitrogen UnbiasedL1Inner L2QTemplate LG_Width
begin drawing Nitrogen UnbiasedL1Inner L2QTemplate LG_MPV
begin drawing Nitrogen UnbiasedL1Inner L2QTemplate LG_Sigma
begin drawing Nitrogen UnbiasedL1Inner L2QTemplate LG_Chi2NDF
begin drawing Nitrogen UnbiasedL1Inner L2QTemplate EGE_Peak
begin drawing Nitrogen UnbiasedL1Inner L2QTemplate EGE_SigmaL
begin drawing Nitrogen UnbiasedL1Inner L2QTemplate EGE_SigmaR
begin drawing Nitrogen UnbiasedL1Inner L2QTemplate EGE_AlphaL
begin drawing Nitrogen UnbiasedL1Inner L2QTemplate EGE_AlphaR
begin drawing Nitrogen UnbiasedL1Inner L2QTemplate EGE_Chi2NDF
begin drawing Oxygen L1Inner L1QTemplate LG_Width
begin drawing Oxygen L1Inner L1QTemplate LG_MPV
begin drawing Oxygen L1Inner L1QTemplate LG_Sigma
begin drawing Oxygen L1Inner L1QTemplate LG_Chi2NDF
begin drawing Oxygen L1Inner L1QTemplate EGE_Peak
begin drawing Oxygen L1Inner L1QTemplate EGE_SigmaL
begin drawing Oxygen L1Inner L1QTemplate EGE_SigmaR
begin drawing Oxygen L1Inner L1QTemplate EGE_AlphaL
begin drawing Oxygen L1Inner L1QTemplate EGE_AlphaR
begin drawing Oxygen L1Inner L1QTemplate EGE_Chi2NDF
begin drawing Oxygen L1Inner L2QTemplate LG_Width
begin drawing Oxygen L1Inner L2QTemplate LG_MPV
begin drawing Oxygen L1Inner L2QTemplate LG_Sigma
begin drawing Oxygen L1Inner L2QTemplate LG_Chi2NDF
begin drawing Oxygen L1Inner L2QTemplate EGE_Peak
begin drawing Oxygen L1Inner L2QTemplate EGE_SigmaL
begin drawing Oxygen L1Inner L2QTemplate EGE_SigmaR
begin drawing Oxygen L1Inner L2QTemplate EGE_AlphaL
begin drawing Oxygen L1Inner L2QTemplate EGE_AlphaR
begin drawing Oxygen L1Inner L2QTemplate EGE_Chi2NDF
begin drawing Oxygen UnbiasedL1Inner L1QTemplate LG_Width
begin drawing Oxygen UnbiasedL1Inner L1QTemplate LG_MPV
begin drawing Oxygen UnbiasedL1Inner L1QTemplate LG_Sigma
begin drawing Oxygen UnbiasedL1Inner L1QTemplate LG_Chi2NDF
begin drawing Oxygen UnbiasedL1Inner L1QTemplate EGE_Peak
begin drawing Oxygen UnbiasedL1Inner L1QTemplate EGE_SigmaL
begin drawing Oxygen UnbiasedL1Inner L1QTemplate EGE_SigmaR
begin drawing Oxygen UnbiasedL1Inner L1QTemplate EGE_AlphaL
begin drawing Oxygen UnbiasedL1Inner L1QTemplate EGE_AlphaR
begin drawing Oxygen UnbiasedL1Inner L1QTemplate EGE_Chi2NDF
begin drawing Oxygen UnbiasedL1Inner L2QTemplate LG_Width
begin drawing Oxygen UnbiasedL1Inner L2QTemplate LG_MPV
begin drawing Oxygen UnbiasedL1Inner L2QTemplate LG_Sigma
begin drawing Oxygen UnbiasedL1Inner L2QTemplate LG_Chi2NDF
begin drawing Oxygen UnbiasedL1Inner L2QTemplate EGE_Peak
begin drawing Oxygen UnbiasedL1Inner L2QTemplate EGE_SigmaL
begin drawing Oxygen UnbiasedL1Inner L2QTemplate EGE_SigmaR
begin drawing Oxygen UnbiasedL1Inner L2QTemplate EGE_AlphaL
begin drawing Oxygen UnbiasedL1Inner L2QTemplate EGE_AlphaR
begin drawing Oxygen UnbiasedL1Inner L2QTemplate EGE_Chi2NDF

[PROCESS] Starting Chain Comparison plots...
begin drawing Beryllium TOF L1QTemplate LG_Width
begin drawing Beryllium TOF L1QTemplate LG_MPV
begin drawing Beryllium TOF L1QTemplate LG_Sigma
begin drawing Beryllium TOF L1QTemplate LG_Chi2NDF
begin drawing Beryllium TOF L1QTemplate EGE_Peak
begin drawing Beryllium TOF L1QTemplate EGE_SigmaL
begin drawing Beryllium TOF L1QTemplate EGE_SigmaR
begin drawing Beryllium TOF L1QTemplate EGE_AlphaL
begin drawing Beryllium TOF L1QTemplate EGE_AlphaR
begin drawing Beryllium TOF L1QTemplate EGE_Chi2NDF
begin drawing Beryllium TOF L2QTemplate LG_Width
begin drawing Beryllium TOF L2QTemplate LG_MPV
begin drawing Beryllium TOF L2QTemplate LG_Sigma
begin drawing Beryllium TOF L2QTemplate LG_Chi2NDF
begin drawing Beryllium TOF L2QTemplate EGE_Peak
begin drawing Beryllium TOF L2QTemplate EGE_SigmaL
begin drawing Beryllium TOF L2QTemplate EGE_SigmaR
begin drawing Beryllium TOF L2QTemplate EGE_AlphaL
begin drawing Beryllium TOF L2QTemplate EGE_AlphaR
begin drawing Beryllium TOF L2QTemplate EGE_Chi2NDF
begin drawing Beryllium NaF L1QTemplate LG_Width
begin drawing Beryllium NaF L1QTemplate LG_MPV
begin drawing Beryllium NaF L1QTemplate LG_Sigma
begin drawing Beryllium NaF L1QTemplate LG_Chi2NDF
begin drawing Beryllium NaF L1QTemplate EGE_Peak
begin drawing Beryllium NaF L1QTemplate EGE_SigmaL
begin drawing Beryllium NaF L1QTemplate EGE_SigmaR
begin drawing Beryllium NaF L1QTemplate EGE_AlphaL
begin drawing Beryllium NaF L1QTemplate EGE_AlphaR
begin drawing Beryllium NaF L1QTemplate EGE_Chi2NDF
begin drawing Beryllium NaF L2QTemplate LG_Width
begin drawing Beryllium NaF L2QTemplate LG_MPV
begin drawing Beryllium NaF L2QTemplate LG_Sigma
begin drawing Beryllium NaF L2QTemplate LG_Chi2NDF
begin drawing Beryllium NaF L2QTemplate EGE_Peak
begin drawing Beryllium NaF L2QTemplate EGE_SigmaL
begin drawing Beryllium NaF L2QTemplate EGE_SigmaR
begin drawing Beryllium NaF L2QTemplate EGE_AlphaL
begin drawing Beryllium NaF L2QTemplate EGE_AlphaR
begin drawing Beryllium NaF L2QTemplate EGE_Chi2NDF
begin drawing Beryllium AGL L1QTemplate LG_Width
begin drawing Beryllium AGL L1QTemplate LG_MPV
begin drawing Beryllium AGL L1QTemplate LG_Sigma
begin drawing Beryllium AGL L1QTemplate LG_Chi2NDF
begin drawing Beryllium AGL L1QTemplate EGE_Peak
begin drawing Beryllium AGL L1QTemplate EGE_SigmaL
begin drawing Beryllium AGL L1QTemplate EGE_SigmaR
begin drawing Beryllium AGL L1QTemplate EGE_AlphaL
begin drawing Beryllium AGL L1QTemplate EGE_AlphaR
begin drawing Beryllium AGL L1QTemplate EGE_Chi2NDF
begin drawing Beryllium AGL L2QTemplate LG_Width
begin drawing Beryllium AGL L2QTemplate LG_MPV
begin drawing Beryllium AGL L2QTemplate LG_Sigma
begin drawing Beryllium AGL L2QTemplate LG_Chi2NDF
begin drawing Beryllium AGL L2QTemplate EGE_Peak
begin drawing Beryllium AGL L2QTemplate EGE_SigmaL
begin drawing Beryllium AGL L2QTemplate EGE_SigmaR
begin drawing Beryllium AGL L2QTemplate EGE_AlphaL
begin drawing Beryllium AGL L2QTemplate EGE_AlphaR
begin drawing Beryllium AGL L2QTemplate EGE_Chi2NDF
begin drawing Boron TOF L1QTemplate LG_Width
begin drawing Boron TOF L1QTemplate LG_MPV
begin drawing Boron TOF L1QTemplate LG_Sigma
begin drawing Boron TOF L1QTemplate LG_Chi2NDF
begin drawing Boron TOF L1QTemplate EGE_Peak
begin drawing Boron TOF L1QTemplate EGE_SigmaL
begin drawing Boron TOF L1QTemplate EGE_SigmaR
begin drawing Boron TOF L1QTemplate EGE_AlphaL
begin drawing Boron TOF L1QTemplate EGE_AlphaR
begin drawing Boron TOF L1QTemplate EGE_Chi2NDF
begin drawing Boron TOF L2QTemplate LG_Width
begin drawing Boron TOF L2QTemplate LG_MPV
begin drawing Boron TOF L2QTemplate LG_Sigma
begin drawing Boron TOF L2QTemplate LG_Chi2NDF
begin drawing Boron TOF L2QTemplate EGE_Peak
begin drawing Boron TOF L2QTemplate EGE_SigmaL
begin drawing Boron TOF L2QTemplate EGE_SigmaR
begin drawing Boron TOF L2QTemplate EGE_AlphaL
begin drawing Boron TOF L2QTemplate EGE_AlphaR
begin drawing Boron TOF L2QTemplate EGE_Chi2NDF
begin drawing Boron NaF L1QTemplate LG_Width
begin drawing Boron NaF L1QTemplate LG_MPV
begin drawing Boron NaF L1QTemplate LG_Sigma
begin drawing Boron NaF L1QTemplate LG_Chi2NDF
begin drawing Boron NaF L1QTemplate EGE_Peak
begin drawing Boron NaF L1QTemplate EGE_SigmaL
begin drawing Boron NaF L1QTemplate EGE_SigmaR
begin drawing Boron NaF L1QTemplate EGE_AlphaL
begin drawing Boron NaF L1QTemplate EGE_AlphaR
begin drawing Boron NaF L1QTemplate EGE_Chi2NDF
begin drawing Boron NaF L2QTemplate LG_Width
begin drawing Boron NaF L2QTemplate LG_MPV
begin drawing Boron NaF L2QTemplate LG_Sigma
begin drawing Boron NaF L2QTemplate LG_Chi2NDF
begin drawing Boron NaF L2QTemplate EGE_Peak
begin drawing Boron NaF L2QTemplate EGE_SigmaL
begin drawing Boron NaF L2QTemplate EGE_SigmaR
begin drawing Boron NaF L2QTemplate EGE_AlphaL
begin drawing Boron NaF L2QTemplate EGE_AlphaR
begin drawing Boron NaF L2QTemplate EGE_Chi2NDF
begin drawing Boron AGL L1QTemplate LG_Width
begin drawing Boron AGL L1QTemplate LG_MPV
begin drawing Boron AGL L1QTemplate LG_Sigma
begin drawing Boron AGL L1QTemplate LG_Chi2NDF
begin drawing Boron AGL L1QTemplate EGE_Peak
begin drawing Boron AGL L1QTemplate EGE_SigmaL
begin drawing Boron AGL L1QTemplate EGE_SigmaR
begin drawing Boron AGL L1QTemplate EGE_AlphaL
begin drawing Boron AGL L1QTemplate EGE_AlphaR
begin drawing Boron AGL L1QTemplate EGE_Chi2NDF
begin drawing Boron AGL L2QTemplate LG_Width
begin drawing Boron AGL L2QTemplate LG_MPV
begin drawing Boron AGL L2QTemplate LG_Sigma
begin drawing Boron AGL L2QTemplate LG_Chi2NDF
begin drawing Boron AGL L2QTemplate EGE_Peak
begin drawing Boron AGL L2QTemplate EGE_SigmaL
begin drawing Boron AGL L2QTemplate EGE_SigmaR
begin drawing Boron AGL L2QTemplate EGE_AlphaL
begin drawing Boron AGL L2QTemplate EGE_AlphaR
begin drawing Boron AGL L2QTemplate EGE_Chi2NDF
begin drawing Carbon TOF L1QTemplate LG_Width
begin drawing Carbon TOF L1QTemplate LG_MPV
begin drawing Carbon TOF L1QTemplate LG_Sigma
begin drawing Carbon TOF L1QTemplate LG_Chi2NDF
begin drawing Carbon TOF L1QTemplate EGE_Peak
begin drawing Carbon TOF L1QTemplate EGE_SigmaL
begin drawing Carbon TOF L1QTemplate EGE_SigmaR
begin drawing Carbon TOF L1QTemplate EGE_AlphaL
begin drawing Carbon TOF L1QTemplate EGE_AlphaR
begin drawing Carbon TOF L1QTemplate EGE_Chi2NDF
begin drawing Carbon TOF L2QTemplate LG_Width
begin drawing Carbon TOF L2QTemplate LG_MPV
begin drawing Carbon TOF L2QTemplate LG_Sigma
begin drawing Carbon TOF L2QTemplate LG_Chi2NDF
begin drawing Carbon TOF L2QTemplate EGE_Peak
begin drawing Carbon TOF L2QTemplate EGE_SigmaL
begin drawing Carbon TOF L2QTemplate EGE_SigmaR
begin drawing Carbon TOF L2QTemplate EGE_AlphaL
begin drawing Carbon TOF L2QTemplate EGE_AlphaR
begin drawing Carbon TOF L2QTemplate EGE_Chi2NDF
begin drawing Carbon NaF L1QTemplate LG_Width
begin drawing Carbon NaF L1QTemplate LG_MPV
begin drawing Carbon NaF L1QTemplate LG_Sigma
begin drawing Carbon NaF L1QTemplate LG_Chi2NDF
begin drawing Carbon NaF L1QTemplate EGE_Peak
begin drawing Carbon NaF L1QTemplate EGE_SigmaL
begin drawing Carbon NaF L1QTemplate EGE_SigmaR
begin drawing Carbon NaF L1QTemplate EGE_AlphaL
begin drawing Carbon NaF L1QTemplate EGE_AlphaR
begin drawing Carbon NaF L1QTemplate EGE_Chi2NDF
begin drawing Carbon NaF L2QTemplate LG_Width
begin drawing Carbon NaF L2QTemplate LG_MPV
begin drawing Carbon NaF L2QTemplate LG_Sigma
begin drawing Carbon NaF L2QTemplate LG_Chi2NDF
begin drawing Carbon NaF L2QTemplate EGE_Peak
begin drawing Carbon NaF L2QTemplate EGE_SigmaL
begin drawing Carbon NaF L2QTemplate EGE_SigmaR
begin drawing Carbon NaF L2QTemplate EGE_AlphaL
begin drawing Carbon NaF L2QTemplate EGE_AlphaR
begin drawing Carbon NaF L2QTemplate EGE_Chi2NDF
begin drawing Carbon AGL L1QTemplate LG_Width
begin drawing Carbon AGL L1QTemplate LG_MPV
begin drawing Carbon AGL L1QTemplate LG_Sigma
begin drawing Carbon AGL L1QTemplate LG_Chi2NDF
begin drawing Carbon AGL L1QTemplate EGE_Peak
begin drawing Carbon AGL L1QTemplate EGE_SigmaL
begin drawing Carbon AGL L1QTemplate EGE_SigmaR
begin drawing Carbon AGL L1QTemplate EGE_AlphaL
begin drawing Carbon AGL L1QTemplate EGE_AlphaR
begin drawing Carbon AGL L1QTemplate EGE_Chi2NDF
begin drawing Carbon AGL L2QTemplate LG_Width
begin drawing Carbon AGL L2QTemplate LG_MPV
begin drawing Carbon AGL L2QTemplate LG_Sigma
begin drawing Carbon AGL L2QTemplate LG_Chi2NDF
begin drawing Carbon AGL L2QTemplate EGE_Peak
begin drawing Carbon AGL L2QTemplate EGE_SigmaL
begin drawing Carbon AGL L2QTemplate EGE_SigmaR
begin drawing Carbon AGL L2QTemplate EGE_AlphaL
begin drawing Carbon AGL L2QTemplate EGE_AlphaR
begin drawing Carbon AGL L2QTemplate EGE_Chi2NDF
begin drawing Nitrogen TOF L1QTemplate LG_Width
begin drawing Nitrogen TOF L1QTemplate LG_MPV
begin drawing Nitrogen TOF L1QTemplate LG_Sigma
begin drawing Nitrogen TOF L1QTemplate LG_Chi2NDF
begin drawing Nitrogen TOF L1QTemplate EGE_Peak
begin drawing Nitrogen TOF L1QTemplate EGE_SigmaL
begin drawing Nitrogen TOF L1QTemplate EGE_SigmaR
begin drawing Nitrogen TOF L1QTemplate EGE_AlphaL
begin drawing Nitrogen TOF L1QTemplate EGE_AlphaR
begin drawing Nitrogen TOF L1QTemplate EGE_Chi2NDF
begin drawing Nitrogen TOF L2QTemplate LG_Width
begin drawing Nitrogen TOF L2QTemplate LG_MPV
begin drawing Nitrogen TOF L2QTemplate LG_Sigma
begin drawing Nitrogen TOF L2QTemplate LG_Chi2NDF
begin drawing Nitrogen TOF L2QTemplate EGE_Peak
begin drawing Nitrogen TOF L2QTemplate EGE_SigmaL
begin drawing Nitrogen TOF L2QTemplate EGE_SigmaR
begin drawing Nitrogen TOF L2QTemplate EGE_AlphaL
begin drawing Nitrogen TOF L2QTemplate EGE_AlphaR
begin drawing Nitrogen TOF L2QTemplate EGE_Chi2NDF
begin drawing Nitrogen NaF L1QTemplate LG_Width
begin drawing Nitrogen NaF L1QTemplate LG_MPV
begin drawing Nitrogen NaF L1QTemplate LG_Sigma
begin drawing Nitrogen NaF L1QTemplate LG_Chi2NDF
begin drawing Nitrogen NaF L1QTemplate EGE_Peak
begin drawing Nitrogen NaF L1QTemplate EGE_SigmaL
begin drawing Nitrogen NaF L1QTemplate EGE_SigmaR
begin drawing Nitrogen NaF L1QTemplate EGE_AlphaL
begin drawing Nitrogen NaF L1QTemplate EGE_AlphaR
begin drawing Nitrogen NaF L1QTemplate EGE_Chi2NDF
begin drawing Nitrogen NaF L2QTemplate LG_Width
begin drawing Nitrogen NaF L2QTemplate LG_MPV
begin drawing Nitrogen NaF L2QTemplate LG_Sigma
begin drawing Nitrogen NaF L2QTemplate LG_Chi2NDF
begin drawing Nitrogen NaF L2QTemplate EGE_Peak
begin drawing Nitrogen NaF L2QTemplate EGE_SigmaL
begin drawing Nitrogen NaF L2QTemplate EGE_SigmaR
begin drawing Nitrogen NaF L2QTemplate EGE_AlphaL
begin drawing Nitrogen NaF L2QTemplate EGE_AlphaR
begin drawing Nitrogen NaF L2QTemplate EGE_Chi2NDF
begin drawing Nitrogen AGL L1QTemplate LG_Width
begin drawing Nitrogen AGL L1QTemplate LG_MPV
begin drawing Nitrogen AGL L1QTemplate LG_Sigma
begin drawing Nitrogen AGL L1QTemplate LG_Chi2NDF
begin drawing Nitrogen AGL L1QTemplate EGE_Peak
begin drawing Nitrogen AGL L1QTemplate EGE_SigmaL
begin drawing Nitrogen AGL L1QTemplate EGE_SigmaR
begin drawing Nitrogen AGL L1QTemplate EGE_AlphaL
begin drawing Nitrogen AGL L1QTemplate EGE_AlphaR
begin drawing Nitrogen AGL L1QTemplate EGE_Chi2NDF
begin drawing Nitrogen AGL L2QTemplate LG_Width
begin drawing Nitrogen AGL L2QTemplate LG_MPV
begin drawing Nitrogen AGL L2QTemplate LG_Sigma
begin drawing Nitrogen AGL L2QTemplate LG_Chi2NDF
begin drawing Nitrogen AGL L2QTemplate EGE_Peak
begin drawing Nitrogen AGL L2QTemplate EGE_SigmaL
begin drawing Nitrogen AGL L2QTemplate EGE_SigmaR
begin drawing Nitrogen AGL L2QTemplate EGE_AlphaL
begin drawing Nitrogen AGL L2QTemplate EGE_AlphaR
begin drawing Nitrogen AGL L2QTemplate EGE_Chi2NDF
begin drawing Oxygen TOF L1QTemplate LG_Width
begin drawing Oxygen TOF L1QTemplate LG_MPV
begin drawing Oxygen TOF L1QTemplate LG_Sigma
begin drawing Oxygen TOF L1QTemplate LG_Chi2NDF
begin drawing Oxygen TOF L1QTemplate EGE_Peak
begin drawing Oxygen TOF L1QTemplate EGE_SigmaL
begin drawing Oxygen TOF L1QTemplate EGE_SigmaR
begin drawing Oxygen TOF L1QTemplate EGE_AlphaL
begin drawing Oxygen TOF L1QTemplate EGE_AlphaR
begin drawing Oxygen TOF L1QTemplate EGE_Chi2NDF
begin drawing Oxygen TOF L2QTemplate LG_Width
begin drawing Oxygen TOF L2QTemplate LG_MPV
begin drawing Oxygen TOF L2QTemplate LG_Sigma
begin drawing Oxygen TOF L2QTemplate LG_Chi2NDF
begin drawing Oxygen TOF L2QTemplate EGE_Peak
begin drawing Oxygen TOF L2QTemplate EGE_SigmaL
begin drawing Oxygen TOF L2QTemplate EGE_SigmaR
begin drawing Oxygen TOF L2QTemplate EGE_AlphaL
begin drawing Oxygen TOF L2QTemplate EGE_AlphaR
begin drawing Oxygen TOF L2QTemplate EGE_Chi2NDF
begin drawing Oxygen NaF L1QTemplate LG_Width
begin drawing Oxygen NaF L1QTemplate LG_MPV
begin drawing Oxygen NaF L1QTemplate LG_Sigma
begin drawing Oxygen NaF L1QTemplate LG_Chi2NDF
begin drawing Oxygen NaF L1QTemplate EGE_Peak
begin drawing Oxygen NaF L1QTemplate EGE_SigmaL
begin drawing Oxygen NaF L1QTemplate EGE_SigmaR
begin drawing Oxygen NaF L1QTemplate EGE_AlphaL
begin drawing Oxygen NaF L1QTemplate EGE_AlphaR
begin drawing Oxygen NaF L1QTemplate EGE_Chi2NDF
begin drawing Oxygen NaF L2QTemplate LG_Width
begin drawing Oxygen NaF L2QTemplate LG_MPV
begin drawing Oxygen NaF L2QTemplate LG_Sigma
begin drawing Oxygen NaF L2QTemplate LG_Chi2NDF
begin drawing Oxygen NaF L2QTemplate EGE_Peak
begin drawing Oxygen NaF L2QTemplate EGE_SigmaL
begin drawing Oxygen NaF L2QTemplate EGE_SigmaR
begin drawing Oxygen NaF L2QTemplate EGE_AlphaL
begin drawing Oxygen NaF L2QTemplate EGE_AlphaR
begin drawing Oxygen NaF L2QTemplate EGE_Chi2NDF
begin drawing Oxygen AGL L1QTemplate LG_Width
begin drawing Oxygen AGL L1QTemplate LG_MPV
begin drawing Oxygen AGL L1QTemplate LG_Sigma
begin drawing Oxygen AGL L1QTemplate LG_Chi2NDF
begin drawing Oxygen AGL L1QTemplate EGE_Peak
begin drawing Oxygen AGL L1QTemplate EGE_SigmaL
begin drawing Oxygen AGL L1QTemplate EGE_SigmaR
begin drawing Oxygen AGL L1QTemplate EGE_AlphaL
begin drawing Oxygen AGL L1QTemplate EGE_AlphaR
begin drawing Oxygen AGL L1QTemplate EGE_Chi2NDF
begin drawing Oxygen AGL L2QTemplate LG_Width
begin drawing Oxygen AGL L2QTemplate LG_MPV
begin drawing Oxygen AGL L2QTemplate LG_Sigma
begin drawing Oxygen AGL L2QTemplate LG_Chi2NDF
begin drawing Oxygen AGL L2QTemplate EGE_Peak
begin drawing Oxygen AGL L2QTemplate EGE_SigmaL
begin drawing Oxygen AGL L2QTemplate EGE_SigmaR
begin drawing Oxygen AGL L2QTemplate EGE_AlphaL
begin drawing Oxygen AGL L2QTemplate EGE_AlphaR
begin drawing Oxygen AGL L2QTemplate EGE_Chi2NDF

[PROCESS] Starting Model Chi2 Comparison plots...
begin drawing Beryllium L1Inner TOF L1QTemplate Chi2/NDF
begin drawing Beryllium L1Inner TOF L2QTemplate Chi2/NDF
begin drawing Beryllium L1Inner NaF L1QTemplate Chi2/NDF
begin drawing Beryllium L1Inner NaF L2QTemplate Chi2/NDF
begin drawing Beryllium L1Inner AGL L1QTemplate Chi2/NDF
begin drawing Beryllium L1Inner AGL L2QTemplate Chi2/NDF
begin drawing Beryllium UnbiasedL1Inner TOF L1QTemplate Chi2/NDF
begin drawing Beryllium UnbiasedL1Inner TOF L2QTemplate Chi2/NDF
begin drawing Beryllium UnbiasedL1Inner NaF L1QTemplate Chi2/NDF
begin drawing Beryllium UnbiasedL1Inner NaF L2QTemplate Chi2/NDF
begin drawing Beryllium UnbiasedL1Inner AGL L1QTemplate Chi2/NDF
begin drawing Beryllium UnbiasedL1Inner AGL L2QTemplate Chi2/NDF
begin drawing Boron L1Inner TOF L1QTemplate Chi2/NDF
begin drawing Boron L1Inner TOF L2QTemplate Chi2/NDF
begin drawing Boron L1Inner NaF L1QTemplate Chi2/NDF
begin drawing Boron L1Inner NaF L2QTemplate Chi2/NDF
begin drawing Boron L1Inner AGL L1QTemplate Chi2/NDF
begin drawing Boron L1Inner AGL L2QTemplate Chi2/NDF
begin drawing Boron UnbiasedL1Inner TOF L1QTemplate Chi2/NDF
begin drawing Boron UnbiasedL1Inner TOF L2QTemplate Chi2/NDF
begin drawing Boron UnbiasedL1Inner NaF L1QTemplate Chi2/NDF
begin drawing Boron UnbiasedL1Inner NaF L2QTemplate Chi2/NDF
begin drawing Boron UnbiasedL1Inner AGL L1QTemplate Chi2/NDF
begin drawing Boron UnbiasedL1Inner AGL L2QTemplate Chi2/NDF
begin drawing Carbon L1Inner TOF L1QTemplate Chi2/NDF
begin drawing Carbon L1Inner TOF L2QTemplate Chi2/NDF
begin drawing Carbon L1Inner NaF L1QTemplate Chi2/NDF
begin drawing Carbon L1Inner NaF L2QTemplate Chi2/NDF
begin drawing Carbon L1Inner AGL L1QTemplate Chi2/NDF
begin drawing Carbon L1Inner AGL L2QTemplate Chi2/NDF
begin drawing Carbon UnbiasedL1Inner TOF L1QTemplate Chi2/NDF
begin drawing Carbon UnbiasedL1Inner TOF L2QTemplate Chi2/NDF
begin drawing Carbon UnbiasedL1Inner NaF L1QTemplate Chi2/NDF
begin drawing Carbon UnbiasedL1Inner NaF L2QTemplate Chi2/NDF
begin drawing Carbon UnbiasedL1Inner AGL L1QTemplate Chi2/NDF
begin drawing Carbon UnbiasedL1Inner AGL L2QTemplate Chi2/NDF
begin drawing Nitrogen L1Inner TOF L1QTemplate Chi2/NDF
begin drawing Nitrogen L1Inner TOF L2QTemplate Chi2/NDF
begin drawing Nitrogen L1Inner NaF L1QTemplate Chi2/NDF
begin drawing Nitrogen L1Inner NaF L2QTemplate Chi2/NDF
begin drawing Nitrogen L1Inner AGL L1QTemplate Chi2/NDF
begin drawing Nitrogen L1Inner AGL L2QTemplate Chi2/NDF
begin drawing Nitrogen UnbiasedL1Inner TOF L1QTemplate Chi2/NDF
begin drawing Nitrogen UnbiasedL1Inner TOF L2QTemplate Chi2/NDF
begin drawing Nitrogen UnbiasedL1Inner NaF L1QTemplate Chi2/NDF
begin drawing Nitrogen UnbiasedL1Inner NaF L2QTemplate Chi2/NDF
begin drawing Nitrogen UnbiasedL1Inner AGL L1QTemplate Chi2/NDF
begin drawing Nitrogen UnbiasedL1Inner AGL L2QTemplate Chi2/NDF
begin drawing Oxygen L1Inner TOF L1QTemplate Chi2/NDF
begin drawing Oxygen L1Inner TOF L2QTemplate Chi2/NDF
begin drawing Oxygen L1Inner NaF L1QTemplate Chi2/NDF
begin drawing Oxygen L1Inner NaF L2QTemplate Chi2/NDF
begin drawing Oxygen L1Inner AGL L1QTemplate Chi2/NDF
begin drawing Oxygen L1Inner AGL L2QTemplate Chi2/NDF
begin drawing Oxygen UnbiasedL1Inner TOF L1QTemplate Chi2/NDF
begin drawing Oxygen UnbiasedL1Inner TOF L2QTemplate Chi2/NDF
begin drawing Oxygen UnbiasedL1Inner NaF L1QTemplate Chi2/NDF
begin drawing Oxygen UnbiasedL1Inner NaF L2QTemplate Chi2/NDF
begin drawing Oxygen UnbiasedL1Inner AGL L1QTemplate Chi2/NDF
begin drawing Oxygen UnbiasedL1Inner AGL L2QTemplate Chi2/NDF

[INFO] All spline fits have been saved to /eos/user/z/zixuan/Isotope/ChargeFit/comparison_plots/allFitHistSplineSmooth_0.8_iter2.root

[INFO] All done!
