
Processing ../rootlogon.C...
Processing compareFitResults.cpp...
[INFO] Starting compareFitResults...
[INFO] Opened output file for splines: /eos/user/z/zixuan/Isotope/ChargeFit/comparison_plots/allFitHistSplineSmooth_0.5_orig.root

[PROCESS] Starting Template Comparison plots...

[INFO] Starting smart spline fit for: L1Inner_Beryllium_TOF_L1QTemplate_LG_Width (7 points)
****************************************
Minimizer is Minuit2 / Migrad
Chi2                      =      110.172
NDf                       =            5
Edm                       =  8.78607e-22
NCalls                    =           31
p0                        =    0.0339321   +/-   0.00143952  
p1                        =    0.0673588   +/-   0.00129725  
****************************************
Minimizer is Minuit2 / Migrad
Chi2                      =      7.28583
NDf                       =            4
Edm                       =  1.83815e-22
NCalls                    =           53
p0                        =    0.0226685   +/-   0.00181806  
p1                        =    0.0702336   +/-   0.00188028  
p2                        =    0.0573499   +/-   0.00162989  
  [FIT] Found good fit candidate. Best segments so far: 2. Stopping search.
  [FIT] Finalizing with loop variable 'segments' = 2
****************************************
Minimizer is Minuit2 / Migrad
Chi2                      =      17.5814
NDf                       =            4
Edm                       =  9.41443e-22
NCalls                    =           53
p0                        =    0.0119112   +/-   0.00246601  
p1                        =    0.0669838   +/-   0.00164064  
p2                        =    0.0550553   +/-   0.00208928  
[SUCCESS] Created final fit for L1Inner_Beryllium_TOF_L1QTemplate_LG_Width_spline with chi2/ndf = 1.82146

[INFO] Starting smart spline fit for: L1Inner_Beryllium_TOF_L2QTemplate_LG_Width (7 points)
****************************************
Minimizer is Minuit2 / Migrad
Chi2                      =      75.9869
NDf                       =            5
Edm                       =  3.34752e-22
NCalls                    =           31
p0                        =    0.0301944   +/-   0.00186025  
p1                        =    0.0575668   +/-   0.00114109  
****************************************
Minimizer is Minuit2 / Migrad
Chi2                      =      12.8307
NDf                       =            4
Edm                       =   5.7343e-22
NCalls                    =           53
p0                        =    0.0191425   +/-   0.00232261  
p1                        =    0.0630844   +/-   0.00234291  
p2                        =    0.0511323   +/-   0.00139916  
****************************************
Minimizer is Minuit2 / Migrad
Chi2                      =      6.18402
NDf                       =            3
Edm                       =  2.45889e-22
NCalls                    =           80
p0                        =    0.0226585   +/-   0.00282141  
p1                        =    0.0483321   +/-   0.0027872   
p2                        =    0.0662641   +/-   0.00220236  
p3                        =    0.0485016   +/-   0.0016827   
  [FIT] Found good fit candidate. Best segments so far: 3. Stopping search.
  [FIT] Finalizing with loop variable 'segments' = 3
****************************************
Minimizer is Minuit2 / Migrad
Chi2                      =      10.9605
NDf                       =            3
Edm                       =  1.23957e-21
NCalls                    =           80
p0                        =      0.01688   +/-   0.00410474  
p1                        =    0.0478411   +/-   0.00251595  
p2                        =    0.0639193   +/-   0.00191555  
p3                        =    0.0443684   +/-   0.00235306  
[SUCCESS] Created final fit for L1Inner_Beryllium_TOF_L2QTemplate_LG_Width_spline with chi2/ndf = 2.06134
begin drawing Beryllium L1Inner TOF LG_Width

[INFO] Starting smart spline fit for: L1Inner_Beryllium_TOF_L1QTemplate_LG_MPV (7 points)
****************************************
Minimizer is Minuit2 / Migrad
Chi2                      =      382.739
NDf                       =            5
Edm                       =  7.99091e-18
NCalls                    =           43
p0                        =      3.88257   +/-   0.00152755  
p1                        =      3.90183   +/-   0.000764046 
****************************************
Minimizer is Minuit2 / Migrad
Chi2                      =      23.2007
NDf                       =            4
Edm                       =   5.1372e-18
NCalls                    =           71
p0                        =      3.91542   +/-   0.00230979  
p1                        =      3.87963   +/-   0.000962272 
p2                        =      3.91309   +/-   0.000967594 
****************************************
Minimizer is Minuit2 / Migrad
Chi2                      =       7.1839
NDf                       =            3
Edm                       =  1.34155e-17
NCalls                    =          102
p0                        =      3.92418   +/-   0.00294548  
p1                        =      3.87991   +/-   0.00130629  
p2                        =      3.89061   +/-   0.000945612 
p3                        =      3.91107   +/-   0.00113408  
  [FIT] Found good fit candidate. Best segments so far: 3. Stopping search.
  [FIT] Finalizing with loop variable 'segments' = 3
****************************************
Minimizer is Minuit2 / Migrad
Chi2                      =      24.8916
NDf                       =            3
Edm                       =  5.17225e-11
NCalls                    =           98
p0                        =      3.94004   +/-   0.00409209  
p1                        =      3.88006   +/-   0.00126323  
p2                        =      3.89111   +/-   0.000889188 
p3                        =      3.91492   +/-   0.00154418  
[SUCCESS] Created final fit for L1Inner_Beryllium_TOF_L1QTemplate_LG_MPV_spline with chi2/ndf = 2.39463

[INFO] Starting smart spline fit for: L1Inner_Beryllium_TOF_L2QTemplate_LG_MPV (7 points)
****************************************
Minimizer is Minuit2 / Migrad
Chi2                      =      159.149
NDf                       =            5
Edm                       =  5.57467e-18
NCalls                    =           41
p0                        =      3.92371   +/-   0.00223137  
p1                        =      3.89999   +/-   0.00101002  
****************************************
Minimizer is Minuit2 / Migrad
Chi2                      =      2.32626
NDf                       =            4
Edm                       =  2.80769e-18
NCalls                    =           79
p0                        =       3.9516   +/-   0.00315288  
p1                        =      3.89793   +/-   0.00130701  
p2                        =      3.91014   +/-   0.00129504  
  [FIT] Found good fit candidate. Best segments so far: 2. Stopping search.
  [FIT] Finalizing with loop variable 'segments' = 2
****************************************
Minimizer is Minuit2 / Migrad
Chi2                      =      1.42881
NDf                       =            4
Edm                       =  6.77772e-19
NCalls                    =           71
p0                        =      3.96672   +/-   0.00410888  
p1                        =      3.89925   +/-   0.00118972  
p2                        =      3.91395   +/-   0.00171163  
[SUCCESS] Created final fit for L1Inner_Beryllium_TOF_L2QTemplate_LG_MPV_spline with chi2/ndf = 0.581566
begin drawing Beryllium L1Inner TOF LG_MPV

[INFO] Starting smart spline fit for: L1Inner_Beryllium_TOF_L1QTemplate_LG_Sigma (7 points)
****************************************
Minimizer is Minuit2 / Migrad
Chi2                      =      34.1848
NDf                       =            5
Edm                       =   1.5675e-22
NCalls                    =           31
p0                        =     0.176266   +/-   0.00182502  
p1                        =     0.121011   +/-   0.00216088  
****************************************
Minimizer is Minuit2 / Migrad
Chi2                      =      16.2316
NDf                       =            4
Edm                       =  1.74787e-21
NCalls                    =           53
p0                        =     0.182341   +/-   0.00232092  
p1                        =     0.133247   +/-   0.00295011  
p2                        =     0.127414   +/-   0.00263689  
****************************************
Minimizer is Minuit2 / Migrad
Chi2                      =      5.56527
NDf                       =            3
Edm                       =   1.2076e-21
NCalls                    =           82
p0                        =     0.177968   +/-   0.00277788  
p1                        =     0.152248   +/-   0.00296207  
p2                        =     0.119431   +/-   0.00328139  
p3                        =     0.132616   +/-   0.00307632  
  [FIT] Found good fit candidate. Best segments so far: 3. Stopping search.
  [FIT] Finalizing with loop variable 'segments' = 3
****************************************
Minimizer is Minuit2 / Migrad
Chi2                      =      5.60446
NDf                       =            3
Edm                       =   3.8612e-21
NCalls                    =           80
p0                        =     0.181018   +/-   0.00409114  
p1                        =     0.152983   +/-   0.00262388  
p2                        =     0.120084   +/-   0.00307276  
p3                        =     0.138089   +/-   0.0041712   
[SUCCESS] Created final fit for L1Inner_Beryllium_TOF_L1QTemplate_LG_Sigma_spline with chi2/ndf = 1.85509

[INFO] Starting smart spline fit for: L1Inner_Beryllium_TOF_L2QTemplate_LG_Sigma (7 points)
****************************************
Minimizer is Minuit2 / Migrad
Chi2                      =      46.9563
NDf                       =            5
Edm                       =  3.59486e-21
NCalls                    =           33
p0                        =     0.171512   +/-   0.00222363  
p1                        =      0.13498   +/-   0.00161209  
****************************************
Minimizer is Minuit2 / Migrad
Chi2                      =      39.1176
NDf                       =            4
Edm                       =  2.56598e-22
NCalls                    =           53
p0                        =     0.176327   +/-   0.00281102  
p1                        =     0.141808   +/-   0.00332022  
p2                        =     0.138004   +/-   0.00194034  
****************************************
Minimizer is Minuit2 / Migrad
Chi2                      =      1.16154
NDf                       =            3
Edm                       =   7.3369e-22
NCalls                    =           84
p0                        =     0.165366   +/-   0.00339369  
p1                        =     0.164856   +/-   0.00356238  
p2                        =     0.123851   +/-   0.00328679  
p3                        =     0.145878   +/-   0.00233253  
  [FIT] Found good fit candidate. Best segments so far: 3. Stopping search.
  [FIT] Finalizing with loop variable 'segments' = 3
****************************************
Minimizer is Minuit2 / Migrad
Chi2                      =      2.02119
NDf                       =            3
Edm                       =  7.20148e-21
NCalls                    =           86
p0                        =     0.162476   +/-   0.00496654  
p1                        =      0.16332   +/-   0.00317516  
p2                        =     0.127005   +/-   0.00284413  
p3                        =     0.152397   +/-   0.00327014  
[SUCCESS] Created final fit for L1Inner_Beryllium_TOF_L2QTemplate_LG_Sigma_spline with chi2/ndf = 0.38718
begin drawing Beryllium L1Inner TOF LG_Sigma
begin drawing Beryllium L1Inner TOF LG_Chi2NDF

[INFO] Starting smart spline fit for: L1Inner_Beryllium_TOF_L1QTemplate_EGE_Peak (7 points)
****************************************
Minimizer is Minuit2 / Migrad
Chi2                      =      261.028
NDf                       =            5
Edm                       =  1.54681e-19
NCalls                    =           43
p0                        =      3.91048   +/-   0.00263785  
p1                        =      3.91969   +/-   0.00181177  
****************************************
Minimizer is Minuit2 / Migrad
Chi2                      =      10.3624
NDf                       =            4
Edm                       =  2.36513e-17
NCalls                    =           71
p0                        =      3.94693   +/-   0.00350111  
p1                        =      3.89467   +/-   0.00173892  
p2                        =      3.95163   +/-   0.00271178  
****************************************
Minimizer is Minuit2 / Migrad
Chi2                      =      5.21701
NDf                       =            3
Edm                       =  7.68823e-19
NCalls                    =          100
p0                        =      3.95342   +/-   0.00427345  
p1                        =       3.8958   +/-   0.00251307  
p2                        =      3.91149   +/-   0.00161083  
p3                        =      3.94912   +/-   0.00319675  
  [FIT] Found good fit candidate. Best segments so far: 3. Stopping search.
  [FIT] Finalizing with loop variable 'segments' = 3
****************************************
Minimizer is Minuit2 / Migrad
Chi2                      =      6.33006
NDf                       =            3
Edm                       =  5.05349e-15
NCalls                    =          110
p0                        =      3.97212   +/-   0.00598821  
p1                        =      3.89679   +/-   0.00241355  
p2                        =      3.91101   +/-   0.00158935  
p3                        =      3.95854   +/-   0.00412494  
[SUCCESS] Created final fit for L1Inner_Beryllium_TOF_L1QTemplate_EGE_Peak_spline with chi2/ndf = 1.739

[INFO] Starting smart spline fit for: L1Inner_Beryllium_TOF_L2QTemplate_EGE_Peak (7 points)
****************************************
Minimizer is Minuit2 / Migrad
Chi2                      =      114.376
NDf                       =            5
Edm                       =  4.03826e-18
NCalls                    =           43
p0                        =      3.95083   +/-   0.00312882  
p1                        =      3.92004   +/-   0.00226667  
****************************************
Minimizer is Minuit2 / Migrad
Chi2                      =      4.18456
NDf                       =            4
Edm                       =  4.61335e-18
NCalls                    =           71
p0                        =       3.9853   +/-   0.00453578  
p1                        =      3.91455   +/-   0.00224696  
p2                        =      3.94305   +/-   0.00315342  
  [FIT] Found good fit candidate. Best segments so far: 2. Stopping search.
  [FIT] Finalizing with loop variable 'segments' = 2
****************************************
Minimizer is Minuit2 / Migrad
Chi2                      =      2.28568
NDf                       =            4
Edm                       =  1.36782e-18
NCalls                    =           71
p0                        =      4.00803   +/-   0.00623288  
p1                        =      3.91701   +/-   0.00206696  
p2                        =       3.9514   +/-   0.00426311  
[SUCCESS] Created final fit for L1Inner_Beryllium_TOF_L2QTemplate_EGE_Peak_spline with chi2/ndf = 1.04614
begin drawing Beryllium L1Inner TOF EGE_Peak

[INFO] Starting smart spline fit for: L1Inner_Beryllium_TOF_L1QTemplate_EGE_SigmaL (7 points)
****************************************
Minimizer is Minuit2 / Migrad
Chi2                      =      184.438
NDf                       =            5
Edm                       =  2.89196e-21
NCalls                    =           33
p0                        =     0.162017   +/-   0.00179864  
p1                        =     0.135047   +/-   0.00124671  
****************************************
Minimizer is Minuit2 / Migrad
Chi2                      =      9.98051
NDf                       =            4
Edm                       =  3.82373e-20
NCalls                    =           61
p0                        =     0.182461   +/-   0.00237296  
p1                        =     0.135035   +/-   0.00114052  
p2                        =     0.155833   +/-   0.00200772  
  [FIT] Found good fit candidate. Best segments so far: 2. Stopping search.
  [FIT] Finalizing with loop variable 'segments' = 2
****************************************
Minimizer is Minuit2 / Migrad
Chi2                      =      10.9428
NDf                       =            4
Edm                       =  1.03998e-21
NCalls                    =           53
p0                        =     0.195282   +/-   0.00310857  
p1                        =     0.136775   +/-   0.00102342  
p2                        =     0.160491   +/-   0.00255118  
[SUCCESS] Created final fit for L1Inner_Beryllium_TOF_L1QTemplate_EGE_SigmaL_spline with chi2/ndf = 2.49513

[INFO] Starting smart spline fit for: L1Inner_Beryllium_TOF_L2QTemplate_EGE_SigmaL (7 points)
****************************************
Minimizer is Minuit2 / Migrad
Chi2                      =      43.5687
NDf                       =            5
Edm                       =   9.0658e-23
NCalls                    =           33
p0                        =     0.165243   +/-   0.00227872  
p1                        =     0.139038   +/-   0.00167486  
****************************************
Minimizer is Minuit2 / Migrad
Chi2                      =      4.67588
NDf                       =            4
Edm                       =  9.55811e-21
NCalls                    =           57
p0                        =     0.181214   +/-   0.00342796  
p1                        =      0.14242   +/-   0.00158757  
p2                        =      0.14987   +/-   0.00241284  
  [FIT] Found good fit candidate. Best segments so far: 2. Stopping search.
  [FIT] Finalizing with loop variable 'segments' = 2
****************************************
Minimizer is Minuit2 / Migrad
Chi2                      =      9.21365
NDf                       =            4
Edm                       =  9.24057e-21
NCalls                    =           57
p0                        =     0.193342   +/-   0.00484704  
p1                        =     0.143622   +/-   0.0014662   
p2                        =      0.15235   +/-   0.00332995  
[SUCCESS] Created final fit for L1Inner_Beryllium_TOF_L2QTemplate_EGE_SigmaL_spline with chi2/ndf = 1.16897
begin drawing Beryllium L1Inner TOF EGE_SigmaL

[INFO] Starting smart spline fit for: L1Inner_Beryllium_TOF_L1QTemplate_EGE_SigmaR (7 points)
****************************************
Minimizer is Minuit2 / Migrad
Chi2                      =      155.263
NDf                       =            5
Edm                       =  5.61289e-22
NCalls                    =           31
p0                        =     0.258419   +/-   0.00280984  
p1                        =     0.242216   +/-   0.00281745  
****************************************
Minimizer is Minuit2 / Migrad
Chi2                      =      17.8748
NDf                       =            4
Edm                       =  1.39992e-21
NCalls                    =           53
p0                        =     0.230188   +/-   0.00370082  
p1                        =     0.269901   +/-   0.00236133  
p2                        =     0.211663   +/-   0.00383834  
****************************************
Minimizer is Minuit2 / Migrad
Chi2                      =      8.57656
NDf                       =            3
Edm                       =  1.68498e-07
NCalls                    =           90
p0                        =     0.222056   +/-   0.00442067  
p1                        =     0.273807   +/-   0.00280588  
p2                        =     0.247228   +/-   0.00311871  
p3                        =     0.217964   +/-   0.0046308   
  [FIT] Found good fit candidate. Best segments so far: 3. Stopping search.
  [FIT] Finalizing with loop variable 'segments' = 3
****************************************
Minimizer is Minuit2 / Migrad
Chi2                      =      9.52921
NDf                       =            3
Edm                       =  2.35548e-21
NCalls                    =           82
p0                        =     0.204907   +/-   0.00626098  
p1                        =     0.272234   +/-   0.00265394  
p2                        =     0.248977   +/-   0.00300923  
p3                        =     0.209345   +/-   0.00615688  
[SUCCESS] Created final fit for L1Inner_Beryllium_TOF_L1QTemplate_EGE_SigmaR_spline with chi2/ndf = 2.85885

[INFO] Starting smart spline fit for: L1Inner_Beryllium_TOF_L2QTemplate_EGE_SigmaR (7 points)
****************************************
Minimizer is Minuit2 / Migrad
Chi2                      =      125.237
NDf                       =            5
Edm                       =    8.851e-22
NCalls                    =           31
p0                        =     0.248175   +/-   0.00301512  
p1                        =     0.246848   +/-   0.00307301  
****************************************
Minimizer is Minuit2 / Migrad
Chi2                      =      14.7909
NDf                       =            4
Edm                       =   3.0587e-22
NCalls                    =           53
p0                        =     0.212158   +/-   0.00456466  
p1                        =     0.265533   +/-   0.0023303   
p2                        =     0.212697   +/-   0.0044725   
****************************************
Minimizer is Minuit2 / Migrad
Chi2                      =      2.83471
NDf                       =            3
Edm                       =  9.55299e-09
NCalls                    =           91
p0                        =     0.197823   +/-   0.00598773  
p1                        =     0.264451   +/-   0.0025062   
p2                        =     0.245706   +/-   0.00303058  
p3                        =     0.222627   +/-   0.00583185  
  [FIT] Found good fit candidate. Best segments so far: 3. Stopping search.
  [FIT] Finalizing with loop variable 'segments' = 3
****************************************
Minimizer is Minuit2 / Migrad
Chi2                      =      1.40535
NDf                       =            3
Edm                       =  6.54026e-10
NCalls                    =           92
p0                        =     0.169941   +/-   0.00875435  
p1                        =     0.263492   +/-   0.00237669  
p2                        =     0.246491   +/-   0.00292628  
p3                        =     0.216386   +/-   0.00797724  
[SUCCESS] Created final fit for L1Inner_Beryllium_TOF_L2QTemplate_EGE_SigmaR_spline with chi2/ndf = 0.944902
begin drawing Beryllium L1Inner TOF EGE_SigmaR
  [SUCCESS] Wrote constant TF1 'L1Inner_Beryllium_TOF_L1QTemplate_EGE_AlphaL_spline' to file.
  [SUCCESS] Wrote constant TF1 'L1Inner_Beryllium_TOF_L2QTemplate_EGE_AlphaL_spline' to file.
begin drawing Beryllium L1Inner TOF EGE_AlphaL

[INFO] Starting smart spline fit for: L1Inner_Beryllium_TOF_L1QTemplate_EGE_AlphaR (7 points)
****************************************
Minimizer is Minuit2 / Migrad
Chi2                      =      13.9458
NDf                       =            5
Edm                       =  1.16508e-22
NCalls                    =           31
p0                        =      1.72155   +/-   0.065456    
p1                        =      1.12528   +/-   0.0284716   
****************************************
Minimizer is Minuit2 / Migrad
Chi2                      =      11.0749
NDf                       =            4
Edm                       =   9.5664e-11
NCalls                    =           58
p0                        =      1.63517   +/-   0.0829643   
p1                        =      1.42966   +/-   0.0402623   
p2                        =      1.08966   +/-   0.035391    
****************************************
Minimizer is Minuit2 / Migrad
Chi2                      =      5.47017
NDf                       =            3
Edm                       =  1.37768e-06
NCalls                    =           78
p0                        =      1.53897   +/-   0.0926812   
p1                        =       1.6898   +/-   0.0777555   
p2                        =      1.24275   +/-   0.0370553   
p3                        =      1.13347   +/-   0.0405719   
  [FIT] Found good fit candidate. Best segments so far: 3. Stopping search.
  [FIT] Finalizing with loop variable 'segments' = 3
****************************************
Minimizer is Minuit2 / Migrad
Chi2                      =      5.43125
NDf                       =            3
Edm                       =  9.24596e-07
NCalls                    =           88
p0                        =      1.45213   +/-   0.127821    
p1                        =      1.67939   +/-   0.0754323   
p2                        =        1.253   +/-   0.0348642   
p3                        =      1.12344   +/-   0.0554354   
[SUCCESS] Created final fit for L1Inner_Beryllium_TOF_L1QTemplate_EGE_AlphaR_spline with chi2/ndf = 1.82339

[INFO] Starting smart spline fit for: L1Inner_Beryllium_TOF_L2QTemplate_EGE_AlphaR (7 points)
****************************************
Minimizer is Minuit2 / Migrad
Chi2                      =       39.913
NDf                       =            5
Edm                       =  1.00649e-22
NCalls                    =           31
p0                        =      1.63364   +/-   0.0621126   
p1                        =       1.1709   +/-   0.0336853   
****************************************
Minimizer is Minuit2 / Migrad
Chi2                      =       15.257
NDf                       =            4
Edm                       =  2.62447e-22
NCalls                    =           53
p0                        =      1.41013   +/-   0.0767075   
p1                        =      1.55431   +/-   0.046092    
p2                        =      1.01865   +/-   0.0455504   
****************************************
Minimizer is Minuit2 / Migrad
Chi2                      =      1.40469
NDf                       =            3
Edm                       =  3.71438e-10
NCalls                    =           87
p0                        =      1.24524   +/-   0.0883903   
p1                        =      1.82195   +/-   0.0751531   
p2                        =      1.28909   +/-   0.0416551   
p3                        =      1.12754   +/-   0.0560144   
  [FIT] Found good fit candidate. Best segments so far: 3. Stopping search.
  [FIT] Finalizing with loop variable 'segments' = 3
****************************************
Minimizer is Minuit2 / Migrad
Chi2                      =      1.11574
NDf                       =            3
Edm                       =  2.52755e-22
NCalls                    =           82
p0                        =      1.01148   +/-   0.124326    
p1                        =      1.81468   +/-   0.0714582   
p2                        =      1.29143   +/-   0.0387007   
p3                        =      1.12694   +/-   0.0776177   
[SUCCESS] Created final fit for L1Inner_Beryllium_TOF_L2QTemplate_EGE_AlphaR_spline with chi2/ndf = 0.46823
begin drawing Beryllium L1Inner TOF EGE_AlphaR
begin drawing Beryllium L1Inner TOF EGE_Chi2NDF

[INFO] Starting smart spline fit for: L1Inner_Beryllium_NaF_L1QTemplate_LG_Width (16 points)
****************************************
Minimizer is Minuit2 / Migrad
Chi2                      =      16.2345
NDf                       =           14
Edm                       =  2.30883e-23
NCalls                    =           31
p0                        =    0.0585634   +/-   0.00178075  
p1                        =    0.0393257   +/-   0.00167066  
  [FIT] Found good fit candidate. Best segments so far: 1. Stopping search.
  [FIT] Finalizing with loop variable 'segments' = 1
****************************************
Minimizer is Minuit2 / Migrad
Chi2                      =      17.5432
NDf                       =           14
Edm                       =  7.48232e-23
NCalls                    =           31
p0                        =    0.0606058   +/-   0.00207369  
p1                        =    0.0372338   +/-   0.00196254  
[SUCCESS] Created final fit for L1Inner_Beryllium_NaF_L1QTemplate_LG_Width_spline with chi2/ndf = 1.15961

[INFO] Starting smart spline fit for: L1Inner_Beryllium_NaF_L2QTemplate_LG_Width (16 points)
****************************************
Minimizer is Minuit2 / Migrad
Chi2                      =      22.4008
NDf                       =           14
Edm                       =  5.76623e-23
NCalls                    =           31
p0                        =    0.0585913   +/-   0.00235929  
p1                        =    0.0379177   +/-   0.00220209  
  [FIT] Found good fit candidate. Best segments so far: 1. Stopping search.
  [FIT] Finalizing with loop variable 'segments' = 1
****************************************
Minimizer is Minuit2 / Migrad
Chi2                      =       25.962
NDf                       =           14
Edm                       =  5.22544e-23
NCalls                    =           31
p0                        =    0.0600373   +/-   0.00271685  
p1                        =    0.0363913   +/-   0.00255386  
[SUCCESS] Created final fit for L1Inner_Beryllium_NaF_L2QTemplate_LG_Width_spline with chi2/ndf = 1.60006
begin drawing Beryllium L1Inner NaF LG_Width

[INFO] Starting smart spline fit for: L1Inner_Beryllium_NaF_L1QTemplate_LG_MPV (16 points)
****************************************
Minimizer is Minuit2 / Migrad
Chi2                      =      41.5783
NDf                       =           14
Edm                       =   2.6817e-18
NCalls                    =           43
p0                        =      3.89843   +/-   0.00155971  
p1                        =      3.92504   +/-   0.00177145  
****************************************
Minimizer is Minuit2 / Migrad
Chi2                      =      31.1517
NDf                       =           13
Edm                       =  5.93747e-07
NCalls                    =           71
p0                        =      3.89472   +/-   0.00193773  
p1                        =      3.91911   +/-   0.00154141  
p2                        =      3.91934   +/-   0.00250273  
  [FIT] Found good fit candidate. Best segments so far: 2. Stopping search.
  [FIT] Finalizing with loop variable 'segments' = 2
****************************************
Minimizer is Minuit2 / Migrad
Chi2                      =      20.8519
NDf                       =           13
Edm                       =  1.67148e-18
NCalls                    =           82
p0                        =      3.88875   +/-   0.00249174  
p1                        =      3.91841   +/-   0.00139524  
p2                        =      3.92008   +/-   0.00309872  
[SUCCESS] Created final fit for L1Inner_Beryllium_NaF_L1QTemplate_LG_MPV_spline with chi2/ndf = 2.39629

[INFO] Starting smart spline fit for: L1Inner_Beryllium_NaF_L2QTemplate_LG_MPV (16 points)
****************************************
Minimizer is Minuit2 / Migrad
Chi2                      =      24.7702
NDf                       =           14
Edm                       =  1.91334e-18
NCalls                    =           41
p0                        =      3.89711   +/-   0.00209585  
p1                        =      3.91084   +/-   0.00241202  
  [FIT] Found good fit candidate. Best segments so far: 1. Stopping search.
  [FIT] Finalizing with loop variable 'segments' = 1
****************************************
Minimizer is Minuit2 / Migrad
Chi2                      =      25.4366
NDf                       =           14
Edm                       =  1.59422e-18
NCalls                    =           43
p0                        =      3.89571   +/-   0.00246034  
p1                        =      3.91205   +/-   0.00275718  
[SUCCESS] Created final fit for L1Inner_Beryllium_NaF_L2QTemplate_LG_MPV_spline with chi2/ndf = 1.7693
begin drawing Beryllium L1Inner NaF LG_MPV

[INFO] Starting smart spline fit for: L1Inner_Beryllium_NaF_L1QTemplate_LG_Sigma (16 points)
****************************************
Minimizer is Minuit2 / Migrad
Chi2                      =      18.3728
NDf                       =           14
Edm                       =  1.57473e-22
NCalls                    =           31
p0                        =     0.129387   +/-   0.00253914  
p1                        =     0.162755   +/-   0.00217405  
  [FIT] Found good fit candidate. Best segments so far: 1. Stopping search.
  [FIT] Finalizing with loop variable 'segments' = 1
****************************************
Minimizer is Minuit2 / Migrad
Chi2                      =      19.5036
NDf                       =           14
Edm                       =  3.13604e-22
NCalls                    =           31
p0                        =     0.125721   +/-   0.00294693  
p1                        =     0.166528   +/-   0.0025707   
[SUCCESS] Created final fit for L1Inner_Beryllium_NaF_L1QTemplate_LG_Sigma_spline with chi2/ndf = 1.31234

[INFO] Starting smart spline fit for: L1Inner_Beryllium_NaF_L2QTemplate_LG_Sigma (16 points)
****************************************
Minimizer is Minuit2 / Migrad
Chi2                      =      30.4778
NDf                       =           14
Edm                       =  1.77894e-22
NCalls                    =           31
p0                        =     0.132211   +/-   0.00322769  
p1                        =     0.167933   +/-   0.00278559  
****************************************
Minimizer is Minuit2 / Migrad
Chi2                      =      26.1925
NDf                       =           13
Edm                       =  1.09048e-06
NCalls                    =           58
p0                        =     0.126809   +/-   0.00415108  
p1                        =     0.159171   +/-   0.00258313  
p2                        =     0.162168   +/-   0.00394024  
  [FIT] Found good fit candidate. Best segments so far: 1. Stopping search.
  [FIT] Finalizing with loop variable 'segments' = 1
****************************************
Minimizer is Minuit2 / Migrad
Chi2                      =      36.4941
NDf                       =           14
Edm                       =  1.20651e-21
NCalls                    =           31
p0                        =       0.1297   +/-   0.00372103  
p1                        =      0.17078   +/-   0.00326868  
[SUCCESS] Created final fit for L1Inner_Beryllium_NaF_L2QTemplate_LG_Sigma_spline with chi2/ndf = 2.17698
begin drawing Beryllium L1Inner NaF LG_Sigma
begin drawing Beryllium L1Inner NaF LG_Chi2NDF

[INFO] Starting smart spline fit for: L1Inner_Beryllium_NaF_L1QTemplate_EGE_Peak (16 points)
****************************************
Minimizer is Minuit2 / Migrad
Chi2                      =      51.3506
NDf                       =           13
Edm                       =  2.65371e-20
NCalls                    =           39
p0                        =      3.92931   +/-   0.00506475  
p1                        =      3.95774   +/-   0.00336609  
****************************************
Minimizer is Minuit2 / Migrad
Chi2                      =      32.1604
NDf                       =           12
Edm                       =  9.70805e-20
NCalls                    =           76
p0                        =      3.90832   +/-   0.00697126  
p1                        =      3.95849   +/-   0.0032767   
p2                        =      3.94388   +/-   0.00462013  
****************************************
Minimizer is Minuit2 / Migrad
Chi2                      =      15.6892
NDf                       =           11
Edm                       =  3.20902e-18
NCalls                    =          100
p0                        =      3.88834   +/-   0.00853506  
p1                        =       3.9569   +/-   0.00437432  
p2                        =      3.94805   +/-   0.00358794  
p3                        =      3.95389   +/-   0.00553215  
  [FIT] Found good fit candidate. Best segments so far: 3. Stopping search.
  [FIT] Finalizing with loop variable 'segments' = 3
****************************************
Minimizer is Minuit2 / Migrad
Chi2                      =      12.7201
NDf                       =           11
Edm                       =  4.91874e-21
NCalls                    =           82
p0                        =      3.87104   +/-   0.0106796   
p1                        =       3.9558   +/-   0.00416535  
p2                        =      3.94947   +/-   0.00344419  
p3                        =      3.95375   +/-   0.00701017  
[SUCCESS] Created final fit for L1Inner_Beryllium_NaF_L1QTemplate_EGE_Peak_spline with chi2/ndf = 1.42629

[INFO] Starting smart spline fit for: L1Inner_Beryllium_NaF_L2QTemplate_EGE_Peak (16 points)
****************************************
Minimizer is Minuit2 / Migrad
Chi2                      =      25.8875
NDf                       =           13
Edm                       =  4.74793e-19
NCalls                    =           43
p0                        =      3.93242   +/-   0.00524403  
p1                        =      3.95255   +/-   0.00455524  
****************************************
Minimizer is Minuit2 / Migrad
Chi2                      =      10.7068
NDf                       =           12
Edm                       =   9.3615e-10
NCalls                    =           71
p0                        =      3.91685   +/-   0.00659268  
p1                        =         3.96   +/-   0.00473846  
p2                        =      3.93624   +/-   0.00618669  
  [FIT] Found good fit candidate. Best segments so far: 2. Stopping search.
  [FIT] Finalizing with loop variable 'segments' = 2
****************************************
Minimizer is Minuit2 / Migrad
Chi2                      =      11.1307
NDf                       =           12
Edm                       =  3.19138e-19
NCalls                    =           65
p0                        =      3.90736   +/-   0.00845539  
p1                        =      3.95713   +/-   0.00427005  
p2                        =      3.93323   +/-   0.00761811  
[SUCCESS] Created final fit for L1Inner_Beryllium_NaF_L2QTemplate_EGE_Peak_spline with chi2/ndf = 0.892236
begin drawing Beryllium L1Inner NaF EGE_Peak

[INFO] Starting smart spline fit for: L1Inner_Beryllium_NaF_L1QTemplate_EGE_SigmaL (16 points)
****************************************
Minimizer is Minuit2 / Migrad
Chi2                      =      35.9195
NDf                       =           13
Edm                       =  5.84074e-23
NCalls                    =           31
p0                        =     0.150435   +/-   0.0037875   
p1                        =     0.166161   +/-   0.00236672  
****************************************
Minimizer is Minuit2 / Migrad
Chi2                      =      21.0654
NDf                       =           12
Edm                       =  3.36368e-22
NCalls                    =           53
p0                        =     0.132626   +/-   0.00597486  
p1                        =     0.167055   +/-   0.00223389  
p2                        =     0.157852   +/-   0.00320133  
  [FIT] Found good fit candidate. Best segments so far: 2. Stopping search.
  [FIT] Finalizing with loop variable 'segments' = 2
****************************************
Minimizer is Minuit2 / Migrad
Chi2                      =      15.9385
NDf                       =           12
Edm                       =  6.47795e-23
NCalls                    =           53
p0                        =     0.118939   +/-   0.00794581  
p1                        =      0.16644   +/-   0.00202761  
p2                        =     0.155391   +/-   0.00400901  
[SUCCESS] Created final fit for L1Inner_Beryllium_NaF_L1QTemplate_EGE_SigmaL_spline with chi2/ndf = 1.75545

[INFO] Starting smart spline fit for: L1Inner_Beryllium_NaF_L2QTemplate_EGE_SigmaL (16 points)
****************************************
Minimizer is Minuit2 / Migrad
Chi2                      =      29.8495
NDf                       =           13
Edm                       =  4.81102e-22
NCalls                    =           31
p0                        =     0.151748   +/-   0.00355485  
p1                        =     0.175626   +/-   0.00314669  
****************************************
Minimizer is Minuit2 / Migrad
Chi2                      =      10.0395
NDf                       =           12
Edm                       =  3.70418e-22
NCalls                    =           59
p0                        =     0.139235   +/-   0.00453211  
p1                        =     0.177958   +/-   0.00313378  
p2                        =     0.162724   +/-   0.00427828  
  [FIT] Found good fit candidate. Best segments so far: 2. Stopping search.
  [FIT] Finalizing with loop variable 'segments' = 2
****************************************
Minimizer is Minuit2 / Migrad
Chi2                      =      11.6043
NDf                       =           12
Edm                       =  3.43135e-22
NCalls                    =           53
p0                        =     0.131194   +/-   0.00584205  
p1                        =     0.175706   +/-   0.00283615  
p2                        =     0.160321   +/-   0.00527277  
[SUCCESS] Created final fit for L1Inner_Beryllium_NaF_L2QTemplate_EGE_SigmaL_spline with chi2/ndf = 0.836628
begin drawing Beryllium L1Inner NaF EGE_SigmaL

[INFO] Starting smart spline fit for: L1Inner_Beryllium_NaF_L1QTemplate_EGE_SigmaR (16 points)
****************************************
Minimizer is Minuit2 / Migrad
Chi2                      =      40.0417
NDf                       =           13
Edm                       =  3.39126e-22
NCalls                    =           31
p0                        =     0.236136   +/-   0.00631409  
p1                        =     0.231522   +/-   0.00396588  
****************************************
Minimizer is Minuit2 / Migrad
Chi2                      =      19.3075
NDf                       =           12
Edm                       =   1.6118e-07
NCalls                    =           59
p0                        =     0.256326   +/-   0.00771564  
p1                        =     0.217204   +/-   0.00443331  
p2                        =     0.248532   +/-   0.00544841  
  [FIT] Found good fit candidate. Best segments so far: 2. Stopping search.
  [FIT] Finalizing with loop variable 'segments' = 2
****************************************
Minimizer is Minuit2 / Migrad
Chi2                      =      17.0575
NDf                       =           12
Edm                       =  1.09368e-07
NCalls                    =           59
p0                        =     0.265571   +/-   0.00916175  
p1                        =     0.218945   +/-   0.00404473  
p2                        =     0.255278   +/-   0.00691518  
[SUCCESS] Created final fit for L1Inner_Beryllium_NaF_L1QTemplate_EGE_SigmaR_spline with chi2/ndf = 1.60896

[INFO] Starting smart spline fit for: L1Inner_Beryllium_NaF_L2QTemplate_EGE_SigmaR (16 points)
****************************************
Minimizer is Minuit2 / Migrad
Chi2                      =       26.843
NDf                       =           13
Edm                       =  5.52239e-23
NCalls                    =           31
p0                        =     0.231112   +/-   0.00720932  
p1                        =     0.228623   +/-   0.00547181  
****************************************
Minimizer is Minuit2 / Migrad
Chi2                      =      16.0934
NDf                       =           12
Edm                       =  1.76667e-22
NCalls                    =           53
p0                        =     0.246192   +/-   0.00855159  
p1                        =     0.211954   +/-   0.00648094  
p2                        =     0.246551   +/-   0.00773561  
  [FIT] Found good fit candidate. Best segments so far: 2. Stopping search.
  [FIT] Finalizing with loop variable 'segments' = 2
****************************************
Minimizer is Minuit2 / Migrad
Chi2                      =      16.0247
NDf                       =           12
Edm                       =  1.21476e-23
NCalls                    =           53
p0                        =      0.25408   +/-   0.0103861   
p1                        =      0.21501   +/-   0.00573159  
p2                        =     0.251173   +/-   0.00957112  
[SUCCESS] Created final fit for L1Inner_Beryllium_NaF_L2QTemplate_EGE_SigmaR_spline with chi2/ndf = 1.34111
begin drawing Beryllium L1Inner NaF EGE_SigmaR
  [SUCCESS] Wrote constant TF1 'L1Inner_Beryllium_NaF_L1QTemplate_EGE_AlphaL_spline' to file.
  [SUCCESS] Wrote constant TF1 'L1Inner_Beryllium_NaF_L2QTemplate_EGE_AlphaL_spline' to file.
begin drawing Beryllium L1Inner NaF EGE_AlphaL

[INFO] Starting smart spline fit for: L1Inner_Beryllium_NaF_L1QTemplate_EGE_AlphaR (16 points)
****************************************
Minimizer is Minuit2 / Migrad
Chi2                      =      20.8151
NDf                       =           13
Edm                       =  6.32117e-23
NCalls                    =           31
p0                        =       1.0759   +/-   0.070543    
p1                        =      1.30572   +/-   0.0531318   
  [FIT] Found good fit candidate. Best segments so far: 1. Stopping search.
  [FIT] Finalizing with loop variable 'segments' = 1
****************************************
Minimizer is Minuit2 / Migrad
Chi2                      =       21.614
NDf                       =           13
Edm                       =  8.12631e-23
NCalls                    =           31
p0                        =       1.0618   +/-   0.0828749   
p1                        =      1.32469   +/-   0.0650024   
[SUCCESS] Created final fit for L1Inner_Beryllium_NaF_L1QTemplate_EGE_AlphaR_spline with chi2/ndf = 1.60116

[INFO] Starting smart spline fit for: L1Inner_Beryllium_NaF_L2QTemplate_EGE_AlphaR (16 points)
****************************************
Minimizer is Minuit2 / Migrad
Chi2                      =      17.6473
NDf                       =           13
Edm                       =  4.31504e-23
NCalls                    =           31
p0                        =     0.984855   +/-   0.0714739   
p1                        =      1.25231   +/-   0.0685142   
  [FIT] Found good fit candidate. Best segments so far: 1. Stopping search.
  [FIT] Finalizing with loop variable 'segments' = 1
****************************************
Minimizer is Minuit2 / Migrad
Chi2                      =      17.9154
NDf                       =           13
Edm                       =  6.55079e-24
NCalls                    =           31
p0                        =     0.954961   +/-   0.0846367   
p1                        =      1.28124   +/-   0.0810315   
[SUCCESS] Created final fit for L1Inner_Beryllium_NaF_L2QTemplate_EGE_AlphaR_spline with chi2/ndf = 1.35749
begin drawing Beryllium L1Inner NaF EGE_AlphaR
begin drawing Beryllium L1Inner NaF EGE_Chi2NDF

[INFO] Starting smart spline fit for: L1Inner_Beryllium_AGL_L1QTemplate_LG_Width (22 points)
****************************************
Minimizer is Minuit2 / Migrad
Chi2                      =      17.9643
NDf                       =           20
Edm                       =   2.8622e-22
NCalls                    =           31
p0                        =    0.0423234   +/-   0.000629411 
p1                        =    0.0428001   +/-   0.000983013 
  [FIT] Found good fit candidate. Best segments so far: 1. Stopping search.
  [FIT] Finalizing with loop variable 'segments' = 1
****************************************
Minimizer is Minuit2 / Migrad
Chi2                      =      17.9485
NDf                       =           20
Edm                       =  2.54041e-22
NCalls                    =           31
p0                        =    0.0422646   +/-   0.000728968 
p1                        =    0.0428709   +/-   0.0011075   
[SUCCESS] Created final fit for L1Inner_Beryllium_AGL_L1QTemplate_LG_Width_spline with chi2/ndf = 0.898216

[INFO] Starting smart spline fit for: L1Inner_Beryllium_AGL_L2QTemplate_LG_Width (22 points)
****************************************
Minimizer is Minuit2 / Migrad
Chi2                      =      24.9847
NDf                       =           20
Edm                       =  7.97821e-23
NCalls                    =           31
p0                        =    0.0432924   +/-   0.000829749 
p1                        =    0.0438322   +/-   0.0012584   
  [FIT] Found good fit candidate. Best segments so far: 1. Stopping search.
  [FIT] Finalizing with loop variable 'segments' = 1
****************************************
Minimizer is Minuit2 / Migrad
Chi2                      =      25.0346
NDf                       =           20
Edm                       =  1.27101e-23
NCalls                    =           31
p0                        =    0.0433144   +/-   0.000957101 
p1                        =    0.0437636   +/-   0.00141699  
[SUCCESS] Created final fit for L1Inner_Beryllium_AGL_L2QTemplate_LG_Width_spline with chi2/ndf = 1.24924
begin drawing Beryllium L1Inner AGL LG_Width

[INFO] Starting smart spline fit for: L1Inner_Beryllium_AGL_L1QTemplate_LG_MPV (22 points)
****************************************
Minimizer is Minuit2 / Migrad
Chi2                      =      34.7231
NDf                       =           20
Edm                       =  1.32678e-18
NCalls                    =           43
p0                        =      3.92344   +/-   0.000726102 
p1                        =      3.94217   +/-   0.00109332  
  [FIT] Found good fit candidate. Best segments so far: 1. Stopping search.
  [FIT] Finalizing with loop variable 'segments' = 1
****************************************
Minimizer is Minuit2 / Migrad
Chi2                      =      32.2892
NDf                       =           20
Edm                       =  5.24876e-19
NCalls                    =           41
p0                        =      3.92156   +/-   0.000839473 
p1                        =      3.94419   +/-   0.00123233  
[SUCCESS] Created final fit for L1Inner_Beryllium_AGL_L1QTemplate_LG_MPV_spline with chi2/ndf = 1.73615

[INFO] Starting smart spline fit for: L1Inner_Beryllium_AGL_L2QTemplate_LG_MPV (22 points)
****************************************
Minimizer is Minuit2 / Migrad
Chi2                      =      31.3205
NDf                       =           20
Edm                       =  6.52767e-20
NCalls                    =           43
p0                        =       3.9156   +/-   0.000939625 
p1                        =      3.93119   +/-   0.00137978  
  [FIT] Found good fit candidate. Best segments so far: 1. Stopping search.
  [FIT] Finalizing with loop variable 'segments' = 1
****************************************
Minimizer is Minuit2 / Migrad
Chi2                      =      33.2703
NDf                       =           20
Edm                       =  2.43268e-18
NCalls                    =           43
p0                        =      3.91423   +/-   0.00108333  
p1                        =      3.93261   +/-   0.00155758  
[SUCCESS] Created final fit for L1Inner_Beryllium_AGL_L2QTemplate_LG_MPV_spline with chi2/ndf = 1.56602
begin drawing Beryllium L1Inner AGL LG_MPV

[INFO] Starting smart spline fit for: L1Inner_Beryllium_AGL_L1QTemplate_LG_Sigma (22 points)
****************************************
Minimizer is Minuit2 / Migrad
Chi2                      =      25.3493
NDf                       =           20
Edm                       =  3.14732e-22
NCalls                    =           35
p0                        =     0.155771   +/-   0.000833297 
p1                        =     0.148489   +/-   0.00128888  
  [FIT] Found good fit candidate. Best segments so far: 1. Stopping search.
  [FIT] Finalizing with loop variable 'segments' = 1
****************************************
Minimizer is Minuit2 / Migrad
Chi2                      =      25.6887
NDf                       =           20
Edm                       =  5.33576e-23
NCalls                    =           35
p0                        =     0.156452   +/-   0.000966755 
p1                        =     0.147797   +/-   0.0014537   
[SUCCESS] Created final fit for L1Inner_Beryllium_AGL_L1QTemplate_LG_Sigma_spline with chi2/ndf = 1.26747

[INFO] Starting smart spline fit for: L1Inner_Beryllium_AGL_L2QTemplate_LG_Sigma (22 points)
****************************************
Minimizer is Minuit2 / Migrad
Chi2                      =      26.8672
NDf                       =           20
Edm                       =  4.86619e-23
NCalls                    =           35
p0                        =     0.157241   +/-   0.00107548  
p1                        =     0.147619   +/-   0.00165705  
  [FIT] Found good fit candidate. Best segments so far: 1. Stopping search.
  [FIT] Finalizing with loop variable 'segments' = 1
****************************************
Minimizer is Minuit2 / Migrad
Chi2                      =      28.1209
NDf                       =           20
Edm                       =  2.51857e-21
NCalls                    =           35
p0                        =     0.158019   +/-   0.0012449   
p1                        =     0.146901   +/-   0.00186664  
[SUCCESS] Created final fit for L1Inner_Beryllium_AGL_L2QTemplate_LG_Sigma_spline with chi2/ndf = 1.34336
begin drawing Beryllium L1Inner AGL LG_Sigma
begin drawing Beryllium L1Inner AGL LG_Chi2NDF

[INFO] Starting smart spline fit for: L1Inner_Beryllium_AGL_L1QTemplate_EGE_Peak (22 points)
****************************************
Minimizer is Minuit2 / Migrad
Chi2                      =      30.4048
NDf                       =           19
Edm                       =   3.6912e-20
NCalls                    =           41
p0                        =      3.95508   +/-   0.00123502  
p1                        =      3.97449   +/-   0.0023378   
  [FIT] Found good fit candidate. Best segments so far: 1. Stopping search.
  [FIT] Finalizing with loop variable 'segments' = 1
****************************************
Minimizer is Minuit2 / Migrad
Chi2                      =      31.6325
NDf                       =           19
Edm                       =  5.07103e-19
NCalls                    =           41
p0                        =       3.9532   +/-   0.00146166  
p1                        =      3.97628   +/-   0.00263041  
[SUCCESS] Created final fit for L1Inner_Beryllium_AGL_L1QTemplate_EGE_Peak_spline with chi2/ndf = 1.60025

[INFO] Starting smart spline fit for: L1Inner_Beryllium_AGL_L2QTemplate_EGE_Peak (22 points)
****************************************
Minimizer is Minuit2 / Migrad
Chi2                      =       34.724
NDf                       =           20
Edm                       =  1.19748e-18
NCalls                    =           43
p0                        =      3.94861   +/-   0.00167072  
p1                        =      3.96412   +/-   0.00263061  
  [FIT] Found good fit candidate. Best segments so far: 1. Stopping search.
  [FIT] Finalizing with loop variable 'segments' = 1
****************************************
Minimizer is Minuit2 / Migrad
Chi2                      =      37.2583
NDf                       =           20
Edm                       =  1.07582e-17
NCalls                    =           43
p0                        =      3.94774   +/-   0.00191007  
p1                        =      3.96473   +/-   0.00293379  
[SUCCESS] Created final fit for L1Inner_Beryllium_AGL_L2QTemplate_EGE_Peak_spline with chi2/ndf = 1.7362
begin drawing Beryllium L1Inner AGL EGE_Peak

[INFO] Starting smart spline fit for: L1Inner_Beryllium_AGL_L1QTemplate_EGE_SigmaL (22 points)
****************************************
Minimizer is Minuit2 / Migrad
Chi2                      =       29.772
NDf                       =           19
Edm                       =  1.71529e-21
NCalls                    =           35
p0                        =     0.162101   +/-   0.000883244 
p1                        =      0.15627   +/-   0.00155207  
  [FIT] Found good fit candidate. Best segments so far: 1. Stopping search.
  [FIT] Finalizing with loop variable 'segments' = 1
****************************************
Minimizer is Minuit2 / Migrad
Chi2                      =      29.2341
NDf                       =           19
Edm                       =   2.0557e-21
NCalls                    =           35
p0                        =     0.162765   +/-   0.00103706  
p1                        =     0.155508   +/-   0.00174919  
[SUCCESS] Created final fit for L1Inner_Beryllium_AGL_L1QTemplate_EGE_SigmaL_spline with chi2/ndf = 1.56695

[INFO] Starting smart spline fit for: L1Inner_Beryllium_AGL_L2QTemplate_EGE_SigmaL (22 points)
****************************************
Minimizer is Minuit2 / Migrad
Chi2                      =      31.5655
NDf                       =           20
Edm                       =  4.15605e-23
NCalls                    =           35
p0                        =      0.16412   +/-   0.00111932  
p1                        =     0.156727   +/-   0.00184517  
  [FIT] Found good fit candidate. Best segments so far: 1. Stopping search.
  [FIT] Finalizing with loop variable 'segments' = 1
****************************************
Minimizer is Minuit2 / Migrad
Chi2                      =      30.7345
NDf                       =           20
Edm                       =  2.20644e-22
NCalls                    =           35
p0                        =     0.164887   +/-   0.00127924  
p1                        =     0.155806   +/-   0.00204897  
[SUCCESS] Created final fit for L1Inner_Beryllium_AGL_L2QTemplate_EGE_SigmaL_spline with chi2/ndf = 1.57827
begin drawing Beryllium L1Inner AGL EGE_SigmaL

[INFO] Starting smart spline fit for: L1Inner_Beryllium_AGL_L1QTemplate_EGE_SigmaR (22 points)
****************************************
Minimizer is Minuit2 / Migrad
Chi2                      =      36.4653
NDf                       =           19
Edm                       =  6.45414e-22
NCalls                    =           35
p0                        =     0.227903   +/-   0.00147907  
p1                        =     0.223745   +/-   0.00294504  
****************************************
Minimizer is Minuit2 / Migrad
Chi2                      =      30.0298
NDf                       =           18
Edm                       =  3.99084e-12
NCalls                    =           59
p0                        =     0.225472   +/-   0.00176233  
p1                        =     0.228756   +/-   0.00209529  
p2                        =     0.214307   +/-   0.00474484  
  [FIT] Found good fit candidate. Best segments so far: 1. Stopping search.
  [FIT] Finalizing with loop variable 'segments' = 1
****************************************
Minimizer is Minuit2 / Migrad
Chi2                      =      36.8691
NDf                       =           19
Edm                       =  1.05721e-21
NCalls                    =           35
p0                        =     0.228053   +/-   0.00176632  
p1                        =     0.223946   +/-   0.00330353  
[SUCCESS] Created final fit for L1Inner_Beryllium_AGL_L1QTemplate_EGE_SigmaR_spline with chi2/ndf = 1.91923

[INFO] Starting smart spline fit for: L1Inner_Beryllium_AGL_L2QTemplate_EGE_SigmaR (22 points)
****************************************
Minimizer is Minuit2 / Migrad
Chi2                      =      34.5759
NDf                       =           20
Edm                       =    1.361e-23
NCalls                    =           33
p0                        =     0.232161   +/-   0.00205425  
p1                        =     0.219224   +/-   0.00325314  
  [FIT] Found good fit candidate. Best segments so far: 1. Stopping search.
  [FIT] Finalizing with loop variable 'segments' = 1
****************************************
Minimizer is Minuit2 / Migrad
Chi2                      =      36.1809
NDf                       =           20
Edm                       =  1.42454e-22
NCalls                    =           33
p0                        =     0.232828   +/-   0.00237888  
p1                        =     0.218978   +/-   0.0036348   
[SUCCESS] Created final fit for L1Inner_Beryllium_AGL_L2QTemplate_EGE_SigmaR_spline with chi2/ndf = 1.7288
begin drawing Beryllium L1Inner AGL EGE_SigmaR
  [SUCCESS] Wrote constant TF1 'L1Inner_Beryllium_AGL_L1QTemplate_EGE_AlphaL_spline' to file.
  [SUCCESS] Wrote constant TF1 'L1Inner_Beryllium_AGL_L2QTemplate_EGE_AlphaL_spline' to file.
begin drawing Beryllium L1Inner AGL EGE_AlphaL

[INFO] Starting smart spline fit for: L1Inner_Beryllium_AGL_L1QTemplate_EGE_AlphaR (22 points)
****************************************
Minimizer is Minuit2 / Migrad
Chi2                      =      26.6702
NDf                       =           19
Edm                       =  1.22733e-23
NCalls                    =           31
p0                        =      1.26639   +/-   0.016549    
p1                        =      1.25194   +/-   0.0325695   
  [FIT] Found good fit candidate. Best segments so far: 1. Stopping search.
  [FIT] Finalizing with loop variable 'segments' = 1
****************************************
Minimizer is Minuit2 / Migrad
Chi2                      =      26.7595
NDf                       =           19
Edm                       =  1.12065e-22
NCalls                    =           31
p0                        =      1.26525   +/-   0.0195168   
p1                        =      1.25626   +/-   0.0364689   
[SUCCESS] Created final fit for L1Inner_Beryllium_AGL_L1QTemplate_EGE_AlphaR_spline with chi2/ndf = 1.4037

[INFO] Starting smart spline fit for: L1Inner_Beryllium_AGL_L2QTemplate_EGE_AlphaR (22 points)
****************************************
Minimizer is Minuit2 / Migrad
Chi2                      =       35.266
NDf                       =           20
Edm                       =  5.37014e-23
NCalls                    =           31
p0                        =      1.28147   +/-   0.0228877   
p1                        =      1.19408   +/-   0.0351318   
  [FIT] Found good fit candidate. Best segments so far: 1. Stopping search.
  [FIT] Finalizing with loop variable 'segments' = 1
****************************************
Minimizer is Minuit2 / Migrad
Chi2                      =      36.6457
NDf                       =           20
Edm                       =  1.36839e-22
NCalls                    =           31
p0                        =      1.27989   +/-   0.0259687   
p1                        =      1.20165   +/-   0.0390224   
[SUCCESS] Created final fit for L1Inner_Beryllium_AGL_L2QTemplate_EGE_AlphaR_spline with chi2/ndf = 1.7633
begin drawing Beryllium L1Inner AGL EGE_AlphaR
begin drawing Beryllium L1Inner AGL EGE_Chi2NDF

[INFO] Starting smart spline fit for: UnbiasedL1Inner_Beryllium_TOF_L1QTemplate_LG_Width (7 points)
****************************************
Minimizer is Minuit2 / Migrad
Chi2                      =      226.034
NDf                       =            5
Edm                       =  1.03126e-22
NCalls                    =           31
p0                        =    0.0382574   +/-   0.0016494   
p1                        =    0.0576608   +/-   0.000988384 
****************************************
Minimizer is Minuit2 / Migrad
Chi2                      =        9.957
NDf                       =            4
Edm                       =  1.81505e-20
NCalls                    =           61
p0                        =     0.023872   +/-   0.00191787  
p1                        =    0.0757875   +/-   0.0019713   
p2                        =    0.0491447   +/-   0.00114566  
  [FIT] Found good fit candidate. Best segments so far: 2. Stopping search.
  [FIT] Finalizing with loop variable 'segments' = 2
****************************************
Minimizer is Minuit2 / Migrad
Chi2                      =      7.79989
NDf                       =            4
Edm                       =  3.03796e-22
NCalls                    =           53
p0                        =    0.0126481   +/-   0.00245231  
p1                        =    0.0728562   +/-   0.00175332  
p2                        =    0.0437943   +/-   0.00146687  
[SUCCESS] Created final fit for UnbiasedL1Inner_Beryllium_TOF_L1QTemplate_LG_Width_spline with chi2/ndf = 2.48925

[INFO] Starting smart spline fit for: UnbiasedL1Inner_Beryllium_TOF_L2QTemplate_LG_Width (7 points)
****************************************
Minimizer is Minuit2 / Migrad
Chi2                      =       45.853
NDf                       =            5
Edm                       =  7.69755e-23
NCalls                    =           31
p0                        =    0.0302208   +/-   0.00185023  
p1                        =    0.0574517   +/-   0.00114488  
****************************************
Minimizer is Minuit2 / Migrad
Chi2                      =      4.84574
NDf                       =            4
Edm                       =  1.27366e-22
NCalls                    =           59
p0                        =     0.021601   +/-   0.00228807  
p1                        =    0.0589465   +/-   0.00223123  
p2                        =    0.0519736   +/-   0.00142918  
  [FIT] Found good fit candidate. Best segments so far: 2. Stopping search.
  [FIT] Finalizing with loop variable 'segments' = 2
****************************************
Minimizer is Minuit2 / Migrad
Chi2                      =       10.883
NDf                       =            4
Edm                       =  2.70476e-22
NCalls                    =           53
p0                        =    0.0133734   +/-   0.00303233  
p1                        =    0.0568069   +/-   0.00191269  
p2                        =    0.0503592   +/-   0.00191488  
[SUCCESS] Created final fit for UnbiasedL1Inner_Beryllium_TOF_L2QTemplate_LG_Width_spline with chi2/ndf = 1.21143
begin drawing Beryllium UnbiasedL1Inner TOF LG_Width

[INFO] Starting smart spline fit for: UnbiasedL1Inner_Beryllium_TOF_L1QTemplate_LG_MPV (7 points)
****************************************
Minimizer is Minuit2 / Migrad
Chi2                      =      365.815
NDf                       =            5
Edm                       =  9.81144e-18
NCalls                    =           43
p0                        =       3.8782   +/-   0.00158692  
p1                        =      3.90313   +/-   0.000772624 
****************************************
Minimizer is Minuit2 / Migrad
Chi2                      =      11.9967
NDf                       =            4
Edm                       =  2.78587e-18
NCalls                    =           71
p0                        =      3.91224   +/-   0.00240658  
p1                        =      3.87935   +/-   0.000939898 
p2                        =      3.91473   +/-   0.000988567 
****************************************
Minimizer is Minuit2 / Migrad
Chi2                      =     0.414346
NDf                       =            3
Edm                       =  9.96181e-19
NCalls                    =          108
p0                        =      3.91886   +/-   0.00294854  
p1                        =      3.87942   +/-   0.0013035   
p2                        =       3.8906   +/-   0.000924085 
p3                        =      3.91318   +/-   0.00117713  
  [FIT] Found good fit candidate. Best segments so far: 3. Stopping search.
  [FIT] Finalizing with loop variable 'segments' = 3
****************************************
Minimizer is Minuit2 / Migrad
Chi2                      =      6.03908
NDf                       =            3
Edm                       =  1.24589e-18
NCalls                    =          102
p0                        =      3.93332   +/-   0.00398475  
p1                        =      3.87899   +/-   0.00127424  
p2                        =      3.89114   +/-   0.000868646 
p3                        =      3.91776   +/-   0.00161059  
[SUCCESS] Created final fit for UnbiasedL1Inner_Beryllium_TOF_L1QTemplate_LG_MPV_spline with chi2/ndf = 0.138115

[INFO] Starting smart spline fit for: UnbiasedL1Inner_Beryllium_TOF_L2QTemplate_LG_MPV (7 points)
****************************************
Minimizer is Minuit2 / Migrad
Chi2                      =      161.667
NDf                       =            5
Edm                       =  1.12547e-18
NCalls                    =           43
p0                        =      3.92404   +/-   0.00218105  
p1                        =      3.90027   +/-   0.00100873  
****************************************
Minimizer is Minuit2 / Migrad
Chi2                      =      2.86452
NDf                       =            4
Edm                       =  1.30022e-18
NCalls                    =           79
p0                        =      3.95086   +/-   0.00304699  
p1                        =      3.89788   +/-   0.00131807  
p2                        =      3.91019   +/-   0.0012795   
  [FIT] Found good fit candidate. Best segments so far: 2. Stopping search.
  [FIT] Finalizing with loop variable 'segments' = 2
****************************************
Minimizer is Minuit2 / Migrad
Chi2                      =      4.57112
NDf                       =            4
Edm                       =  4.10757e-18
NCalls                    =           77
p0                        =      3.96489   +/-   0.00393946  
p1                        =      3.89927   +/-   0.00120478  
p2                        =      3.91391   +/-   0.00169159  
[SUCCESS] Created final fit for UnbiasedL1Inner_Beryllium_TOF_L2QTemplate_LG_MPV_spline with chi2/ndf = 0.716131
begin drawing Beryllium UnbiasedL1Inner TOF LG_MPV

[INFO] Starting smart spline fit for: UnbiasedL1Inner_Beryllium_TOF_L1QTemplate_LG_Sigma (7 points)
****************************************
Minimizer is Minuit2 / Migrad
Chi2                      =      108.788
NDf                       =            5
Edm                       =  5.30074e-22
NCalls                    =           31
p0                        =     0.173284   +/-   0.00208521  
p1                        =     0.136402   +/-   0.00142441  
****************************************
Minimizer is Minuit2 / Migrad
Chi2                      =      34.2832
NDf                       =            4
Edm                       =  1.71145e-21
NCalls                    =           53
p0                        =      0.18331   +/-   0.00238691  
p1                        =     0.125798   +/-   0.00324258  
p2                        =     0.142488   +/-   0.00158936  
****************************************
Minimizer is Minuit2 / Migrad
Chi2                      =      5.12972
NDf                       =            3
Edm                       =  1.31904e-21
NCalls                    =           82
p0                        =      0.17739   +/-   0.00268608  
p1                        =     0.152582   +/-   0.00388672  
p2                        =     0.114475   +/-   0.00331229  
p3                        =     0.146536   +/-   0.00175266  
  [FIT] Found good fit candidate. Best segments so far: 3. Stopping search.
  [FIT] Finalizing with loop variable 'segments' = 3
****************************************
Minimizer is Minuit2 / Migrad
Chi2                      =      4.41911
NDf                       =            3
Edm                       =  2.75159e-21
NCalls                    =           80
p0                        =     0.179624   +/-   0.00413321  
p1                        =     0.152588   +/-   0.00367792  
p2                        =     0.116253   +/-   0.0030739   
p3                        =     0.155603   +/-   0.00254689  
[SUCCESS] Created final fit for UnbiasedL1Inner_Beryllium_TOF_L1QTemplate_LG_Sigma_spline with chi2/ndf = 1.70991

[INFO] Starting smart spline fit for: UnbiasedL1Inner_Beryllium_TOF_L2QTemplate_LG_Sigma (7 points)
****************************************
Minimizer is Minuit2 / Migrad
Chi2                      =      39.2106
NDf                       =            5
Edm                       =  1.99281e-21
NCalls                    =           33
p0                        =     0.171022   +/-   0.00226128  
p1                        =     0.135557   +/-   0.0016064   
****************************************
Minimizer is Minuit2 / Migrad
Chi2                      =      37.2244
NDf                       =            4
Edm                       =  3.05439e-21
NCalls                    =           53
p0                        =     0.173402   +/-   0.00282257  
p1                        =     0.146414   +/-   0.00320619  
p2                        =     0.137152   +/-   0.00196474  
****************************************
Minimizer is Minuit2 / Migrad
Chi2                      =      3.17725
NDf                       =            3
Edm                       =  3.85652e-20
NCalls                    =           86
p0                        =     0.162748   +/-   0.00340828  
p1                        =      0.16848   +/-   0.00359752  
p2                        =     0.129243   +/-   0.00306878  
p3                        =     0.144569   +/-   0.00235846  
  [FIT] Found good fit candidate. Best segments so far: 3. Stopping search.
  [FIT] Finalizing with loop variable 'segments' = 3
****************************************
Minimizer is Minuit2 / Migrad
Chi2                      =      1.70864
NDf                       =            3
Edm                       =  5.75656e-22
NCalls                    =           82
p0                        =     0.157366   +/-   0.00498994  
p1                        =     0.167105   +/-   0.0032183   
p2                        =     0.131217   +/-   0.0026855   
p3                        =     0.150289   +/-   0.00329353  
[SUCCESS] Created final fit for UnbiasedL1Inner_Beryllium_TOF_L2QTemplate_LG_Sigma_spline with chi2/ndf = 1.05908
begin drawing Beryllium UnbiasedL1Inner TOF LG_Sigma
begin drawing Beryllium UnbiasedL1Inner TOF LG_Chi2NDF

[INFO] Starting smart spline fit for: UnbiasedL1Inner_Beryllium_TOF_L1QTemplate_EGE_Peak (7 points)
****************************************
Minimizer is Minuit2 / Migrad
Chi2                      =      316.119
NDf                       =            5
Edm                       =  3.17346e-20
NCalls                    =           39
p0                        =      3.90828   +/-   0.002492    
p1                        =       3.9296   +/-   0.00196002  
****************************************
Minimizer is Minuit2 / Migrad
Chi2                      =      7.02547
NDf                       =            4
Edm                       =  1.28343e-10
NCalls                    =           77
p0                        =      3.94912   +/-   0.00340679  
p1                        =      3.89104   +/-   0.00208831  
p2                        =      3.95303   +/-   0.0023701   
  [FIT] Found good fit candidate. Best segments so far: 2. Stopping search.
  [FIT] Finalizing with loop variable 'segments' = 2
****************************************
Minimizer is Minuit2 / Migrad
Chi2                      =      1.77005
NDf                       =            4
Edm                       =  1.28191e-18
NCalls                    =           71
p0                        =      3.96597   +/-   0.0045264   
p1                        =      3.89403   +/-   0.001939    
p2                        =       3.9658   +/-   0.00292759  
[SUCCESS] Created final fit for UnbiasedL1Inner_Beryllium_TOF_L1QTemplate_EGE_Peak_spline with chi2/ndf = 1.75637

[INFO] Starting smart spline fit for: UnbiasedL1Inner_Beryllium_TOF_L2QTemplate_EGE_Peak (7 points)
****************************************
Minimizer is Minuit2 / Migrad
Chi2                      =      118.961
NDf                       =            5
Edm                       =  1.22945e-18
NCalls                    =           41
p0                        =       3.9537   +/-   0.0033492   
p1                        =      3.91926   +/-   0.00238561  
****************************************
Minimizer is Minuit2 / Migrad
Chi2                      =      3.11595
NDf                       =            4
Edm                       =   7.7129e-19
NCalls                    =           71
p0                        =      3.98918   +/-   0.00469912  
p1                        =      3.91472   +/-   0.00229988  
p2                        =      3.94532   +/-   0.00339886  
  [FIT] Found good fit candidate. Best segments so far: 2. Stopping search.
  [FIT] Finalizing with loop variable 'segments' = 2
****************************************
Minimizer is Minuit2 / Migrad
Chi2                      =      2.29213
NDf                       =            4
Edm                       =  3.23031e-18
NCalls                    =           65
p0                        =      4.01115   +/-   0.00629963  
p1                        =       3.9175   +/-   0.00210244  
p2                        =      3.95307   +/-   0.00447795  
[SUCCESS] Created final fit for UnbiasedL1Inner_Beryllium_TOF_L2QTemplate_EGE_Peak_spline with chi2/ndf = 0.778987
begin drawing Beryllium UnbiasedL1Inner TOF EGE_Peak

[INFO] Starting smart spline fit for: UnbiasedL1Inner_Beryllium_TOF_L1QTemplate_EGE_SigmaL (7 points)
****************************************
Minimizer is Minuit2 / Migrad
Chi2                      =      241.053
NDf                       =            5
Edm                       =  2.36313e-21
NCalls                    =           31
p0                        =     0.159292   +/-   0.00170474  
p1                        =     0.146021   +/-   0.00141775  
****************************************
Minimizer is Minuit2 / Migrad
Chi2                      =      16.7647
NDf                       =            4
Edm                       =  1.64827e-07
NCalls                    =           58
p0                        =     0.183648   +/-   0.00235603  
p1                        =     0.133788   +/-   0.00148416  
p2                        =     0.158735   +/-   0.00165248  
****************************************
Minimizer is Minuit2 / Migrad
Chi2                      =      7.65628
NDf                       =            3
Edm                       =  1.24774e-22
NCalls                    =           84
p0                        =     0.180861   +/-   0.00282626  
p1                        =     0.145732   +/-   0.00168611  
p2                        =     0.132937   +/-   0.00218297  
p3                        =     0.161002   +/-   0.00181383  
  [FIT] Found good fit candidate. Best segments so far: 3. Stopping search.
  [FIT] Finalizing with loop variable 'segments' = 3
****************************************
Minimizer is Minuit2 / Migrad
Chi2                      =      4.40133
NDf                       =            3
Edm                       =  1.40139e-20
NCalls                    =           86
p0                        =     0.189301   +/-   0.0039897   
p1                        =      0.14611   +/-   0.0016038   
p2                        =     0.131919   +/-   0.00211618  
p3                        =     0.169094   +/-   0.00242862  
[SUCCESS] Created final fit for UnbiasedL1Inner_Beryllium_TOF_L1QTemplate_EGE_SigmaL_spline with chi2/ndf = 2.55209

[INFO] Starting smart spline fit for: UnbiasedL1Inner_Beryllium_TOF_L2QTemplate_EGE_SigmaL (7 points)
****************************************
Minimizer is Minuit2 / Migrad
Chi2                      =      45.3174
NDf                       =            5
Edm                       =  2.84185e-21
NCalls                    =           33
p0                        =     0.165721   +/-   0.00249839  
p1                        =     0.139657   +/-   0.00168138  
****************************************
Minimizer is Minuit2 / Migrad
Chi2                      =      5.19101
NDf                       =            4
Edm                       =  4.94223e-22
NCalls                    =           53
p0                        =     0.182375   +/-   0.00362677  
p1                        =     0.142811   +/-   0.00162203  
p2                        =     0.150966   +/-   0.00245237  
  [FIT] Found good fit candidate. Best segments so far: 2. Stopping search.
  [FIT] Finalizing with loop variable 'segments' = 2
****************************************
Minimizer is Minuit2 / Migrad
Chi2                      =      10.0677
NDf                       =            4
Edm                       =  2.56965e-22
NCalls                    =           53
p0                        =     0.193566   +/-   0.00495578  
p1                        =     0.144022   +/-   0.00149142  
p2                        =     0.153491   +/-   0.00335531  
[SUCCESS] Created final fit for UnbiasedL1Inner_Beryllium_TOF_L2QTemplate_EGE_SigmaL_spline with chi2/ndf = 1.29775
begin drawing Beryllium UnbiasedL1Inner TOF EGE_SigmaL

[INFO] Starting smart spline fit for: UnbiasedL1Inner_Beryllium_TOF_L1QTemplate_EGE_SigmaR (7 points)
****************************************
Minimizer is Minuit2 / Migrad
Chi2                      =      175.326
NDf                       =            5
Edm                       =  4.43288e-21
NCalls                    =           31
p0                        =      0.25977   +/-   0.00263851  
p1                        =      0.23959   +/-   0.00272643  
****************************************
Minimizer is Minuit2 / Migrad
Chi2                      =      10.2756
NDf                       =            4
Edm                       =  1.21717e-20
NCalls                    =           63
p0                        =     0.229718   +/-   0.0035261   
p1                        =     0.272374   +/-   0.00242866  
p2                        =     0.210929   +/-   0.00352285  
****************************************
Minimizer is Minuit2 / Migrad
Chi2                      =      6.13769
NDf                       =            3
Edm                       =  2.90443e-07
NCalls                    =           89
p0                        =     0.224777   +/-   0.00427079  
p1                        =     0.273112   +/-   0.0027216   
p2                        =     0.252007   +/-   0.00335376  
p3                        =     0.212953   +/-   0.00414745  
  [FIT] Found good fit candidate. Best segments so far: 3. Stopping search.
  [FIT] Finalizing with loop variable 'segments' = 3
****************************************
Minimizer is Minuit2 / Migrad
Chi2                      =      3.93434
NDf                       =            3
Edm                       =  2.05544e-06
NCalls                    =           90
p0                        =     0.208564   +/-   0.00609283  
p1                        =     0.271798   +/-   0.00255245  
p2                        =     0.253612   +/-   0.00321033  
p3                        =     0.202023   +/-   0.00552279  
[SUCCESS] Created final fit for UnbiasedL1Inner_Beryllium_TOF_L1QTemplate_EGE_SigmaR_spline with chi2/ndf = 2.0459

[INFO] Starting smart spline fit for: UnbiasedL1Inner_Beryllium_TOF_L2QTemplate_EGE_SigmaR (7 points)
****************************************
Minimizer is Minuit2 / Migrad
Chi2                      =      116.951
NDf                       =            5
Edm                       =    8.629e-22
NCalls                    =           31
p0                        =     0.245782   +/-   0.00336947  
p1                        =      0.24639   +/-   0.00314607  
****************************************
Minimizer is Minuit2 / Migrad
Chi2                      =      13.6251
NDf                       =            4
Edm                       =  8.38972e-21
NCalls                    =           61
p0                        =     0.207808   +/-   0.00503087  
p1                        =     0.265012   +/-   0.00247916  
p2                        =     0.210887   +/-   0.00470073  
****************************************
Minimizer is Minuit2 / Migrad
Chi2                      =      2.12105
NDf                       =            3
Edm                       =  9.26137e-09
NCalls                    =           91
p0                        =     0.193531   +/-   0.00639438  
p1                        =     0.263456   +/-   0.00274697  
p2                        =     0.245721   +/-   0.00288934  
p3                        =     0.221091   +/-   0.0060418   
  [FIT] Found good fit candidate. Best segments so far: 3. Stopping search.
  [FIT] Finalizing with loop variable 'segments' = 3
****************************************
Minimizer is Minuit2 / Migrad
Chi2                      =      1.22498
NDf                       =            3
Edm                       =  3.02988e-10
NCalls                    =           92
p0                        =     0.165968   +/-   0.00917286  
p1                        =     0.262542   +/-   0.0026306   
p2                        =     0.246285   +/-   0.00282397  
p3                        =     0.215027   +/-   0.00807554  
[SUCCESS] Created final fit for UnbiasedL1Inner_Beryllium_TOF_L2QTemplate_EGE_SigmaR_spline with chi2/ndf = 0.707018
begin drawing Beryllium UnbiasedL1Inner TOF EGE_SigmaR
  [SUCCESS] Wrote constant TF1 'UnbiasedL1Inner_Beryllium_TOF_L1QTemplate_EGE_AlphaL_spline' to file.
  [SUCCESS] Wrote constant TF1 'UnbiasedL1Inner_Beryllium_TOF_L2QTemplate_EGE_AlphaL_spline' to file.
begin drawing Beryllium UnbiasedL1Inner TOF EGE_AlphaL

[INFO] Starting smart spline fit for: UnbiasedL1Inner_Beryllium_TOF_L1QTemplate_EGE_AlphaR (7 points)
****************************************
Minimizer is Minuit2 / Migrad
Chi2                      =       15.728
NDf                       =            5
Edm                       =  5.63801e-23
NCalls                    =           31
p0                        =      1.73892   +/-   0.0614444   
p1                        =      1.10933   +/-   0.0262877   
****************************************
Minimizer is Minuit2 / Migrad
Chi2                      =      7.12418
NDf                       =            4
Edm                       =  2.29892e-09
NCalls                    =           58
p0                        =      1.59599   +/-   0.0784207   
p1                        =      1.47001   +/-   0.0408759   
p2                        =      1.05912   +/-   0.0313699   
  [FIT] Found good fit candidate. Best segments so far: 2. Stopping search.
  [FIT] Finalizing with loop variable 'segments' = 2
****************************************
Minimizer is Minuit2 / Migrad
Chi2                      =      8.40872
NDf                       =            4
Edm                       =   3.6941e-23
NCalls                    =           53
p0                        =      1.61198   +/-   0.0976074   
p1                        =      1.44831   +/-   0.0374579   
p2                        =     0.988887   +/-   0.0402063   
[SUCCESS] Created final fit for UnbiasedL1Inner_Beryllium_TOF_L1QTemplate_EGE_AlphaR_spline with chi2/ndf = 1.78104

[INFO] Starting smart spline fit for: UnbiasedL1Inner_Beryllium_TOF_L2QTemplate_EGE_AlphaR (7 points)
****************************************
Minimizer is Minuit2 / Migrad
Chi2                      =      42.6241
NDf                       =            5
Edm                       =  1.06393e-22
NCalls                    =           31
p0                        =      1.57407   +/-   0.0621697   
p1                        =        1.162   +/-   0.0319973   
****************************************
Minimizer is Minuit2 / Migrad
Chi2                      =      17.3367
NDf                       =            4
Edm                       =  9.89009e-23
NCalls                    =           53
p0                        =      1.35958   +/-   0.0753941   
p1                        =      1.52933   +/-   0.0463378   
p2                        =      1.00327   +/-   0.044946    
****************************************
Minimizer is Minuit2 / Migrad
Chi2                      =      1.60907
NDf                       =            3
Edm                       =  3.43479e-21
NCalls                    =           84
p0                        =      1.18951   +/-   0.0865973   
p1                        =      1.81589   +/-   0.0783519   
p2                        =      1.28319   +/-   0.0376525   
p3                        =      1.11375   +/-   0.0546126   
  [FIT] Found good fit candidate. Best segments so far: 3. Stopping search.
  [FIT] Finalizing with loop variable 'segments' = 3
****************************************
Minimizer is Minuit2 / Migrad
Chi2                      =      1.23045
NDf                       =            3
Edm                       =  7.68516e-24
NCalls                    =           80
p0                        =     0.944058   +/-   0.122131    
p1                        =       1.8083   +/-   0.0747907   
p2                        =      1.28369   +/-   0.0353229   
p3                        =      1.11312   +/-   0.075765    
[SUCCESS] Created final fit for UnbiasedL1Inner_Beryllium_TOF_L2QTemplate_EGE_AlphaR_spline with chi2/ndf = 0.536356
begin drawing Beryllium UnbiasedL1Inner TOF EGE_AlphaR
begin drawing Beryllium UnbiasedL1Inner TOF EGE_Chi2NDF

[INFO] Starting smart spline fit for: UnbiasedL1Inner_Beryllium_NaF_L1QTemplate_LG_Width (16 points)
****************************************
Minimizer is Minuit2 / Migrad
Chi2                      =      12.1492
NDf                       =           14
Edm                       =  1.07323e-22
NCalls                    =           31
p0                        =    0.0586666   +/-   0.00172045  
p1                        =    0.0397359   +/-   0.00159679  
  [FIT] Found good fit candidate. Best segments so far: 1. Stopping search.
  [FIT] Finalizing with loop variable 'segments' = 1
****************************************
Minimizer is Minuit2 / Migrad
Chi2                      =      12.5622
NDf                       =           14
Edm                       =  5.10228e-22
NCalls                    =           31
p0                        =      0.06082   +/-   0.00200348  
p1                        =    0.0375474   +/-   0.00187692  
[SUCCESS] Created final fit for UnbiasedL1Inner_Beryllium_NaF_L1QTemplate_LG_Width_spline with chi2/ndf = 0.867803

[INFO] Starting smart spline fit for: UnbiasedL1Inner_Beryllium_NaF_L2QTemplate_LG_Width (16 points)
****************************************
Minimizer is Minuit2 / Migrad
Chi2                      =      28.2942
NDf                       =           14
Edm                       =  1.03717e-22
NCalls                    =           31
p0                        =    0.0575028   +/-   0.00227849  
p1                        =    0.0372209   +/-   0.00206641  
****************************************
Minimizer is Minuit2 / Migrad
Chi2                      =      25.4071
NDf                       =           13
Edm                       =  2.02939e-12
NCalls                    =           59
p0                        =    0.0605111   +/-   0.00288553  
p1                        =    0.0418531   +/-   0.00200642  
p2                        =    0.0406166   +/-   0.00287471  
  [FIT] Found good fit candidate. Best segments so far: 1. Stopping search.
  [FIT] Finalizing with loop variable 'segments' = 1
****************************************
Minimizer is Minuit2 / Migrad
Chi2                      =      31.0533
NDf                       =           14
Edm                       =  1.12031e-22
NCalls                    =           31
p0                        =     0.059171   +/-   0.00262409  
p1                        =    0.0354594   +/-   0.00240466  
[SUCCESS] Created final fit for UnbiasedL1Inner_Beryllium_NaF_L2QTemplate_LG_Width_spline with chi2/ndf = 2.02101
begin drawing Beryllium UnbiasedL1Inner NaF LG_Width

[INFO] Starting smart spline fit for: UnbiasedL1Inner_Beryllium_NaF_L1QTemplate_LG_MPV (16 points)
****************************************
Minimizer is Minuit2 / Migrad
Chi2                      =      39.1296
NDf                       =           14
Edm                       =  2.32656e-18
NCalls                    =           43
p0                        =      3.89867   +/-   0.001544    
p1                        =        3.925   +/-   0.00172844  
****************************************
Minimizer is Minuit2 / Migrad
Chi2                      =      31.9447
NDf                       =           13
Edm                       =  2.41921e-07
NCalls                    =           71
p0                        =      3.89561   +/-   0.00192046  
p1                        =      3.91843   +/-   0.00148589  
p2                        =      3.92026   +/-   0.00247093  
  [FIT] Found good fit candidate. Best segments so far: 1. Stopping search.
  [FIT] Finalizing with loop variable 'segments' = 1
****************************************
Minimizer is Minuit2 / Migrad
Chi2                      =      30.9189
NDf                       =           14
Edm                       =  3.94262e-19
NCalls                    =           43
p0                        =      3.89521   +/-   0.00178811  
p1                        =      3.92859   +/-   0.00198591  
[SUCCESS] Created final fit for UnbiasedL1Inner_Beryllium_NaF_L1QTemplate_LG_MPV_spline with chi2/ndf = 2.79497

[INFO] Starting smart spline fit for: UnbiasedL1Inner_Beryllium_NaF_L2QTemplate_LG_MPV (16 points)
****************************************
Minimizer is Minuit2 / Migrad
Chi2                      =      32.9729
NDf                       =           14
Edm                       =  2.96429e-21
NCalls                    =           41
p0                        =      3.89787   +/-   0.00207372  
p1                        =      3.91082   +/-   0.00233457  
****************************************
Minimizer is Minuit2 / Migrad
Chi2                      =      32.9301
NDf                       =           13
Edm                       =  5.29388e-09
NCalls                    =           71
p0                        =      3.89752   +/-   0.00265829  
p1                        =      3.90649   +/-   0.00207027  
p2                        =      3.91038   +/-   0.0031397   
****************************************
Minimizer is Minuit2 / Migrad
Chi2                      =      30.9566
NDf                       =           12
Edm                       =  5.47254e-08
NCalls                    =           98
p0                        =      3.89979   +/-   0.00316261  
p1                        =      3.90087   +/-   0.002217    
p2                        =       3.9114   +/-   0.00285224  
p3                        =      3.90738   +/-   0.00383271  
  [FIT] Found good fit candidate. Best segments so far: 2. Stopping search.
  [FIT] Finalizing with loop variable 'segments' = 2
****************************************
Minimizer is Minuit2 / Migrad
Chi2                      =      33.5288
NDf                       =           13
Edm                       =  1.43507e-05
NCalls                    =           65
p0                        =       3.8964   +/-   0.00349462  
p1                        =      3.90585   +/-   0.00187617  
p2                        =      3.91179   +/-   0.00390276  
[SUCCESS] Created final fit for UnbiasedL1Inner_Beryllium_NaF_L2QTemplate_LG_MPV_spline with chi2/ndf = 2.53309
begin drawing Beryllium UnbiasedL1Inner NaF LG_MPV

[INFO] Starting smart spline fit for: UnbiasedL1Inner_Beryllium_NaF_L1QTemplate_LG_Sigma (16 points)
****************************************
Minimizer is Minuit2 / Migrad
Chi2                      =      14.9133
NDf                       =           14
Edm                       =  6.26956e-22
NCalls                    =           31
p0                        =     0.129636   +/-   0.00244148  
p1                        =     0.162173   +/-   0.00207791  
  [FIT] Found good fit candidate. Best segments so far: 1. Stopping search.
  [FIT] Finalizing with loop variable 'segments' = 1
****************************************
Minimizer is Minuit2 / Migrad
Chi2                      =      15.1779
NDf                       =           14
Edm                       =  1.38586e-21
NCalls                    =           31
p0                        =     0.125902   +/-   0.00283372  
p1                        =     0.165966   +/-   0.00245597  
[SUCCESS] Created final fit for UnbiasedL1Inner_Beryllium_NaF_L1QTemplate_LG_Sigma_spline with chi2/ndf = 1.06523

[INFO] Starting smart spline fit for: UnbiasedL1Inner_Beryllium_NaF_L2QTemplate_LG_Sigma (16 points)
****************************************
Minimizer is Minuit2 / Migrad
Chi2                      =      37.0839
NDf                       =           14
Edm                       =  5.01832e-23
NCalls                    =           31
p0                        =     0.133928   +/-   0.00308467  
p1                        =     0.168904   +/-   0.00266868  
****************************************
Minimizer is Minuit2 / Migrad
Chi2                      =      31.0463
NDf                       =           13
Edm                       =  4.42707e-22
NCalls                    =           59
p0                        =     0.127832   +/-   0.00395867  
p1                        =     0.161199   +/-   0.00255802  
p2                        =     0.162429   +/-   0.00375044  
  [FIT] Found good fit candidate. Best segments so far: 1. Stopping search.
  [FIT] Finalizing with loop variable 'segments' = 1
****************************************
Minimizer is Minuit2 / Migrad
Chi2                      =      42.1842
NDf                       =           14
Edm                       =  2.79082e-22
NCalls                    =           31
p0                        =     0.131136   +/-   0.00355789  
p1                        =     0.171961   +/-   0.00312947  
[SUCCESS] Created final fit for UnbiasedL1Inner_Beryllium_NaF_L2QTemplate_LG_Sigma_spline with chi2/ndf = 2.64885
begin drawing Beryllium UnbiasedL1Inner NaF LG_Sigma
begin drawing Beryllium UnbiasedL1Inner NaF LG_Chi2NDF

[INFO] Starting smart spline fit for: UnbiasedL1Inner_Beryllium_NaF_L1QTemplate_EGE_Peak (16 points)
****************************************
Minimizer is Minuit2 / Migrad
Chi2                      =       37.226
NDf                       =           12
Edm                       =  1.27505e-18
NCalls                    =           41
p0                        =      3.92726   +/-   0.00405917  
p1                        =      3.95911   +/-   0.00341403  
****************************************
Minimizer is Minuit2 / Migrad
Chi2                      =      25.1115
NDf                       =           11
Edm                       =  2.42631e-07
NCalls                    =           65
p0                        =      3.91649   +/-   0.00510452  
p1                        =      3.95558   +/-   0.00306961  
p2                        =      3.94668   +/-   0.00494169  
  [FIT] Found good fit candidate. Best segments so far: 2. Stopping search.
  [FIT] Finalizing with loop variable 'segments' = 2
****************************************
Minimizer is Minuit2 / Migrad
Chi2                      =      18.1741
NDf                       =           11
Edm                       =  9.53669e-07
NCalls                    =           65
p0                        =      3.90573   +/-   0.00631422  
p1                        =      3.95468   +/-   0.00279576  
p2                        =      3.94588   +/-   0.00604485  
[SUCCESS] Created final fit for UnbiasedL1Inner_Beryllium_NaF_L1QTemplate_EGE_Peak_spline with chi2/ndf = 2.28287

[INFO] Starting smart spline fit for: UnbiasedL1Inner_Beryllium_NaF_L2QTemplate_EGE_Peak (16 points)
****************************************
Minimizer is Minuit2 / Migrad
Chi2                      =      29.5657
NDf                       =           13
Edm                       =  6.08903e-20
NCalls                    =           41
p0                        =       3.9374   +/-   0.00505638  
p1                        =      3.95412   +/-   0.00428061  
****************************************
Minimizer is Minuit2 / Migrad
Chi2                      =      15.5945
NDf                       =           12
Edm                       =   2.2194e-09
NCalls                    =           64
p0                        =      3.92205   +/-   0.00651321  
p1                        =      3.95907   +/-   0.00392655  
p2                        =      3.93944   +/-   0.00580811  
  [FIT] Found good fit candidate. Best segments so far: 2. Stopping search.
  [FIT] Finalizing with loop variable 'segments' = 2
****************************************
Minimizer is Minuit2 / Migrad
Chi2                      =      16.1657
NDf                       =           12
Edm                       =  5.61266e-09
NCalls                    =           65
p0                        =      3.91419   +/-   0.00824534  
p1                        =      3.95697   +/-   0.00360035  
p2                        =       3.9368   +/-   0.00711526  
[SUCCESS] Created final fit for UnbiasedL1Inner_Beryllium_NaF_L2QTemplate_EGE_Peak_spline with chi2/ndf = 1.29954
begin drawing Beryllium UnbiasedL1Inner NaF EGE_Peak

[INFO] Starting smart spline fit for: UnbiasedL1Inner_Beryllium_NaF_L1QTemplate_EGE_SigmaL (16 points)
****************************************
Minimizer is Minuit2 / Migrad
Chi2                      =      23.6317
NDf                       =           12
Edm                       =  6.36579e-22
NCalls                    =           31
p0                        =     0.145439   +/-   0.0027647   
p1                        =     0.167494   +/-   0.00227119  
****************************************
Minimizer is Minuit2 / Migrad
Chi2                      =      12.4428
NDf                       =           11
Edm                       =  1.49929e-22
NCalls                    =           53
p0                        =     0.138346   +/-   0.00348434  
p1                        =     0.164625   +/-   0.00204283  
p2                        =     0.159655   +/-   0.00326347  
  [FIT] Found good fit candidate. Best segments so far: 2. Stopping search.
  [FIT] Finalizing with loop variable 'segments' = 2
****************************************
Minimizer is Minuit2 / Migrad
Chi2                      =      9.36878
NDf                       =           11
Edm                       =  4.00832e-22
NCalls                    =           53
p0                        =     0.132311   +/-   0.00429794  
p1                        =     0.163789   +/-   0.00186519  
p2                        =     0.159244   +/-   0.00399176  
[SUCCESS] Created final fit for UnbiasedL1Inner_Beryllium_NaF_L1QTemplate_EGE_SigmaL_spline with chi2/ndf = 1.13116

[INFO] Starting smart spline fit for: UnbiasedL1Inner_Beryllium_NaF_L2QTemplate_EGE_SigmaL (16 points)
****************************************
Minimizer is Minuit2 / Migrad
Chi2                      =      37.2234
NDf                       =           13
Edm                       =  2.57359e-22
NCalls                    =           31
p0                        =     0.155671   +/-   0.00348921  
p1                        =     0.176749   +/-   0.00294934  
****************************************
Minimizer is Minuit2 / Migrad
Chi2                      =      15.0503
NDf                       =           12
Edm                       =  3.05694e-07
NCalls                    =           58
p0                        =     0.142415   +/-   0.00448343  
p1                        =     0.178607   +/-   0.0026897   
p2                        =     0.163918   +/-   0.0040158   
  [FIT] Found good fit candidate. Best segments so far: 2. Stopping search.
  [FIT] Finalizing with loop variable 'segments' = 2
****************************************
Minimizer is Minuit2 / Migrad
Chi2                      =      16.6039
NDf                       =           12
Edm                       =  2.24534e-06
NCalls                    =           52
p0                        =     0.135246   +/-   0.00566924  
p1                        =     0.176758   +/-   0.00246956  
p2                        =     0.161449   +/-   0.00491113  
[SUCCESS] Created final fit for UnbiasedL1Inner_Beryllium_NaF_L2QTemplate_EGE_SigmaL_spline with chi2/ndf = 1.25419
begin drawing Beryllium UnbiasedL1Inner NaF EGE_SigmaL

[INFO] Starting smart spline fit for: UnbiasedL1Inner_Beryllium_NaF_L1QTemplate_EGE_SigmaR (16 points)
****************************************
Minimizer is Minuit2 / Migrad
Chi2                      =      25.2861
NDf                       =           12
Edm                       =    4.706e-22
NCalls                    =           31
p0                        =      0.23112   +/-   0.00597641  
p1                        =      0.23076   +/-   0.00446475  
****************************************
Minimizer is Minuit2 / Migrad
Chi2                      =      17.8829
NDf                       =           11
Edm                       =  2.12156e-23
NCalls                    =           53
p0                        =     0.243101   +/-   0.00742355  
p1                        =     0.222559   +/-   0.00412062  
p2                        =     0.244291   +/-   0.0066833   
  [FIT] Found good fit candidate. Best segments so far: 1. Stopping search.
  [FIT] Finalizing with loop variable 'segments' = 1
****************************************
Minimizer is Minuit2 / Migrad
Chi2                      =      25.2433
NDf                       =           12
Edm                       =  5.83589e-23
NCalls                    =           31
p0                        =     0.232201   +/-   0.00673057  
p1                        =     0.229942   +/-   0.00531432  
[SUCCESS] Created final fit for UnbiasedL1Inner_Beryllium_NaF_L1QTemplate_EGE_SigmaR_spline with chi2/ndf = 2.10717

[INFO] Starting smart spline fit for: UnbiasedL1Inner_Beryllium_NaF_L2QTemplate_EGE_SigmaR (16 points)
****************************************
Minimizer is Minuit2 / Migrad
Chi2                      =      26.3925
NDf                       =           13
Edm                       =  4.64585e-23
NCalls                    =           31
p0                        =     0.222043   +/-   0.00727932  
p1                        =      0.22869   +/-   0.00500489  
****************************************
Minimizer is Minuit2 / Migrad
Chi2                      =      16.4929
NDf                       =           12
Edm                       =  7.26802e-23
NCalls                    =           53
p0                        =     0.237741   +/-   0.00882511  
p1                        =     0.212132   +/-   0.0056159   
p2                        =     0.244005   +/-   0.0069815   
  [FIT] Found good fit candidate. Best segments so far: 2. Stopping search.
  [FIT] Finalizing with loop variable 'segments' = 2
****************************************
Minimizer is Minuit2 / Migrad
Chi2                      =      17.2755
NDf                       =           12
Edm                       =  1.96805e-22
NCalls                    =           53
p0                        =     0.243693   +/-   0.0107358   
p1                        =     0.214743   +/-   0.00504621  
p2                        =     0.248007   +/-   0.0085604   
[SUCCESS] Created final fit for UnbiasedL1Inner_Beryllium_NaF_L2QTemplate_EGE_SigmaR_spline with chi2/ndf = 1.37441
begin drawing Beryllium UnbiasedL1Inner NaF EGE_SigmaR
  [SUCCESS] Wrote constant TF1 'UnbiasedL1Inner_Beryllium_NaF_L1QTemplate_EGE_AlphaL_spline' to file.
  [SUCCESS] Wrote constant TF1 'UnbiasedL1Inner_Beryllium_NaF_L2QTemplate_EGE_AlphaL_spline' to file.
begin drawing Beryllium UnbiasedL1Inner NaF EGE_AlphaL

[INFO] Starting smart spline fit for: UnbiasedL1Inner_Beryllium_NaF_L1QTemplate_EGE_AlphaR (16 points)
****************************************
Minimizer is Minuit2 / Migrad
Chi2                      =      16.2601
NDf                       =           12
Edm                       =  1.04104e-22
NCalls                    =           31
p0                        =      1.05991   +/-   0.0673219   
p1                        =      1.30123   +/-   0.0595572   
  [FIT] Found good fit candidate. Best segments so far: 1. Stopping search.
  [FIT] Finalizing with loop variable 'segments' = 1
****************************************
Minimizer is Minuit2 / Migrad
Chi2                      =      16.9569
NDf                       =           12
Edm                       =  7.00222e-23
NCalls                    =           31
p0                        =       1.0368   +/-   0.0824397   
p1                        =      1.32633   +/-   0.0745155   
[SUCCESS] Created final fit for UnbiasedL1Inner_Beryllium_NaF_L1QTemplate_EGE_AlphaR_spline with chi2/ndf = 1.35501

[INFO] Starting smart spline fit for: UnbiasedL1Inner_Beryllium_NaF_L2QTemplate_EGE_AlphaR (16 points)
****************************************
Minimizer is Minuit2 / Migrad
Chi2                      =      24.1231
NDf                       =           13
Edm                       =  5.65921e-23
NCalls                    =           31
p0                        =      1.00148   +/-   0.0660121   
p1                        =      1.22759   +/-   0.0602293   
****************************************
Minimizer is Minuit2 / Migrad
Chi2                      =       17.622
NDf                       =           12
Edm                       =   3.8101e-08
NCalls                    =           59
p0                        =        1.128   +/-   0.0825822   
p1                        =      1.04889   +/-   0.052841    
p2                        =      1.38197   +/-   0.0854041   
  [FIT] Found good fit candidate. Best segments so far: 1. Stopping search.
  [FIT] Finalizing with loop variable 'segments' = 1
****************************************
Minimizer is Minuit2 / Migrad
Chi2                      =      24.5925
NDf                       =           13
Edm                       =   1.4649e-23
NCalls                    =           31
p0                        =     0.983761   +/-   0.0763839   
p1                        =       1.2471   +/-   0.0707217   
[SUCCESS] Created final fit for UnbiasedL1Inner_Beryllium_NaF_L2QTemplate_EGE_AlphaR_spline with chi2/ndf = 1.85563
begin drawing Beryllium UnbiasedL1Inner NaF EGE_AlphaR
begin drawing Beryllium UnbiasedL1Inner NaF EGE_Chi2NDF

[INFO] Starting smart spline fit for: UnbiasedL1Inner_Beryllium_AGL_L1QTemplate_LG_Width (22 points)
****************************************
Minimizer is Minuit2 / Migrad
Chi2                      =      25.1166
NDf                       =           20
Edm                       =  7.93451e-23
NCalls                    =           31
p0                        =    0.0428603   +/-   0.00061345  
p1                        =    0.0433599   +/-   0.000975891 
  [FIT] Found good fit candidate. Best segments so far: 1. Stopping search.
  [FIT] Finalizing with loop variable 'segments' = 1
****************************************
Minimizer is Minuit2 / Migrad
Chi2                      =      25.1113
NDf                       =           20
Edm                       =   2.9823e-23
NCalls                    =           31
p0                        =    0.0428076   +/-   0.000712686 
p1                        =    0.0434176   +/-   0.00109842  
[SUCCESS] Created final fit for UnbiasedL1Inner_Beryllium_AGL_L1QTemplate_LG_Width_spline with chi2/ndf = 1.25583

[INFO] Starting smart spline fit for: UnbiasedL1Inner_Beryllium_AGL_L2QTemplate_LG_Width (22 points)
****************************************
Minimizer is Minuit2 / Migrad
Chi2                      =      29.6199
NDf                       =           20
Edm                       =  1.82578e-22
NCalls                    =           31
p0                        =     0.043326   +/-   0.000833635 
p1                        =    0.0436794   +/-   0.00128701  
  [FIT] Found good fit candidate. Best segments so far: 1. Stopping search.
  [FIT] Finalizing with loop variable 'segments' = 1
****************************************
Minimizer is Minuit2 / Migrad
Chi2                      =      29.6498
NDf                       =           20
Edm                       =  2.55032e-23
NCalls                    =           31
p0                        =     0.043371   +/-   0.000965142 
p1                        =    0.0435811   +/-   0.00144988  
[SUCCESS] Created final fit for UnbiasedL1Inner_Beryllium_AGL_L2QTemplate_LG_Width_spline with chi2/ndf = 1.48099
begin drawing Beryllium UnbiasedL1Inner AGL LG_Width

[INFO] Starting smart spline fit for: UnbiasedL1Inner_Beryllium_AGL_L1QTemplate_LG_MPV (22 points)
****************************************
Minimizer is Minuit2 / Migrad
Chi2                      =      48.3592
NDf                       =           20
Edm                       =  7.94987e-20
NCalls                    =           43
p0                        =      3.92315   +/-   0.000699111 
p1                        =      3.94147   +/-   0.00106309  
****************************************
Minimizer is Minuit2 / Migrad
Chi2                      =      24.5723
NDf                       =           19
Edm                       =   2.9894e-07
NCalls                    =           74
p0                        =      3.92093   +/-   0.000834998 
p1                        =      3.93707   +/-   0.000858717 
p2                        =       3.9359   +/-   0.00156036  
  [FIT] Found good fit candidate. Best segments so far: 2. Stopping search.
  [FIT] Finalizing with loop variable 'segments' = 2
****************************************
Minimizer is Minuit2 / Migrad
Chi2                      =       27.435
NDf                       =           19
Edm                       =  4.26912e-18
NCalls                    =           84
p0                        =      3.91847   +/-   0.00105216  
p1                        =      3.93588   +/-   0.000767005 
p2                        =      3.93702   +/-   0.0019586   
[SUCCESS] Created final fit for UnbiasedL1Inner_Beryllium_AGL_L1QTemplate_LG_MPV_spline with chi2/ndf = 1.29328

[INFO] Starting smart spline fit for: UnbiasedL1Inner_Beryllium_AGL_L2QTemplate_LG_MPV (22 points)
****************************************
Minimizer is Minuit2 / Migrad
Chi2                      =      35.2613
NDf                       =           20
Edm                       =  2.30221e-19
NCalls                    =           41
p0                        =      3.91576   +/-   0.000934749 
p1                        =      3.93121   +/-   0.00138361  
  [FIT] Found good fit candidate. Best segments so far: 1. Stopping search.
  [FIT] Finalizing with loop variable 'segments' = 1
****************************************
Minimizer is Minuit2 / Migrad
Chi2                      =      37.3936
NDf                       =           20
Edm                       =  1.72572e-20
NCalls                    =           39
p0                        =      3.91441   +/-   0.00107918  
p1                        =      3.93258   +/-   0.00156141  
[SUCCESS] Created final fit for UnbiasedL1Inner_Beryllium_AGL_L2QTemplate_LG_MPV_spline with chi2/ndf = 1.76307
begin drawing Beryllium UnbiasedL1Inner AGL LG_MPV

[INFO] Starting smart spline fit for: UnbiasedL1Inner_Beryllium_AGL_L1QTemplate_LG_Sigma (22 points)
****************************************
Minimizer is Minuit2 / Migrad
Chi2                      =      34.2484
NDf                       =           20
Edm                       =  9.40345e-22
NCalls                    =           35
p0                        =     0.155296   +/-   0.000816582 
p1                        =     0.148226   +/-   0.00127222  
  [FIT] Found good fit candidate. Best segments so far: 1. Stopping search.
  [FIT] Finalizing with loop variable 'segments' = 1
****************************************
Minimizer is Minuit2 / Migrad
Chi2                      =       34.748
NDf                       =           20
Edm                       =  3.90205e-21
NCalls                    =           35
p0                        =     0.155943   +/-   0.000949152 
p1                        =     0.147585   +/-   0.00143456  
[SUCCESS] Created final fit for UnbiasedL1Inner_Beryllium_AGL_L1QTemplate_LG_Sigma_spline with chi2/ndf = 1.71242

[INFO] Starting smart spline fit for: UnbiasedL1Inner_Beryllium_AGL_L2QTemplate_LG_Sigma (22 points)
****************************************
Minimizer is Minuit2 / Migrad
Chi2                      =      27.5292
NDf                       =           20
Edm                       =  1.21597e-22
NCalls                    =           35
p0                        =      0.15704   +/-   0.00106848  
p1                        =     0.147999   +/-   0.00167377  
  [FIT] Found good fit candidate. Best segments so far: 1. Stopping search.
  [FIT] Finalizing with loop variable 'segments' = 1
****************************************
Minimizer is Minuit2 / Migrad
Chi2                      =      28.8097
NDf                       =           20
Edm                       =  7.20666e-22
NCalls                    =           35
p0                        =     0.157744   +/-   0.00123945  
p1                        =      0.14737   +/-   0.00188615  
[SUCCESS] Created final fit for UnbiasedL1Inner_Beryllium_AGL_L2QTemplate_LG_Sigma_spline with chi2/ndf = 1.37646
begin drawing Beryllium UnbiasedL1Inner AGL LG_Sigma
begin drawing Beryllium UnbiasedL1Inner AGL LG_Chi2NDF

[INFO] Starting smart spline fit for: UnbiasedL1Inner_Beryllium_AGL_L1QTemplate_EGE_Peak (22 points)
****************************************
Minimizer is Minuit2 / Migrad
Chi2                      =      32.4439
NDf                       =           19
Edm                       =  3.45412e-19
NCalls                    =           41
p0                        =      3.95483   +/-   0.00131707  
p1                        =      3.97536   +/-   0.00237142  
  [FIT] Found good fit candidate. Best segments so far: 1. Stopping search.
  [FIT] Finalizing with loop variable 'segments' = 1
****************************************
Minimizer is Minuit2 / Migrad
Chi2                      =      33.6012
NDf                       =           19
Edm                       =  5.22969e-19
NCalls                    =           43
p0                        =      3.95301   +/-   0.0015346   
p1                        =      3.97716   +/-   0.00265451  
[SUCCESS] Created final fit for UnbiasedL1Inner_Beryllium_AGL_L1QTemplate_EGE_Peak_spline with chi2/ndf = 1.70757

[INFO] Starting smart spline fit for: UnbiasedL1Inner_Beryllium_AGL_L2QTemplate_EGE_Peak (22 points)
****************************************
Minimizer is Minuit2 / Migrad
Chi2                      =       27.737
NDf                       =           20
Edm                       =  5.71196e-19
NCalls                    =           43
p0                        =      3.94789   +/-   0.0017849   
p1                        =      3.96435   +/-   0.00279737  
  [FIT] Found good fit candidate. Best segments so far: 1. Stopping search.
  [FIT] Finalizing with loop variable 'segments' = 1
****************************************
Minimizer is Minuit2 / Migrad
Chi2                      =      29.5515
NDf                       =           20
Edm                       =  1.02986e-18
NCalls                    =           41
p0                        =      3.94652   +/-   0.0021105   
p1                        =      3.96539   +/-   0.00316026  
[SUCCESS] Created final fit for UnbiasedL1Inner_Beryllium_AGL_L2QTemplate_EGE_Peak_spline with chi2/ndf = 1.38685
begin drawing Beryllium UnbiasedL1Inner AGL EGE_Peak

[INFO] Starting smart spline fit for: UnbiasedL1Inner_Beryllium_AGL_L1QTemplate_EGE_SigmaL (22 points)
****************************************
Minimizer is Minuit2 / Migrad
Chi2                      =       31.072
NDf                       =           19
Edm                       =   3.8812e-22
NCalls                    =           35
p0                        =     0.161877   +/-   0.000902844 
p1                        =     0.157121   +/-   0.00155296  
  [FIT] Found good fit candidate. Best segments so far: 1. Stopping search.
  [FIT] Finalizing with loop variable 'segments' = 1
****************************************
Minimizer is Minuit2 / Migrad
Chi2                      =      30.6152
NDf                       =           19
Edm                       =  1.70185e-21
NCalls                    =           35
p0                        =     0.162415   +/-   0.00105259  
p1                        =     0.156486   +/-   0.00174404  
[SUCCESS] Created final fit for UnbiasedL1Inner_Beryllium_AGL_L1QTemplate_EGE_SigmaL_spline with chi2/ndf = 1.63537

[INFO] Starting smart spline fit for: UnbiasedL1Inner_Beryllium_AGL_L2QTemplate_EGE_SigmaL (22 points)
****************************************
Minimizer is Minuit2 / Migrad
Chi2                      =       26.494
NDf                       =           20
Edm                       =  2.18886e-21
NCalls                    =           35
p0                        =      0.16408   +/-   0.00118531  
p1                        =     0.156345   +/-   0.00190176  
  [FIT] Found good fit candidate. Best segments so far: 1. Stopping search.
  [FIT] Finalizing with loop variable 'segments' = 1
****************************************
Minimizer is Minuit2 / Migrad
Chi2                      =      26.0749
NDf                       =           20
Edm                       =  1.91181e-22
NCalls                    =           35
p0                        =     0.164966   +/-   0.00139814  
p1                        =     0.155427   +/-   0.00214284  
[SUCCESS] Created final fit for UnbiasedL1Inner_Beryllium_AGL_L2QTemplate_EGE_SigmaL_spline with chi2/ndf = 1.3247
begin drawing Beryllium UnbiasedL1Inner AGL EGE_SigmaL

[INFO] Starting smart spline fit for: UnbiasedL1Inner_Beryllium_AGL_L1QTemplate_EGE_SigmaR (22 points)
****************************************
Minimizer is Minuit2 / Migrad
Chi2                      =      37.8683
NDf                       =           19
Edm                       =  1.96357e-21
NCalls                    =           33
p0                        =     0.228789   +/-   0.00158297  
p1                        =     0.222744   +/-   0.00303741  
****************************************
Minimizer is Minuit2 / Migrad
Chi2                      =      29.7258
NDf                       =           18
Edm                       =  1.41255e-22
NCalls                    =           53
p0                        =     0.226047   +/-   0.00185172  
p1                        =     0.228778   +/-   0.00209857  
p2                        =     0.211778   +/-   0.00489846  
  [FIT] Found good fit candidate. Best segments so far: 1. Stopping search.
  [FIT] Finalizing with loop variable 'segments' = 1
****************************************
Minimizer is Minuit2 / Migrad
Chi2                      =      38.6586
NDf                       =           19
Edm                       =  1.47889e-22
NCalls                    =           35
p0                        =     0.228942   +/-   0.00185529  
p1                        =     0.223075   +/-   0.00337857  
[SUCCESS] Created final fit for UnbiasedL1Inner_Beryllium_AGL_L1QTemplate_EGE_SigmaR_spline with chi2/ndf = 1.99307

[INFO] Starting smart spline fit for: UnbiasedL1Inner_Beryllium_AGL_L2QTemplate_EGE_SigmaR (22 points)
****************************************
Minimizer is Minuit2 / Migrad
Chi2                      =      23.6262
NDf                       =           20
Edm                       =  3.69394e-22
NCalls                    =           33
p0                        =     0.233108   +/-   0.00212091  
p1                        =     0.221413   +/-   0.00339721  
  [FIT] Found good fit candidate. Best segments so far: 1. Stopping search.
  [FIT] Finalizing with loop variable 'segments' = 1
****************************************
Minimizer is Minuit2 / Migrad
Chi2                      =      24.5499
NDf                       =           20
Edm                       =    9.583e-23
NCalls                    =           33
p0                        =     0.234004   +/-   0.00252645  
p1                        =     0.220918   +/-   0.00382624  
[SUCCESS] Created final fit for UnbiasedL1Inner_Beryllium_AGL_L2QTemplate_EGE_SigmaR_spline with chi2/ndf = 1.18131
begin drawing Beryllium UnbiasedL1Inner AGL EGE_SigmaR
  [SUCCESS] Wrote constant TF1 'UnbiasedL1Inner_Beryllium_AGL_L1QTemplate_EGE_AlphaL_spline' to file.
  [SUCCESS] Wrote constant TF1 'UnbiasedL1Inner_Beryllium_AGL_L2QTemplate_EGE_AlphaL_spline' to file.
begin drawing Beryllium UnbiasedL1Inner AGL EGE_AlphaL

[INFO] Starting smart spline fit for: UnbiasedL1Inner_Beryllium_AGL_L1QTemplate_EGE_AlphaR (22 points)
****************************************
Minimizer is Minuit2 / Migrad
Chi2                      =      29.2751
NDf                       =           19
Edm                       =  2.92895e-22
NCalls                    =           31
p0                        =      1.26258   +/-   0.0169162   
p1                        =      1.23207   +/-   0.0322147   
  [FIT] Found good fit candidate. Best segments so far: 1. Stopping search.
  [FIT] Finalizing with loop variable 'segments' = 1
****************************************
Minimizer is Minuit2 / Migrad
Chi2                      =      29.5302
NDf                       =           19
Edm                       =  1.73811e-22
NCalls                    =           31
p0                        =      1.26233   +/-   0.019731    
p1                        =      1.23591   +/-   0.0358657   
[SUCCESS] Created final fit for UnbiasedL1Inner_Beryllium_AGL_L1QTemplate_EGE_AlphaR_spline with chi2/ndf = 1.5408

[INFO] Starting smart spline fit for: UnbiasedL1Inner_Beryllium_AGL_L2QTemplate_EGE_AlphaR (22 points)
****************************************
Minimizer is Minuit2 / Migrad
Chi2                      =      25.2121
NDf                       =           20
Edm                       =  1.14011e-22
NCalls                    =           31
p0                        =      1.29819   +/-   0.024766    
p1                        =      1.22338   +/-   0.038602    
  [FIT] Found good fit candidate. Best segments so far: 1. Stopping search.
  [FIT] Finalizing with loop variable 'segments' = 1
****************************************
Minimizer is Minuit2 / Migrad
Chi2                      =           26
NDf                       =           20
Edm                       =  3.09385e-23
NCalls                    =           31
p0                        =      1.29808   +/-   0.0289179   
p1                        =      1.22907   +/-   0.0431144   
[SUCCESS] Created final fit for UnbiasedL1Inner_Beryllium_AGL_L2QTemplate_EGE_AlphaR_spline with chi2/ndf = 1.26061
begin drawing Beryllium UnbiasedL1Inner AGL EGE_AlphaR
begin drawing Beryllium UnbiasedL1Inner AGL EGE_Chi2NDF

[INFO] Starting smart spline fit for: L1Inner_Boron_TOF_L1QTemplate_LG_Width (7 points)
****************************************
Minimizer is Minuit2 / Migrad
Chi2                      =      63.7855
NDf                       =            5
Edm                       =  5.60791e-23
NCalls                    =           31
p0                        =    0.0193086   +/-   0.000892912 
p1                        =    0.0695495   +/-   0.00134175  
****************************************
Minimizer is Minuit2 / Migrad
Chi2                      =      30.5773
NDf                       =            4
Edm                       =  4.98246e-22
NCalls                    =           53
p0                        =    0.0232098   +/-   0.00112054  
p1                        =    0.0416947   +/-   0.00136379  
p2                        =    0.0753334   +/-   0.00167561  
****************************************
Minimizer is Minuit2 / Migrad
Chi2                      =      2.43239
NDf                       =            3
Edm                       =  3.78965e-21
NCalls                    =           82
p0                        =    0.0273302   +/-   0.00136134  
p1                        =    0.0277721   +/-   0.00139429  
p2                        =    0.0617522   +/-   0.0018122   
p3                        =     0.070959   +/-   0.00191175  
  [FIT] Found good fit candidate. Best segments so far: 3. Stopping search.
  [FIT] Finalizing with loop variable 'segments' = 3
****************************************
Minimizer is Minuit2 / Migrad
Chi2                      =      2.01424
NDf                       =            3
Edm                       =  1.98935e-21
NCalls                    =           82
p0                        =    0.0307402   +/-   0.00201196  
p1                        =    0.0285338   +/-   0.00123368  
p2                        =    0.0614319   +/-   0.00174193  
p3                        =    0.0710493   +/-   0.00252703  
[SUCCESS] Created final fit for L1Inner_Boron_TOF_L1QTemplate_LG_Width_spline with chi2/ndf = 0.810795

[INFO] Starting smart spline fit for: L1Inner_Boron_TOF_L2QTemplate_LG_Width (7 points)
****************************************
Minimizer is Minuit2 / Migrad
Chi2                      =      51.2338
NDf                       =            5
Edm                       =   5.8395e-22
NCalls                    =           31
p0                        =    0.0182285   +/-   0.00101505  
p1                        =    0.0494253   +/-   0.00140328  
****************************************
Minimizer is Minuit2 / Migrad
Chi2                      =       3.2146
NDf                       =            4
Edm                       =  1.17648e-22
NCalls                    =           53
p0                        =    0.0248143   +/-   0.00139053  
p1                        =    0.0286945   +/-   0.00133027  
p2                        =    0.0555153   +/-   0.00165576  
  [FIT] Found good fit candidate. Best segments so far: 2. Stopping search.
  [FIT] Finalizing with loop variable 'segments' = 2
****************************************
Minimizer is Minuit2 / Migrad
Chi2                      =      9.03084
NDf                       =            4
Edm                       =  8.99212e-24
NCalls                    =           53
p0                        =    0.0252347   +/-   0.00189897  
p1                        =     0.028632   +/-   0.00118752  
p2                        =    0.0607883   +/-   0.00201545  
[SUCCESS] Created final fit for L1Inner_Boron_TOF_L2QTemplate_LG_Width_spline with chi2/ndf = 0.80365
begin drawing Boron L1Inner TOF LG_Width

[INFO] Starting smart spline fit for: L1Inner_Boron_TOF_L1QTemplate_LG_MPV (7 points)
****************************************
Minimizer is Minuit2 / Migrad
Chi2                      =      206.672
NDf                       =            5
Edm                       =  3.96361e-17
NCalls                    =           43
p0                        =      4.93829   +/-   0.00136598  
p1                        =      4.90419   +/-   0.00056171  
****************************************
Minimizer is Minuit2 / Migrad
Chi2                      =       101.71
NDf                       =            4
Edm                       =  3.83767e-17
NCalls                    =           75
p0                        =      4.94866   +/-   0.00170058  
p1                        =      4.90909   +/-   0.00110073  
p2                        =      4.90822   +/-   0.000685573 
****************************************
Minimizer is Minuit2 / Migrad
Chi2                      =       4.0889
NDf                       =            3
Edm                       =   4.6781e-18
NCalls                    =          117
p0                        =       4.9382   +/-   0.0020475   
p1                        =      4.93376   +/-   0.00180257  
p2                        =      4.90039   +/-   0.000944811 
p3                        =      4.91211   +/-   0.000790645 
  [FIT] Found good fit candidate. Best segments so far: 3. Stopping search.
  [FIT] Finalizing with loop variable 'segments' = 3
****************************************
Minimizer is Minuit2 / Migrad
Chi2                      =      9.52968
NDf                       =            3
Edm                       =  1.06331e-17
NCalls                    =          100
p0                        =      4.93642   +/-   0.00292558  
p1                        =      4.93252   +/-   0.00167298  
p2                        =      4.90184   +/-   0.000855117 
p3                        =       4.9164   +/-   0.00110183  
[SUCCESS] Created final fit for L1Inner_Boron_TOF_L1QTemplate_LG_MPV_spline with chi2/ndf = 1.36297

[INFO] Starting smart spline fit for: L1Inner_Boron_TOF_L2QTemplate_LG_MPV (7 points)
****************************************
Minimizer is Minuit2 / Migrad
Chi2                      =      21.1399
NDf                       =            5
Edm                       =  9.84059e-18
NCalls                    =           43
p0                        =      4.96291   +/-   0.00163257  
p1                        =      4.91548   +/-   0.00106234  
****************************************
Minimizer is Minuit2 / Migrad
Chi2                      =      15.4509
NDf                       =            4
Edm                       =  2.11122e-17
NCalls                    =           77
p0                        =      4.95943   +/-   0.00218879  
p1                        =      4.93949   +/-   0.00181587  
p2                        =      4.91397   +/-   0.00123642  
****************************************
Minimizer is Minuit2 / Migrad
Chi2                      =      2.71399
NDf                       =            3
Edm                       =  7.69286e-18
NCalls                    =          100
p0                        =      4.95472   +/-   0.00257195  
p1                        =      4.95235   +/-   0.00187946  
p2                        =      4.92377   +/-   0.00201208  
p3                        =      4.91651   +/-   0.00143856  
  [FIT] Found good fit candidate. Best segments so far: 3. Stopping search.
  [FIT] Finalizing with loop variable 'segments' = 3
****************************************
Minimizer is Minuit2 / Migrad
Chi2                      =      3.58696
NDf                       =            3
Edm                       =  5.44403e-18
NCalls                    =           98
p0                        =      4.95276   +/-   0.00364504  
p1                        =      4.95178   +/-   0.00177301  
p2                        =      4.92384   +/-   0.00181127  
p3                        =      4.91666   +/-   0.00200886  
[SUCCESS] Created final fit for L1Inner_Boron_TOF_L2QTemplate_LG_MPV_spline with chi2/ndf = 0.904664
begin drawing Boron L1Inner TOF LG_MPV

[INFO] Starting smart spline fit for: L1Inner_Boron_TOF_L1QTemplate_LG_Sigma (7 points)
****************************************
Minimizer is Minuit2 / Migrad
Chi2                      =      220.165
NDf                       =            5
Edm                       =  9.41505e-22
NCalls                    =           33
p0                        =     0.213893   +/-   0.00103808  
p1                        =      0.16562   +/-   0.00188868  
****************************************
Minimizer is Minuit2 / Migrad
Chi2                      =      15.5156
NDf                       =            4
Edm                       =  2.41334e-21
NCalls                    =           53
p0                        =     0.202272   +/-   0.00131814  
p1                        =     0.204769   +/-   0.0016644   
p2                        =     0.143589   +/-   0.00243698  
****************************************
Minimizer is Minuit2 / Migrad
Chi2                      =       3.9692
NDf                       =            3
Edm                       =   2.2172e-21
NCalls                    =           84
p0                        =     0.199181   +/-   0.00159346  
p1                        =     0.215269   +/-   0.00159294  
p2                        =     0.179557   +/-   0.00238805  
p3                        =     0.146722   +/-   0.00281006  
  [FIT] Found good fit candidate. Best segments so far: 3. Stopping search.
  [FIT] Finalizing with loop variable 'segments' = 3
****************************************
Minimizer is Minuit2 / Migrad
Chi2                      =      4.85843
NDf                       =            3
Edm                       =  1.25586e-20
NCalls                    =           86
p0                        =      0.19202   +/-   0.00235372  
p1                        =     0.213463   +/-   0.00141006  
p2                        =     0.180683   +/-   0.00231134  
p3                        =     0.139894   +/-   0.00368429  
[SUCCESS] Created final fit for L1Inner_Boron_TOF_L1QTemplate_LG_Sigma_spline with chi2/ndf = 1.32307

[INFO] Starting smart spline fit for: L1Inner_Boron_TOF_L2QTemplate_LG_Sigma (7 points)
****************************************
Minimizer is Minuit2 / Migrad
Chi2                      =      96.6217
NDf                       =            5
Edm                       =  1.36777e-21
NCalls                    =           33
p0                        =     0.197554   +/-   0.00120303  
p1                        =     0.186292   +/-   0.00185091  
****************************************
Minimizer is Minuit2 / Migrad
Chi2                      =      1.29461
NDf                       =            4
Edm                       =  1.59259e-20
NCalls                    =           55
p0                        =     0.186697   +/-   0.00163827  
p1                        =     0.202692   +/-   0.00154881  
p2                        =     0.173756   +/-   0.00225264  
  [FIT] Found good fit candidate. Best segments so far: 2. Stopping search.
  [FIT] Finalizing with loop variable 'segments' = 2
****************************************
Minimizer is Minuit2 / Migrad
Chi2                      =      1.40178
NDf                       =            4
Edm                       =  2.49391e-20
NCalls                    =           57
p0                        =     0.181838   +/-   0.00224633  
p1                        =     0.201413   +/-   0.0013869   
p2                        =     0.167758   +/-   0.0027387   
[SUCCESS] Created final fit for L1Inner_Boron_TOF_L2QTemplate_LG_Sigma_spline with chi2/ndf = 0.323653
begin drawing Boron L1Inner TOF LG_Sigma
begin drawing Boron L1Inner TOF LG_Chi2NDF

[INFO] Starting smart spline fit for: L1Inner_Boron_TOF_L1QTemplate_EGE_Peak (7 points)
****************************************
Minimizer is Minuit2 / Migrad
Chi2                      =      121.809
NDf                       =            5
Edm                       =  7.43872e-18
NCalls                    =           43
p0                        =      4.99096   +/-   0.00181651  
p1                        =      4.93151   +/-   0.00142872  
****************************************
Minimizer is Minuit2 / Migrad
Chi2                      =      71.2264
NDf                       =            4
Edm                       =  1.89918e-19
NCalls                    =           71
p0                        =       5.0033   +/-   0.00251263  
p1                        =      4.94887   +/-   0.00139667  
p2                        =      4.94163   +/-   0.00201654  
****************************************
Minimizer is Minuit2 / Migrad
Chi2                      =      25.3264
NDf                       =            3
Edm                       =  7.62148e-12
NCalls                    =          102
p0                        =      4.99227   +/-   0.00306354  
p1                        =      4.97177   +/-   0.00169669  
p2                        =      4.93491   +/-   0.00149766  
p3                        =      4.95227   +/-   0.00255188  
****************************************
Minimizer is Minuit2 / Migrad
Chi2                      =      11.0746
NDf                       =            2
Edm                       =  6.42541e-07
NCalls                    =          135
p0                        =      4.98389   +/-   0.00381737  
p1                        =      4.99154   +/-   0.00203965  
p2                        =      4.94615   +/-   0.00178477  
p3                        =      4.94012   +/-   0.00163817  
p4                        =      4.95225   +/-   0.00324799  
****************************************
Minimizer is Minuit2 / Migrad
Chi2                      =      3.95226
NDf                       =            1
Edm                       =  1.67686e-10
NCalls                    =          138
p0                        =      4.97953   +/-   0.004163    
p1                        =      4.99497   +/-   0.00242773  
p2                        =      4.96859   +/-   0.00186288  
p3                        =      4.93727   +/-   0.0016084   
p4                        =      4.93885   +/-   0.00199841  
p5                        =      4.95358   +/-   0.00353642  
  [FIT] No fit met threshold. Falling back to best chi2/ndf.
  [FIT] Finalizing with loop variable 'segments' = 5
****************************************
Minimizer is Minuit2 / Migrad
Chi2                      =      3.88748
NDf                       =            1
Edm                       =  2.25053e-17
NCalls                    =          171
p0                        =      4.96825   +/-   0.00650097  
p1                        =      4.99498   +/-   0.00242457  
p2                        =      4.96859   +/-   0.00186158  
p3                        =      4.93727   +/-   0.00160737  
p4                        =      4.93888   +/-   0.00200975  
p5                        =      4.95838   +/-   0.00509482  
[SUCCESS] Created final fit for L1Inner_Boron_TOF_L1QTemplate_EGE_Peak_spline with chi2/ndf = 3.95226

[INFO] Starting smart spline fit for: L1Inner_Boron_TOF_L2QTemplate_EGE_Peak (7 points)
****************************************
Minimizer is Minuit2 / Migrad
Chi2                      =      43.4754
NDf                       =            5
Edm                       =  8.38305e-17
NCalls                    =           43
p0                        =      5.00112   +/-   0.00219202  
p1                        =       4.9528   +/-   0.00144004  
****************************************
Minimizer is Minuit2 / Migrad
Chi2                      =      43.4668
NDf                       =            4
Edm                       =  2.01779e-17
NCalls                    =           69
p0                        =      5.00133   +/-   0.00313308  
p1                        =      4.97319   +/-   0.00158209  
p2                        =      4.95291   +/-   0.00186702  
****************************************
Minimizer is Minuit2 / Migrad
Chi2                      =      12.3863
NDf                       =            3
Edm                       =  9.92148e-09
NCalls                    =          113
p0                        =      4.98756   +/-   0.00403085  
p1                        =      4.99181   +/-   0.00207677  
p2                        =      4.95749   +/-   0.00170796  
p3                        =      4.95919   +/-   0.00221632  
****************************************
Minimizer is Minuit2 / Migrad
Chi2                      =      4.24299
NDf                       =            2
Edm                       =  2.99231e-08
NCalls                    =          114
p0                        =      4.97963   +/-   0.00520256  
p1                        =      4.99903   +/-   0.00237163  
p2                        =      4.97248   +/-   0.00193199  
p3                        =      4.95429   +/-   0.00177299  
p4                        =       4.9601   +/-   0.00266662  
  [FIT] Found good fit candidate. Best segments so far: 4. Stopping search.
  [FIT] Finalizing with loop variable 'segments' = 4
****************************************
Minimizer is Minuit2 / Migrad
Chi2                      =      3.51069
NDf                       =            2
Edm                       =  1.08518e-05
NCalls                    =          127
p0                        =      4.96951   +/-   0.00753199  
p1                        =      4.99935   +/-   0.0023996   
p2                        =      4.97257   +/-   0.00190929  
p3                        =      4.95392   +/-   0.0018125   
p4                        =      4.96326   +/-   0.00374944  
[SUCCESS] Created final fit for L1Inner_Boron_TOF_L2QTemplate_EGE_Peak_spline with chi2/ndf = 2.12149
begin drawing Boron L1Inner TOF EGE_Peak

[INFO] Starting smart spline fit for: L1Inner_Boron_TOF_L1QTemplate_EGE_SigmaL (7 points)
****************************************
Minimizer is Minuit2 / Migrad
Chi2                      =      70.6175
NDf                       =            5
Edm                       =  5.15217e-22
NCalls                    =           35
p0                        =     0.228312   +/-   0.00138805  
p1                        =     0.168239   +/-   0.00113588  
****************************************
Minimizer is Minuit2 / Migrad
Chi2                      =       66.676
NDf                       =            4
Edm                       =  2.29946e-21
NCalls                    =           55
p0                        =     0.225344   +/-   0.00204027  
p1                        =     0.195463   +/-   0.00108505  
p2                        =     0.165566   +/-   0.00176145  
****************************************
Minimizer is Minuit2 / Migrad
Chi2                      =      34.2539
NDf                       =            3
Edm                       =  1.09579e-20
NCalls                    =           84
p0                        =     0.216244   +/-   0.00260619  
p1                        =     0.212145   +/-   0.00124144  
p2                        =     0.179098   +/-   0.00106769  
p3                        =     0.173721   +/-   0.00234768  
****************************************
Minimizer is Minuit2 / Migrad
Chi2                      =       11.506
NDf                       =            2
Edm                       =  3.38754e-10
NCalls                    =          128
p0                        =     0.205415   +/-   0.00343169  
p1                        =     0.222875   +/-   0.00141766  
p2                        =     0.191417   +/-   0.00145765  
p3                        =     0.174382   +/-   0.00127906  
p4                        =     0.170567   +/-   0.00318142  
****************************************
Minimizer is Minuit2 / Migrad
Chi2                      =      4.61032
NDf                       =            1
Edm                       =  3.27556e-07
NCalls                    =          142
p0                        =     0.201739   +/-   0.00372962  
p1                        =     0.224867   +/-   0.00163251  
p2                        =     0.209637   +/-   0.00135555  
p3                        =     0.180323   +/-   0.00111378  
p4                        =     0.173577   +/-   0.00158233  
p5                        =     0.171673   +/-   0.00356676  
  [FIT] No fit met threshold. Falling back to best chi2/ndf.
  [FIT] Finalizing with loop variable 'segments' = 5
****************************************
Minimizer is Minuit2 / Migrad
Chi2                      =       4.2256
NDf                       =            1
Edm                       =  2.27885e-06
NCalls                    =          141
p0                        =     0.189422   +/-   0.00560193  
p1                        =      0.22487   +/-   0.00162919  
p2                        =     0.209597   +/-   0.00135505  
p3                        =     0.180284   +/-   0.00111343  
p4                        =     0.173645   +/-   0.00159115  
p5                        =       0.1714   +/-   0.00503077  
[SUCCESS] Created final fit for L1Inner_Boron_TOF_L1QTemplate_EGE_SigmaL_spline with chi2/ndf = 4.61032

[INFO] Starting smart spline fit for: L1Inner_Boron_TOF_L2QTemplate_EGE_SigmaL (7 points)
****************************************
Minimizer is Minuit2 / Migrad
Chi2                      =      59.5875
NDf                       =            5
Edm                       =  5.83215e-21
NCalls                    =           35
p0                        =     0.207956   +/-   0.00162124  
p1                        =     0.184715   +/-   0.000987414 
****************************************
Minimizer is Minuit2 / Migrad
Chi2                      =      55.7528
NDf                       =            4
Edm                       =  1.34174e-21
NCalls                    =           55
p0                        =     0.204204   +/-   0.00250986  
p1                        =      0.19628   +/-   0.00110563  
p2                        =     0.183178   +/-   0.00126151  
****************************************
Minimizer is Minuit2 / Migrad
Chi2                      =      18.2645
NDf                       =            3
Edm                       =  3.19453e-09
NCalls                    =           94
p0                        =     0.189117   +/-   0.00354798  
p1                        =     0.206667   +/-   0.00145474  
p2                        =     0.186336   +/-   0.00118991  
p3                        =     0.187589   +/-   0.00148151  
****************************************
Minimizer is Minuit2 / Migrad
Chi2                      =      7.16762
NDf                       =            2
Edm                       =  1.33565e-08
NCalls                    =          117
p0                        =     0.179795   +/-   0.00512354  
p1                        =     0.204849   +/-   0.00163481  
p2                        =      0.19646   +/-   0.00133836  
p3                        =     0.183755   +/-   0.00122316  
p4                        =     0.188738   +/-   0.00177131  
  [FIT] Found good fit candidate. Best segments so far: 4. Stopping search.
  [FIT] Finalizing with loop variable 'segments' = 4
****************************************
Minimizer is Minuit2 / Migrad
Chi2                      =      5.81941
NDf                       =            2
Edm                       =  2.88635e-06
NCalls                    =          106
p0                        =     0.168245   +/-   0.00732547  
p1                        =      0.20516   +/-   0.0016485   
p2                        =     0.196561   +/-   0.00132165  
p3                        =     0.183417   +/-   0.00124949  
p4                        =     0.191451   +/-   0.00249809  
[SUCCESS] Created final fit for L1Inner_Boron_TOF_L2QTemplate_EGE_SigmaL_spline with chi2/ndf = 3.58381
begin drawing Boron L1Inner TOF EGE_SigmaL

[INFO] Starting smart spline fit for: L1Inner_Boron_TOF_L1QTemplate_EGE_SigmaR (7 points)
****************************************
Minimizer is Minuit2 / Migrad
Chi2                      =      224.973
NDf                       =            5
Edm                       =  3.20678e-21
NCalls                    =           35
p0                        =     0.239701   +/-   0.00198139  
p1                        =     0.290676   +/-   0.00168569  
****************************************
Minimizer is Minuit2 / Migrad
Chi2                      =      45.6191
NDf                       =            4
Edm                       =  4.12248e-21
NCalls                    =           55
p0                        =     0.213818   +/-   0.00276785  
p1                        =     0.282155   +/-   0.00133491  
p2                        =     0.265062   +/-   0.00254939  
****************************************
Minimizer is Minuit2 / Migrad
Chi2                      =      19.8648
NDf                       =            3
Edm                       =  8.43312e-09
NCalls                    =           92
p0                        =     0.221739   +/-   0.00336018  
p1                        =     0.261501   +/-   0.00168303  
p2                        =     0.287689   +/-   0.00156572  
p3                        =      0.25283   +/-   0.00340225  
****************************************
Minimizer is Minuit2 / Migrad
Chi2                      =      11.8468
NDf                       =            2
Edm                       =  5.71286e-07
NCalls                    =          124
p0                        =     0.226881   +/-   0.00417549  
p1                        =     0.237045   +/-   0.00219324  
p2                        =     0.283051   +/-   0.0016345   
p3                        =     0.273845   +/-   0.00192146  
p4                        =     0.249199   +/-   0.00454659  
****************************************
Minimizer is Minuit2 / Migrad
Chi2                      =      2.56093
NDf                       =            1
Edm                       =  2.02144e-19
NCalls                    =          167
p0                        =     0.232692   +/-   0.00458825  
p1                        =     0.232215   +/-   0.00270283  
p2                        =     0.264319   +/-   0.001822    
p3                        =     0.285343   +/-   0.00166973  
p4                        =     0.276545   +/-   0.00240991  
p5                        =     0.245479   +/-   0.00507385  
  [FIT] No fit met threshold. Falling back to best chi2/ndf.
  [FIT] Finalizing with loop variable 'segments' = 5
****************************************
Minimizer is Minuit2 / Migrad
Chi2                      =      2.78342
NDf                       =            1
Edm                       =  4.28131e-06
NCalls                    =          150
p0                        =     0.239049   +/-   0.00716634  
p1                        =     0.232235   +/-   0.00270093  
p2                        =     0.264233   +/-   0.00181874  
p3                        =     0.285253   +/-   0.0016658   
p4                        =     0.276597   +/-   0.00242633  
p5                        =     0.235543   +/-   0.0071809   
[SUCCESS] Created final fit for L1Inner_Boron_TOF_L1QTemplate_EGE_SigmaR_spline with chi2/ndf = 2.56093

[INFO] Starting smart spline fit for: L1Inner_Boron_TOF_L2QTemplate_EGE_SigmaR (7 points)
****************************************
Minimizer is Minuit2 / Migrad
Chi2                      =      55.3711
NDf                       =            5
Edm                       =  2.12314e-22
NCalls                    =           35
p0                        =      0.22651   +/-   0.00227128  
p1                        =     0.274324   +/-   0.00153959  
****************************************
Minimizer is Minuit2 / Migrad
Chi2                      =      48.4679
NDf                       =            4
Edm                       =  1.21828e-21
NCalls                    =           55
p0                        =     0.220916   +/-   0.00311314  
p1                        =     0.257136   +/-   0.00153637  
p2                        =     0.270577   +/-   0.00209873  
****************************************
Minimizer is Minuit2 / Migrad
Chi2                      =      14.2102
NDf                       =            3
Edm                       =  4.33539e-20
NCalls                    =           88
p0                        =     0.233043   +/-   0.00378739  
p1                        =     0.236652   +/-   0.00213918  
p2                        =     0.271496   +/-   0.00167052  
p3                        =     0.261948   +/-   0.0025917   
****************************************
Minimizer is Minuit2 / Migrad
Chi2                      =      3.58805
NDf                       =            2
Edm                       =  6.67481e-07
NCalls                    =          113
p0                        =     0.241305   +/-   0.00469583  
p1                        =     0.223887   +/-   0.00266948  
p2                        =     0.258383   +/-   0.0018506   
p3                        =     0.270347   +/-   0.00179038  
p4                        =     0.261556   +/-   0.00322404  
  [FIT] Found good fit candidate. Best segments so far: 4. Stopping search.
  [FIT] Finalizing with loop variable 'segments' = 4
****************************************
Minimizer is Minuit2 / Migrad
Chi2                      =      2.61543
NDf                       =            2
Edm                       =  1.09323e-08
NCalls                    =          115
p0                        =     0.251687   +/-   0.00690917  
p1                        =     0.223393   +/-   0.00271113  
p2                        =     0.258351   +/-   0.00182981  
p3                        =     0.270713   +/-   0.00182797  
p4                        =     0.257687   +/-   0.00445868  
[SUCCESS] Created final fit for L1Inner_Boron_TOF_L2QTemplate_EGE_SigmaR_spline with chi2/ndf = 1.79403
begin drawing Boron L1Inner TOF EGE_SigmaR
  [SUCCESS] Wrote constant TF1 'L1Inner_Boron_TOF_L1QTemplate_EGE_AlphaL_spline' to file.
  [SUCCESS] Wrote constant TF1 'L1Inner_Boron_TOF_L2QTemplate_EGE_AlphaL_spline' to file.
begin drawing Boron L1Inner TOF EGE_AlphaL

[INFO] Starting smart spline fit for: L1Inner_Boron_TOF_L1QTemplate_EGE_AlphaR (7 points)
****************************************
Minimizer is Minuit2 / Migrad
Chi2                      =      230.568
NDf                       =            5
Edm                       =  2.38625e-22
NCalls                    =           31
p0                        =      1.41212   +/-   0.0244622   
p1                        =      1.33281   +/-   0.023075    
****************************************
Minimizer is Minuit2 / Migrad
Chi2                      =      34.2224
NDf                       =            4
Edm                       =   7.5302e-22
NCalls                    =           53
p0                        =      1.12751   +/-   0.0317952   
p1                        =      1.73136   +/-   0.029735    
p2                        =      1.06727   +/-   0.0298596   
****************************************
Minimizer is Minuit2 / Migrad
Chi2                      =       20.934
NDf                       =            3
Edm                       =  2.96653e-10
NCalls                    =           88
p0                        =      1.21562   +/-   0.0394373   
p1                        =      1.57183   +/-   0.0332987   
p2                        =      1.64174   +/-   0.0303561   
p3                        =     0.982136   +/-   0.0354537   
****************************************
Minimizer is Minuit2 / Migrad
Chi2                      =      3.22188
NDf                       =            2
Edm                       =  1.96557e-08
NCalls                    =          111
p0                        =      1.31976   +/-   0.0472138   
p1                        =      1.32213   +/-   0.0281176   
p2                        =      1.81782   +/-   0.0396283   
p3                        =      1.28016   +/-   0.0293127   
p4                        =      1.02559   +/-   0.0427424   
  [FIT] Found good fit candidate. Best segments so far: 4. Stopping search.
  [FIT] Finalizing with loop variable 'segments' = 4
****************************************
Minimizer is Minuit2 / Migrad
Chi2                      =      2.63684
NDf                       =            2
Edm                       =  7.34745e-07
NCalls                    =          111
p0                        =      1.37764   +/-   0.0707798   
p1                        =      1.32073   +/-   0.0282212   
p2                        =      1.81788   +/-   0.0391202   
p3                        =      1.28531   +/-   0.0299337   
p4                        =     0.964914   +/-   0.060408    
[SUCCESS] Created final fit for L1Inner_Boron_TOF_L1QTemplate_EGE_AlphaR_spline with chi2/ndf = 1.61094

[INFO] Starting smart spline fit for: L1Inner_Boron_TOF_L2QTemplate_EGE_AlphaR (7 points)
****************************************
Minimizer is Minuit2 / Migrad
Chi2                      =      42.7994
NDf                       =            5
Edm                       =  3.70167e-22
NCalls                    =           31
p0                        =      1.48008   +/-   0.0423208   
p1                        =      1.51271   +/-   0.0303639   
****************************************
Minimizer is Minuit2 / Migrad
Chi2                      =      26.2089
NDf                       =            4
Edm                       =  4.07108e-22
NCalls                    =           53
p0                        =      1.28189   +/-   0.0644872   
p1                        =      1.66215   +/-   0.0453091   
p2                        =      1.43579   +/-   0.035758    
****************************************
Minimizer is Minuit2 / Migrad
Chi2                      =      11.0368
NDf                       =            3
Edm                       =  5.82649e-22
NCalls                    =           80
p0                        =      1.50688   +/-   0.0881118   
p1                        =      1.47498   +/-   0.0467634   
p2                        =      1.75092   +/-   0.049325    
p3                        =      1.36281   +/-   0.0403802   
****************************************
Minimizer is Minuit2 / Migrad
Chi2                      =      3.01092
NDf                       =            2
Edm                       =  6.11271e-08
NCalls                    =          110
p0                        =        1.722   +/-   0.11969     
p1                        =      1.36974   +/-   0.0419253   
p2                        =      1.73459   +/-   0.0601156   
p3                        =      1.57542   +/-   0.045765    
p4                        =      1.36833   +/-   0.0469963   
  [FIT] Found good fit candidate. Best segments so far: 4. Stopping search.
  [FIT] Finalizing with loop variable 'segments' = 4
****************************************
Minimizer is Minuit2 / Migrad
Chi2                      =      2.31883
NDf                       =            2
Edm                       =  2.33831e-21
NCalls                    =          116
p0                        =      1.91102   +/-   0.172519    
p1                        =      1.36604   +/-   0.0421395   
p2                        =      1.73032   +/-   0.0590802   
p3                        =      1.58352   +/-   0.0467213   
p4                        =      1.30245   +/-   0.0699917   
[SUCCESS] Created final fit for L1Inner_Boron_TOF_L2QTemplate_EGE_AlphaR_spline with chi2/ndf = 1.50546
begin drawing Boron L1Inner TOF EGE_AlphaR
begin drawing Boron L1Inner TOF EGE_Chi2NDF

[INFO] Starting smart spline fit for: L1Inner_Boron_NaF_L1QTemplate_LG_Width (16 points)
****************************************
Minimizer is Minuit2 / Migrad
Chi2                      =      20.3069
NDf                       =           14
Edm                       =  9.74393e-23
NCalls                    =           31
p0                        =    0.0500488   +/-   0.00121452  
p1                        =    0.0309945   +/-   0.00121401  
  [FIT] Found good fit candidate. Best segments so far: 1. Stopping search.
  [FIT] Finalizing with loop variable 'segments' = 1
****************************************
Minimizer is Minuit2 / Migrad
Chi2                      =      20.4445
NDf                       =           14
Edm                       =  1.93529e-22
NCalls                    =           31
p0                        =    0.0523744   +/-   0.00143372  
p1                        =    0.0287445   +/-   0.00142591  
[SUCCESS] Created final fit for L1Inner_Boron_NaF_L1QTemplate_LG_Width_spline with chi2/ndf = 1.45049

[INFO] Starting smart spline fit for: L1Inner_Boron_NaF_L2QTemplate_LG_Width (16 points)
****************************************
Minimizer is Minuit2 / Migrad
Chi2                      =      45.7681
NDf                       =           14
Edm                       =  2.20327e-22
NCalls                    =           31
p0                        =    0.0412499   +/-   0.00171044  
p1                        =     0.033055   +/-   0.00162795  
****************************************
Minimizer is Minuit2 / Migrad
Chi2                      =      45.6428
NDf                       =           13
Edm                       =  2.37783e-22
NCalls                    =           53
p0                        =     0.040769   +/-   0.00218436  
p1                        =     0.036371   +/-   0.00145792  
p2                        =    0.0324804   +/-   0.00229911  
****************************************
Minimizer is Minuit2 / Migrad
Chi2                      =      39.9055
NDf                       =           12
Edm                       =  2.49215e-22
NCalls                    =           80
p0                        =    0.0371786   +/-   0.00266966  
p1                        =    0.0416248   +/-   0.00181605  
p2                        =    0.0317931   +/-   0.00179843  
p3                        =    0.0361109   +/-   0.00281852  
****************************************
Minimizer is Minuit2 / Migrad
Chi2                      =      39.2542
NDf                       =           11
Edm                       =  1.56422e-07
NCalls                    =          100
p0                        =    0.0357312   +/-   0.00299368  
p1                        =    0.0431856   +/-   0.00202907  
p2                        =    0.0339766   +/-   0.00186934  
p3                        =    0.0338338   +/-   0.00216597  
p4                        =    0.0344957   +/-   0.00360145  
  [FIT] Found good fit candidate. Best segments so far: 3. Stopping search.
  [FIT] Finalizing with loop variable 'segments' = 3
****************************************
Minimizer is Minuit2 / Migrad
Chi2                      =      38.5755
NDf                       =           12
Edm                       =  9.76052e-23
NCalls                    =           80
p0                        =    0.0338443   +/-   0.00358462  
p1                        =    0.0417597   +/-   0.0016726   
p2                        =    0.0320323   +/-   0.00172889  
p3                        =    0.0372695   +/-   0.00372172  
[SUCCESS] Created final fit for L1Inner_Boron_NaF_L2QTemplate_LG_Width_spline with chi2/ndf = 3.32545
begin drawing Boron L1Inner NaF LG_Width

[INFO] Starting smart spline fit for: L1Inner_Boron_NaF_L1QTemplate_LG_MPV (16 points)
****************************************
Minimizer is Minuit2 / Migrad
Chi2                      =      23.6648
NDf                       =           14
Edm                       =  3.13168e-18
NCalls                    =           43
p0                        =      4.91231   +/-   0.00141986  
p1                        =      4.93127   +/-   0.00169217  
  [FIT] Found good fit candidate. Best segments so far: 1. Stopping search.
  [FIT] Finalizing with loop variable 'segments' = 1
****************************************
Minimizer is Minuit2 / Migrad
Chi2                      =      21.7845
NDf                       =           14
Edm                       =  1.78929e-19
NCalls                    =           43
p0                        =      4.90975   +/-   0.00169974  
p1                        =      4.93381   +/-   0.00197923  
[SUCCESS] Created final fit for L1Inner_Boron_NaF_L1QTemplate_LG_MPV_spline with chi2/ndf = 1.69034

[INFO] Starting smart spline fit for: L1Inner_Boron_NaF_L2QTemplate_LG_MPV (16 points)
****************************************
Minimizer is Minuit2 / Migrad
Chi2                      =       47.382
NDf                       =           14
Edm                       =  1.91812e-18
NCalls                    =           43
p0                        =      4.92226   +/-   0.00213188  
p1                        =      4.92114   +/-   0.00223264  
****************************************
Minimizer is Minuit2 / Migrad
Chi2                      =      41.2692
NDf                       =           13
Edm                       =   7.6022e-11
NCalls                    =           71
p0                        =      4.92663   +/-   0.00276994  
p1                        =      4.91811   +/-   0.00191751  
p2                        =      4.92663   +/-   0.00314758  
****************************************
Minimizer is Minuit2 / Migrad
Chi2                      =      41.3707
NDf                       =           12
Edm                       =  1.34261e-07
NCalls                    =          107
p0                        =      4.92707   +/-   0.00349607  
p1                        =      4.91901   +/-   0.00228625  
p2                        =      4.92046   +/-   0.00254118  
p3                        =      4.92658   +/-   0.00392412  
****************************************
Minimizer is Minuit2 / Migrad
Chi2                      =      41.2116
NDf                       =           11
Edm                       =  1.31791e-06
NCalls                    =          121
p0                        =      4.92733   +/-   0.00403847  
p1                        =      4.92023   +/-   0.00254072  
p2                        =      4.91846   +/-   0.00246835  
p3                        =      4.92353   +/-   0.00291648  
p4                        =      4.92645   +/-   0.00507033  
  [FIT] Found good fit candidate. Best segments so far: 3. Stopping search.
  [FIT] Finalizing with loop variable 'segments' = 3
****************************************
Minimizer is Minuit2 / Migrad
Chi2                      =      39.0314
NDf                       =           12
Edm                       =  1.30226e-07
NCalls                    =           96
p0                        =      4.93225   +/-   0.00491106  
p1                        =      4.91823   +/-   0.00209941  
p2                        =      4.92077   +/-   0.00242489  
p3                        =      4.92796   +/-   0.0052377   
[SUCCESS] Created final fit for L1Inner_Boron_NaF_L2QTemplate_LG_MPV_spline with chi2/ndf = 3.44756
begin drawing Boron L1Inner NaF LG_MPV

[INFO] Starting smart spline fit for: L1Inner_Boron_NaF_L1QTemplate_LG_Sigma (16 points)
****************************************
Minimizer is Minuit2 / Migrad
Chi2                      =      23.8847
NDf                       =           14
Edm                       =  3.75481e-21
NCalls                    =           35
p0                        =     0.176355   +/-   0.00155158  
p1                        =     0.204884   +/-   0.0014352   
  [FIT] Found good fit candidate. Best segments so far: 1. Stopping search.
  [FIT] Finalizing with loop variable 'segments' = 1
****************************************
Minimizer is Minuit2 / Migrad
Chi2                      =      29.1388
NDf                       =           14
Edm                       =  4.38327e-22
NCalls                    =           35
p0                        =     0.173363   +/-   0.00181341  
p1                        =     0.207873   +/-   0.00168792  
[SUCCESS] Created final fit for L1Inner_Boron_NaF_L1QTemplate_LG_Sigma_spline with chi2/ndf = 1.70605

[INFO] Starting smart spline fit for: L1Inner_Boron_NaF_L2QTemplate_LG_Sigma (16 points)
****************************************
Minimizer is Minuit2 / Migrad
Chi2                      =      45.6922
NDf                       =           14
Edm                       =  5.86074e-22
NCalls                    =           35
p0                        =     0.186052   +/-   0.0020881   
p1                        =     0.199583   +/-   0.00189747  
****************************************
Minimizer is Minuit2 / Migrad
Chi2                      =      45.4282
NDf                       =           13
Edm                       =  6.72626e-07
NCalls                    =           59
p0                        =     0.185192   +/-   0.0026744   
p1                        =     0.195399   +/-   0.00172669  
p2                        =     0.198617   +/-   0.00266873  
****************************************
Minimizer is Minuit2 / Migrad
Chi2                      =      42.0929
NDf                       =           12
Edm                       =   3.5156e-06
NCalls                    =           82
p0                        =     0.188356   +/-   0.00324858  
p1                        =     0.188683   +/-   0.00216974  
p2                        =     0.199797   +/-   0.00208577  
p3                        =     0.195315   +/-   0.00325446  
****************************************
Minimizer is Minuit2 / Migrad
Chi2                      =      42.3507
NDf                       =           11
Edm                       =  3.88304e-07
NCalls                    =          100
p0                        =     0.189137   +/-   0.0036057   
p1                        =     0.186751   +/-   0.00242641  
p2                        =     0.197048   +/-   0.00221337  
p3                        =     0.198281   +/-   0.00252264  
p4                        =     0.196193   +/-   0.00412725  
  [FIT] Found good fit candidate. Best segments so far: 3. Stopping search.
  [FIT] Finalizing with loop variable 'segments' = 3
****************************************
Minimizer is Minuit2 / Migrad
Chi2                      =      41.9211
NDf                       =           12
Edm                       =  4.06761e-11
NCalls                    =           88
p0                        =     0.190767   +/-   0.00428468  
p1                        =     0.188352   +/-   0.00200342  
p2                        =     0.199657   +/-   0.00200574  
p3                        =     0.194012   +/-   0.00426367  
[SUCCESS] Created final fit for L1Inner_Boron_NaF_L2QTemplate_LG_Sigma_spline with chi2/ndf = 3.50774
begin drawing Boron L1Inner NaF LG_Sigma
begin drawing Boron L1Inner NaF LG_Chi2NDF

[INFO] Starting smart spline fit for: L1Inner_Boron_NaF_L1QTemplate_EGE_Peak (16 points)
****************************************
Minimizer is Minuit2 / Migrad
Chi2                      =      51.9947
NDf                       =           13
Edm                       =  3.68009e-18
NCalls                    =           43
p0                        =      4.94115   +/-   0.00151442  
p1                        =      4.99752   +/-   0.00173238  
****************************************
Minimizer is Minuit2 / Migrad
Chi2                      =      24.6902
NDf                       =           12
Edm                       =  4.59006e-09
NCalls                    =           61
p0                        =      4.93821   +/-   0.00161586  
p1                        =      4.98695   +/-   0.00216817  
p2                        =      4.99027   +/-   0.00222435  
  [FIT] Found good fit candidate. Best segments so far: 2. Stopping search.
  [FIT] Finalizing with loop variable 'segments' = 2
****************************************
Minimizer is Minuit2 / Migrad
Chi2                      =       20.474
NDf                       =           12
Edm                       =  8.20649e-18
NCalls                    =           69
p0                        =      4.93366   +/-   0.00183038  
p1                        =       4.9847   +/-   0.00197552  
p2                        =      4.99216   +/-   0.00277265  
[SUCCESS] Created final fit for L1Inner_Boron_NaF_L1QTemplate_EGE_Peak_spline with chi2/ndf = 2.05752

[INFO] Starting smart spline fit for: L1Inner_Boron_NaF_L2QTemplate_EGE_Peak (16 points)
****************************************
Minimizer is Minuit2 / Migrad
Chi2                      =      19.3071
NDf                       =           12
Edm                       =   2.3765e-19
NCalls                    =           41
p0                        =      4.95979   +/-   0.00340944  
p1                        =      4.97969   +/-   0.00379707  
  [FIT] Found good fit candidate. Best segments so far: 1. Stopping search.
  [FIT] Finalizing with loop variable 'segments' = 1
****************************************
Minimizer is Minuit2 / Migrad
Chi2                      =      19.4602
NDf                       =           12
Edm                       =  8.17724e-18
NCalls                    =           43
p0                        =      4.95758   +/-   0.00399732  
p1                        =       4.9823   +/-   0.00452137  
[SUCCESS] Created final fit for L1Inner_Boron_NaF_L2QTemplate_EGE_Peak_spline with chi2/ndf = 1.60893
begin drawing Boron L1Inner NaF EGE_Peak

[INFO] Starting smart spline fit for: L1Inner_Boron_NaF_L1QTemplate_EGE_SigmaL (16 points)
****************************************
Minimizer is Minuit2 / Migrad
Chi2                      =      42.2706
NDf                       =           13
Edm                       =  2.31369e-21
NCalls                    =           35
p0                        =     0.182792   +/-   0.00126565  
p1                        =     0.222234   +/-   0.00130204  
****************************************
Minimizer is Minuit2 / Migrad
Chi2                      =      19.9383
NDf                       =           12
Edm                       =  1.51279e-06
NCalls                    =           60
p0                        =     0.179997   +/-   0.00139699  
p1                        =     0.214259   +/-   0.00155886  
p2                        =     0.217332   +/-   0.00166504  
  [FIT] Found good fit candidate. Best segments so far: 2. Stopping search.
  [FIT] Finalizing with loop variable 'segments' = 2
****************************************
Minimizer is Minuit2 / Migrad
Chi2                      =      29.4598
NDf                       =           12
Edm                       =   8.5474e-22
NCalls                    =           55
p0                        =     0.176696   +/-   0.00161913  
p1                        =     0.212198   +/-   0.00141534  
p2                        =     0.218986   +/-   0.00207713  
[SUCCESS] Created final fit for L1Inner_Boron_NaF_L1QTemplate_EGE_SigmaL_spline with chi2/ndf = 1.66153

[INFO] Starting smart spline fit for: L1Inner_Boron_NaF_L2QTemplate_EGE_SigmaL (16 points)
****************************************
Minimizer is Minuit2 / Migrad
Chi2                      =      14.4557
NDf                       =           12
Edm                       =  3.03237e-22
NCalls                    =           35
p0                        =     0.188503   +/-   0.00237878  
p1                        =     0.216827   +/-   0.00254656  
  [FIT] Found good fit candidate. Best segments so far: 1. Stopping search.
  [FIT] Finalizing with loop variable 'segments' = 1
****************************************
Minimizer is Minuit2 / Migrad
Chi2                      =      15.4597
NDf                       =           12
Edm                       =  2.00905e-22
NCalls                    =           35
p0                        =     0.185346   +/-   0.00279592  
p1                        =     0.220535   +/-   0.00304784  
[SUCCESS] Created final fit for L1Inner_Boron_NaF_L2QTemplate_EGE_SigmaL_spline with chi2/ndf = 1.20464
begin drawing Boron L1Inner NaF EGE_SigmaL

[INFO] Starting smart spline fit for: L1Inner_Boron_NaF_L1QTemplate_EGE_SigmaR (16 points)
****************************************
Minimizer is Minuit2 / Migrad
Chi2                      =      107.967
NDf                       =           13
Edm                       =  7.46343e-22
NCalls                    =           35
p0                        =     0.279651   +/-   0.00188655  
p1                        =     0.222869   +/-   0.001458    
****************************************
Minimizer is Minuit2 / Migrad
Chi2                      =      28.7553
NDf                       =           12
Edm                       =  2.08109e-08
NCalls                    =           60
p0                        =     0.285704   +/-   0.00200541  
p1                        =     0.225638   +/-   0.00223403  
p2                        =     0.233413   +/-   0.00187858  
  [FIT] Found good fit candidate. Best segments so far: 2. Stopping search.
  [FIT] Finalizing with loop variable 'segments' = 2
****************************************
Minimizer is Minuit2 / Migrad
Chi2                      =      17.9024
NDf                       =           12
Edm                       =  1.44916e-21
NCalls                    =           59
p0                        =     0.292407   +/-   0.00225426  
p1                        =      0.22726   +/-   0.00203846  
p2                        =     0.234778   +/-   0.00240368  
[SUCCESS] Created final fit for L1Inner_Boron_NaF_L1QTemplate_EGE_SigmaR_spline with chi2/ndf = 2.39628

[INFO] Starting smart spline fit for: L1Inner_Boron_NaF_L2QTemplate_EGE_SigmaR (16 points)
****************************************
Minimizer is Minuit2 / Migrad
Chi2                      =      24.7369
NDf                       =           12
Edm                       =  1.58114e-22
NCalls                    =           31
p0                        =     0.262104   +/-   0.00338383  
p1                        =     0.229557   +/-   0.00465647  
****************************************
Minimizer is Minuit2 / Migrad
Chi2                      =      24.5713
NDf                       =           11
Edm                       =  3.96136e-22
NCalls                    =           53
p0                        =      0.26289   +/-   0.0038966   
p1                        =     0.240159   +/-   0.00381918  
p2                        =     0.232492   +/-   0.00858519  
  [FIT] Found good fit candidate. Best segments so far: 1. Stopping search.
  [FIT] Finalizing with loop variable 'segments' = 1
****************************************
Minimizer is Minuit2 / Migrad
Chi2                      =      24.7155
NDf                       =           12
Edm                       =  9.11244e-22
NCalls                    =           31
p0                        =     0.265126   +/-   0.00386734  
p1                        =     0.225508   +/-   0.00539345  
[SUCCESS] Created final fit for L1Inner_Boron_NaF_L2QTemplate_EGE_SigmaR_spline with chi2/ndf = 2.06141
begin drawing Boron L1Inner NaF EGE_SigmaR
  [SUCCESS] Wrote constant TF1 'L1Inner_Boron_NaF_L1QTemplate_EGE_AlphaL_spline' to file.
  [SUCCESS] Wrote constant TF1 'L1Inner_Boron_NaF_L2QTemplate_EGE_AlphaL_spline' to file.
begin drawing Boron L1Inner NaF EGE_AlphaL

[INFO] Starting smart spline fit for: L1Inner_Boron_NaF_L1QTemplate_EGE_AlphaR (16 points)
****************************************
Minimizer is Minuit2 / Migrad
Chi2                      =      637.578
NDf                       =           13
Edm                       =  5.61292e-22
NCalls                    =           31
p0                        =      1.73235   +/-   0.0225156   
p1                        =      1.10506   +/-   0.0111363   
****************************************
Minimizer is Minuit2 / Migrad
Chi2                      =      214.263
NDf                       =           12
Edm                       =  4.25593e-09
NCalls                    =           58
p0                        =       1.9901   +/-   0.0257659   
p1                        =      1.03644   +/-   0.0169798   
p2                        =      1.27055   +/-   0.0137371   
****************************************
Minimizer is Minuit2 / Migrad
Chi2                      =      100.957
NDf                       =           11
Edm                       =  4.38499e-22
NCalls                    =           80
p0                        =      2.10287   +/-   0.0278595   
p1                        =      1.01206   +/-   0.03268     
p2                        =      1.14998   +/-   0.0160316   
p3                        =      1.21612   +/-   0.0152243   
****************************************
Minimizer is Minuit2 / Migrad
Chi2                      =      55.9688
NDf                       =           10
Edm                       =  1.10241e-21
NCalls                    =          112
p0                        =      2.15189   +/-   0.028797    
p1                        =      1.01983   +/-   0.0390318   
p2                        =      1.10405   +/-   0.0223795   
p3                        =      1.13675   +/-   0.0211445   
p4                        =      1.26167   +/-   0.0194237   
****************************************
Minimizer is Minuit2 / Migrad
Chi2                      =      15.7612
NDf                       =            9
Edm                       =  9.45831e-09
NCalls                    =          135
p0                        =      2.20184   +/-   0.0298437   
p1                        =      1.06999   +/-   0.0451247   
p2                        =      1.13651   +/-   0.0378245   
p3                        =      1.08091   +/-   0.0190172   
p4                        =      1.19217   +/-   0.0242619   
p5                        =      1.22559   +/-   0.0210064   
  [FIT] Found good fit candidate. Best segments so far: 5. Stopping search.
  [FIT] Finalizing with loop variable 'segments' = 5
****************************************
Minimizer is Minuit2 / Migrad
Chi2                      =      7.81094
NDf                       =            9
Edm                       =  4.82246e-09
NCalls                    =          148
p0                        =      2.38319   +/-   0.0371121   
p1                        =      1.09774   +/-   0.042933    
p2                        =      1.12597   +/-   0.0373927   
p3                        =      1.08262   +/-   0.018787    
p4                        =      1.19026   +/-   0.0236277   
p5                        =      1.22721   +/-   0.0365187   
[SUCCESS] Created final fit for L1Inner_Boron_NaF_L1QTemplate_EGE_AlphaR_spline with chi2/ndf = 1.75125

[INFO] Starting smart spline fit for: L1Inner_Boron_NaF_L2QTemplate_EGE_AlphaR (16 points)
****************************************
Minimizer is Minuit2 / Migrad
Chi2                      =      25.4201
NDf                       =           12
Edm                       =  5.01546e-23
NCalls                    =           35
p0                        =      1.39993   +/-   0.0618355   
p1                        =      1.12155   +/-   0.0499185   
****************************************
Minimizer is Minuit2 / Migrad
Chi2                      =      25.4126
NDf                       =           11
Edm                       =  5.60448e-24
NCalls                    =           53
p0                        =      1.40471   +/-   0.0829468   
p1                        =      1.21862   +/-   0.0419953   
p2                        =      1.12655   +/-   0.0764409   
  [FIT] Found good fit candidate. Best segments so far: 1. Stopping search.
  [FIT] Finalizing with loop variable 'segments' = 1
****************************************
Minimizer is Minuit2 / Migrad
Chi2                      =      24.3416
NDf                       =           12
Edm                       =  9.01774e-23
NCalls                    =           31
p0                        =      1.45219   +/-   0.074317    
p1                        =      1.07046   +/-   0.0621078   
[SUCCESS] Created final fit for L1Inner_Boron_NaF_L2QTemplate_EGE_AlphaR_spline with chi2/ndf = 2.11834
begin drawing Boron L1Inner NaF EGE_AlphaR
begin drawing Boron L1Inner NaF EGE_Chi2NDF

[INFO] Starting smart spline fit for: L1Inner_Boron_AGL_L1QTemplate_LG_Width (22 points)
****************************************
Minimizer is Minuit2 / Migrad
Chi2                      =      21.8485
NDf                       =           20
Edm                       =  8.33251e-23
NCalls                    =           33
p0                        =    0.0367928   +/-   0.000478272 
p1                        =    0.0327599   +/-   0.000783215 
  [FIT] Found good fit candidate. Best segments so far: 1. Stopping search.
  [FIT] Finalizing with loop variable 'segments' = 1
****************************************
Minimizer is Minuit2 / Migrad
Chi2                      =      20.8613
NDf                       =           20
Edm                       =  3.69473e-23
NCalls                    =           31
p0                        =    0.0372326   +/-   0.000555258 
p1                        =    0.0322525   +/-   0.000880241 
[SUCCESS] Created final fit for L1Inner_Boron_AGL_L1QTemplate_LG_Width_spline with chi2/ndf = 1.09243

[INFO] Starting smart spline fit for: L1Inner_Boron_AGL_L2QTemplate_LG_Width (22 points)
****************************************
Minimizer is Minuit2 / Migrad
Chi2                      =      22.6874
NDf                       =           20
Edm                       =  5.47183e-23
NCalls                    =           31
p0                        =    0.0363982   +/-   0.000626235 
p1                        =      0.03293   +/-   0.00101606  
  [FIT] Found good fit candidate. Best segments so far: 1. Stopping search.
  [FIT] Finalizing with loop variable 'segments' = 1
****************************************
Minimizer is Minuit2 / Migrad
Chi2                      =      21.2581
NDf                       =           20
Edm                       =  4.08315e-22
NCalls                    =           31
p0                        =    0.0369025   +/-   0.000732396 
p1                        =    0.0322797   +/-   0.00114858  
[SUCCESS] Created final fit for L1Inner_Boron_AGL_L2QTemplate_LG_Width_spline with chi2/ndf = 1.13437
begin drawing Boron L1Inner AGL LG_Width

[INFO] Starting smart spline fit for: L1Inner_Boron_AGL_L1QTemplate_LG_MPV (22 points)
****************************************
Minimizer is Minuit2 / Migrad
Chi2                      =      44.0679
NDf                       =           20
Edm                       =  2.53065e-19
NCalls                    =           43
p0                        =      4.92776   +/-   0.00065244  
p1                        =      4.95165   +/-   0.00109141  
****************************************
Minimizer is Minuit2 / Migrad
Chi2                      =      22.9169
NDf                       =           19
Edm                       =  4.18289e-09
NCalls                    =           75
p0                        =      4.92587   +/-   0.000771602 
p1                        =      4.94454   +/-   0.00082192  
p2                        =      4.94586   +/-   0.00166749  
  [FIT] Found good fit candidate. Best segments so far: 2. Stopping search.
  [FIT] Finalizing with loop variable 'segments' = 2
****************************************
Minimizer is Minuit2 / Migrad
Chi2                      =      37.7582
NDf                       =           19
Edm                       =  2.60223e-17
NCalls                    =           86
p0                        =       4.9237   +/-   0.000960786 
p1                        =      4.94293   +/-   0.000732249 
p2                        =      4.94838   +/-   0.00210185  
[SUCCESS] Created final fit for L1Inner_Boron_AGL_L1QTemplate_LG_MPV_spline with chi2/ndf = 1.20615

[INFO] Starting smart spline fit for: L1Inner_Boron_AGL_L2QTemplate_LG_MPV (22 points)
****************************************
Minimizer is Minuit2 / Migrad
Chi2                      =      19.1012
NDf                       =           20
Edm                       =  8.71201e-19
NCalls                    =           43
p0                        =      4.92696   +/-   0.000844931 
p1                        =      4.95171   +/-   0.00136975  
  [FIT] Found good fit candidate. Best segments so far: 1. Stopping search.
  [FIT] Finalizing with loop variable 'segments' = 1
****************************************
Minimizer is Minuit2 / Migrad
Chi2                      =      17.9162
NDf                       =           20
Edm                       =  1.27488e-18
NCalls                    =           43
p0                        =      4.92455   +/-   0.000981927 
p1                        =      4.95437   +/-   0.00154766  
[SUCCESS] Created final fit for L1Inner_Boron_AGL_L2QTemplate_LG_MPV_spline with chi2/ndf = 0.955058
begin drawing Boron L1Inner AGL LG_MPV

[INFO] Starting smart spline fit for: L1Inner_Boron_AGL_L1QTemplate_LG_Sigma (22 points)
****************************************
Minimizer is Minuit2 / Migrad
Chi2                      =      32.9329
NDf                       =           20
Edm                       =  2.02814e-21
NCalls                    =           35
p0                        =      0.19623   +/-   0.000583925 
p1                        =     0.192323   +/-   0.000937415 
  [FIT] Found good fit candidate. Best segments so far: 1. Stopping search.
  [FIT] Finalizing with loop variable 'segments' = 1
****************************************
Minimizer is Minuit2 / Migrad
Chi2                      =      34.0998
NDf                       =           20
Edm                       =  1.72288e-21
NCalls                    =           37
p0                        =     0.196499   +/-   0.000678915 
p1                        =      0.19212   +/-   0.00105543  
[SUCCESS] Created final fit for L1Inner_Boron_AGL_L1QTemplate_LG_Sigma_spline with chi2/ndf = 1.64665

[INFO] Starting smart spline fit for: L1Inner_Boron_AGL_L2QTemplate_LG_Sigma (22 points)
****************************************
Minimizer is Minuit2 / Migrad
Chi2                      =      31.4961
NDf                       =           20
Edm                       =  1.89345e-22
NCalls                    =           35
p0                        =     0.193344   +/-   0.000753502 
p1                        =     0.186428   +/-   0.00122344  
  [FIT] Found good fit candidate. Best segments so far: 1. Stopping search.
  [FIT] Finalizing with loop variable 'segments' = 1
****************************************
Minimizer is Minuit2 / Migrad
Chi2                      =      34.6279
NDf                       =           20
Edm                       =  8.37944e-22
NCalls                    =           35
p0                        =     0.193744   +/-   0.000880438 
p1                        =     0.186222   +/-   0.00138041  
[SUCCESS] Created final fit for L1Inner_Boron_AGL_L2QTemplate_LG_Sigma_spline with chi2/ndf = 1.57481
begin drawing Boron L1Inner AGL LG_Sigma
begin drawing Boron L1Inner AGL LG_Chi2NDF

[INFO] Starting smart spline fit for: L1Inner_Boron_AGL_L1QTemplate_EGE_Peak (22 points)
****************************************
Minimizer is Minuit2 / Migrad
Chi2                      =      55.3986
NDf                       =           19
Edm                       =  7.38044e-18
NCalls                    =           43
p0                        =      4.98563   +/-   0.00104166  
p1                        =      5.00606   +/-   0.00176027  
****************************************
Minimizer is Minuit2 / Migrad
Chi2                      =      32.4565
NDf                       =           18
Edm                       =     1.61e-09
NCalls                    =           73
p0                        =      4.98216   +/-   0.00126977  
p1                        =       5.0021   +/-   0.00132481  
p2                        =      4.99766   +/-   0.00248495  
  [FIT] Found good fit candidate. Best segments so far: 2. Stopping search.
  [FIT] Finalizing with loop variable 'segments' = 2
****************************************
Minimizer is Minuit2 / Migrad
Chi2                      =      36.0389
NDf                       =           18
Edm                       =  3.66354e-10
NCalls                    =           71
p0                        =      4.97897   +/-   0.00162164  
p1                        =      5.00043   +/-   0.00118171  
p2                        =      4.99796   +/-   0.00306228  
[SUCCESS] Created final fit for L1Inner_Boron_AGL_L1QTemplate_EGE_Peak_spline with chi2/ndf = 1.80314

[INFO] Starting smart spline fit for: L1Inner_Boron_AGL_L2QTemplate_EGE_Peak (22 points)
****************************************
Minimizer is Minuit2 / Migrad
Chi2                      =      45.4494
NDf                       =           20
Edm                       =  2.02679e-18
NCalls                    =           43
p0                        =      4.97665   +/-   0.0013532   
p1                        =      5.00014   +/-   0.00191119  
****************************************
Minimizer is Minuit2 / Migrad
Chi2                      =      43.5394
NDf                       =           19
Edm                       =  1.41776e-05
NCalls                    =           70
p0                        =      4.97529   +/-   0.00167267  
p1                        =      4.99225   +/-   0.00157567  
p2                        =       4.9973   +/-   0.00280896  
  [FIT] Found good fit candidate. Best segments so far: 1. Stopping search.
  [FIT] Finalizing with loop variable 'segments' = 1
****************************************
Minimizer is Minuit2 / Migrad
Chi2                      =      49.4381
NDf                       =           20
Edm                       =  2.56027e-18
NCalls                    =           43
p0                        =      4.97453   +/-   0.00157512  
p1                        =      5.00223   +/-   0.00217691  
[SUCCESS] Created final fit for L1Inner_Boron_AGL_L2QTemplate_EGE_Peak_spline with chi2/ndf = 2.27247
begin drawing Boron L1Inner AGL EGE_Peak

[INFO] Starting smart spline fit for: L1Inner_Boron_AGL_L1QTemplate_EGE_SigmaL (22 points)
****************************************
Minimizer is Minuit2 / Migrad
Chi2                      =      39.2662
NDf                       =           19
Edm                       =  8.76215e-22
NCalls                    =           35
p0                        =     0.212234   +/-   0.000708418 
p1                        =     0.206634   +/-   0.0011802   
****************************************
Minimizer is Minuit2 / Migrad
Chi2                      =      26.9559
NDf                       =           18
Edm                       =  2.71319e-09
NCalls                    =           63
p0                        =     0.210525   +/-   0.000859642 
p1                        =     0.211121   +/-   0.000912681 
p2                        =     0.202423   +/-   0.00168316  
  [FIT] Found good fit candidate. Best segments so far: 2. Stopping search.
  [FIT] Finalizing with loop variable 'segments' = 2
****************************************
Minimizer is Minuit2 / Migrad
Chi2                      =      24.9914
NDf                       =           18
Edm                       =  2.54146e-11
NCalls                    =           61
p0                        =     0.209849   +/-   0.00109555  
p1                        =     0.211085   +/-   0.000811513 
p2                        =     0.199932   +/-   0.00208998  
[SUCCESS] Created final fit for L1Inner_Boron_AGL_L1QTemplate_EGE_SigmaL_spline with chi2/ndf = 1.49755

[INFO] Starting smart spline fit for: L1Inner_Boron_AGL_L2QTemplate_EGE_SigmaL (22 points)
****************************************
Minimizer is Minuit2 / Migrad
Chi2                      =       43.463
NDf                       =           20
Edm                       =  4.16016e-22
NCalls                    =           35
p0                        =     0.205132   +/-   0.000908413 
p1                        =     0.197548   +/-   0.00137679  
****************************************
Minimizer is Minuit2 / Migrad
Chi2                      =      37.6131
NDf                       =           19
Edm                       =  3.22834e-09
NCalls                    =           60
p0                        =     0.203638   +/-   0.0010985   
p1                        =     0.202484   +/-   0.00108891  
p2                        =     0.193733   +/-   0.00209398  
  [FIT] Found good fit candidate. Best segments so far: 1. Stopping search.
  [FIT] Finalizing with loop variable 'segments' = 1
****************************************
Minimizer is Minuit2 / Migrad
Chi2                      =      44.4042
NDf                       =           20
Edm                       =  1.24748e-22
NCalls                    =           35
p0                        =     0.205785   +/-   0.00105682  
p1                        =     0.196909   +/-   0.00156243  
[SUCCESS] Created final fit for L1Inner_Boron_AGL_L2QTemplate_EGE_SigmaL_spline with chi2/ndf = 2.17315
begin drawing Boron L1Inner AGL EGE_SigmaL

[INFO] Starting smart spline fit for: L1Inner_Boron_AGL_L1QTemplate_EGE_SigmaR (22 points)
****************************************
Minimizer is Minuit2 / Migrad
Chi2                      =       40.671
NDf                       =           19
Edm                       =  2.60224e-22
NCalls                    =           35
p0                        =     0.235587   +/-   0.00125501  
p1                        =     0.224798   +/-   0.0022569   
****************************************
Minimizer is Minuit2 / Migrad
Chi2                      =      36.3107
NDf                       =           18
Edm                       =  2.30424e-10
NCalls                    =           61
p0                        =     0.237264   +/-   0.00149006  
p1                        =     0.226892   +/-   0.0016592   
p2                        =     0.229581   +/-   0.00321575  
  [FIT] Found good fit candidate. Best segments so far: 1. Stopping search.
  [FIT] Finalizing with loop variable 'segments' = 1
****************************************
Minimizer is Minuit2 / Migrad
Chi2                      =      39.6414
NDf                       =           19
Edm                       =  4.77446e-22
NCalls                    =           35
p0                        =     0.236789   +/-   0.00146874  
p1                        =     0.223526   +/-   0.00249734  
[SUCCESS] Created final fit for L1Inner_Boron_AGL_L1QTemplate_EGE_SigmaR_spline with chi2/ndf = 2.14058

[INFO] Starting smart spline fit for: L1Inner_Boron_AGL_L2QTemplate_EGE_SigmaR (22 points)
****************************************
Minimizer is Minuit2 / Migrad
Chi2                      =      71.6243
NDf                       =           20
Edm                       =  2.63096e-22
NCalls                    =           35
p0                        =     0.241029   +/-   0.00166696  
p1                        =     0.233559   +/-   0.00225049  
****************************************
Minimizer is Minuit2 / Migrad
Chi2                      =      70.2314
NDf                       =           19
Edm                       =  2.95709e-08
NCalls                    =           59
p0                        =     0.242619   +/-   0.00214324  
p1                        =     0.234958   +/-   0.00185538  
p2                        =     0.236049   +/-   0.0030846   
****************************************
Minimizer is Minuit2 / Migrad
Chi2                      =      55.1896
NDf                       =           18
Edm                       =  2.92073e-06
NCalls                    =           81
p0                        =     0.238401   +/-   0.00245948  
p1                        =     0.241059   +/-   0.00177443  
p2                        =     0.226983   +/-   0.00261924  
p3                        =     0.245642   +/-   0.00397132  
****************************************
Minimizer is Minuit2 / Migrad
Chi2                      =      52.9735
NDf                       =           17
Edm                       =  1.46857e-07
NCalls                    =          113
p0                        =     0.239991   +/-   0.00270247  
p1                        =     0.240865   +/-   0.00198228  
p2                        =     0.233826   +/-   0.00258954  
p3                        =      0.22714   +/-   0.00297636  
p4                        =     0.251704   +/-   0.00500903  
  [FIT] Found good fit candidate. Best segments so far: 3. Stopping search.
  [FIT] Finalizing with loop variable 'segments' = 3
****************************************
Minimizer is Minuit2 / Migrad
Chi2                      =      57.0682
NDf                       =           18
Edm                       =  1.65495e-22
NCalls                    =           82
p0                        =     0.237727   +/-   0.00310449  
p1                        =      0.24028   +/-   0.00165074  
p2                        =     0.228086   +/-   0.00249401  
p3                        =     0.250736   +/-   0.00539428  
[SUCCESS] Created final fit for L1Inner_Boron_AGL_L2QTemplate_EGE_SigmaR_spline with chi2/ndf = 3.06609
begin drawing Boron L1Inner AGL EGE_SigmaR
  [SUCCESS] Wrote constant TF1 'L1Inner_Boron_AGL_L1QTemplate_EGE_AlphaL_spline' to file.
  [SUCCESS] Wrote constant TF1 'L1Inner_Boron_AGL_L2QTemplate_EGE_AlphaL_spline' to file.
begin drawing Boron L1Inner AGL EGE_AlphaL

[INFO] Starting smart spline fit for: L1Inner_Boron_AGL_L1QTemplate_EGE_AlphaR (22 points)
****************************************
Minimizer is Minuit2 / Migrad
Chi2                      =      37.9735
NDf                       =           19
Edm                       =  3.30384e-22
NCalls                    =           33
p0                        =      1.20672   +/-   0.00945165  
p1                        =      1.16948   +/-   0.0205463   
****************************************
Minimizer is Minuit2 / Migrad
Chi2                      =      37.7718
NDf                       =           18
Edm                       =  4.56537e-22
NCalls                    =           53
p0                        =      1.20909   +/-   0.0108238   
p1                        =       1.1812   +/-   0.0136188   
p2                        =      1.18008   +/-   0.0312883   
  [FIT] Found good fit candidate. Best segments so far: 1. Stopping search.
  [FIT] Finalizing with loop variable 'segments' = 1
****************************************
Minimizer is Minuit2 / Migrad
Chi2                      =      37.5769
NDf                       =           19
Edm                       =  1.23982e-21
NCalls                    =           33
p0                        =      1.21118   +/-   0.011104    
p1                        =      1.16371   +/-   0.0224827   
[SUCCESS] Created final fit for L1Inner_Boron_AGL_L1QTemplate_EGE_AlphaR_spline with chi2/ndf = 1.9986

[INFO] Starting smart spline fit for: L1Inner_Boron_AGL_L2QTemplate_EGE_AlphaR (22 points)
****************************************
Minimizer is Minuit2 / Migrad
Chi2                      =      32.0152
NDf                       =           20
Edm                       =   1.6664e-22
NCalls                    =           31
p0                        =      1.27588   +/-   0.0178757   
p1                        =      1.23005   +/-   0.0285438   
  [FIT] Found good fit candidate. Best segments so far: 1. Stopping search.
  [FIT] Finalizing with loop variable 'segments' = 1
****************************************
Minimizer is Minuit2 / Migrad
Chi2                      =      32.6456
NDf                       =           20
Edm                       =  1.84678e-22
NCalls                    =           31
p0                        =      1.27513   +/-   0.021254    
p1                        =      1.23457   +/-   0.0326279   
[SUCCESS] Created final fit for L1Inner_Boron_AGL_L2QTemplate_EGE_AlphaR_spline with chi2/ndf = 1.60076
begin drawing Boron L1Inner AGL EGE_AlphaR
begin drawing Boron L1Inner AGL EGE_Chi2NDF

[INFO] Starting smart spline fit for: UnbiasedL1Inner_Boron_TOF_L1QTemplate_LG_Width (7 points)
****************************************
Minimizer is Minuit2 / Migrad
Chi2                      =      91.3683
NDf                       =            5
Edm                       =   1.0997e-21
NCalls                    =           31
p0                        =    0.0186102   +/-   0.000835555 
p1                        =    0.0682466   +/-   0.00128638  
****************************************
Minimizer is Minuit2 / Migrad
Chi2                      =      35.0472
NDf                       =            4
Edm                       =  4.38251e-22
NCalls                    =           53
p0                        =    0.0239071   +/-   0.00109376  
p1                        =    0.0415546   +/-   0.00101657  
p2                        =    0.0757156   +/-   0.00162643  
****************************************
Minimizer is Minuit2 / Migrad
Chi2                      =      6.28866
NDf                       =            3
Edm                       =  8.97015e-07
NCalls                    =           79
p0                        =    0.0272574   +/-   0.00125771  
p1                        =    0.0299618   +/-   0.000907863 
p2                        =    0.0622354   +/-   0.00177239  
p3                        =    0.0709885   +/-   0.00189395  
  [FIT] Found good fit candidate. Best segments so far: 3. Stopping search.
  [FIT] Finalizing with loop variable 'segments' = 3
****************************************
Minimizer is Minuit2 / Migrad
Chi2                      =      4.73617
NDf                       =            3
Edm                       =  8.41906e-09
NCalls                    =           88
p0                        =    0.0304816   +/-   0.00181176  
p1                        =    0.0301653   +/-   0.000857226 
p2                        =    0.0621846   +/-   0.00170165  
p3                        =    0.0707619   +/-   0.00250683  
[SUCCESS] Created final fit for UnbiasedL1Inner_Boron_TOF_L1QTemplate_LG_Width_spline with chi2/ndf = 2.09622

[INFO] Starting smart spline fit for: UnbiasedL1Inner_Boron_TOF_L2QTemplate_LG_Width (7 points)
****************************************
Minimizer is Minuit2 / Migrad
Chi2                      =      57.3992
NDf                       =            5
Edm                       =  4.38217e-22
NCalls                    =           31
p0                        =    0.0177981   +/-   0.00102627  
p1                        =    0.0483935   +/-   0.00133634  
****************************************
Minimizer is Minuit2 / Migrad
Chi2                      =        1.321
NDf                       =            4
Edm                       =  3.28456e-23
NCalls                    =           53
p0                        =    0.0246859   +/-   0.00137812  
p1                        =    0.0277469   +/-   0.00126498  
p2                        =    0.0552245   +/-   0.00161799  
  [FIT] Found good fit candidate. Best segments so far: 2. Stopping search.
  [FIT] Finalizing with loop variable 'segments' = 2
****************************************
Minimizer is Minuit2 / Migrad
Chi2                      =      4.26916
NDf                       =            4
Edm                       =  2.26654e-22
NCalls                    =           53
p0                        =    0.0252086   +/-   0.00186111  
p1                        =    0.0278727   +/-   0.00113485  
p2                        =    0.0608865   +/-   0.00198219  
[SUCCESS] Created final fit for UnbiasedL1Inner_Boron_TOF_L2QTemplate_LG_Width_spline with chi2/ndf = 0.33025
begin drawing Boron UnbiasedL1Inner TOF LG_Width

[INFO] Starting smart spline fit for: UnbiasedL1Inner_Boron_TOF_L1QTemplate_LG_MPV (7 points)
****************************************
Minimizer is Minuit2 / Migrad
Chi2                      =      219.681
NDf                       =            5
Edm                       =  2.53265e-16
NCalls                    =           43
p0                        =      4.93893   +/-   0.00123727  
p1                        =      4.90419   +/-   0.00055079  
****************************************
Minimizer is Minuit2 / Migrad
Chi2                      =      137.878
NDf                       =            4
Edm                       =  1.13055e-16
NCalls                    =           71
p0                        =      4.94878   +/-   0.00164824  
p1                        =      4.91147   +/-   0.000979969 
p2                        =      4.90756   +/-   0.000665333 
****************************************
Minimizer is Minuit2 / Migrad
Chi2                      =      4.01835
NDf                       =            3
Edm                       =  5.10199e-20
NCalls                    =           88
p0                        =      4.93736   +/-   0.00195415  
p1                        =      4.93261   +/-   0.00130727  
p2                        =      4.90038   +/-   0.000923417 
p3                        =      4.91213   +/-   0.000775374 
  [FIT] Found good fit candidate. Best segments so far: 3. Stopping search.
  [FIT] Finalizing with loop variable 'segments' = 3
****************************************
Minimizer is Minuit2 / Migrad
Chi2                      =      9.42872
NDf                       =            3
Edm                       =  8.37202e-17
NCalls                    =          102
p0                        =      4.93535   +/-   0.00271214  
p1                        =      4.93191   +/-   0.00125277  
p2                        =      4.90183   +/-   0.000833806 
p3                        =      4.91646   +/-   0.00107885  
[SUCCESS] Created final fit for UnbiasedL1Inner_Boron_TOF_L1QTemplate_LG_MPV_spline with chi2/ndf = 1.33945

[INFO] Starting smart spline fit for: UnbiasedL1Inner_Boron_TOF_L2QTemplate_LG_MPV (7 points)
****************************************
Minimizer is Minuit2 / Migrad
Chi2                      =      21.2122
NDf                       =            5
Edm                       =  7.07974e-18
NCalls                    =           43
p0                        =      4.96401   +/-   0.00165786  
p1                        =      4.91584   +/-   0.00103888  
****************************************
Minimizer is Minuit2 / Migrad
Chi2                      =      9.46026
NDf                       =            4
Edm                       =  1.09495e-17
NCalls                    =           77
p0                        =      4.95905   +/-   0.00220004  
p1                        =       4.9417   +/-   0.00177562  
p2                        =      4.91373   +/-   0.00120849  
  [FIT] Found good fit candidate. Best segments so far: 2. Stopping search.
  [FIT] Finalizing with loop variable 'segments' = 2
****************************************
Minimizer is Minuit2 / Migrad
Chi2                      =      24.4396
NDf                       =            4
Edm                       =  6.41292e-17
NCalls                    =           73
p0                        =      4.96335   +/-   0.00289754  
p1                        =      4.94058   +/-   0.0015661   
p2                        =      4.90935   +/-   0.00154849  
[SUCCESS] Created final fit for UnbiasedL1Inner_Boron_TOF_L2QTemplate_LG_MPV_spline with chi2/ndf = 2.36506
begin drawing Boron UnbiasedL1Inner TOF LG_MPV

[INFO] Starting smart spline fit for: UnbiasedL1Inner_Boron_TOF_L1QTemplate_LG_Sigma (7 points)
****************************************
Minimizer is Minuit2 / Migrad
Chi2                      =      250.923
NDf                       =            5
Edm                       =  2.90338e-21
NCalls                    =           33
p0                        =     0.215605   +/-   0.000982956 
p1                        =     0.168769   +/-   0.00178605  
****************************************
Minimizer is Minuit2 / Migrad
Chi2                      =      20.7166
NDf                       =            4
Edm                       =  7.13822e-20
NCalls                    =           61
p0                        =     0.203164   +/-   0.00128006  
p1                        =     0.201115   +/-   0.00123977  
p2                        =     0.145285   +/-   0.0023634   
****************************************
Minimizer is Minuit2 / Migrad
Chi2                      =      14.4519
NDf                       =            3
Edm                       =  1.89127e-19
NCalls                    =           84
p0                        =     0.201343   +/-   0.0014794   
p1                        =     0.210428   +/-   0.00105958  
p2                        =     0.179009   +/-   0.00233855  
p3                        =     0.147209   +/-   0.00277477  
****************************************
Minimizer is Minuit2 / Migrad
Chi2                      =      6.97646
NDf                       =            2
Edm                       =  1.09776e-06
NCalls                    =          115
p0                        =     0.198487   +/-   0.00179737  
p1                        =     0.212212   +/-   0.00115719  
p2                        =     0.196724   +/-   0.00171643  
p3                        =      0.16262   +/-   0.00268605  
p4                        =     0.145803   +/-   0.00329951  
  [FIT] Found good fit candidate. Best segments so far: 4. Stopping search.
  [FIT] Finalizing with loop variable 'segments' = 4
****************************************
Minimizer is Minuit2 / Migrad
Chi2                      =      6.84958
NDf                       =            2
Edm                       =   3.6259e-21
NCalls                    =          118
p0                        =     0.192441   +/-   0.00277121  
p1                        =     0.212278   +/-   0.00116379  
p2                        =     0.196945   +/-   0.00168679  
p3                        =     0.162493   +/-   0.00276153  
p4                        =     0.142077   +/-   0.00467491  
[SUCCESS] Created final fit for UnbiasedL1Inner_Boron_TOF_L1QTemplate_LG_Sigma_spline with chi2/ndf = 3.48823

[INFO] Starting smart spline fit for: UnbiasedL1Inner_Boron_TOF_L2QTemplate_LG_Sigma (7 points)
****************************************
Minimizer is Minuit2 / Migrad
Chi2                      =       113.66
NDf                       =            5
Edm                       =  2.36724e-22
NCalls                    =           35
p0                        =     0.197604   +/-   0.00120138  
p1                        =     0.188766   +/-   0.00175224  
****************************************
Minimizer is Minuit2 / Migrad
Chi2                      =      6.68471
NDf                       =            4
Edm                       =  4.07683e-20
NCalls                    =           59
p0                        =      0.18643   +/-   0.00161569  
p1                        =     0.204208   +/-   0.00147128  
p2                        =      0.17505   +/-   0.00219751  
  [FIT] Found good fit candidate. Best segments so far: 2. Stopping search.
  [FIT] Finalizing with loop variable 'segments' = 2
****************************************
Minimizer is Minuit2 / Migrad
Chi2                      =      4.64416
NDf                       =            4
Edm                       =  1.59587e-22
NCalls                    =           53
p0                        =     0.181277   +/-   0.00219908  
p1                        =     0.202771   +/-   0.00132118  
p2                        =     0.168626   +/-   0.00269483  
[SUCCESS] Created final fit for UnbiasedL1Inner_Boron_TOF_L2QTemplate_LG_Sigma_spline with chi2/ndf = 1.67118
begin drawing Boron UnbiasedL1Inner TOF LG_Sigma
begin drawing Boron UnbiasedL1Inner TOF LG_Chi2NDF

[INFO] Starting smart spline fit for: UnbiasedL1Inner_Boron_TOF_L1QTemplate_EGE_Peak (7 points)
****************************************
Minimizer is Minuit2 / Migrad
Chi2                      =      116.384
NDf                       =            4
Edm                       =  4.96448e-18
NCalls                    =           43
p0                        =      4.99336   +/-   0.00197956  
p1                        =      4.93176   +/-   0.00140006  
****************************************
Minimizer is Minuit2 / Migrad
Chi2                      =       67.929
NDf                       =            3
Edm                       =  2.00191e-17
NCalls                    =           71
p0                        =      5.00329   +/-   0.00243969  
p1                        =      4.94679   +/-   0.00185586  
p2                        =      4.94273   +/-   0.0021074   
****************************************
Minimizer is Minuit2 / Migrad
Chi2                      =      6.99881
NDf                       =            2
Edm                       =  7.08256e-07
NCalls                    =          104
p0                        =       4.9863   +/-   0.00332612  
p1                        =       4.9827   +/-   0.00312654  
p2                        =      4.93482   +/-   0.00147938  
p3                        =      4.95314   +/-   0.0025079   
****************************************
Minimizer is Minuit2 / Migrad
Chi2                      =     0.131857
NDf                       =            1
Edm                       =  4.01054e-20
NCalls                    =          114
p0                        =      4.98025   +/-   0.00390289  
p1                        =      4.99512   +/-   0.00229493  
p2                        =      4.94888   +/-   0.00250446  
p3                        =      4.93933   +/-   0.00169989  
p4                        =      4.95223   +/-   0.00315534  
****************************************
Minimizer is Minuit2 / Migrad
Chi2                      =  3.33975e-19
NDf                       =            0
Edm                       =  3.34077e-19
NCalls                    =          163
p0                        =      4.98007   +/-   0.00407732  
p1                        =        4.995   +/-   0.00229247  
p2                        =      4.97468   +/-   0.00488084  
p3                        =       4.9361   +/-   0.00168185  
p4                        =      4.93975   +/-   0.00205898  
p5                        =      4.95174   +/-   0.00341392  
  [FIT] No fit met threshold. Falling back to best chi2/ndf.
  [FIT] Finalizing with loop variable 'segments' = 4
****************************************
Minimizer is Minuit2 / Migrad
Chi2                      =     0.373044
NDf                       =            1
Edm                       =  9.09958e-18
NCalls                    =          132
p0                        =      4.97069   +/-   0.005773    
p1                        =      4.99511   +/-   0.00228761  
p2                        =      4.94845   +/-   0.0024559   
p3                        =      4.93905   +/-   0.00173812  
p4                        =      4.95677   +/-   0.00439077  
[SUCCESS] Created final fit for UnbiasedL1Inner_Boron_TOF_L1QTemplate_EGE_Peak_spline with chi2/ndf = 0.131857

[INFO] Starting smart spline fit for: UnbiasedL1Inner_Boron_TOF_L2QTemplate_EGE_Peak (7 points)
****************************************
Minimizer is Minuit2 / Migrad
Chi2                      =      45.8347
NDf                       =            5
Edm                       =  9.16397e-18
NCalls                    =           43
p0                        =      4.99993   +/-   0.00188301  
p1                        =      4.95275   +/-   0.00139798  
****************************************
Minimizer is Minuit2 / Migrad
Chi2                      =      45.4457
NDf                       =            4
Edm                       =   5.3594e-18
NCalls                    =           71
p0                        =      4.99891   +/-   0.00249104  
p1                        =      4.97354   +/-   0.00153029  
p2                        =      4.95203   +/-   0.00181674  
****************************************
Minimizer is Minuit2 / Migrad
Chi2                      =       9.3497
NDf                       =            3
Edm                       =  9.34036e-18
NCalls                    =          113
p0                        =      4.98942   +/-   0.00297116  
p1                        =      4.99153   +/-   0.00194692  
p2                        =      4.95695   +/-   0.00170206  
p3                        =      4.95879   +/-   0.0021737   
****************************************
Minimizer is Minuit2 / Migrad
Chi2                      =      3.11409
NDf                       =            2
Edm                       =  3.99119e-09
NCalls                    =          105
p0                        =      4.98467   +/-   0.00363235  
p1                        =      4.99977   +/-   0.00230403  
p2                        =        4.972   +/-   0.00190032  
p3                        =      4.95388   +/-   0.00174889  
p4                        =      4.95957   +/-   0.00262684  
  [FIT] Found good fit candidate. Best segments so far: 4. Stopping search.
  [FIT] Finalizing with loop variable 'segments' = 4
****************************************
Minimizer is Minuit2 / Migrad
Chi2                      =      2.70635
NDf                       =            2
Edm                       =  9.74145e-08
NCalls                    =          100
p0                        =      4.97651   +/-   0.00544194  
p1                        =      5.00006   +/-   0.00233749  
p2                        =       4.9721   +/-   0.00187798  
p3                        =      4.95354   +/-   0.00178537  
p4                        =       4.9626   +/-   0.00368905  
[SUCCESS] Created final fit for UnbiasedL1Inner_Boron_TOF_L2QTemplate_EGE_Peak_spline with chi2/ndf = 1.55705
begin drawing Boron UnbiasedL1Inner TOF EGE_Peak

[INFO] Starting smart spline fit for: UnbiasedL1Inner_Boron_TOF_L1QTemplate_EGE_SigmaL (7 points)
****************************************
Minimizer is Minuit2 / Migrad
Chi2                      =      70.8384
NDf                       =            4
Edm                       =  1.75276e-21
NCalls                    =           35
p0                        =     0.227312   +/-   0.00152294  
p1                        =     0.168303   +/-   0.00109996  
****************************************
Minimizer is Minuit2 / Migrad
Chi2                      =        68.72
NDf                       =            3
Edm                       =  3.66005e-21
NCalls                    =           55
p0                        =     0.225516   +/-   0.00195993  
p1                        =     0.195091   +/-   0.00139244  
p2                        =     0.166073   +/-   0.00188651  
****************************************
Minimizer is Minuit2 / Migrad
Chi2                      =      11.8626
NDf                       =            2
Edm                       =  5.55052e-09
NCalls                    =           90
p0                        =      0.20921   +/-   0.00292851  
p1                        =     0.222273   +/-   0.0023646   
p2                        =     0.179171   +/-   0.00102664  
p3                        =     0.175305   +/-   0.00232412  
****************************************
Minimizer is Minuit2 / Migrad
Chi2                      =     0.925763
NDf                       =            1
Edm                       =  2.57476e-19
NCalls                    =          122
p0                        =     0.202322   +/-   0.00346931  
p1                        =     0.225572   +/-   0.00156529  
p2                        =     0.194462   +/-   0.00195052  
p3                        =     0.173719   +/-   0.00132163  
p4                        =      0.17172   +/-   0.00314256  
****************************************
Minimizer is Minuit2 / Migrad
Chi2                      =   1.6871e-06
NDf                       =            0
Edm                       =   1.6871e-06
NCalls                    =          139
p0                        =     0.202602   +/-   0.0036006   
p1                        =      0.22544   +/-   0.00156214  
p2                        =     0.216337   +/-   0.00376373  
p3                        =     0.179732   +/-   0.00112303  
p4                        =     0.174608   +/-   0.00161206  
p5                        =      0.17029   +/-   0.00347285  
  [FIT] No fit met threshold. Falling back to best chi2/ndf.
  [FIT] Finalizing with loop variable 'segments' = 4
****************************************
Minimizer is Minuit2 / Migrad
Chi2                      =      1.08993
NDf                       =            1
Edm                       =  3.53879e-20
NCalls                    =          122
p0                        =     0.191137   +/-   0.00501206  
p1                        =     0.225514   +/-   0.00156006  
p2                        =      0.19429   +/-   0.00189927  
p3                        =     0.173678   +/-   0.00134625  
p4                        =     0.171535   +/-   0.00432992  
[SUCCESS] Created final fit for UnbiasedL1Inner_Boron_TOF_L1QTemplate_EGE_SigmaL_spline with chi2/ndf = 0.925763

[INFO] Starting smart spline fit for: UnbiasedL1Inner_Boron_TOF_L2QTemplate_EGE_SigmaL (7 points)
****************************************
Minimizer is Minuit2 / Migrad
Chi2                      =      94.1264
NDf                       =            5
Edm                       =  8.90581e-22
NCalls                    =           35
p0                        =     0.203058   +/-   0.00130576  
p1                        =     0.185836   +/-   0.000951384 
****************************************
Minimizer is Minuit2 / Migrad
Chi2                      =      70.2859
NDf                       =            4
Edm                       =  1.65126e-21
NCalls                    =           55
p0                        =     0.197471   +/-   0.00173616  
p1                        =     0.197345   +/-   0.00106153  
p2                        =      0.18208   +/-   0.00122342  
****************************************
Minimizer is Minuit2 / Migrad
Chi2                      =      14.6744
NDf                       =            3
Edm                       =  8.64263e-07
NCalls                    =           94
p0                        =     0.188976   +/-   0.00208344  
p1                        =     0.206681   +/-   0.00135192  
p2                        =     0.186055   +/-   0.00118032  
p3                        =     0.187456   +/-   0.00145258  
****************************************
Minimizer is Minuit2 / Migrad
Chi2                      =      5.77579
NDf                       =            2
Edm                       =  1.91883e-07
NCalls                    =          117
p0                        =     0.185528   +/-   0.00255401  
p1                        =     0.205299   +/-   0.00158141  
p2                        =     0.196472   +/-   0.00131541  
p3                        =     0.183415   +/-   0.00120776  
p4                        =     0.188645   +/-   0.00174554  
  [FIT] Found good fit candidate. Best segments so far: 4. Stopping search.
  [FIT] Finalizing with loop variable 'segments' = 4
****************************************
Minimizer is Minuit2 / Migrad
Chi2                      =      4.94289
NDf                       =            2
Edm                       =  2.87242e-06
NCalls                    =          117
p0                        =     0.177039   +/-   0.00381447  
p1                        =     0.205586   +/-   0.00160375  
p2                        =      0.19657   +/-   0.00130031  
p3                        =     0.183092   +/-   0.0012346   
p4                        =     0.191436   +/-   0.00246142  
[SUCCESS] Created final fit for UnbiasedL1Inner_Boron_TOF_L2QTemplate_EGE_SigmaL_spline with chi2/ndf = 2.8879
begin drawing Boron UnbiasedL1Inner TOF EGE_SigmaL

[INFO] Starting smart spline fit for: UnbiasedL1Inner_Boron_TOF_L1QTemplate_EGE_SigmaR (7 points)
****************************************
Minimizer is Minuit2 / Migrad
Chi2                      =      180.907
NDf                       =            4
Edm                       =  2.27245e-22
NCalls                    =           33
p0                        =     0.233162   +/-   0.00224659  
p1                        =     0.289179   +/-   0.00166624  
****************************************
Minimizer is Minuit2 / Migrad
Chi2                      =      40.5936
NDf                       =            3
Edm                       =  6.64859e-22
NCalls                    =           61
p0                        =     0.214128   +/-   0.00276207  
p1                        =     0.283458   +/-   0.00185121  
p2                        =     0.264903   +/-   0.0026413   
****************************************
Minimizer is Minuit2 / Migrad
Chi2                      =      6.33523
NDf                       =            2
Edm                       =  2.72085e-08
NCalls                    =           92
p0                        =     0.226535   +/-   0.00362869  
p1                        =     0.252776   +/-   0.00321817  
p2                        =     0.288731   +/-   0.00161886  
p3                        =     0.252544   +/-   0.00331952  
****************************************
Minimizer is Minuit2 / Migrad
Chi2                      =     0.331984
NDf                       =            1
Edm                       =  1.27769e-06
NCalls                    =          112
p0                        =      0.23175   +/-   0.00438761  
p1                        =     0.232264   +/-   0.00266434  
p2                        =     0.280745   +/-   0.00228409  
p3                        =     0.275244   +/-   0.00195141  
p4                        =       0.2512   +/-   0.004265    
****************************************
Minimizer is Minuit2 / Migrad
Chi2                      =  3.20606e-07
NDf                       =            0
Edm                       =  3.20606e-07
NCalls                    =          154
p0                        =     0.232717   +/-   0.00456024  
p1                        =     0.232186   +/-   0.00266363  
p2                        =     0.260334   +/-   0.0044688   
p3                        =     0.286571   +/-   0.00184419  
p4                        =     0.276143   +/-   0.00250149  
p5                        =      0.25004   +/-   0.00473581  
  [FIT] No fit met threshold. Falling back to best chi2/ndf.
  [FIT] Finalizing with loop variable 'segments' = 4
****************************************
Minimizer is Minuit2 / Migrad
Chi2                      =    0.0607699
NDf                       =            1
Edm                       =  9.41587e-21
NCalls                    =          124
p0                        =     0.235902   +/-   0.00651352  
p1                        =     0.232196   +/-   0.0026555   
p2                        =     0.281069   +/-   0.00225364  
p3                        =     0.275814   +/-   0.00199204  
p4                        =     0.242885   +/-   0.00584538  
[SUCCESS] Created final fit for UnbiasedL1Inner_Boron_TOF_L1QTemplate_EGE_SigmaR_spline with chi2/ndf = 0.331984

[INFO] Starting smart spline fit for: UnbiasedL1Inner_Boron_TOF_L2QTemplate_EGE_SigmaR (7 points)
****************************************
Minimizer is Minuit2 / Migrad
Chi2                      =      53.9265
NDf                       =            5
Edm                       =  1.35666e-20
NCalls                    =           35
p0                        =     0.226491   +/-   0.00204819  
p1                        =      0.27496   +/-   0.0015046   
****************************************
Minimizer is Minuit2 / Migrad
Chi2                      =      48.4545
NDf                       =            4
Edm                       =  1.82118e-21
NCalls                    =           55
p0                        =     0.222411   +/-   0.00269009  
p1                        =     0.257145   +/-   0.00150823  
p2                        =     0.271709   +/-   0.00204811  
****************************************
Minimizer is Minuit2 / Migrad
Chi2                      =      12.2141
NDf                       =            3
Edm                       =  5.66391e-20
NCalls                    =           90
p0                        =     0.231669   +/-   0.00312917  
p1                        =     0.237344   +/-   0.00201666  
p2                        =     0.272176   +/-   0.00168361  
p3                        =      0.26281   +/-   0.00255338  
****************************************
Minimizer is Minuit2 / Migrad
Chi2                      =      2.95681
NDf                       =            2
Edm                       =  1.21499e-05
NCalls                    =          116
p0                        =     0.237733   +/-   0.00378007  
p1                        =     0.223543   +/-   0.00265474  
p2                        =     0.259141   +/-   0.00185311  
p3                        =     0.271043   +/-   0.00176575  
p4                        =     0.262476   +/-   0.00319551  
  [FIT] Found good fit candidate. Best segments so far: 4. Stopping search.
  [FIT] Finalizing with loop variable 'segments' = 4
****************************************
Minimizer is Minuit2 / Migrad
Chi2                      =      2.16524
NDf                       =            2
Edm                       =  7.96572e-06
NCalls                    =          104
p0                        =     0.246723   +/-   0.00572871  
p1                        =     0.223042   +/-   0.00270754  
p2                        =     0.259113   +/-   0.00183112  
p3                        =     0.271372   +/-   0.00180127  
p4                        =     0.258745   +/-   0.00442169  
[SUCCESS] Created final fit for UnbiasedL1Inner_Boron_TOF_L2QTemplate_EGE_SigmaR_spline with chi2/ndf = 1.4784
begin drawing Boron UnbiasedL1Inner TOF EGE_SigmaR
  [SUCCESS] Wrote constant TF1 'UnbiasedL1Inner_Boron_TOF_L1QTemplate_EGE_AlphaL_spline' to file.
  [SUCCESS] Wrote constant TF1 'UnbiasedL1Inner_Boron_TOF_L2QTemplate_EGE_AlphaL_spline' to file.
begin drawing Boron UnbiasedL1Inner TOF EGE_AlphaL

[INFO] Starting smart spline fit for: UnbiasedL1Inner_Boron_TOF_L1QTemplate_EGE_AlphaR (7 points)
****************************************
Minimizer is Minuit2 / Migrad
Chi2                      =      152.639
NDf                       =            4
Edm                       =  8.62923e-22
NCalls                    =           31
p0                        =      1.35198   +/-   0.0248018   
p1                        =      1.31874   +/-   0.0215412   
****************************************
Minimizer is Minuit2 / Migrad
Chi2                      =      24.6735
NDf                       =            3
Edm                       =  3.71471e-22
NCalls                    =           53
p0                        =      1.14909   +/-   0.0306073   
p1                        =      1.68184   +/-   0.0339644   
p2                        =      1.09816   +/-   0.0290553   
****************************************
Minimizer is Minuit2 / Migrad
Chi2                      =      10.7426
NDf                       =            2
Edm                       =  2.04879e-21
NCalls                    =           80
p0                        =      1.24897   +/-   0.040397    
p1                        =      1.47565   +/-   0.0456817   
p2                        =      1.58481   +/-   0.0281263   
p3                        =      1.02778   +/-   0.0334962   
****************************************
Minimizer is Minuit2 / Migrad
Chi2                      =      2.48251
NDf                       =            1
Edm                       =  3.50179e-22
NCalls                    =          112
p0                        =      1.30345   +/-   0.0452356   
p1                        =      1.31276   +/-   0.0304861   
p2                        =       1.7219   +/-   0.048874    
p3                        =      1.29511   +/-   0.0281245   
p4                        =      1.05408   +/-   0.0409124   
****************************************
Minimizer is Minuit2 / Migrad
Chi2                      =  3.43839e-06
NDf                       =            0
Edm                       =  3.43839e-06
NCalls                    =          147
p0                        =      1.33835   +/-   0.0487611   
p1                        =      1.31277   +/-   0.0303936   
p2                        =      1.74564   +/-   0.0979883   
p3                        =      1.54463   +/-   0.0336712   
p4                        =      1.31944   +/-   0.032105    
p5                        =      1.03163   +/-   0.0434634   
  [FIT] No fit met threshold. Falling back to best chi2/ndf.
  [FIT] Finalizing with loop variable 'segments' = 4
****************************************
Minimizer is Minuit2 / Migrad
Chi2                      =      2.04238
NDf                       =            1
Edm                       =  2.43511e-06
NCalls                    =          111
p0                        =      1.34637   +/-   0.0684178   
p1                        =      1.31259   +/-   0.0303863   
p2                        =      1.72558   +/-   0.0479965   
p3                        =      1.29898   +/-   0.0286704   
p4                        =     0.993635   +/-   0.0584742   
[SUCCESS] Created final fit for UnbiasedL1Inner_Boron_TOF_L1QTemplate_EGE_AlphaR_spline with chi2/ndf = 2.48251

[INFO] Starting smart spline fit for: UnbiasedL1Inner_Boron_TOF_L2QTemplate_EGE_AlphaR (7 points)
****************************************
Minimizer is Minuit2 / Migrad
Chi2                      =      37.8379
NDf                       =            5
Edm                       =  4.17448e-22
NCalls                    =           31
p0                        =      1.50304   +/-   0.040916    
p1                        =      1.51819   +/-   0.0307077   
****************************************
Minimizer is Minuit2 / Migrad
Chi2                      =      27.5904
NDf                       =            4
Edm                       =  1.01414e-07
NCalls                    =           58
p0                        =      1.35989   +/-   0.0606131   
p1                        =       1.6385   +/-   0.0448031   
p2                        =      1.45872   +/-   0.0358914   
****************************************
Minimizer is Minuit2 / Migrad
Chi2                      =      10.0997
NDf                       =            3
Edm                       =  2.60456e-22
NCalls                    =           80
p0                        =      1.53942   +/-   0.075224    
p1                        =      1.48862   +/-   0.0429835   
p2                        =      1.75756   +/-   0.051452    
p3                        =      1.37666   +/-   0.0410021   
****************************************
Minimizer is Minuit2 / Migrad
Chi2                      =      3.04078
NDf                       =            2
Edm                       =  1.10879e-10
NCalls                    =          111
p0                        =      1.69039   +/-   0.0970456   
p1                        =      1.38141   +/-   0.0446853   
p2                        =      1.74063   +/-   0.0640508   
p3                        =      1.59032   +/-   0.0459954   
p4                        =      1.37884   +/-   0.0476548   
  [FIT] Found good fit candidate. Best segments so far: 4. Stopping search.
  [FIT] Finalizing with loop variable 'segments' = 4
****************************************
Minimizer is Minuit2 / Migrad
Chi2                      =      2.44217
NDf                       =            2
Edm                       =  9.34092e-23
NCalls                    =          112
p0                        =      1.85513   +/-   0.142541    
p1                        =       1.3772   +/-   0.0449778   
p2                        =      1.73494   +/-   0.0626073   
p3                        =      1.59858   +/-   0.0469029   
p4                        =      1.31039   +/-   0.0708911   
[SUCCESS] Created final fit for UnbiasedL1Inner_Boron_TOF_L2QTemplate_EGE_AlphaR_spline with chi2/ndf = 1.52039
begin drawing Boron UnbiasedL1Inner TOF EGE_AlphaR
begin drawing Boron UnbiasedL1Inner TOF EGE_Chi2NDF

[INFO] Starting smart spline fit for: UnbiasedL1Inner_Boron_NaF_L1QTemplate_LG_Width (16 points)
****************************************
Minimizer is Minuit2 / Migrad
Chi2                      =       19.823
NDf                       =           14
Edm                       =   1.6579e-23
NCalls                    =           31
p0                        =     0.049365   +/-   0.00117091  
p1                        =     0.033387   +/-   0.00111704  
  [FIT] Found good fit candidate. Best segments so far: 1. Stopping search.
  [FIT] Finalizing with loop variable 'segments' = 1
****************************************
Minimizer is Minuit2 / Migrad
Chi2                      =      21.1376
NDf                       =           14
Edm                       =  1.57013e-22
NCalls                    =           31
p0                        =     0.051192   +/-   0.00137258  
p1                        =    0.0315874   +/-   0.00131222  
[SUCCESS] Created final fit for UnbiasedL1Inner_Boron_NaF_L1QTemplate_LG_Width_spline with chi2/ndf = 1.41593

[INFO] Starting smart spline fit for: UnbiasedL1Inner_Boron_NaF_L2QTemplate_LG_Width (16 points)
****************************************
Minimizer is Minuit2 / Migrad
Chi2                      =      41.1324
NDf                       =           14
Edm                       =  1.03307e-22
NCalls                    =           31
p0                        =    0.0416456   +/-   0.0016728   
p1                        =    0.0334935   +/-   0.0015749   
****************************************
Minimizer is Minuit2 / Migrad
Chi2                      =       40.999
NDf                       =           13
Edm                       =  1.32916e-23
NCalls                    =           53
p0                        =    0.0411637   +/-   0.00213026  
p1                        =    0.0367988   +/-   0.00142293  
p2                        =    0.0329145   +/-   0.00223423  
****************************************
Minimizer is Minuit2 / Migrad
Chi2                      =       31.787
NDf                       =           12
Edm                       =  2.65489e-22
NCalls                    =           80
p0                        =    0.0367029   +/-   0.00260838  
p1                        =    0.0428362   +/-   0.00179537  
p2                        =    0.0315795   +/-   0.00173181  
p3                        =    0.0374176   +/-   0.00274527  
  [FIT] Found good fit candidate. Best segments so far: 3. Stopping search.
  [FIT] Finalizing with loop variable 'segments' = 3
****************************************
Minimizer is Minuit2 / Migrad
Chi2                      =       30.351
NDf                       =           12
Edm                       =  4.54896e-22
NCalls                    =           80
p0                        =    0.0330229   +/-   0.00350624  
p1                        =    0.0427876   +/-   0.00165022  
p2                        =     0.031915   +/-   0.00166237  
p3                        =    0.0389812   +/-   0.00360732  
[SUCCESS] Created final fit for UnbiasedL1Inner_Boron_NaF_L2QTemplate_LG_Width_spline with chi2/ndf = 2.64892
begin drawing Boron UnbiasedL1Inner NaF LG_Width

[INFO] Starting smart spline fit for: UnbiasedL1Inner_Boron_NaF_L1QTemplate_LG_MPV (16 points)
****************************************
Minimizer is Minuit2 / Migrad
Chi2                      =      22.9524
NDf                       =           14
Edm                       =  5.40848e-20
NCalls                    =           41
p0                        =      4.91312   +/-   0.00137012  
p1                        =      4.92922   +/-   0.00153803  
  [FIT] Found good fit candidate. Best segments so far: 1. Stopping search.
  [FIT] Finalizing with loop variable 'segments' = 1
****************************************
Minimizer is Minuit2 / Migrad
Chi2                      =      21.9456
NDf                       =           14
Edm                       =  6.60325e-19
NCalls                    =           43
p0                        =        4.911   +/-   0.00163132  
p1                        =      4.93131   +/-   0.00180283  
[SUCCESS] Created final fit for UnbiasedL1Inner_Boron_NaF_L1QTemplate_LG_MPV_spline with chi2/ndf = 1.63946

[INFO] Starting smart spline fit for: UnbiasedL1Inner_Boron_NaF_L2QTemplate_LG_MPV (16 points)
****************************************
Minimizer is Minuit2 / Migrad
Chi2                      =      43.4843
NDf                       =           14
Edm                       =  1.07282e-17
NCalls                    =           43
p0                        =       4.9224   +/-   0.00207432  
p1                        =       4.9209   +/-   0.00215322  
****************************************
Minimizer is Minuit2 / Migrad
Chi2                      =      36.6638
NDf                       =           13
Edm                       =  1.07924e-10
NCalls                    =           71
p0                        =      4.92693   +/-   0.00270594  
p1                        =      4.91789   +/-   0.00186453  
p2                        =      4.92642   +/-   0.00301815  
****************************************
Minimizer is Minuit2 / Migrad
Chi2                      =       36.154
NDf                       =           12
Edm                       =  1.98196e-07
NCalls                    =          109
p0                        =      4.92872   +/-   0.00342232  
p1                        =      4.91796   +/-   0.00221085  
p2                        =       4.9214   +/-   0.00245261  
p3                        =        4.925   +/-   0.00373233  
****************************************
Minimizer is Minuit2 / Migrad
Chi2                      =      35.8272
NDf                       =           11
Edm                       =  2.15848e-06
NCalls                    =          121
p0                        =      4.92897   +/-   0.00395329  
p1                        =      4.91938   +/-   0.00244768  
p2                        =       4.9187   +/-   0.00240278  
p3                        =        4.924   +/-   0.00283627  
p4                        =      4.92416   +/-   0.00476807  
  [FIT] Found good fit candidate. Best segments so far: 3. Stopping search.
  [FIT] Finalizing with loop variable 'segments' = 3
****************************************
Minimizer is Minuit2 / Migrad
Chi2                      =      33.3989
NDf                       =           12
Edm                       =  3.44618e-08
NCalls                    =           96
p0                        =      4.93457   +/-   0.00479908  
p1                        =      4.91746   +/-   0.00203105  
p2                        =      4.92155   +/-   0.00234194  
p3                        =      4.92558   +/-   0.00494376  
[SUCCESS] Created final fit for UnbiasedL1Inner_Boron_NaF_L2QTemplate_LG_MPV_spline with chi2/ndf = 3.01283
begin drawing Boron UnbiasedL1Inner NaF LG_MPV

[INFO] Starting smart spline fit for: UnbiasedL1Inner_Boron_NaF_L1QTemplate_LG_Sigma (16 points)
****************************************
Minimizer is Minuit2 / Migrad
Chi2                      =      29.5412
NDf                       =           14
Edm                       =   1.4396e-21
NCalls                    =           35
p0                        =     0.177645   +/-   0.00150348  
p1                        =     0.202648   +/-   0.0013561   
****************************************
Minimizer is Minuit2 / Migrad
Chi2                      =       29.502
NDf                       =           13
Edm                       =  7.53837e-08
NCalls                    =           61
p0                        =     0.177903   +/-   0.00198845  
p1                        =     0.193513   +/-   0.00122655  
p2                        =     0.202913   +/-   0.00190791  
  [FIT] Found good fit candidate. Best segments so far: 1. Stopping search.
  [FIT] Finalizing with loop variable 'segments' = 1
****************************************
Minimizer is Minuit2 / Migrad
Chi2                      =      35.0198
NDf                       =           14
Edm                       =  3.11108e-21
NCalls                    =           35
p0                        =     0.175156   +/-   0.00174904  
p1                        =     0.205192   +/-   0.00159434  
[SUCCESS] Created final fit for UnbiasedL1Inner_Boron_NaF_L1QTemplate_LG_Sigma_spline with chi2/ndf = 2.11009

[INFO] Starting smart spline fit for: UnbiasedL1Inner_Boron_NaF_L2QTemplate_LG_Sigma (16 points)
****************************************
Minimizer is Minuit2 / Migrad
Chi2                      =      44.3869
NDf                       =           14
Edm                       =  1.12869e-21
NCalls                    =           35
p0                        =      0.18554   +/-   0.00203358  
p1                        =     0.199217   +/-   0.00184597  
****************************************
Minimizer is Minuit2 / Migrad
Chi2                      =      44.1961
NDf                       =           13
Edm                       =  6.62095e-07
NCalls                    =           59
p0                        =     0.184835   +/-   0.002595    
p1                        =     0.194866   +/-   0.00167889  
p2                        =     0.198413   +/-   0.00260488  
****************************************
Minimizer is Minuit2 / Migrad
Chi2                      =      38.8497
NDf                       =           12
Edm                       =  5.11282e-06
NCalls                    =           82
p0                        =     0.188708   +/-   0.00314243  
p1                        =     0.187479   +/-   0.00212295  
p2                        =     0.199958   +/-   0.00202199  
p3                        =      0.19433   +/-   0.00318177  
****************************************
Minimizer is Minuit2 / Migrad
Chi2                      =      39.0024
NDf                       =           11
Edm                       =  1.08372e-08
NCalls                    =          100
p0                        =     0.189431   +/-   0.00348564  
p1                        =     0.185683   +/-   0.00238167  
p2                        =     0.196588   +/-   0.00215197  
p3                        =     0.198542   +/-   0.00244058  
p4                        =     0.194455   +/-   0.00401205  
  [FIT] Found good fit candidate. Best segments so far: 3. Stopping search.
  [FIT] Finalizing with loop variable 'segments' = 3
****************************************
Minimizer is Minuit2 / Migrad
Chi2                      =       38.065
NDf                       =           12
Edm                       =  7.21962e-11
NCalls                    =           88
p0                        =     0.191659   +/-   0.00413769  
p1                        =     0.187196   +/-   0.00195986  
p2                        =     0.199867   +/-   0.00194296  
p3                        =     0.192398   +/-   0.0041501   
[SUCCESS] Created final fit for UnbiasedL1Inner_Boron_NaF_L2QTemplate_LG_Sigma_spline with chi2/ndf = 3.23747
begin drawing Boron UnbiasedL1Inner NaF LG_Sigma
begin drawing Boron UnbiasedL1Inner NaF LG_Chi2NDF

[INFO] Starting smart spline fit for: UnbiasedL1Inner_Boron_NaF_L1QTemplate_EGE_Peak (16 points)
****************************************
Minimizer is Minuit2 / Migrad
Chi2                      =      26.4686
NDf                       =           13
Edm                       =  8.13687e-18
NCalls                    =           43
p0                        =      4.94719   +/-   0.00295105  
p1                        =      4.99995   +/-   0.00241697  
****************************************
Minimizer is Minuit2 / Migrad
Chi2                      =      19.0944
NDf                       =           12
Edm                       =   1.2646e-11
NCalls                    =           71
p0                        =      4.94019   +/-   0.00391819  
p1                        =      4.98565   +/-   0.00224472  
p2                        =       4.9939   +/-   0.0032865   
  [FIT] Found good fit candidate. Best segments so far: 1. Stopping search.
  [FIT] Finalizing with loop variable 'segments' = 1
****************************************
Minimizer is Minuit2 / Migrad
Chi2                      =      26.2214
NDf                       =           13
Edm                       =   6.6047e-19
NCalls                    =           43
p0                        =       4.9407   +/-   0.0034444   
p1                        =      5.00605   +/-   0.00285166  
[SUCCESS] Created final fit for UnbiasedL1Inner_Boron_NaF_L1QTemplate_EGE_Peak_spline with chi2/ndf = 2.03605

[INFO] Starting smart spline fit for: UnbiasedL1Inner_Boron_NaF_L2QTemplate_EGE_Peak (16 points)
****************************************
Minimizer is Minuit2 / Migrad
Chi2                      =      17.9043
NDf                       =           10
Edm                       =  5.43892e-18
NCalls                    =           43
p0                        =       4.9511   +/-   0.00295596  
p1                        =      4.98329   +/-   0.00410493  
  [FIT] Found good fit candidate. Best segments so far: 1. Stopping search.
  [FIT] Finalizing with loop variable 'segments' = 1
****************************************
Minimizer is Minuit2 / Migrad
Chi2                      =      18.4362
NDf                       =           10
Edm                       =  3.91702e-17
NCalls                    =           43
p0                        =      4.94609   +/-   0.00389017  
p1                        =      4.98778   +/-   0.00499795  
[SUCCESS] Created final fit for UnbiasedL1Inner_Boron_NaF_L2QTemplate_EGE_Peak_spline with chi2/ndf = 1.79043
begin drawing Boron UnbiasedL1Inner NaF EGE_Peak

[INFO] Starting smart spline fit for: UnbiasedL1Inner_Boron_NaF_L1QTemplate_EGE_SigmaL (16 points)
****************************************
Minimizer is Minuit2 / Migrad
Chi2                      =      29.8888
NDf                       =           13
Edm                       =  9.04698e-22
NCalls                    =           35
p0                        =     0.181169   +/-   0.00211422  
p1                        =     0.225725   +/-   0.00168593  
****************************************
Minimizer is Minuit2 / Migrad
Chi2                      =      13.4683
NDf                       =           12
Edm                       =  5.31607e-08
NCalls                    =           61
p0                        =     0.173959   +/-   0.00276324  
p1                        =     0.214787   +/-   0.00162009  
p2                        =     0.219328   +/-   0.0023096   
  [FIT] Found good fit candidate. Best segments so far: 2. Stopping search.
  [FIT] Finalizing with loop variable 'segments' = 2
****************************************
Minimizer is Minuit2 / Migrad
Chi2                      =      14.7545
NDf                       =           12
Edm                       =  7.14593e-22
NCalls                    =           55
p0                        =     0.162681   +/-   0.00381245  
p1                        =     0.213799   +/-   0.00151525  
p2                        =     0.220493   +/-   0.00292375  
[SUCCESS] Created final fit for UnbiasedL1Inner_Boron_NaF_L1QTemplate_EGE_SigmaL_spline with chi2/ndf = 1.12236

[INFO] Starting smart spline fit for: UnbiasedL1Inner_Boron_NaF_L2QTemplate_EGE_SigmaL (16 points)
****************************************
Minimizer is Minuit2 / Migrad
Chi2                      =      13.6404
NDf                       =           10
Edm                       =  9.01856e-23
NCalls                    =           35
p0                        =      0.18691   +/-   0.00219301  
p1                        =      0.21748   +/-   0.00281456  
  [FIT] Found good fit candidate. Best segments so far: 1. Stopping search.
  [FIT] Finalizing with loop variable 'segments' = 1
****************************************
Minimizer is Minuit2 / Migrad
Chi2                      =       13.856
NDf                       =           10
Edm                       =  5.45334e-22
NCalls                    =           35
p0                        =     0.182053   +/-   0.00283738  
p1                        =     0.221992   +/-   0.00344073  
[SUCCESS] Created final fit for UnbiasedL1Inner_Boron_NaF_L2QTemplate_EGE_SigmaL_spline with chi2/ndf = 1.36404
begin drawing Boron UnbiasedL1Inner NaF EGE_SigmaL

[INFO] Starting smart spline fit for: UnbiasedL1Inner_Boron_NaF_L1QTemplate_EGE_SigmaR (16 points)
****************************************
Minimizer is Minuit2 / Migrad
Chi2                      =      28.7493
NDf                       =           13
Edm                       =  8.71448e-22
NCalls                    =           35
p0                        =     0.263497   +/-   0.00358282  
p1                        =     0.221456   +/-   0.00258564  
****************************************
Minimizer is Minuit2 / Migrad
Chi2                      =      21.1697
NDf                       =           12
Edm                       =  9.96172e-22
NCalls                    =           55
p0                        =     0.271475   +/-   0.004608    
p1                        =     0.232827   +/-   0.00202685  
p2                        =     0.228345   +/-   0.00359836  
  [FIT] Found good fit candidate. Best segments so far: 1. Stopping search.
  [FIT] Finalizing with loop variable 'segments' = 1
****************************************
Minimizer is Minuit2 / Migrad
Chi2                      =      30.8347
NDf                       =           13
Edm                       =  2.66794e-22
NCalls                    =           35
p0                        =     0.267306   +/-   0.00408699  
p1                        =     0.217239   +/-   0.00307641  
[SUCCESS] Created final fit for UnbiasedL1Inner_Boron_NaF_L1QTemplate_EGE_SigmaR_spline with chi2/ndf = 2.21149

[INFO] Starting smart spline fit for: UnbiasedL1Inner_Boron_NaF_L2QTemplate_EGE_SigmaR (16 points)
****************************************
Minimizer is Minuit2 / Migrad
Chi2                      =      62.2796
NDf                       =           10
Edm                       =  6.57885e-20
NCalls                    =           33
p0                        =      0.27523   +/-   0.00282755  
p1                        =     0.231989   +/-   0.00490585  
****************************************
Minimizer is Minuit2 / Migrad
Chi2                      =      49.6354
NDf                       =            9
Edm                       =  6.16935e-21
NCalls                    =           53
p0                        =     0.264662   +/-   0.0041021   
p1                        =      0.25061   +/-   0.00275074  
p2                        =     0.208808   +/-   0.00815878  
****************************************
Minimizer is Minuit2 / Migrad
Chi2                      =      40.8951
NDf                       =            8
Edm                       =  1.20513e-06
NCalls                    =           81
p0                        =     0.256575   +/-   0.00492926  
p1                        =     0.265172   +/-   0.00190848  
p2                        =     0.227189   +/-   0.00496771  
p3                        =     0.233733   +/-   0.0128209   
****************************************
Minimizer is Minuit2 / Migrad
Chi2                      =      43.7996
NDf                       =            7
Edm                       =  4.34892e-21
NCalls                    =          112
p0                        =     0.254707   +/-   0.00587836  
p1                        =     0.269039   +/-   0.0023471   
p2                        =     0.241545   +/-   0.00465449  
p3                        =      0.22645   +/-   0.00635857  
p4                        =     0.209245   +/-   0.0266664   
****************************************
Minimizer is Minuit2 / Migrad
Chi2                      =      16.8697
NDf                       =            6
Edm                       =   1.0527e-05
NCalls                    =          134
p0                        =     0.274442   +/-   0.00711973  
p1                        =     0.258911   +/-   0.00313352  
p2                        =     0.262853   +/-   0.00287056  
p3                        =     0.221263   +/-   0.00571917  
p4                        =     0.239819   +/-   0.00700818  
p5                        =     0.129184   +/-   0.0327946   
  [FIT] Found good fit candidate. Best segments so far: 5. Stopping search.
  [FIT] Finalizing with loop variable 'segments' = 5
****************************************
Minimizer is Minuit2 / Migrad
Chi2                      =      16.6118
NDf                       =            6
Edm                       =  1.01649e-07
NCalls                    =          146
p0                        =     0.286452   +/-   0.0114797   
p1                        =     0.258719   +/-   0.00312875  
p2                        =     0.262775   +/-   0.00281784  
p3                        =     0.221284   +/-   0.00571062  
p4                        =     0.240185   +/-   0.00705285  
p5                        =    0.0518767   +/-   0.0554918   
[SUCCESS] Created final fit for UnbiasedL1Inner_Boron_NaF_L2QTemplate_EGE_SigmaR_spline with chi2/ndf = 2.81161
begin drawing Boron UnbiasedL1Inner NaF EGE_SigmaR
  [SUCCESS] Wrote constant TF1 'UnbiasedL1Inner_Boron_NaF_L1QTemplate_EGE_AlphaL_spline' to file.
  [SUCCESS] Wrote constant TF1 'UnbiasedL1Inner_Boron_NaF_L2QTemplate_EGE_AlphaL_spline' to file.
begin drawing Boron UnbiasedL1Inner NaF EGE_AlphaL

[INFO] Starting smart spline fit for: UnbiasedL1Inner_Boron_NaF_L1QTemplate_EGE_AlphaR (16 points)
****************************************
Minimizer is Minuit2 / Migrad
Chi2                      =      24.5338
NDf                       =           13
Edm                       =  1.24415e-21
NCalls                    =           31
p0                        =      1.19859   +/-   0.0355977   
p1                        =      1.13098   +/-   0.021447    
****************************************
Minimizer is Minuit2 / Migrad
Chi2                      =      18.6211
NDf                       =           12
Edm                       =  5.16736e-10
NCalls                    =           59
p0                        =      1.29746   +/-   0.0540411   
p1                        =      1.12105   +/-   0.0194468   
p2                        =       1.1718   +/-   0.0272372   
  [FIT] Found good fit candidate. Best segments so far: 1. Stopping search.
  [FIT] Finalizing with loop variable 'segments' = 1
****************************************
Minimizer is Minuit2 / Migrad
Chi2                      =      25.0369
NDf                       =           13
Edm                       =  3.50184e-22
NCalls                    =           31
p0                        =      1.19774   +/-   0.0402161   
p1                        =      1.12869   +/-   0.0254114   
[SUCCESS] Created final fit for UnbiasedL1Inner_Boron_NaF_L1QTemplate_EGE_AlphaR_spline with chi2/ndf = 1.88722

[INFO] Starting smart spline fit for: UnbiasedL1Inner_Boron_NaF_L2QTemplate_EGE_AlphaR (16 points)
****************************************
Minimizer is Minuit2 / Migrad
Chi2                      =      317.586
NDf                       =           10
Edm                       =  1.20503e-21
NCalls                    =           31
p0                        =      1.83183   +/-   0.0469617   
p1                        =      1.11572   +/-   0.0504018   
****************************************
Minimizer is Minuit2 / Migrad
Chi2                      =      293.437
NDf                       =            9
Edm                       =  1.26929e-21
NCalls                    =           53
p0                        =      1.53101   +/-   0.0771535   
p1                        =      1.49662   +/-   0.0369234   
p2                        =     0.849957   +/-   0.0739259   
****************************************
Minimizer is Minuit2 / Migrad
Chi2                      =      193.342
NDf                       =            8
Edm                       =  4.87873e-21
NCalls                    =           80
p0                        =     0.620371   +/-   0.119272    
p1                        =      1.86718   +/-   0.0362221   
p2                        =     0.894186   +/-   0.0550397   
p3                        =      1.45424   +/-   0.102501    
****************************************
Minimizer is Minuit2 / Migrad
Chi2                      =      147.927
NDf                       =            7
Edm                       =  1.27593e-07
NCalls                    =           98
p0                        =    -0.207518   +/-   0.163574    
p1                        =      1.98067   +/-   0.0414581   
p2                        =      1.10741   +/-   0.0490566   
p3                        =      1.27612   +/-   0.0626738   
p4                        =     0.299602   +/-   0.225859    
****************************************
Minimizer is Minuit2 / Migrad
Chi2                      =      169.674
NDf                       =            6
Edm                       =  1.31036e-08
NCalls                    =          145
p0                        =     0.128148   +/-   0.287546    
p1                        =      1.61346   +/-   0.0501843   
p2                        =      1.70949   +/-   0.0444363   
p3                        =      1.01685   +/-   0.0612246   
p4                        =      1.31747   +/-   0.0708983   
p5                        =    0.0982614   +/-   0.272295    
****************************************
Minimizer is Minuit2 / Migrad
Chi2                      =      77.9996
NDf                       =            5
Edm                       =  1.06986e-05
NCalls                    =          173
p0                        =      2.73176   +/-   0.491751    
p1                        =      1.23845   +/-   0.0765473   
p2                        =       2.0599   +/-   0.0407831   
p3                        =     0.925742   +/-   0.0539601   
p4                        =      1.75707   +/-   0.105277    
p5                        =      1.03565   +/-   0.0833817   
p6                        =      2.28346   +/-   0.598348    
****************************************
Minimizer is Minuit2 / Migrad
Chi2                      =      81.3048
NDf                       =            4
Edm                       =  1.51512e-05
NCalls                    =          218
p0                        =      5.11301   +/-   0.680398    
p1                        =      1.12344   +/-   0.0770042   
p2                        =      2.19211   +/-   0.0612653   
p3                        =      1.46257   +/-   0.0545892   
p4                        =      1.25623   +/-   0.0670182   
p5                        =      1.44883   +/-   0.125458    
p6                        =      1.02219   +/-   0.0842957   
p7                        =      1.96298   +/-   1.18241     
  [FIT] No fit met threshold. Falling back to best chi2/ndf.
  [FIT] Finalizing with loop variable 'segments' = 6
****************************************
Minimizer is Minuit2 / Migrad
Chi2                      =      77.7471
NDf                       =            5
Edm                       =   3.2169e-06
NCalls                    =          173
p0                        =      3.97683   +/-   0.784647    
p1                        =      1.23338   +/-   0.0757404   
p2                        =      2.05953   +/-   0.0407396   
p3                        =     0.926336   +/-   0.053909    
p4                        =      1.75627   +/-   0.105211    
p5                        =      1.03549   +/-   0.0833814   
p6                        =      3.29875   +/-   0.982582    
[SUCCESS] Created final fit for UnbiasedL1Inner_Boron_NaF_L2QTemplate_EGE_AlphaR_spline with chi2/ndf = 15.5999
begin drawing Boron UnbiasedL1Inner NaF EGE_AlphaR
begin drawing Boron UnbiasedL1Inner NaF EGE_Chi2NDF

[INFO] Starting smart spline fit for: UnbiasedL1Inner_Boron_AGL_L1QTemplate_LG_Width (22 points)
****************************************
Minimizer is Minuit2 / Migrad
Chi2                      =       26.279
NDf                       =           20
Edm                       =  1.21548e-21
NCalls                    =           33
p0                        =    0.0374172   +/-   0.000465631 
p1                        =    0.0330064   +/-   0.000757739 
  [FIT] Found good fit candidate. Best segments so far: 1. Stopping search.
  [FIT] Finalizing with loop variable 'segments' = 1
****************************************
Minimizer is Minuit2 / Migrad
Chi2                      =      24.7835
NDf                       =           20
Edm                       =  5.13622e-23
NCalls                    =           33
p0                        =    0.0379163   +/-   0.000541255 
p1                        =    0.0324282   +/-   0.000852111 
[SUCCESS] Created final fit for UnbiasedL1Inner_Boron_AGL_L1QTemplate_LG_Width_spline with chi2/ndf = 1.31395

[INFO] Starting smart spline fit for: UnbiasedL1Inner_Boron_AGL_L2QTemplate_LG_Width (22 points)
****************************************
Minimizer is Minuit2 / Migrad
Chi2                      =      20.7854
NDf                       =           20
Edm                       =   6.2785e-23
NCalls                    =           31
p0                        =    0.0362942   +/-   0.000612808 
p1                        =    0.0332801   +/-   0.000993587 
  [FIT] Found good fit candidate. Best segments so far: 1. Stopping search.
  [FIT] Finalizing with loop variable 'segments' = 1
****************************************
Minimizer is Minuit2 / Migrad
Chi2                      =       19.634
NDf                       =           20
Edm                       =  3.54402e-22
NCalls                    =           31
p0                        =    0.0367353   +/-   0.000716711 
p1                        =    0.0327096   +/-   0.00112344  
[SUCCESS] Created final fit for UnbiasedL1Inner_Boron_AGL_L2QTemplate_LG_Width_spline with chi2/ndf = 1.03927
begin drawing Boron UnbiasedL1Inner AGL LG_Width

[INFO] Starting smart spline fit for: UnbiasedL1Inner_Boron_AGL_L1QTemplate_LG_MPV (22 points)
****************************************
Minimizer is Minuit2 / Migrad
Chi2                      =      51.8037
NDf                       =           20
Edm                       =   2.1284e-18
NCalls                    =           43
p0                        =      4.92702   +/-   0.000629533 
p1                        =      4.95142   +/-   0.00105063  
****************************************
Minimizer is Minuit2 / Migrad
Chi2                      =      26.9327
NDf                       =           19
Edm                       =  2.67638e-07
NCalls                    =           75
p0                        =      4.92502   +/-   0.000746851 
p1                        =       4.9443   +/-   0.000804619 
p2                        =      4.94547   +/-   0.00159018  
  [FIT] Found good fit candidate. Best segments so far: 2. Stopping search.
  [FIT] Finalizing with loop variable 'segments' = 2
****************************************
Minimizer is Minuit2 / Migrad
Chi2                      =      43.6036
NDf                       =           19
Edm                       =   8.6158e-18
NCalls                    =           86
p0                        =      4.92279   +/-   0.00093179  
p1                        =      4.94258   +/-   0.000714335 
p2                        =       4.9481   +/-   0.0020069   
[SUCCESS] Created final fit for UnbiasedL1Inner_Boron_AGL_L1QTemplate_LG_MPV_spline with chi2/ndf = 1.41751

[INFO] Starting smart spline fit for: UnbiasedL1Inner_Boron_AGL_L2QTemplate_LG_MPV (22 points)
****************************************
Minimizer is Minuit2 / Migrad
Chi2                      =      17.1087
NDf                       =           20
Edm                       =  2.64668e-19
NCalls                    =           43
p0                        =      4.92718   +/-   0.000823884 
p1                        =      4.95147   +/-   0.00133558  
  [FIT] Found good fit candidate. Best segments so far: 1. Stopping search.
  [FIT] Finalizing with loop variable 'segments' = 1
****************************************
Minimizer is Minuit2 / Migrad
Chi2                      =      16.3994
NDf                       =           20
Edm                       =  3.42536e-18
NCalls                    =           43
p0                        =      4.92484   +/-   0.000956614 
p1                        =      4.95402   +/-   0.00150698  
[SUCCESS] Created final fit for UnbiasedL1Inner_Boron_AGL_L2QTemplate_LG_MPV_spline with chi2/ndf = 0.855437
begin drawing Boron UnbiasedL1Inner AGL LG_MPV

[INFO] Starting smart spline fit for: UnbiasedL1Inner_Boron_AGL_L1QTemplate_LG_Sigma (22 points)
****************************************
Minimizer is Minuit2 / Migrad
Chi2                      =      37.6877
NDf                       =           20
Edm                       =  2.20927e-22
NCalls                    =           35
p0                        =     0.196097   +/-   0.000569668 
p1                        =     0.192214   +/-   0.000910715 
****************************************
Minimizer is Minuit2 / Migrad
Chi2                      =      27.7487
NDf                       =           19
Edm                       =  2.61529e-10
NCalls                    =           62
p0                        =      0.19492   +/-   0.000681078 
p1                        =     0.195254   +/-   0.000687312 
p2                        =     0.188913   +/-   0.00138779  
  [FIT] Found good fit candidate. Best segments so far: 1. Stopping search.
  [FIT] Finalizing with loop variable 'segments' = 1
****************************************
Minimizer is Minuit2 / Migrad
Chi2                      =      38.9964
NDf                       =           20
Edm                       =  3.86325e-21
NCalls                    =           35
p0                        =      0.19636   +/-   0.000663167 
p1                        =     0.192025   +/-   0.001026    
[SUCCESS] Created final fit for UnbiasedL1Inner_Boron_AGL_L1QTemplate_LG_Sigma_spline with chi2/ndf = 1.88438

[INFO] Starting smart spline fit for: UnbiasedL1Inner_Boron_AGL_L2QTemplate_LG_Sigma (22 points)
****************************************
Minimizer is Minuit2 / Migrad
Chi2                      =      33.3112
NDf                       =           20
Edm                       =   3.6766e-21
NCalls                    =           35
p0                        =     0.193384   +/-   0.000742571 
p1                        =     0.186112   +/-   0.00119316  
  [FIT] Found good fit candidate. Best segments so far: 1. Stopping search.
  [FIT] Finalizing with loop variable 'segments' = 1
****************************************
Minimizer is Minuit2 / Migrad
Chi2                      =       36.491
NDf                       =           20
Edm                       =  3.88438e-22
NCalls                    =           35
p0                        =     0.193839   +/-   0.000867134 
p1                        =     0.185822   +/-   0.00134785  
[SUCCESS] Created final fit for UnbiasedL1Inner_Boron_AGL_L2QTemplate_LG_Sigma_spline with chi2/ndf = 1.66556
begin drawing Boron UnbiasedL1Inner AGL LG_Sigma
begin drawing Boron UnbiasedL1Inner AGL LG_Chi2NDF

[INFO] Starting smart spline fit for: UnbiasedL1Inner_Boron_AGL_L1QTemplate_EGE_Peak (22 points)
****************************************
Minimizer is Minuit2 / Migrad
Chi2                      =      51.5652
NDf                       =           20
Edm                       =  1.70296e-18
NCalls                    =           41
p0                        =      4.98532   +/-   0.000933789 
p1                        =      5.00635   +/-   0.00156597  
****************************************
Minimizer is Minuit2 / Migrad
Chi2                      =      28.4679
NDf                       =           19
Edm                       =   7.9824e-06
NCalls                    =           73
p0                        =      4.98228   +/-   0.00112716  
p1                        =      5.00196   +/-   0.00122363  
p2                        =      4.99812   +/-   0.00231979  
  [FIT] Found good fit candidate. Best segments so far: 2. Stopping search.
  [FIT] Finalizing with loop variable 'segments' = 2
****************************************
Minimizer is Minuit2 / Migrad
Chi2                      =      36.1177
NDf                       =           19
Edm                       =  3.69046e-17
NCalls                    =           84
p0                        =       4.9798   +/-   0.00140676  
p1                        =            5   +/-   0.00107213  
p2                        =      4.99945   +/-   0.00288443  
[SUCCESS] Created final fit for UnbiasedL1Inner_Boron_AGL_L1QTemplate_EGE_Peak_spline with chi2/ndf = 1.49831

[INFO] Starting smart spline fit for: UnbiasedL1Inner_Boron_AGL_L2QTemplate_EGE_Peak (22 points)
****************************************
Minimizer is Minuit2 / Migrad
Chi2                      =      49.5517
NDf                       =           19
Edm                       =  3.61505e-18
NCalls                    =           41
p0                        =      4.97691   +/-   0.00133011  
p1                        =      5.00106   +/-   0.00160607  
****************************************
Minimizer is Minuit2 / Migrad
Chi2                      =      46.8007
NDf                       =           18
Edm                       =  3.50163e-17
NCalls                    =           71
p0                        =      4.97535   +/-   0.00162611  
p1                        =      4.99357   +/-   0.00165697  
p2                        =      4.99785   +/-   0.00251858  
****************************************
Minimizer is Minuit2 / Migrad
Chi2                      =      36.2138
NDf                       =           17
Edm                       =  1.79696e-17
NCalls                    =          102
p0                        =      4.97784   +/-   0.00184195  
p1                        =      4.98347   +/-   0.00173653  
p2                        =      5.00016   +/-   0.00171191  
p3                        =      4.98908   +/-   0.00369794  
  [FIT] Found good fit candidate. Best segments so far: 2. Stopping search.
  [FIT] Finalizing with loop variable 'segments' = 2
****************************************
Minimizer is Minuit2 / Migrad
Chi2                      =      52.5665
NDf                       =           18
Edm                       =   2.0891e-18
NCalls                    =           67
p0                        =      4.97273   +/-   0.00203946  
p1                        =      4.99263   +/-   0.0014177   
p2                        =      4.99945   +/-   0.00335084  
[SUCCESS] Created final fit for UnbiasedL1Inner_Boron_AGL_L2QTemplate_EGE_Peak_spline with chi2/ndf = 2.60004
begin drawing Boron UnbiasedL1Inner AGL EGE_Peak

[INFO] Starting smart spline fit for: UnbiasedL1Inner_Boron_AGL_L1QTemplate_EGE_SigmaL (22 points)
****************************************
Minimizer is Minuit2 / Migrad
Chi2                      =      42.8725
NDf                       =           20
Edm                       =  1.50395e-21
NCalls                    =           35
p0                        =     0.212689   +/-   0.000670666 
p1                        =     0.206723   +/-   0.0010639   
****************************************
Minimizer is Minuit2 / Migrad
Chi2                      =        28.39
NDf                       =           19
Edm                       =  5.51289e-14
NCalls                    =           62
p0                        =     0.210967   +/-   0.000809135 
p1                        =     0.211387   +/-   0.000838058 
p2                        =      0.20229   +/-   0.00157771  
  [FIT] Found good fit candidate. Best segments so far: 2. Stopping search.
  [FIT] Finalizing with loop variable 'segments' = 2
****************************************
Minimizer is Minuit2 / Migrad
Chi2                      =       27.253
NDf                       =           19
Edm                       =  5.97542e-18
NCalls                    =           61
p0                        =     0.210444   +/-   0.00101316  
p1                        =     0.211245   +/-   0.000740574 
p2                        =     0.199837   +/-   0.00197189  
[SUCCESS] Created final fit for UnbiasedL1Inner_Boron_AGL_L1QTemplate_EGE_SigmaL_spline with chi2/ndf = 1.49421

[INFO] Starting smart spline fit for: UnbiasedL1Inner_Boron_AGL_L2QTemplate_EGE_SigmaL (22 points)
****************************************
Minimizer is Minuit2 / Migrad
Chi2                      =      45.0475
NDf                       =           19
Edm                       =  1.23391e-21
NCalls                    =           35
p0                        =     0.205001   +/-   0.000886434 
p1                        =     0.197073   +/-   0.00127297  
****************************************
Minimizer is Minuit2 / Migrad
Chi2                      =      38.8451
NDf                       =           18
Edm                       =  2.18307e-21
NCalls                    =           55
p0                        =     0.203498   +/-   0.00107241  
p1                        =     0.202476   +/-   0.00114095  
p2                        =     0.193355   +/-   0.00196208  
  [FIT] Found good fit candidate. Best segments so far: 1. Stopping search.
  [FIT] Finalizing with loop variable 'segments' = 1
****************************************
Minimizer is Minuit2 / Migrad
Chi2                      =      45.7701
NDf                       =           19
Edm                       =  3.88102e-21
NCalls                    =           35
p0                        =     0.205729   +/-   0.00102485  
p1                        =     0.196273   +/-   0.00145581  
[SUCCESS] Created final fit for UnbiasedL1Inner_Boron_AGL_L2QTemplate_EGE_SigmaL_spline with chi2/ndf = 2.37092
begin drawing Boron UnbiasedL1Inner AGL EGE_SigmaL

[INFO] Starting smart spline fit for: UnbiasedL1Inner_Boron_AGL_L1QTemplate_EGE_SigmaR (22 points)
****************************************
Minimizer is Minuit2 / Migrad
Chi2                      =      35.0434
NDf                       =           20
Edm                       =   1.6841e-21
NCalls                    =           35
p0                        =     0.235105   +/-   0.000980701 
p1                        =     0.225116   +/-   0.00184231  
  [FIT] Found good fit candidate. Best segments so far: 1. Stopping search.
  [FIT] Finalizing with loop variable 'segments' = 1
****************************************
Minimizer is Minuit2 / Migrad
Chi2                      =       34.657
NDf                       =           20
Edm                       =   2.9353e-21
NCalls                    =           35
p0                        =     0.236042   +/-   0.00113253  
p1                        =     0.224073   +/-   0.00205059  
[SUCCESS] Created final fit for UnbiasedL1Inner_Boron_AGL_L1QTemplate_EGE_SigmaR_spline with chi2/ndf = 1.75217

[INFO] Starting smart spline fit for: UnbiasedL1Inner_Boron_AGL_L2QTemplate_EGE_SigmaR (22 points)
****************************************
Minimizer is Minuit2 / Migrad
Chi2                      =       88.844
NDf                       =           19
Edm                       =  9.35998e-22
NCalls                    =           35
p0                        =     0.240505   +/-   0.00164681  
p1                        =     0.229891   +/-   0.00192388  
****************************************
Minimizer is Minuit2 / Migrad
Chi2                      =      84.8205
NDf                       =           18
Edm                       =   6.1583e-22
NCalls                    =           53
p0                        =      0.24306   +/-   0.0020819   
p1                        =     0.230884   +/-   0.00199056  
p2                        =     0.233934   +/-   0.0027864   
****************************************
Minimizer is Minuit2 / Migrad
Chi2                      =      58.9674
NDf                       =           17
Edm                       =  2.89724e-22
NCalls                    =           84
p0                        =     0.237771   +/-   0.00238287  
p1                        =      0.23997   +/-   0.00197728  
p2                        =     0.223308   +/-   0.00216607  
p3                        =     0.246818   +/-   0.00377964  
****************************************
Minimizer is Minuit2 / Migrad
Chi2                      =      56.9779
NDf                       =           16
Edm                       =  1.05658e-08
NCalls                    =          113
p0                        =     0.239321   +/-   0.00266278  
p1                        =     0.240325   +/-   0.00209041  
p2                        =      0.23182   +/-   0.00304503  
p3                        =     0.226144   +/-   0.00215455  
p4                        =     0.251824   +/-   0.0045121   
  [FIT] Found good fit candidate. Best segments so far: 3. Stopping search.
  [FIT] Finalizing with loop variable 'segments' = 3
****************************************
Minimizer is Minuit2 / Migrad
Chi2                      =      61.8889
NDf                       =           17
Edm                       =  1.47701e-21
NCalls                    =           82
p0                        =     0.237266   +/-   0.00303989  
p1                        =     0.238912   +/-   0.00181853  
p2                        =     0.224717   +/-   0.00202978  
p3                        =     0.252416   +/-   0.00497636  
[SUCCESS] Created final fit for UnbiasedL1Inner_Boron_AGL_L2QTemplate_EGE_SigmaR_spline with chi2/ndf = 3.46867
begin drawing Boron UnbiasedL1Inner AGL EGE_SigmaR
  [SUCCESS] Wrote constant TF1 'UnbiasedL1Inner_Boron_AGL_L1QTemplate_EGE_AlphaL_spline' to file.
  [SUCCESS] Wrote constant TF1 'UnbiasedL1Inner_Boron_AGL_L2QTemplate_EGE_AlphaL_spline' to file.
begin drawing Boron UnbiasedL1Inner AGL EGE_AlphaL

[INFO] Starting smart spline fit for: UnbiasedL1Inner_Boron_AGL_L1QTemplate_EGE_AlphaR (22 points)
****************************************
Minimizer is Minuit2 / Migrad
Chi2                      =      31.6285
NDf                       =           20
Edm                       =  1.49306e-22
NCalls                    =           33
p0                        =      1.17726   +/-   0.00813279  
p1                        =      1.17441   +/-   0.0160203   
  [FIT] Found good fit candidate. Best segments so far: 1. Stopping search.
  [FIT] Finalizing with loop variable 'segments' = 1
****************************************
Minimizer is Minuit2 / Migrad
Chi2                      =      31.6441
NDf                       =           20
Edm                       =   1.3433e-21
NCalls                    =           33
p0                        =      1.17699   +/-   0.00933321  
p1                        =      1.17536   +/-   0.0178874   
[SUCCESS] Created final fit for UnbiasedL1Inner_Boron_AGL_L1QTemplate_EGE_AlphaR_spline with chi2/ndf = 1.58143

[INFO] Starting smart spline fit for: UnbiasedL1Inner_Boron_AGL_L2QTemplate_EGE_AlphaR (22 points)
****************************************
Minimizer is Minuit2 / Migrad
Chi2                      =      37.1372
NDf                       =           19
Edm                       =  3.53161e-23
NCalls                    =           31
p0                        =      1.27153   +/-   0.0169783   
p1                        =      1.21087   +/-   0.0253546   
****************************************
Minimizer is Minuit2 / Migrad
Chi2                      =      33.1734
NDf                       =           18
Edm                       =  1.14845e-22
NCalls                    =           53
p0                        =      1.24563   +/-   0.0213906   
p1                        =      1.26611   +/-   0.0208614   
p2                        =      1.14588   +/-   0.0413328   
  [FIT] Found good fit candidate. Best segments so far: 1. Stopping search.
  [FIT] Finalizing with loop variable 'segments' = 1
****************************************
Minimizer is Minuit2 / Migrad
Chi2                      =       38.133
NDf                       =           19
Edm                       =  1.26945e-21
NCalls                    =           31
p0                        =      1.27291   +/-   0.0200864   
p1                        =      1.21214   +/-   0.0292932   
[SUCCESS] Created final fit for UnbiasedL1Inner_Boron_AGL_L2QTemplate_EGE_AlphaR_spline with chi2/ndf = 1.95459
begin drawing Boron UnbiasedL1Inner AGL EGE_AlphaR
begin drawing Boron UnbiasedL1Inner AGL EGE_Chi2NDF

[INFO] Starting smart spline fit for: L1Inner_Carbon_TOF_L1QTemplate_LG_Width (7 points)
****************************************
Minimizer is Minuit2 / Migrad
Chi2                      =      85.6544
NDf                       =            5
Edm                       =  1.23029e-21
NCalls                    =           31
p0                        =    0.0174668   +/-   0.000518061 
p1                        =    0.0359078   +/-   0.000689039 
****************************************
Minimizer is Minuit2 / Migrad
Chi2                      =      42.2771
NDf                       =            4
Edm                       =  4.87017e-22
NCalls                    =           53
p0                        =    0.0206708   +/-   0.000710666 
p1                        =    0.0249353   +/-   0.000606449 
p2                        =    0.0395022   +/-   0.000878987 
****************************************
Minimizer is Minuit2 / Migrad
Chi2                      =      25.0886
NDf                       =            3
Edm                       =  4.29037e-22
NCalls                    =           80
p0                        =    0.0224649   +/-   0.000834183 
p1                        =    0.0207195   +/-   0.000550378 
p2                        =    0.0328273   +/-   0.000899586 
p3                        =    0.0375252   +/-   0.00107109  
****************************************
Minimizer is Minuit2 / Migrad
Chi2                      =      6.43089
NDf                       =            2
Edm                       =  2.71055e-08
NCalls                    =          109
p0                        =    0.0251336   +/-   0.00103191  
p1                        =      0.01798   +/-   0.000589683 
p2                        =    0.0283156   +/-   0.00083365  
p3                        =    0.0344439   +/-   0.000891286 
p4                        =     0.039654   +/-   0.00128755  
  [FIT] Found good fit candidate. Best segments so far: 4. Stopping search.
  [FIT] Finalizing with loop variable 'segments' = 4
****************************************
Minimizer is Minuit2 / Migrad
Chi2                      =        7.463
NDf                       =            2
Edm                       =  1.89236e-07
NCalls                    =          100
p0                        =    0.0286165   +/-   0.00155496  
p1                        =    0.0179835   +/-   0.000593615 
p2                        =    0.0281026   +/-   0.000818738 
p3                        =    0.0344695   +/-   0.000911605 
p4                        =    0.0411589   +/-   0.00180198  
[SUCCESS] Created final fit for L1Inner_Carbon_TOF_L1QTemplate_LG_Width_spline with chi2/ndf = 3.21545

[INFO] Starting smart spline fit for: L1Inner_Carbon_TOF_L2QTemplate_LG_Width (7 points)
****************************************
Minimizer is Minuit2 / Migrad
Chi2                      =      49.3128
NDf                       =            5
Edm                       =  7.08443e-22
NCalls                    =           31
p0                        =    0.0192252   +/-   0.000649061 
p1                        =     0.030903   +/-   0.000849921 
****************************************
Minimizer is Minuit2 / Migrad
Chi2                      =      22.4782
NDf                       =            4
Edm                       =  9.83182e-23
NCalls                    =           53
p0                        =    0.0220971   +/-   0.00085361  
p1                        =    0.0239899   +/-   0.00057406  
p2                        =    0.0352909   +/-   0.00119994  
****************************************
Minimizer is Minuit2 / Migrad
Chi2                      =      4.87085
NDf                       =            3
Edm                       =   2.2451e-09
NCalls                    =           88
p0                        =     0.019761   +/-   0.00102592  
p1                        =    0.0234594   +/-   0.000616091 
p2                        =    0.0246898   +/-   0.000943228 
p3                        =    0.0386072   +/-   0.00143455  
  [FIT] Found good fit candidate. Best segments so far: 3. Stopping search.
  [FIT] Finalizing with loop variable 'segments' = 3
****************************************
Minimizer is Minuit2 / Migrad
Chi2                      =      7.49286
NDf                       =            3
Edm                       =   3.0234e-22
NCalls                    =           80
p0                        =    0.0185402   +/-   0.00146459  
p1                        =    0.0233245   +/-   0.00057964  
p2                        =    0.0248604   +/-   0.000914537 
p3                        =    0.0419922   +/-   0.00189275  
[SUCCESS] Created final fit for L1Inner_Carbon_TOF_L2QTemplate_LG_Width_spline with chi2/ndf = 1.62362
begin drawing Carbon L1Inner TOF LG_Width

[INFO] Starting smart spline fit for: L1Inner_Carbon_TOF_L1QTemplate_LG_MPV (7 points)
****************************************
Minimizer is Minuit2 / Migrad
Chi2                      =      113.903
NDf                       =            5
Edm                       =   1.9723e-17
NCalls                    =           43
p0                        =      5.93429   +/-   0.0009124   
p1                        =      5.93008   +/-   0.000758618 
****************************************
Minimizer is Minuit2 / Migrad
Chi2                      =      48.6858
NDf                       =            4
Edm                       =   1.2114e-17
NCalls                    =           79
p0                        =      5.92771   +/-   0.00122296  
p1                        =      5.93801   +/-   0.000902009 
p2                        =      5.92576   +/-   0.000928387 
****************************************
Minimizer is Minuit2 / Migrad
Chi2                      =      30.2984
NDf                       =            3
Edm                       =  2.14676e-17
NCalls                    =          104
p0                        =      5.92444   +/-   0.0014529   
p1                        =      5.93952   +/-   0.000984109 
p2                        =      5.93184   +/-   0.0010925   
p3                        =      5.92751   +/-   0.00109286  
****************************************
Minimizer is Minuit2 / Migrad
Chi2                      =      6.43589
NDf                       =            2
Edm                       =  2.92436e-07
NCalls                    =          105
p0                        =      5.91945   +/-   0.00177857  
p1                        =      5.93829   +/-   0.0011002   
p2                        =      5.93361   +/-   0.00116439  
p3                        =      5.93134   +/-   0.00102926  
p4                        =      5.92508   +/-   0.00131111  
  [FIT] Found good fit candidate. Best segments so far: 4. Stopping search.
  [FIT] Finalizing with loop variable 'segments' = 4
****************************************
Minimizer is Minuit2 / Migrad
Chi2                      =      7.76118
NDf                       =            2
Edm                       =  3.35252e-17
NCalls                    =          138
p0                        =      5.91172   +/-   0.00267454  
p1                        =      5.93836   +/-   0.00111333  
p2                        =       5.9339   +/-   0.0011483   
p3                        =      5.93128   +/-   0.00104445  
p4                        =       5.9231   +/-   0.00185717  
[SUCCESS] Created final fit for L1Inner_Carbon_TOF_L1QTemplate_LG_MPV_spline with chi2/ndf = 3.21795

[INFO] Starting smart spline fit for: L1Inner_Carbon_TOF_L2QTemplate_LG_MPV (7 points)
****************************************
Minimizer is Minuit2 / Migrad
Chi2                      =      74.9853
NDf                       =            5
Edm                       =  1.05133e-18
NCalls                    =           43
p0                        =      5.95489   +/-   0.00108858  
p1                        =      5.93133   +/-   0.00104824  
****************************************
Minimizer is Minuit2 / Migrad
Chi2                      =      61.0151
NDf                       =            4
Edm                       =  2.51527e-17
NCalls                    =           73
p0                        =      5.95094   +/-   0.00151702  
p1                        =      5.94423   +/-   0.000979729 
p2                        =      5.92841   +/-   0.00130727  
****************************************
Minimizer is Minuit2 / Migrad
Chi2                      =       19.228
NDf                       =            3
Edm                       =  1.36752e-06
NCalls                    =           99
p0                        =      5.95773   +/-   0.00185228  
p1                        =      5.94396   +/-   0.00105788  
p2                        =      5.94554   +/-   0.00139578  
p3                        =      5.92336   +/-   0.00153666  
****************************************
Minimizer is Minuit2 / Migrad
Chi2                      =    0.0793865
NDf                       =            2
Edm                       =  6.63454e-10
NCalls                    =          105
p0                        =      5.96409   +/-   0.00229424  
p1                        =      5.94429   +/-   0.00121661  
p2                        =      5.94869   +/-   0.00119659  
p3                        =      5.93266   +/-   0.00143896  
p4                        =      5.92582   +/-   0.00184725  
  [FIT] Found good fit candidate. Best segments so far: 4. Stopping search.
  [FIT] Finalizing with loop variable 'segments' = 4
****************************************
Minimizer is Minuit2 / Migrad
Chi2                      =     0.399664
NDf                       =            2
Edm                       =  8.91553e-13
NCalls                    =          138
p0                        =      5.97291   +/-   0.00338096  
p1                        =      5.94405   +/-   0.00123205  
p2                        =      5.94849   +/-   0.00118367  
p3                        =      5.93287   +/-   0.0014678   
p4                        =      5.92424   +/-   0.00262802  
[SUCCESS] Created final fit for L1Inner_Carbon_TOF_L2QTemplate_LG_MPV_spline with chi2/ndf = 0.0396933
begin drawing Carbon L1Inner TOF LG_MPV

[INFO] Starting smart spline fit for: L1Inner_Carbon_TOF_L1QTemplate_LG_Sigma (7 points)
****************************************
Minimizer is Minuit2 / Migrad
Chi2                      =      39.3556
NDf                       =            5
Edm                       =  1.79181e-19
NCalls                    =           37
p0                        =     0.212211   +/-   0.000575368 
p1                        =     0.205837   +/-   0.000820841 
****************************************
Minimizer is Minuit2 / Migrad
Chi2                      =      16.0923
NDf                       =            4
Edm                       =  1.81003e-19
NCalls                    =           61
p0                        =     0.209632   +/-   0.000785391 
p1                        =     0.211043   +/-   0.000678418 
p2                        =     0.202522   +/-   0.00107062  
****************************************
Minimizer is Minuit2 / Migrad
Chi2                      =      12.8621
NDf                       =            3
Edm                       =  1.15112e-18
NCalls                    =           90
p0                        =     0.208866   +/-   0.000919742 
p1                        =     0.212286   +/-   0.000609486 
p2                        =     0.207316   +/-   0.00102253  
p3                        =      0.20325   +/-   0.0013153   
****************************************
Minimizer is Minuit2 / Migrad
Chi2                      =       4.5981
NDf                       =            2
Edm                       =  1.45993e-06
NCalls                    =          115
p0                        =     0.207049   +/-   0.0011383   
p1                        =     0.212723   +/-   0.000650486 
p2                        =     0.208881   +/-   0.000937503 
p3                        =      0.20648   +/-   0.00105241  
p4                        =     0.201241   +/-   0.00158522  
  [FIT] Found good fit candidate. Best segments so far: 4. Stopping search.
  [FIT] Finalizing with loop variable 'segments' = 4
****************************************
Minimizer is Minuit2 / Migrad
Chi2                      =      5.19072
NDf                       =            2
Edm                       =  5.13011e-20
NCalls                    =          128
p0                        =     0.204619   +/-   0.00171758  
p1                        =     0.212704   +/-   0.000654373 
p2                        =     0.209046   +/-   0.0009202   
p3                        =     0.206493   +/-   0.00107774  
p4                        =     0.199568   +/-   0.00220466  
[SUCCESS] Created final fit for L1Inner_Carbon_TOF_L1QTemplate_LG_Sigma_spline with chi2/ndf = 2.29905

[INFO] Starting smart spline fit for: L1Inner_Carbon_TOF_L2QTemplate_LG_Sigma (7 points)
****************************************
Minimizer is Minuit2 / Migrad
Chi2                      =      44.7326
NDf                       =            5
Edm                       =  3.76316e-19
NCalls                    =           39
p0                        =     0.195892   +/-   0.000734268 
p1                        =     0.208572   +/-   0.000977273 
****************************************
Minimizer is Minuit2 / Migrad
Chi2                      =      36.6649
NDf                       =            4
Edm                       =  2.33354e-19
NCalls                    =           57
p0                        =     0.194166   +/-   0.000953164 
p1                        =     0.204369   +/-   0.000645786 
p2                        =     0.205674   +/-   0.00141283  
****************************************
Minimizer is Minuit2 / Migrad
Chi2                      =      1.74184
NDf                       =            3
Edm                       =  1.67454e-20
NCalls                    =           90
p0                        =     0.197773   +/-   0.00114381  
p1                        =     0.198905   +/-   0.000707042 
p2                        =     0.210568   +/-   0.00106001  
p3                        =     0.200305   +/-   0.00169719  
  [FIT] Found good fit candidate. Best segments so far: 3. Stopping search.
  [FIT] Finalizing with loop variable 'segments' = 3
****************************************
Minimizer is Minuit2 / Migrad
Chi2                      =      3.60305
NDf                       =            3
Edm                       =  2.49437e-19
NCalls                    =           92
p0                        =     0.198985   +/-   0.0016349   
p1                        =     0.199091   +/-   0.000663987 
p2                        =     0.210393   +/-   0.00102932  
p3                        =     0.196908   +/-   0.00223658  
[SUCCESS] Created final fit for L1Inner_Carbon_TOF_L2QTemplate_LG_Sigma_spline with chi2/ndf = 0.580615
begin drawing Carbon L1Inner TOF LG_Sigma
begin drawing Carbon L1Inner TOF LG_Chi2NDF

[INFO] Starting smart spline fit for: L1Inner_Carbon_TOF_L1QTemplate_EGE_Peak (7 points)
****************************************
Minimizer is Minuit2 / Migrad
Chi2                      =       32.734
NDf                       =            5
Edm                       =  2.68706e-18
NCalls                    =           43
p0                        =      5.97446   +/-   0.000952438 
p1                        =      5.97615   +/-   0.000721391 
****************************************
Minimizer is Minuit2 / Migrad
Chi2                      =      28.6417
NDf                       =            4
Edm                       =  2.01883e-17
NCalls                    =           75
p0                        =      5.97253   +/-   0.00134996  
p1                        =      5.97656   +/-   0.000708832 
p2                        =       5.9748   +/-   0.000980882 
****************************************
Minimizer is Minuit2 / Migrad
Chi2                      =      24.2622
NDf                       =            3
Edm                       =  5.01586e-09
NCalls                    =          112
p0                        =      5.97039   +/-   0.00169744  
p1                        =      5.97696   +/-   0.000878908 
p2                        =      5.97535   +/-   0.000788332 
p3                        =      5.97587   +/-   0.00120674  
****************************************
Minimizer is Minuit2 / Migrad
Chi2                      =      5.53869
NDf                       =            2
Edm                       =  6.32015e-06
NCalls                    =          105
p0                        =       5.9647   +/-   0.00215836  
p1                        =      5.97739   +/-   0.0010308   
p2                        =       5.9744   +/-   0.000875094 
p3                        =      5.97685   +/-   0.000846954 
p4                        =      5.97373   +/-   0.00149624  
  [FIT] Found good fit candidate. Best segments so far: 4. Stopping search.
  [FIT] Finalizing with loop variable 'segments' = 4
****************************************
Minimizer is Minuit2 / Migrad
Chi2                      =      4.87804
NDf                       =            2
Edm                       =  2.85367e-08
NCalls                    =          111
p0                        =      5.95892   +/-   0.0031392   
p1                        =      5.97755   +/-   0.00104368  
p2                        =      5.97452   +/-   0.000863776 
p3                        =      5.97683   +/-   0.000864932 
p4                        =      5.97265   +/-   0.00206961  
[SUCCESS] Created final fit for L1Inner_Carbon_TOF_L1QTemplate_EGE_Peak_spline with chi2/ndf = 2.76935

[INFO] Starting smart spline fit for: L1Inner_Carbon_TOF_L2QTemplate_EGE_Peak (7 points)
****************************************
Minimizer is Minuit2 / Migrad
Chi2                      =      49.9957
NDf                       =            5
Edm                       =  4.47628e-18
NCalls                    =           43
p0                        =      5.98832   +/-   0.000989144 
p1                        =      5.97536   +/-   0.000846421 
****************************************
Minimizer is Minuit2 / Migrad
Chi2                      =      24.3735
NDf                       =            4
Edm                       =  2.01628e-17
NCalls                    =           75
p0                        =      5.98389   +/-   0.00132037  
p1                        =      5.98476   +/-   0.000928841 
p2                        =      5.97169   +/-   0.00111373  
****************************************
Minimizer is Minuit2 / Migrad
Chi2                      =      10.6103
NDf                       =            3
Edm                       =  4.33357e-06
NCalls                    =          102
p0                        =      5.98764   +/-   0.00166235  
p1                        =      5.98339   +/-   0.0011211   
p2                        =      5.98308   +/-   0.00100988  
p3                        =      5.96902   +/-   0.00131872  
****************************************
Minimizer is Minuit2 / Migrad
Chi2                      =       0.3427
NDf                       =            2
Edm                       =  2.86133e-09
NCalls                    =          107
p0                        =      5.99158   +/-   0.00206112  
p1                        =      5.98226   +/-   0.00108881  
p2                        =      5.98682   +/-   0.00116326  
p3                        =      5.97503   +/-   0.00107565  
p4                        =      5.97053   +/-   0.00158492  
  [FIT] Found good fit candidate. Best segments so far: 4. Stopping search.
  [FIT] Finalizing with loop variable 'segments' = 4
****************************************
Minimizer is Minuit2 / Migrad
Chi2                      =     0.474226
NDf                       =            2
Edm                       =  3.20691e-18
NCalls                    =          148
p0                        =      5.99598   +/-   0.00303649  
p1                        =       5.9822   +/-   0.00109663  
p2                        =      5.98676   +/-   0.00114977  
p3                        =      5.97516   +/-   0.00110207  
p4                        =      5.96954   +/-   0.0022255   
[SUCCESS] Created final fit for L1Inner_Carbon_TOF_L2QTemplate_EGE_Peak_spline with chi2/ndf = 0.17135
begin drawing Carbon L1Inner TOF EGE_Peak

[INFO] Starting smart spline fit for: L1Inner_Carbon_TOF_L1QTemplate_EGE_SigmaL (7 points)
****************************************
Minimizer is Minuit2 / Migrad
Chi2                      =      28.5408
NDf                       =            5
Edm                       =  1.31391e-19
NCalls                    =           37
p0                        =     0.218216   +/-   0.000686394 
p1                        =     0.210046   +/-   0.000529991 
****************************************
Minimizer is Minuit2 / Migrad
Chi2                      =      27.7052
NDf                       =            4
Edm                       =  4.81844e-20
NCalls                    =           61
p0                        =     0.218874   +/-   0.000995016 
p1                        =     0.213145   +/-   0.000511181 
p2                        =     0.210514   +/-   0.000736798 
****************************************
Minimizer is Minuit2 / Migrad
Chi2                      =      22.0423
NDf                       =            3
Edm                       =  4.33947e-07
NCalls                    =           95
p0                        =     0.216861   +/-   0.0012836   
p1                        =     0.216105   +/-   0.000625316 
p2                        =     0.210833   +/-   0.000571866 
p3                        =     0.211789   +/-   0.000936679 
****************************************
Minimizer is Minuit2 / Migrad
Chi2                      =      3.26313
NDf                       =            2
Edm                       =  1.12612e-05
NCalls                    =          117
p0                        =      0.21231   +/-   0.00167278  
p1                        =     0.219104   +/-   0.000711732 
p2                        =     0.211675   +/-   0.000621527 
p3                        =      0.21173   +/-   0.000594558 
p4                        =     0.209988   +/-   0.00120284  
  [FIT] Found good fit candidate. Best segments so far: 4. Stopping search.
  [FIT] Finalizing with loop variable 'segments' = 4
****************************************
Minimizer is Minuit2 / Migrad
Chi2                      =      2.68738
NDf                       =            2
Edm                       =  2.05341e-07
NCalls                    =          116
p0                        =     0.208661   +/-   0.00241482  
p1                        =     0.219197   +/-   0.0007195   
p2                        =     0.211746   +/-   0.000613423 
p3                        =      0.21172   +/-   0.000605246 
p4                        =     0.209381   +/-   0.00165247  
[SUCCESS] Created final fit for L1Inner_Carbon_TOF_L1QTemplate_EGE_SigmaL_spline with chi2/ndf = 1.63157

[INFO] Starting smart spline fit for: L1Inner_Carbon_TOF_L2QTemplate_EGE_SigmaL (7 points)
****************************************
Minimizer is Minuit2 / Migrad
Chi2                      =      58.4226
NDf                       =            5
Edm                       =  5.80379e-21
NCalls                    =           35
p0                        =     0.200293   +/-   0.000733364 
p1                        =     0.210352   +/-   0.00059055  
****************************************
Minimizer is Minuit2 / Migrad
Chi2                      =      11.4247
NDf                       =            4
Edm                       =  2.08067e-20
NCalls                    =           59
p0                        =     0.196053   +/-   0.000959406 
p1                        =     0.209831   +/-   0.000661951 
p2                        =     0.206979   +/-   0.00076866  
****************************************
Minimizer is Minuit2 / Migrad
Chi2                      =       7.3295
NDf                       =            3
Edm                       =  6.43559e-12
NCalls                    =           96
p0                        =     0.197524   +/-   0.00117956  
p1                        =     0.205226   +/-   0.000832352 
p2                        =     0.211228   +/-   0.000721961 
p3                        =     0.205806   +/-   0.000907462 
  [FIT] Found good fit candidate. Best segments so far: 2. Stopping search.
  [FIT] Finalizing with loop variable 'segments' = 2
****************************************
Minimizer is Minuit2 / Migrad
Chi2                      =      19.8244
NDf                       =            4
Edm                       =  5.09946e-19
NCalls                    =           59
p0                        =     0.192852   +/-   0.0012854   
p1                        =     0.209166   +/-   0.000603247 
p2                        =      0.20641   +/-   0.000982973 
[SUCCESS] Created final fit for L1Inner_Carbon_TOF_L2QTemplate_EGE_SigmaL_spline with chi2/ndf = 2.85618
begin drawing Carbon L1Inner TOF EGE_SigmaL

[INFO] Starting smart spline fit for: L1Inner_Carbon_TOF_L1QTemplate_EGE_SigmaR (7 points)
****************************************
Minimizer is Minuit2 / Migrad
Chi2                      =      41.3324
NDf                       =            5
Edm                       =  6.16099e-21
NCalls                    =           35
p0                        =     0.233705   +/-   0.00105561  
p1                        =     0.263396   +/-   0.000736926 
****************************************
Minimizer is Minuit2 / Migrad
Chi2                      =      15.4609
NDf                       =            4
Edm                       =  1.26469e-19
NCalls                    =           61
p0                        =     0.227679   +/-   0.00158683  
p1                        =     0.253357   +/-   0.000664074 
p2                        =     0.259331   +/-   0.00108708  
****************************************
Minimizer is Minuit2 / Migrad
Chi2                      =      16.1331
NDf                       =            3
Edm                       =   5.2872e-19
NCalls                    =           92
p0                        =     0.228229   +/-   0.00209382  
p1                        =     0.245428   +/-   0.000865595 
p2                        =     0.257797   +/-   0.000679015 
p3                        =     0.258778   +/-   0.001368    
****************************************
Minimizer is Minuit2 / Migrad
Chi2                      =      10.5153
NDf                       =            2
Edm                       =  1.46298e-06
NCalls                    =          127
p0                        =     0.232785   +/-   0.00280173  
p1                        =     0.235315   +/-   0.001088    
p2                        =     0.254167   +/-   0.000837631 
p3                        =     0.258479   +/-   0.000840866 
p4                        =     0.259504   +/-   0.00173244  
****************************************
Minimizer is Minuit2 / Migrad
Chi2                      =     0.147455
NDf                       =            1
Edm                       =  3.78382e-07
NCalls                    =          156
p0                        =     0.236815   +/-   0.00309804  
p1                        =      0.23305   +/-   0.00130524  
p2                        =     0.246578   +/-   0.000928598 
p3                        =     0.256949   +/-   0.000713555 
p4                        =     0.260292   +/-   0.00108107  
p5                        =     0.257398   +/-   0.00191009  
  [FIT] No fit met threshold. Falling back to best chi2/ndf.
  [FIT] Finalizing with loop variable 'segments' = 5
****************************************
Minimizer is Minuit2 / Migrad
Chi2                      =     0.163826
NDf                       =            1
Edm                       =  5.41322e-06
NCalls                    =          156
p0                        =     0.240983   +/-   0.00462178  
p1                        =     0.233065   +/-   0.00130432  
p2                        =     0.246584   +/-   0.000927172 
p3                        =     0.256955   +/-   0.000712722 
p4                        =       0.2603   +/-   0.0010879   
p5                        =     0.255898   +/-   0.0027505   
[SUCCESS] Created final fit for L1Inner_Carbon_TOF_L1QTemplate_EGE_SigmaR_spline with chi2/ndf = 0.147455

[INFO] Starting smart spline fit for: L1Inner_Carbon_TOF_L2QTemplate_EGE_SigmaR (7 points)
****************************************
Minimizer is Minuit2 / Migrad
Chi2                      =      42.8923
NDf                       =            5
Edm                       =  1.04149e-20
NCalls                    =           37
p0                        =     0.226625   +/-   0.000824745 
p1                        =     0.258667   +/-   0.000851804 
****************************************
Minimizer is Minuit2 / Migrad
Chi2                      =      15.0359
NDf                       =            4
Edm                       =  4.18484e-20
NCalls                    =           63
p0                        =     0.230876   +/-   0.0011528   
p1                        =     0.240922   +/-   0.000927399 
p2                        =     0.262834   +/-   0.00116139  
****************************************
Minimizer is Minuit2 / Migrad
Chi2                      =      2.94963
NDf                       =            3
Edm                       =  1.07645e-07
NCalls                    =           92
p0                        =     0.234851   +/-   0.00159306  
p1                        =     0.232532   +/-   0.00106675  
p2                        =     0.251393   +/-   0.000956919 
p3                        =      0.26049   +/-   0.0013696   
  [FIT] Found good fit candidate. Best segments so far: 3. Stopping search.
  [FIT] Finalizing with loop variable 'segments' = 3
****************************************
Minimizer is Minuit2 / Migrad
Chi2                      =      3.87741
NDf                       =            3
Edm                       =  1.35892e-18
NCalls                    =          109
p0                        =     0.237497   +/-   0.00234777  
p1                        =     0.233124   +/-   0.000939179 
p2                        =     0.251257   +/-   0.000920929 
p3                        =     0.261769   +/-   0.00181453  
[SUCCESS] Created final fit for L1Inner_Carbon_TOF_L2QTemplate_EGE_SigmaR_spline with chi2/ndf = 0.983212
begin drawing Carbon L1Inner TOF EGE_SigmaR
  [SUCCESS] Wrote constant TF1 'L1Inner_Carbon_TOF_L1QTemplate_EGE_AlphaL_spline' to file.
  [SUCCESS] Wrote constant TF1 'L1Inner_Carbon_TOF_L2QTemplate_EGE_AlphaL_spline' to file.
begin drawing Carbon L1Inner TOF EGE_AlphaL

[INFO] Starting smart spline fit for: L1Inner_Carbon_TOF_L1QTemplate_EGE_AlphaR (7 points)
****************************************
Minimizer is Minuit2 / Migrad
Chi2                      =      176.359
NDf                       =            5
Edm                       =  1.02199e-21
NCalls                    =           33
p0                        =      1.45785   +/-   0.018485    
p1                        =      1.54968   +/-   0.0126168   
****************************************
Minimizer is Minuit2 / Migrad
Chi2                      =      22.1006
NDf                       =            4
Edm                       =  2.93503e-21
NCalls                    =           59
p0                        =      1.24999   +/-   0.0249355   
p1                        =      1.64273   +/-   0.0132564   
p2                        =      1.36187   +/-   0.0196933   
****************************************
Minimizer is Minuit2 / Migrad
Chi2                      =      17.4162
NDf                       =            3
Edm                       =  4.10375e-09
NCalls                    =           92
p0                        =      1.22098   +/-   0.0324586   
p1                        =      1.59414   +/-   0.0189175   
p2                        =      1.57583   +/-   0.0112892   
p3                        =      1.36336   +/-   0.0236448   
****************************************
Minimizer is Minuit2 / Migrad
Chi2                      =      4.32325
NDf                       =            2
Edm                       =  1.27392e-06
NCalls                    =          110
p0                        =      1.14482   +/-   0.0415992   
p1                        =      1.47652   +/-   0.0195322   
p2                        =      1.59052   +/-   0.0186849   
p3                        =       1.4995   +/-   0.0159694   
p4                        =      1.30828   +/-   0.028786    
  [FIT] Found good fit candidate. Best segments so far: 4. Stopping search.
  [FIT] Finalizing with loop variable 'segments' = 4
****************************************
Minimizer is Minuit2 / Migrad
Chi2                      =      3.89032
NDf                       =            2
Edm                       =  7.63398e-06
NCalls                    =          111
p0                        =      1.02737   +/-   0.0605269   
p1                        =      1.47716   +/-   0.0196861   
p2                        =      1.59448   +/-   0.0182707   
p3                        =      1.50317   +/-   0.0163644   
p4                        =      1.24151   +/-   0.0396521   
[SUCCESS] Created final fit for L1Inner_Carbon_TOF_L1QTemplate_EGE_AlphaR_spline with chi2/ndf = 2.16163

[INFO] Starting smart spline fit for: L1Inner_Carbon_TOF_L2QTemplate_EGE_AlphaR (7 points)
****************************************
Minimizer is Minuit2 / Migrad
Chi2                      =      28.8112
NDf                       =            5
Edm                       =  4.63914e-22
NCalls                    =           35
p0                        =      1.48451   +/-   0.0193151   
p1                        =      1.59908   +/-   0.0217978   
****************************************
Minimizer is Minuit2 / Migrad
Chi2                      =      27.0235
NDf                       =            4
Edm                       =  4.72497e-22
NCalls                    =           53
p0                        =      1.51715   +/-   0.0311288   
p1                        =      1.52656   +/-   0.0214512   
p2                        =      1.62214   +/-   0.0277944   
****************************************
Minimizer is Minuit2 / Migrad
Chi2                      =      7.05812
NDf                       =            3
Edm                       =  3.58232e-06
NCalls                    =           79
p0                        =      1.69729   +/-   0.0515157   
p1                        =      1.43813   +/-   0.0232244   
p2                        =       1.6555   +/-   0.0283063   
p3                        =      1.55052   +/-   0.0325133   
  [FIT] Found good fit candidate. Best segments so far: 3. Stopping search.
  [FIT] Finalizing with loop variable 'segments' = 3
****************************************
Minimizer is Minuit2 / Migrad
Chi2                      =      6.37481
NDf                       =            3
Edm                       =  3.41591e-06
NCalls                    =           88
p0                        =      1.84173   +/-   0.0829762   
p1                        =      1.44843   +/-   0.0210645   
p2                        =      1.64376   +/-   0.0266392   
p3                        =      1.51618   +/-   0.0435915   
[SUCCESS] Created final fit for L1Inner_Carbon_TOF_L2QTemplate_EGE_AlphaR_spline with chi2/ndf = 2.35271
begin drawing Carbon L1Inner TOF EGE_AlphaR
begin drawing Carbon L1Inner TOF EGE_Chi2NDF

[INFO] Starting smart spline fit for: L1Inner_Carbon_NaF_L1QTemplate_LG_Width (16 points)
****************************************
Minimizer is Minuit2 / Migrad
Chi2                      =      23.7092
NDf                       =           14
Edm                       =  5.96552e-23
NCalls                    =           31
p0                        =    0.0299254   +/-   0.000800006 
p1                        =    0.0322182   +/-   0.000726499 
  [FIT] Found good fit candidate. Best segments so far: 1. Stopping search.
  [FIT] Finalizing with loop variable 'segments' = 1
****************************************
Minimizer is Minuit2 / Migrad
Chi2                      =      22.6929
NDf                       =           14
Edm                       =   3.5582e-23
NCalls                    =           31
p0                        =    0.0294625   +/-   0.000919901 
p1                        =    0.0326644   +/-   0.000845181 
[SUCCESS] Created final fit for L1Inner_Carbon_NaF_L1QTemplate_LG_Width_spline with chi2/ndf = 1.69351

[INFO] Starting smart spline fit for: L1Inner_Carbon_NaF_L2QTemplate_LG_Width (16 points)
****************************************
Minimizer is Minuit2 / Migrad
Chi2                      =      21.9296
NDf                       =           14
Edm                       =  1.25118e-22
NCalls                    =           31
p0                        =    0.0294891   +/-   0.00100377  
p1                        =    0.0372098   +/-   0.000872556 
  [FIT] Found good fit candidate. Best segments so far: 1. Stopping search.
  [FIT] Finalizing with loop variable 'segments' = 1
****************************************
Minimizer is Minuit2 / Migrad
Chi2                      =      20.7877
NDf                       =           14
Edm                       =  5.10861e-23
NCalls                    =           31
p0                        =    0.0285504   +/-   0.00114883  
p1                        =     0.038125   +/-   0.00100963  
[SUCCESS] Created final fit for L1Inner_Carbon_NaF_L2QTemplate_LG_Width_spline with chi2/ndf = 1.5664
begin drawing Carbon L1Inner NaF LG_Width

[INFO] Starting smart spline fit for: L1Inner_Carbon_NaF_L1QTemplate_LG_MPV (16 points)
****************************************
Minimizer is Minuit2 / Migrad
Chi2                      =      19.8458
NDf                       =           14
Edm                       =   2.3581e-18
NCalls                    =           43
p0                        =       5.9341   +/-   0.0012154   
p1                        =      5.93409   +/-   0.00108201  
  [FIT] Found good fit candidate. Best segments so far: 1. Stopping search.
  [FIT] Finalizing with loop variable 'segments' = 1
****************************************
Minimizer is Minuit2 / Migrad
Chi2                      =      19.8454
NDf                       =           14
Edm                       =  2.00775e-18
NCalls                    =           43
p0                        =      5.93407   +/-   0.00140036  
p1                        =      5.93411   +/-   0.00125816  
[SUCCESS] Created final fit for L1Inner_Carbon_NaF_L1QTemplate_LG_MPV_spline with chi2/ndf = 1.41756

[INFO] Starting smart spline fit for: L1Inner_Carbon_NaF_L2QTemplate_LG_MPV (16 points)
****************************************
Minimizer is Minuit2 / Migrad
Chi2                      =      39.9376
NDf                       =           14
Edm                       =   1.2026e-17
NCalls                    =           43
p0                        =       5.9323   +/-   0.00152932  
p1                        =      5.91598   +/-   0.00121848  
****************************************
Minimizer is Minuit2 / Migrad
Chi2                      =      8.13014
NDf                       =           13
Edm                       =  4.87023e-08
NCalls                    =           73
p0                        =      5.93987   +/-   0.00203389  
p1                        =      5.91671   +/-   0.00117958  
p2                        =      5.92211   +/-   0.00163325  
  [FIT] Found good fit candidate. Best segments so far: 2. Stopping search.
  [FIT] Finalizing with loop variable 'segments' = 2
****************************************
Minimizer is Minuit2 / Migrad
Chi2                      =      5.67368
NDf                       =           13
Edm                       =  2.78663e-18
NCalls                    =           86
p0                        =      5.94593   +/-   0.00266294  
p1                        =      5.91756   +/-   0.00108147  
p2                        =       5.9231   +/-   0.00203631  
[SUCCESS] Created final fit for L1Inner_Carbon_NaF_L2QTemplate_LG_MPV_spline with chi2/ndf = 0.625395
begin drawing Carbon L1Inner NaF LG_MPV

[INFO] Starting smart spline fit for: L1Inner_Carbon_NaF_L1QTemplate_LG_Sigma (16 points)
****************************************
Minimizer is Minuit2 / Migrad
Chi2                      =      60.0169
NDf                       =           14
Edm                       =  2.81429e-21
NCalls                    =           35
p0                        =     0.207099   +/-   0.00092102  
p1                        =      0.21307   +/-   0.000835631 
****************************************
Minimizer is Minuit2 / Migrad
Chi2                      =       21.706
NDf                       =           13
Edm                       =   3.4429e-16
NCalls                    =           60
p0                        =     0.202591   +/-   0.00117424  
p1                        =     0.214548   +/-   0.000775766 
p2                        =     0.208135   +/-   0.00115498  
  [FIT] Found good fit candidate. Best segments so far: 2. Stopping search.
  [FIT] Finalizing with loop variable 'segments' = 2
****************************************
Minimizer is Minuit2 / Migrad
Chi2                      =      28.7688
NDf                       =           13
Edm                       =  1.73683e-10
NCalls                    =           61
p0                        =     0.200523   +/-   0.0015051   
p1                        =     0.213642   +/-   0.000707596 
p2                        =     0.207355   +/-   0.00144103  
[SUCCESS] Created final fit for L1Inner_Carbon_NaF_L1QTemplate_LG_Sigma_spline with chi2/ndf = 1.66969

[INFO] Starting smart spline fit for: L1Inner_Carbon_NaF_L2QTemplate_LG_Sigma (16 points)
****************************************
Minimizer is Minuit2 / Migrad
Chi2                      =      10.4708
NDf                       =           14
Edm                       =  3.32945e-21
NCalls                    =           35
p0                        =     0.203839   +/-   0.00117267  
p1                        =     0.199534   +/-   0.00103673  
  [FIT] Found good fit candidate. Best segments so far: 1. Stopping search.
  [FIT] Finalizing with loop variable 'segments' = 1
****************************************
Minimizer is Minuit2 / Migrad
Chi2                      =      9.79569
NDf                       =           14
Edm                       =  4.61905e-22
NCalls                    =           35
p0                        =     0.204457   +/-   0.00134034  
p1                        =     0.198933   +/-   0.00119888  
[SUCCESS] Created final fit for L1Inner_Carbon_NaF_L2QTemplate_LG_Sigma_spline with chi2/ndf = 0.747915
begin drawing Carbon L1Inner NaF LG_Sigma
begin drawing Carbon L1Inner NaF LG_Chi2NDF

[INFO] Starting smart spline fit for: L1Inner_Carbon_NaF_L1QTemplate_EGE_Peak (16 points)
****************************************
Minimizer is Minuit2 / Migrad
Chi2                      =      23.6021
NDf                       =           14
Edm                       =  1.20697e-18
NCalls                    =           43
p0                        =       5.9773   +/-   0.0014462   
p1                        =      5.97754   +/-   0.00135252  
  [FIT] Found good fit candidate. Best segments so far: 1. Stopping search.
  [FIT] Finalizing with loop variable 'segments' = 1
****************************************
Minimizer is Minuit2 / Migrad
Chi2                      =      23.5817
NDf                       =           14
Edm                       =  1.33322e-18
NCalls                    =           43
p0                        =      5.97717   +/-   0.00168152  
p1                        =      5.97767   +/-   0.00157997  
[SUCCESS] Created final fit for L1Inner_Carbon_NaF_L1QTemplate_EGE_Peak_spline with chi2/ndf = 1.68587

[INFO] Starting smart spline fit for: L1Inner_Carbon_NaF_L2QTemplate_EGE_Peak (16 points)
****************************************
Minimizer is Minuit2 / Migrad
Chi2                      =      28.9183
NDf                       =           11
Edm                       =  2.21313e-18
NCalls                    =           43
p0                        =      5.97062   +/-   0.0019953   
p1                        =       5.9622   +/-   0.00199663  
****************************************
Minimizer is Minuit2 / Migrad
Chi2                      =      21.4404
NDf                       =           10
Edm                       =  8.76981e-06
NCalls                    =           73
p0                        =       5.9746   +/-   0.00247209  
p1                        =      5.96179   +/-   0.00173925  
p2                        =      5.96696   +/-   0.00265195  
  [FIT] Found good fit candidate. Best segments so far: 1. Stopping search.
  [FIT] Finalizing with loop variable 'segments' = 1
****************************************
Minimizer is Minuit2 / Migrad
Chi2                      =       27.907
NDf                       =           11
Edm                       =  7.85983e-19
NCalls                    =           43
p0                        =      5.97181   +/-   0.00226941  
p1                        =      5.96102   +/-   0.00226317  
[SUCCESS] Created final fit for L1Inner_Carbon_NaF_L2QTemplate_EGE_Peak_spline with chi2/ndf = 2.62893
begin drawing Carbon L1Inner NaF EGE_Peak

[INFO] Starting smart spline fit for: L1Inner_Carbon_NaF_L1QTemplate_EGE_SigmaL (16 points)
****************************************
Minimizer is Minuit2 / Migrad
Chi2                      =      39.1407
NDf                       =           14
Edm                       =  9.25085e-21
NCalls                    =           35
p0                        =     0.213499   +/-   0.00103809  
p1                        =     0.218823   +/-   0.000938903 
****************************************
Minimizer is Minuit2 / Migrad
Chi2                      =      21.5855
NDf                       =           13
Edm                       =  2.24848e-06
NCalls                    =           60
p0                        =     0.209878   +/-   0.00135094  
p1                        =     0.219852   +/-   0.000906448 
p2                        =     0.215014   +/-   0.00130712  
  [FIT] Found good fit candidate. Best segments so far: 2. Stopping search.
  [FIT] Finalizing with loop variable 'segments' = 2
****************************************
Minimizer is Minuit2 / Migrad
Chi2                      =         25.9
NDf                       =           13
Edm                       =  5.81316e-06
NCalls                    =           60
p0                        =     0.208269   +/-   0.00174842  
p1                        =     0.218986   +/-   0.000815849 
p2                        =     0.214672   +/-   0.00164327  
[SUCCESS] Created final fit for L1Inner_Carbon_NaF_L1QTemplate_EGE_SigmaL_spline with chi2/ndf = 1.66043

[INFO] Starting smart spline fit for: L1Inner_Carbon_NaF_L2QTemplate_EGE_SigmaL (16 points)
****************************************
Minimizer is Minuit2 / Migrad
Chi2                      =      21.8353
NDf                       =           11
Edm                       =  5.90663e-23
NCalls                    =           35
p0                        =     0.206471   +/-   0.00138012  
p1                        =     0.208459   +/-   0.00135398  
****************************************
Minimizer is Minuit2 / Migrad
Chi2                      =      16.0112
NDf                       =           10
Edm                       =  3.11299e-08
NCalls                    =           61
p0                        =      0.20405   +/-   0.00170626  
p1                        =     0.209795   +/-   0.00118113  
p2                        =     0.205627   +/-   0.00179189  
  [FIT] Found good fit candidate. Best segments so far: 1. Stopping search.
  [FIT] Finalizing with loop variable 'segments' = 1
****************************************
Minimizer is Minuit2 / Migrad
Chi2                      =      22.2574
NDf                       =           11
Edm                       =  1.75657e-21
NCalls                    =           35
p0                        =     0.206678   +/-   0.00156194  
p1                        =     0.208259   +/-   0.00153185  
[SUCCESS] Created final fit for L1Inner_Carbon_NaF_L2QTemplate_EGE_SigmaL_spline with chi2/ndf = 1.98503
begin drawing Carbon L1Inner NaF EGE_SigmaL

[INFO] Starting smart spline fit for: L1Inner_Carbon_NaF_L1QTemplate_EGE_SigmaR (16 points)
****************************************
Minimizer is Minuit2 / Migrad
Chi2                      =      41.8094
NDf                       =           14
Edm                       =  5.31221e-21
NCalls                    =           35
p0                        =     0.253664   +/-   0.00134213  
p1                        =     0.265556   +/-   0.00137175  
****************************************
Minimizer is Minuit2 / Migrad
Chi2                      =      22.5926
NDf                       =           13
Edm                       =  1.73798e-09
NCalls                    =           61
p0                        =     0.248447   +/-   0.00179378  
p1                        =     0.265077   +/-   0.00118082  
p2                        =     0.259311   +/-   0.0019777   
  [FIT] Found good fit candidate. Best segments so far: 2. Stopping search.
  [FIT] Finalizing with loop variable 'segments' = 2
****************************************
Minimizer is Minuit2 / Migrad
Chi2                      =      18.4998
NDf                       =           13
Edm                       =  2.92929e-09
NCalls                    =           61
p0                        =     0.243362   +/-   0.00242105  
p1                        =     0.264522   +/-   0.00107259  
p2                        =     0.258113   +/-   0.00243305  
[SUCCESS] Created final fit for L1Inner_Carbon_NaF_L1QTemplate_EGE_SigmaR_spline with chi2/ndf = 1.73789

[INFO] Starting smart spline fit for: L1Inner_Carbon_NaF_L2QTemplate_EGE_SigmaR (16 points)
****************************************
Minimizer is Minuit2 / Migrad
Chi2                      =      43.1911
NDf                       =           11
Edm                       =  3.69206e-22
NCalls                    =           35
p0                        =     0.258824   +/-   0.00197096  
p1                        =     0.253919   +/-   0.00234394  
****************************************
Minimizer is Minuit2 / Migrad
Chi2                      =      39.0587
NDf                       =           10
Edm                       =  8.03943e-08
NCalls                    =           59
p0                        =     0.255956   +/-   0.00242398  
p1                        =     0.258606   +/-   0.00201867  
p2                        =     0.249578   +/-   0.00317123  
****************************************
Minimizer is Minuit2 / Migrad
Chi2                      =      33.9274
NDf                       =            9
Edm                       =  4.47447e-21
NCalls                    =           86
p0                        =     0.252228   +/-   0.00293051  
p1                        =     0.263186   +/-   0.00237847  
p2                        =     0.251485   +/-   0.0028035   
p3                        =     0.252847   +/-   0.00364319  
****************************************
Minimizer is Minuit2 / Migrad
Chi2                      =      26.6444
NDf                       =            8
Edm                       =  5.31825e-06
NCalls                    =           99
p0                        =     0.247983   +/-   0.00332788  
p1                        =     0.266556   +/-   0.00266166  
p2                        =     0.252715   +/-   0.00262468  
p3                        =     0.256875   +/-   0.00381045  
p4                        =     0.248566   +/-   0.00440693  
  [FIT] Found good fit candidate. Best segments so far: 3. Stopping search.
  [FIT] Finalizing with loop variable 'segments' = 3
****************************************
Minimizer is Minuit2 / Migrad
Chi2                      =      26.5218
NDf                       =            9
Edm                       =  4.81927e-11
NCalls                    =           90
p0                        =     0.244632   +/-   0.00403403  
p1                        =     0.264349   +/-   0.00216213  
p2                        =     0.251013   +/-   0.00270052  
p3                        =        0.254   +/-   0.00456264  
[SUCCESS] Created final fit for L1Inner_Carbon_NaF_L2QTemplate_EGE_SigmaR_spline with chi2/ndf = 3.76972
begin drawing Carbon L1Inner NaF EGE_SigmaR
  [SUCCESS] Wrote constant TF1 'L1Inner_Carbon_NaF_L1QTemplate_EGE_AlphaL_spline' to file.
  [SUCCESS] Wrote constant TF1 'L1Inner_Carbon_NaF_L2QTemplate_EGE_AlphaL_spline' to file.
begin drawing Carbon L1Inner NaF EGE_AlphaL

[INFO] Starting smart spline fit for: L1Inner_Carbon_NaF_L1QTemplate_EGE_AlphaR (16 points)
****************************************
Minimizer is Minuit2 / Migrad
Chi2                      =      34.9076
NDf                       =           14
Edm                       =  6.33691e-22
NCalls                    =           35
p0                        =      1.41297   +/-   0.0140558   
p1                        =      1.48414   +/-   0.0159817   
****************************************
Minimizer is Minuit2 / Migrad
Chi2                      =      24.8242
NDf                       =           13
Edm                       =  2.26435e-11
NCalls                    =           59
p0                        =       1.3702   +/-   0.0194685   
p1                        =      1.49689   +/-   0.0154012   
p2                        =      1.44276   +/-   0.0206223   
  [FIT] Found good fit candidate. Best segments so far: 2. Stopping search.
  [FIT] Finalizing with loop variable 'segments' = 2
****************************************
Minimizer is Minuit2 / Migrad
Chi2                      =      28.3155
NDf                       =           13
Edm                       =  2.68847e-21
NCalls                    =           53
p0                        =      1.34359   +/-   0.0279463   
p1                        =      1.48566   +/-   0.0140356   
p2                        =      1.43967   +/-   0.0234202   
[SUCCESS] Created final fit for L1Inner_Carbon_NaF_L1QTemplate_EGE_AlphaR_spline with chi2/ndf = 1.90955

[INFO] Starting smart spline fit for: L1Inner_Carbon_NaF_L2QTemplate_EGE_AlphaR (16 points)
****************************************
Minimizer is Minuit2 / Migrad
Chi2                      =      10.1948
NDf                       =           11
Edm                       =  3.59612e-22
NCalls                    =           31
p0                        =       1.5077   +/-   0.0418176   
p1                        =      1.31894   +/-   0.0308721   
  [FIT] Found good fit candidate. Best segments so far: 1. Stopping search.
  [FIT] Finalizing with loop variable 'segments' = 1
****************************************
Minimizer is Minuit2 / Migrad
Chi2                      =       11.041
NDf                       =           11
Edm                       =  1.26269e-22
NCalls                    =           31
p0                        =      1.51653   +/-   0.0461935   
p1                        =      1.30589   +/-   0.0355276   
[SUCCESS] Created final fit for L1Inner_Carbon_NaF_L2QTemplate_EGE_AlphaR_spline with chi2/ndf = 0.926796
begin drawing Carbon L1Inner NaF EGE_AlphaR
begin drawing Carbon L1Inner NaF EGE_Chi2NDF

[INFO] Starting smart spline fit for: L1Inner_Carbon_AGL_L1QTemplate_LG_Width (22 points)
****************************************
Minimizer is Minuit2 / Migrad
Chi2                      =      69.5641
NDf                       =           20
Edm                       =  6.32061e-22
NCalls                    =           31
p0                        =    0.0348377   +/-   0.000424279 
p1                        =    0.0323509   +/-   0.000420176 
****************************************
Minimizer is Minuit2 / Migrad
Chi2                      =      55.9915
NDf                       =           19
Edm                       =  1.27455e-12
NCalls                    =           59
p0                        =    0.0363429   +/-   0.000589007 
p1                        =    0.0324458   +/-   0.000336359 
p2                        =    0.0339452   +/-   0.000603172 
****************************************
Minimizer is Minuit2 / Migrad
Chi2                      =      44.7512
NDf                       =           18
Edm                       =  2.13321e-21
NCalls                    =           80
p0                        =     0.037859   +/-   0.000741068 
p1                        =    0.0326819   +/-   0.000383914 
p2                        =    0.0335623   +/-   0.000420874 
p3                        =    0.0326156   +/-   0.000756041 
  [FIT] Found good fit candidate. Best segments so far: 2. Stopping search.
  [FIT] Finalizing with loop variable 'segments' = 2
****************************************
Minimizer is Minuit2 / Migrad
Chi2                      =      51.9908
NDf                       =           19
Edm                       =  1.27649e-09
NCalls                    =           59
p0                        =    0.0375822   +/-   0.000773009 
p1                        =    0.0325723   +/-   0.000306067 
p2                        =    0.0341698   +/-   0.000768806 
[SUCCESS] Created final fit for L1Inner_Carbon_AGL_L1QTemplate_LG_Width_spline with chi2/ndf = 2.94692

[INFO] Starting smart spline fit for: L1Inner_Carbon_AGL_L2QTemplate_LG_Width (22 points)
****************************************
Minimizer is Minuit2 / Migrad
Chi2                      =      54.4513
NDf                       =           20
Edm                       =  2.58913e-22
NCalls                    =           33
p0                        =    0.0366825   +/-   0.000405096 
p1                        =    0.0348601   +/-   0.000500694 
****************************************
Minimizer is Minuit2 / Migrad
Chi2                      =       52.166
NDf                       =           19
Edm                       =  1.48674e-07
NCalls                    =           59
p0                        =    0.0361845   +/-   0.00052208  
p1                        =    0.0360196   +/-   0.000390844 
p2                        =    0.0340208   +/-   0.000747516 
****************************************
Minimizer is Minuit2 / Migrad
Chi2                      =      51.1659
NDf                       =           18
Edm                       =  1.05461e-21
NCalls                    =           80
p0                        =    0.0358152   +/-   0.000637995 
p1                        =     0.036689   +/-   0.000434527 
p2                        =    0.0350402   +/-   0.000497355 
p3                        =     0.034478   +/-   0.00094424  
  [FIT] Found good fit candidate. Best segments so far: 2. Stopping search.
  [FIT] Finalizing with loop variable 'segments' = 2
****************************************
Minimizer is Minuit2 / Migrad
Chi2                      =      52.7669
NDf                       =           19
Edm                       =  5.41742e-22
NCalls                    =           53
p0                        =     0.036138   +/-   0.000692527 
p1                        =    0.0359806   +/-   0.000355462 
p2                        =    0.0336029   +/-   0.000947361 
[SUCCESS] Created final fit for L1Inner_Carbon_AGL_L2QTemplate_LG_Width_spline with chi2/ndf = 2.74558
begin drawing Carbon L1Inner AGL LG_Width

[INFO] Starting smart spline fit for: L1Inner_Carbon_AGL_L1QTemplate_LG_MPV (22 points)
****************************************
Minimizer is Minuit2 / Migrad
Chi2                      =      128.784
NDf                       =           20
Edm                       =  5.56395e-18
NCalls                    =           43
p0                        =      5.93374   +/-   0.000522313 
p1                        =      5.94892   +/-   0.000589049 
****************************************
Minimizer is Minuit2 / Migrad
Chi2                      =      55.5584
NDf                       =           19
Edm                       =   7.0561e-07
NCalls                    =           75
p0                        =      5.93013   +/-   0.000671851 
p1                        =      5.94576   +/-   0.000476205 
p2                        =      5.94358   +/-   0.000857824 
****************************************
Minimizer is Minuit2 / Migrad
Chi2                      =      55.8217
NDf                       =           18
Edm                       =  2.54139e-17
NCalls                    =          104
p0                        =      5.92959   +/-   0.000801392 
p1                        =      5.94111   +/-   0.000541143 
p2                        =      5.94596   +/-   0.000599967 
p3                        =      5.94397   +/-   0.00108129  
****************************************
Minimizer is Minuit2 / Migrad
Chi2                      =      53.4902
NDf                       =           17
Edm                       =  9.21074e-09
NCalls                    =          117
p0                        =      5.92984   +/-   0.000906876 
p1                        =      5.93716   +/-   0.00061435  
p2                        =      5.94582   +/-   0.000616698 
p3                        =      5.94479   +/-   0.000754822 
p4                        =      5.94498   +/-   0.00131773  
  [FIT] Found good fit candidate. Best segments so far: 3. Stopping search.
  [FIT] Finalizing with loop variable 'segments' = 3
****************************************
Minimizer is Minuit2 / Migrad
Chi2                      =      60.5469
NDf                       =           18
Edm                       =  9.77243e-07
NCalls                    =          103
p0                        =      5.92758   +/-   0.00102399  
p1                        =      5.94079   +/-   0.000502179 
p2                        =      5.94613   +/-   0.000578788 
p3                        =      5.94316   +/-   0.00141724  
[SUCCESS] Created final fit for L1Inner_Carbon_AGL_L1QTemplate_LG_MPV_spline with chi2/ndf = 3.10121

[INFO] Starting smart spline fit for: L1Inner_Carbon_AGL_L2QTemplate_LG_MPV (22 points)
****************************************
Minimizer is Minuit2 / Migrad
Chi2                      =      86.3212
NDf                       =           20
Edm                       =  1.35656e-17
NCalls                    =           43
p0                        =      5.92129   +/-   0.000528405 
p1                        =      5.94651   +/-   0.000683089 
****************************************
Minimizer is Minuit2 / Migrad
Chi2                      =       83.997
NDf                       =           19
Edm                       =  9.84299e-07
NCalls                    =           74
p0                        =      5.92191   +/-   0.000666831 
p1                        =      5.93574   +/-   0.000531504 
p2                        =      5.94766   +/-   0.00102071  
****************************************
Minimizer is Minuit2 / Migrad
Chi2                      =      60.9426
NDf                       =           18
Edm                       =  1.03726e-11
NCalls                    =          104
p0                        =      5.92399   +/-   0.000797888 
p1                        =      5.92714   +/-   0.000587823 
p2                        =        5.943   +/-   0.000684243 
p3                        =      5.94422   +/-   0.00129141  
****************************************
Minimizer is Minuit2 / Migrad
Chi2                      =      60.7302
NDf                       =           17
Edm                       =  1.82785e-07
NCalls                    =          129
p0                        =      5.92471   +/-   0.00090546  
p1                        =      5.92396   +/-   0.000631017 
p2                        =      5.93731   +/-   0.000683351 
p3                        =      5.94399   +/-   0.000882053 
p4                        =      5.94522   +/-   0.00156449  
  [FIT] Found good fit candidate. Best segments so far: 3. Stopping search.
  [FIT] Finalizing with loop variable 'segments' = 3
****************************************
Minimizer is Minuit2 / Migrad
Chi2                      =      61.8714
NDf                       =           18
Edm                       =  1.41631e-07
NCalls                    =          102
p0                        =      5.92429   +/-   0.00104904  
p1                        =      5.92731   +/-   0.000539817 
p2                        =      5.94279   +/-   0.000662118 
p3                        =      5.94412   +/-   0.00167122  
[SUCCESS] Created final fit for L1Inner_Carbon_AGL_L2QTemplate_LG_MPV_spline with chi2/ndf = 3.3857
begin drawing Carbon L1Inner AGL LG_MPV

[INFO] Starting smart spline fit for: L1Inner_Carbon_AGL_L1QTemplate_LG_Sigma (22 points)
****************************************
Minimizer is Minuit2 / Migrad
Chi2                      =      26.4837
NDf                       =           20
Edm                       =  5.26712e-21
NCalls                    =           35
p0                        =     0.208057   +/-   0.000504233 
p1                        =     0.199421   +/-   0.000494026 
  [FIT] Found good fit candidate. Best segments so far: 1. Stopping search.
  [FIT] Finalizing with loop variable 'segments' = 1
****************************************
Minimizer is Minuit2 / Migrad
Chi2                      =       28.122
NDf                       =           20
Edm                       =  5.67083e-19
NCalls                    =           37
p0                        =     0.209084   +/-   0.000597699 
p1                        =     0.198406   +/-   0.000585851 
[SUCCESS] Created final fit for L1Inner_Carbon_AGL_L1QTemplate_LG_Sigma_spline with chi2/ndf = 1.32419

[INFO] Starting smart spline fit for: L1Inner_Carbon_AGL_L2QTemplate_LG_Sigma (22 points)
****************************************
Minimizer is Minuit2 / Migrad
Chi2                      =      59.6685
NDf                       =           20
Edm                       =  6.55676e-21
NCalls                    =           35
p0                        =     0.198711   +/-   0.00048739  
p1                        =      0.19181   +/-   0.000598257 
****************************************
Minimizer is Minuit2 / Migrad
Chi2                      =      47.9128
NDf                       =           19
Edm                       =  4.70028e-15
NCalls                    =           62
p0                        =     0.200059   +/-   0.000626274 
p1                        =     0.193431   +/-   0.000472826 
p2                        =     0.194044   +/-   0.000884609 
****************************************
Minimizer is Minuit2 / Migrad
Chi2                      =        44.11
NDf                       =           18
Edm                       =  2.53262e-21
NCalls                    =           88
p0                        =     0.200921   +/-   0.000763086 
p1                        =      0.19495   +/-   0.000527209 
p2                        =     0.193823   +/-   0.000603376 
p3                        =     0.193005   +/-   0.00111565  
  [FIT] Found good fit candidate. Best segments so far: 2. Stopping search.
  [FIT] Finalizing with loop variable 'segments' = 2
****************************************
Minimizer is Minuit2 / Migrad
Chi2                      =      44.9957
NDf                       =           19
Edm                       =  6.83346e-10
NCalls                    =           63
p0                        =     0.201671   +/-   0.000829697 
p1                        =     0.193705   +/-   0.000430237 
p2                        =     0.193893   +/-   0.00112255  
[SUCCESS] Created final fit for L1Inner_Carbon_AGL_L2QTemplate_LG_Sigma_spline with chi2/ndf = 2.52173
begin drawing Carbon L1Inner AGL LG_Sigma
begin drawing Carbon L1Inner AGL LG_Chi2NDF

[INFO] Starting smart spline fit for: L1Inner_Carbon_AGL_L1QTemplate_EGE_Peak (22 points)
****************************************
Minimizer is Minuit2 / Migrad
Chi2                      =      65.5514
NDf                       =           20
Edm                       =  3.18923e-18
NCalls                    =           43
p0                        =      5.98291   +/-   0.000647219 
p1                        =      5.98667   +/-   0.000771556 
****************************************
Minimizer is Minuit2 / Migrad
Chi2                      =      59.9625
NDf                       =           19
Edm                       =   8.8636e-06
NCalls                    =           74
p0                        =      5.98174   +/-   0.000815529 
p1                        =      5.98619   +/-   0.000612426 
p2                        =      5.98472   +/-   0.00112928  
****************************************
Minimizer is Minuit2 / Migrad
Chi2                      =      59.5085
NDf                       =           18
Edm                       =  3.52717e-19
NCalls                    =           90
p0                        =      5.98138   +/-   0.000969694 
p1                        =       5.9852   +/-   0.000705262 
p2                        =      5.98578   +/-   0.000788739 
p3                        =      5.98507   +/-   0.00140929  
****************************************
Minimizer is Minuit2 / Migrad
Chi2                      =      59.2396
NDf                       =           17
Edm                       =  4.79342e-10
NCalls                    =          111
p0                        =      5.98112   +/-   0.00110301  
p1                        =      5.98433   +/-   0.000793064 
p2                        =      5.98585   +/-   0.000784407 
p3                        =      5.98561   +/-   0.00101073  
p4                        =      5.98505   +/-   0.00169501  
  [FIT] Found good fit candidate. Best segments so far: 3. Stopping search.
  [FIT] Finalizing with loop variable 'segments' = 3
****************************************
Minimizer is Minuit2 / Migrad
Chi2                      =      60.7046
NDf                       =           18
Edm                       =  2.02348e-06
NCalls                    =          102
p0                        =      5.98074   +/-   0.00129648  
p1                        =        5.985   +/-   0.000657736 
p2                        =      5.98588   +/-   0.000762968 
p3                        =      5.98486   +/-   0.00182051  
[SUCCESS] Created final fit for L1Inner_Carbon_AGL_L1QTemplate_EGE_Peak_spline with chi2/ndf = 3.30603

[INFO] Starting smart spline fit for: L1Inner_Carbon_AGL_L2QTemplate_EGE_Peak (22 points)
****************************************
Minimizer is Minuit2 / Migrad
Chi2                      =      67.6268
NDf                       =           17
Edm                       =  2.04362e-18
NCalls                    =           43
p0                        =      5.96642   +/-   0.000760649 
p1                        =      5.98837   +/-   0.00102777  
****************************************
Minimizer is Minuit2 / Migrad
Chi2                      =      58.0255
NDf                       =           16
Edm                       =  4.00302e-17
NCalls                    =           82
p0                        =       5.9679   +/-   0.00089807  
p1                        =       5.9775   +/-   0.00086763  
p2                        =      5.99219   +/-   0.00160337  
****************************************
Minimizer is Minuit2 / Migrad
Chi2                      =      40.3021
NDf                       =           15
Edm                       =  1.54169e-08
NCalls                    =          118
p0                        =      5.97029   +/-   0.00106318  
p1                        =      5.96848   +/-   0.00108857  
p2                        =      5.98589   +/-   0.00103272  
p3                        =      5.98745   +/-   0.00208571  
  [FIT] Found good fit candidate. Best segments so far: 3. Stopping search.
  [FIT] Finalizing with loop variable 'segments' = 3
****************************************
Minimizer is Minuit2 / Migrad
Chi2                      =      37.2409
NDf                       =           15
Edm                       =  8.07722e-17
NCalls                    =          100
p0                        =      5.97222   +/-   0.00140706  
p1                        =      5.96865   +/-   0.000961009 
p2                        =      5.98563   +/-   0.000989926 
p3                        =      5.98745   +/-   0.00275101  
[SUCCESS] Created final fit for L1Inner_Carbon_AGL_L2QTemplate_EGE_Peak_spline with chi2/ndf = 2.68681
begin drawing Carbon L1Inner AGL EGE_Peak

[INFO] Starting smart spline fit for: L1Inner_Carbon_AGL_L1QTemplate_EGE_SigmaL (22 points)
****************************************
Minimizer is Minuit2 / Migrad
Chi2                      =      36.8014
NDf                       =           20
Edm                       =  4.44292e-21
NCalls                    =           35
p0                        =     0.216423   +/-   0.000481637 
p1                        =     0.203461   +/-   0.000530683 
****************************************
Minimizer is Minuit2 / Migrad
Chi2                      =      34.2132
NDf                       =           19
Edm                       =  1.70178e-08
NCalls                    =           65
p0                        =     0.217036   +/-   0.000614007 
p1                        =     0.208206   +/-   0.0004247   
p2                        =     0.204368   +/-   0.000774551 
  [FIT] Found good fit candidate. Best segments so far: 1. Stopping search.
  [FIT] Finalizing with loop variable 'segments' = 1
****************************************
Minimizer is Minuit2 / Migrad
Chi2                      =       40.125
NDf                       =           20
Edm                       =  1.96725e-21
NCalls                    =           35
p0                        =     0.217876   +/-   0.000566483 
p1                        =     0.201992   +/-   0.000619461 
[SUCCESS] Created final fit for L1Inner_Carbon_AGL_L1QTemplate_EGE_SigmaL_spline with chi2/ndf = 1.84007

[INFO] Starting smart spline fit for: L1Inner_Carbon_AGL_L2QTemplate_EGE_SigmaL (22 points)
****************************************
Minimizer is Minuit2 / Migrad
Chi2                      =      56.1982
NDf                       =           17
Edm                       =  1.02844e-21
NCalls                    =           35
p0                        =     0.206026   +/-   0.000525287 
p1                        =     0.198923   +/-   0.000698331 
****************************************
Minimizer is Minuit2 / Migrad
Chi2                      =      41.9583
NDf                       =           16
Edm                       =  7.92061e-06
NCalls                    =           63
p0                        =     0.207307   +/-   0.000625207 
p1                        =     0.200156   +/-   0.000586613 
p2                        =     0.202086   +/-   0.00109033  
****************************************
Minimizer is Minuit2 / Migrad
Chi2                      =      38.2238
NDf                       =           15
Edm                       =  8.35564e-08
NCalls                    =           96
p0                        =     0.208095   +/-   0.000748923 
p1                        =     0.201329   +/-   0.00073886  
p2                        =     0.200968   +/-   0.000699637 
p3                        =     0.200877   +/-   0.00141724  
  [FIT] Found good fit candidate. Best segments so far: 2. Stopping search.
  [FIT] Finalizing with loop variable 'segments' = 2
****************************************
Minimizer is Minuit2 / Migrad
Chi2                      =      36.4982
NDf                       =           16
Edm                       =  6.37931e-20
NCalls                    =           65
p0                        =     0.209054   +/-   0.000814509 
p1                        =     0.200378   +/-   0.00053332  
p2                        =     0.202415   +/-   0.00140593  
[SUCCESS] Created final fit for L1Inner_Carbon_AGL_L2QTemplate_EGE_SigmaL_spline with chi2/ndf = 2.62239
begin drawing Carbon L1Inner AGL EGE_SigmaL

[INFO] Starting smart spline fit for: L1Inner_Carbon_AGL_L1QTemplate_EGE_SigmaR (22 points)
****************************************
Minimizer is Minuit2 / Migrad
Chi2                      =      119.614
NDf                       =           20
Edm                       =  6.97133e-21
NCalls                    =           35
p0                        =     0.260265   +/-   0.000682101 
p1                        =     0.255421   +/-   0.000872725 
****************************************
Minimizer is Minuit2 / Migrad
Chi2                      =      118.416
NDf                       =           19
Edm                       =  3.06945e-10
NCalls                    =           62
p0                        =     0.260795   +/-   0.00083669  
p1                        =     0.256858   +/-   0.000677525 
p2                        =     0.256461   +/-   0.00128979  
****************************************
Minimizer is Minuit2 / Migrad
Chi2                      =      95.2396
NDf                       =           18
Edm                       =  4.11928e-21
NCalls                    =           88
p0                        =     0.263137   +/-   0.000967578 
p1                        =     0.255777   +/-   0.00077293  
p2                        =     0.259345   +/-   0.00089522  
p3                        =     0.252284   +/-   0.00161867  
****************************************
Minimizer is Minuit2 / Migrad
Chi2                      =      82.2938
NDf                       =           17
Edm                       =  1.04057e-20
NCalls                    =          120
p0                        =     0.264918   +/-   0.00108369  
p1                        =     0.254945   +/-   0.000886711 
p2                        =     0.259906   +/-   0.000879142 
p3                        =     0.255534   +/-   0.00116531  
p4                        =     0.254878   +/-   0.00196834  
****************************************
Minimizer is Minuit2 / Migrad
Chi2                      =      82.8401
NDf                       =           16
Edm                       =  3.27376e-08
NCalls                    =          157
p0                        =     0.265603   +/-   0.00122004  
p1                        =      0.25556   +/-   0.00103679  
p2                        =     0.257493   +/-   0.000931898 
p3                        =     0.258666   +/-   0.00102799  
p4                        =     0.255346   +/-   0.00137134  
p5                        =     0.254398   +/-   0.00222408  
****************************************
Minimizer is Minuit2 / Migrad
Chi2                      =       81.373
NDf                       =           15
Edm                       =  1.27389e-05
NCalls                    =          171
p0                        =     0.265187   +/-   0.00137245  
p1                        =     0.258228   +/-   0.00110038  
p2                        =     0.255521   +/-   0.000972557 
p3                        =     0.260263   +/-   0.00104333  
p4                        =     0.256575   +/-   0.00129497  
p5                        =     0.256025   +/-   0.00155073  
p6                        =     0.253255   +/-   0.00250369  
****************************************
Minimizer is Minuit2 / Migrad
Chi2                      =      81.6508
NDf                       =           14
Edm                       =  3.00522e-08
NCalls                    =          216
p0                        =     0.264965   +/-   0.00145973  
p1                        =     0.258455   +/-   0.00122217  
p2                        =     0.254638   +/-   0.00112554  
p3                        =     0.258773   +/-   0.00116324  
p4                        =     0.259394   +/-   0.00120691  
p5                        =     0.256015   +/-   0.00146081  
p6                        =     0.255979   +/-   0.00173869  
p7                        =     0.253324   +/-   0.00261087  
  [FIT] No fit met threshold. Falling back to best chi2/ndf.
  [FIT] Finalizing with loop variable 'segments' = 4
****************************************
Minimizer is Minuit2 / Migrad
Chi2                      =      86.6503
NDf                       =           17
Edm                       =   5.7116e-06
NCalls                    =          117
p0                        =     0.267807   +/-   0.00153599  
p1                        =     0.255369   +/-   0.000862069 
p2                        =     0.259499   +/-   0.000857995 
p3                        =     0.255916   +/-   0.0011476   
p4                        =     0.254385   +/-   0.00256614  
[SUCCESS] Created final fit for L1Inner_Carbon_AGL_L1QTemplate_EGE_SigmaR_spline with chi2/ndf = 4.84081

[INFO] Starting smart spline fit for: L1Inner_Carbon_AGL_L2QTemplate_EGE_SigmaR (22 points)
****************************************
Minimizer is Minuit2 / Migrad
Chi2                      =      39.2369
NDf                       =           17
Edm                       =  5.92536e-21
NCalls                    =           37
p0                        =     0.257096   +/-   0.000903747 
p1                        =     0.246892   +/-   0.00122764  
****************************************
Minimizer is Minuit2 / Migrad
Chi2                      =      38.7708
NDf                       =           16
Edm                       =  1.18612e-21
NCalls                    =           57
p0                        =     0.256707   +/-   0.00106772  
p1                        =     0.251543   +/-   0.00103736  
p2                        =     0.245881   +/-   0.0019232   
  [FIT] Found good fit candidate. Best segments so far: 1. Stopping search.
  [FIT] Finalizing with loop variable 'segments' = 1
****************************************
Minimizer is Minuit2 / Migrad
Chi2                      =      40.5636
NDf                       =           17
Edm                       =  1.64906e-21
NCalls                    =           35
p0                        =     0.258065   +/-   0.00105009  
p1                        =     0.245835   +/-   0.00141327  
[SUCCESS] Created final fit for L1Inner_Carbon_AGL_L2QTemplate_EGE_SigmaR_spline with chi2/ndf = 2.30805
begin drawing Carbon L1Inner AGL EGE_SigmaR
  [SUCCESS] Wrote constant TF1 'L1Inner_Carbon_AGL_L1QTemplate_EGE_AlphaL_spline' to file.
  [SUCCESS] Wrote constant TF1 'L1Inner_Carbon_AGL_L2QTemplate_EGE_AlphaL_spline' to file.
begin drawing Carbon L1Inner AGL EGE_AlphaL

[INFO] Starting smart spline fit for: L1Inner_Carbon_AGL_L1QTemplate_EGE_AlphaR (22 points)
****************************************
Minimizer is Minuit2 / Migrad
Chi2                      =      664.772
NDf                       =           20
Edm                       =  9.83211e-22
NCalls                    =           31
p0                        =      1.34693   +/-   0.00873393  
p1                        =      1.49374   +/-   0.0148012   
****************************************
Minimizer is Minuit2 / Migrad
Chi2                      =      664.578
NDf                       =           19
Edm                       =  1.32539e-21
NCalls                    =           53
p0                        =      1.34425   +/-   0.010643    
p1                        =      1.43747   +/-   0.0107233   
p2                        =      1.48646   +/-   0.0221911   
****************************************
Minimizer is Minuit2 / Migrad
Chi2                      =      644.262
NDf                       =           18
Edm                       =  7.28737e-21
NCalls                    =           80
p0                        =      1.37096   +/-   0.0120849   
p1                        =      1.36936   +/-   0.0104197   
p2                        =      1.50951   +/-   0.0152708   
p3                        =       1.4131   +/-   0.0286547   
****************************************
Minimizer is Minuit2 / Migrad
Chi2                      =      600.406
NDf                       =           17
Edm                       =    1.446e-07
NCalls                    =          110
p0                        =      1.40956   +/-   0.0134832   
p1                        =      1.30523   +/-   0.0114057   
p2                        =      1.52144   +/-   0.0149974   
p3                        =      1.42142   +/-   0.0197035   
p4                        =       1.5041   +/-   0.0348976   
****************************************
Minimizer is Minuit2 / Migrad
Chi2                      =      591.737
NDf                       =           16
Edm                       =  9.66427e-08
NCalls                    =          134
p0                        =      1.43214   +/-   0.0149218   
p1                        =      1.27937   +/-   0.0128698   
p2                        =      1.44562   +/-   0.0133203   
p3                        =      1.47043   +/-   0.0179375   
p4                        =       1.4517   +/-   0.024493    
p5                        =      1.47615   +/-   0.0404362   
****************************************
Minimizer is Minuit2 / Migrad
Chi2                      =        593.5
NDf                       =           15
Edm                       =  7.57515e-07
NCalls                    =          157
p0                        =      1.43671   +/-   0.0166724   
p1                        =       1.2943   +/-   0.0138534   
p2                        =      1.39173   +/-   0.0130104   
p3                        =      1.50342   +/-   0.0186558   
p4                        =      1.44742   +/-   0.0208566   
p5                        =      1.46991   +/-   0.0269823   
p6                        =      1.46259   +/-   0.045897    
****************************************
Minimizer is Minuit2 / Migrad
Chi2                      =      594.013
NDf                       =           14
Edm                       =  1.84455e-06
NCalls                    =          200
p0                        =      1.43446   +/-   0.0178228   
p1                        =      1.29686   +/-   0.0156183   
p2                        =       1.3441   +/-   0.014926    
p3                        =       1.4773   +/-   0.0184537   
p4                        =      1.48675   +/-   0.0231438   
p5                        =       1.4435   +/-   0.0242137   
p6                        =      1.46766   +/-   0.0295203   
p7                        =       1.4654   +/-   0.0476633   
  [FIT] No fit met threshold. Falling back to best chi2/ndf.
  [FIT] Finalizing with loop variable 'segments' = 1
****************************************
Minimizer is Minuit2 / Migrad
Chi2                      =      672.127
NDf                       =           20
Edm                       =  3.90266e-21
NCalls                    =           31
p0                        =      1.33572   +/-   0.010375    
p1                        =      1.50064   +/-   0.0166725   
[SUCCESS] Created final fit for L1Inner_Carbon_AGL_L1QTemplate_EGE_AlphaR_spline with chi2/ndf = 33.2386

[INFO] Starting smart spline fit for: L1Inner_Carbon_AGL_L2QTemplate_EGE_AlphaR (22 points)
****************************************
Minimizer is Minuit2 / Migrad
Chi2                      =      62.1609
NDf                       =           17
Edm                       =  5.11566e-22
NCalls                    =           33
p0                        =      1.37611   +/-   0.0124374   
p1                        =      1.37612   +/-   0.0168274   
****************************************
Minimizer is Minuit2 / Migrad
Chi2                      =       61.653
NDf                       =           16
Edm                       =  1.86432e-21
NCalls                    =           53
p0                        =      1.37037   +/-   0.0148192   
p1                        =      1.38359   +/-   0.0141424   
p2                        =      1.36157   +/-   0.0264597   
****************************************
Minimizer is Minuit2 / Migrad
Chi2                      =      61.2598
NDf                       =           15
Edm                       =  1.27321e-07
NCalls                    =           87
p0                        =      1.36432   +/-   0.0177751   
p1                        =      1.39025   +/-   0.0176222   
p2                        =      1.37147   +/-   0.0167845   
p3                        =       1.3714   +/-   0.0347674   
****************************************
Minimizer is Minuit2 / Migrad
Chi2                      =       60.246
NDf                       =           14
Edm                       =  3.07592e-07
NCalls                    =           99
p0                        =      1.35442   +/-   0.0201709   
p1                        =      1.39577   +/-   0.0176381   
p2                        =      1.37212   +/-   0.0173622   
p3                        =       1.3787   +/-   0.0210853   
p4                        =      1.35625   +/-   0.0448021   
****************************************
Minimizer is Minuit2 / Migrad
Chi2                      =      58.4125
NDf                       =           13
Edm                       =  6.86375e-11
NCalls                    =          148
p0                        =      1.34219   +/-   0.0223558   
p1                        =      1.40069   +/-   0.0173032   
p2                        =      1.36428   +/-   0.022938    
p3                        =      1.38911   +/-   0.0200448   
p4                        =      1.35907   +/-   0.0253043   
p5                        =      1.38412   +/-   0.0534967   
  [FIT] Found good fit candidate. Best segments so far: 4. Stopping search.
  [FIT] Finalizing with loop variable 'segments' = 4
****************************************
Minimizer is Minuit2 / Migrad
Chi2                      =      57.2205
NDf                       =           14
Edm                       =  5.01738e-07
NCalls                    =          111
p0                        =       1.3244   +/-   0.0263164   
p1                        =      1.40394   +/-   0.0159385   
p2                        =      1.36972   +/-   0.0169165   
p3                        =      1.37825   +/-   0.0207986   
p4                        =      1.35567   +/-   0.059431    
[SUCCESS] Created final fit for L1Inner_Carbon_AGL_L2QTemplate_EGE_AlphaR_spline with chi2/ndf = 4.30329
begin drawing Carbon L1Inner AGL EGE_AlphaR
begin drawing Carbon L1Inner AGL EGE_Chi2NDF

[INFO] Starting smart spline fit for: UnbiasedL1Inner_Carbon_TOF_L1QTemplate_LG_Width (7 points)
****************************************
Minimizer is Minuit2 / Migrad
Chi2                      =      88.0257
NDf                       =            5
Edm                       =  1.39265e-21
NCalls                    =           31
p0                        =    0.0176021   +/-   0.000512746 
p1                        =    0.0360858   +/-   0.000682405 
****************************************
Minimizer is Minuit2 / Migrad
Chi2                      =      43.7676
NDf                       =            4
Edm                       =  9.51506e-23
NCalls                    =           53
p0                        =    0.0208002   +/-   0.000702851 
p1                        =    0.0251067   +/-   0.000599    
p2                        =     0.039685   +/-   0.000870852 
****************************************
Minimizer is Minuit2 / Migrad
Chi2                      =      26.3313
NDf                       =            3
Edm                       =  2.64723e-22
NCalls                    =           80
p0                        =    0.0225904   +/-   0.000825662 
p1                        =    0.0208754   +/-   0.000544717 
p2                        =    0.0329801   +/-   0.000889066 
p3                        =    0.0377362   +/-   0.00105935  
****************************************
Minimizer is Minuit2 / Migrad
Chi2                      =      5.96124
NDf                       =            2
Edm                       =  2.58968e-08
NCalls                    =          109
p0                        =    0.0253227   +/-   0.00102098  
p1                        =     0.018081   +/-   0.000583074 
p2                        =    0.0285295   +/-   0.00082102  
p3                        =    0.0344926   +/-   0.000885566 
p4                        =    0.0400083   +/-   0.00127287  
  [FIT] Found good fit candidate. Best segments so far: 4. Stopping search.
  [FIT] Finalizing with loop variable 'segments' = 4
****************************************
Minimizer is Minuit2 / Migrad
Chi2                      =      7.02228
NDf                       =            2
Edm                       =   5.7733e-07
NCalls                    =          100
p0                        =    0.0288545   +/-   0.00153809  
p1                        =    0.0180849   +/-   0.000586993 
p2                        =    0.0283158   +/-   0.00080651  
p3                        =    0.0345052   +/-   0.000905919 
p4                        =    0.0416542   +/-   0.00178211  
[SUCCESS] Created final fit for UnbiasedL1Inner_Carbon_TOF_L1QTemplate_LG_Width_spline with chi2/ndf = 2.98062

[INFO] Starting smart spline fit for: UnbiasedL1Inner_Carbon_TOF_L2QTemplate_LG_Width (7 points)
****************************************
Minimizer is Minuit2 / Migrad
Chi2                      =       52.452
NDf                       =            5
Edm                       =    2.843e-22
NCalls                    =           31
p0                        =    0.0190564   +/-   0.000638019 
p1                        =      0.03153   +/-   0.000797925 
****************************************
Minimizer is Minuit2 / Migrad
Chi2                      =      21.8852
NDf                       =            4
Edm                       =  2.22753e-23
NCalls                    =           53
p0                        =    0.0221378   +/-   0.000847162 
p1                        =    0.0240875   +/-   0.00056598  
p2                        =    0.0357285   +/-   0.00110153  
****************************************
Minimizer is Minuit2 / Migrad
Chi2                      =      2.79958
NDf                       =            3
Edm                       =  4.30551e-22
NCalls                    =           80
p0                        =    0.0197536   +/-   0.00101948  
p1                        =    0.0235209   +/-   0.000608849 
p2                        =     0.024868   +/-   0.000913816 
p3                        =     0.039032   +/-   0.00133145  
  [FIT] Found good fit candidate. Best segments so far: 3. Stopping search.
  [FIT] Finalizing with loop variable 'segments' = 3
****************************************
Minimizer is Minuit2 / Migrad
Chi2                      =      4.83015
NDf                       =            3
Edm                       =  9.46278e-23
NCalls                    =           89
p0                        =    0.0186058   +/-   0.00145293  
p1                        =    0.0233575   +/-   0.000572768 
p2                        =    0.0250981   +/-   0.000879185 
p3                        =    0.0426285   +/-   0.00177881  
[SUCCESS] Created final fit for UnbiasedL1Inner_Carbon_TOF_L2QTemplate_LG_Width_spline with chi2/ndf = 0.933194
begin drawing Carbon UnbiasedL1Inner TOF LG_Width

[INFO] Starting smart spline fit for: UnbiasedL1Inner_Carbon_TOF_L1QTemplate_LG_MPV (7 points)
****************************************
Minimizer is Minuit2 / Migrad
Chi2                      =      115.201
NDf                       =            5
Edm                       =  4.74566e-17
NCalls                    =           43
p0                        =       5.9338   +/-   0.00089993  
p1                        =      5.92986   +/-   0.000746206 
****************************************
Minimizer is Minuit2 / Migrad
Chi2                      =      49.6827
NDf                       =            4
Edm                       =  2.20768e-17
NCalls                    =           77
p0                        =      5.92731   +/-   0.00120591  
p1                        =      5.93758   +/-   0.0008857   
p2                        =      5.92562   +/-   0.000911477 
****************************************
Minimizer is Minuit2 / Migrad
Chi2                      =      30.8085
NDf                       =            3
Edm                       =   3.1603e-17
NCalls                    =          104
p0                        =      5.92403   +/-   0.00143288  
p1                        =      5.93905   +/-   0.000969453 
p2                        =      5.93151   +/-   0.00107489  
p3                        =      5.92735   +/-   0.00106922  
****************************************
Minimizer is Minuit2 / Migrad
Chi2                      =      5.92475
NDf                       =            2
Edm                       =  2.79939e-07
NCalls                    =          105
p0                        =      5.91903   +/-   0.00175403  
p1                        =      5.93786   +/-   0.00108687  
p2                        =      5.93318   +/-   0.00114183  
p3                        =      5.93119   +/-   0.00102276  
p4                        =      5.92491   +/-   0.00127958  
  [FIT] Found good fit candidate. Best segments so far: 4. Stopping search.
  [FIT] Finalizing with loop variable 'segments' = 4
****************************************
Minimizer is Minuit2 / Migrad
Chi2                      =       7.2715
NDf                       =            2
Edm                       =  2.17964e-17
NCalls                    =          134
p0                        =      5.91129   +/-   0.00263753  
p1                        =      5.93794   +/-   0.00109967  
p2                        =      5.93347   +/-   0.00112589  
p3                        =      5.93113   +/-   0.00103712  
p4                        =      5.92289   +/-   0.00181816  
[SUCCESS] Created final fit for UnbiasedL1Inner_Carbon_TOF_L1QTemplate_LG_MPV_spline with chi2/ndf = 2.96237

[INFO] Starting smart spline fit for: UnbiasedL1Inner_Carbon_TOF_L2QTemplate_LG_MPV (7 points)
****************************************
Minimizer is Minuit2 / Migrad
Chi2                      =      73.7328
NDf                       =            5
Edm                       =  2.30363e-18
NCalls                    =           41
p0                        =      5.95494   +/-   0.00106879  
p1                        =       5.9311   +/-   0.000984082 
****************************************
Minimizer is Minuit2 / Migrad
Chi2                      =      59.0183
NDf                       =            4
Edm                       =  4.09053e-19
NCalls                    =           73
p0                        =      5.95092   +/-   0.00149664  
p1                        =      5.94416   +/-   0.000960091 
p2                        =      5.92834   +/-   0.00121907  
****************************************
Minimizer is Minuit2 / Migrad
Chi2                      =      16.5588
NDf                       =            3
Edm                       =  5.63565e-07
NCalls                    =          102
p0                        =      5.95762   +/-   0.00182616  
p1                        =      5.94397   +/-   0.00103921  
p2                        =      5.94527   +/-   0.00134771  
p3                        =      5.92342   +/-   0.00144503  
****************************************
Minimizer is Minuit2 / Migrad
Chi2                      =    0.0120492
NDf                       =            2
Edm                       =  8.78393e-10
NCalls                    =          105
p0                        =      5.96354   +/-   0.00226252  
p1                        =      5.94459   +/-   0.00119922  
p2                        =      5.94828   +/-   0.00117354  
p3                        =      5.93308   +/-   0.00132468  
p4                        =      5.92543   +/-   0.00174157  
  [FIT] Found good fit candidate. Best segments so far: 4. Stopping search.
  [FIT] Finalizing with loop variable 'segments' = 4
****************************************
Minimizer is Minuit2 / Migrad
Chi2                      =     0.257922
NDf                       =            2
Edm                       =  3.30355e-08
NCalls                    =          138
p0                        =      5.97194   +/-   0.00333309  
p1                        =      5.94435   +/-   0.00121487  
p2                        =      5.94809   +/-   0.00116138  
p3                        =      5.93328   +/-   0.00134905  
p4                        =       5.9235   +/-   0.00247376  
[SUCCESS] Created final fit for UnbiasedL1Inner_Carbon_TOF_L2QTemplate_LG_MPV_spline with chi2/ndf = 0.0060246
begin drawing Carbon UnbiasedL1Inner TOF LG_MPV

[INFO] Starting smart spline fit for: UnbiasedL1Inner_Carbon_TOF_L1QTemplate_LG_Sigma (7 points)
****************************************
Minimizer is Minuit2 / Migrad
Chi2                      =      41.0894
NDf                       =            5
Edm                       =  9.91182e-20
NCalls                    =           37
p0                        =     0.212185   +/-   0.000573841 
p1                        =     0.205761   +/-   0.000815    
****************************************
Minimizer is Minuit2 / Migrad
Chi2                      =      17.4332
NDf                       =            4
Edm                       =  1.16973e-20
NCalls                    =           55
p0                        =     0.209615   +/-   0.000780058 
p1                        =     0.210984   +/-   0.000672506 
p2                        =     0.202438   +/-   0.00106359  
****************************************
Minimizer is Minuit2 / Migrad
Chi2                      =      14.1259
NDf                       =            3
Edm                       =  1.99377e-19
NCalls                    =           88
p0                        =     0.208857   +/-   0.00091251  
p1                        =     0.212247   +/-   0.00060769  
p2                        =     0.207265   +/-   0.0010158   
p3                        =     0.203141   +/-   0.00130599  
****************************************
Minimizer is Minuit2 / Migrad
Chi2                      =      4.54003
NDf                       =            2
Edm                       =  1.40998e-06
NCalls                    =          115
p0                        =     0.206963   +/-   0.00112716  
p1                        =      0.21278   +/-   0.000652665 
p2                        =     0.208752   +/-   0.000925616 
p3                        =     0.206559   +/-   0.00104685  
p4                        =     0.200918   +/-   0.00157615  
  [FIT] Found good fit candidate. Best segments so far: 4. Stopping search.
  [FIT] Finalizing with loop variable 'segments' = 4
****************************************
Minimizer is Minuit2 / Migrad
Chi2                      =      5.15938
NDf                       =            2
Edm                       =   3.0835e-19
NCalls                    =          126
p0                        =     0.204456   +/-   0.00170287  
p1                        =      0.21276   +/-   0.000656803 
p2                        =     0.208919   +/-   0.000908919 
p3                        =     0.206587   +/-   0.00107186  
p4                        =     0.199068   +/-   0.00219258  
[SUCCESS] Created final fit for UnbiasedL1Inner_Carbon_TOF_L1QTemplate_LG_Sigma_spline with chi2/ndf = 2.27001

[INFO] Starting smart spline fit for: UnbiasedL1Inner_Carbon_TOF_L2QTemplate_LG_Sigma (7 points)
****************************************
Minimizer is Minuit2 / Migrad
Chi2                      =      49.4651
NDf                       =            5
Edm                       =   1.5393e-21
NCalls                    =           35
p0                        =     0.196117   +/-   0.000721739 
p1                        =     0.207822   +/-   0.000896297 
****************************************
Minimizer is Minuit2 / Migrad
Chi2                      =       38.692
NDf                       =            4
Edm                       =  1.08234e-06
NCalls                    =           61
p0                        =     0.194071   +/-   0.000953889 
p1                        =     0.204283   +/-   0.000634817 
p2                        =      0.20497   +/-   0.0012485   
****************************************
Minimizer is Minuit2 / Migrad
Chi2                      =     0.453606
NDf                       =            3
Edm                       =  1.18349e-19
NCalls                    =           92
p0                        =     0.197847   +/-   0.00114826  
p1                        =     0.198854   +/-   0.000693933 
p2                        =     0.210397   +/-   0.00101832  
p3                        =     0.199702   +/-   0.00152384  
  [FIT] Found good fit candidate. Best segments so far: 3. Stopping search.
  [FIT] Finalizing with loop variable 'segments' = 3
****************************************
Minimizer is Minuit2 / Migrad
Chi2                      =      1.82191
NDf                       =            3
Edm                       =  3.09316e-19
NCalls                    =           92
p0                        =     0.198981   +/-   0.00163647  
p1                        =     0.199078   +/-   0.000651958 
p2                        =     0.210129   +/-   0.00097801  
p3                        =     0.195997   +/-   0.00204612  
[SUCCESS] Created final fit for UnbiasedL1Inner_Carbon_TOF_L2QTemplate_LG_Sigma_spline with chi2/ndf = 0.151202
begin drawing Carbon UnbiasedL1Inner TOF LG_Sigma
begin drawing Carbon UnbiasedL1Inner TOF LG_Chi2NDF

[INFO] Starting smart spline fit for: UnbiasedL1Inner_Carbon_TOF_L1QTemplate_EGE_Peak (7 points)
****************************************
Minimizer is Minuit2 / Migrad
Chi2                      =      38.8061
NDf                       =            5
Edm                       =  1.47028e-17
NCalls                    =           43
p0                        =      5.97429   +/-   0.000944299 
p1                        =        5.976   +/-   0.00071471  
****************************************
Minimizer is Minuit2 / Migrad
Chi2                      =      34.1559
NDf                       =            4
Edm                       =  2.01821e-17
NCalls                    =           73
p0                        =      5.97197   +/-   0.0014298   
p1                        =      5.97648   +/-   0.000706718 
p2                        =      5.97467   +/-   0.000942856 
****************************************
Minimizer is Minuit2 / Migrad
Chi2                      =      27.9733
NDf                       =            3
Edm                       =  1.02006e-16
NCalls                    =          113
p0                        =      5.96911   +/-   0.00183436  
p1                        =      5.97681   +/-   0.000806385 
p2                        =        5.975   +/-   0.000818051 
p3                        =      5.97595   +/-   0.00115425  
****************************************
Minimizer is Minuit2 / Migrad
Chi2                      =      6.43543
NDf                       =            2
Edm                       =  1.03755e-05
NCalls                    =          105
p0                        =      5.96205   +/-   0.00239254  
p1                        =      5.97682   +/-   0.000996    
p2                        =      5.97397   +/-   0.000883224 
p3                        =      5.97672   +/-   0.000841115 
p4                        =      5.97387   +/-   0.00142094  
  [FIT] Found good fit candidate. Best segments so far: 4. Stopping search.
  [FIT] Finalizing with loop variable 'segments' = 4
****************************************
Minimizer is Minuit2 / Migrad
Chi2                      =      5.34447
NDf                       =            2
Edm                       =  3.60591e-10
NCalls                    =          107
p0                        =      5.95522   +/-   0.00345432  
p1                        =      5.97702   +/-   0.00100854  
p2                        =      5.97411   +/-   0.000874844 
p3                        =      5.97668   +/-   0.00085828  
p4                        =      5.97286   +/-   0.00197638  
[SUCCESS] Created final fit for UnbiasedL1Inner_Carbon_TOF_L1QTemplate_EGE_Peak_spline with chi2/ndf = 3.21772

[INFO] Starting smart spline fit for: UnbiasedL1Inner_Carbon_TOF_L2QTemplate_EGE_Peak (7 points)
****************************************
Minimizer is Minuit2 / Migrad
Chi2                      =      45.8018
NDf                       =            5
Edm                       =  3.68017e-18
NCalls                    =           43
p0                        =      5.98914   +/-   0.000896615 
p1                        =      5.97511   +/-   0.000797619 
****************************************
Minimizer is Minuit2 / Migrad
Chi2                      =      25.5131
NDf                       =            4
Edm                       =  1.83095e-18
NCalls                    =           73
p0                        =      5.98557   +/-   0.0011973   
p1                        =      5.98407   +/-   0.000822397 
p2                        =      5.97223   +/-   0.00102221  
****************************************
Minimizer is Minuit2 / Migrad
Chi2                      =        11.13
NDf                       =            3
Edm                       =  2.17062e-18
NCalls                    =          112
p0                        =      5.98818   +/-   0.00138387  
p1                        =      5.98406   +/-   0.000894718 
p2                        =      5.98291   +/-   0.00101583  
p3                        =      5.96949   +/-   0.00124562  
****************************************
Minimizer is Minuit2 / Migrad
Chi2                      =     0.367513
NDf                       =            2
Edm                       =  2.13412e-09
NCalls                    =          107
p0                        =       5.9914   +/-   0.00168259  
p1                        =      5.98233   +/-   0.00113763  
p2                        =      5.98685   +/-   0.00109388  
p3                        =      5.97517   +/-   0.000997159 
p4                        =      5.97094   +/-   0.0015123   
  [FIT] Found good fit candidate. Best segments so far: 4. Stopping search.
  [FIT] Finalizing with loop variable 'segments' = 4
****************************************
Minimizer is Minuit2 / Migrad
Chi2                      =     0.281365
NDf                       =            2
Edm                       =  7.66604e-19
NCalls                    =          138
p0                        =      5.99581   +/-   0.00256292  
p1                        =      5.98217   +/-   0.00115639  
p2                        =      5.98676   +/-   0.00107694  
p3                        =      5.97529   +/-   0.00101718  
p4                        =      5.97002   +/-   0.00212051  
[SUCCESS] Created final fit for UnbiasedL1Inner_Carbon_TOF_L2QTemplate_EGE_Peak_spline with chi2/ndf = 0.183756
begin drawing Carbon UnbiasedL1Inner TOF EGE_Peak

[INFO] Starting smart spline fit for: UnbiasedL1Inner_Carbon_TOF_L1QTemplate_EGE_SigmaL (7 points)
****************************************
Minimizer is Minuit2 / Migrad
Chi2                      =      34.8181
NDf                       =            5
Edm                       =  4.74448e-20
NCalls                    =           37
p0                        =     0.218419   +/-   0.000711986 
p1                        =     0.210088   +/-   0.000524228 
****************************************
Minimizer is Minuit2 / Migrad
Chi2                      =      33.1708
NDf                       =            4
Edm                       =  2.09248e-20
NCalls                    =           59
p0                        =     0.219529   +/-   0.00112015  
p1                        =     0.213107   +/-   0.000509196 
p2                        =     0.210721   +/-   0.000719654 
****************************************
Minimizer is Minuit2 / Migrad
Chi2                      =      27.9527
NDf                       =            3
Edm                       =  2.19771e-20
NCalls                    =           97
p0                        =     0.216952   +/-   0.00154891  
p1                        =     0.216134   +/-   0.000603686 
p2                        =     0.210859   +/-   0.000569305 
p3                        =     0.211905   +/-   0.000906209 
****************************************
Minimizer is Minuit2 / Migrad
Chi2                      =      4.83385
NDf                       =            2
Edm                       =   1.1777e-12
NCalls                    =          130
p0                        =     0.209489   +/-   0.00221483  
p1                        =     0.218972   +/-   0.000702074 
p2                        =     0.211531   +/-   0.000620089 
p3                        =       0.2119   +/-   0.000584391 
p4                        =     0.210043   +/-   0.00115468  
  [FIT] Found good fit candidate. Best segments so far: 4. Stopping search.
  [FIT] Finalizing with loop variable 'segments' = 4
****************************************
Minimizer is Minuit2 / Migrad
Chi2                      =      3.80518
NDf                       =            2
Edm                       =  3.99309e-07
NCalls                    =          115
p0                        =     0.204388   +/-   0.00316905  
p1                        =     0.219094   +/-   0.000707839 
p2                        =     0.211616   +/-   0.000610629 
p3                        =     0.211881   +/-   0.000594528 
p4                        =     0.209392   +/-   0.00158845  
[SUCCESS] Created final fit for UnbiasedL1Inner_Carbon_TOF_L1QTemplate_EGE_SigmaL_spline with chi2/ndf = 2.41692

[INFO] Starting smart spline fit for: UnbiasedL1Inner_Carbon_TOF_L2QTemplate_EGE_SigmaL (7 points)
****************************************
Minimizer is Minuit2 / Migrad
Chi2                      =      56.8761
NDf                       =            5
Edm                       =   9.7384e-21
NCalls                    =           35
p0                        =      0.20033   +/-   0.000648077 
p1                        =     0.210392   +/-   0.000568061 
****************************************
Minimizer is Minuit2 / Migrad
Chi2                      =      10.7995
NDf                       =            4
Edm                       =  1.59408e-19
NCalls                    =           63
p0                        =     0.196481   +/-   0.00086115  
p1                        =     0.209392   +/-   0.000592186 
p2                        =     0.207329   +/-   0.000725451 
****************************************
Minimizer is Minuit2 / Migrad
Chi2                      =      6.48936
NDf                       =            3
Edm                       =  1.40195e-07
NCalls                    =           96
p0                        =     0.197617   +/-   0.00100583  
p1                        =     0.205289   +/-   0.000661699 
p2                        =     0.211075   +/-   0.000719083 
p3                        =     0.206154   +/-   0.000868657 
  [FIT] Found good fit candidate. Best segments so far: 3. Stopping search.
  [FIT] Finalizing with loop variable 'segments' = 3
****************************************
Minimizer is Minuit2 / Migrad
Chi2                      =      10.9406
NDf                       =            3
Edm                       =  5.19764e-19
NCalls                    =           92
p0                        =      0.19612   +/-   0.00141219  
p1                        =     0.205227   +/-   0.000631784 
p2                        =     0.210828   +/-   0.000682879 
p3                        =     0.204769   +/-   0.00117063  
[SUCCESS] Created final fit for UnbiasedL1Inner_Carbon_TOF_L2QTemplate_EGE_SigmaL_spline with chi2/ndf = 2.16312
begin drawing Carbon UnbiasedL1Inner TOF EGE_SigmaL

[INFO] Starting smart spline fit for: UnbiasedL1Inner_Carbon_TOF_L1QTemplate_EGE_SigmaR (7 points)
****************************************
Minimizer is Minuit2 / Migrad
Chi2                      =      41.7155
NDf                       =            5
Edm                       =  2.54317e-19
NCalls                    =           39
p0                        =     0.234621   +/-   0.000981892 
p1                        =     0.262798   +/-   0.000770176 
****************************************
Minimizer is Minuit2 / Migrad
Chi2                      =      18.5064
NDf                       =            4
Edm                       =  3.01147e-21
NCalls                    =           61
p0                        =      0.22833   +/-   0.00163382  
p1                        =     0.253529   +/-   0.00071045  
p2                        =     0.259561   +/-   0.0010221   
****************************************
Minimizer is Minuit2 / Migrad
Chi2                      =      17.5044
NDf                       =            3
Edm                       =  8.14718e-08
NCalls                    =           94
p0                        =     0.229924   +/-   0.00214653  
p1                        =     0.245439   +/-   0.000742507 
p2                        =     0.258509   +/-   0.000849782 
p3                        =     0.258512   +/-   0.00126514  
****************************************
Minimizer is Minuit2 / Migrad
Chi2                      =      10.4734
NDf                       =            2
Edm                       =  5.15787e-06
NCalls                    =          117
p0                        =     0.235112   +/-   0.00290287  
p1                        =     0.235847   +/-   0.00103617  
p2                        =     0.254823   +/-   0.000923373 
p3                        =     0.258827   +/-   0.000887769 
p4                        =     0.259154   +/-   0.00157654  
****************************************
Minimizer is Minuit2 / Migrad
Chi2                      =    0.0104257
NDf                       =            1
Edm                       =   9.8466e-06
NCalls                    =          144
p0                        =      0.23982   +/-   0.00326413  
p1                        =     0.233357   +/-   0.00129189  
p2                        =     0.246386   +/-   0.000785845 
p3                        =     0.257302   +/-   0.000911826 
p4                        =     0.260279   +/-   0.00106372  
p5                        =     0.257636   +/-   0.00169949  
  [FIT] No fit met threshold. Falling back to best chi2/ndf.
  [FIT] Finalizing with loop variable 'segments' = 5
****************************************
Minimizer is Minuit2 / Migrad
Chi2                      =    0.0184599
NDf                       =            1
Edm                       =  1.27358e-20
NCalls                    =          169
p0                        =     0.245012   +/-   0.00484931  
p1                        =     0.233369   +/-   0.00129035  
p2                        =      0.24639   +/-   0.000785458 
p3                        =     0.257319   +/-   0.000910706 
p4                        =     0.260281   +/-   0.00106992  
p5                        =     0.256305   +/-   0.00247592  
[SUCCESS] Created final fit for UnbiasedL1Inner_Carbon_TOF_L1QTemplate_EGE_SigmaR_spline with chi2/ndf = 0.0104257

[INFO] Starting smart spline fit for: UnbiasedL1Inner_Carbon_TOF_L2QTemplate_EGE_SigmaR (7 points)
****************************************
Minimizer is Minuit2 / Migrad
Chi2                      =      75.0365
NDf                       =            5
Edm                       =  2.83638e-19
NCalls                    =           37
p0                        =     0.226563   +/-   0.000813448 
p1                        =     0.258317   +/-   0.000733976 
****************************************
Minimizer is Minuit2 / Migrad
Chi2                      =      15.9539
NDf                       =            4
Edm                       =  3.66335e-21
NCalls                    =           57
p0                        =     0.232236   +/-   0.00109838  
p1                        =     0.239768   +/-   0.000794788 
p2                        =      0.26296   +/-   0.000950592 
****************************************
Minimizer is Minuit2 / Migrad
Chi2                      =      3.70912
NDf                       =            3
Edm                       =  1.96139e-19
NCalls                    =           92
p0                        =      0.23454   +/-   0.0012666   
p1                        =     0.232794   +/-   0.000821145 
p2                        =     0.250917   +/-   0.00097822  
p3                        =     0.260506   +/-   0.00122121  
  [FIT] Found good fit candidate. Best segments so far: 3. Stopping search.
  [FIT] Finalizing with loop variable 'segments' = 3
****************************************
Minimizer is Minuit2 / Migrad
Chi2                      =      4.35449
NDf                       =            3
Edm                       =  6.04456e-19
NCalls                    =           94
p0                        =     0.237001   +/-   0.00177418  
p1                        =     0.233013   +/-   0.000785643 
p2                        =     0.250898   +/-   0.000905548 
p3                        =     0.262015   +/-   0.00169383  
[SUCCESS] Created final fit for UnbiasedL1Inner_Carbon_TOF_L2QTemplate_EGE_SigmaR_spline with chi2/ndf = 1.23637
begin drawing Carbon UnbiasedL1Inner TOF EGE_SigmaR
  [SUCCESS] Wrote constant TF1 'UnbiasedL1Inner_Carbon_TOF_L1QTemplate_EGE_AlphaL_spline' to file.
  [SUCCESS] Wrote constant TF1 'UnbiasedL1Inner_Carbon_TOF_L2QTemplate_EGE_AlphaL_spline' to file.
begin drawing Carbon UnbiasedL1Inner TOF EGE_AlphaL

[INFO] Starting smart spline fit for: UnbiasedL1Inner_Carbon_TOF_L1QTemplate_EGE_AlphaR (7 points)
****************************************
Minimizer is Minuit2 / Migrad
Chi2                      =      151.899
NDf                       =            5
Edm                       =   1.9998e-22
NCalls                    =           31
p0                        =      1.48728   +/-   0.017921    
p1                        =      1.50143   +/-   0.014421    
****************************************
Minimizer is Minuit2 / Migrad
Chi2                      =       18.319
NDf                       =            4
Edm                       =  1.96542e-20
NCalls                    =           61
p0                        =      1.25864   +/-   0.0266929   
p1                        =      1.64822   +/-   0.0159024   
p2                        =      1.36222   +/-   0.0187897   
****************************************
Minimizer is Minuit2 / Migrad
Chi2                      =      14.4991
NDf                       =            3
Edm                       =  1.63284e-20
NCalls                    =           86
p0                        =      1.24876   +/-   0.033975    
p1                        =      1.58726   +/-   0.016804    
p2                        =      1.58767   +/-   0.0177604   
p3                        =      1.35214   +/-   0.0229679   
****************************************
Minimizer is Minuit2 / Migrad
Chi2                      =      2.36686
NDf                       =            2
Edm                       =  5.56675e-08
NCalls                    =          115
p0                        =      1.17309   +/-   0.0444775   
p1                        =      1.47435   +/-   0.0187111   
p2                        =      1.59559   +/-   0.020977    
p3                        =      1.50393   +/-   0.0171442   
p4                        =      1.29853   +/-   0.0280946   
  [FIT] Found good fit candidate. Best segments so far: 4. Stopping search.
  [FIT] Finalizing with loop variable 'segments' = 4
****************************************
Minimizer is Minuit2 / Migrad
Chi2                      =      2.25065
NDf                       =            2
Edm                       =  3.13533e-20
NCalls                    =          120
p0                        =      1.06883   +/-   0.0644858   
p1                        =      1.47482   +/-   0.0188878   
p2                        =      1.60072   +/-   0.0205833   
p3                        =      1.50633   +/-   0.0174656   
p4                        =      1.23025   +/-   0.0391691   
[SUCCESS] Created final fit for UnbiasedL1Inner_Carbon_TOF_L1QTemplate_EGE_AlphaR_spline with chi2/ndf = 1.18343

[INFO] Starting smart spline fit for: UnbiasedL1Inner_Carbon_TOF_L2QTemplate_EGE_AlphaR (7 points)
****************************************
Minimizer is Minuit2 / Migrad
Chi2                      =      32.8974
NDf                       =            5
Edm                       =  1.08007e-21
NCalls                    =           33
p0                        =      1.45977   +/-   0.0219192   
p1                        =      1.59871   +/-   0.0145859   
****************************************
Minimizer is Minuit2 / Migrad
Chi2                      =      24.0919
NDf                       =            4
Edm                       =  2.03311e-22
NCalls                    =           53
p0                        =      1.56901   +/-   0.0428452   
p1                        =      1.49569   +/-   0.0175821   
p2                        =      1.63578   +/-   0.0192057   
****************************************
Minimizer is Minuit2 / Migrad
Chi2                      =      6.40835
NDf                       =            3
Edm                       =  1.27258e-20
NCalls                    =           84
p0                        =      1.71026   +/-   0.0548468   
p1                        =      1.46322   +/-   0.0155472   
p2                        =      1.61732   +/-   0.023902    
p3                        =      1.54785   +/-   0.0295186   
  [FIT] Found good fit candidate. Best segments so far: 3. Stopping search.
  [FIT] Finalizing with loop variable 'segments' = 3
****************************************
Minimizer is Minuit2 / Migrad
Chi2                      =      6.56327
NDf                       =            3
Edm                       =  8.00709e-22
NCalls                    =           80
p0                        =      1.81943   +/-   0.0771814   
p1                        =      1.46691   +/-   0.0151642   
p2                        =      1.60268   +/-   0.020453    
p3                        =      1.52805   +/-   0.0435347   
[SUCCESS] Created final fit for UnbiasedL1Inner_Carbon_TOF_L2QTemplate_EGE_AlphaR_spline with chi2/ndf = 2.13612
begin drawing Carbon UnbiasedL1Inner TOF EGE_AlphaR
begin drawing Carbon UnbiasedL1Inner TOF EGE_Chi2NDF

[INFO] Starting smart spline fit for: UnbiasedL1Inner_Carbon_NaF_L1QTemplate_LG_Width (16 points)
****************************************
Minimizer is Minuit2 / Migrad
Chi2                      =      26.3514
NDf                       =           14
Edm                       =   4.9082e-23
NCalls                    =           31
p0                        =    0.0298429   +/-   0.000789141 
p1                        =    0.0321763   +/-   0.000687954 
****************************************
Minimizer is Minuit2 / Migrad
Chi2                      =      25.3354
NDf                       =           13
Edm                       =  2.04955e-08
NCalls                    =           58
p0                        =    0.0304779   +/-   0.00100971  
p1                        =    0.0308521   +/-   0.000642433 
p2                        =    0.0328413   +/-   0.000953066 
  [FIT] Found good fit candidate. Best segments so far: 1. Stopping search.
  [FIT] Finalizing with loop variable 'segments' = 1
****************************************
Minimizer is Minuit2 / Migrad
Chi2                      =      25.2933
NDf                       =           14
Edm                       =  1.24316e-22
NCalls                    =           31
p0                        =    0.0293814   +/-   0.000904983 
p1                        =    0.0326151   +/-   0.000802037 
[SUCCESS] Created final fit for UnbiasedL1Inner_Carbon_NaF_L1QTemplate_LG_Width_spline with chi2/ndf = 1.88224

[INFO] Starting smart spline fit for: UnbiasedL1Inner_Carbon_NaF_L2QTemplate_LG_Width (16 points)
****************************************
Minimizer is Minuit2 / Migrad
Chi2                      =      24.3788
NDf                       =           14
Edm                       =  3.20507e-23
NCalls                    =           31
p0                        =    0.0296255   +/-   0.000990234 
p1                        =    0.0368684   +/-   0.000853789 
  [FIT] Found good fit candidate. Best segments so far: 1. Stopping search.
  [FIT] Finalizing with loop variable 'segments' = 1
****************************************
Minimizer is Minuit2 / Migrad
Chi2                      =      23.0836
NDf                       =           14
Edm                       =   5.9602e-23
NCalls                    =           31
p0                        =     0.028714   +/-   0.00113442  
p1                        =    0.0377582   +/-   0.000990784 
[SUCCESS] Created final fit for UnbiasedL1Inner_Carbon_NaF_L2QTemplate_LG_Width_spline with chi2/ndf = 1.74135
begin drawing Carbon UnbiasedL1Inner NaF LG_Width

[INFO] Starting smart spline fit for: UnbiasedL1Inner_Carbon_NaF_L1QTemplate_LG_MPV (16 points)
****************************************
Minimizer is Minuit2 / Migrad
Chi2                      =      21.5245
NDf                       =           14
Edm                       =  3.04959e-18
NCalls                    =           43
p0                        =      5.93434   +/-   0.00120074  
p1                        =      5.93403   +/-   0.00103796  
  [FIT] Found good fit candidate. Best segments so far: 1. Stopping search.
  [FIT] Finalizing with loop variable 'segments' = 1
****************************************
Minimizer is Minuit2 / Migrad
Chi2                      =      21.5384
NDf                       =           14
Edm                       =  1.76637e-18
NCalls                    =           43
p0                        =      5.93431   +/-   0.00138146  
p1                        =      5.93404   +/-   0.00120945  
[SUCCESS] Created final fit for UnbiasedL1Inner_Carbon_NaF_L1QTemplate_LG_MPV_spline with chi2/ndf = 1.53747

[INFO] Starting smart spline fit for: UnbiasedL1Inner_Carbon_NaF_L2QTemplate_LG_MPV (16 points)
****************************************
Minimizer is Minuit2 / Migrad
Chi2                      =      41.9002
NDf                       =           14
Edm                       =  1.55559e-18
NCalls                    =           43
p0                        =      5.93221   +/-   0.00150709  
p1                        =      5.91655   +/-   0.00119982  
****************************************
Minimizer is Minuit2 / Migrad
Chi2                      =      8.71099
NDf                       =           13
Edm                       =  3.72041e-09
NCalls                    =           73
p0                        =      5.93991   +/-   0.0020141   
p1                        =       5.9171   +/-   0.00114866  
p2                        =      5.92277   +/-   0.00161349  
  [FIT] Found good fit candidate. Best segments so far: 2. Stopping search.
  [FIT] Finalizing with loop variable 'segments' = 2
****************************************
Minimizer is Minuit2 / Migrad
Chi2                      =      6.18269
NDf                       =           13
Edm                       =  4.08475e-18
NCalls                    =           86
p0                        =      5.94592   +/-   0.00263759  
p1                        =      5.91794   +/-   0.00105319  
p2                        =      5.92379   +/-   0.00201142  
[SUCCESS] Created final fit for UnbiasedL1Inner_Carbon_NaF_L2QTemplate_LG_MPV_spline with chi2/ndf = 0.670076
begin drawing Carbon UnbiasedL1Inner NaF LG_MPV

[INFO] Starting smart spline fit for: UnbiasedL1Inner_Carbon_NaF_L1QTemplate_LG_Sigma (16 points)
****************************************
Minimizer is Minuit2 / Migrad
Chi2                      =      62.4296
NDf                       =           14
Edm                       =   3.2836e-21
NCalls                    =           35
p0                        =     0.207533   +/-   0.000912983 
p1                        =     0.212997   +/-   0.000801465 
****************************************
Minimizer is Minuit2 / Migrad
Chi2                      =      24.4796
NDf                       =           13
Edm                       =  2.26435e-11
NCalls                    =           61
p0                        =       0.2031   +/-   0.00116251  
p1                        =     0.214539   +/-   0.000751262 
p2                        =     0.208274   +/-   0.00110919  
  [FIT] Found good fit candidate. Best segments so far: 2. Stopping search.
  [FIT] Finalizing with loop variable 'segments' = 2
****************************************
Minimizer is Minuit2 / Migrad
Chi2                      =       31.759
NDf                       =           13
Edm                       =  1.77506e-08
NCalls                    =           61
p0                        =     0.201182   +/-   0.00148387  
p1                        =     0.213659   +/-   0.000685691 
p2                        =     0.207562   +/-   0.00138376  
[SUCCESS] Created final fit for UnbiasedL1Inner_Carbon_NaF_L1QTemplate_LG_Sigma_spline with chi2/ndf = 1.88304

[INFO] Starting smart spline fit for: UnbiasedL1Inner_Carbon_NaF_L2QTemplate_LG_Sigma (16 points)
****************************************
Minimizer is Minuit2 / Migrad
Chi2                      =      12.4781
NDf                       =           14
Edm                       =  6.43471e-22
NCalls                    =           35
p0                        =     0.203775   +/-   0.0011629   
p1                        =     0.200201   +/-   0.00102027  
  [FIT] Found good fit candidate. Best segments so far: 1. Stopping search.
  [FIT] Finalizing with loop variable 'segments' = 1
****************************************
Minimizer is Minuit2 / Migrad
Chi2                      =      11.7942
NDf                       =           14
Edm                       =  4.35852e-22
NCalls                    =           35
p0                        =     0.204351   +/-   0.00133118  
p1                        =     0.199645   +/-   0.00118408  
[SUCCESS] Created final fit for UnbiasedL1Inner_Carbon_NaF_L2QTemplate_LG_Sigma_spline with chi2/ndf = 0.89129
begin drawing Carbon UnbiasedL1Inner NaF LG_Sigma
begin drawing Carbon UnbiasedL1Inner NaF LG_Chi2NDF

[INFO] Starting smart spline fit for: UnbiasedL1Inner_Carbon_NaF_L1QTemplate_EGE_Peak (16 points)
****************************************
Minimizer is Minuit2 / Migrad
Chi2                      =      23.8251
NDf                       =           14
Edm                       =   2.6043e-18
NCalls                    =           43
p0                        =      5.97809   +/-   0.00144673  
p1                        =      5.97812   +/-   0.00128185  
  [FIT] Found good fit candidate. Best segments so far: 1. Stopping search.
  [FIT] Finalizing with loop variable 'segments' = 1
****************************************
Minimizer is Minuit2 / Migrad
Chi2                      =      23.8015
NDf                       =           14
Edm                       =  9.81818e-19
NCalls                    =           43
p0                        =      5.97787   +/-   0.00166529  
p1                        =       5.9783   +/-   0.00148985  
[SUCCESS] Created final fit for UnbiasedL1Inner_Carbon_NaF_L1QTemplate_EGE_Peak_spline with chi2/ndf = 1.7018

[INFO] Starting smart spline fit for: UnbiasedL1Inner_Carbon_NaF_L2QTemplate_EGE_Peak (16 points)
****************************************
Minimizer is Minuit2 / Migrad
Chi2                      =      30.3005
NDf                       =           12
Edm                       =  2.45613e-18
NCalls                    =           43
p0                        =      5.97231   +/-   0.00192475  
p1                        =      5.95942   +/-   0.00180045  
****************************************
Minimizer is Minuit2 / Migrad
Chi2                      =      26.5412
NDf                       =           11
Edm                       =  7.12494e-18
NCalls                    =           67
p0                        =        5.975   +/-   0.00237498  
p1                        =      5.96149   +/-   0.00171498  
p2                        =      5.96343   +/-   0.00274305  
  [FIT] Found good fit candidate. Best segments so far: 1. Stopping search.
  [FIT] Finalizing with loop variable 'segments' = 1
****************************************
Minimizer is Minuit2 / Migrad
Chi2                      =      28.1184
NDf                       =           12
Edm                       =  2.82633e-18
NCalls                    =           43
p0                        =      5.97429   +/-   0.00223095  
p1                        =      5.95728   +/-   0.00213759  
[SUCCESS] Created final fit for UnbiasedL1Inner_Carbon_NaF_L2QTemplate_EGE_Peak_spline with chi2/ndf = 2.52504
begin drawing Carbon UnbiasedL1Inner NaF EGE_Peak

[INFO] Starting smart spline fit for: UnbiasedL1Inner_Carbon_NaF_L1QTemplate_EGE_SigmaL (16 points)
****************************************
Minimizer is Minuit2 / Migrad
Chi2                      =      50.3504
NDf                       =           14
Edm                       =  7.17553e-22
NCalls                    =           37
p0                        =     0.214093   +/-   0.00100163  
p1                        =     0.219182   +/-   0.000895942 
****************************************
Minimizer is Minuit2 / Migrad
Chi2                      =      24.6145
NDf                       =           13
Edm                       =  4.51557e-08
NCalls                    =           60
p0                        =     0.209957   +/-   0.00129152  
p1                        =     0.220567   +/-   0.000835687 
p2                        =     0.214825   +/-   0.00124108  
  [FIT] Found good fit candidate. Best segments so far: 2. Stopping search.
  [FIT] Finalizing with loop variable 'segments' = 2
****************************************
Minimizer is Minuit2 / Migrad
Chi2                      =      30.0079
NDf                       =           13
Edm                       =  1.10175e-06
NCalls                    =           60
p0                        =     0.208159   +/-   0.00166381  
p1                        =     0.219706   +/-   0.000760415 
p2                        =     0.214309   +/-   0.00155061  
[SUCCESS] Created final fit for UnbiasedL1Inner_Carbon_NaF_L1QTemplate_EGE_SigmaL_spline with chi2/ndf = 1.89342

[INFO] Starting smart spline fit for: UnbiasedL1Inner_Carbon_NaF_L2QTemplate_EGE_SigmaL (16 points)
****************************************
Minimizer is Minuit2 / Migrad
Chi2                      =       22.866
NDf                       =           12
Edm                       =  9.57427e-22
NCalls                    =           35
p0                        =     0.206517   +/-   0.00134081  
p1                        =     0.208452   +/-   0.00123893  
****************************************
Minimizer is Minuit2 / Migrad
Chi2                      =      16.6963
NDf                       =           11
Edm                       =  1.46901e-22
NCalls                    =           68
p0                        =     0.204127   +/-   0.00165038  
p1                        =      0.20997   +/-   0.00117002  
p2                        =     0.204909   +/-   0.00188923  
  [FIT] Found good fit candidate. Best segments so far: 1. Stopping search.
  [FIT] Finalizing with loop variable 'segments' = 1
****************************************
Minimizer is Minuit2 / Migrad
Chi2                      =      23.2538
NDf                       =           12
Edm                       =  1.82026e-21
NCalls                    =           35
p0                        =     0.206638   +/-   0.00155193  
p1                        =     0.208381   +/-   0.001472    
[SUCCESS] Created final fit for UnbiasedL1Inner_Carbon_NaF_L2QTemplate_EGE_SigmaL_spline with chi2/ndf = 1.9055
begin drawing Carbon UnbiasedL1Inner NaF EGE_SigmaL

[INFO] Starting smart spline fit for: UnbiasedL1Inner_Carbon_NaF_L1QTemplate_EGE_SigmaR (16 points)
****************************************
Minimizer is Minuit2 / Migrad
Chi2                      =      36.1985
NDf                       =           14
Edm                       =  2.43357e-21
NCalls                    =           37
p0                        =     0.254302   +/-   0.00152279  
p1                        =     0.264097   +/-   0.0012643   
****************************************
Minimizer is Minuit2 / Migrad
Chi2                      =      22.0391
NDf                       =           13
Edm                       =   1.3929e-21
NCalls                    =           57
p0                        =     0.248962   +/-   0.00208139  
p1                        =     0.263495   +/-   0.00107334  
p2                        =     0.259793   +/-   0.00170493  
  [FIT] Found good fit candidate. Best segments so far: 2. Stopping search.
  [FIT] Finalizing with loop variable 'segments' = 2
****************************************
Minimizer is Minuit2 / Migrad
Chi2                      =      19.4436
NDf                       =           13
Edm                       =  4.35569e-20
NCalls                    =           59
p0                        =     0.244912   +/-   0.00267979  
p1                        =     0.263087   +/-   0.000987713 
p2                        =     0.259005   +/-   0.00205182  
[SUCCESS] Created final fit for UnbiasedL1Inner_Carbon_NaF_L1QTemplate_EGE_SigmaR_spline with chi2/ndf = 1.69532

[INFO] Starting smart spline fit for: UnbiasedL1Inner_Carbon_NaF_L2QTemplate_EGE_SigmaR (16 points)
****************************************
Minimizer is Minuit2 / Migrad
Chi2                      =      51.4821
NDf                       =           12
Edm                       =   9.1864e-22
NCalls                    =           35
p0                        =      0.25375   +/-   0.00201516  
p1                        =     0.261543   +/-   0.00198761  
****************************************
Minimizer is Minuit2 / Migrad
Chi2                      =       50.547
NDf                       =           11
Edm                       =  4.91107e-21
NCalls                    =           53
p0                        =     0.252328   +/-   0.00249447  
p1                        =     0.260258   +/-   0.00198053  
p2                        =     0.259284   +/-   0.00306726  
****************************************
Minimizer is Minuit2 / Migrad
Chi2                      =      44.6095
NDf                       =           10
Edm                       =  3.84319e-14
NCalls                    =           92
p0                        =     0.247928   +/-   0.00305944  
p1                        =     0.262271   +/-   0.00254364  
p2                        =     0.257191   +/-   0.00214915  
p3                        =     0.265054   +/-   0.0042327   
****************************************
Minimizer is Minuit2 / Migrad
Chi2                      =      25.9738
NDf                       =            9
Edm                       =  2.64072e-06
NCalls                    =          100
p0                        =     0.242195   +/-   0.00339216  
p1                        =     0.265515   +/-   0.00262107  
p2                        =      0.25255   +/-   0.0025182   
p3                        =     0.264439   +/-   0.0022942   
p4                        =     0.245872   +/-   0.00666894  
  [FIT] Found good fit candidate. Best segments so far: 4. Stopping search.
  [FIT] Finalizing with loop variable 'segments' = 4
****************************************
Minimizer is Minuit2 / Migrad
Chi2                      =       20.893
NDf                       =            9
Edm                       =  8.45368e-07
NCalls                    =          110
p0                        =     0.233929   +/-   0.00449119  
p1                        =     0.264664   +/-   0.00234771  
p2                        =     0.253052   +/-   0.00245469  
p3                        =     0.264368   +/-   0.00230241  
p4                        =     0.236592   +/-   0.0100105   
[SUCCESS] Created final fit for UnbiasedL1Inner_Carbon_NaF_L2QTemplate_EGE_SigmaR_spline with chi2/ndf = 2.88598
begin drawing Carbon UnbiasedL1Inner NaF EGE_SigmaR
  [SUCCESS] Wrote constant TF1 'UnbiasedL1Inner_Carbon_NaF_L1QTemplate_EGE_AlphaL_spline' to file.
  [SUCCESS] Wrote constant TF1 'UnbiasedL1Inner_Carbon_NaF_L2QTemplate_EGE_AlphaL_spline' to file.
begin drawing Carbon UnbiasedL1Inner NaF EGE_AlphaL

[INFO] Starting smart spline fit for: UnbiasedL1Inner_Carbon_NaF_L1QTemplate_EGE_AlphaR (16 points)
****************************************
Minimizer is Minuit2 / Migrad
Chi2                      =      48.2847
NDf                       =           14
Edm                       =  2.64537e-22
NCalls                    =           33
p0                        =      1.46591   +/-   0.0216093   
p1                        =      1.44591   +/-   0.0146652   
****************************************
Minimizer is Minuit2 / Migrad
Chi2                      =      38.8672
NDf                       =           13
Edm                       =  7.02679e-23
NCalls                    =           55
p0                        =      1.39386   +/-   0.031909    
p1                        =      1.48207   +/-   0.0130133   
p2                        =      1.41247   +/-   0.0182704   
****************************************
Minimizer is Minuit2 / Migrad
Chi2                      =      33.2511
NDf                       =           12
Edm                       =  3.62641e-07
NCalls                    =           83
p0                        =      1.43992   +/-   0.0389584   
p1                        =      1.44172   +/-   0.0170491   
p2                        =       1.4954   +/-   0.0172347   
p3                        =       1.3914   +/-   0.0203156   
  [FIT] Found good fit candidate. Best segments so far: 2. Stopping search.
  [FIT] Finalizing with loop variable 'segments' = 2
****************************************
Minimizer is Minuit2 / Migrad
Chi2                      =      39.4326
NDf                       =           13
Edm                       =  1.82512e-21
NCalls                    =           53
p0                        =      1.38081   +/-   0.040781    
p1                        =      1.47729   +/-   0.0120994   
p2                        =      1.40083   +/-   0.0215693   
[SUCCESS] Created final fit for UnbiasedL1Inner_Carbon_NaF_L1QTemplate_EGE_AlphaR_spline with chi2/ndf = 2.98978

[INFO] Starting smart spline fit for: UnbiasedL1Inner_Carbon_NaF_L2QTemplate_EGE_AlphaR (16 points)
****************************************
Minimizer is Minuit2 / Migrad
Chi2                      =      25.8913
NDf                       =           12
Edm                       =   2.3281e-22
NCalls                    =           31
p0                        =      1.51804   +/-   0.0398645   
p1                        =      1.33591   +/-   0.0311761   
****************************************
Minimizer is Minuit2 / Migrad
Chi2                      =      23.5128
NDf                       =           11
Edm                       =  4.11828e-06
NCalls                    =           59
p0                        =      1.56345   +/-   0.0495506   
p1                        =      1.37191   +/-   0.026662    
p2                        =      1.38984   +/-   0.0468052   
  [FIT] Found good fit candidate. Best segments so far: 1. Stopping search.
  [FIT] Finalizing with loop variable 'segments' = 1
****************************************
Minimizer is Minuit2 / Migrad
Chi2                      =      26.3498
NDf                       =           12
Edm                       =  2.44002e-22
NCalls                    =           31
p0                        =      1.53361   +/-   0.0454884   
p1                        =      1.31581   +/-   0.0375009   
[SUCCESS] Created final fit for UnbiasedL1Inner_Carbon_NaF_L2QTemplate_EGE_AlphaR_spline with chi2/ndf = 2.15761
begin drawing Carbon UnbiasedL1Inner NaF EGE_AlphaR
begin drawing Carbon UnbiasedL1Inner NaF EGE_Chi2NDF

[INFO] Starting smart spline fit for: UnbiasedL1Inner_Carbon_AGL_L1QTemplate_LG_Width (22 points)
****************************************
Minimizer is Minuit2 / Migrad
Chi2                      =       99.928
NDf                       =           20
Edm                       =  2.84474e-22
NCalls                    =           31
p0                        =    0.0343993   +/-   0.000413593 
p1                        =     0.032634   +/-   0.000427069 
****************************************
Minimizer is Minuit2 / Migrad
Chi2                      =       78.235
NDf                       =           19
Edm                       =  1.03343e-21
NCalls                    =           53
p0                        =    0.0362578   +/-   0.000574702 
p1                        =    0.0322517   +/-   0.000328077 
p2                        =    0.0346303   +/-   0.000605064 
****************************************
Minimizer is Minuit2 / Migrad
Chi2                      =      59.7577
NDf                       =           18
Edm                       =   2.7243e-22
NCalls                    =           80
p0                        =    0.0381544   +/-   0.00072294  
p1                        =    0.0321719   +/-   0.000369944 
p2                        =    0.0339934   +/-   0.000433832 
p3                        =    0.0329544   +/-   0.000745062 
****************************************
Minimizer is Minuit2 / Migrad
Chi2                      =      58.5598
NDf                       =           17
Edm                       =  1.15897e-07
NCalls                    =          109
p0                        =    0.0384043   +/-   0.000842357 
p1                        =    0.0333516   +/-   0.000438204 
p2                        =    0.0327937   +/-   0.000415302 
p3                        =    0.0342515   +/-   0.000565873 
p4                        =    0.0325847   +/-   0.00091     
  [FIT] Found good fit candidate. Best segments so far: 3. Stopping search.
  [FIT] Finalizing with loop variable 'segments' = 3
****************************************
Minimizer is Minuit2 / Migrad
Chi2                      =      59.8849
NDf                       =           18
Edm                       =  2.57376e-08
NCalls                    =           87
p0                        =    0.0396973   +/-   0.000937096 
p1                        =    0.0323547   +/-   0.000348102 
p2                        =    0.0338091   +/-   0.00041883  
p3                        =    0.0327134   +/-   0.000973766 
[SUCCESS] Created final fit for UnbiasedL1Inner_Carbon_AGL_L1QTemplate_LG_Width_spline with chi2/ndf = 3.31987

[INFO] Starting smart spline fit for: UnbiasedL1Inner_Carbon_AGL_L2QTemplate_LG_Width (22 points)
****************************************
Minimizer is Minuit2 / Migrad
Chi2                      =      51.9854
NDf                       =           20
Edm                       =   2.2642e-22
NCalls                    =           33
p0                        =    0.0366876   +/-   0.000397528 
p1                        =    0.0349535   +/-   0.000492688 
****************************************
Minimizer is Minuit2 / Migrad
Chi2                      =      49.2257
NDf                       =           19
Edm                       =  7.80342e-22
NCalls                    =           53
p0                        =    0.0361501   +/-   0.000512584 
p1                        =    0.0361103   +/-   0.000383818 
p2                        =    0.0340482   +/-   0.000734646 
****************************************
Minimizer is Minuit2 / Migrad
Chi2                      =      48.4067
NDf                       =           18
Edm                       =  2.24581e-21
NCalls                    =           80
p0                        =    0.0358186   +/-   0.000625902 
p1                        =    0.0367153   +/-   0.000425365 
p2                        =    0.0351521   +/-   0.00049015  
p3                        =    0.0344548   +/-   0.000927879 
  [FIT] Found good fit candidate. Best segments so far: 2. Stopping search.
  [FIT] Finalizing with loop variable 'segments' = 2
****************************************
Minimizer is Minuit2 / Migrad
Chi2                      =      49.7729
NDf                       =           19
Edm                       =  1.36224e-21
NCalls                    =           53
p0                        =    0.0360859   +/-   0.00067975  
p1                        =    0.0360603   +/-   0.000349049 
p2                        =    0.0336133   +/-   0.000930798 
[SUCCESS] Created final fit for UnbiasedL1Inner_Carbon_AGL_L2QTemplate_LG_Width_spline with chi2/ndf = 2.59083
begin drawing Carbon UnbiasedL1Inner AGL LG_Width

[INFO] Starting smart spline fit for: UnbiasedL1Inner_Carbon_AGL_L1QTemplate_LG_MPV (22 points)
****************************************
Minimizer is Minuit2 / Migrad
Chi2                      =       177.13
NDf                       =           20
Edm                       =  2.22495e-18
NCalls                    =           43
p0                        =       5.9343   +/-   0.000512002 
p1                        =      5.94804   +/-   0.000585375 
****************************************
Minimizer is Minuit2 / Migrad
Chi2                      =      87.3836
NDf                       =           19
Edm                       =  4.41488e-12
NCalls                    =           81
p0                        =      5.93038   +/-   0.00065827  
p1                        =      5.94569   +/-   0.000466782 
p2                        =      5.94223   +/-   0.000847601 
****************************************
Minimizer is Minuit2 / Migrad
Chi2                      =       84.647
NDf                       =           18
Edm                       =   2.7212e-17
NCalls                    =          104
p0                        =       5.9293   +/-   0.000784871 
p1                        =      5.94182   +/-   0.000528876 
p2                        =      5.94485   +/-   0.000600098 
p3                        =      5.94349   +/-   0.0010601   
****************************************
Minimizer is Minuit2 / Migrad
Chi2                      =      75.0986
NDf                       =           17
Edm                       =  1.21424e-06
NCalls                    =          130
p0                        =      5.93001   +/-   0.000887192 
p1                        =      5.93739   +/-   0.000602068 
p2                        =      5.94599   +/-   0.000601923 
p3                        =      5.94279   +/-   0.000765635 
p4                        =      5.94564   +/-   0.00129213  
****************************************
Minimizer is Minuit2 / Migrad
Chi2                      =      75.2383
NDf                       =           16
Edm                       =  9.49867e-06
NCalls                    =          170
p0                        =      5.92943   +/-   0.000981011 
p1                        =      5.93587   +/-   0.000695596 
p2                        =      5.94281   +/-   0.000633583 
p3                        =      5.94563   +/-   0.000692634 
p4                        =      5.94217   +/-   0.000900898 
p5                        =      5.94649   +/-   0.00147375  
  [FIT] Found good fit candidate. Best segments so far: 4. Stopping search.
  [FIT] Finalizing with loop variable 'segments' = 4
****************************************
Minimizer is Minuit2 / Migrad
Chi2                      =      74.5821
NDf                       =           17
Edm                       =  1.83393e-16
NCalls                    =          153
p0                        =      5.92897   +/-   0.00112629  
p1                        =      5.93733   +/-   0.000574388 
p2                        =      5.94609   +/-   0.00058234  
p3                        =       5.9427   +/-   0.000751362 
p4                        =      5.94698   +/-   0.00170377  
[SUCCESS] Created final fit for UnbiasedL1Inner_Carbon_AGL_L1QTemplate_LG_MPV_spline with chi2/ndf = 4.41756

[INFO] Starting smart spline fit for: UnbiasedL1Inner_Carbon_AGL_L2QTemplate_LG_MPV (22 points)
****************************************
Minimizer is Minuit2 / Migrad
Chi2                      =      80.5795
NDf                       =           20
Edm                       =  1.75928e-17
NCalls                    =           43
p0                        =      5.92136   +/-   0.000518062 
p1                        =      5.94619   +/-   0.000670997 
****************************************
Minimizer is Minuit2 / Migrad
Chi2                      =      78.2959
NDf                       =           19
Edm                       =  1.89003e-06
NCalls                    =           74
p0                        =      5.92196   +/-   0.000653664 
p1                        =       5.9356   +/-   0.000520331 
p2                        =      5.94732   +/-   0.00100356  
****************************************
Minimizer is Minuit2 / Migrad
Chi2                      =      55.2484
NDf                       =           18
Edm                       =  1.94792e-11
NCalls                    =          104
p0                        =      5.92398   +/-   0.000780883 
p1                        =      5.92715   +/-   0.000574562 
p2                        =      5.94274   +/-   0.000671865 
p3                        =      5.94391   +/-   0.00127202  
****************************************
Minimizer is Minuit2 / Migrad
Chi2                      =       55.558
NDf                       =           17
Edm                       =  4.33857e-06
NCalls                    =          129
p0                        =      5.92463   +/-   0.000885418 
p1                        =      5.92404   +/-   0.000618836 
p2                        =      5.93711   +/-   0.000669689 
p3                        =      5.94375   +/-   0.000866622 
p4                        =      5.94486   +/-   0.00154596  
  [FIT] Found good fit candidate. Best segments so far: 3. Stopping search.
  [FIT] Finalizing with loop variable 'segments' = 3
****************************************
Minimizer is Minuit2 / Migrad
Chi2                      =      56.3557
NDf                       =           18
Edm                       =  2.99722e-07
NCalls                    =          102
p0                        =      5.92423   +/-   0.00102555  
p1                        =      5.92732   +/-   0.000528039 
p2                        =      5.94251   +/-   0.000650268 
p3                        =      5.94387   +/-   0.00165054  
[SUCCESS] Created final fit for UnbiasedL1Inner_Carbon_AGL_L2QTemplate_LG_MPV_spline with chi2/ndf = 3.06936
begin drawing Carbon UnbiasedL1Inner AGL LG_MPV

[INFO] Starting smart spline fit for: UnbiasedL1Inner_Carbon_AGL_L1QTemplate_LG_Sigma (22 points)
****************************************
Minimizer is Minuit2 / Migrad
Chi2                      =       35.748
NDf                       =           20
Edm                       =  9.86409e-21
NCalls                    =           35
p0                        =     0.208495   +/-   0.000491426 
p1                        =     0.199279   +/-   0.000503764 
  [FIT] Found good fit candidate. Best segments so far: 1. Stopping search.
  [FIT] Finalizing with loop variable 'segments' = 1
****************************************
Minimizer is Minuit2 / Migrad
Chi2                      =      38.6432
NDf                       =           20
Edm                       =   2.1896e-20
NCalls                    =           37
p0                        =     0.209556   +/-   0.000583553 
p1                        =     0.198258   +/-   0.000593293 
[SUCCESS] Created final fit for UnbiasedL1Inner_Carbon_AGL_L1QTemplate_LG_Sigma_spline with chi2/ndf = 1.7874

[INFO] Starting smart spline fit for: UnbiasedL1Inner_Carbon_AGL_L2QTemplate_LG_Sigma (22 points)
****************************************
Minimizer is Minuit2 / Migrad
Chi2                      =      58.3965
NDf                       =           20
Edm                       =  1.81967e-21
NCalls                    =           35
p0                        =     0.198754   +/-   0.00047866  
p1                        =     0.191749   +/-   0.000590507 
****************************************
Minimizer is Minuit2 / Migrad
Chi2                      =      44.6008
NDf                       =           19
Edm                       =  2.29806e-12
NCalls                    =           62
p0                        =     0.200191   +/-   0.000615413 
p1                        =      0.19334   +/-   0.00046483  
p2                        =     0.194129   +/-   0.000871379 
  [FIT] Found good fit candidate. Best segments so far: 2. Stopping search.
  [FIT] Finalizing with loop variable 'segments' = 2
****************************************
Minimizer is Minuit2 / Migrad
Chi2                      =      41.9367
NDf                       =           19
Edm                       =  3.81082e-10
NCalls                    =           63
p0                        =     0.201836   +/-   0.000815204 
p1                        =     0.193638   +/-   0.000423033 
p2                        =     0.194005   +/-   0.00110508  
[SUCCESS] Created final fit for UnbiasedL1Inner_Carbon_AGL_L2QTemplate_LG_Sigma_spline with chi2/ndf = 2.34741
begin drawing Carbon UnbiasedL1Inner AGL LG_Sigma
begin drawing Carbon UnbiasedL1Inner AGL LG_Chi2NDF

[INFO] Starting smart spline fit for: UnbiasedL1Inner_Carbon_AGL_L1QTemplate_EGE_Peak (22 points)
****************************************
Minimizer is Minuit2 / Migrad
Chi2                      =      108.399
NDf                       =           19
Edm                       =  1.22039e-17
NCalls                    =           43
p0                        =      5.98466   +/-   0.00056705  
p1                        =      5.98581   +/-   0.000777406 
****************************************
Minimizer is Minuit2 / Migrad
Chi2                      =      108.303
NDf                       =           18
Edm                       =  8.11744e-13
NCalls                    =           81
p0                        =      5.98477   +/-   0.000673105 
p1                        =      5.98522   +/-   0.000596292 
p2                        =      5.98608   +/-   0.0011552   
****************************************
Minimizer is Minuit2 / Migrad
Chi2                      =      103.639
NDf                       =           17
Edm                       =  7.59934e-17
NCalls                    =          104
p0                        =      5.98553   +/-   0.000760805 
p1                        =      5.98391   +/-   0.000689423 
p2                        =      5.98671   +/-   0.000794184 
p3                        =      5.98449   +/-   0.00141134  
****************************************
Minimizer is Minuit2 / Migrad
Chi2                      =      100.831
NDf                       =           16
Edm                       =  2.89698e-08
NCalls                    =          111
p0                        =      5.98608   +/-   0.000827228 
p1                        =      5.98315   +/-   0.000771805 
p2                        =      5.98639   +/-   0.000766659 
p3                        =      5.98544   +/-   0.0011132   
p4                        =      5.98535   +/-   0.00169101  
****************************************
Minimizer is Minuit2 / Migrad
Chi2                      =      97.5899
NDf                       =           15
Edm                       =  4.25368e-07
NCalls                    =          144
p0                        =      5.98665   +/-   0.000886079 
p1                        =      5.98255   +/-   0.000863582 
p2                        =      5.98539   +/-   0.000840439 
p3                        =      5.98585   +/-   0.000889983 
p4                        =      5.98581   +/-   0.00136449  
p5                        =      5.98496   +/-   0.00194221  
****************************************
Minimizer is Minuit2 / Migrad
Chi2                      =      89.8998
NDf                       =           14
Edm                       =  7.84629e-08
NCalls                    =          163
p0                        =       5.9875   +/-   0.000939301 
p1                        =      5.98184   +/-   0.000917171 
p2                        =      5.98562   +/-   0.00088898  
p3                        =       5.9851   +/-   0.000928834 
p4                        =       5.9869   +/-   0.00112689  
p5                        =      5.98459   +/-   0.00145796  
p6                        =      5.98602   +/-   0.00222379  
****************************************
Minimizer is Minuit2 / Migrad
Chi2                      =      86.7167
NDf                       =           13
Edm                       =  8.21753e-08
NCalls                    =          252
p0                        =      5.98785   +/-   0.000956831 
p1                        =       5.9812   +/-   0.000978313 
p2                        =      5.98551   +/-   0.000986948 
p3                        =      5.98464   +/-   0.00100786  
p4                        =      5.98625   +/-   0.00105755  
p5                        =      5.98625   +/-   0.00137328  
p6                        =      5.98477   +/-   0.00155232  
p7                        =      5.98584   +/-   0.00226522  
  [FIT] No fit met threshold. Falling back to best chi2/ndf.
  [FIT] Finalizing with loop variable 'segments' = 1
****************************************
Minimizer is Minuit2 / Migrad
Chi2                      =      109.241
NDf                       =           19
Edm                       =  2.23221e-17
NCalls                    =           43
p0                        =      5.98486   +/-   0.000647806 
p1                        =      5.98547   +/-   0.000875651 
[SUCCESS] Created final fit for UnbiasedL1Inner_Carbon_AGL_L1QTemplate_EGE_Peak_spline with chi2/ndf = 5.70519

[INFO] Starting smart spline fit for: UnbiasedL1Inner_Carbon_AGL_L2QTemplate_EGE_Peak (22 points)
****************************************
Minimizer is Minuit2 / Migrad
Chi2                      =      52.7227
NDf                       =           16
Edm                       =  2.19606e-18
NCalls                    =           43
p0                        =      5.96636   +/-   0.000860691 
p1                        =      5.98856   +/-   0.00102735  
****************************************
Minimizer is Minuit2 / Migrad
Chi2                      =      50.0661
NDf                       =           15
Edm                       =   2.0099e-17
NCalls                    =           88
p0                        =      5.96736   +/-   0.00105369  
p1                        =      5.97857   +/-   0.000847788 
p2                        =      5.99049   +/-   0.00156582  
****************************************
Minimizer is Minuit2 / Migrad
Chi2                      =      41.4121
NDf                       =           14
Edm                       =   1.9515e-17
NCalls                    =          104
p0                        =      5.96951   +/-   0.00128494  
p1                        =      5.97038   +/-   0.00108811  
p2                        =      5.98554   +/-   0.00106268  
p3                        =      5.98701   +/-   0.00206424  
  [FIT] Found good fit candidate. Best segments so far: 2. Stopping search.
  [FIT] Finalizing with loop variable 'segments' = 2
****************************************
Minimizer is Minuit2 / Migrad
Chi2                      =      56.9676
NDf                       =           15
Edm                       =  1.84575e-11
NCalls                    =           73
p0                        =      5.96567   +/-   0.00142156  
p1                        =      5.97831   +/-   0.00078626  
p2                        =      5.99394   +/-   0.00204712  
[SUCCESS] Created final fit for UnbiasedL1Inner_Carbon_AGL_L2QTemplate_EGE_Peak_spline with chi2/ndf = 3.33774
begin drawing Carbon UnbiasedL1Inner AGL EGE_Peak

[INFO] Starting smart spline fit for: UnbiasedL1Inner_Carbon_AGL_L1QTemplate_EGE_SigmaL (22 points)
****************************************
Minimizer is Minuit2 / Migrad
Chi2                      =      45.0333
NDf                       =           19
Edm                       =  9.31091e-21
NCalls                    =           35
p0                        =     0.216518   +/-   0.000471572 
p1                        =     0.203516   +/-   0.000549407 
****************************************
Minimizer is Minuit2 / Migrad
Chi2                      =      41.2192
NDf                       =           18
Edm                       =   5.3989e-07
NCalls                    =           65
p0                        =     0.217228   +/-   0.000595516 
p1                        =     0.208187   +/-   0.00042453  
p2                        =     0.204662   +/-   0.000803851 
  [FIT] Found good fit candidate. Best segments so far: 1. Stopping search.
  [FIT] Finalizing with loop variable 'segments' = 1
****************************************
Minimizer is Minuit2 / Migrad
Chi2                      =      44.8922
NDf                       =           19
Edm                       =  3.88149e-21
NCalls                    =           35
p0                        =     0.217995   +/-   0.000554385 
p1                        =     0.202032   +/-   0.00063666  
[SUCCESS] Created final fit for UnbiasedL1Inner_Carbon_AGL_L1QTemplate_EGE_SigmaL_spline with chi2/ndf = 2.37017

[INFO] Starting smart spline fit for: UnbiasedL1Inner_Carbon_AGL_L2QTemplate_EGE_SigmaL (22 points)
****************************************
Minimizer is Minuit2 / Migrad
Chi2                      =      42.2667
NDf                       =           16
Edm                       =  1.21578e-21
NCalls                    =           35
p0                        =     0.206261   +/-   0.000596693 
p1                        =     0.199097   +/-   0.000707514 
****************************************
Minimizer is Minuit2 / Migrad
Chi2                      =      34.3815
NDf                       =           15
Edm                       =   2.4128e-09
NCalls                    =           63
p0                        =     0.207464   +/-   0.000734437 
p1                        =     0.200812   +/-   0.000576802 
p2                        =     0.201357   +/-   0.00107171  
  [FIT] Found good fit candidate. Best segments so far: 1. Stopping search.
  [FIT] Finalizing with loop variable 'segments' = 1
****************************************
Minimizer is Minuit2 / Migrad
Chi2                      =      41.8431
NDf                       =           16
Edm                       =  7.66128e-20
NCalls                    =           37
p0                        =     0.207134   +/-   0.000705217 
p1                        =     0.198178   +/-   0.000828037 
[SUCCESS] Created final fit for UnbiasedL1Inner_Carbon_AGL_L2QTemplate_EGE_SigmaL_spline with chi2/ndf = 2.64167
begin drawing Carbon UnbiasedL1Inner AGL EGE_SigmaL

[INFO] Starting smart spline fit for: UnbiasedL1Inner_Carbon_AGL_L1QTemplate_EGE_SigmaR (22 points)
****************************************
Minimizer is Minuit2 / Migrad
Chi2                      =      522.066
NDf                       =           19
Edm                       =  8.74275e-19
NCalls                    =           37
p0                        =     0.250595   +/-   0.000576682 
p1                        =     0.260631   +/-   0.000817128 
****************************************
Minimizer is Minuit2 / Migrad
Chi2                      =      431.632
NDf                       =           18
Edm                       =   7.7414e-09
NCalls                    =           62
p0                        =     0.247496   +/-   0.000662403 
p1                        =     0.260632   +/-   0.000626732 
p2                        =     0.252069   +/-   0.00121583  
****************************************
Minimizer is Minuit2 / Migrad
Chi2                      =      413.783
NDf                       =           17
Edm                       =  1.17817e-20
NCalls                    =           88
p0                        =     0.246154   +/-   0.000733429 
p1                        =     0.259715   +/-   0.00076461  
p2                        =     0.256739   +/-   0.000844769 
p3                        =     0.254564   +/-   0.00144527  
****************************************
Minimizer is Minuit2 / Migrad
Chi2                      =      398.009
NDf                       =           16
Edm                       =  9.91136e-07
NCalls                    =          117
p0                        =     0.245107   +/-   0.000780134 
p1                        =     0.258317   +/-   0.000847966 
p2                        =     0.258128   +/-   0.000783154 
p3                        =     0.257536   +/-   0.00124829  
p4                        =     0.253046   +/-   0.00169901  
****************************************
Minimizer is Minuit2 / Migrad
Chi2                      =      360.282
NDf                       =           15
Edm                       =  1.00912e-06
NCalls                    =          157
p0                        =     0.243552   +/-   0.000818686 
p1                        =     0.259219   +/-   0.000934274 
p2                        =     0.256133   +/-   0.000937075 
p3                        =     0.260384   +/-   0.000929855 
p4                        =     0.253302   +/-   0.00151978  
p5                        =     0.255454   +/-   0.00191619  
****************************************
Minimizer is Minuit2 / Migrad
Chi2                      =      307.893
NDf                       =           14
Edm                       =  2.57677e-06
NCalls                    =          170
p0                        =     0.241891   +/-   0.000850642 
p1                        =     0.260054   +/-   0.000993479 
p2                        =     0.253687   +/-   0.00100962  
p3                        =     0.261849   +/-   0.000924832 
p4                        =      0.25569   +/-   0.00126165  
p5                        =     0.256011   +/-   0.00161498  
p6                        =     0.253091   +/-   0.00214396  
****************************************
Minimizer is Minuit2 / Migrad
Chi2                      =      289.221
NDf                       =           13
Edm                       =  2.12109e-06
NCalls                    =          215
p0                        =     0.241245   +/-   0.000864116 
p1                        =     0.261776   +/-   0.00107395  
p2                        =     0.252597   +/-   0.00112638  
p3                        =     0.260099   +/-   0.00109997  
p4                        =     0.259335   +/-   0.00104534  
p5                        =     0.255899   +/-   0.00155808  
p6                        =     0.255406   +/-   0.0017496   
p7                        =     0.253583   +/-   0.00222241  
  [FIT] No fit met threshold. Falling back to best chi2/ndf.
  [FIT] Finalizing with loop variable 'segments' = 6
****************************************
Minimizer is Minuit2 / Migrad
Chi2                      =      228.106
NDf                       =           14
Edm                       =  1.00992e-07
NCalls                    =          187
p0                        =     0.236369   +/-   0.00103418  
p1                        =      0.26197   +/-   0.00096432  
p2                        =     0.253178   +/-   0.000989948 
p3                        =     0.262057   +/-   0.000917967 
p4                        =      0.25557   +/-   0.00125277  
p5                        =     0.255995   +/-   0.00159074  
p6                        =     0.252113   +/-   0.00288623  
[SUCCESS] Created final fit for UnbiasedL1Inner_Carbon_AGL_L1QTemplate_EGE_SigmaR_spline with chi2/ndf = 21.9923

[INFO] Starting smart spline fit for: UnbiasedL1Inner_Carbon_AGL_L2QTemplate_EGE_SigmaR (22 points)
****************************************
Minimizer is Minuit2 / Migrad
Chi2                      =      48.4857
NDf                       =           16
Edm                       =  1.61906e-21
NCalls                    =           35
p0                        =     0.256883   +/-   0.0010067   
p1                        =     0.246487   +/-   0.00119017  
****************************************
Minimizer is Minuit2 / Migrad
Chi2                      =      48.4774
NDf                       =           15
Edm                       =  1.06846e-05
NCalls                    =           63
p0                        =      0.25682   +/-   0.0012325   
p1                        =     0.250759   +/-   0.00101046  
p2                        =     0.246368   +/-   0.00180193  
****************************************
Minimizer is Minuit2 / Migrad
Chi2                      =      48.4647
NDf                       =           14
Edm                       =   7.7297e-21
NCalls                    =           88
p0                        =     0.256724   +/-   0.00149139  
p1                        =     0.253681   +/-   0.00127674  
p2                        =     0.248728   +/-   0.00125482  
p3                        =     0.246495   +/-   0.00242425  
****************************************
Minimizer is Minuit2 / Migrad
Chi2                      =      48.4589
NDf                       =           13
Edm                       =  7.38113e-07
NCalls                    =          116
p0                        =     0.256992   +/-   0.00177834  
p1                        =       0.2547   +/-   0.00142544  
p2                        =     0.250855   +/-   0.00125294  
p3                        =     0.247701   +/-   0.0014337   
p4                        =      0.24637   +/-   0.00310281  
  [FIT] Found good fit candidate. Best segments so far: 3. Stopping search.
  [FIT] Finalizing with loop variable 'segments' = 3
****************************************
Minimizer is Minuit2 / Migrad
Chi2                      =      47.9817
NDf                       =           14
Edm                       =   9.3974e-11
NCalls                    =           92
p0                        =     0.257825   +/-   0.00215318  
p1                        =     0.253405   +/-   0.00118376  
p2                        =     0.248789   +/-   0.00119352  
p3                        =     0.246134   +/-   0.00326775  
[SUCCESS] Created final fit for UnbiasedL1Inner_Carbon_AGL_L2QTemplate_EGE_SigmaR_spline with chi2/ndf = 3.46177
begin drawing Carbon UnbiasedL1Inner AGL EGE_SigmaR
  [SUCCESS] Wrote constant TF1 'UnbiasedL1Inner_Carbon_AGL_L1QTemplate_EGE_AlphaL_spline' to file.
  [SUCCESS] Wrote constant TF1 'UnbiasedL1Inner_Carbon_AGL_L2QTemplate_EGE_AlphaL_spline' to file.
begin drawing Carbon UnbiasedL1Inner AGL EGE_AlphaL

[INFO] Starting smart spline fit for: UnbiasedL1Inner_Carbon_AGL_L1QTemplate_EGE_AlphaR (22 points)
****************************************
Minimizer is Minuit2 / Migrad
Chi2                      =      958.021
NDf                       =           19
Edm                       =  4.78491e-21
NCalls                    =           31
p0                        =      1.20414   +/-   0.00854275  
p1                        =      1.58469   +/-   0.0118036   
****************************************
Minimizer is Minuit2 / Migrad
Chi2                      =      758.954
NDf                       =           18
Edm                       =  2.63079e-09
NCalls                    =           59
p0                        =       1.1164   +/-   0.0105665   
p1                        =      1.51961   +/-   0.00904732  
p2                        =      1.41664   +/-   0.0167684   
****************************************
Minimizer is Minuit2 / Migrad
Chi2                      =      712.996
NDf                       =           17
Edm                       =  1.08603e-20
NCalls                    =           80
p0                        =      1.06518   +/-   0.0128486   
p1                        =      1.44473   +/-   0.0102309   
p2                        =      1.46587   +/-   0.0123061   
p3                        =      1.46756   +/-   0.0190911   
****************************************
Minimizer is Minuit2 / Migrad
Chi2                      =      703.689
NDf                       =           16
Edm                       =   3.3213e-08
NCalls                    =          110
p0                        =      1.05172   +/-   0.0140886   
p1                        =      1.35246   +/-   0.00998885  
p2                        =      1.48658   +/-   0.010993    
p3                        =      1.46012   +/-   0.0195324   
p4                        =      1.46887   +/-   0.0217574   
****************************************
Minimizer is Minuit2 / Migrad
Chi2                      =      684.392
NDf                       =           15
Edm                       =  2.63874e-08
NCalls                    =          147
p0                        =      1.03109   +/-   0.0147563   
p1                        =      1.30814   +/-   0.0102139   
p2                        =      1.42475   +/-   0.0137147   
p3                        =      1.50313   +/-   0.0134782   
p4                        =      1.40951   +/-   0.0255129   
p5                        =       1.4967   +/-   0.0247777   
****************************************
Minimizer is Minuit2 / Migrad
Chi2                      =      636.531
NDf                       =           14
Edm                       =  1.15749e-07
NCalls                    =          174
p0                        =      1.00255   +/-   0.0152532   
p1                        =      1.28581   +/-   0.0120204   
p2                        =      1.35241   +/-   0.0148461   
p3                        =      1.53222   +/-   0.0130887   
p4                        =       1.4368   +/-   0.0186332   
p5                        =      1.46595   +/-   0.0268522   
p6                        =      1.46625   +/-   0.0285494   
****************************************
Minimizer is Minuit2 / Migrad
Chi2                      =      607.576
NDf                       =           13
Edm                       =  5.31619e-06
NCalls                    =          201
p0                        =     0.988894   +/-   0.0154661   
p1                        =       1.3232   +/-   0.0139907   
p2                        =      1.29028   +/-   0.0158091   
p3                        =       1.5013   +/-   0.0158926   
p4                        =      1.48972   +/-   0.0151779   
p5                        =      1.44423   +/-   0.0243308   
p6                        =      1.45647   +/-   0.0287939   
p7                        =      1.47397   +/-   0.0299601   
  [FIT] No fit met threshold. Falling back to best chi2/ndf.
  [FIT] Finalizing with loop variable 'segments' = 3
****************************************
Minimizer is Minuit2 / Migrad
Chi2                      =       616.54
NDf                       =           17
Edm                       =  1.30452e-05
NCalls                    =           79
p0                        =     0.973882   +/-   0.015586    
p1                        =      1.43955   +/-   0.00895554  
p2                        =      1.47266   +/-   0.0119843   
p3                        =      1.46533   +/-   0.0238956   
[SUCCESS] Created final fit for UnbiasedL1Inner_Carbon_AGL_L1QTemplate_EGE_AlphaR_spline with chi2/ndf = 41.9409

[INFO] Starting smart spline fit for: UnbiasedL1Inner_Carbon_AGL_L2QTemplate_EGE_AlphaR (22 points)
****************************************
Minimizer is Minuit2 / Migrad
Chi2                      =      85.0199
NDf                       =           16
Edm                       =  8.01867e-22
NCalls                    =           35
p0                        =      1.36993   +/-   0.0138321   
p1                        =      1.37307   +/-   0.0120797   
****************************************
Minimizer is Minuit2 / Migrad
Chi2                      =       84.631
NDf                       =           15
Edm                       =  7.57965e-22
NCalls                    =           53
p0                        =       1.3766   +/-   0.0174835   
p1                        =       1.3648   +/-   0.0134002   
p2                        =      1.38273   +/-   0.0196465   
****************************************
Minimizer is Minuit2 / Migrad
Chi2                      =      82.1566
NDf                       =           14
Edm                       =  1.02664e-21
NCalls                    =           88
p0                        =       1.3569   +/-   0.0219037   
p1                        =      1.38612   +/-   0.0176824   
p2                        =      1.35398   +/-   0.013952    
p3                        =      1.42296   +/-   0.0326322   
****************************************
Minimizer is Minuit2 / Migrad
Chi2                      =      83.2986
NDf                       =           13
Edm                       =  3.51826e-08
NCalls                    =          110
p0                        =      1.35514   +/-   0.0271562   
p1                        =      1.38558   +/-   0.019442    
p2                        =      1.35806   +/-   0.0164522   
p3                        =      1.37384   +/-   0.0118357   
p4                        =      1.40403   +/-   0.0461303   
****************************************
Minimizer is Minuit2 / Migrad
Chi2                      =      74.2397
NDf                       =           12
Edm                       =  2.87631e-21
NCalls                    =          149
p0                        =      1.40361   +/-   0.0327467   
p1                        =      1.35241   +/-   0.0193648   
p2                        =      1.41569   +/-   0.0207797   
p3                        =       1.3171   +/-   0.019529    
p4                        =      1.39778   +/-   0.0143985   
p5                        =      1.34934   +/-   0.0536752   
****************************************
Minimizer is Minuit2 / Migrad
Chi2                      =      72.8038
NDf                       =           11
Edm                       =  1.82258e-21
NCalls                    =          191
p0                        =      1.43865   +/-   0.0382447   
p1                        =      1.33954   +/-   0.0178804   
p2                        =      1.42811   +/-   0.0243655   
p3                        =       1.3387   +/-   0.0192295   
p4                        =      1.34675   +/-   0.022157    
p5                        =       1.3948   +/-   0.0229312   
p6                        =      1.37006   +/-   0.0641841   
****************************************
Minimizer is Minuit2 / Migrad
Chi2                      =      70.4138
NDf                       =           10
Edm                       =  7.26937e-07
NCalls                    =          220
p0                        =      1.44681   +/-   0.0407113   
p1                        =       1.3357   +/-   0.0190085   
p2                        =      1.41902   +/-   0.0278856   
p3                        =      1.39556   +/-   0.0227685   
p4                        =      1.31985   +/-   0.0224624   
p5                        =      1.37565   +/-   0.0179933   
p6                        =      1.37602   +/-   0.0276224   
p7                        =      1.40347   +/-   0.0690586   
  [FIT] No fit met threshold. Falling back to best chi2/ndf.
  [FIT] Finalizing with loop variable 'segments' = 1
****************************************
Minimizer is Minuit2 / Migrad
Chi2                      =      85.0177
NDf                       =           16
Edm                       =  9.83058e-22
NCalls                    =           35
p0                        =      1.36941   +/-   0.0162927   
p1                        =      1.37363   +/-   0.0147277   
[SUCCESS] Created final fit for UnbiasedL1Inner_Carbon_AGL_L2QTemplate_EGE_AlphaR_spline with chi2/ndf = 5.31375
begin drawing Carbon UnbiasedL1Inner AGL EGE_AlphaR
begin drawing Carbon UnbiasedL1Inner AGL EGE_Chi2NDF

[INFO] Starting smart spline fit for: L1Inner_Nitrogen_TOF_L1QTemplate_LG_Width (7 points)
****************************************
Minimizer is Minuit2 / Migrad
Chi2                      =      85.6851
NDf                       =            5
Edm                       =  1.52974e-23
NCalls                    =           31
p0                        =    0.0274858   +/-   0.000966588 
p1                        =    0.0303846   +/-   0.00078748  
****************************************
Minimizer is Minuit2 / Migrad
Chi2                      =      26.8593
NDf                       =            4
Edm                       =  1.19055e-22
NCalls                    =           53
p0                        =    0.0337881   +/-   0.00126866  
p1                        =    0.0239704   +/-   0.000834929 
p2                        =    0.0353095   +/-   0.00101609  
****************************************
Minimizer is Minuit2 / Migrad
Chi2                      =      3.70316
NDf                       =            3
Edm                       =  1.01563e-07
NCalls                    =           87
p0                        =    0.0301373   +/-   0.00151649  
p1                        =    0.0282382   +/-   0.00103034  
p2                        =    0.0235261   +/-   0.000970865 
p3                        =    0.0385008   +/-   0.00120487  
  [FIT] Found good fit candidate. Best segments so far: 3. Stopping search.
  [FIT] Finalizing with loop variable 'segments' = 3
****************************************
Minimizer is Minuit2 / Migrad
Chi2                      =       9.2543
NDf                       =            3
Edm                       =  5.37586e-22
NCalls                    =           80
p0                        =    0.0305845   +/-   0.0021462   
p1                        =    0.0278377   +/-   0.000973165 
p2                        =    0.0241409   +/-   0.000923353 
p3                        =    0.0421572   +/-   0.00161915  
[SUCCESS] Created final fit for L1Inner_Nitrogen_TOF_L1QTemplate_LG_Width_spline with chi2/ndf = 1.23439

[INFO] Starting smart spline fit for: L1Inner_Nitrogen_TOF_L2QTemplate_LG_Width (7 points)
****************************************
Minimizer is Minuit2 / Migrad
Chi2                      =      28.2359
NDf                       =            5
Edm                       =  2.54803e-23
NCalls                    =           31
p0                        =    0.0149786   +/-   0.00137595  
p1                        =    0.0244842   +/-   0.00108642  
****************************************
Minimizer is Minuit2 / Migrad
Chi2                      =      26.5893
NDf                       =            4
Edm                       =  2.24355e-08
NCalls                    =           59
p0                        =    0.0164442   +/-   0.00178833  
p1                        =     0.019244   +/-   0.00116413  
p2                        =    0.0256153   +/-   0.00139909  
****************************************
Minimizer is Minuit2 / Migrad
Chi2                      =      5.87203
NDf                       =            3
Edm                       =  9.36531e-23
NCalls                    =           80
p0                        =    0.0118939   +/-   0.00209478  
p1                        =    0.0219718   +/-   0.00145629  
p2                        =    0.0170965   +/-   0.00136019  
p3                        =    0.0297517   +/-   0.00167369  
  [FIT] Found good fit candidate. Best segments so far: 3. Stopping search.
  [FIT] Finalizing with loop variable 'segments' = 3
****************************************
Minimizer is Minuit2 / Migrad
Chi2                      =      7.04584
NDf                       =            3
Edm                       =  9.72176e-08
NCalls                    =           88
p0                        =   0.00925573   +/-   0.00294225  
p1                        =    0.0211908   +/-   0.00138656  
p2                        =    0.0176702   +/-   0.00128792  
p3                        =     0.033188   +/-   0.00226282  
[SUCCESS] Created final fit for L1Inner_Nitrogen_TOF_L2QTemplate_LG_Width_spline with chi2/ndf = 1.95734
begin drawing Nitrogen L1Inner TOF LG_Width

[INFO] Starting smart spline fit for: L1Inner_Nitrogen_TOF_L1QTemplate_LG_MPV (7 points)
****************************************
Minimizer is Minuit2 / Migrad
Chi2                      =       74.776
NDf                       =            5
Edm                       =  1.46589e-18
NCalls                    =           43
p0                        =      6.94163   +/-   0.0015652   
p1                        =      6.92906   +/-   0.00122906  
****************************************
Minimizer is Minuit2 / Migrad
Chi2                      =      44.9998
NDf                       =            4
Edm                       =  7.19028e-18
NCalls                    =           73
p0                        =      6.93416   +/-   0.0020796   
p1                        =       6.9411   +/-   0.00146665  
p2                        =      6.92426   +/-   0.0015117   
****************************************
Minimizer is Minuit2 / Migrad
Chi2                      =       4.1885
NDf                       =            3
Edm                       =  2.25504e-18
NCalls                    =          100
p0                        =       6.9423   +/-   0.00247806  
p1                        =      6.93467   +/-   0.00169222  
p2                        =      6.94429   +/-   0.00173814  
p3                        =      6.91836   +/-   0.00177479  
  [FIT] Found good fit candidate. Best segments so far: 3. Stopping search.
  [FIT] Finalizing with loop variable 'segments' = 3
****************************************
Minimizer is Minuit2 / Migrad
Chi2                      =      10.5474
NDf                       =            3
Edm                       =  7.05323e-18
NCalls                    =          104
p0                        =      6.94511   +/-   0.00350757  
p1                        =      6.93549   +/-   0.00159765  
p2                        =      6.94268   +/-   0.00162867  
p3                        =      6.91234   +/-   0.00240959  
[SUCCESS] Created final fit for L1Inner_Nitrogen_TOF_L1QTemplate_LG_MPV_spline with chi2/ndf = 1.39617

[INFO] Starting smart spline fit for: L1Inner_Nitrogen_TOF_L2QTemplate_LG_MPV (7 points)
****************************************
Minimizer is Minuit2 / Migrad
Chi2                      =      32.2528
NDf                       =            5
Edm                       =  1.75838e-18
NCalls                    =           43
p0                        =      6.98201   +/-   0.00277777  
p1                        =      6.94359   +/-   0.00195937  
****************************************
Minimizer is Minuit2 / Migrad
Chi2                      =      30.6099
NDf                       =            4
Edm                       =  4.34861e-18
NCalls                    =           69
p0                        =      6.97868   +/-   0.00380003  
p1                        =       6.9622   +/-   0.00222954  
p2                        =      6.94186   +/-   0.00238132  
****************************************
Minimizer is Minuit2 / Migrad
Chi2                      =      4.27637
NDf                       =            3
Edm                       =  2.45004e-18
NCalls                    =          102
p0                        =      6.98995   +/-   0.00447839  
p1                        =      6.96043   +/-   0.00270626  
p2                        =      6.96481   +/-   0.00277998  
p3                        =      6.93456   +/-   0.00278566  
  [FIT] Found good fit candidate. Best segments so far: 3. Stopping search.
  [FIT] Finalizing with loop variable 'segments' = 3
****************************************
Minimizer is Minuit2 / Migrad
Chi2                      =      5.88469
NDf                       =            3
Edm                       =  5.57433e-18
NCalls                    =          100
p0                        =      6.99741   +/-   0.00622281  
p1                        =      6.96197   +/-   0.00259414  
p2                        =      6.96322   +/-   0.00260526  
p3                        =      6.92733   +/-   0.00379139  
[SUCCESS] Created final fit for L1Inner_Nitrogen_TOF_L2QTemplate_LG_MPV_spline with chi2/ndf = 1.42546
begin drawing Nitrogen L1Inner TOF LG_MPV

[INFO] Starting smart spline fit for: L1Inner_Nitrogen_TOF_L1QTemplate_LG_Sigma (7 points)
****************************************
Minimizer is Minuit2 / Migrad
Chi2                      =      69.4699
NDf                       =            5
Edm                       =  1.35912e-20
NCalls                    =           35
p0                        =     0.223817   +/-   0.00114461  
p1                        =     0.226453   +/-   0.000909719 
****************************************
Minimizer is Minuit2 / Migrad
Chi2                      =      47.2449
NDf                       =            4
Edm                       =  2.89115e-21
NCalls                    =           55
p0                        =     0.219108   +/-   0.00151915  
p1                        =     0.228917   +/-   0.000947574 
p2                        =     0.222904   +/-   0.00118087  
****************************************
Minimizer is Minuit2 / Migrad
Chi2                      =      1.83942
NDf                       =            3
Edm                       =  1.25167e-06
NCalls                    =           94
p0                        =     0.225475   +/-   0.00182045  
p1                        =     0.221814   +/-   0.00117911  
p2                        =     0.233068   +/-   0.00109805  
p3                        =     0.217851   +/-   0.00140483  
  [FIT] Found good fit candidate. Best segments so far: 3. Stopping search.
  [FIT] Finalizing with loop variable 'segments' = 3
****************************************
Minimizer is Minuit2 / Migrad
Chi2                      =      6.05131
NDf                       =            3
Edm                       =  3.60681e-20
NCalls                    =           86
p0                        =     0.227463   +/-   0.0025679   
p1                        =     0.222421   +/-   0.00111753  
p2                        =     0.232339   +/-   0.0010458   
p3                        =     0.213665   +/-   0.00188763  
[SUCCESS] Created final fit for L1Inner_Nitrogen_TOF_L1QTemplate_LG_Sigma_spline with chi2/ndf = 0.613139

[INFO] Starting smart spline fit for: L1Inner_Nitrogen_TOF_L2QTemplate_LG_Sigma (7 points)
****************************************
Minimizer is Minuit2 / Migrad
Chi2                      =       22.573
NDf                       =            5
Edm                       =  1.26468e-22
NCalls                    =           35
p0                        =     0.209298   +/-   0.00150725  
p1                        =     0.228859   +/-   0.00120252  
****************************************
Minimizer is Minuit2 / Migrad
Chi2                      =      19.8568
NDf                       =            4
Edm                       =  5.89799e-21
NCalls                    =           57
p0                        =      0.20722   +/-   0.00196489  
p1                        =     0.222239   +/-   0.00126683  
p2                        =     0.227205   +/-   0.00156629  
****************************************
Minimizer is Minuit2 / Migrad
Chi2                      =      8.48423
NDf                       =            3
Edm                       =  6.35297e-06
NCalls                    =           93
p0                        =     0.210937   +/-   0.00231957  
p1                        =     0.214039   +/-   0.00159153  
p2                        =     0.228776   +/-   0.00146398  
p3                        =     0.223725   +/-   0.00187802  
  [FIT] Found good fit candidate. Best segments so far: 3. Stopping search.
  [FIT] Finalizing with loop variable 'segments' = 3
****************************************
Minimizer is Minuit2 / Migrad
Chi2                      =      8.45101
NDf                       =            3
Edm                       =  9.90863e-21
NCalls                    =           86
p0                        =     0.210665   +/-   0.00326568  
p1                        =     0.214652   +/-   0.00151136  
p2                        =     0.228443   +/-   0.0013902   
p3                        =      0.22146   +/-   0.00253414  
[SUCCESS] Created final fit for L1Inner_Nitrogen_TOF_L2QTemplate_LG_Sigma_spline with chi2/ndf = 2.82808
begin drawing Nitrogen L1Inner TOF LG_Sigma
begin drawing Nitrogen L1Inner TOF LG_Chi2NDF

[INFO] Starting smart spline fit for: L1Inner_Nitrogen_TOF_L1QTemplate_EGE_Peak (7 points)
****************************************
Minimizer is Minuit2 / Migrad
Chi2                      =      107.131
NDf                       =            5
Edm                       =  2.30629e-17
NCalls                    =           43
p0                        =       6.9995   +/-   0.00200644  
p1                        =      6.97402   +/-   0.00133887  
****************************************
Minimizer is Minuit2 / Migrad
Chi2                      =      41.6224
NDf                       =            4
Edm                       =   1.6679e-17
NCalls                    =           71
p0                        =       6.9853   +/-   0.00266529  
p1                        =       6.9952   +/-   0.00157793  
p2                        =      6.96536   +/-   0.00171406  
****************************************
Minimizer is Minuit2 / Migrad
Chi2                      =      35.8765
NDf                       =            3
Edm                       =  2.89043e-17
NCalls                    =          104
p0                        =      6.99121   +/-   0.00335677  
p1                        =      6.99184   +/-   0.00221999  
p2                        =      6.98932   +/-   0.00166291  
p3                        =      6.96229   +/-   0.00199231  
****************************************
Minimizer is Minuit2 / Migrad
Chi2                      =      2.33983
NDf                       =            2
Edm                       =  1.86317e-12
NCalls                    =          106
p0                        =      7.00517   +/-   0.00419045  
p1                        =      6.98235   +/-   0.00230825  
p2                        =      7.00004   +/-   0.00191057  
p3                        =      6.97125   +/-   0.0017518   
p4                        =      6.96677   +/-   0.00236242  
  [FIT] Found good fit candidate. Best segments so far: 4. Stopping search.
  [FIT] Finalizing with loop variable 'segments' = 4
****************************************
Minimizer is Minuit2 / Migrad
Chi2                      =       1.7403
NDf                       =            2
Edm                       =   1.6529e-18
NCalls                    =          148
p0                        =      7.01699   +/-   0.00617578  
p1                        =      6.98209   +/-   0.00232903  
p2                        =      6.99992   +/-   0.00189299  
p3                        =       6.9714   +/-   0.00179516  
p4                        =      6.96679   +/-   0.00335888  
[SUCCESS] Created final fit for L1Inner_Nitrogen_TOF_L1QTemplate_EGE_Peak_spline with chi2/ndf = 1.16992

[INFO] Starting smart spline fit for: L1Inner_Nitrogen_TOF_L2QTemplate_EGE_Peak (7 points)
****************************************
Minimizer is Minuit2 / Migrad
Chi2                      =      26.9117
NDf                       =            5
Edm                       =  1.22809e-17
NCalls                    =           43
p0                        =      7.01081   +/-   0.00223464  
p1                        =      6.98582   +/-   0.00188733  
****************************************
Minimizer is Minuit2 / Migrad
Chi2                      =       17.877
NDf                       =            4
Edm                       =  5.66824e-18
NCalls                    =           73
p0                        =      7.00484   +/-   0.00298941  
p1                        =      7.00147   +/-   0.00204115  
p2                        =      6.98099   +/-   0.00247867  
****************************************
Minimizer is Minuit2 / Migrad
Chi2                      =      5.18409
NDf                       =            3
Edm                       =  8.09959e-08
NCalls                    =          100
p0                        =      7.01226   +/-   0.00367781  
p1                        =      6.99946   +/-   0.00241547  
p2                        =       6.9998   +/-   0.00223587  
p3                        =      6.97545   +/-   0.00293781  
  [FIT] Found good fit candidate. Best segments so far: 3. Stopping search.
  [FIT] Finalizing with loop variable 'segments' = 3
****************************************
Minimizer is Minuit2 / Migrad
Chi2                      =      7.80822
NDf                       =            3
Edm                       =  9.06325e-18
NCalls                    =           98
p0                        =      7.01553   +/-   0.00525857  
p1                        =      7.00031   +/-   0.00225815  
p2                        =       6.9987   +/-   0.00213836  
p3                        =       6.9702   +/-   0.00392716  
[SUCCESS] Created final fit for L1Inner_Nitrogen_TOF_L2QTemplate_EGE_Peak_spline with chi2/ndf = 1.72803
begin drawing Nitrogen L1Inner TOF EGE_Peak

[INFO] Starting smart spline fit for: L1Inner_Nitrogen_TOF_L1QTemplate_EGE_SigmaL (7 points)
****************************************
Minimizer is Minuit2 / Migrad
Chi2                      =      91.3409
NDf                       =            5
Edm                       =  4.35851e-21
NCalls                    =           35
p0                        =     0.238543   +/-   0.00144156  
p1                        =     0.231261   +/-   0.000979654 
****************************************
Minimizer is Minuit2 / Migrad
Chi2                      =      37.7692
NDf                       =            4
Edm                       =   5.2342e-21
NCalls                    =           55
p0                        =     0.229697   +/-   0.00188116  
p1                        =     0.241032   +/-   0.00113177  
p2                        =     0.225646   +/-   0.00124432  
****************************************
Minimizer is Minuit2 / Migrad
Chi2                      =      25.2588
NDf                       =            3
Edm                       =  2.41263e-21
NCalls                    =           86
p0                        =     0.234887   +/-   0.00233727  
p1                        =     0.235355   +/-   0.00165004  
p2                        =      0.24021   +/-   0.0012447   
p3                        =     0.222827   +/-   0.00144417  
****************************************
Minimizer is Minuit2 / Migrad
Chi2                      =      0.42297
NDf                       =            2
Edm                       =  1.02239e-06
NCalls                    =          116
p0                        =     0.243126   +/-   0.00289533  
p1                        =     0.228017   +/-   0.00172996  
p2                        =     0.243664   +/-   0.00133509  
p3                        =     0.229304   +/-   0.00130772  
p4                        =     0.225587   +/-   0.00170713  
  [FIT] Found good fit candidate. Best segments so far: 4. Stopping search.
  [FIT] Finalizing with loop variable 'segments' = 4
****************************************
Minimizer is Minuit2 / Migrad
Chi2                      =      0.49934
NDf                       =            2
Edm                       =  4.66367e-20
NCalls                    =          128
p0                        =     0.250903   +/-   0.00429864  
p1                        =     0.227905   +/-   0.00174369  
p2                        =     0.243601   +/-   0.00132498  
p3                        =     0.229428   +/-   0.00134044  
p4                        =     0.225153   +/-   0.00243388  
[SUCCESS] Created final fit for L1Inner_Nitrogen_TOF_L1QTemplate_EGE_SigmaL_spline with chi2/ndf = 0.211485

[INFO] Starting smart spline fit for: L1Inner_Nitrogen_TOF_L2QTemplate_EGE_SigmaL (7 points)
****************************************
Minimizer is Minuit2 / Migrad
Chi2                      =      18.7698
NDf                       =            5
Edm                       =  8.56787e-21
NCalls                    =           37
p0                        =     0.210849   +/-   0.00167274  
p1                        =       0.2323   +/-   0.00132558  
****************************************
Minimizer is Minuit2 / Migrad
Chi2                      =      11.0417
NDf                       =            4
Edm                       =  1.47596e-20
NCalls                    =           59
p0                        =     0.206576   +/-   0.00227181  
p1                        =     0.226513   +/-   0.00145375  
p2                        =     0.229206   +/-   0.00173096  
****************************************
Minimizer is Minuit2 / Migrad
Chi2                      =      7.25988
NDf                       =            3
Edm                       =  2.67692e-07
NCalls                    =           92
p0                        =     0.209585   +/-   0.0027955   
p1                        =     0.218566   +/-   0.00172962  
p2                        =     0.231292   +/-   0.00158527  
p3                        =     0.227003   +/-   0.00205655  
  [FIT] Found good fit candidate. Best segments so far: 2. Stopping search.
  [FIT] Finalizing with loop variable 'segments' = 2
****************************************
Minimizer is Minuit2 / Migrad
Chi2                      =      13.5038
NDf                       =            4
Edm                       =  1.11919e-19
NCalls                    =           57
p0                        =     0.201441   +/-   0.00305615  
p1                        =     0.226016   +/-   0.0013192   
p2                        =     0.229502   +/-   0.00222006  
[SUCCESS] Created final fit for L1Inner_Nitrogen_TOF_L2QTemplate_EGE_SigmaL_spline with chi2/ndf = 2.76043
begin drawing Nitrogen L1Inner TOF EGE_SigmaL

[INFO] Starting smart spline fit for: L1Inner_Nitrogen_TOF_L1QTemplate_EGE_SigmaR (7 points)
****************************************
Minimizer is Minuit2 / Migrad
Chi2                      =      105.478
NDf                       =            5
Edm                       =  4.03041e-21
NCalls                    =           35
p0                        =     0.250208   +/-   0.00202387  
p1                        =     0.277243   +/-   0.00112564  
****************************************
Minimizer is Minuit2 / Migrad
Chi2                      =      43.2642
NDf                       =            4
Edm                       =    3.177e-20
NCalls                    =           57
p0                        =     0.264423   +/-   0.00270998  
p1                        =     0.255908   +/-   0.00152339  
p2                        =     0.284788   +/-   0.00147717  
****************************************
Minimizer is Minuit2 / Migrad
Chi2                      =      40.8123
NDf                       =            3
Edm                       =   1.2927e-10
NCalls                    =           94
p0                        =      0.27115   +/-   0.00375666  
p1                        =     0.248899   +/-   0.0024396   
p2                        =     0.267122   +/-   0.00134696  
p3                        =     0.282836   +/-   0.00168558  
****************************************
Minimizer is Minuit2 / Migrad
Chi2                      =      12.6961
NDf                       =            2
Edm                       =  1.35088e-05
NCalls                    =          115
p0                        =     0.255188   +/-   0.00485625  
p1                        =     0.262088   +/-   0.0021489   
p2                        =     0.248934   +/-   0.00198373  
p3                        =     0.282075   +/-   0.00147019  
p4                        =      0.27822   +/-   0.00199997  
****************************************
Minimizer is Minuit2 / Migrad
Chi2                      =     0.121757
NDf                       =            1
Edm                       =  2.24106e-06
NCalls                    =          154
p0                        =     0.249111   +/-   0.00513399  
p1                        =     0.264591   +/-   0.00225938  
p2                        =     0.242153   +/-   0.00299042  
p3                        =     0.268795   +/-   0.00150035  
p4                        =     0.279322   +/-   0.00178883  
p5                        =     0.280274   +/-   0.00215234  
  [FIT] No fit met threshold. Falling back to best chi2/ndf.
  [FIT] Finalizing with loop variable 'segments' = 5
****************************************
Minimizer is Minuit2 / Migrad
Chi2                      =    0.0851216
NDf                       =            1
Edm                       =  7.92256e-21
NCalls                    =          159
p0                        =     0.237439   +/-   0.00771692  
p1                        =     0.264558   +/-   0.00225387  
p2                        =     0.241985   +/-   0.00298892  
p3                        =     0.268766   +/-   0.00150058  
p4                        =     0.279345   +/-   0.00179687  
p5                        =     0.279651   +/-   0.0033133   
[SUCCESS] Created final fit for L1Inner_Nitrogen_TOF_L1QTemplate_EGE_SigmaR_spline with chi2/ndf = 0.121757

[INFO] Starting smart spline fit for: L1Inner_Nitrogen_TOF_L2QTemplate_EGE_SigmaR (7 points)
****************************************
Minimizer is Minuit2 / Migrad
Chi2                      =      18.5301
NDf                       =            5
Edm                       =  3.96708e-21
NCalls                    =           37
p0                        =      0.23669   +/-   0.00195037  
p1                        =     0.267567   +/-   0.00186789  
****************************************
Minimizer is Minuit2 / Migrad
Chi2                      =      13.9426
NDf                       =            4
Edm                       =  1.31247e-22
NCalls                    =           53
p0                        =     0.240472   +/-   0.00263123  
p1                        =     0.250685   +/-   0.00208356  
p2                        =     0.271332   +/-   0.00256518  
****************************************
Minimizer is Minuit2 / Migrad
Chi2                      =       8.6301
NDf                       =            3
Edm                       =  1.21475e-20
NCalls                    =           88
p0                        =     0.235462   +/-   0.00336601  
p1                        =     0.248948   +/-   0.00237278  
p2                        =     0.255434   +/-   0.0020876   
p3                        =     0.275098   +/-   0.00306036  
  [FIT] Found good fit candidate. Best segments so far: 3. Stopping search.
  [FIT] Finalizing with loop variable 'segments' = 3
****************************************
Minimizer is Minuit2 / Migrad
Chi2                      =      9.96269
NDf                       =            3
Edm                       =  6.15167e-20
NCalls                    =           88
p0                        =     0.231759   +/-   0.00489433  
p1                        =     0.248574   +/-   0.00215004  
p2                        =     0.256223   +/-   0.00200968  
p3                        =     0.278789   +/-   0.0040731   
[SUCCESS] Created final fit for L1Inner_Nitrogen_TOF_L2QTemplate_EGE_SigmaR_spline with chi2/ndf = 2.8767
begin drawing Nitrogen L1Inner TOF EGE_SigmaR
  [SUCCESS] Wrote constant TF1 'L1Inner_Nitrogen_TOF_L1QTemplate_EGE_AlphaL_spline' to file.
  [SUCCESS] Wrote constant TF1 'L1Inner_Nitrogen_TOF_L2QTemplate_EGE_AlphaL_spline' to file.
begin drawing Nitrogen L1Inner TOF EGE_AlphaL

[INFO] Starting smart spline fit for: L1Inner_Nitrogen_TOF_L1QTemplate_EGE_AlphaR (7 points)
****************************************
Minimizer is Minuit2 / Migrad
Chi2                      =      144.765
NDf                       =            5
Edm                       =  3.55987e-22
NCalls                    =           33
p0                        =       1.3551   +/-   0.0202173   
p1                        =      1.52088   +/-   0.00837043  
****************************************
Minimizer is Minuit2 / Migrad
Chi2                      =      119.179
NDf                       =            4
Edm                       =  4.82281e-21
NCalls                    =           53
p0                        =      1.26567   +/-   0.0268578   
p1                        =      1.50085   +/-   0.0127815   
p2                        =      1.48437   +/-   0.0110535   
****************************************
Minimizer is Minuit2 / Migrad
Chi2                      =      54.1671
NDf                       =            3
Edm                       =  2.18512e-21
NCalls                    =           82
p0                        =      1.44592   +/-   0.0361975   
p1                        =      1.28521   +/-   0.0239397   
p2                        =      1.54851   +/-   0.00983013  
p3                        =      1.43972   +/-   0.0123874   
****************************************
Minimizer is Minuit2 / Migrad
Chi2                      =      65.2793
NDf                       =            2
Edm                       =  4.88742e-06
NCalls                    =          113
p0                        =        1.343   +/-   0.0458263   
p1                        =      1.34759   +/-   0.0227279   
p2                        =      1.41125   +/-   0.0185483   
p3                        =      1.55746   +/-   0.0111247   
p4                        =      1.41334   +/-   0.0148825   
****************************************
Minimizer is Minuit2 / Migrad
Chi2                      =    0.0371565
NDf                       =            1
Edm                       =  9.20728e-07
NCalls                    =          138
p0                        =      1.21096   +/-   0.049182    
p1                        =       1.4258   +/-   0.0249496   
p2                        =      1.18827   +/-   0.0280534   
p3                        =      1.56743   +/-   0.0107597   
p4                        =      1.51045   +/-   0.0127898   
p5                        =      1.45096   +/-   0.0157627   
  [FIT] No fit met threshold. Falling back to best chi2/ndf.
  [FIT] Finalizing with loop variable 'segments' = 5
****************************************
Minimizer is Minuit2 / Migrad
Chi2                      =    0.0728289
NDf                       =            1
Edm                       =  1.23237e-20
NCalls                    =          163
p0                        =      1.06163   +/-   0.0751093   
p1                        =      1.42539   +/-   0.0248996   
p2                        =      1.18658   +/-   0.028065    
p3                        =      1.56721   +/-   0.0107625   
p4                        =      1.51058   +/-   0.0128416   
p5                        =      1.44397   +/-   0.0241617   
[SUCCESS] Created final fit for L1Inner_Nitrogen_TOF_L1QTemplate_EGE_AlphaR_spline with chi2/ndf = 0.0371565

[INFO] Starting smart spline fit for: L1Inner_Nitrogen_TOF_L2QTemplate_EGE_AlphaR (7 points)
****************************************
Minimizer is Minuit2 / Migrad
Chi2                      =      24.9014
NDf                       =            5
Edm                       =  3.52087e-22
NCalls                    =           31
p0                        =      1.61303   +/-   0.0808949   
p1                        =      1.52696   +/-   0.0454428   
****************************************
Minimizer is Minuit2 / Migrad
Chi2                      =      18.9921
NDf                       =            4
Edm                       =   8.9434e-09
NCalls                    =           58
p0                        =      1.80129   +/-   0.111986    
p1                        =      1.48831   +/-   0.0452201   
p2                        =      1.59734   +/-   0.0538819   
****************************************
Minimizer is Minuit2 / Migrad
Chi2                      =      16.3887
NDf                       =            3
Edm                       =  2.26119e-22
NCalls                    =           80
p0                        =      1.88438   +/-   0.12377     
p1                        =      1.42521   +/-   0.0838517   
p2                        =       1.5991   +/-   0.0656796   
p3                        =      1.54362   +/-   0.0610078   
****************************************
Minimizer is Minuit2 / Migrad
Chi2                      =      4.13183
NDf                       =            2
Edm                       =  7.00121e-06
NCalls                    =           99
p0                        =      1.65104   +/-   0.148183    
p1                        =      1.96858   +/-   0.151662    
p2                        =      1.40971   +/-   0.0500556   
p3                        =      1.77694   +/-   0.0723369   
p4                        =      1.43348   +/-   0.0709383   
  [FIT] Found good fit candidate. Best segments so far: 4. Stopping search.
  [FIT] Finalizing with loop variable 'segments' = 4
****************************************
Minimizer is Minuit2 / Migrad
Chi2                      =      4.66558
NDf                       =            2
Edm                       =  1.21872e-05
NCalls                    =          100
p0                        =      1.45875   +/-   0.242062    
p1                        =      1.97346   +/-   0.157816    
p2                        =      1.41271   +/-   0.0498513   
p3                        =      1.78001   +/-   0.0742912   
p4                        =      1.29073   +/-   0.106278    
[SUCCESS] Created final fit for L1Inner_Nitrogen_TOF_L2QTemplate_EGE_AlphaR_spline with chi2/ndf = 2.06591
begin drawing Nitrogen L1Inner TOF EGE_AlphaR
begin drawing Nitrogen L1Inner TOF EGE_Chi2NDF

[INFO] Starting smart spline fit for: L1Inner_Nitrogen_NaF_L1QTemplate_LG_Width (16 points)
****************************************
Minimizer is Minuit2 / Migrad
Chi2                      =      35.1682
NDf                       =           14
Edm                       =  1.31263e-23
NCalls                    =           31
p0                        =    0.0313093   +/-   0.00180934  
p1                        =    0.0312985   +/-   0.00149926  
****************************************
Minimizer is Minuit2 / Migrad
Chi2                      =      29.4076
NDf                       =           13
Edm                       =  1.38861e-22
NCalls                    =           53
p0                        =    0.0276619   +/-   0.00236284  
p1                        =    0.0339532   +/-   0.00144035  
p2                        =    0.0278701   +/-   0.0020708   
  [FIT] Found good fit candidate. Best segments so far: 1. Stopping search.
  [FIT] Finalizing with loop variable 'segments' = 1
****************************************
Minimizer is Minuit2 / Migrad
Chi2                      =      35.0725
NDf                       =           14
Edm                       =  1.66152e-22
NCalls                    =           31
p0                        =    0.0307218   +/-   0.00208386  
p1                        =    0.0317705   +/-   0.0017588   
[SUCCESS] Created final fit for L1Inner_Nitrogen_NaF_L1QTemplate_LG_Width_spline with chi2/ndf = 2.51201

[INFO] Starting smart spline fit for: L1Inner_Nitrogen_NaF_L2QTemplate_LG_Width (16 points)
****************************************
Minimizer is Minuit2 / Migrad
Chi2                      =      27.2024
NDf                       =           14
Edm                       =  1.63815e-23
NCalls                    =           31
p0                        =    0.0291107   +/-   0.00253472  
p1                        =    0.0353518   +/-   0.00228643  
****************************************
Minimizer is Minuit2 / Migrad
Chi2                      =      23.3567
NDf                       =           13
Edm                       =   2.5041e-23
NCalls                    =           53
p0                        =    0.0250489   +/-   0.00327333  
p1                        =    0.0363791   +/-   0.00217432  
p2                        =    0.0310813   +/-   0.00315751  
  [FIT] Found good fit candidate. Best segments so far: 1. Stopping search.
  [FIT] Finalizing with loop variable 'segments' = 1
****************************************
Minimizer is Minuit2 / Migrad
Chi2                      =      27.3146
NDf                       =           14
Edm                       =  2.69168e-23
NCalls                    =           31
p0                        =    0.0285328   +/-   0.00291065  
p1                        =    0.0359487   +/-   0.00265358  
[SUCCESS] Created final fit for L1Inner_Nitrogen_NaF_L2QTemplate_LG_Width_spline with chi2/ndf = 1.94303
begin drawing Nitrogen L1Inner NaF LG_Width

[INFO] Starting smart spline fit for: L1Inner_Nitrogen_NaF_L1QTemplate_LG_MPV (16 points)
****************************************
Minimizer is Minuit2 / Migrad
Chi2                      =       40.755
NDf                       =           14
Edm                       =  5.92453e-18
NCalls                    =           43
p0                        =      6.92721   +/-   0.00286752  
p1                        =      6.92606   +/-   0.00237566  
****************************************
Minimizer is Minuit2 / Migrad
Chi2                      =      30.8429
NDf                       =           13
Edm                       =  7.45452e-12
NCalls                    =           70
p0                        =       6.9356   +/-   0.00391517  
p1                        =      6.92126   +/-   0.0021901   
p2                        =       6.9331   +/-   0.00326205  
  [FIT] Found good fit candidate. Best segments so far: 2. Stopping search.
  [FIT] Finalizing with loop variable 'segments' = 2
****************************************
Minimizer is Minuit2 / Migrad
Chi2                      =      30.4038
NDf                       =           13
Edm                       =  3.62811e-07
NCalls                    =           70
p0                        =      6.94124   +/-   0.00535412  
p1                        =      6.92184   +/-   0.00202135  
p2                        =      6.93488   +/-   0.00405705  
[SUCCESS] Created final fit for L1Inner_Nitrogen_NaF_L1QTemplate_LG_MPV_spline with chi2/ndf = 2.37253

[INFO] Starting smart spline fit for: L1Inner_Nitrogen_NaF_L2QTemplate_LG_MPV (16 points)
****************************************
Minimizer is Minuit2 / Migrad
Chi2                      =       42.899
NDf                       =           14
Edm                       =  8.89997e-19
NCalls                    =           41
p0                        =      6.93705   +/-   0.00399726  
p1                        =      6.91433   +/-   0.0033052   
****************************************
Minimizer is Minuit2 / Migrad
Chi2                      =      23.4742
NDf                       =           13
Edm                       =  4.63904e-18
NCalls                    =           78
p0                        =      6.95239   +/-   0.00529953  
p1                        =      6.91173   +/-   0.00316272  
p2                        =      6.92952   +/-   0.00477611  
  [FIT] Found good fit candidate. Best segments so far: 2. Stopping search.
  [FIT] Finalizing with loop variable 'segments' = 2
****************************************
Minimizer is Minuit2 / Migrad
Chi2                      =      20.8303
NDf                       =           13
Edm                       =  1.27825e-20
NCalls                    =           61
p0                        =      6.96402   +/-   0.00695091  
p1                        =      6.91326   +/-   0.00285461  
p2                        =      6.93352   +/-   0.00599941  
[SUCCESS] Created final fit for L1Inner_Nitrogen_NaF_L2QTemplate_LG_MPV_spline with chi2/ndf = 1.8057
begin drawing Nitrogen L1Inner NaF LG_MPV

[INFO] Starting smart spline fit for: L1Inner_Nitrogen_NaF_L1QTemplate_LG_Sigma (16 points)
****************************************
Minimizer is Minuit2 / Migrad
Chi2                      =      26.9211
NDf                       =           14
Edm                       =  1.92674e-22
NCalls                    =           35
p0                        =     0.223385   +/-   0.00206663  
p1                        =     0.215214   +/-   0.00175209  
****************************************
Minimizer is Minuit2 / Migrad
Chi2                      =      25.0326
NDf                       =           13
Edm                       =  3.16607e-07
NCalls                    =           61
p0                        =     0.225682   +/-   0.00265756  
p1                        =     0.216366   +/-   0.00168488  
p2                        =     0.217515   +/-   0.002423    
  [FIT] Found good fit candidate. Best segments so far: 1. Stopping search.
  [FIT] Finalizing with loop variable 'segments' = 1
****************************************
Minimizer is Minuit2 / Migrad
Chi2                      =      25.2463
NDf                       =           14
Edm                       =  6.02109e-22
NCalls                    =           35
p0                        =     0.224927   +/-   0.00237113  
p1                        =      0.21376   +/-   0.00204793  
[SUCCESS] Created final fit for L1Inner_Nitrogen_NaF_L1QTemplate_LG_Sigma_spline with chi2/ndf = 1.92294

[INFO] Starting smart spline fit for: L1Inner_Nitrogen_NaF_L2QTemplate_LG_Sigma (16 points)
****************************************
Minimizer is Minuit2 / Migrad
Chi2                      =      23.6311
NDf                       =           14
Edm                       =  2.28363e-22
NCalls                    =           35
p0                        =     0.219464   +/-   0.00284678  
p1                        =     0.212426   +/-   0.00259469  
  [FIT] Found good fit candidate. Best segments so far: 1. Stopping search.
  [FIT] Finalizing with loop variable 'segments' = 1
****************************************
Minimizer is Minuit2 / Migrad
Chi2                      =      24.0271
NDf                       =           14
Edm                       =  1.74371e-22
NCalls                    =           35
p0                        =     0.219827   +/-   0.00326103  
p1                        =        0.212   +/-   0.00300945  
[SUCCESS] Created final fit for L1Inner_Nitrogen_NaF_L2QTemplate_LG_Sigma_spline with chi2/ndf = 1.68793
begin drawing Nitrogen L1Inner NaF LG_Sigma
begin drawing Nitrogen L1Inner NaF LG_Chi2NDF

[INFO] Starting smart spline fit for: L1Inner_Nitrogen_NaF_L1QTemplate_EGE_Peak (16 points)
****************************************
Minimizer is Minuit2 / Migrad
Chi2                      =      42.0106
NDf                       =           14
Edm                       =  1.39071e-19
NCalls                    =           41
p0                        =      6.97834   +/-   0.00326152  
p1                        =      6.97804   +/-   0.00287405  
****************************************
Minimizer is Minuit2 / Migrad
Chi2                      =      39.6279
NDf                       =           13
Edm                       =  3.57667e-18
NCalls                    =           65
p0                        =       6.9822   +/-   0.0041104   
p1                        =      6.97428   +/-   0.00310403  
p2                        =      6.98218   +/-   0.00393134  
****************************************
Minimizer is Minuit2 / Migrad
Chi2                      =      24.8614
NDf                       =           12
Edm                       =  2.81458e-08
NCalls                    =          100
p0                        =      6.99234   +/-   0.00491637  
p1                        =      6.96581   +/-   0.00370494  
p2                        =      6.98506   +/-   0.00335326  
p3                        =      6.97267   +/-   0.00474217  
  [FIT] Found good fit candidate. Best segments so far: 3. Stopping search.
  [FIT] Finalizing with loop variable 'segments' = 3
****************************************
Minimizer is Minuit2 / Migrad
Chi2                      =      20.1426
NDf                       =           12
Edm                       =  7.46022e-18
NCalls                    =          100
p0                        =      7.00157   +/-   0.00635173  
p1                        =      6.96648   +/-   0.00337778  
p2                        =      6.98493   +/-   0.0031826   
p3                        =      6.96781   +/-   0.00599589  
[SUCCESS] Created final fit for L1Inner_Nitrogen_NaF_L1QTemplate_EGE_Peak_spline with chi2/ndf = 2.07179

[INFO] Starting smart spline fit for: L1Inner_Nitrogen_NaF_L2QTemplate_EGE_Peak (16 points)
****************************************
Minimizer is Minuit2 / Migrad
Chi2                      =      9.50331
NDf                       =            6
Edm                       =  3.08637e-19
NCalls                    =           43
p0                        =      6.96915   +/-   0.00757626  
p1                        =      6.96504   +/-   0.00465058  
  [FIT] Found good fit candidate. Best segments so far: 1. Stopping search.
  [FIT] Finalizing with loop variable 'segments' = 1
****************************************
Minimizer is Minuit2 / Migrad
Chi2                      =      9.56593
NDf                       =            6
Edm                       =  4.29693e-18
NCalls                    =           43
p0                        =      6.96887   +/-   0.00880664  
p1                        =      6.96497   +/-   0.00586681  
[SUCCESS] Created final fit for L1Inner_Nitrogen_NaF_L2QTemplate_EGE_Peak_spline with chi2/ndf = 1.58389
begin drawing Nitrogen L1Inner NaF EGE_Peak

[INFO] Starting smart spline fit for: L1Inner_Nitrogen_NaF_L1QTemplate_EGE_SigmaL (16 points)
****************************************
Minimizer is Minuit2 / Migrad
Chi2                      =      36.4682
NDf                       =           14
Edm                       =  1.44726e-22
NCalls                    =           35
p0                        =     0.230361   +/-   0.00229056  
p1                        =      0.22593   +/-   0.00205812  
****************************************
Minimizer is Minuit2 / Migrad
Chi2                      =      36.4492
NDf                       =           13
Edm                       =  1.84733e-11
NCalls                    =           59
p0                        =     0.230609   +/-   0.00291157  
p1                        =     0.227291   +/-   0.00208217  
p2                        =     0.226194   +/-   0.00281174  
****************************************
Minimizer is Minuit2 / Migrad
Chi2                      =      21.8291
NDf                       =           12
Edm                       =  4.71508e-08
NCalls                    =           91
p0                        =     0.237716   +/-   0.00348315  
p1                        =     0.222214   +/-   0.00248919  
p2                        =     0.233059   +/-   0.0023859   
p3                        =     0.219299   +/-   0.00340411  
  [FIT] Found good fit candidate. Best segments so far: 3. Stopping search.
  [FIT] Finalizing with loop variable 'segments' = 3
****************************************
Minimizer is Minuit2 / Migrad
Chi2                      =      18.1373
NDf                       =           12
Edm                       =  8.10832e-22
NCalls                    =           84
p0                        =     0.243303   +/-   0.00451396  
p1                        =     0.222602   +/-   0.0022864   
p2                        =     0.232791   +/-   0.0022743   
p3                        =     0.214989   +/-   0.00438079  
[SUCCESS] Created final fit for L1Inner_Nitrogen_NaF_L1QTemplate_EGE_SigmaL_spline with chi2/ndf = 1.81909

[INFO] Starting smart spline fit for: L1Inner_Nitrogen_NaF_L2QTemplate_EGE_SigmaL (16 points)
****************************************
Minimizer is Minuit2 / Migrad
Chi2                      =      9.17825
NDf                       =            6
Edm                       =  1.34422e-22
NCalls                    =           31
p0                        =     0.218654   +/-   0.00561974  
p1                        =     0.221593   +/-   0.00350671  
  [FIT] Found good fit candidate. Best segments so far: 1. Stopping search.
  [FIT] Finalizing with loop variable 'segments' = 1
****************************************
Minimizer is Minuit2 / Migrad
Chi2                      =      9.19798
NDf                       =            6
Edm                       =  2.03025e-22
NCalls                    =           33
p0                        =     0.218471   +/-   0.00652881  
p1                        =     0.221864   +/-   0.00437436  
[SUCCESS] Created final fit for L1Inner_Nitrogen_NaF_L2QTemplate_EGE_SigmaL_spline with chi2/ndf = 1.52971
begin drawing Nitrogen L1Inner NaF EGE_SigmaL

[INFO] Starting smart spline fit for: L1Inner_Nitrogen_NaF_L1QTemplate_EGE_SigmaR (16 points)
****************************************
Minimizer is Minuit2 / Migrad
Chi2                      =      38.1818
NDf                       =           14
Edm                       =  6.87198e-22
NCalls                    =           35
p0                        =     0.267706   +/-   0.00322045  
p1                        =     0.254894   +/-   0.00278182  
****************************************
Minimizer is Minuit2 / Migrad
Chi2                      =      38.1808
NDf                       =           13
Edm                       =  7.08045e-22
NCalls                    =           53
p0                        =     0.267774   +/-   0.0039001   
p1                        =     0.259386   +/-   0.00361332  
p2                        =      0.25497   +/-   0.00371591  
****************************************
Minimizer is Minuit2 / Migrad
Chi2                      =      22.3437
NDf                       =           12
Edm                       =  7.03337e-22
NCalls                    =           80
p0                        =     0.258197   +/-   0.00463426  
p1                        =     0.274949   +/-   0.00438352  
p2                        =     0.248579   +/-   0.00347562  
p3                        =     0.263477   +/-   0.0043322   
  [FIT] Found good fit candidate. Best segments so far: 3. Stopping search.
  [FIT] Finalizing with loop variable 'segments' = 3
****************************************
Minimizer is Minuit2 / Migrad
Chi2                      =      18.4369
NDf                       =           12
Edm                       =  1.06269e-21
NCalls                    =           80
p0                        =     0.251095   +/-   0.00602     
p1                        =     0.274311   +/-   0.00389298  
p2                        =     0.248998   +/-   0.00326415  
p3                        =     0.267965   +/-   0.00528627  
[SUCCESS] Created final fit for L1Inner_Nitrogen_NaF_L1QTemplate_EGE_SigmaR_spline with chi2/ndf = 1.86198

[INFO] Starting smart spline fit for: L1Inner_Nitrogen_NaF_L2QTemplate_EGE_SigmaR (16 points)
****************************************
Minimizer is Minuit2 / Migrad
Chi2                      =      12.5475
NDf                       =            6
Edm                       =  3.23791e-20
NCalls                    =           37
p0                        =     0.280479   +/-   0.00650792  
p1                        =     0.256772   +/-   0.0036278   
****************************************
Minimizer is Minuit2 / Migrad
Chi2                      =      7.52431
NDf                       =            5
Edm                       =  1.45936e-20
NCalls                    =           55
p0                        =     0.291476   +/-   0.0081503   
p1                        =     0.261336   +/-   0.00271062  
p2                        =     0.268037   +/-   0.0061986   
  [FIT] Found good fit candidate. Best segments so far: 2. Stopping search.
  [FIT] Finalizing with loop variable 'segments' = 2
****************************************
Minimizer is Minuit2 / Migrad
Chi2                      =      7.96021
NDf                       =            5
Edm                       =  2.17616e-21
NCalls                    =           55
p0                        =     0.302096   +/-   0.0113857   
p1                        =     0.261486   +/-   0.00258655  
p2                        =     0.270919   +/-   0.00802482  
[SUCCESS] Created final fit for L1Inner_Nitrogen_NaF_L2QTemplate_EGE_SigmaR_spline with chi2/ndf = 1.50486
begin drawing Nitrogen L1Inner NaF EGE_SigmaR
  [SUCCESS] Wrote constant TF1 'L1Inner_Nitrogen_NaF_L1QTemplate_EGE_AlphaL_spline' to file.
  [SUCCESS] Wrote constant TF1 'L1Inner_Nitrogen_NaF_L2QTemplate_EGE_AlphaL_spline' to file.
begin drawing Nitrogen L1Inner NaF EGE_AlphaL

[INFO] Starting smart spline fit for: L1Inner_Nitrogen_NaF_L1QTemplate_EGE_AlphaR (16 points)
****************************************
Minimizer is Minuit2 / Migrad
Chi2                      =      26.1648
NDf                       =           14
Edm                       =  9.04336e-23
NCalls                    =           31
p0                        =      1.44899   +/-   0.03535     
p1                        =      1.34645   +/-   0.0267882   
****************************************
Minimizer is Minuit2 / Migrad
Chi2                      =      14.2344
NDf                       =           13
Edm                       =  2.10912e-22
NCalls                    =           53
p0                        =      1.52095   +/-   0.0410325   
p1                        =      1.25687   +/-   0.0411819   
p2                        =      1.42143   +/-   0.0344808   
  [FIT] Found good fit candidate. Best segments so far: 2. Stopping search.
  [FIT] Finalizing with loop variable 'segments' = 2
****************************************
Minimizer is Minuit2 / Migrad
Chi2                      =      12.9988
NDf                       =           13
Edm                       =  8.49432e-23
NCalls                    =           53
p0                        =      1.58378   +/-   0.0533117   
p1                        =      1.27148   +/-   0.0355765   
p2                        =       1.4504   +/-   0.0405906   
[SUCCESS] Created final fit for L1Inner_Nitrogen_NaF_L1QTemplate_EGE_AlphaR_spline with chi2/ndf = 1.09495

[INFO] Starting smart spline fit for: L1Inner_Nitrogen_NaF_L2QTemplate_EGE_AlphaR (16 points)
****************************************
Minimizer is Minuit2 / Migrad
Chi2                      =      20.8417
NDf                       =            6
Edm                       =  1.46814e-21
NCalls                    =           36
p0                        =      1.32539   +/-   0.195141    
p1                        =      1.43174   +/-   0.0905893   
****************************************
Minimizer is Minuit2 / Migrad
Chi2                      =      10.1453
NDf                       =            5
Edm                       =  7.78424e-24
NCalls                    =           53
p0                        =      2.23748   +/-   0.340373    
p1                        =      1.32489   +/-   0.0468411   
p2                        =      1.75739   +/-   0.134614    
  [FIT] Found good fit candidate. Best segments so far: 2. Stopping search.
  [FIT] Finalizing with loop variable 'segments' = 2
****************************************
Minimizer is Minuit2 / Migrad
Chi2                      =       9.2137
NDf                       =            5
Edm                       =  4.37365e-23
NCalls                    =           53
p0                        =      2.62209   +/-   0.478551    
p1                        =      1.32948   +/-   0.0453604   
p2                        =      1.94565   +/-   0.183757    
[SUCCESS] Created final fit for L1Inner_Nitrogen_NaF_L2QTemplate_EGE_AlphaR_spline with chi2/ndf = 2.02905
begin drawing Nitrogen L1Inner NaF EGE_AlphaR
begin drawing Nitrogen L1Inner NaF EGE_Chi2NDF

[INFO] Starting smart spline fit for: L1Inner_Nitrogen_AGL_L1QTemplate_LG_Width (22 points)
****************************************
Minimizer is Minuit2 / Migrad
Chi2                      =       19.861
NDf                       =           20
Edm                       =  1.85274e-22
NCalls                    =           31
p0                        =    0.0307756   +/-   0.00061298  
p1                        =    0.0282729   +/-   0.000969213 
  [FIT] Found good fit candidate. Best segments so far: 1. Stopping search.
  [FIT] Finalizing with loop variable 'segments' = 1
****************************************
Minimizer is Minuit2 / Migrad
Chi2                      =      20.3149
NDf                       =           20
Edm                       =  2.18011e-22
NCalls                    =           31
p0                        =    0.0309531   +/-   0.000717012 
p1                        =    0.0281413   +/-   0.00109484  
[SUCCESS] Created final fit for L1Inner_Nitrogen_AGL_L1QTemplate_LG_Width_spline with chi2/ndf = 0.993052

[INFO] Starting smart spline fit for: L1Inner_Nitrogen_AGL_L2QTemplate_LG_Width (22 points)
****************************************
Minimizer is Minuit2 / Migrad
Chi2                      =       25.977
NDf                       =           20
Edm                       =  6.47161e-23
NCalls                    =           31
p0                        =    0.0341276   +/-   0.000820852 
p1                        =    0.0356786   +/-   0.00125408  
  [FIT] Found good fit candidate. Best segments so far: 1. Stopping search.
  [FIT] Finalizing with loop variable 'segments' = 1
****************************************
Minimizer is Minuit2 / Migrad
Chi2                      =      26.5215
NDf                       =           20
Edm                       =  1.69707e-22
NCalls                    =           31
p0                        =      0.03428   +/-   0.000953665 
p1                        =    0.0353316   +/-   0.00142199  
[SUCCESS] Created final fit for L1Inner_Nitrogen_AGL_L2QTemplate_LG_Width_spline with chi2/ndf = 1.29885
begin drawing Nitrogen L1Inner AGL LG_Width

[INFO] Starting smart spline fit for: L1Inner_Nitrogen_AGL_L1QTemplate_LG_MPV (22 points)
****************************************
Minimizer is Minuit2 / Migrad
Chi2                      =      26.4233
NDf                       =           20
Edm                       =  7.72394e-18
NCalls                    =           43
p0                        =      6.92966   +/-   0.000965423 
p1                        =      6.94052   +/-   0.0015376   
  [FIT] Found good fit candidate. Best segments so far: 1. Stopping search.
  [FIT] Finalizing with loop variable 'segments' = 1
****************************************
Minimizer is Minuit2 / Migrad
Chi2                      =      29.5871
NDf                       =           20
Edm                       =   3.0618e-18
NCalls                    =           43
p0                        =      6.92885   +/-   0.00113189  
p1                        =      6.94114   +/-   0.00173844  
[SUCCESS] Created final fit for L1Inner_Nitrogen_AGL_L1QTemplate_LG_MPV_spline with chi2/ndf = 1.32117

[INFO] Starting smart spline fit for: L1Inner_Nitrogen_AGL_L2QTemplate_LG_MPV (22 points)
****************************************
Minimizer is Minuit2 / Migrad
Chi2                      =      34.3606
NDf                       =           20
Edm                       =  3.12472e-18
NCalls                    =           43
p0                        =      6.92566   +/-   0.00117628  
p1                        =      6.93318   +/-   0.00173469  
  [FIT] Found good fit candidate. Best segments so far: 1. Stopping search.
  [FIT] Finalizing with loop variable 'segments' = 1
****************************************
Minimizer is Minuit2 / Migrad
Chi2                      =      31.1309
NDf                       =           20
Edm                       =  1.55157e-18
NCalls                    =           43
p0                        =      6.92444   +/-   0.00135106  
p1                        =      6.93482   +/-   0.00196145  
[SUCCESS] Created final fit for L1Inner_Nitrogen_AGL_L2QTemplate_LG_MPV_spline with chi2/ndf = 1.71803
begin drawing Nitrogen L1Inner AGL LG_MPV

[INFO] Starting smart spline fit for: L1Inner_Nitrogen_AGL_L1QTemplate_LG_Sigma (22 points)
****************************************
Minimizer is Minuit2 / Migrad
Chi2                      =      13.4197
NDf                       =           20
Edm                       =  1.30402e-21
NCalls                    =           35
p0                        =     0.216279   +/-   0.000713095 
p1                        =     0.211757   +/-   0.00110974  
  [FIT] Found good fit candidate. Best segments so far: 1. Stopping search.
  [FIT] Finalizing with loop variable 'segments' = 1
****************************************
Minimizer is Minuit2 / Migrad
Chi2                      =      12.7284
NDf                       =           20
Edm                       =  1.00892e-21
NCalls                    =           35
p0                        =     0.216807   +/-   0.000832295 
p1                        =     0.211154   +/-   0.0012551   
[SUCCESS] Created final fit for L1Inner_Nitrogen_AGL_L1QTemplate_LG_Sigma_spline with chi2/ndf = 0.670987

[INFO] Starting smart spline fit for: L1Inner_Nitrogen_AGL_L2QTemplate_LG_Sigma (22 points)
****************************************
Minimizer is Minuit2 / Migrad
Chi2                      =      33.7535
NDf                       =           20
Edm                       =  6.57134e-20
NCalls                    =           37
p0                        =      0.21158   +/-   0.000975479 
p1                        =     0.202408   +/-   0.00148071  
  [FIT] Found good fit candidate. Best segments so far: 1. Stopping search.
  [FIT] Finalizing with loop variable 'segments' = 1
****************************************
Minimizer is Minuit2 / Migrad
Chi2                      =      38.4271
NDf                       =           20
Edm                       =  1.48883e-22
NCalls                    =           35
p0                        =     0.211965   +/-   0.00113403  
p1                        =     0.202302   +/-   0.00167816  
[SUCCESS] Created final fit for L1Inner_Nitrogen_AGL_L2QTemplate_LG_Sigma_spline with chi2/ndf = 1.68768
begin drawing Nitrogen L1Inner AGL LG_Sigma
begin drawing Nitrogen L1Inner AGL LG_Chi2NDF

[INFO] Starting smart spline fit for: L1Inner_Nitrogen_AGL_L1QTemplate_EGE_Peak (22 points)
****************************************
Minimizer is Minuit2 / Migrad
Chi2                      =      67.8067
NDf                       =           20
Edm                       =  3.91329e-18
NCalls                    =           43
p0                        =      6.98488   +/-   0.00115857  
p1                        =      6.99804   +/-   0.00165585  
****************************************
Minimizer is Minuit2 / Migrad
Chi2                      =      53.7357
NDf                       =           19
Edm                       =  3.03152e-18
NCalls                    =           88
p0                        =      6.98193   +/-   0.00140144  
p1                        =      6.99515   +/-   0.00109366  
p2                        =      6.99049   +/-   0.00260767  
****************************************
Minimizer is Minuit2 / Migrad
Chi2                      =      43.7758
NDf                       =           18
Edm                       =  1.18915e-17
NCalls                    =          110
p0                        =       6.9843   +/-   0.0015928   
p1                        =      6.98865   +/-   0.00124686  
p2                        =      6.99855   +/-   0.00164563  
p3                        =      6.98383   +/-   0.00333916  
  [FIT] Found good fit candidate. Best segments so far: 2. Stopping search.
  [FIT] Finalizing with loop variable 'segments' = 2
****************************************
Minimizer is Minuit2 / Migrad
Chi2                      =      59.5915
NDf                       =           19
Edm                       =  4.41268e-17
NCalls                    =           73
p0                        =      6.98027   +/-   0.0017441   
p1                        =      6.99409   +/-   0.00100613  
p2                        =      6.99036   +/-   0.00328881  
[SUCCESS] Created final fit for L1Inner_Nitrogen_AGL_L1QTemplate_EGE_Peak_spline with chi2/ndf = 2.82819

[INFO] Starting smart spline fit for: L1Inner_Nitrogen_AGL_L2QTemplate_EGE_Peak (22 points)
****************************************
Minimizer is Minuit2 / Migrad
Chi2                      =       23.752
NDf                       =           16
Edm                       =  1.17952e-20
NCalls                    =           41
p0                        =      6.97483   +/-   0.0016476   
p1                        =      6.97448   +/-   0.00244838  
  [FIT] Found good fit candidate. Best segments so far: 1. Stopping search.
  [FIT] Finalizing with loop variable 'segments' = 1
****************************************
Minimizer is Minuit2 / Migrad
Chi2                      =       23.756
NDf                       =           16
Edm                       =   3.5944e-19
NCalls                    =           43
p0                        =      6.97483   +/-   0.00191528  
p1                        =       6.9745   +/-   0.0027809   
[SUCCESS] Created final fit for L1Inner_Nitrogen_AGL_L2QTemplate_EGE_Peak_spline with chi2/ndf = 1.4845
begin drawing Nitrogen L1Inner AGL EGE_Peak

[INFO] Starting smart spline fit for: L1Inner_Nitrogen_AGL_L1QTemplate_EGE_SigmaL (22 points)
****************************************
Minimizer is Minuit2 / Migrad
Chi2                      =       31.516
NDf                       =           20
Edm                       =  2.33083e-22
NCalls                    =           35
p0                        =     0.228776   +/-   0.000839963 
p1                        =     0.226007   +/-   0.00119977  
  [FIT] Found good fit candidate. Best segments so far: 1. Stopping search.
  [FIT] Finalizing with loop variable 'segments' = 1
****************************************
Minimizer is Minuit2 / Migrad
Chi2                      =      31.2558
NDf                       =           20
Edm                       =  6.73865e-22
NCalls                    =           35
p0                        =      0.22912   +/-   0.00098133  
p1                        =     0.225615   +/-   0.0013664   
[SUCCESS] Created final fit for L1Inner_Nitrogen_AGL_L1QTemplate_EGE_SigmaL_spline with chi2/ndf = 1.5758

[INFO] Starting smart spline fit for: L1Inner_Nitrogen_AGL_L2QTemplate_EGE_SigmaL (22 points)
****************************************
Minimizer is Minuit2 / Migrad
Chi2                      =      21.3668
NDf                       =           16
Edm                       =  1.34685e-21
NCalls                    =           35
p0                        =     0.220567   +/-   0.0012101   
p1                        =     0.208033   +/-   0.00175515  
  [FIT] Found good fit candidate. Best segments so far: 1. Stopping search.
  [FIT] Finalizing with loop variable 'segments' = 1
****************************************
Minimizer is Minuit2 / Migrad
Chi2                      =      23.2377
NDf                       =           16
Edm                       =  5.80681e-22
NCalls                    =           35
p0                        =     0.221651   +/-   0.00141725  
p1                        =     0.207006   +/-   0.00200292  
[SUCCESS] Created final fit for L1Inner_Nitrogen_AGL_L2QTemplate_EGE_SigmaL_spline with chi2/ndf = 1.33543
begin drawing Nitrogen L1Inner AGL EGE_SigmaL

[INFO] Starting smart spline fit for: L1Inner_Nitrogen_AGL_L1QTemplate_EGE_SigmaR (22 points)
****************************************
Minimizer is Minuit2 / Migrad
Chi2                      =      164.184
NDf                       =           20
Edm                       =   3.3199e-21
NCalls                    =           35
p0                        =     0.248752   +/-   0.00101675  
p1                        =     0.232511   +/-   0.00140661  
****************************************
Minimizer is Minuit2 / Migrad
Chi2                      =      97.5357
NDf                       =           19
Edm                       =  1.42972e-21
NCalls                    =           57
p0                        =     0.254398   +/-   0.00122961  
p1                        =     0.235231   +/-   0.000870898 
p2                        =     0.248542   +/-   0.00241547  
****************************************
Minimizer is Minuit2 / Migrad
Chi2                      =       83.973
NDf                       =           18
Edm                       =  5.01403e-09
NCalls                    =           94
p0                        =     0.252088   +/-   0.00138171  
p1                        =     0.242227   +/-   0.00101444  
p2                        =     0.234781   +/-   0.00126661  
p3                        =     0.256498   +/-   0.00312363  
****************************************
Minimizer is Minuit2 / Migrad
Chi2                      =      79.2943
NDf                       =           17
Edm                       =   1.2286e-07
NCalls                    =          117
p0                        =     0.250696   +/-   0.00151543  
p1                        =      0.24872   +/-   0.00130594  
p2                        =     0.232408   +/-   0.00114775  
p3                        =     0.243657   +/-   0.00208132  
p4                        =     0.252407   +/-   0.00385969  
****************************************
Minimizer is Minuit2 / Migrad
Chi2                      =      77.6959
NDf                       =           16
Edm                       =    2.959e-07
NCalls                    =          154
p0                        =     0.251854   +/-   0.00170586  
p1                        =     0.248536   +/-   0.00173522  
p2                        =     0.240129   +/-   0.00117511  
p3                        =     0.233236   +/-   0.00133268  
p4                        =     0.249842   +/-   0.00276761  
p5                        =     0.248724   +/-   0.00460925  
  [FIT] Found good fit candidate. Best segments so far: 4. Stopping search.
  [FIT] Finalizing with loop variable 'segments' = 4
****************************************
Minimizer is Minuit2 / Migrad
Chi2                      =      81.1946
NDf                       =           17
Edm                       =  1.61229e-07
NCalls                    =          115
p0                        =     0.251769   +/-   0.00194894  
p1                        =     0.247582   +/-   0.0012514   
p2                        =     0.233057   +/-   0.00110552  
p3                        =     0.242742   +/-   0.00206795  
p4                        =      0.25533   +/-   0.00524782  
[SUCCESS] Created final fit for L1Inner_Nitrogen_AGL_L1QTemplate_EGE_SigmaR_spline with chi2/ndf = 4.66437

[INFO] Starting smart spline fit for: L1Inner_Nitrogen_AGL_L2QTemplate_EGE_SigmaR (22 points)
****************************************
Minimizer is Minuit2 / Migrad
Chi2                      =      51.8446
NDf                       =           16
Edm                       =  3.89155e-21
NCalls                    =           35
p0                        =     0.260207   +/-   0.00153546  
p1                        =     0.262796   +/-   0.00227546  
****************************************
Minimizer is Minuit2 / Migrad
Chi2                      =      50.9313
NDf                       =           15
Edm                       =  2.89408e-06
NCalls                    =           59
p0                        =     0.261122   +/-   0.00180838  
p1                        =     0.260263   +/-   0.00202974  
p2                        =     0.265168   +/-   0.00336355  
****************************************
Minimizer is Minuit2 / Migrad
Chi2                      =      31.1192
NDf                       =           14
Edm                       =  5.93092e-08
NCalls                    =           91
p0                        =     0.256362   +/-   0.00213111  
p1                        =     0.266787   +/-   0.00235239  
p2                        =     0.254788   +/-   0.00235541  
p3                        =     0.275252   +/-   0.00410253  
  [FIT] Found good fit candidate. Best segments so far: 3. Stopping search.
  [FIT] Finalizing with loop variable 'segments' = 3
****************************************
Minimizer is Minuit2 / Migrad
Chi2                      =      27.9828
NDf                       =           14
Edm                       =  2.41914e-21
NCalls                    =           82
p0                        =     0.253286   +/-   0.00275985  
p1                        =     0.265765   +/-   0.00203807  
p2                        =     0.254926   +/-   0.00229625  
p3                        =     0.283222   +/-   0.00556092  
[SUCCESS] Created final fit for L1Inner_Nitrogen_AGL_L2QTemplate_EGE_SigmaR_spline with chi2/ndf = 2.2228
begin drawing Nitrogen L1Inner AGL EGE_SigmaR
  [SUCCESS] Wrote constant TF1 'L1Inner_Nitrogen_AGL_L1QTemplate_EGE_AlphaL_spline' to file.
  [SUCCESS] Wrote constant TF1 'L1Inner_Nitrogen_AGL_L2QTemplate_EGE_AlphaL_spline' to file.
begin drawing Nitrogen L1Inner AGL EGE_AlphaL

[INFO] Starting smart spline fit for: L1Inner_Nitrogen_AGL_L1QTemplate_EGE_AlphaR (22 points)
****************************************
Minimizer is Minuit2 / Migrad
Chi2                      =      189.926
NDf                       =           20
Edm                       =  6.54971e-22
NCalls                    =           33
p0                        =      1.28227   +/-   0.00775388  
p1                        =      1.18705   +/-   0.011566    
****************************************
Minimizer is Minuit2 / Migrad
Chi2                      =      149.538
NDf                       =           19
Edm                       =  2.25792e-10
NCalls                    =           58
p0                        =      1.31225   +/-   0.0090765   
p1                        =      1.20232   +/-   0.00711666  
p2                        =       1.3294   +/-   0.0252103   
****************************************
Minimizer is Minuit2 / Migrad
Chi2                      =       130.12
NDf                       =           18
Edm                       =   4.1503e-21
NCalls                    =           93
p0                        =      1.29261   +/-   0.0101252   
p1                        =      1.24611   +/-   0.00897845  
p2                        =      1.21823   +/-   0.00974592  
p3                        =      1.45702   +/-   0.0373822   
****************************************
Minimizer is Minuit2 / Migrad
Chi2                      =      129.202
NDf                       =           17
Edm                       =  1.13199e-20
NCalls                    =          112
p0                        =      1.28274   +/-   0.0113248   
p1                        =       1.2866   +/-   0.0109132   
p2                        =      1.17908   +/-   0.00957522  
p3                        =      1.30399   +/-   0.0183119   
p4                        =       1.3874   +/-   0.0495158   
****************************************
Minimizer is Minuit2 / Migrad
Chi2                      =      103.995
NDf                       =           16
Edm                       =  7.08824e-21
NCalls                    =          149
p0                        =      1.32103   +/-   0.0139355   
p1                        =      1.23888   +/-   0.0152063   
p2                        =      1.25746   +/-   0.0112031   
p3                        =      1.19056   +/-   0.00961244  
p4                        =      1.39964   +/-   0.0248958   
p5                        =      1.28619   +/-   0.0579941   
****************************************
Minimizer is Minuit2 / Migrad
Chi2                      =      88.0802
NDf                       =           15
Edm                       =  3.79513e-06
NCalls                    =          175
p0                        =      1.35341   +/-   0.0160991   
p1                        =      1.22154   +/-   0.014583    
p2                        =      1.27597   +/-   0.0101249   
p3                        =       1.1543   +/-   0.0111508   
p4                        =      1.26574   +/-   0.0150634   
p5                        =       1.3503   +/-   0.0319922   
p6                        =      1.35988   +/-   0.0657933   
****************************************
Minimizer is Minuit2 / Migrad
Chi2                      =      82.2824
NDf                       =           14
Edm                       =  2.98533e-06
NCalls                    =          201
p0                        =      1.35244   +/-   0.0168503   
p1                        =      1.22322   +/-   0.0150569   
p2                        =      1.27072   +/-   0.011804    
p3                        =      1.22201   +/-   0.0155072   
p4                        =      1.16644   +/-   0.00980018  
p5                        =      1.32823   +/-   0.0200421   
p6                        =      1.32101   +/-   0.0354863   
p7                        =       1.3869   +/-   0.0676435   
  [FIT] No fit met threshold. Falling back to best chi2/ndf.
  [FIT] Finalizing with loop variable 'segments' = 6
****************************************
Minimizer is Minuit2 / Migrad
Chi2                      =      80.2148
NDf                       =           15
Edm                       =  7.25012e-08
NCalls                    =          174
p0                        =      1.39956   +/-   0.0215545   
p1                        =      1.22673   +/-   0.0125488   
p2                        =       1.2743   +/-   0.00996576  
p3                        =       1.1553   +/-   0.0110776   
p4                        =      1.26452   +/-   0.0150157   
p5                        =      1.35117   +/-   0.0327566   
p6                        =      1.36104   +/-   0.0878437   
[SUCCESS] Created final fit for L1Inner_Nitrogen_AGL_L1QTemplate_EGE_AlphaR_spline with chi2/ndf = 5.87201

[INFO] Starting smart spline fit for: L1Inner_Nitrogen_AGL_L2QTemplate_EGE_AlphaR (22 points)
****************************************
Minimizer is Minuit2 / Migrad
Chi2                      =      77.9017
NDf                       =           16
Edm                       =  1.12992e-22
NCalls                    =           31
p0                        =      1.31071   +/-   0.0181822   
p1                        =      1.41837   +/-   0.0300481   
****************************************
Minimizer is Minuit2 / Migrad
Chi2                      =      75.8959
NDf                       =           15
Edm                       =  5.59829e-12
NCalls                    =           59
p0                        =      1.32345   +/-   0.0202862   
p1                        =      1.34716   +/-   0.0260772   
p2                        =         1.48   +/-   0.0528814   
****************************************
Minimizer is Minuit2 / Migrad
Chi2                      =      32.4052
NDf                       =           14
Edm                       =  1.11186e-07
NCalls                    =           78
p0                        =      1.26141   +/-   0.0226131   
p1                        =      1.46149   +/-   0.0327641   
p2                        =      1.28627   +/-   0.0277348   
p3                        =      1.80575   +/-   0.0734714   
  [FIT] Found good fit candidate. Best segments so far: 3. Stopping search.
  [FIT] Finalizing with loop variable 'segments' = 3
****************************************
Minimizer is Minuit2 / Migrad
Chi2                      =      25.9149
NDf                       =           14
Edm                       =  1.15098e-22
NCalls                    =           80
p0                        =      1.22039   +/-   0.0278961   
p1                        =      1.43561   +/-   0.0278807   
p2                        =      1.29104   +/-   0.027017    
p3                        =      2.03358   +/-   0.103226    
[SUCCESS] Created final fit for L1Inner_Nitrogen_AGL_L2QTemplate_EGE_AlphaR_spline with chi2/ndf = 2.31466
begin drawing Nitrogen L1Inner AGL EGE_AlphaR
begin drawing Nitrogen L1Inner AGL EGE_Chi2NDF

[INFO] Starting smart spline fit for: UnbiasedL1Inner_Nitrogen_TOF_L1QTemplate_LG_Width (7 points)
****************************************
Minimizer is Minuit2 / Migrad
Chi2                      =      91.9218
NDf                       =            5
Edm                       =  8.54542e-23
NCalls                    =           31
p0                        =    0.0287074   +/-   0.000957359 
p1                        =     0.031229   +/-   0.000769347 
****************************************
Minimizer is Minuit2 / Migrad
Chi2                      =      24.9707
NDf                       =            4
Edm                       =  1.66381e-22
NCalls                    =           53
p0                        =    0.0354051   +/-   0.00125959  
p1                        =    0.0247216   +/-   0.000820565 
p2                        =    0.0363564   +/-   0.000992263 
****************************************
Minimizer is Minuit2 / Migrad
Chi2                      =      3.28593
NDf                       =            3
Edm                       =  1.19562e-07
NCalls                    =           87
p0                        =    0.0319189   +/-   0.00150853  
p1                        =    0.0290051   +/-   0.00101543  
p2                        =    0.0245537   +/-   0.000941584 
p3                        =     0.039331   +/-   0.00117055  
  [FIT] Found good fit candidate. Best segments so far: 3. Stopping search.
  [FIT] Finalizing with loop variable 'segments' = 3
****************************************
Minimizer is Minuit2 / Migrad
Chi2                      =      8.38972
NDf                       =            3
Edm                       =  4.92431e-22
NCalls                    =           80
p0                        =    0.0326936   +/-   0.00213431  
p1                        =    0.0286405   +/-   0.000959852 
p2                        =    0.0251054   +/-   0.000897808 
p3                        =    0.0429608   +/-   0.00156874  
[SUCCESS] Created final fit for UnbiasedL1Inner_Nitrogen_TOF_L1QTemplate_LG_Width_spline with chi2/ndf = 1.09531

[INFO] Starting smart spline fit for: UnbiasedL1Inner_Nitrogen_TOF_L2QTemplate_LG_Width (7 points)
****************************************
Minimizer is Minuit2 / Migrad
Chi2                      =      29.4521
NDf                       =            5
Edm                       =  2.75384e-23
NCalls                    =           31
p0                        =    0.0147926   +/-   0.00136347  
p1                        =    0.0244512   +/-   0.00107033  
****************************************
Minimizer is Minuit2 / Migrad
Chi2                      =      27.6363
NDf                       =            4
Edm                       =  8.98976e-08
NCalls                    =           59
p0                        =    0.0163293   +/-   0.0017777   
p1                        =    0.0190967   +/-   0.00115244  
p2                        =    0.0256191   +/-   0.00137738  
****************************************
Minimizer is Minuit2 / Migrad
Chi2                      =      6.58412
NDf                       =            3
Edm                       =  2.24404e-23
NCalls                    =           80
p0                        =    0.0117206   +/-   0.0020896   
p1                        =    0.0217906   +/-   0.00144     
p2                        =    0.0170497   +/-   0.00133882  
p3                        =     0.029703   +/-   0.00164472  
  [FIT] Found good fit candidate. Best segments so far: 3. Stopping search.
  [FIT] Finalizing with loop variable 'segments' = 3
****************************************
Minimizer is Minuit2 / Migrad
Chi2                      =      7.86793
NDf                       =            3
Edm                       =  9.45646e-08
NCalls                    =           88
p0                        =    0.0091429   +/-   0.0029368   
p1                        =    0.0209926   +/-   0.00136993  
p2                        =    0.0176238   +/-   0.00126819  
p3                        =    0.0331154   +/-   0.00222212  
[SUCCESS] Created final fit for UnbiasedL1Inner_Nitrogen_TOF_L2QTemplate_LG_Width_spline with chi2/ndf = 2.19471
begin drawing Nitrogen UnbiasedL1Inner TOF LG_Width

[INFO] Starting smart spline fit for: UnbiasedL1Inner_Nitrogen_TOF_L1QTemplate_LG_MPV (7 points)
****************************************
Minimizer is Minuit2 / Migrad
Chi2                      =      79.4354
NDf                       =            5
Edm                       =  5.97261e-18
NCalls                    =           43
p0                        =      6.93974   +/-   0.00150953  
p1                        =      6.92805   +/-   0.00118026  
****************************************
Minimizer is Minuit2 / Migrad
Chi2                      =      45.1354
NDf                       =            4
Edm                       =  1.25086e-18
NCalls                    =           73
p0                        =      6.93201   +/-   0.00200421  
p1                        =      6.93992   +/-   0.00141062  
p2                        =      6.92312   +/-   0.00144972  
****************************************
Minimizer is Minuit2 / Migrad
Chi2                      =      3.70261
NDf                       =            3
Edm                       =  4.45362e-18
NCalls                    =          113
p0                        =      6.93988   +/-   0.00238767  
p1                        =      6.93344   +/-   0.0016318   
p2                        =      6.94286   +/-   0.00166118  
p3                        =      6.91751   +/-   0.00169274  
  [FIT] Found good fit candidate. Best segments so far: 3. Stopping search.
  [FIT] Finalizing with loop variable 'segments' = 3
****************************************
Minimizer is Minuit2 / Migrad
Chi2                      =       9.9082
NDf                       =            3
Edm                       =  1.87799e-17
NCalls                    =          104
p0                        =      6.94234   +/-   0.00337918  
p1                        =      6.93421   +/-   0.00154158  
p2                        =      6.94139   +/-   0.00156158  
p3                        =      6.91157   +/-   0.00229288  
[SUCCESS] Created final fit for UnbiasedL1Inner_Nitrogen_TOF_L1QTemplate_LG_MPV_spline with chi2/ndf = 1.2342

[INFO] Starting smart spline fit for: UnbiasedL1Inner_Nitrogen_TOF_L2QTemplate_LG_MPV (7 points)
****************************************
Minimizer is Minuit2 / Migrad
Chi2                      =       34.288
NDf                       =            5
Edm                       =  1.06225e-17
NCalls                    =           43
p0                        =      6.98246   +/-   0.00276285  
p1                        =      6.94357   +/-   0.00192866  
****************************************
Minimizer is Minuit2 / Migrad
Chi2                      =      32.5176
NDf                       =            4
Edm                       =  1.13654e-17
NCalls                    =           69
p0                        =      6.97902   +/-   0.00378324  
p1                        =      6.96245   +/-   0.00221147  
p2                        =       6.9418   +/-   0.00234126  
****************************************
Minimizer is Minuit2 / Migrad
Chi2                      =      4.86219
NDf                       =            3
Edm                       =  2.71761e-18
NCalls                    =          104
p0                        =      6.99053   +/-   0.004462    
p1                        =      6.96056   +/-   0.00269064  
p2                        =      6.96503   +/-   0.0027407   
p3                        =      6.93449   +/-   0.00273452  
  [FIT] Found good fit candidate. Best segments so far: 3. Stopping search.
  [FIT] Finalizing with loop variable 'segments' = 3
****************************************
Minimizer is Minuit2 / Migrad
Chi2                      =      6.59901
NDf                       =            3
Edm                       =  3.27815e-18
NCalls                    =          100
p0                        =      6.99807   +/-   0.00619936  
p1                        =      6.96214   +/-   0.0025796   
p2                        =      6.96343   +/-   0.00256912  
p3                        =       6.9272   +/-   0.00372122  
[SUCCESS] Created final fit for UnbiasedL1Inner_Nitrogen_TOF_L2QTemplate_LG_MPV_spline with chi2/ndf = 1.62073
begin drawing Nitrogen UnbiasedL1Inner TOF LG_MPV

[INFO] Starting smart spline fit for: UnbiasedL1Inner_Nitrogen_TOF_L1QTemplate_LG_Sigma (7 points)
****************************************
Minimizer is Minuit2 / Migrad
Chi2                      =      74.7754
NDf                       =            5
Edm                       =  5.03722e-21
NCalls                    =           35
p0                        =     0.222911   +/-   0.00113277  
p1                        =     0.225949   +/-   0.000895253 
****************************************
Minimizer is Minuit2 / Migrad
Chi2                      =       46.646
NDf                       =            4
Edm                       =  1.19347e-19
NCalls                    =           57
p0                        =     0.217647   +/-   0.00150617  
p1                        =     0.228649   +/-   0.000936614 
p2                        =     0.222012   +/-   0.001163    
****************************************
Minimizer is Minuit2 / Migrad
Chi2                      =      1.52023
NDf                       =            3
Edm                       =  3.65664e-07
NCalls                    =           94
p0                        =     0.223979   +/-   0.00181106  
p1                        =     0.221404   +/-   0.00116598  
p2                        =     0.232485   +/-   0.00107043  
p3                        =     0.217125   +/-   0.0013761   
  [FIT] Found good fit candidate. Best segments so far: 3. Stopping search.
  [FIT] Finalizing with loop variable 'segments' = 3
****************************************
Minimizer is Minuit2 / Migrad
Chi2                      =       5.5946
NDf                       =            3
Edm                       =  2.41856e-20
NCalls                    =           88
p0                        =      0.22568   +/-   0.00255678  
p1                        =     0.221963   +/-   0.0011049   
p2                        =     0.231817   +/-   0.00102246  
p3                        =     0.212884   +/-   0.00184288  
[SUCCESS] Created final fit for UnbiasedL1Inner_Nitrogen_TOF_L1QTemplate_LG_Sigma_spline with chi2/ndf = 0.506744

[INFO] Starting smart spline fit for: UnbiasedL1Inner_Nitrogen_TOF_L2QTemplate_LG_Sigma (7 points)
****************************************
Minimizer is Minuit2 / Migrad
Chi2                      =      24.5262
NDf                       =            5
Edm                       =  9.85441e-23
NCalls                    =           35
p0                        =      0.20953   +/-   0.00149792  
p1                        =     0.228854   +/-   0.0011878   
****************************************
Minimizer is Minuit2 / Migrad
Chi2                      =      21.0774
NDf                       =            4
Edm                       =  5.24524e-20
NCalls                    =           59
p0                        =     0.207157   +/-   0.00196882  
p1                        =     0.222528   +/-   0.00125355  
p2                        =     0.227015   +/-   0.00154656  
****************************************
Minimizer is Minuit2 / Migrad
Chi2                      =      9.60037
NDf                       =            3
Edm                       =  3.88318e-06
NCalls                    =           93
p0                        =     0.210974   +/-   0.00234369  
p1                        =     0.214364   +/-   0.00156922  
p2                        =     0.228877   +/-   0.00144213  
p3                        =     0.223573   +/-   0.0018519   
****************************************
Minimizer is Minuit2 / Migrad
Chi2                      =      7.05107
NDf                       =            2
Edm                       =  1.53304e-07
NCalls                    =          117
p0                        =     0.207824   +/-   0.00286061  
p1                        =     0.212901   +/-   0.00183437  
p2                        =     0.220541   +/-   0.00154625  
p3                        =     0.230241   +/-   0.00149701  
p4                        =     0.220954   +/-   0.00223859  
  [FIT] Found good fit candidate. Best segments so far: 3. Stopping search.
  [FIT] Finalizing with loop variable 'segments' = 3
****************************************
Minimizer is Minuit2 / Migrad
Chi2                      =      9.42295
NDf                       =            3
Edm                       =  2.47502e-20
NCalls                    =           90
p0                        =     0.210485   +/-   0.00330444  
p1                        =     0.214996   +/-   0.00148733  
p2                        =     0.228549   +/-   0.0013697   
p3                        =     0.221244   +/-   0.00249735  
[SUCCESS] Created final fit for UnbiasedL1Inner_Nitrogen_TOF_L2QTemplate_LG_Sigma_spline with chi2/ndf = 3.20012
begin drawing Nitrogen UnbiasedL1Inner TOF LG_Sigma
begin drawing Nitrogen UnbiasedL1Inner TOF LG_Chi2NDF

[INFO] Starting smart spline fit for: UnbiasedL1Inner_Nitrogen_TOF_L1QTemplate_EGE_Peak (7 points)
****************************************
Minimizer is Minuit2 / Migrad
Chi2                      =      93.1217
NDf                       =            5
Edm                       =  2.57527e-17
NCalls                    =           43
p0                        =      6.99959   +/-   0.0020756   
p1                        =      6.97447   +/-   0.00141232  
****************************************
Minimizer is Minuit2 / Migrad
Chi2                      =      39.3529
NDf                       =            4
Edm                       =  3.52678e-18
NCalls                    =           71
p0                        =      6.98663   +/-   0.00272606  
p1                        =      6.99502   +/-   0.00165619  
p2                        =      6.96587   +/-   0.00183546  
****************************************
Minimizer is Minuit2 / Migrad
Chi2                      =      34.1225
NDf                       =            3
Edm                       =  3.72472e-17
NCalls                    =          121
p0                        =      6.99199   +/-   0.00335664  
p1                        =      6.99218   +/-   0.00228155  
p2                        =      6.98904   +/-   0.00170717  
p3                        =      6.96271   +/-   0.00214889  
****************************************
Minimizer is Minuit2 / Migrad
Chi2                      =      3.48315
NDf                       =            2
Edm                       =  2.35696e-11
NCalls                    =          106
p0                        =      7.00497   +/-   0.00415138  
p1                        =      6.98252   +/-   0.00245808  
p2                        =      7.00035   +/-   0.0020508   
p3                        =      6.97134   +/-   0.0018129   
p4                        =      6.96737   +/-   0.00256899  
  [FIT] Found good fit candidate. Best segments so far: 4. Stopping search.
  [FIT] Finalizing with loop variable 'segments' = 4
****************************************
Minimizer is Minuit2 / Migrad
Chi2                      =      2.75267
NDf                       =            2
Edm                       =  1.41208e-06
NCalls                    =          135
p0                        =      7.01677   +/-   0.00615937  
p1                        =      6.98219   +/-   0.00248279  
p2                        =      7.00021   +/-   0.00202717  
p3                        =      6.97148   +/-   0.00185692  
p4                        =      6.96756   +/-   0.00362749  
[SUCCESS] Created final fit for UnbiasedL1Inner_Nitrogen_TOF_L1QTemplate_EGE_Peak_spline with chi2/ndf = 1.74158

[INFO] Starting smart spline fit for: UnbiasedL1Inner_Nitrogen_TOF_L2QTemplate_EGE_Peak (7 points)
****************************************
Minimizer is Minuit2 / Migrad
Chi2                      =      27.9835
NDf                       =            5
Edm                       =  2.85526e-18
NCalls                    =           43
p0                        =      7.01115   +/-   0.00218445  
p1                        =      6.98538   +/-   0.0018466   
****************************************
Minimizer is Minuit2 / Migrad
Chi2                      =      18.2843
NDf                       =            4
Edm                       =  6.45999e-18
NCalls                    =           73
p0                        =       7.0051   +/-   0.00292259  
p1                        =      7.00149   +/-   0.0020134   
p2                        =      6.98051   +/-   0.00242038  
****************************************
Minimizer is Minuit2 / Migrad
Chi2                      =      4.57773
NDf                       =            3
Edm                       =  3.52226e-09
NCalls                    =          108
p0                        =      7.01256   +/-   0.00359236  
p1                        =      6.99956   +/-   0.00236924  
p2                        =      6.99977   +/-   0.0022047   
p3                        =      6.97486   +/-   0.00287211  
  [FIT] Found good fit candidate. Best segments so far: 3. Stopping search.
  [FIT] Finalizing with loop variable 'segments' = 3
****************************************
Minimizer is Minuit2 / Migrad
Chi2                      =      7.23321
NDf                       =            3
Edm                       =  8.53962e-18
NCalls                    =          100
p0                        =      7.01576   +/-   0.00513664  
p1                        =      7.00045   +/-   0.00221427  
p2                        =      6.99865   +/-   0.00210576  
p3                        =      6.96942   +/-   0.00384454  
[SUCCESS] Created final fit for UnbiasedL1Inner_Nitrogen_TOF_L2QTemplate_EGE_Peak_spline with chi2/ndf = 1.52591
begin drawing Nitrogen UnbiasedL1Inner TOF EGE_Peak

[INFO] Starting smart spline fit for: UnbiasedL1Inner_Nitrogen_TOF_L1QTemplate_EGE_SigmaL (7 points)
****************************************
Minimizer is Minuit2 / Migrad
Chi2                      =      82.9828
NDf                       =            5
Edm                       =  1.52285e-21
NCalls                    =           35
p0                        =     0.237899   +/-   0.00145573  
p1                        =     0.231711   +/-   0.0010217   
****************************************
Minimizer is Minuit2 / Migrad
Chi2                      =      38.0089
NDf                       =            4
Edm                       =  2.02489e-21
NCalls                    =           55
p0                        =     0.229869   +/-   0.00188491  
p1                        =     0.240888   +/-   0.00119436  
p2                        =      0.22598   +/-   0.00133192  
****************************************
Minimizer is Minuit2 / Migrad
Chi2                      =      25.3625
NDf                       =            3
Edm                       =  5.30641e-08
NCalls                    =           94
p0                        =     0.234995   +/-   0.00232978  
p1                        =     0.235204   +/-   0.00168     
p2                        =     0.240033   +/-   0.00124821  
p3                        =     0.222828   +/-   0.00156822  
****************************************
Minimizer is Minuit2 / Migrad
Chi2                      =     0.392388
NDf                       =            2
Edm                       =  1.94965e-07
NCalls                    =          116
p0                        =     0.243126   +/-   0.00287072  
p1                        =      0.22794   +/-   0.00173711  
p2                        =     0.243993   +/-   0.00144675  
p3                        =     0.229346   +/-   0.00130204  
p4                        =     0.225899   +/-   0.0018769   
  [FIT] Found good fit candidate. Best segments so far: 4. Stopping search.
  [FIT] Finalizing with loop variable 'segments' = 4
****************************************
Minimizer is Minuit2 / Migrad
Chi2                      =     0.288132
NDf                       =            2
Edm                       =   3.0255e-20
NCalls                    =          139
p0                        =     0.251051   +/-   0.00427208  
p1                        =     0.227801   +/-   0.00175158  
p2                        =     0.243916   +/-   0.00143301  
p3                        =     0.229467   +/-   0.00133294  
p4                        =     0.225555   +/-   0.00264804  
[SUCCESS] Created final fit for UnbiasedL1Inner_Nitrogen_TOF_L1QTemplate_EGE_SigmaL_spline with chi2/ndf = 0.196194

[INFO] Starting smart spline fit for: UnbiasedL1Inner_Nitrogen_TOF_L2QTemplate_EGE_SigmaL (7 points)
****************************************
Minimizer is Minuit2 / Migrad
Chi2                      =      20.1544
NDf                       =            5
Edm                       =  1.35222e-21
NCalls                    =           35
p0                        =     0.211055   +/-   0.00158754  
p1                        =     0.231984   +/-   0.0013013   
****************************************
Minimizer is Minuit2 / Migrad
Chi2                      =      11.3896
NDf                       =            4
Edm                       =  1.05383e-21
NCalls                    =           55
p0                        =     0.206846   +/-   0.00213124  
p1                        =     0.226657   +/-   0.00144925  
p2                        =     0.228755   +/-   0.00169791  
****************************************
Minimizer is Minuit2 / Migrad
Chi2                      =      7.50775
NDf                       =            3
Edm                       =  2.83299e-06
NCalls                    =           92
p0                        =     0.209582   +/-   0.00260482  
p1                        =     0.218901   +/-   0.00169656  
p2                        =     0.231217   +/-   0.00157289  
p3                        =     0.226566   +/-   0.00201731  
  [FIT] Found good fit candidate. Best segments so far: 2. Stopping search.
  [FIT] Finalizing with loop variable 'segments' = 2
****************************************
Minimizer is Minuit2 / Migrad
Chi2                      =      13.5501
NDf                       =            4
Edm                       =   2.4309e-21
NCalls                    =           55
p0                        =     0.201735   +/-   0.00286577  
p1                        =     0.226147   +/-   0.00131053  
p2                        =     0.228887   +/-   0.00217556  
[SUCCESS] Created final fit for UnbiasedL1Inner_Nitrogen_TOF_L2QTemplate_EGE_SigmaL_spline with chi2/ndf = 2.8474
begin drawing Nitrogen UnbiasedL1Inner TOF EGE_SigmaL

[INFO] Starting smart spline fit for: UnbiasedL1Inner_Nitrogen_TOF_L1QTemplate_EGE_SigmaR (7 points)
****************************************
Minimizer is Minuit2 / Migrad
Chi2                      =      84.5569
NDf                       =            5
Edm                       =  6.12932e-21
NCalls                    =           33
p0                        =     0.246925   +/-   0.00235365  
p1                        =     0.277604   +/-   0.00119016  
****************************************
Minimizer is Minuit2 / Migrad
Chi2                      =      40.6758
NDf                       =            4
Edm                       =  2.18978e-22
NCalls                    =           61
p0                        =     0.260031   +/-   0.00307479  
p1                        =     0.255947   +/-   0.00162834  
p2                        =     0.284474   +/-   0.00157861  
****************************************
Minimizer is Minuit2 / Migrad
Chi2                      =      33.2117
NDf                       =            3
Edm                       =  3.51782e-22
NCalls                    =           88
p0                        =     0.267549   +/-   0.0038894   
p1                        =     0.245846   +/-   0.00270014  
p2                        =     0.267971   +/-   0.00140052  
p3                        =     0.281682   +/-   0.00182651  
****************************************
Minimizer is Minuit2 / Migrad
Chi2                      =      14.8429
NDf                       =            2
Edm                       =  4.06117e-08
NCalls                    =          124
p0                        =     0.255087   +/-   0.00486028  
p1                        =     0.259614   +/-   0.00279758  
p2                        =     0.249021   +/-   0.0021239   
p3                        =     0.281726   +/-   0.00149527  
p4                        =      0.27713   +/-   0.00219272  
****************************************
Minimizer is Minuit2 / Migrad
Chi2                      =     0.195456
NDf                       =            1
Edm                       =  2.21072e-06
NCalls                    =          151
p0                        =      0.24784   +/-   0.00520892  
p1                        =     0.264571   +/-   0.0030812   
p2                        =     0.240803   +/-   0.00311782  
p3                        =      0.26942   +/-   0.00155718  
p4                        =     0.278896   +/-   0.00177435  
p5                        =     0.279498   +/-   0.00234587  
  [FIT] No fit met threshold. Falling back to best chi2/ndf.
  [FIT] Finalizing with loop variable 'segments' = 5
****************************************
Minimizer is Minuit2 / Migrad
Chi2                      =     0.147342
NDf                       =            1
Edm                       =   5.1451e-20
NCalls                    =          165
p0                        =     0.235263   +/-   0.00812802  
p1                        =     0.264563   +/-   0.00307619  
p2                        =     0.240645   +/-   0.00311566  
p3                        =     0.269391   +/-   0.00155737  
p4                        =     0.278918   +/-   0.00178211  
p5                        =      0.27893   +/-   0.00354443  
[SUCCESS] Created final fit for UnbiasedL1Inner_Nitrogen_TOF_L1QTemplate_EGE_SigmaR_spline with chi2/ndf = 0.195456

[INFO] Starting smart spline fit for: UnbiasedL1Inner_Nitrogen_TOF_L2QTemplate_EGE_SigmaR (7 points)
****************************************
Minimizer is Minuit2 / Migrad
Chi2                      =       18.255
NDf                       =            5
Edm                       =  8.70831e-21
NCalls                    =           37
p0                        =      0.23645   +/-   0.00190777  
p1                        =     0.268015   +/-   0.00180699  
****************************************
Minimizer is Minuit2 / Migrad
Chi2                      =       13.247
NDf                       =            4
Edm                       =  2.09479e-21
NCalls                    =           53
p0                        =     0.240333   +/-   0.0025789   
p1                        =     0.250749   +/-   0.00203832  
p2                        =     0.271772   +/-   0.00246648  
****************************************
Minimizer is Minuit2 / Migrad
Chi2                      =       7.8806
NDf                       =            3
Edm                       =  3.96659e-20
NCalls                    =           88
p0                        =     0.235449   +/-   0.00329246  
p1                        =     0.248784   +/-   0.00230881  
p2                        =     0.255642   +/-   0.00205426  
p3                        =     0.275476   +/-   0.00295274  
  [FIT] Found good fit candidate. Best segments so far: 3. Stopping search.
  [FIT] Finalizing with loop variable 'segments' = 3
****************************************
Minimizer is Minuit2 / Migrad
Chi2                      =      9.33151
NDf                       =            3
Edm                       =  2.54304e-20
NCalls                    =           88
p0                        =     0.231951   +/-   0.00478432  
p1                        =     0.248384   +/-   0.00209522  
p2                        =     0.256466   +/-   0.00197105  
p3                        =     0.279226   +/-   0.00394555  
[SUCCESS] Created final fit for UnbiasedL1Inner_Nitrogen_TOF_L2QTemplate_EGE_SigmaR_spline with chi2/ndf = 2.62687
begin drawing Nitrogen UnbiasedL1Inner TOF EGE_SigmaR
  [SUCCESS] Wrote constant TF1 'UnbiasedL1Inner_Nitrogen_TOF_L1QTemplate_EGE_AlphaL_spline' to file.
  [SUCCESS] Wrote constant TF1 'UnbiasedL1Inner_Nitrogen_TOF_L2QTemplate_EGE_AlphaL_spline' to file.
begin drawing Nitrogen UnbiasedL1Inner TOF EGE_AlphaL

[INFO] Starting smart spline fit for: UnbiasedL1Inner_Nitrogen_TOF_L1QTemplate_EGE_AlphaR (7 points)
****************************************
Minimizer is Minuit2 / Migrad
Chi2                      =      93.8005
NDf                       =            5
Edm                       =  1.16632e-21
NCalls                    =           33
p0                        =      1.26404   +/-   0.0237343   
p1                        =      1.49552   +/-   0.0104799   
****************************************
Minimizer is Minuit2 / Migrad
Chi2                      =      90.0494
NDf                       =            4
Edm                       =  2.24882e-22
NCalls                    =           59
p0                        =      1.22643   +/-   0.0306681   
p1                        =      1.42364   +/-   0.0167137   
p2                        =       1.4777   +/-   0.0139454   
****************************************
Minimizer is Minuit2 / Migrad
Chi2                      =       34.633
NDf                       =            3
Edm                       =  7.85927e-22
NCalls                    =           80
p0                        =      1.35738   +/-   0.0360952   
p1                        =      1.21821   +/-   0.0260148   
p2                        =      1.51941   +/-   0.0141612   
p3                        =      1.40531   +/-   0.0170714   
****************************************
Minimizer is Minuit2 / Migrad
Chi2                      =      45.7325
NDf                       =            2
Edm                       =  5.52853e-08
NCalls                    =          112
p0                        =      1.30494   +/-   0.0437466   
p1                        =      1.26439   +/-   0.0320075   
p2                        =      1.36235   +/-   0.0213017   
p3                        =      1.51645   +/-   0.0118758   
p4                        =      1.37905   +/-   0.0209627   
****************************************
Minimizer is Minuit2 / Migrad
Chi2                      =    0.0423745
NDf                       =            1
Edm                       =  2.52382e-21
NCalls                    =          165
p0                        =      1.17282   +/-   0.048614    
p1                        =      1.41118   +/-   0.0395319   
p2                        =      1.16644   +/-   0.0286108   
p3                        =      1.55181   +/-   0.0168571   
p4                        =      1.48504   +/-   0.0129542   
p5                        =       1.4189   +/-   0.0220233   
  [FIT] No fit met threshold. Falling back to best chi2/ndf.
  [FIT] Finalizing with loop variable 'segments' = 5
****************************************
Minimizer is Minuit2 / Migrad
Chi2                      =    0.0810905
NDf                       =            1
Edm                       =  5.93276e-21
NCalls                    =          159
p0                        =      1.01149   +/-   0.0813564   
p1                        =      1.41115   +/-   0.0395339   
p2                        =      1.16495   +/-   0.0285925   
p3                        =       1.5513   +/-   0.0168577   
p4                        =      1.48518   +/-   0.0130053   
p5                        =      1.41092   +/-   0.0321677   
[SUCCESS] Created final fit for UnbiasedL1Inner_Nitrogen_TOF_L1QTemplate_EGE_AlphaR_spline with chi2/ndf = 0.0423745

[INFO] Starting smart spline fit for: UnbiasedL1Inner_Nitrogen_TOF_L2QTemplate_EGE_AlphaR (7 points)
****************************************
Minimizer is Minuit2 / Migrad
Chi2                      =       23.845
NDf                       =            5
Edm                       =  1.42979e-22
NCalls                    =           31
p0                        =      1.58335   +/-   0.085229    
p1                        =      1.54428   +/-   0.0452774   
****************************************
Minimizer is Minuit2 / Migrad
Chi2                      =      17.2733
NDf                       =            4
Edm                       =  1.69229e-08
NCalls                    =           59
p0                        =      1.82039   +/-   0.125751    
p1                        =       1.4865   +/-   0.0443485   
p2                        =      1.61587   +/-   0.0531956   
****************************************
Minimizer is Minuit2 / Migrad
Chi2                      =      14.6385
NDf                       =            3
Edm                       =  1.98504e-22
NCalls                    =           80
p0                        =      1.91673   +/-   0.139628    
p1                        =      1.42823   +/-   0.0820041   
p2                        =      1.60295   +/-   0.0652639   
p3                        =      1.55965   +/-   0.0610539   
****************************************
Minimizer is Minuit2 / Migrad
Chi2                      =      4.38968
NDf                       =            2
Edm                       =  2.86578e-06
NCalls                    =           99
p0                        =      1.69666   +/-   0.164067    
p1                        =      1.94376   +/-   0.154666    
p2                        =      1.41789   +/-   0.0490037   
p3                        =      1.75875   +/-   0.0681793   
p4                        =      1.45607   +/-   0.0712948   
  [FIT] Found good fit candidate. Best segments so far: 4. Stopping search.
  [FIT] Finalizing with loop variable 'segments' = 4
****************************************
Minimizer is Minuit2 / Migrad
Chi2                      =      4.90638
NDf                       =            2
Edm                       =  6.71284e-06
NCalls                    =          100
p0                        =        1.537   +/-   0.260111    
p1                        =       1.9473   +/-   0.161663    
p2                        =      1.42051   +/-   0.0488323   
p3                        =      1.76004   +/-   0.0697423   
p4                        =      1.33107   +/-   0.105573    
[SUCCESS] Created final fit for UnbiasedL1Inner_Nitrogen_TOF_L2QTemplate_EGE_AlphaR_spline with chi2/ndf = 2.19484
begin drawing Nitrogen UnbiasedL1Inner TOF EGE_AlphaR
begin drawing Nitrogen UnbiasedL1Inner TOF EGE_Chi2NDF

[INFO] Starting smart spline fit for: UnbiasedL1Inner_Nitrogen_NaF_L1QTemplate_LG_Width (16 points)
****************************************
Minimizer is Minuit2 / Migrad
Chi2                      =      34.5613
NDf                       =           14
Edm                       =  3.04209e-23
NCalls                    =           31
p0                        =    0.0311248   +/-   0.00175407  
p1                        =    0.0323971   +/-   0.00148477  
****************************************
Minimizer is Minuit2 / Migrad
Chi2                      =      29.4832
NDf                       =           13
Edm                       =  2.44219e-23
NCalls                    =           53
p0                        =    0.0278416   +/-   0.00228025  
p1                        =    0.0344188   +/-   0.00143057  
p2                        =    0.0292102   +/-   0.00205053  
  [FIT] Found good fit candidate. Best segments so far: 1. Stopping search.
  [FIT] Finalizing with loop variable 'segments' = 1
****************************************
Minimizer is Minuit2 / Migrad
Chi2                      =      34.1859
NDf                       =           14
Edm                       =  2.62794e-22
NCalls                    =           31
p0                        =    0.0304347   +/-   0.00202055  
p1                        =    0.0329911   +/-   0.00173777  
[SUCCESS] Created final fit for UnbiasedL1Inner_Nitrogen_NaF_L1QTemplate_LG_Width_spline with chi2/ndf = 2.46866

[INFO] Starting smart spline fit for: UnbiasedL1Inner_Nitrogen_NaF_L2QTemplate_LG_Width (16 points)
****************************************
Minimizer is Minuit2 / Migrad
Chi2                      =      28.1044
NDf                       =           14
Edm                       =  5.26507e-23
NCalls                    =           31
p0                        =    0.0295964   +/-   0.00247405  
p1                        =    0.0349239   +/-   0.00219072  
****************************************
Minimizer is Minuit2 / Migrad
Chi2                      =      23.8346
NDf                       =           13
Edm                       =  7.13621e-23
NCalls                    =           53
p0                        =    0.0253889   +/-   0.00320422  
p1                        =    0.0360208   +/-   0.00196563  
p2                        =    0.0305704   +/-   0.00303942  
  [FIT] Found good fit candidate. Best segments so far: 1. Stopping search.
  [FIT] Finalizing with loop variable 'segments' = 1
****************************************
Minimizer is Minuit2 / Migrad
Chi2                      =      28.1264
NDf                       =           14
Edm                       =  2.74423e-23
NCalls                    =           31
p0                        =    0.0290428   +/-   0.00284495  
p1                        =     0.035495   +/-   0.00255645  
[SUCCESS] Created final fit for UnbiasedL1Inner_Nitrogen_NaF_L2QTemplate_LG_Width_spline with chi2/ndf = 2.00745
begin drawing Nitrogen UnbiasedL1Inner NaF LG_Width

[INFO] Starting smart spline fit for: UnbiasedL1Inner_Nitrogen_NaF_L1QTemplate_LG_MPV (16 points)
****************************************
Minimizer is Minuit2 / Migrad
Chi2                      =      37.6184
NDf                       =           14
Edm                       =  2.17021e-18
NCalls                    =           43
p0                        =      6.92796   +/-   0.00277473  
p1                        =      6.92508   +/-   0.00230673  
****************************************
Minimizer is Minuit2 / Migrad
Chi2                      =      29.0806
NDf                       =           13
Edm                       =  6.42873e-08
NCalls                    =           70
p0                        =      6.93545   +/-   0.0037771   
p1                        =      6.92131   +/-   0.00215688  
p2                        =      6.93143   +/-   0.00317036  
  [FIT] Found good fit candidate. Best segments so far: 1. Stopping search.
  [FIT] Finalizing with loop variable 'segments' = 1
****************************************
Minimizer is Minuit2 / Migrad
Chi2                      =      37.3976
NDf                       =           14
Edm                       =  3.71759e-19
NCalls                    =           41
p0                        =      6.92875   +/-   0.003242    
p1                        =      6.92439   +/-   0.0027225   
[SUCCESS] Created final fit for UnbiasedL1Inner_Nitrogen_NaF_L1QTemplate_LG_MPV_spline with chi2/ndf = 2.68703

[INFO] Starting smart spline fit for: UnbiasedL1Inner_Nitrogen_NaF_L2QTemplate_LG_MPV (16 points)
****************************************
Minimizer is Minuit2 / Migrad
Chi2                      =      46.1842
NDf                       =           14
Edm                       =  3.20708e-18
NCalls                    =           41
p0                        =      6.93618   +/-   0.00388926  
p1                        =       6.9148   +/-   0.00321888  
****************************************
Minimizer is Minuit2 / Migrad
Chi2                      =      25.7427
NDf                       =           13
Edm                       =  2.23275e-07
NCalls                    =           65
p0                        =      6.95168   +/-   0.0051848   
p1                        =      6.91281   +/-   0.00287418  
p2                        =      6.92987   +/-   0.00463484  
  [FIT] Found good fit candidate. Best segments so far: 2. Stopping search.
  [FIT] Finalizing with loop variable 'segments' = 2
****************************************
Minimizer is Minuit2 / Migrad
Chi2                      =      22.7726
NDf                       =           13
Edm                       =  4.98222e-06
NCalls                    =           65
p0                        =      6.96339   +/-   0.00682399  
p1                        =      6.91405   +/-   0.0026321   
p2                        =      6.93386   +/-   0.00581567  
[SUCCESS] Created final fit for UnbiasedL1Inner_Nitrogen_NaF_L2QTemplate_LG_MPV_spline with chi2/ndf = 1.98021
begin drawing Nitrogen UnbiasedL1Inner NaF LG_MPV

[INFO] Starting smart spline fit for: UnbiasedL1Inner_Nitrogen_NaF_L1QTemplate_LG_Sigma (16 points)
****************************************
Minimizer is Minuit2 / Migrad
Chi2                      =      28.1351
NDf                       =           14
Edm                       =  1.23241e-21
NCalls                    =           35
p0                        =     0.224092   +/-   0.00203766  
p1                        =     0.214399   +/-   0.00175396  
****************************************
Minimizer is Minuit2 / Migrad
Chi2                      =      26.2609
NDf                       =           13
Edm                       =  3.00743e-07
NCalls                    =           60
p0                        =     0.226375   +/-   0.00263291  
p1                        =     0.216113   +/-   0.00167741  
p2                        =     0.216676   +/-   0.00241668  
  [FIT] Found good fit candidate. Best segments so far: 1. Stopping search.
  [FIT] Finalizing with loop variable 'segments' = 1
****************************************
Minimizer is Minuit2 / Migrad
Chi2                      =      26.1755
NDf                       =           14
Edm                       =   2.9449e-22
NCalls                    =           35
p0                        =     0.225788   +/-   0.0023408   
p1                        =     0.212786   +/-   0.00204706  
[SUCCESS] Created final fit for UnbiasedL1Inner_Nitrogen_NaF_L1QTemplate_LG_Sigma_spline with chi2/ndf = 2.00965

[INFO] Starting smart spline fit for: UnbiasedL1Inner_Nitrogen_NaF_L2QTemplate_LG_Sigma (16 points)
****************************************
Minimizer is Minuit2 / Migrad
Chi2                      =      24.5493
NDf                       =           14
Edm                       =  2.92733e-23
NCalls                    =           35
p0                        =      0.21951   +/-   0.00276619  
p1                        =     0.212942   +/-   0.00249556  
  [FIT] Found good fit candidate. Best segments so far: 1. Stopping search.
  [FIT] Finalizing with loop variable 'segments' = 1
****************************************
Minimizer is Minuit2 / Migrad
Chi2                      =      24.8606
NDf                       =           14
Edm                       =  1.15534e-22
NCalls                    =           35
p0                        =     0.219901   +/-   0.00317426  
p1                        =     0.212491   +/-   0.00290491  
[SUCCESS] Created final fit for UnbiasedL1Inner_Nitrogen_NaF_L2QTemplate_LG_Sigma_spline with chi2/ndf = 1.75352
begin drawing Nitrogen UnbiasedL1Inner NaF LG_Sigma
begin drawing Nitrogen UnbiasedL1Inner NaF LG_Chi2NDF

[INFO] Starting smart spline fit for: UnbiasedL1Inner_Nitrogen_NaF_L1QTemplate_EGE_Peak (16 points)
****************************************
Minimizer is Minuit2 / Migrad
Chi2                      =      33.7293
NDf                       =           11
Edm                       =   3.9185e-18
NCalls                    =           41
p0                        =      6.98493   +/-   0.00328629  
p1                        =      6.97929   +/-   0.00315289  
****************************************
Minimizer is Minuit2 / Migrad
Chi2                      =      20.2692
NDf                       =           10
Edm                       =  1.87959e-09
NCalls                    =           67
p0                        =      6.99358   +/-   0.00404462  
p1                        =      6.97473   +/-   0.00257998  
p2                        =      6.99371   +/-   0.00504024  
  [FIT] Found good fit candidate. Best segments so far: 2. Stopping search.
  [FIT] Finalizing with loop variable 'segments' = 2
****************************************
Minimizer is Minuit2 / Migrad
Chi2                      =      17.4399
NDf                       =           10
Edm                       =   8.7458e-18
NCalls                    =           80
p0                        =      6.99912   +/-   0.00493993  
p1                        =       6.9753   +/-   0.00236253  
p2                        =      7.00111   +/-   0.00707984  
[SUCCESS] Created final fit for UnbiasedL1Inner_Nitrogen_NaF_L1QTemplate_EGE_Peak_spline with chi2/ndf = 2.02692

[INFO] Starting smart spline fit for: UnbiasedL1Inner_Nitrogen_NaF_L2QTemplate_EGE_Peak (16 points)
****************************************
Minimizer is Minuit2 / Migrad
Chi2                      =      14.1827
NDf                       =            9
Edm                       =  4.59854e-19
NCalls                    =           41
p0                        =      6.97379   +/-   0.00546407  
p1                        =      6.96447   +/-   0.00372858  
  [FIT] Found good fit candidate. Best segments so far: 1. Stopping search.
  [FIT] Finalizing with loop variable 'segments' = 1
****************************************
Minimizer is Minuit2 / Migrad
Chi2                      =      14.3662
NDf                       =            9
Edm                       =  1.12414e-18
NCalls                    =           43
p0                        =      6.97446   +/-   0.00638981  
p1                        =      6.96369   +/-   0.00452204  
[SUCCESS] Created final fit for UnbiasedL1Inner_Nitrogen_NaF_L2QTemplate_EGE_Peak_spline with chi2/ndf = 1.57586
begin drawing Nitrogen UnbiasedL1Inner NaF EGE_Peak

[INFO] Starting smart spline fit for: UnbiasedL1Inner_Nitrogen_NaF_L1QTemplate_EGE_SigmaL (16 points)
****************************************
Minimizer is Minuit2 / Migrad
Chi2                      =      22.1976
NDf                       =           11
Edm                       =  1.67945e-21
NCalls                    =           35
p0                        =     0.234697   +/-   0.00241963  
p1                        =     0.227757   +/-   0.0023447   
****************************************
Minimizer is Minuit2 / Migrad
Chi2                      =      17.4803
NDf                       =           10
Edm                       =  5.28497e-22
NCalls                    =           53
p0                        =     0.238556   +/-   0.00300196  
p1                        =     0.227477   +/-   0.00186867  
p2                        =     0.234169   +/-   0.00377008  
  [FIT] Found good fit candidate. Best segments so far: 1. Stopping search.
  [FIT] Finalizing with loop variable 'segments' = 1
****************************************
Minimizer is Minuit2 / Migrad
Chi2                      =      21.1888
NDf                       =           11
Edm                       =  2.68226e-22
NCalls                    =           35
p0                        =      0.23612   +/-   0.00279839  
p1                        =     0.226171   +/-   0.00280279  
[SUCCESS] Created final fit for UnbiasedL1Inner_Nitrogen_NaF_L1QTemplate_EGE_SigmaL_spline with chi2/ndf = 2.01796

[INFO] Starting smart spline fit for: UnbiasedL1Inner_Nitrogen_NaF_L2QTemplate_EGE_SigmaL (16 points)
****************************************
Minimizer is Minuit2 / Migrad
Chi2                      =      15.3731
NDf                       =            9
Edm                       =  7.51228e-22
NCalls                    =           31
p0                        =     0.224169   +/-   0.00403766  
p1                        =     0.219893   +/-   0.00276737  
  [FIT] Found good fit candidate. Best segments so far: 1. Stopping search.
  [FIT] Finalizing with loop variable 'segments' = 1
****************************************
Minimizer is Minuit2 / Migrad
Chi2                      =      15.2347
NDf                       =            9
Edm                       =  5.93101e-23
NCalls                    =           31
p0                        =     0.225115   +/-   0.00473201  
p1                        =     0.219137   +/-   0.00333133  
[SUCCESS] Created final fit for UnbiasedL1Inner_Nitrogen_NaF_L2QTemplate_EGE_SigmaL_spline with chi2/ndf = 1.70812
begin drawing Nitrogen UnbiasedL1Inner NaF EGE_SigmaL

[INFO] Starting smart spline fit for: UnbiasedL1Inner_Nitrogen_NaF_L1QTemplate_EGE_SigmaR (16 points)
****************************************
Minimizer is Minuit2 / Migrad
Chi2                      =       38.379
NDf                       =           11
Edm                       =  6.34367e-21
NCalls                    =           35
p0                        =     0.262254   +/-   0.00295606  
p1                        =      0.25225   +/-   0.00283635  
****************************************
Minimizer is Minuit2 / Migrad
Chi2                      =      28.6579
NDf                       =           10
Edm                       =  3.98516e-21
NCalls                    =           53
p0                        =     0.256168   +/-   0.00354224  
p1                        =     0.260937   +/-   0.00235314  
p2                        =     0.241419   +/-   0.00448473  
****************************************
Minimizer is Minuit2 / Migrad
Chi2                      =      27.1148
NDf                       =            9
Edm                       =  1.75123e-20
NCalls                    =           86
p0                        =     0.254323   +/-   0.00380895  
p1                        =     0.266317   +/-   0.0032119   
p2                        =     0.251505   +/-   0.00337346  
p3                        =     0.249457   +/-   0.00830151  
****************************************
Minimizer is Minuit2 / Migrad
Chi2                      =      25.4811
NDf                       =            8
Edm                       =  1.61724e-21
NCalls                    =          112
p0                        =       0.2543   +/-   0.00404389  
p1                        =      0.26539   +/-   0.00462307  
p2                        =     0.258668   +/-   0.00353868  
p3                        =     0.249357   +/-   0.00320796  
p4                        =     0.264007   +/-   0.0166524   
  [FIT] Found good fit candidate. Best segments so far: 3. Stopping search.
  [FIT] Finalizing with loop variable 'segments' = 3
****************************************
Minimizer is Minuit2 / Migrad
Chi2                      =      24.3219
NDf                       =            9
Edm                       =  1.23833e-21
NCalls                    =           80
p0                        =     0.249525   +/-   0.00464592  
p1                        =     0.267357   +/-   0.00305813  
p2                        =     0.250901   +/-   0.00321014  
p3                        =     0.253346   +/-   0.0134456   
[SUCCESS] Created final fit for UnbiasedL1Inner_Nitrogen_NaF_L1QTemplate_EGE_SigmaR_spline with chi2/ndf = 3.01275

[INFO] Starting smart spline fit for: UnbiasedL1Inner_Nitrogen_NaF_L2QTemplate_EGE_SigmaR (16 points)
****************************************
Minimizer is Minuit2 / Migrad
Chi2                      =      13.8519
NDf                       =            9
Edm                       =  5.29774e-22
NCalls                    =           35
p0                        =     0.271206   +/-   0.00459952  
p1                        =     0.267657   +/-   0.00321352  
  [FIT] Found good fit candidate. Best segments so far: 1. Stopping search.
  [FIT] Finalizing with loop variable 'segments' = 1
****************************************
Minimizer is Minuit2 / Migrad
Chi2                      =      14.0867
NDf                       =            9
Edm                       =  8.91711e-21
NCalls                    =           35
p0                        =     0.269905   +/-   0.00535225  
p1                        =     0.268429   +/-   0.00387644  
[SUCCESS] Created final fit for UnbiasedL1Inner_Nitrogen_NaF_L2QTemplate_EGE_SigmaR_spline with chi2/ndf = 1.5391
begin drawing Nitrogen UnbiasedL1Inner NaF EGE_SigmaR
  [SUCCESS] Wrote constant TF1 'UnbiasedL1Inner_Nitrogen_NaF_L1QTemplate_EGE_AlphaL_spline' to file.
  [SUCCESS] Wrote constant TF1 'UnbiasedL1Inner_Nitrogen_NaF_L2QTemplate_EGE_AlphaL_spline' to file.
begin drawing Nitrogen UnbiasedL1Inner NaF EGE_AlphaL

[INFO] Starting smart spline fit for: UnbiasedL1Inner_Nitrogen_NaF_L1QTemplate_EGE_AlphaR (16 points)
****************************************
Minimizer is Minuit2 / Migrad
Chi2                      =       23.888
NDf                       =           11
Edm                       =  3.07257e-23
NCalls                    =           31
p0                        =      1.42136   +/-   0.0297333   
p1                        =      1.23673   +/-   0.0275886   
****************************************
Minimizer is Minuit2 / Migrad
Chi2                      =      18.4962
NDf                       =           10
Edm                       =  2.75161e-22
NCalls                    =           53
p0                        =      1.47993   +/-   0.0389919   
p1                        =      1.27624   +/-   0.0189651   
p2                        =      1.31114   +/-   0.0422868   
  [FIT] Found good fit candidate. Best segments so far: 1. Stopping search.
  [FIT] Finalizing with loop variable 'segments' = 1
****************************************
Minimizer is Minuit2 / Migrad
Chi2                      =      22.6519
NDf                       =           11
Edm                       =  6.44358e-22
NCalls                    =           31
p0                        =      1.44505   +/-   0.0342638   
p1                        =      1.20907   +/-   0.0330616   
[SUCCESS] Created final fit for UnbiasedL1Inner_Nitrogen_NaF_L1QTemplate_EGE_AlphaR_spline with chi2/ndf = 2.17164

[INFO] Starting smart spline fit for: UnbiasedL1Inner_Nitrogen_NaF_L2QTemplate_EGE_AlphaR (16 points)
****************************************
Minimizer is Minuit2 / Migrad
Chi2                      =      67.1301
NDf                       =            9
Edm                       =  8.01042e-23
NCalls                    =           31
p0                        =      1.48844   +/-   0.0923509   
p1                        =      1.43308   +/-   0.075046    
****************************************
Minimizer is Minuit2 / Migrad
Chi2                      =      47.9178
NDf                       =            8
Edm                       =  4.40429e-23
NCalls                    =           53
p0                        =      1.89874   +/-   0.131496    
p1                        =       1.3495   +/-   0.0441079   
p2                        =      1.81245   +/-   0.114556    
****************************************
Minimizer is Minuit2 / Migrad
Chi2                      =       44.248
NDf                       =            7
Edm                       =  9.45705e-23
NCalls                    =           78
p0                        =      1.53702   +/-   0.241426    
p1                        =      1.58942   +/-   0.0937881   
p2                        =      1.30446   +/-   0.0896535   
p3                        =      1.98682   +/-   0.142221    
****************************************
Minimizer is Minuit2 / Migrad
Chi2                      =      43.9925
NDf                       =            6
Edm                       =  2.96789e-22
NCalls                    =          110
p0                        =      1.45647   +/-   0.388521    
p1                        =      1.65241   +/-   0.117615    
p2                        =      1.30717   +/-   0.0519638   
p3                        =      1.56312   +/-   0.116934    
p4                        =      2.04274   +/-   0.209987    
****************************************
Minimizer is Minuit2 / Migrad
Chi2                      =      42.9483
NDf                       =            5
Edm                       =  2.53621e-22
NCalls                    =          147
p0                        =      2.25984   +/-   0.634451    
p1                        =      1.58101   +/-   0.0930394   
p2                        =       1.5071   +/-   0.0883624   
p3                        =      1.23332   +/-   0.0869389   
p4                        =      1.57033   +/-   0.130713    
p5                        =      2.03195   +/-   0.228924    
****************************************
Minimizer is Minuit2 / Migrad
Chi2                      =       11.725
NDf                       =            4
Edm                       =   7.9305e-08
NCalls                    =          205
p0                        =      6.53871   +/-   1.19025     
p1                        =      1.96882   +/-   0.175533    
p2                        =      2.15643   +/-   0.153291    
p3                        =      1.18814   +/-   0.0584884   
p4                        =      1.90344   +/-   0.166145    
p5                        =      1.51996   +/-   0.11585     
p6                        =      2.64168   +/-   0.285526    
  [FIT] Found good fit candidate. Best segments so far: 6. Stopping search.
  [FIT] Finalizing with loop variable 'segments' = 6
****************************************
Minimizer is Minuit2 / Migrad
Chi2                      =       13.404
NDf                       =            4
Edm                       =  1.66044e-08
NCalls                    =          205
p0                        =      9.77995   +/-   1.93879     
p1                        =       1.9671   +/-   0.175528    
p2                        =       2.1365   +/-   0.152563    
p3                        =      1.18802   +/-   0.0584884   
p4                        =      1.87442   +/-   0.164655    
p5                        =      1.52742   +/-   0.116523    
p6                        =      3.02938   +/-   0.401818    
[SUCCESS] Created final fit for UnbiasedL1Inner_Nitrogen_NaF_L2QTemplate_EGE_AlphaR_spline with chi2/ndf = 2.93125
begin drawing Nitrogen UnbiasedL1Inner NaF EGE_AlphaR
begin drawing Nitrogen UnbiasedL1Inner NaF EGE_Chi2NDF

[INFO] Starting smart spline fit for: UnbiasedL1Inner_Nitrogen_AGL_L1QTemplate_LG_Width (22 points)
****************************************
Minimizer is Minuit2 / Migrad
Chi2                      =      19.5449
NDf                       =           20
Edm                       =  2.11731e-22
NCalls                    =           31
p0                        =     0.031568   +/-   0.000593303 
p1                        =    0.0290773   +/-   0.000939947 
  [FIT] Found good fit candidate. Best segments so far: 1. Stopping search.
  [FIT] Finalizing with loop variable 'segments' = 1
****************************************
Minimizer is Minuit2 / Migrad
Chi2                      =      20.1142
NDf                       =           20
Edm                       =  4.01712e-24
NCalls                    =           31
p0                        =    0.0317333   +/-   0.000694507 
p1                        =    0.0289717   +/-   0.00106077  
[SUCCESS] Created final fit for UnbiasedL1Inner_Nitrogen_AGL_L1QTemplate_LG_Width_spline with chi2/ndf = 0.977246

[INFO] Starting smart spline fit for: UnbiasedL1Inner_Nitrogen_AGL_L2QTemplate_LG_Width (22 points)
****************************************
Minimizer is Minuit2 / Migrad
Chi2                      =      21.8279
NDf                       =           20
Edm                       =  5.90595e-23
NCalls                    =           31
p0                        =    0.0341957   +/-   0.000806866 
p1                        =    0.0354779   +/-   0.00121984  
  [FIT] Found good fit candidate. Best segments so far: 1. Stopping search.
  [FIT] Finalizing with loop variable 'segments' = 1
****************************************
Minimizer is Minuit2 / Migrad
Chi2                      =      22.2495
NDf                       =           20
Edm                       =  9.79488e-23
NCalls                    =           31
p0                        =    0.0343525   +/-   0.000937334 
p1                        =    0.0351447   +/-   0.00138425  
[SUCCESS] Created final fit for UnbiasedL1Inner_Nitrogen_AGL_L2QTemplate_LG_Width_spline with chi2/ndf = 1.09139
begin drawing Nitrogen UnbiasedL1Inner AGL LG_Width

[INFO] Starting smart spline fit for: UnbiasedL1Inner_Nitrogen_AGL_L1QTemplate_LG_MPV (22 points)
****************************************
Minimizer is Minuit2 / Migrad
Chi2                      =      25.2534
NDf                       =           20
Edm                       =  5.59743e-18
NCalls                    =           43
p0                        =      6.92874   +/-   0.000923708 
p1                        =       6.9392   +/-   0.00147162  
  [FIT] Found good fit candidate. Best segments so far: 1. Stopping search.
  [FIT] Finalizing with loop variable 'segments' = 1
****************************************
Minimizer is Minuit2 / Migrad
Chi2                      =      28.7308
NDf                       =           20
Edm                       =  3.80239e-19
NCalls                    =           43
p0                        =      6.92798   +/-   0.00108372  
p1                        =      6.93975   +/-   0.00166247  
[SUCCESS] Created final fit for UnbiasedL1Inner_Nitrogen_AGL_L1QTemplate_LG_MPV_spline with chi2/ndf = 1.26267

[INFO] Starting smart spline fit for: UnbiasedL1Inner_Nitrogen_AGL_L2QTemplate_LG_MPV (22 points)
****************************************
Minimizer is Minuit2 / Migrad
Chi2                      =      29.5633
NDf                       =           20
Edm                       =  9.33698e-19
NCalls                    =           43
p0                        =      6.92568   +/-   0.00115885  
p1                        =      6.93307   +/-   0.00170514  
  [FIT] Found good fit candidate. Best segments so far: 1. Stopping search.
  [FIT] Finalizing with loop variable 'segments' = 1
****************************************
Minimizer is Minuit2 / Migrad
Chi2                      =      26.4915
NDf                       =           20
Edm                       =  8.56644e-19
NCalls                    =           43
p0                        =       6.9245   +/-   0.00133233  
p1                        =      6.93465   +/-   0.00192888  
[SUCCESS] Created final fit for UnbiasedL1Inner_Nitrogen_AGL_L2QTemplate_LG_MPV_spline with chi2/ndf = 1.47817
begin drawing Nitrogen UnbiasedL1Inner AGL LG_MPV

[INFO] Starting smart spline fit for: UnbiasedL1Inner_Nitrogen_AGL_L1QTemplate_LG_Sigma (22 points)
****************************************
Minimizer is Minuit2 / Migrad
Chi2                      =      12.7666
NDf                       =           20
Edm                       =  3.20056e-22
NCalls                    =           35
p0                        =     0.215721   +/-   0.000693687 
p1                        =     0.211275   +/-   0.00107518  
  [FIT] Found good fit candidate. Best segments so far: 1. Stopping search.
  [FIT] Finalizing with loop variable 'segments' = 1
****************************************
Minimizer is Minuit2 / Migrad
Chi2                      =      11.9226
NDf                       =           20
Edm                       =  1.16244e-19
NCalls                    =           37
p0                        =     0.216257   +/-   0.000809519 
p1                        =      0.21066   +/-   0.00121518  
[SUCCESS] Created final fit for UnbiasedL1Inner_Nitrogen_AGL_L1QTemplate_LG_Sigma_spline with chi2/ndf = 0.638331

[INFO] Starting smart spline fit for: UnbiasedL1Inner_Nitrogen_AGL_L2QTemplate_LG_Sigma (22 points)
****************************************
Minimizer is Minuit2 / Migrad
Chi2                      =      29.2971
NDf                       =           20
Edm                       =  4.00355e-22
NCalls                    =           35
p0                        =     0.211573   +/-   0.00096439  
p1                        =     0.202399   +/-   0.00143888  
  [FIT] Found good fit candidate. Best segments so far: 1. Stopping search.
  [FIT] Finalizing with loop variable 'segments' = 1
****************************************
Minimizer is Minuit2 / Migrad
Chi2                      =      33.8811
NDf                       =           20
Edm                       =  7.07644e-22
NCalls                    =           35
p0                        =     0.211989   +/-   0.00112049  
p1                        =     0.202225   +/-   0.00163276  
[SUCCESS] Created final fit for UnbiasedL1Inner_Nitrogen_AGL_L2QTemplate_LG_Sigma_spline with chi2/ndf = 1.46486
begin drawing Nitrogen UnbiasedL1Inner AGL LG_Sigma
begin drawing Nitrogen UnbiasedL1Inner AGL LG_Chi2NDF

[INFO] Starting smart spline fit for: UnbiasedL1Inner_Nitrogen_AGL_L1QTemplate_EGE_Peak (22 points)
****************************************
Minimizer is Minuit2 / Migrad
Chi2                      =      41.9974
NDf                       =           20
Edm                       =  1.94799e-19
NCalls                    =           41
p0                        =      6.98273   +/-   0.00127475  
p1                        =      6.99589   +/-   0.00193977  
****************************************
Minimizer is Minuit2 / Migrad
Chi2                      =      36.0346
NDf                       =           19
Edm                       =  3.55612e-06
NCalls                    =           75
p0                        =      6.98059   +/-   0.00154551  
p1                        =      6.99296   +/-   0.00145259  
p2                        =      6.99092   +/-   0.00281098  
  [FIT] Found good fit candidate. Best segments so far: 1. Stopping search.
  [FIT] Finalizing with loop variable 'segments' = 1
****************************************
Minimizer is Minuit2 / Migrad
Chi2                      =      45.1128
NDf                       =           20
Edm                       =  2.40584e-18
NCalls                    =           43
p0                        =       6.9819   +/-   0.0014723   
p1                        =      6.99644   +/-   0.0021654   
[SUCCESS] Created final fit for UnbiasedL1Inner_Nitrogen_AGL_L1QTemplate_EGE_Peak_spline with chi2/ndf = 2.09987

[INFO] Starting smart spline fit for: UnbiasedL1Inner_Nitrogen_AGL_L2QTemplate_EGE_Peak (22 points)
****************************************
Minimizer is Minuit2 / Migrad
Chi2                      =      27.9823
NDf                       =           15
Edm                       =   6.1925e-19
NCalls                    =           43
p0                        =      6.97335   +/-   0.00154796  
p1                        =      6.97313   +/-   0.00246523  
****************************************
Minimizer is Minuit2 / Migrad
Chi2                      =      22.0134
NDf                       =           14
Edm                       =  1.65495e-08
NCalls                    =           69
p0                        =      6.97136   +/-   0.00174889  
p1                        =       6.9765   +/-   0.00193506  
p2                        =      6.96566   +/-   0.0039291   
  [FIT] Found good fit candidate. Best segments so far: 1. Stopping search.
  [FIT] Finalizing with loop variable 'segments' = 1
****************************************
Minimizer is Minuit2 / Migrad
Chi2                      =      27.9834
NDf                       =           15
Edm                       =  1.96915e-18
NCalls                    =           43
p0                        =       6.9732   +/-   0.00175239  
p1                        =      6.97342   +/-   0.00275674  
[SUCCESS] Created final fit for UnbiasedL1Inner_Nitrogen_AGL_L2QTemplate_EGE_Peak_spline with chi2/ndf = 1.86549
begin drawing Nitrogen UnbiasedL1Inner AGL EGE_Peak

[INFO] Starting smart spline fit for: UnbiasedL1Inner_Nitrogen_AGL_L1QTemplate_EGE_SigmaL (22 points)
****************************************
Minimizer is Minuit2 / Migrad
Chi2                      =       17.974
NDf                       =           20
Edm                       =  2.75349e-21
NCalls                    =           37
p0                        =     0.228103   +/-   0.00092119  
p1                        =     0.225583   +/-   0.00134362  
  [FIT] Found good fit candidate. Best segments so far: 1. Stopping search.
  [FIT] Finalizing with loop variable 'segments' = 1
****************************************
Minimizer is Minuit2 / Migrad
Chi2                      =      17.5808
NDf                       =           20
Edm                       =  4.24284e-22
NCalls                    =           35
p0                        =     0.228472   +/-   0.00106752  
p1                        =     0.225145   +/-   0.0015097   
[SUCCESS] Created final fit for UnbiasedL1Inner_Nitrogen_AGL_L1QTemplate_EGE_SigmaL_spline with chi2/ndf = 0.898701

[INFO] Starting smart spline fit for: UnbiasedL1Inner_Nitrogen_AGL_L2QTemplate_EGE_SigmaL (22 points)
****************************************
Minimizer is Minuit2 / Migrad
Chi2                      =       25.844
NDf                       =           15
Edm                       =  1.14975e-22
NCalls                    =           35
p0                        =     0.219709   +/-   0.00116797  
p1                        =     0.206701   +/-   0.00174503  
  [FIT] Found good fit candidate. Best segments so far: 1. Stopping search.
  [FIT] Finalizing with loop variable 'segments' = 1
****************************************
Minimizer is Minuit2 / Migrad
Chi2                      =      28.4492
NDf                       =           15
Edm                       =  9.10819e-22
NCalls                    =           35
p0                        =     0.220549   +/-   0.00132439  
p1                        =     0.205849   +/-   0.00196116  
[SUCCESS] Created final fit for UnbiasedL1Inner_Nitrogen_AGL_L2QTemplate_EGE_SigmaL_spline with chi2/ndf = 1.72294
begin drawing Nitrogen UnbiasedL1Inner AGL EGE_SigmaL

[INFO] Starting smart spline fit for: UnbiasedL1Inner_Nitrogen_AGL_L1QTemplate_EGE_SigmaR (22 points)
****************************************
Minimizer is Minuit2 / Migrad
Chi2                      =      66.3165
NDf                       =           20
Edm                       =  4.68332e-21
NCalls                    =           35
p0                        =     0.253652   +/-   0.00119659  
p1                        =     0.237917   +/-   0.0019593   
****************************************
Minimizer is Minuit2 / Migrad
Chi2                      =      52.9202
NDf                       =           19
Edm                       =  2.92046e-09
NCalls                    =           63
p0                        =     0.256494   +/-   0.00142648  
p1                        =     0.240627   +/-   0.0014777   
p2                        =     0.245091   +/-   0.00277143  
****************************************
Minimizer is Minuit2 / Migrad
Chi2                      =       43.602
NDf                       =           18
Edm                       =  1.94834e-21
NCalls                    =           86
p0                        =     0.254088   +/-   0.0016412   
p1                        =     0.248456   +/-   0.00154557  
p2                        =     0.235601   +/-   0.0021593   
p3                        =     0.250298   +/-   0.00325646  
  [FIT] Found good fit candidate. Best segments so far: 2. Stopping search.
  [FIT] Finalizing with loop variable 'segments' = 2
****************************************
Minimizer is Minuit2 / Migrad
Chi2                      =      59.5023
NDf                       =           19
Edm                       =  2.44399e-21
NCalls                    =           55
p0                        =     0.257929   +/-   0.00171947  
p1                        =     0.242394   +/-   0.0013123   
p2                        =     0.244896   +/-   0.00338585  
[SUCCESS] Created final fit for UnbiasedL1Inner_Nitrogen_AGL_L1QTemplate_EGE_SigmaR_spline with chi2/ndf = 2.78527

[INFO] Starting smart spline fit for: UnbiasedL1Inner_Nitrogen_AGL_L2QTemplate_EGE_SigmaR (22 points)
****************************************
Minimizer is Minuit2 / Migrad
Chi2                      =      43.9209
NDf                       =           15
Edm                       =  8.13017e-24
NCalls                    =           35
p0                        =      0.25866   +/-   0.0012449   
p1                        =     0.265935   +/-   0.00235659  
****************************************
Minimizer is Minuit2 / Migrad
Chi2                      =       42.846
NDf                       =           14
Edm                       =  5.51174e-08
NCalls                    =           60
p0                        =      0.25939   +/-   0.00143021  
p1                        =     0.261617   +/-   0.00188552  
p2                        =     0.268846   +/-   0.00366512  
****************************************
Minimizer is Minuit2 / Migrad
Chi2                      =      33.1827
NDf                       =           13
Edm                       =  1.23582e-05
NCalls                    =           85
p0                        =      0.25697   +/-   0.00166636  
p1                        =     0.263898   +/-   0.0021547   
p2                        =     0.259584   +/-   0.0023087   
p3                        =     0.276213   +/-   0.00437206  
  [FIT] Found good fit candidate. Best segments so far: 3. Stopping search.
  [FIT] Finalizing with loop variable 'segments' = 3
****************************************
Minimizer is Minuit2 / Migrad
Chi2                      =      32.1289
NDf                       =           13
Edm                       =  8.09412e-22
NCalls                    =           82
p0                        =     0.255811   +/-   0.00208351  
p1                        =     0.262813   +/-   0.00179091  
p2                        =     0.259757   +/-   0.00225144  
p3                        =     0.280619   +/-   0.00539154  
[SUCCESS] Created final fit for UnbiasedL1Inner_Nitrogen_AGL_L2QTemplate_EGE_SigmaR_spline with chi2/ndf = 2.55251
begin drawing Nitrogen UnbiasedL1Inner AGL EGE_SigmaR
  [SUCCESS] Wrote constant TF1 'UnbiasedL1Inner_Nitrogen_AGL_L1QTemplate_EGE_AlphaL_spline' to file.
  [SUCCESS] Wrote constant TF1 'UnbiasedL1Inner_Nitrogen_AGL_L2QTemplate_EGE_AlphaL_spline' to file.
begin drawing Nitrogen UnbiasedL1Inner AGL EGE_AlphaL

[INFO] Starting smart spline fit for: UnbiasedL1Inner_Nitrogen_AGL_L1QTemplate_EGE_AlphaR (22 points)
****************************************
Minimizer is Minuit2 / Migrad
Chi2                      =      92.7347
NDf                       =           20
Edm                       =  7.17245e-22
NCalls                    =           33
p0                        =      1.30979   +/-   0.01025     
p1                        =       1.2554   +/-   0.0175242   
****************************************
Minimizer is Minuit2 / Migrad
Chi2                      =       75.336
NDf                       =           19
Edm                       =  5.05572e-12
NCalls                    =           59
p0                        =      1.33282   +/-   0.0116425   
p1                        =      1.24261   +/-   0.0129017   
p2                        =      1.33471   +/-   0.0258581   
****************************************
Minimizer is Minuit2 / Migrad
Chi2                      =      61.8327
NDf                       =           18
Edm                       =  5.89746e-22
NCalls                    =           80
p0                        =      1.31165   +/-   0.0131042   
p1                        =      1.29782   +/-   0.0151711   
p2                        =      1.21026   +/-   0.0192148   
p3                        =      1.39239   +/-   0.0303225   
****************************************
Minimizer is Minuit2 / Migrad
Chi2                      =      63.1752
NDf                       =           17
Edm                       =   8.4862e-07
NCalls                    =          110
p0                        =       1.3101   +/-   0.0136467   
p1                        =      1.31952   +/-   0.0146606   
p2                        =       1.2187   +/-   0.0150908   
p3                        =      1.26448   +/-   0.0333268   
p4                        =      1.38824   +/-   0.0410789   
  [FIT] Found good fit candidate. Best segments so far: 3. Stopping search.
  [FIT] Finalizing with loop variable 'segments' = 3
****************************************
Minimizer is Minuit2 / Migrad
Chi2                      =      65.2045
NDf                       =           18
Edm                       =  4.92193e-08
NCalls                    =           87
p0                        =      1.31698   +/-   0.0161191   
p1                        =       1.2871   +/-   0.0133152   
p2                        =      1.21706   +/-   0.0185596   
p3                        =      1.44137   +/-   0.0407625   
[SUCCESS] Created final fit for UnbiasedL1Inner_Nitrogen_AGL_L1QTemplate_EGE_AlphaR_spline with chi2/ndf = 3.43515

[INFO] Starting smart spline fit for: UnbiasedL1Inner_Nitrogen_AGL_L2QTemplate_EGE_AlphaR (22 points)
****************************************
Minimizer is Minuit2 / Migrad
Chi2                      =      84.6944
NDf                       =           15
Edm                       =  6.27653e-22
NCalls                    =           31
p0                        =      1.30995   +/-   0.0125664   
p1                        =      1.46802   +/-   0.0270858   
****************************************
Minimizer is Minuit2 / Migrad
Chi2                      =      76.9759
NDf                       =           14
Edm                       =  5.71966e-22
NCalls                    =           59
p0                        =      1.29235   +/-   0.0140723   
p1                        =      1.43174   +/-   0.0181342   
p2                        =      1.33111   +/-   0.056232    
****************************************
Minimizer is Minuit2 / Migrad
Chi2                      =      71.9303
NDf                       =           13
Edm                       =  3.98355e-06
NCalls                    =           78
p0                        =      1.28222   +/-   0.0147876   
p1                        =      1.41704   +/-   0.0187365   
p2                        =      1.39418   +/-   0.0229926   
p3                        =      1.53508   +/-   0.114898    
****************************************
Minimizer is Minuit2 / Migrad
Chi2                      =      67.2049
NDf                       =           12
Edm                       =  5.96952e-22
NCalls                    =          112
p0                        =      1.27513   +/-   0.015766    
p1                        =      1.40625   +/-   0.0219979   
p2                        =      1.38599   +/-   0.0288579   
p3                        =      1.44181   +/-   0.0392338   
p4                        =      1.65684   +/-   0.174165    
****************************************
Minimizer is Minuit2 / Migrad
Chi2                      =      49.0062
NDf                       =           11
Edm                       =  4.52358e-07
NCalls                    =          146
p0                        =      1.25799   +/-   0.0164016   
p1                        =      1.42897   +/-   0.0235502   
p2                        =      1.37309   +/-   0.0228681   
p3                        =       1.4308   +/-   0.0255869   
p4                        =      1.40032   +/-   0.0591267   
p5                        =      2.01067   +/-   0.201822    
  [FIT] Found good fit candidate. Best segments so far: 5. Stopping search.
  [FIT] Finalizing with loop variable 'segments' = 5
****************************************
Minimizer is Minuit2 / Migrad
Chi2                      =      48.2783
NDf                       =           11
Edm                       =  1.27741e-05
NCalls                    =          131
p0                        =      1.23889   +/-   0.0186575   
p1                        =      1.41532   +/-   0.0205678   
p2                        =      1.37938   +/-   0.0223394   
p3                        =      1.42811   +/-   0.0255318   
p4                        =      1.38021   +/-   0.0585806   
p5                        =      2.16474   +/-   0.256272    
[SUCCESS] Created final fit for UnbiasedL1Inner_Nitrogen_AGL_L2QTemplate_EGE_AlphaR_spline with chi2/ndf = 4.45511
begin drawing Nitrogen UnbiasedL1Inner AGL EGE_AlphaR
begin drawing Nitrogen UnbiasedL1Inner AGL EGE_Chi2NDF

[INFO] Starting smart spline fit for: L1Inner_Oxygen_TOF_L1QTemplate_LG_Width (7 points)
****************************************
Minimizer is Minuit2 / Migrad
Chi2                      =      77.7809
NDf                       =            5
Edm                       =  6.89658e-23
NCalls                    =           31
p0                        =    0.0272127   +/-   0.000759583 
p1                        =    0.0229163   +/-   0.000557096 
****************************************
Minimizer is Minuit2 / Migrad
Chi2                      =      77.4221
NDf                       =            4
Edm                       =  1.77049e-22
NCalls                    =           59
p0                        =    0.0276263   +/-   0.00102646  
p1                        =    0.0244482   +/-   0.000609389 
p2                        =     0.023132   +/-   0.000663275 
****************************************
Minimizer is Minuit2 / Migrad
Chi2                      =      77.3716
NDf                       =            3
Edm                       =  2.67926e-08
NCalls                    =           87
p0                        =    0.0277664   +/-   0.00115404  
p1                        =    0.0253113   +/-   0.000726502 
p2                        =     0.024063   +/-   0.000892566 
p3                        =    0.0229256   +/-   0.000793767 
****************************************
Minimizer is Minuit2 / Migrad
Chi2                      =      71.8149
NDf                       =            2
Edm                       =  1.90262e-08
NCalls                    =          111
p0                        =    0.0256328   +/-   0.00136313  
p1                        =    0.0287371   +/-   0.0011075   
p2                        =    0.0233579   +/-   0.000763846 
p3                        =    0.0239516   +/-   0.000778143 
p4                        =    0.0226464   +/-   0.000947658 
****************************************
Minimizer is Minuit2 / Migrad
Chi2                      =      11.5855
NDf                       =            1
Edm                       =  7.85709e-08
NCalls                    =          135
p0                        =     0.019139   +/-   0.00162779  
p1                        =    0.0381518   +/-   0.00169453  
p2                        =    0.0231645   +/-   0.000795853 
p3                        =    0.0293265   +/-   0.00112091  
p4                        =    0.0219376   +/-   0.000829227 
p5                        =     0.024612   +/-   0.000992792 
  [FIT] No fit met threshold. Falling back to best chi2/ndf.
  [FIT] Finalizing with loop variable 'segments' = 5
****************************************
Minimizer is Minuit2 / Migrad
Chi2                      =      12.1339
NDf                       =            1
Edm                       =  6.35621e-21
NCalls                    =          149
p0                        =   0.00798702   +/-   0.0029992   
p1                        =     0.038064   +/-   0.00169438  
p2                        =    0.0231527   +/-   0.00079544  
p3                        =     0.029209   +/-   0.00111537  
p4                        =    0.0219153   +/-   0.000833004 
p5                        =    0.0268297   +/-   0.00152381  
[SUCCESS] Created final fit for L1Inner_Oxygen_TOF_L1QTemplate_LG_Width_spline with chi2/ndf = 11.5855

[INFO] Starting smart spline fit for: L1Inner_Oxygen_TOF_L2QTemplate_LG_Width (7 points)
****************************************
Minimizer is Minuit2 / Migrad
Chi2                      =      21.6482
NDf                       =            5
Edm                       =  1.53979e-22
NCalls                    =           31
p0                        =    0.0264578   +/-   0.000843693 
p1                        =    0.0174923   +/-   0.000689725 
****************************************
Minimizer is Minuit2 / Migrad
Chi2                      =      19.5077
NDf                       =            4
Edm                       =  5.08802e-23
NCalls                    =           53
p0                        =    0.0275758   +/-   0.00113833  
p1                        =    0.0204448   +/-   0.000721024 
p2                        =     0.018306   +/-   0.000886054 
****************************************
Minimizer is Minuit2 / Migrad
Chi2                      =       12.068
NDf                       =            3
Edm                       =  1.30866e-10
NCalls                    =           88
p0                        =    0.0254122   +/-   0.00137278  
p1                        =    0.0242825   +/-   0.000855684 
p2                        =    0.0174133   +/-   0.000853371 
p3                        =    0.0197871   +/-   0.00105495  
****************************************
Minimizer is Minuit2 / Migrad
Chi2                      =      0.43856
NDf                       =            2
Edm                       =   4.6225e-06
NCalls                    =           99
p0                        =    0.0221527   +/-   0.00168984  
p1                        =    0.0282737   +/-   0.000988119 
p2                        =    0.0184516   +/-   0.000897742 
p3                        =    0.0193994   +/-   0.000881395 
p4                        =     0.018124   +/-   0.0012693   
  [FIT] Found good fit candidate. Best segments so far: 4. Stopping search.
  [FIT] Finalizing with loop variable 'segments' = 4
****************************************
Minimizer is Minuit2 / Migrad
Chi2                      =     0.654259
NDf                       =            2
Edm                       =  6.49236e-09
NCalls                    =          110
p0                        =    0.0188312   +/-   0.0025123   
p1                        =    0.0283286   +/-   0.00100118  
p2                        =     0.018538   +/-   0.000887176 
p3                        =    0.0193819   +/-   0.000901347 
p4                        =    0.0175355   +/-   0.0017867   
[SUCCESS] Created final fit for L1Inner_Oxygen_TOF_L2QTemplate_LG_Width_spline with chi2/ndf = 0.21928
begin drawing Oxygen L1Inner TOF LG_Width

[INFO] Starting smart spline fit for: L1Inner_Oxygen_TOF_L1QTemplate_LG_MPV (7 points)
****************************************
Minimizer is Minuit2 / Migrad
Chi2                      =      122.126
NDf                       =            5
Edm                       =  1.21462e-17
NCalls                    =           43
p0                        =       7.9486   +/-   0.00125779  
p1                        =      7.95777   +/-   0.00101675  
****************************************
Minimizer is Minuit2 / Migrad
Chi2                      =      78.4312
NDf                       =            4
Edm                       =  1.70151e-17
NCalls                    =           73
p0                        =      7.94103   +/-   0.00170117  
p1                        =       7.9596   +/-   0.00107384  
p2                        =      7.95296   +/-   0.00125077  
****************************************
Minimizer is Minuit2 / Migrad
Chi2                      =      79.1681
NDf                       =            3
Edm                       =  7.98308e-18
NCalls                    =          104
p0                        =      7.93986   +/-   0.00200239  
p1                        =      7.95653   +/-   0.00124714  
p2                        =       7.9578   +/-   0.00140749  
p3                        =      7.95366   +/-   0.00147237  
****************************************
Minimizer is Minuit2 / Migrad
Chi2                      =      71.7634
NDf                       =            2
Edm                       =  6.11016e-07
NCalls                    =          104
p0                        =      7.94491   +/-   0.0024403   
p1                        =      7.94582   +/-   0.00156374  
p2                        =      7.96161   +/-   0.00132834  
p3                        =       7.9541   +/-   0.00138332  
p4                        =       7.9544   +/-   0.00176566  
****************************************
Minimizer is Minuit2 / Migrad
Chi2                      =      8.68431
NDf                       =            1
Edm                       =  1.31863e-17
NCalls                    =          177
p0                        =      7.95303   +/-   0.0026794   
p1                        =      7.93783   +/-   0.0019069   
p2                        =      7.96172   +/-   0.00140052  
p3                        =      7.95149   +/-   0.00160342  
p4                        =      7.95989   +/-   0.00159119  
p5                        =       7.9498   +/-   0.00187303  
  [FIT] No fit met threshold. Falling back to best chi2/ndf.
  [FIT] Finalizing with loop variable 'segments' = 5
****************************************
Minimizer is Minuit2 / Migrad
Chi2                      =      8.80427
NDf                       =            1
Edm                       =  9.46178e-18
NCalls                    =          198
p0                        =      7.96456   +/-   0.00437306  
p1                        =      7.93793   +/-   0.00190394  
p2                        =      7.96172   +/-   0.00139965  
p3                        =      7.95151   +/-   0.00160093  
p4                        =      7.95996   +/-   0.0016001   
p5                        =      7.94453   +/-   0.00287495  
[SUCCESS] Created final fit for L1Inner_Oxygen_TOF_L1QTemplate_LG_MPV_spline with chi2/ndf = 8.68431

[INFO] Starting smart spline fit for: L1Inner_Oxygen_TOF_L2QTemplate_LG_MPV (7 points)
****************************************
Minimizer is Minuit2 / Migrad
Chi2                      =      80.6313
NDf                       =            5
Edm                       =  1.03738e-17
NCalls                    =           43
p0                        =       7.9192   +/-   0.0014586   
p1                        =      7.99212   +/-   0.00140419  
****************************************
Minimizer is Minuit2 / Migrad
Chi2                      =      18.5965
NDf                       =            4
Edm                       =  2.20259e-18
NCalls                    =           77
p0                        =      7.90854   +/-   0.00199021  
p1                        =      7.97005   +/-   0.00139067  
p2                        =      7.98303   +/-   0.0018173   
****************************************
Minimizer is Minuit2 / Migrad
Chi2                      =       11.153
NDf                       =            3
Edm                       =  1.13935e-18
NCalls                    =          100
p0                        =      7.91247   +/-   0.00241268  
p1                        =      7.94897   +/-   0.00150177  
p2                        =      7.98376   +/-   0.00173077  
p3                        =      7.97915   +/-   0.00219081  
****************************************
Minimizer is Minuit2 / Migrad
Chi2                      =      1.04361
NDf                       =            2
Edm                       =  1.08847e-10
NCalls                    =          107
p0                        =      7.91787   +/-   0.00298786  
p1                        =      7.92515   +/-   0.00164057  
p2                        =      7.97393   +/-   0.0017658   
p3                        =      7.98159   +/-   0.00177322  
p4                        =      7.98234   +/-   0.00265289  
  [FIT] Found good fit candidate. Best segments so far: 4. Stopping search.
  [FIT] Finalizing with loop variable 'segments' = 4
****************************************
Minimizer is Minuit2 / Migrad
Chi2                      =       1.1065
NDf                       =            2
Edm                       =  6.09508e-06
NCalls                    =          106
p0                        =      7.91898   +/-   0.00443088  
p1                        =      7.92517   +/-   0.00165764  
p2                        =      7.97386   +/-   0.00174276  
p3                        =       7.9816   +/-   0.00181273  
p4                        =      7.98277   +/-   0.00371343  
[SUCCESS] Created final fit for L1Inner_Oxygen_TOF_L2QTemplate_LG_MPV_spline with chi2/ndf = 0.521804
begin drawing Oxygen L1Inner TOF LG_MPV

[INFO] Starting smart spline fit for: L1Inner_Oxygen_TOF_L1QTemplate_LG_Sigma (7 points)
****************************************
Minimizer is Minuit2 / Migrad
Chi2                      =      139.769
NDf                       =            5
Edm                       =  1.25951e-21
NCalls                    =           35
p0                        =     0.235745   +/-   0.000839943 
p1                        =     0.246434   +/-   0.000615087 
****************************************
Minimizer is Minuit2 / Migrad
Chi2                      =      104.073
NDf                       =            4
Edm                       =  3.27155e-07
NCalls                    =           63
p0                        =     0.240223   +/-   0.00112567  
p1                        =     0.238685   +/-   0.000673908 
p2                        =      0.24884   +/-   0.000735142 
****************************************
Minimizer is Minuit2 / Migrad
Chi2                      =      99.9354
NDf                       =            3
Edm                       =  1.08508e-21
NCalls                    =           88
p0                        =     0.241261   +/-   0.00125886  
p1                        =     0.236683   +/-   0.000810899 
p2                        =     0.243076   +/-   0.000984964 
p3                        =     0.248303   +/-   0.000886973 
****************************************
Minimizer is Minuit2 / Migrad
Chi2                      =       83.351
NDf                       =            2
Edm                       =  2.66301e-08
NCalls                    =           98
p0                        =     0.244623   +/-   0.00148564  
p1                        =     0.233731   +/-   0.00125662  
p2                        =     0.240908   +/-   0.000846255 
p3                        =     0.245436   +/-   0.000845484 
p4                        =     0.248923   +/-   0.00106469  
****************************************
Minimizer is Minuit2 / Migrad
Chi2                      =      10.4991
NDf                       =            1
Edm                       =  8.87286e-20
NCalls                    =          167
p0                        =     0.252969   +/-   0.00180485  
p1                        =      0.22114   +/-   0.00198786  
p2                        =     0.239169   +/-   0.000886656 
p3                        =     0.236252   +/-   0.00125527  
p4                        =      0.24769   +/-   0.000896655 
p5                        =     0.246602   +/-   0.00110993  
  [FIT] No fit met threshold. Falling back to best chi2/ndf.
  [FIT] Finalizing with loop variable 'segments' = 5
****************************************
Minimizer is Minuit2 / Migrad
Chi2                      =      11.3449
NDf                       =            1
Edm                       =  2.65018e-19
NCalls                    =          167
p0                        =     0.270052   +/-   0.00340438  
p1                        =     0.221231   +/-   0.00198842  
p2                        =     0.239192   +/-   0.00088619  
p3                        =     0.236457   +/-   0.00124845  
p4                        =     0.247704   +/-   0.000900652 
p5                        =     0.244441   +/-   0.00169391  
[SUCCESS] Created final fit for L1Inner_Oxygen_TOF_L1QTemplate_LG_Sigma_spline with chi2/ndf = 10.4991

[INFO] Starting smart spline fit for: L1Inner_Oxygen_TOF_L2QTemplate_LG_Sigma (7 points)
****************************************
Minimizer is Minuit2 / Migrad
Chi2                      =      76.7043
NDf                       =            5
Edm                       =  2.77478e-22
NCalls                    =           35
p0                        =      0.21202   +/-   0.000942364 
p1                        =     0.245842   +/-   0.000747088 
****************************************
Minimizer is Minuit2 / Migrad
Chi2                      =      35.2825
NDf                       =            4
Edm                       =  1.69274e-21
NCalls                    =           57
p0                        =     0.217543   +/-   0.0012745   
p1                        =     0.227446   +/-   0.000781341 
p2                        =     0.249728   +/-   0.000960599 
****************************************
Minimizer is Minuit2 / Migrad
Chi2                      =       16.144
NDf                       =            3
Edm                       =  1.83554e-06
NCalls                    =           96
p0                        =     0.221314   +/-   0.00154038  
p1                        =     0.218848   +/-   0.000946597 
p2                        =     0.238424   +/-   0.000917499 
p3                        =     0.247592   +/-   0.00114174  
****************************************
Minimizer is Minuit2 / Migrad
Chi2                      =      2.63077
NDf                       =            2
Edm                       =  3.03932e-07
NCalls                    =          119
p0                        =     0.225551   +/-   0.00189802  
p1                        =     0.214115   +/-   0.00110398  
p2                        =     0.230134   +/-   0.000967457 
p3                        =     0.242906   +/-   0.00095444  
p4                        =     0.249841   +/-   0.00137276  
  [FIT] Found good fit candidate. Best segments so far: 4. Stopping search.
  [FIT] Finalizing with loop variable 'segments' = 4
****************************************
Minimizer is Minuit2 / Migrad
Chi2                      =      3.01035
NDf                       =            2
Edm                       =  1.29556e-06
NCalls                    =          117
p0                        =     0.231131   +/-   0.00281716  
p1                        =     0.214041   +/-   0.00111903  
p2                        =     0.229986   +/-   0.000956307 
p3                        =      0.24284   +/-   0.000976284 
p4                        =     0.251883   +/-   0.00193274  
[SUCCESS] Created final fit for L1Inner_Oxygen_TOF_L2QTemplate_LG_Sigma_spline with chi2/ndf = 1.31538
begin drawing Oxygen L1Inner TOF LG_Sigma
begin drawing Oxygen L1Inner TOF LG_Chi2NDF

[INFO] Starting smart spline fit for: L1Inner_Oxygen_TOF_L1QTemplate_EGE_Peak (7 points)
****************************************
Minimizer is Minuit2 / Migrad
Chi2                      =      135.876
NDf                       =            5
Edm                       =   1.8739e-17
NCalls                    =           43
p0                        =      8.00265   +/-   0.00126719  
p1                        =      8.00408   +/-   0.000996532 
****************************************
Minimizer is Minuit2 / Migrad
Chi2                      =      100.371
NDf                       =            4
Edm                       =  5.28416e-17
NCalls                    =           83
p0                        =      7.99436   +/-   0.00188149  
p1                        =      8.00782   +/-   0.000941904 
p2                        =      7.99979   +/-   0.00122915  
****************************************
Minimizer is Minuit2 / Migrad
Chi2                      =      34.0067
NDf                       =            3
Edm                       =  1.73633e-16
NCalls                    =          112
p0                        =      7.98405   +/-   0.00227336  
p1                        =      8.01071   +/-   0.00104911  
p2                        =      7.99916   +/-   0.00121258  
p3                        =      8.00469   +/-   0.00139674  
****************************************
Minimizer is Minuit2 / Migrad
Chi2                      =      51.6016
NDf                       =            2
Edm                       =  3.84823e-09
NCalls                    =          107
p0                        =      7.98197   +/-   0.00280092  
p1                        =      8.00463   +/-   0.00151079  
p2                        =      8.00546   +/-   0.00123928  
p3                        =       8.0004   +/-   0.00145566  
p4                        =        8.004   +/-   0.00162739  
****************************************
Minimizer is Minuit2 / Migrad
Chi2                      =      5.84464
NDf                       =            1
Edm                       =  3.83536e-17
NCalls                    =          177
p0                        =      7.99074   +/-   0.00310914  
p1                        =      7.99639   +/-   0.00196423  
p2                        =      8.01277   +/-   0.00112051  
p3                        =      7.99722   +/-   0.00128509  
p4                        =      8.00745   +/-   0.00193189  
p5                        =      8.00005   +/-   0.00178546  
  [FIT] No fit met threshold. Falling back to best chi2/ndf.
  [FIT] Finalizing with loop variable 'segments' = 5
****************************************
Minimizer is Minuit2 / Migrad
Chi2                      =      6.08812
NDf                       =            1
Edm                       =  1.07441e-16
NCalls                    =          173
p0                        =      7.99253   +/-   0.00492745  
p1                        =      7.99636   +/-   0.00196269  
p2                        =      8.01274   +/-   0.00111951  
p3                        =      7.99716   +/-   0.00128206  
p4                        =      8.00743   +/-   0.00194714  
p5                        =      7.99565   +/-   0.00290496  
[SUCCESS] Created final fit for L1Inner_Oxygen_TOF_L1QTemplate_EGE_Peak_spline with chi2/ndf = 5.84464

[INFO] Starting smart spline fit for: L1Inner_Oxygen_TOF_L2QTemplate_EGE_Peak (7 points)
****************************************
Minimizer is Minuit2 / Migrad
Chi2                      =      14.8454
NDf                       =            4
Edm                       =    3.433e-18
NCalls                    =           43
p0                        =      7.96291   +/-   0.00151549  
p1                        =      8.03106   +/-   0.00108926  
****************************************
Minimizer is Minuit2 / Migrad
Chi2                      =      2.77617
NDf                       =            3
Edm                       =  1.53197e-18
NCalls                    =           73
p0                        =       7.9581   +/-   0.00205415  
p1                        =      8.00615   +/-   0.00135896  
p2                        =      8.02717   +/-   0.00156056  
  [FIT] Found good fit candidate. Best segments so far: 2. Stopping search.
  [FIT] Finalizing with loop variable 'segments' = 2
****************************************
Minimizer is Minuit2 / Migrad
Chi2                      =      13.2401
NDf                       =            3
Edm                       =  8.25258e-18
NCalls                    =           73
p0                        =      7.94521   +/-   0.0027456   
p1                        =      8.00572   +/-   0.00117344  
p2                        =      8.03189   +/-   0.00201589  
[SUCCESS] Created final fit for L1Inner_Oxygen_TOF_L2QTemplate_EGE_Peak_spline with chi2/ndf = 0.92539
begin drawing Oxygen L1Inner TOF EGE_Peak

[INFO] Starting smart spline fit for: L1Inner_Oxygen_TOF_L1QTemplate_EGE_SigmaL (7 points)
****************************************
Minimizer is Minuit2 / Migrad
Chi2                      =      116.963
NDf                       =            5
Edm                       =  3.25821e-21
NCalls                    =           35
p0                        =     0.241696   +/-   0.00104473  
p1                        =     0.252173   +/-   0.000772582 
****************************************
Minimizer is Minuit2 / Migrad
Chi2                      =      96.6361
NDf                       =            4
Edm                       =  6.92146e-11
NCalls                    =           62
p0                        =     0.247473   +/-   0.00165335  
p1                        =      0.24535   +/-   0.000702882 
p2                        =     0.254436   +/-   0.0009212   
****************************************
Minimizer is Minuit2 / Migrad
Chi2                      =        23.29
NDf                       =            3
Edm                       =  1.35624e-05
NCalls                    =           84
p0                        =      0.23802   +/-   0.00203253  
p1                        =     0.248735   +/-   0.000801147 
p2                        =     0.241968   +/-   0.000963681 
p3                        =     0.257943   +/-   0.00101168  
****************************************
Minimizer is Minuit2 / Migrad
Chi2                      =      28.5916
NDf                       =            2
Edm                       =  1.57768e-06
NCalls                    =          119
p0                        =     0.240348   +/-   0.00247858  
p1                        =     0.245486   +/-   0.00128637  
p2                        =     0.245921   +/-   0.000914141 
p3                        =      0.24476   +/-   0.00132083  
p4                        =     0.259734   +/-   0.001164    
****************************************
Minimizer is Minuit2 / Migrad
Chi2                      =       1.6784
NDf                       =            1
Edm                       =  7.84465e-19
NCalls                    =          165
p0                        =     0.246885   +/-   0.00279194  
p1                        =     0.238925   +/-   0.00181479  
p2                        =     0.249548   +/-   0.000847587 
p3                        =     0.240421   +/-   0.00102318  
p4                        =      0.25007   +/-   0.001987    
p5                        =     0.257456   +/-   0.00133567  
  [FIT] No fit met threshold. Falling back to best chi2/ndf.
  [FIT] Finalizing with loop variable 'segments' = 5
****************************************
Minimizer is Minuit2 / Migrad
Chi2                      =      1.46411
NDf                       =            1
Edm                       =  4.71796e-06
NCalls                    =          169
p0                        =     0.252913   +/-   0.00444662  
p1                        =     0.238875   +/-   0.00181478  
p2                        =     0.249565   +/-   0.000846213 
p3                        =     0.240467   +/-   0.00101797  
p4                        =     0.249944   +/-   0.00200982  
p5                        =     0.258748   +/-   0.00243911  
[SUCCESS] Created final fit for L1Inner_Oxygen_TOF_L1QTemplate_EGE_SigmaL_spline with chi2/ndf = 1.6784

[INFO] Starting smart spline fit for: L1Inner_Oxygen_TOF_L2QTemplate_EGE_SigmaL (7 points)
****************************************
Minimizer is Minuit2 / Migrad
Chi2                      =      81.7308
NDf                       =            4
Edm                       =  1.73784e-19
NCalls                    =           39
p0                        =      0.21851   +/-   0.00107385  
p1                        =     0.251442   +/-   0.000827094 
****************************************
Minimizer is Minuit2 / Migrad
Chi2                      =        8.854
NDf                       =            3
Edm                       =  1.63106e-21
NCalls                    =           55
p0                        =     0.227224   +/-   0.00148164  
p1                        =     0.229476   +/-   0.00108093  
p2                        =     0.257631   +/-   0.00109987  
****************************************
Minimizer is Minuit2 / Migrad
Chi2                      =      6.20285
NDf                       =            2
Edm                       =  3.90374e-19
NCalls                    =           94
p0                        =     0.228744   +/-   0.00179546  
p1                        =     0.224022   +/-   0.00114983  
p2                        =     0.240106   +/-   0.00100549  
p3                        =     0.257015   +/-   0.00129684  
****************************************
Minimizer is Minuit2 / Migrad
Chi2                      =      0.15804
NDf                       =            1
Edm                       =  4.26583e-20
NCalls                    =          126
p0                        =     0.231894   +/-   0.00225702  
p1                        =      0.22206   +/-   0.00126197  
p2                        =      0.23344   +/-   0.00181736  
p3                        =     0.248296   +/-   0.00109282  
p4                        =     0.258764   +/-   0.00157236  
****************************************
Minimizer is Minuit2 / Migrad
Chi2                      =  3.37487e-06
NDf                       =            0
Edm                       =  3.37487e-06
NCalls                    =          142
p0                        =     0.231612   +/-   0.00240839  
p1                        =     0.222317   +/-   0.00141006  
p2                        =     0.224963   +/-   0.00131792  
p3                        =     0.240651   +/-   0.00108824  
p4                        =     0.248017   +/-   0.00129528  
p5                        =     0.259014   +/-   0.00167838  
  [FIT] No fit met threshold. Falling back to best chi2/ndf.
  [FIT] Finalizing with loop variable 'segments' = 4
****************************************
Minimizer is Minuit2 / Migrad
Chi2                      =      0.12762
NDf                       =            1
Edm                       =  5.46541e-06
NCalls                    =          117
p0                        =     0.236211   +/-   0.00338337  
p1                        =     0.222114   +/-   0.00126526  
p2                        =     0.232968   +/-   0.00174336  
p3                        =     0.248242   +/-   0.00110877  
p4                        =     0.261733   +/-   0.00224428  
[SUCCESS] Created final fit for L1Inner_Oxygen_TOF_L2QTemplate_EGE_SigmaL_spline with chi2/ndf = 0.15804
begin drawing Oxygen L1Inner TOF EGE_SigmaL

[INFO] Starting smart spline fit for: L1Inner_Oxygen_TOF_L1QTemplate_EGE_SigmaR (7 points)
****************************************
Minimizer is Minuit2 / Migrad
Chi2                      =      126.313
NDf                       =            5
Edm                       =  3.75287e-21
NCalls                    =           35
p0                        =     0.268719   +/-   0.00130606  
p1                        =      0.27615   +/-   0.00104952  
****************************************
Minimizer is Minuit2 / Migrad
Chi2                      =      122.121
NDf                       =            4
Edm                       =  1.71488e-11
NCalls                    =           61
p0                        =     0.271504   +/-   0.00188581  
p1                        =      0.27143   +/-   0.000989068 
p2                        =     0.277725   +/-   0.00130127  
****************************************
Minimizer is Minuit2 / Migrad
Chi2                      =      37.5752
NDf                       =            3
Edm                       =  2.28252e-19
NCalls                    =           90
p0                        =     0.282916   +/-   0.00226512  
p1                        =     0.264009   +/-   0.00112167  
p2                        =     0.281998   +/-   0.00126816  
p3                        =      0.27186   +/-   0.00147385  
****************************************
Minimizer is Minuit2 / Migrad
Chi2                      =      46.3263
NDf                       =            2
Edm                       =  8.75986e-06
NCalls                    =          118
p0                        =     0.288215   +/-   0.00278664  
p1                        =     0.263433   +/-   0.00156645  
p2                        =     0.275569   +/-   0.00129216  
p3                        =     0.277113   +/-   0.00155616  
p4                        =     0.273822   +/-   0.00171107  
****************************************
Minimizer is Minuit2 / Migrad
Chi2                      =      6.10297
NDf                       =            1
Edm                       =  2.59781e-19
NCalls                    =          167
p0                        =     0.280381   +/-   0.0030815   
p1                        =      0.27091   +/-   0.00199606  
p2                        =     0.261943   +/-   0.00120692  
p3                        =     0.283253   +/-   0.00134129  
p4                        =     0.268899   +/-   0.00211537  
p5                        =      0.27828   +/-   0.00188723  
  [FIT] No fit met threshold. Falling back to best chi2/ndf.
  [FIT] Finalizing with loop variable 'segments' = 5
****************************************
Minimizer is Minuit2 / Migrad
Chi2                      =      6.55169
NDf                       =            1
Edm                       =   1.5133e-18
NCalls                    =          169
p0                        =     0.281542   +/-   0.00491036  
p1                        =     0.270929   +/-   0.00199407  
p2                        =     0.261992   +/-   0.00120569  
p3                        =     0.283348   +/-   0.00133801  
p4                        =     0.268888   +/-   0.00213307  
p5                        =     0.284015   +/-   0.00310328  
[SUCCESS] Created final fit for L1Inner_Oxygen_TOF_L1QTemplate_EGE_SigmaR_spline with chi2/ndf = 6.10297

[INFO] Starting smart spline fit for: L1Inner_Oxygen_TOF_L2QTemplate_EGE_SigmaR (7 points)
****************************************
Minimizer is Minuit2 / Migrad
Chi2                      =      14.1486
NDf                       =            4
Edm                       =  2.48681e-20
NCalls                    =           37
p0                        =      0.25119   +/-   0.00161402  
p1                        =     0.270995   +/-   0.00103485  
****************************************
Minimizer is Minuit2 / Migrad
Chi2                      =       14.139
NDf                       =            3
Edm                       =   1.7465e-19
NCalls                    =           57
p0                        =     0.251049   +/-   0.00216799  
p1                        =     0.262689   +/-   0.00122071  
p2                        =      0.27087   +/-   0.0016416   
****************************************
Minimizer is Minuit2 / Migrad
Chi2                      =      2.41868
NDf                       =            2
Edm                       =  1.17072e-05
NCalls                    =           83
p0                        =     0.256719   +/-   0.00275232  
p1                        =     0.254399   +/-   0.00164478  
p2                        =     0.267868   +/-   0.000929047 
p3                        =     0.267681   +/-   0.00190348  
  [FIT] Found good fit candidate. Best segments so far: 3. Stopping search.
  [FIT] Finalizing with loop variable 'segments' = 3
****************************************
Minimizer is Minuit2 / Migrad
Chi2                      =      3.36011
NDf                       =            2
Edm                       =  2.01877e-19
NCalls                    =           90
p0                        =     0.258404   +/-   0.00389183  
p1                        =      0.25487   +/-   0.00155162  
p2                        =     0.267738   +/-   0.000912443 
p3                        =     0.266945   +/-   0.00248619  
[SUCCESS] Created final fit for L1Inner_Oxygen_TOF_L2QTemplate_EGE_SigmaR_spline with chi2/ndf = 1.20934
begin drawing Oxygen L1Inner TOF EGE_SigmaR
  [SUCCESS] Wrote constant TF1 'L1Inner_Oxygen_TOF_L1QTemplate_EGE_AlphaL_spline' to file.
  [SUCCESS] Wrote constant TF1 'L1Inner_Oxygen_TOF_L2QTemplate_EGE_AlphaL_spline' to file.
begin drawing Oxygen L1Inner TOF EGE_AlphaL

[INFO] Starting smart spline fit for: L1Inner_Oxygen_TOF_L1QTemplate_EGE_AlphaR (7 points)
****************************************
Minimizer is Minuit2 / Migrad
Chi2                      =      65.7389
NDf                       =            5
Edm                       =  1.34309e-22
NCalls                    =           33
p0                        =      1.40138   +/-   0.016677    
p1                        =      1.41754   +/-   0.0157689   
****************************************
Minimizer is Minuit2 / Migrad
Chi2                      =       65.383
NDf                       =            4
Edm                       =  1.37983e-21
NCalls                    =           53
p0                        =      1.41293   +/-   0.025554    
p1                        =      1.40188   +/-   0.0174935   
p2                        =      1.42257   +/-   0.0178817   
****************************************
Minimizer is Minuit2 / Migrad
Chi2                      =      56.6283
NDf                       =            3
Edm                       =  1.05962e-22
NCalls                    =           80
p0                        =      1.46192   +/-   0.0300261   
p1                        =      1.38129   +/-   0.0150395   
p2                        =      1.48059   +/-   0.0301328   
p3                        =      1.39578   +/-   0.0206763   
****************************************
Minimizer is Minuit2 / Migrad
Chi2                      =       37.109
NDf                       =            2
Edm                       =  2.25519e-21
NCalls                    =          112
p0                        =      1.54596   +/-   0.037856    
p1                        =      1.33313   +/-   0.0197803   
p2                        =      1.49177   +/-   0.0249434   
p3                        =      1.35742   +/-   0.0258237   
p4                        =      1.45834   +/-   0.024109    
****************************************
Minimizer is Minuit2 / Migrad
Chi2                      =      1.84848
NDf                       =            1
Edm                       =  3.65607e-06
NCalls                    =          134
p0                        =      1.46058   +/-   0.0408061   
p1                        =       1.3992   +/-   0.0228627   
p2                        =      1.35746   +/-   0.016635    
p3                        =      1.58989   +/-   0.0355431   
p4                        =       1.2919   +/-   0.0284069   
p5                        =      1.50818   +/-   0.0257078   
  [FIT] No fit met threshold. Falling back to best chi2/ndf.
  [FIT] Finalizing with loop variable 'segments' = 5
****************************************
Minimizer is Minuit2 / Migrad
Chi2                      =      2.05337
NDf                       =            1
Edm                       =  2.77778e-07
NCalls                    =          161
p0                        =      1.46558   +/-   0.0636791   
p1                        =      1.39921   +/-   0.0227937   
p2                        =       1.3577   +/-   0.0166299   
p3                        =        1.593   +/-   0.0355468   
p4                        =      1.29116   +/-   0.0285468   
p5                        =      1.63287   +/-   0.042315    
[SUCCESS] Created final fit for L1Inner_Oxygen_TOF_L1QTemplate_EGE_AlphaR_spline with chi2/ndf = 1.84848

[INFO] Starting smart spline fit for: L1Inner_Oxygen_TOF_L2QTemplate_EGE_AlphaR (7 points)
****************************************
Minimizer is Minuit2 / Migrad
Chi2                      =      35.8155
NDf                       =            4
Edm                       =  4.94894e-22
NCalls                    =           31
p0                        =      1.45748   +/-   0.0262618   
p1                        =      1.58502   +/-   0.0200152   
****************************************
Minimizer is Minuit2 / Migrad
Chi2                      =      20.8026
NDf                       =            3
Edm                       =  2.48447e-21
NCalls                    =           53
p0                        =      1.36163   +/-   0.0360769   
p1                        =      1.61077   +/-   0.0243379   
p2                        =      1.51704   +/-   0.0266162   
****************************************
Minimizer is Minuit2 / Migrad
Chi2                      =      1.20564
NDf                       =            2
Edm                       =  3.25015e-21
NCalls                    =           86
p0                        =      1.46508   +/-   0.0435641   
p1                        =      1.48358   +/-   0.0267411   
p2                        =      1.65819   +/-   0.0226559   
p3                        =      1.45093   +/-   0.0305815   
  [FIT] Found good fit candidate. Best segments so far: 3. Stopping search.
  [FIT] Finalizing with loop variable 'segments' = 3
****************************************
Minimizer is Minuit2 / Migrad
Chi2                      =      2.97025
NDf                       =            2
Edm                       =  1.36197e-21
NCalls                    =           84
p0                        =      1.48049   +/-   0.0612937   
p1                        =       1.4861   +/-   0.025393    
p2                        =       1.6505   +/-   0.0219726   
p3                        =      1.39423   +/-   0.0400609   
[SUCCESS] Created final fit for L1Inner_Oxygen_TOF_L2QTemplate_EGE_AlphaR_spline with chi2/ndf = 0.602821
begin drawing Oxygen L1Inner TOF EGE_AlphaR
begin drawing Oxygen L1Inner TOF EGE_Chi2NDF

[INFO] Starting smart spline fit for: L1Inner_Oxygen_NaF_L1QTemplate_LG_Width (16 points)
****************************************
Minimizer is Minuit2 / Migrad
Chi2                      =      24.0085
NDf                       =           14
Edm                       =  6.78033e-23
NCalls                    =           31
p0                        =    0.0250799   +/-   0.00117247  
p1                        =    0.0327631   +/-   0.00098686  
  [FIT] Found good fit candidate. Best segments so far: 1. Stopping search.
  [FIT] Finalizing with loop variable 'segments' = 1
****************************************
Minimizer is Minuit2 / Migrad
Chi2                      =      25.9708
NDf                       =           14
Edm                       =  8.35834e-23
NCalls                    =           31
p0                        =    0.0245548   +/-   0.00133852  
p1                        =    0.0333831   +/-   0.001152    
[SUCCESS] Created final fit for L1Inner_Oxygen_NaF_L1QTemplate_LG_Width_spline with chi2/ndf = 1.71489

[INFO] Starting smart spline fit for: L1Inner_Oxygen_NaF_L2QTemplate_LG_Width (16 points)
****************************************
Minimizer is Minuit2 / Migrad
Chi2                      =      8.95369
NDf                       =           14
Edm                       =  1.87206e-23
NCalls                    =           31
p0                        =     0.021234   +/-   0.00159697  
p1                        =    0.0349315   +/-   0.00138892  
  [FIT] Found good fit candidate. Best segments so far: 1. Stopping search.
  [FIT] Finalizing with loop variable 'segments' = 1
****************************************
Minimizer is Minuit2 / Migrad
Chi2                      =      8.98661
NDf                       =           14
Edm                       =  5.71957e-23
NCalls                    =           31
p0                        =     0.019746   +/-   0.00183178  
p1                        =    0.0364195   +/-   0.00161197  
[SUCCESS] Created final fit for L1Inner_Oxygen_NaF_L2QTemplate_LG_Width_spline with chi2/ndf = 0.639549
begin drawing Oxygen L1Inner NaF LG_Width

[INFO] Starting smart spline fit for: L1Inner_Oxygen_NaF_L1QTemplate_LG_MPV (16 points)
****************************************
Minimizer is Minuit2 / Migrad
Chi2                      =      47.0603
NDf                       =           14
Edm                       =  2.32219e-18
NCalls                    =           41
p0                        =      7.95784   +/-   0.00205802  
p1                        =      7.93149   +/-   0.00156818  
****************************************
Minimizer is Minuit2 / Migrad
Chi2                      =      19.2546
NDf                       =           13
Edm                       =  9.38656e-19
NCalls                    =           90
p0                        =      7.96633   +/-   0.00261247  
p1                        =      7.93464   +/-   0.00155019  
p2                        =      7.93928   +/-   0.00215497  
  [FIT] Found good fit candidate. Best segments so far: 2. Stopping search.
  [FIT] Finalizing with loop variable 'segments' = 2
****************************************
Minimizer is Minuit2 / Migrad
Chi2                      =      25.1978
NDf                       =           13
Edm                       =  3.27133e-18
NCalls                    =           71
p0                        =      7.97164   +/-   0.00325663  
p1                        =      7.93621   +/-   0.00141772  
p2                        =      7.93943   +/-   0.00271361  
[SUCCESS] Created final fit for L1Inner_Oxygen_NaF_L1QTemplate_LG_MPV_spline with chi2/ndf = 1.48112

[INFO] Starting smart spline fit for: L1Inner_Oxygen_NaF_L2QTemplate_LG_MPV (16 points)
****************************************
Minimizer is Minuit2 / Migrad
Chi2                      =       16.647
NDf                       =           14
Edm                       =  2.65232e-18
NCalls                    =           43
p0                        =      7.98128   +/-   0.00288376  
p1                        =      7.94112   +/-   0.00212356  
  [FIT] Found good fit candidate. Best segments so far: 1. Stopping search.
  [FIT] Finalizing with loop variable 'segments' = 1
****************************************
Minimizer is Minuit2 / Migrad
Chi2                      =       22.116
NDf                       =           14
Edm                       =  3.81128e-19
NCalls                    =           43
p0                        =      7.98477   +/-   0.0032866   
p1                        =      7.93734   +/-   0.00248643  
[SUCCESS] Created final fit for L1Inner_Oxygen_NaF_L2QTemplate_LG_MPV_spline with chi2/ndf = 1.18907
begin drawing Oxygen L1Inner NaF LG_MPV

[INFO] Starting smart spline fit for: L1Inner_Oxygen_NaF_L1QTemplate_LG_Sigma (16 points)
****************************************
Minimizer is Minuit2 / Migrad
Chi2                      =      33.4759
NDf                       =           14
Edm                       =   5.2268e-21
NCalls                    =           35
p0                        =     0.242762   +/-   0.00131387  
p1                        =     0.231318   +/-   0.00113164  
****************************************
Minimizer is Minuit2 / Migrad
Chi2                      =      30.5026
NDf                       =           13
Edm                       =  6.53021e-06
NCalls                    =           60
p0                        =     0.240962   +/-   0.0016791   
p1                        =     0.236876   +/-   0.00109886  
p2                        =     0.229448   +/-   0.0015687   
  [FIT] Found good fit candidate. Best segments so far: 1. Stopping search.
  [FIT] Finalizing with loop variable 'segments' = 1
****************************************
Minimizer is Minuit2 / Migrad
Chi2                      =      36.7587
NDf                       =           14
Edm                       =  1.79452e-21
NCalls                    =           35
p0                        =     0.243591   +/-   0.00150544  
p1                        =     0.230384   +/-   0.00131975  
[SUCCESS] Created final fit for L1Inner_Oxygen_NaF_L1QTemplate_LG_Sigma_spline with chi2/ndf = 2.39113

[INFO] Starting smart spline fit for: L1Inner_Oxygen_NaF_L2QTemplate_LG_Sigma (16 points)
****************************************
Minimizer is Minuit2 / Migrad
Chi2                      =      33.1063
NDf                       =           14
Edm                       =  1.62783e-21
NCalls                    =           35
p0                        =     0.237559   +/-   0.00174659  
p1                        =     0.232129   +/-   0.00156862  
****************************************
Minimizer is Minuit2 / Migrad
Chi2                      =       17.392
NDf                       =           13
Edm                       =  2.72163e-22
NCalls                    =           61
p0                        =     0.232149   +/-   0.00221657  
p1                        =     0.238767   +/-   0.0015316   
p2                        =     0.226251   +/-   0.00215852  
  [FIT] Found good fit candidate. Best segments so far: 2. Stopping search.
  [FIT] Finalizing with loop variable 'segments' = 2
****************************************
Minimizer is Minuit2 / Migrad
Chi2                      =      16.8344
NDf                       =           13
Edm                       =   5.8062e-22
NCalls                    =           61
p0                        =     0.229497   +/-   0.00286176  
p1                        =     0.238388   +/-   0.00138995  
p2                        =     0.223666   +/-   0.00268396  
[SUCCESS] Created final fit for L1Inner_Oxygen_NaF_L2QTemplate_LG_Sigma_spline with chi2/ndf = 1.33784
begin drawing Oxygen L1Inner NaF LG_Sigma
begin drawing Oxygen L1Inner NaF LG_Chi2NDF

[INFO] Starting smart spline fit for: L1Inner_Oxygen_NaF_L1QTemplate_EGE_Peak (16 points)
****************************************
Minimizer is Minuit2 / Migrad
Chi2                      =      117.831
NDf                       =           14
Edm                       =  2.27119e-18
NCalls                    =           43
p0                        =      8.00899   +/-   0.00168505  
p1                        =      7.96796   +/-   0.00158614  
****************************************
Minimizer is Minuit2 / Migrad
Chi2                      =      59.1179
NDf                       =           13
Edm                       =  2.21125e-20
NCalls                    =           77
p0                        =      8.01972   +/-   0.0021911   
p1                        =      7.97244   +/-   0.00165985  
p2                        =      7.97856   +/-   0.00210461  
****************************************
Minimizer is Minuit2 / Migrad
Chi2                      =      59.4628
NDf                       =           12
Edm                       =  7.47687e-17
NCalls                    =          100
p0                        =      8.02294   +/-   0.00284429  
p1                        =       7.9846   +/-   0.00199962  
p2                        =      7.97367   +/-   0.00194869  
p3                        =      7.97663   +/-   0.00248459  
****************************************
Minimizer is Minuit2 / Migrad
Chi2                      =      48.9085
NDf                       =           11
Edm                       =  8.76173e-17
NCalls                    =          142
p0                        =      8.01656   +/-   0.00332022  
p1                        =      7.99638   +/-   0.0021006   
p2                        =      7.96915   +/-   0.00213669  
p3                        =      7.97964   +/-   0.00218184  
p4                        =      7.97248   +/-   0.00299677  
****************************************
Minimizer is Minuit2 / Migrad
Chi2                      =       11.403
NDf                       =           10
Edm                       =  1.83362e-08
NCalls                    =          141
p0                        =      8.00536   +/-   0.00385754  
p1                        =      8.00993   +/-   0.00203664  
p2                        =      7.96842   +/-   0.00244811  
p3                        =      7.97976   +/-   0.00246982  
p4                        =      7.97333   +/-   0.0024955   
p5                        =      7.97717   +/-   0.00313593  
  [FIT] Found good fit candidate. Best segments so far: 5. Stopping search.
  [FIT] Finalizing with loop variable 'segments' = 5
****************************************
Minimizer is Minuit2 / Migrad
Chi2                      =      9.46162
NDf                       =           10
Edm                       =  1.50276e-08
NCalls                    =          181
p0                        =      7.99918   +/-   0.00511647  
p1                        =      8.00937   +/-   0.00189188  
p2                        =      7.96876   +/-   0.0024008   
p3                        =      7.97958   +/-   0.00242922  
p4                        =      7.97326   +/-   0.0023956   
p5                        =      7.97932   +/-   0.00409752  
[SUCCESS] Created final fit for L1Inner_Oxygen_NaF_L1QTemplate_EGE_Peak_spline with chi2/ndf = 1.1403

[INFO] Starting smart spline fit for: L1Inner_Oxygen_NaF_L2QTemplate_EGE_Peak (16 points)
****************************************
Minimizer is Minuit2 / Migrad
Chi2                      =       47.181
NDf                       =           14
Edm                       =  7.35814e-19
NCalls                    =           43
p0                        =      8.02122   +/-   0.00260104  
p1                        =      7.97873   +/-   0.00222563  
****************************************
Minimizer is Minuit2 / Migrad
Chi2                      =      29.8194
NDf                       =           13
Edm                       =  9.98259e-11
NCalls                    =           67
p0                        =       8.0292   +/-   0.00322971  
p1                        =      7.98772   +/-   0.002024    
p2                        =      7.98795   +/-   0.00313734  
  [FIT] Found good fit candidate. Best segments so far: 2. Stopping search.
  [FIT] Finalizing with loop variable 'segments' = 2
****************************************
Minimizer is Minuit2 / Migrad
Chi2                      =       42.282
NDf                       =           13
Edm                       =   2.6322e-17
NCalls                    =           80
p0                        =      8.03448   +/-   0.00401313  
p1                        =      7.99008   +/-   0.00186048  
p2                        =      7.98623   +/-   0.00389381  
[SUCCESS] Created final fit for L1Inner_Oxygen_NaF_L2QTemplate_EGE_Peak_spline with chi2/ndf = 2.2938
begin drawing Oxygen L1Inner NaF EGE_Peak

[INFO] Starting smart spline fit for: L1Inner_Oxygen_NaF_L1QTemplate_EGE_SigmaL (16 points)
****************************************
Minimizer is Minuit2 / Migrad
Chi2                      =      64.8283
NDf                       =           14
Edm                       =  2.04922e-21
NCalls                    =           35
p0                        =     0.250379   +/-   0.0012956   
p1                        =     0.229962   +/-   0.00118588  
****************************************
Minimizer is Minuit2 / Migrad
Chi2                      =      64.4879
NDf                       =           13
Edm                       =  1.80456e-21
NCalls                    =           61
p0                        =     0.250995   +/-   0.00167189  
p1                        =     0.236708   +/-   0.00121922  
p2                        =      0.23056   +/-   0.00156759  
****************************************
Minimizer is Minuit2 / Migrad
Chi2                      =      64.1366
NDf                       =           12
Edm                       =   7.6233e-07
NCalls                    =           83
p0                        =     0.249794   +/-   0.00207308  
p1                        =     0.243616   +/-   0.00144779  
p2                        =     0.233091   +/-   0.00145163  
p3                        =     0.231011   +/-   0.0018529   
****************************************
Minimizer is Minuit2 / Migrad
Chi2                      =      38.2422
NDf                       =           11
Edm                       =  1.20197e-07
NCalls                    =          117
p0                        =     0.244069   +/-   0.00235185  
p1                        =     0.250021   +/-   0.00156779  
p2                        =     0.231432   +/-   0.00160422  
p3                        =     0.236537   +/-   0.00164499  
p4                        =     0.226302   +/-   0.00224935  
  [FIT] Found good fit candidate. Best segments so far: 4. Stopping search.
  [FIT] Finalizing with loop variable 'segments' = 4
****************************************
Minimizer is Minuit2 / Migrad
Chi2                      =      34.3211
NDf                       =           11
Edm                       =  8.30224e-06
NCalls                    =          116
p0                        =     0.238594   +/-   0.00314412  
p1                        =      0.25024   +/-   0.00142742  
p2                        =     0.231645   +/-   0.00154643  
p3                        =     0.236009   +/-   0.00162434  
p4                        =     0.224513   +/-   0.00288931  
[SUCCESS] Created final fit for L1Inner_Oxygen_NaF_L1QTemplate_EGE_SigmaL_spline with chi2/ndf = 3.47657

[INFO] Starting smart spline fit for: L1Inner_Oxygen_NaF_L2QTemplate_EGE_SigmaL (16 points)
****************************************
Minimizer is Minuit2 / Migrad
Chi2                      =      45.3537
NDf                       =           14
Edm                       =  9.25706e-23
NCalls                    =           35
p0                        =     0.240063   +/-   0.00184551  
p1                        =      0.23352   +/-   0.00157617  
****************************************
Minimizer is Minuit2 / Migrad
Chi2                      =      40.3191
NDf                       =           13
Edm                       =  7.59742e-08
NCalls                    =           61
p0                        =     0.237008   +/-   0.00229358  
p1                        =     0.238341   +/-   0.00147228  
p2                        =     0.230067   +/-   0.00220291  
****************************************
Minimizer is Minuit2 / Migrad
Chi2                      =      26.0973
NDf                       =           12
Edm                       =   3.7541e-21
NCalls                    =           88
p0                        =     0.231753   +/-   0.00268226  
p1                        =     0.244858   +/-   0.00196459  
p2                        =      0.23142   +/-   0.00173631  
p3                        =     0.234762   +/-   0.00264573  
  [FIT] Found good fit candidate. Best segments so far: 3. Stopping search.
  [FIT] Finalizing with loop variable 'segments' = 3
****************************************
Minimizer is Minuit2 / Migrad
Chi2                      =      23.7747
NDf                       =           12
Edm                       =  8.44285e-09
NCalls                    =           92
p0                        =     0.227167   +/-   0.00343111  
p1                        =     0.244485   +/-   0.00182676  
p2                        =     0.232212   +/-   0.00166827  
p3                        =     0.234657   +/-   0.00336767  
[SUCCESS] Created final fit for L1Inner_Oxygen_NaF_L2QTemplate_EGE_SigmaL_spline with chi2/ndf = 2.17477
begin drawing Oxygen L1Inner NaF EGE_SigmaL

[INFO] Starting smart spline fit for: L1Inner_Oxygen_NaF_L1QTemplate_EGE_SigmaR (16 points)
****************************************
Minimizer is Minuit2 / Migrad
Chi2                      =      106.317
NDf                       =           14
Edm                       =  6.73632e-21
NCalls                    =           35
p0                        =     0.273602   +/-   0.00158646  
p1                        =     0.296844   +/-   0.0014026   
****************************************
Minimizer is Minuit2 / Migrad
Chi2                      =      69.4344
NDf                       =           13
Edm                       =  6.72862e-09
NCalls                    =           60
p0                        =     0.265494   +/-   0.00207355  
p1                        =     0.295978   +/-   0.00151682  
p2                        =     0.290199   +/-   0.00177892  
****************************************
Minimizer is Minuit2 / Migrad
Chi2                      =      64.5285
NDf                       =           12
Edm                       =  3.40484e-21
NCalls                    =           86
p0                        =     0.260657   +/-   0.00273979  
p1                        =     0.290728   +/-   0.00189744  
p2                        =     0.292174   +/-   0.00192685  
p3                        =     0.292833   +/-   0.00207497  
****************************************
Minimizer is Minuit2 / Migrad
Chi2                      =      57.5378
NDf                       =           11
Edm                       =  8.13705e-06
NCalls                    =          106
p0                        =     0.267293   +/-   0.00335314  
p1                        =     0.281001   +/-   0.0021372   
p2                        =     0.298102   +/-   0.00193507  
p3                        =     0.287956   +/-   0.0020153   
p4                        =      0.29585   +/-   0.00244792  
****************************************
Minimizer is Minuit2 / Migrad
Chi2                      =      12.0491
NDf                       =           10
Edm                       =  4.67258e-07
NCalls                    =          156
p0                        =     0.281335   +/-   0.00404601  
p1                        =     0.269357   +/-   0.00202715  
p2                        =     0.302512   +/-   0.0021515   
p3                        =     0.284954   +/-   0.00250299  
p4                        =     0.293925   +/-   0.00226528  
p5                        =     0.291805   +/-   0.00255128  
  [FIT] Found good fit candidate. Best segments so far: 5. Stopping search.
  [FIT] Finalizing with loop variable 'segments' = 5
****************************************
Minimizer is Minuit2 / Migrad
Chi2                      =      12.0332
NDf                       =           10
Edm                       =   1.8842e-08
NCalls                    =          166
p0                        =     0.288159   +/-   0.00544607  
p1                        =     0.270486   +/-   0.00184228  
p2                        =     0.301998   +/-   0.0021161   
p3                        =     0.285536   +/-   0.00245701  
p4                        =     0.293451   +/-   0.00216136  
p5                        =     0.290853   +/-   0.00337029  
[SUCCESS] Created final fit for L1Inner_Oxygen_NaF_L1QTemplate_EGE_SigmaR_spline with chi2/ndf = 1.20491

[INFO] Starting smart spline fit for: L1Inner_Oxygen_NaF_L2QTemplate_EGE_SigmaR (16 points)
****************************************
Minimizer is Minuit2 / Migrad
Chi2                      =      49.3939
NDf                       =           14
Edm                       =  2.50267e-22
NCalls                    =           35
p0                        =     0.271476   +/-   0.00235135  
p1                        =     0.302269   +/-   0.00207377  
****************************************
Minimizer is Minuit2 / Migrad
Chi2                      =      21.2643
NDf                       =           13
Edm                       =  1.21625e-07
NCalls                    =           61
p0                        =     0.262712   +/-   0.00287375  
p1                        =     0.297028   +/-   0.00163313  
p2                        =     0.289673   +/-   0.00315283  
  [FIT] Found good fit candidate. Best segments so far: 2. Stopping search.
  [FIT] Finalizing with loop variable 'segments' = 2
****************************************
Minimizer is Minuit2 / Migrad
Chi2                      =      25.3819
NDf                       =           13
Edm                       =  6.04141e-07
NCalls                    =           61
p0                        =      0.25784   +/-   0.003445    
p1                        =     0.295385   +/-   0.00151703  
p2                        =     0.290003   +/-   0.00393563  
[SUCCESS] Created final fit for L1Inner_Oxygen_NaF_L2QTemplate_EGE_SigmaR_spline with chi2/ndf = 1.63572
begin drawing Oxygen L1Inner NaF EGE_SigmaR
  [SUCCESS] Wrote constant TF1 'L1Inner_Oxygen_NaF_L1QTemplate_EGE_AlphaL_spline' to file.
  [SUCCESS] Wrote constant TF1 'L1Inner_Oxygen_NaF_L2QTemplate_EGE_AlphaL_spline' to file.
begin drawing Oxygen L1Inner NaF EGE_AlphaL

[INFO] Starting smart spline fit for: L1Inner_Oxygen_NaF_L1QTemplate_EGE_AlphaR (16 points)
****************************************
Minimizer is Minuit2 / Migrad
Chi2                      =      419.248
NDf                       =           14
Edm                       =  7.53408e-12
NCalls                    =           38
p0                        =      1.29728   +/-   0.0271079   
p1                        =       2.1997   +/-   0.00188205  
****************************************
Minimizer is Minuit2 / Migrad
Chi2                      =       321.36
NDf                       =           13
Edm                       =  9.40178e-22
NCalls                    =           68
p0                        =      1.52536   +/-   0.0355848   
p1                        =      1.53319   +/-   0.0360459   
p2                        =      2.20313   +/-   0.00191377  
****************************************
Minimizer is Minuit2 / Migrad
Chi2                      =      222.426
NDf                       =           12
Edm                       =  9.77314e-22
NCalls                    =           91
p0                        =      1.20813   +/-   0.0510948   
p1                        =      1.70607   +/-   0.0440953   
p2                        =      1.50532   +/-   0.0370651   
p3                        =      2.20882   +/-   0.0019959   
****************************************
Minimizer is Minuit2 / Migrad
Chi2                      =      87.7572
NDf                       =           11
Edm                       =  2.48152e-07
NCalls                    =          124
p0                        =      1.46535   +/-   0.0587715   
p1                        =      1.53106   +/-   0.0397319   
p2                        =       1.8637   +/-   0.0475693   
p3                        =       1.3677   +/-   0.0434664   
p4                        =      2.22845   +/-   0.00255636  
****************************************
Minimizer is Minuit2 / Migrad
Chi2                      =      78.1206
NDf                       =           10
Edm                       =  4.74889e-07
NCalls                    =          150
p0                        =       1.6095   +/-   0.0710543   
p1                        =      1.40206   +/-   0.0340364   
p2                        =      2.00948   +/-   0.0686568   
p3                        =      1.60839   +/-   0.0447022   
p4                        =      1.41454   +/-   0.0465997   
p5                        =      2.22581   +/-   0.00279012  
****************************************
Minimizer is Minuit2 / Migrad
Chi2                      =       76.559
NDf                       =            9
Edm                       =  1.72616e-07
NCalls                    =          177
p0                        =      1.60554   +/-   0.0817569   
p1                        =      1.37313   +/-   0.0317694   
p2                        =      1.77356   +/-   0.0601258   
p3                        =      1.84815   +/-   0.0597276   
p4                        =      1.43412   +/-   0.0511366   
p5                        =      1.64054   +/-   0.0401695   
p6                        =      2.23107   +/-   0.00368225  
****************************************
Minimizer is Minuit2 / Migrad
Chi2                      =      52.1436
NDf                       =            8
Edm                       =  1.43152e-05
NCalls                    =          221
p0                        =      1.53351   +/-   0.0845471   
p1                        =      1.40812   +/-   0.0333963   
p2                        =      1.52653   +/-   0.0518822   
p3                        =      2.21511   +/-   0.0841817   
p4                        =      1.49866   +/-   0.0501426   
p5                        =       1.5913   +/-   0.0709146   
p6                        =      1.59758   +/-   0.0411625   
p7                        =      2.24105   +/-   0.00438382  
  [FIT] No fit met threshold. Falling back to best chi2/ndf.
  [FIT] Finalizing with loop variable 'segments' = 7
****************************************
Minimizer is Minuit2 / Migrad
Chi2                      =      51.9735
NDf                       =            8
Edm                       =  1.19339e-17
NCalls                    =          246
p0                        =      1.55675   +/-   0.110124    
p1                        =      1.40833   +/-   0.0327988   
p2                        =      1.52533   +/-   0.0509334   
p3                        =       2.2135   +/-   0.083969    
p4                        =      1.49923   +/-   0.0500854   
p5                        =      1.59419   +/-   0.0709832   
p6                        =      1.59656   +/-   0.0412291   
p7                        =      2.37826   +/-   0.0175873   
[SUCCESS] Created final fit for L1Inner_Oxygen_NaF_L1QTemplate_EGE_AlphaR_spline with chi2/ndf = 6.51796

[INFO] Starting smart spline fit for: L1Inner_Oxygen_NaF_L2QTemplate_EGE_AlphaR (16 points)
****************************************
Minimizer is Minuit2 / Migrad
Chi2                      =      72.5089
NDf                       =           14
Edm                       =  6.39368e-23
NCalls                    =           31
p0                        =      1.36298   +/-   0.0514345   
p1                        =       1.9565   +/-   0.0439663   
****************************************
Minimizer is Minuit2 / Migrad
Chi2                      =      63.9069
NDf                       =           13
Edm                       =  1.74416e-22
NCalls                    =           53
p0                        =      1.17264   +/-   0.0828101   
p1                        =       1.9505   +/-   0.075933    
p2                        =      1.76764   +/-   0.0779698   
****************************************
Minimizer is Minuit2 / Migrad
Chi2                      =      35.4112
NDf                       =           12
Edm                       =  2.79001e-23
NCalls                    =           80
p0                        =       1.5675   +/-   0.113127    
p1                        =      1.50055   +/-   0.0717031   
p2                        =      2.09476   +/-   0.0554825   
p3                        =      1.40295   +/-   0.104398    
  [FIT] Found good fit candidate. Best segments so far: 3. Stopping search.
  [FIT] Finalizing with loop variable 'segments' = 3
****************************************
Minimizer is Minuit2 / Migrad
Chi2                      =      36.8481
NDf                       =           12
Edm                       =  3.79108e-09
NCalls                    =           88
p0                        =      1.73678   +/-   0.173109    
p1                        =      1.48539   +/-   0.0635888   
p2                        =       2.0447   +/-   0.0500875   
p3                        =      1.21786   +/-   0.141129    
[SUCCESS] Created final fit for L1Inner_Oxygen_NaF_L2QTemplate_EGE_AlphaR_spline with chi2/ndf = 2.95094
begin drawing Oxygen L1Inner NaF EGE_AlphaR
begin drawing Oxygen L1Inner NaF EGE_Chi2NDF

[INFO] Starting smart spline fit for: L1Inner_Oxygen_AGL_L1QTemplate_LG_Width (22 points)
****************************************
Minimizer is Minuit2 / Migrad
Chi2                      =      309.273
NDf                       =           20
Edm                       =  7.22678e-22
NCalls                    =           31
p0                        =    0.0618348   +/-   0.000971177 
p1                        =    0.0319919   +/-   0.000715284 
****************************************
Minimizer is Minuit2 / Migrad
Chi2                      =      247.336
NDf                       =           19
Edm                       =  5.06241e-07
NCalls                    =           59
p0                        =    0.0557972   +/-   0.00123762  
p1                        =    0.0521191   +/-   0.00114174  
p2                        =    0.0277903   +/-   0.000892515 
****************************************
Minimizer is Minuit2 / Migrad
Chi2                      =      246.583
NDf                       =           18
Edm                       =  6.01084e-22
NCalls                    =           80
p0                        =    0.0575305   +/-   0.00149634  
p1                        =    0.0554477   +/-   0.0012555   
p2                        =    0.0456018   +/-   0.00124938  
p3                        =    0.0261771   +/-   0.00113033  
****************************************
Minimizer is Minuit2 / Migrad
Chi2                      =      212.988
NDf                       =           17
Edm                       =  6.43237e-10
NCalls                    =          111
p0                        =    0.0624436   +/-   0.00177795  
p1                        =    0.0517898   +/-   0.00133972  
p2                        =    0.0580774   +/-   0.00153069  
p3                        =    0.0357092   +/-   0.00101846  
p4                        =    0.0299043   +/-   0.00130978  
****************************************
Minimizer is Minuit2 / Migrad
Chi2                      =      196.016
NDf                       =           16
Edm                       =  8.65845e-08
NCalls                    =          135
p0                        =    0.0623846   +/-   0.00207494  
p1                        =    0.0530295   +/-   0.00140673  
p2                        =    0.0550995   +/-   0.00160354  
p3                        =     0.055075   +/-   0.00194967  
p4                        =    0.0314427   +/-   0.000936889 
p5                        =    0.0319378   +/-   0.00143743  
****************************************
Minimizer is Minuit2 / Migrad
Chi2                      =      186.114
NDf                       =           15
Edm                       =  2.93548e-08
NCalls                    =          174
p0                        =    0.0659478   +/-   0.00227385  
p1                        =    0.0527982   +/-   0.0013203   
p2                        =    0.0567654   +/-   0.00160101  
p3                        =    0.0553712   +/-   0.00175385  
p4                        =    0.0526968   +/-   0.00211257  
p5                        =    0.0274409   +/-   0.0010693   
p6                        =    0.0341644   +/-   0.00165385  
****************************************
Minimizer is Minuit2 / Migrad
Chi2                      =       176.89
NDf                       =           14
Edm                       =  6.65629e-08
NCalls                    =          219
p0                        =    0.0678644   +/-   0.00234525  
p1                        =    0.0515554   +/-   0.00137301  
p2                        =    0.0585683   +/-   0.00177227  
p3                        =    0.0510726   +/-   0.00209299  
p4                        =    0.0613353   +/-   0.00235197  
p5                        =    0.0433346   +/-   0.00172951  
p6                        =    0.0290629   +/-   0.00115786  
p7                        =    0.0324812   +/-   0.00172045  
  [FIT] No fit met threshold. Falling back to best chi2/ndf.
  [FIT] Finalizing with loop variable 'segments' = 5
****************************************
Minimizer is Minuit2 / Migrad
Chi2                      =      192.462
NDf                       =           16
Edm                       =  1.05507e-07
NCalls                    =          147
p0                        =    0.0669924   +/-   0.00275827  
p1                        =    0.0525424   +/-   0.00128202  
p2                        =    0.0555307   +/-   0.00156093  
p3                        =    0.0544066   +/-   0.00189306  
p4                        =    0.0318478   +/-   0.000902104 
p5                        =     0.033015   +/-   0.00193778  
[SUCCESS] Created final fit for L1Inner_Oxygen_AGL_L1QTemplate_LG_Width_spline with chi2/ndf = 12.251

[INFO] Starting smart spline fit for: L1Inner_Oxygen_AGL_L2QTemplate_LG_Width (22 points)
****************************************
Minimizer is Minuit2 / Migrad
Chi2                      =      24.9372
NDf                       =           20
Edm                       =  5.19869e-23
NCalls                    =           31
p0                        =    0.0324787   +/-   0.000517194 
p1                        =    0.0314197   +/-   0.000692603 
  [FIT] Found good fit candidate. Best segments so far: 1. Stopping search.
  [FIT] Finalizing with loop variable 'segments' = 1
****************************************
Minimizer is Minuit2 / Migrad
Chi2                      =      24.6719
NDf                       =           20
Edm                       =  1.10957e-22
NCalls                    =           31
p0                        =    0.0326484   +/-   0.000601342 
p1                        =    0.0312196   +/-   0.000789985 
[SUCCESS] Created final fit for L1Inner_Oxygen_AGL_L2QTemplate_LG_Width_spline with chi2/ndf = 1.24686
begin drawing Oxygen L1Inner AGL LG_Width

[INFO] Starting smart spline fit for: L1Inner_Oxygen_AGL_L1QTemplate_LG_MPV (22 points)
****************************************
Minimizer is Minuit2 / Migrad
Chi2                      =      334.923
NDf                       =           20
Edm                       =  5.95459e-19
NCalls                    =           41
p0                        =      7.90922   +/-   0.000519601 
p1                        =      7.93668   +/-   0.000754304 
****************************************
Minimizer is Minuit2 / Migrad
Chi2                      =      249.998
NDf                       =           19
Edm                       =  1.46874e-06
NCalls                    =           74
p0                        =       7.9124   +/-   0.00062373  
p1                        =      7.92177   +/-   0.000588612 
p2                        =      7.94491   +/-   0.00116833  
****************************************
Minimizer is Minuit2 / Migrad
Chi2                      =      209.986
NDf                       =           18
Edm                       =  2.27019e-16
NCalls                    =          102
p0                        =      7.91079   +/-   0.000704918 
p1                        =      7.91685   +/-   0.000637871 
p2                        =      7.92714   +/-   0.00074888  
p3                        =      7.95152   +/-   0.00156689  
****************************************
Minimizer is Minuit2 / Migrad
Chi2                      =      202.514
NDf                       =           17
Edm                       =  1.83302e-07
NCalls                    =          129
p0                        =      7.91143   +/-   0.00077037  
p1                        =      7.91406   +/-   0.00069061  
p2                        =      7.92191   +/-   0.000789241 
p3                        =      7.93305   +/-   0.000915268 
p4                        =      7.95511   +/-   0.00190579  
****************************************
Minimizer is Minuit2 / Migrad
Chi2                      =      209.944
NDf                       =           16
Edm                       =  1.81497e-07
NCalls                    =          131
p0                        =      7.91109   +/-   0.000827676 
p1                        =      7.91357   +/-   0.000762758 
p2                        =      7.91769   +/-   0.000815305 
p3                        =      7.92444   +/-   0.000937357 
p4                        =      7.93842   +/-   0.00122996  
p5                        =      7.95374   +/-   0.00219071  
****************************************
Minimizer is Minuit2 / Migrad
Chi2                      =      135.389
NDf                       =           15
Edm                       =  2.88598e-07
NCalls                    =          216
p0                        =      7.90913   +/-   0.000893066 
p1                        =      7.91586   +/-   0.000842801 
p2                        =      7.91285   +/-   0.000870377 
p3                        =      7.92576   +/-   0.000997415 
p4                        =      7.92211   +/-   0.001002    
p5                        =      7.94983   +/-   0.00145355  
p6                        =      7.94584   +/-   0.00252173  
****************************************
Minimizer is Minuit2 / Migrad
Chi2                      =      125.462
NDf                       =           14
Edm                       =  1.78723e-06
NCalls                    =          185
p0                        =       7.9092   +/-   0.000921929 
p1                        =      7.91569   +/-   0.000916964 
p2                        =      7.91268   +/-   0.000900363 
p3                        =       7.9196   +/-   0.000904189 
p4                        =      7.92615   +/-   0.00121891  
p5                        =      7.92553   +/-   0.00107875  
p6                        =      7.95262   +/-   0.00166237  
p7                        =      7.94303   +/-   0.00267903  
  [FIT] No fit met threshold. Falling back to best chi2/ndf.
  [FIT] Finalizing with loop variable 'segments' = 7
****************************************
Minimizer is Minuit2 / Migrad
Chi2                      =      126.459
NDf                       =           14
Edm                       =  5.17569e-06
NCalls                    =          247
p0                        =      7.90744   +/-   0.00114092  
p1                        =      7.91562   +/-   0.000830831 
p2                        =      7.91279   +/-   0.000868663 
p3                        =       7.9196   +/-   0.000893431 
p4                        =      7.92596   +/-   0.00118013  
p5                        =      7.92576   +/-   0.00106021  
p6                        =      7.95162   +/-   0.00161794  
p7                        =      7.94004   +/-   0.00359286  
[SUCCESS] Created final fit for L1Inner_Oxygen_AGL_L1QTemplate_LG_MPV_spline with chi2/ndf = 8.96154

[INFO] Starting smart spline fit for: L1Inner_Oxygen_AGL_L2QTemplate_LG_MPV (22 points)
****************************************
Minimizer is Minuit2 / Migrad
Chi2                      =       35.951
NDf                       =           20
Edm                       =  5.25188e-18
NCalls                    =           43
p0                        =      7.94718   +/-   0.000798732 
p1                        =      7.96864   +/-   0.00107819  
  [FIT] Found good fit candidate. Best segments so far: 1. Stopping search.
  [FIT] Finalizing with loop variable 'segments' = 1
****************************************
Minimizer is Minuit2 / Migrad
Chi2                      =      39.3244
NDf                       =           20
Edm                       =  8.40566e-18
NCalls                    =           43
p0                        =      7.94503   +/-   0.000929957 
p1                        =      7.97087   +/-   0.00123314  
[SUCCESS] Created final fit for L1Inner_Oxygen_AGL_L2QTemplate_LG_MPV_spline with chi2/ndf = 1.79755
begin drawing Oxygen L1Inner AGL LG_MPV

[INFO] Starting smart spline fit for: L1Inner_Oxygen_AGL_L1QTemplate_LG_Sigma (22 points)
****************************************
Minimizer is Minuit2 / Migrad
Chi2                      =      182.662
NDf                       =           20
Edm                       =  4.61203e-22
NCalls                    =           35
p0                        =     0.200623   +/-   0.00123607  
p1                        =     0.226251   +/-   0.000834449 
****************************************
Minimizer is Minuit2 / Migrad
Chi2                      =      145.866
NDf                       =           19
Edm                       =  2.99237e-22
NCalls                    =           61
p0                        =     0.206621   +/-   0.00158286  
p1                        =     0.208272   +/-   0.00139733  
p2                        =     0.230041   +/-   0.00104239  
****************************************
Minimizer is Minuit2 / Migrad
Chi2                      =      147.812
NDf                       =           18
Edm                       =  2.46995e-09
NCalls                    =           92
p0                        =     0.205797   +/-   0.0019201   
p1                        =     0.205071   +/-   0.00156457  
p2                        =     0.214947   +/-   0.00148614  
p3                        =     0.230801   +/-   0.0013184   
****************************************
Minimizer is Minuit2 / Migrad
Chi2                      =      126.921
NDf                       =           17
Edm                       =  4.26833e-21
NCalls                    =          124
p0                        =     0.200863   +/-   0.00229829  
p1                        =      0.20932   +/-   0.00169763  
p2                        =     0.202806   +/-   0.0018803   
p3                        =     0.223372   +/-   0.00118895  
p4                        =     0.227485   +/-   0.00151808  
****************************************
Minimizer is Minuit2 / Migrad
Chi2                      =      118.376
NDf                       =           16
Edm                       =  1.08738e-21
NCalls                    =          153
p0                        =     0.200743   +/-   0.00268515  
p1                        =     0.208612   +/-   0.00178345  
p2                        =     0.205415   +/-   0.0019719   
p3                        =     0.206084   +/-   0.00237178  
p4                        =     0.226908   +/-   0.00109097  
p5                        =     0.225812   +/-   0.00166679  
****************************************
Minimizer is Minuit2 / Migrad
Chi2                      =      114.683
NDf                       =           15
Edm                       =  7.02753e-07
NCalls                    =          177
p0                        =      0.19756   +/-   0.00293099  
p1                        =     0.209015   +/-   0.00166607  
p2                        =     0.204291   +/-   0.00199827  
p3                        =       0.2052   +/-   0.00215764  
p4                        =     0.209141   +/-   0.00249209  
p5                        =     0.229924   +/-   0.00124063  
p6                        =     0.224203   +/-   0.00191276  
****************************************
Minimizer is Minuit2 / Migrad
Chi2                      =      108.611
NDf                       =           14
Edm                       =  1.26019e-08
NCalls                    =          221
p0                        =     0.195734   +/-   0.00301646  
p1                        =     0.210203   +/-   0.00173037  
p2                        =     0.202655   +/-   0.00225768  
p3                        =      0.20896   +/-   0.0025661   
p4                        =     0.200143   +/-   0.00289564  
p5                        =      0.21704   +/-   0.00202481  
p6                        =     0.228551   +/-   0.00133807  
p7                        =     0.225631   +/-   0.00198628  
  [FIT] No fit met threshold. Falling back to best chi2/ndf.
  [FIT] Finalizing with loop variable 'segments' = 5
****************************************
Minimizer is Minuit2 / Migrad
Chi2                      =      117.498
NDf                       =           16
Edm                       =  3.93617e-06
NCalls                    =          149
p0                        =     0.196821   +/-   0.00353615  
p1                        =     0.208973   +/-   0.0016252   
p2                        =      0.20503   +/-   0.00192252  
p3                        =     0.206763   +/-   0.00229826  
p4                        =     0.226498   +/-   0.00104809  
p5                        =     0.224822   +/-   0.00224331  
[SUCCESS] Created final fit for L1Inner_Oxygen_AGL_L1QTemplate_LG_Sigma_spline with chi2/ndf = 7.39847

[INFO] Starting smart spline fit for: L1Inner_Oxygen_AGL_L2QTemplate_LG_Sigma (22 points)
****************************************
Minimizer is Minuit2 / Migrad
Chi2                      =      17.2784
NDf                       =           20
Edm                       =  2.57769e-22
NCalls                    =           35
p0                        =     0.229046   +/-   0.000598459 
p1                        =       0.2225   +/-   0.000801703 
  [FIT] Found good fit candidate. Best segments so far: 1. Stopping search.
  [FIT] Finalizing with loop variable 'segments' = 1
****************************************
Minimizer is Minuit2 / Migrad
Chi2                      =      16.6546
NDf                       =           20
Edm                       =  2.61014e-22
NCalls                    =           35
p0                        =     0.229753   +/-   0.000695326 
p1                        =     0.221751   +/-   0.000913831 
[SUCCESS] Created final fit for L1Inner_Oxygen_AGL_L2QTemplate_LG_Sigma_spline with chi2/ndf = 0.86392
begin drawing Oxygen L1Inner AGL LG_Sigma
begin drawing Oxygen L1Inner AGL LG_Chi2NDF

[INFO] Starting smart spline fit for: L1Inner_Oxygen_AGL_L1QTemplate_EGE_Peak (22 points)
****************************************
Minimizer is Minuit2 / Migrad
Chi2                      =      58.6874
NDf                       =           17
Edm                       =  6.31373e-19
NCalls                    =           43
p0                        =      7.97195   +/-   0.00102976  
p1                        =      7.98692   +/-   0.000895084 
****************************************
Minimizer is Minuit2 / Migrad
Chi2                      =      40.8836
NDf                       =           16
Edm                       =  2.57223e-17
NCalls                    =           84
p0                        =      7.96839   +/-   0.00133231  
p1                        =      7.98326   +/-   0.000763862 
p2                        =      7.98304   +/-   0.00128273  
****************************************
Minimizer is Minuit2 / Migrad
Chi2                      =      33.4191
NDf                       =           15
Edm                       =   5.7186e-18
NCalls                    =          102
p0                        =      7.97055   +/-   0.00156202  
p1                        =       7.9762   +/-   0.00100404  
p2                        =      7.98616   +/-   0.000899678 
p3                        =      7.98038   +/-   0.00159007  
  [FIT] Found good fit candidate. Best segments so far: 2. Stopping search.
  [FIT] Finalizing with loop variable 'segments' = 2
****************************************
Minimizer is Minuit2 / Migrad
Chi2                      =      48.4999
NDf                       =           16
Edm                       =  7.61513e-18
NCalls                    =           84
p0                        =      7.96678   +/-   0.00157385  
p1                        =      7.98249   +/-   0.000693365 
p2                        =      7.98364   +/-   0.00162123  
[SUCCESS] Created final fit for L1Inner_Oxygen_AGL_L1QTemplate_EGE_Peak_spline with chi2/ndf = 2.55523

[INFO] Starting smart spline fit for: L1Inner_Oxygen_AGL_L2QTemplate_EGE_Peak (22 points)
****************************************
Minimizer is Minuit2 / Migrad
Chi2                      =      33.8906
NDf                       =           18
Edm                       =  8.26891e-19
NCalls                    =           43
p0                        =      7.98988   +/-   0.00101433  
p1                        =      8.00712   +/-   0.00130089  
****************************************
Minimizer is Minuit2 / Migrad
Chi2                      =      26.8379
NDf                       =           17
Edm                       =  1.83532e-08
NCalls                    =           72
p0                        =      7.98779   +/-   0.0012843   
p1                        =      8.00211   +/-   0.0010266   
p2                        =      8.00333   +/-   0.00193118  
  [FIT] Found good fit candidate. Best segments so far: 1. Stopping search.
  [FIT] Finalizing with loop variable 'segments' = 1
****************************************
Minimizer is Minuit2 / Migrad
Chi2                      =      37.6639
NDf                       =           18
Edm                       =  1.55306e-18
NCalls                    =           41
p0                        =      7.98818   +/-   0.00119386  
p1                        =      8.00883   +/-   0.00150397  
[SUCCESS] Created final fit for L1Inner_Oxygen_AGL_L2QTemplate_EGE_Peak_spline with chi2/ndf = 1.88281
begin drawing Oxygen L1Inner AGL EGE_Peak

[INFO] Starting smart spline fit for: L1Inner_Oxygen_AGL_L1QTemplate_EGE_SigmaL (22 points)
****************************************
Minimizer is Minuit2 / Migrad
Chi2                      =      47.4634
NDf                       =           17
Edm                       =  3.93717e-21
NCalls                    =           35
p0                        =     0.228776   +/-   0.000867602 
p1                        =     0.226572   +/-   0.000667935 
****************************************
Minimizer is Minuit2 / Migrad
Chi2                      =      45.5245
NDf                       =           16
Edm                       =  1.46822e-20
NCalls                    =           68
p0                        =     0.227631   +/-   0.00119563  
p1                        =     0.228068   +/-   0.000581732 
p2                        =     0.225625   +/-   0.00095335  
****************************************
Minimizer is Minuit2 / Migrad
Chi2                      =      45.3284
NDf                       =           15
Edm                       =  3.60036e-08
NCalls                    =           87
p0                        =     0.227958   +/-   0.00147985  
p1                        =     0.228103   +/-   0.000772693 
p2                        =     0.227497   +/-   0.000652499 
p3                        =     0.225282   +/-   0.0011743   
****************************************
Minimizer is Minuit2 / Migrad
Chi2                      =       45.478
NDf                       =           14
Edm                       =  1.11518e-06
NCalls                    =          120
p0                        =     0.227649   +/-   0.00159968  
p1                        =     0.228182   +/-   0.000904408 
p2                        =     0.228008   +/-   0.000715332 
p3                        =     0.226757   +/-   0.000816028 
p4                        =     0.225399   +/-   0.00142398  
  [FIT] Found good fit candidate. Best segments so far: 3. Stopping search.
  [FIT] Finalizing with loop variable 'segments' = 3
****************************************
Minimizer is Minuit2 / Migrad
Chi2                      =      45.7238
NDf                       =           15
Edm                       =  3.44249e-21
NCalls                    =           88
p0                        =      0.22767   +/-   0.00168297  
p1                        =     0.228226   +/-   0.00072579  
p2                        =     0.227394   +/-   0.000627437 
p3                        =     0.224993   +/-   0.00154079  
[SUCCESS] Created final fit for L1Inner_Oxygen_AGL_L1QTemplate_EGE_SigmaL_spline with chi2/ndf = 3.02189

[INFO] Starting smart spline fit for: L1Inner_Oxygen_AGL_L2QTemplate_EGE_SigmaL (22 points)
****************************************
Minimizer is Minuit2 / Migrad
Chi2                      =      25.4124
NDf                       =           18
Edm                       =  5.58217e-21
NCalls                    =           35
p0                        =     0.232895   +/-   0.000709481 
p1                        =     0.224157   +/-   0.000908674 
  [FIT] Found good fit candidate. Best segments so far: 1. Stopping search.
  [FIT] Finalizing with loop variable 'segments' = 1
****************************************
Minimizer is Minuit2 / Migrad
Chi2                      =      23.4782
NDf                       =           18
Edm                       =  2.67299e-21
NCalls                    =           35
p0                        =     0.233977   +/-   0.000834991 
p1                        =     0.222994   +/-   0.00105126  
[SUCCESS] Created final fit for L1Inner_Oxygen_AGL_L2QTemplate_EGE_SigmaL_spline with chi2/ndf = 1.4118
begin drawing Oxygen L1Inner AGL EGE_SigmaL

[INFO] Starting smart spline fit for: L1Inner_Oxygen_AGL_L1QTemplate_EGE_SigmaR (22 points)
****************************************
Minimizer is Minuit2 / Migrad
Chi2                      =      53.6709
NDf                       =           17
Edm                       =  8.07752e-22
NCalls                    =           35
p0                        =     0.289627   +/-   0.000977349 
p1                        =     0.287313   +/-   0.000779909 
****************************************
Minimizer is Minuit2 / Migrad
Chi2                      =      50.0309
NDf                       =           16
Edm                       =  7.07403e-20
NCalls                    =           76
p0                        =     0.291119   +/-   0.00125178  
p1                        =     0.287231   +/-   0.00070771  
p2                        =     0.288756   +/-   0.00108647  
****************************************
Minimizer is Minuit2 / Migrad
Chi2                      =      40.5319
NDf                       =           15
Edm                       =  6.74262e-21
NCalls                    =           88
p0                        =     0.293287   +/-   0.00143942  
p1                        =     0.286126   +/-   0.00097481  
p2                        =     0.289115   +/-   0.000819687 
p3                        =     0.286643   +/-   0.00133461  
  [FIT] Found good fit candidate. Best segments so far: 2. Stopping search.
  [FIT] Finalizing with loop variable 'segments' = 2
****************************************
Minimizer is Minuit2 / Migrad
Chi2                      =      46.7114
NDf                       =           16
Edm                       =  3.15878e-06
NCalls                    =           63
p0                        =     0.292441   +/-   0.00143717  
p1                        =     0.287248   +/-   0.000643253 
p2                        =      0.28901   +/-   0.00136533  
[SUCCESS] Created final fit for L1Inner_Oxygen_AGL_L1QTemplate_EGE_SigmaR_spline with chi2/ndf = 3.12693

[INFO] Starting smart spline fit for: L1Inner_Oxygen_AGL_L2QTemplate_EGE_SigmaR (22 points)
****************************************
Minimizer is Minuit2 / Migrad
Chi2                      =      37.2486
NDf                       =           18
Edm                       =   2.1034e-21
NCalls                    =           35
p0                        =     0.284904   +/-   0.00107832  
p1                        =     0.281214   +/-   0.00132159  
****************************************
Minimizer is Minuit2 / Migrad
Chi2                      =      33.5439
NDf                       =           17
Edm                       =  4.10208e-22
NCalls                    =           62
p0                        =     0.286541   +/-   0.0013733   
p1                        =     0.281187   +/-   0.00107668  
p2                        =     0.283773   +/-   0.00187465  
  [FIT] Found good fit candidate. Best segments so far: 1. Stopping search.
  [FIT] Finalizing with loop variable 'segments' = 1
****************************************
Minimizer is Minuit2 / Migrad
Chi2                      =      36.9752
NDf                       =           18
Edm                       =  1.28105e-20
NCalls                    =           35
p0                        =     0.285392   +/-   0.0012633   
p1                        =     0.280695   +/-   0.0015241   
[SUCCESS] Created final fit for L1Inner_Oxygen_AGL_L2QTemplate_EGE_SigmaR_spline with chi2/ndf = 2.06937
begin drawing Oxygen L1Inner AGL EGE_SigmaR
  [SUCCESS] Wrote constant TF1 'L1Inner_Oxygen_AGL_L1QTemplate_EGE_AlphaL_spline' to file.
  [SUCCESS] Wrote constant TF1 'L1Inner_Oxygen_AGL_L2QTemplate_EGE_AlphaL_spline' to file.
begin drawing Oxygen L1Inner AGL EGE_AlphaL

[INFO] Starting smart spline fit for: L1Inner_Oxygen_AGL_L1QTemplate_EGE_AlphaR (22 points)
****************************************
Minimizer is Minuit2 / Migrad
Chi2                      =      267.809
NDf                       =           17
Edm                       =  5.32757e-22
NCalls                    =           31
p0                        =      1.44329   +/-   0.0158062   
p1                        =      1.70079   +/-   0.0109527   
****************************************
Minimizer is Minuit2 / Migrad
Chi2                      =      263.144
NDf                       =           16
Edm                       =  1.38507e-22
NCalls                    =           53
p0                        =      1.40953   +/-   0.0222291   
p1                        =      1.61749   +/-   0.0119341   
p2                        =      1.67938   +/-   0.0147736   
****************************************
Minimizer is Minuit2 / Migrad
Chi2                      =      260.776
NDf                       =           15
Edm                       =  1.14176e-08
NCalls                    =           89
p0                        =      1.36913   +/-   0.0327934   
p1                        =      1.55589   +/-   0.0159993   
p2                        =      1.64292   +/-   0.0112055   
p3                        =      1.69149   +/-   0.0162574   
****************************************
Minimizer is Minuit2 / Migrad
Chi2                      =      256.525
NDf                       =           14
Edm                       =    2.561e-06
NCalls                    =           99
p0                        =      1.41863   +/-   0.0375761   
p1                        =      1.48134   +/-   0.0149278   
p2                        =      1.64429   +/-   0.0161965   
p3                        =       1.6385   +/-   0.0145387   
p4                        =      1.69992   +/-   0.0171242   
****************************************
Minimizer is Minuit2 / Migrad
Chi2                      =      232.785
NDf                       =           13
Edm                       =  8.32921e-09
NCalls                    =          148
p0                        =      1.47575   +/-   0.0392919   
p1                        =      1.40347   +/-   0.0185114   
p2                        =      1.67476   +/-   0.024922    
p3                        =      1.60059   +/-   0.0152739   
p4                        =      1.71309   +/-   0.0226058   
p5                        =      1.68354   +/-   0.0178542   
****************************************
Minimizer is Minuit2 / Migrad
Chi2                      =       195.42
NDf                       =           12
Edm                       =  5.20894e-09
NCalls                    =          190
p0                        =      1.55344   +/-   0.0411547   
p1                        =      1.25349   +/-   0.0315336   
p2                        =      1.71775   +/-   0.0290292   
p3                        =       1.6111   +/-   0.0184664   
p4                        =      1.62476   +/-   0.0131526   
p5                        =      1.71306   +/-   0.0271677   
p6                        =      1.68431   +/-   0.0185148   
****************************************
Minimizer is Minuit2 / Migrad
Chi2                      =      110.453
NDf                       =           11
Edm                       =  6.66655e-09
NCalls                    =          175
p0                        =      1.64613   +/-   0.0422959   
p1                        =     0.967396   +/-   0.0438463   
p2                        =      1.74038   +/-   0.0249593   
p3                        =      1.54069   +/-   0.0303531   
p4                        =      1.70765   +/-   0.0241647   
p5                        =      1.60523   +/-   0.0160556   
p6                        =      1.76106   +/-   0.0311737   
p7                        =      1.67389   +/-   0.0188283   
  [FIT] No fit met threshold. Falling back to best chi2/ndf.
  [FIT] Finalizing with loop variable 'segments' = 7
****************************************
Minimizer is Minuit2 / Migrad
Chi2                      =      84.1988
NDf                       =           11
Edm                       =  4.86393e-08
NCalls                    =          237
p0                        =      1.80445   +/-   0.049299    
p1                        =     0.956085   +/-   0.041948    
p2                        =       1.7227   +/-   0.0231072   
p3                        =      1.54869   +/-   0.0300249   
p4                        =      1.70006   +/-   0.0238062   
p5                        =      1.60805   +/-   0.0159907   
p6                        =      1.75487   +/-   0.0301033   
p7                        =       1.6487   +/-   0.0246612   
[SUCCESS] Created final fit for L1Inner_Oxygen_AGL_L1QTemplate_EGE_AlphaR_spline with chi2/ndf = 10.0412

[INFO] Starting smart spline fit for: L1Inner_Oxygen_AGL_L2QTemplate_EGE_AlphaR (22 points)
****************************************
Minimizer is Minuit2 / Migrad
Chi2                      =      24.9384
NDf                       =           18
Edm                       =  4.50867e-24
NCalls                    =           31
p0                        =      1.56586   +/-   0.0223377   
p1                        =      1.54855   +/-   0.0280963   
  [FIT] Found good fit candidate. Best segments so far: 1. Stopping search.
  [FIT] Finalizing with loop variable 'segments' = 1
****************************************
Minimizer is Minuit2 / Migrad
Chi2                      =      24.9416
NDf                       =           18
Edm                       =  6.65148e-22
NCalls                    =           31
p0                        =      1.56796   +/-   0.0268258   
p1                        =      1.54635   +/-   0.0332097   
[SUCCESS] Created final fit for L1Inner_Oxygen_AGL_L2QTemplate_EGE_AlphaR_spline with chi2/ndf = 1.38547
begin drawing Oxygen L1Inner AGL EGE_AlphaR
begin drawing Oxygen L1Inner AGL EGE_Chi2NDF

[INFO] Starting smart spline fit for: UnbiasedL1Inner_Oxygen_TOF_L1QTemplate_LG_Width (7 points)
****************************************
Minimizer is Minuit2 / Migrad
Chi2                      =      65.2359
NDf                       =            5
Edm                       =  8.19185e-23
NCalls                    =           31
p0                        =    0.0265814   +/-   0.000763648 
p1                        =    0.0231589   +/-   0.000553419 
****************************************
Minimizer is Minuit2 / Migrad
Chi2                      =      64.6412
NDf                       =            4
Edm                       =  1.39411e-22
NCalls                    =           53
p0                        =    0.0271186   +/-   0.00103363  
p1                        =    0.0242428   +/-   0.000601733 
p2                        =    0.0234355   +/-   0.000659459 
****************************************
Minimizer is Minuit2 / Migrad
Chi2                      =      64.2265
NDf                       =            3
Edm                       =  6.75777e-23
NCalls                    =           89
p0                        =    0.0274307   +/-   0.00115607  
p1                        =    0.0247886   +/-   0.000722953 
p2                        =    0.0242856   +/-   0.000883454 
p3                        =    0.0230975   +/-   0.000791473 
****************************************
Minimizer is Minuit2 / Migrad
Chi2                      =      61.9226
NDf                       =            2
Edm                       =  9.71014e-09
NCalls                    =          111
p0                        =      0.02583   +/-   0.00136001  
p1                        =    0.0276496   +/-   0.00113972  
p2                        =    0.0234862   +/-   0.00075855  
p3                        =    0.0240491   +/-   0.000768209 
p4                        =    0.0229562   +/-   0.000946084 
****************************************
Minimizer is Minuit2 / Migrad
Chi2                      =      12.2888
NDf                       =            1
Edm                       =  2.44997e-21
NCalls                    =          151
p0                        =    0.0195059   +/-   0.00166559  
p1                        =     0.037373   +/-   0.00185971  
p2                        =    0.0230358   +/-   0.0007858   
p3                        =    0.0291227   +/-   0.00112223  
p4                        =     0.022236   +/-   0.00081718  
p5                        =    0.0247666   +/-   0.000990605 
  [FIT] No fit met threshold. Falling back to best chi2/ndf.
  [FIT] Finalizing with loop variable 'segments' = 5
****************************************
Minimizer is Minuit2 / Migrad
Chi2                      =      12.8233
NDf                       =            1
Edm                       =  1.36555e-20
NCalls                    =          149
p0                        =   0.00898875   +/-   0.00315904  
p1                        =     0.037276   +/-   0.00186105  
p2                        =    0.0230244   +/-   0.00078537  
p3                        =    0.0290078   +/-   0.00111564  
p4                        =    0.0222138   +/-   0.000820856 
p5                        =    0.0268568   +/-   0.00151786  
[SUCCESS] Created final fit for UnbiasedL1Inner_Oxygen_TOF_L1QTemplate_LG_Width_spline with chi2/ndf = 12.2888

[INFO] Starting smart spline fit for: UnbiasedL1Inner_Oxygen_TOF_L2QTemplate_LG_Width (7 points)
****************************************
Minimizer is Minuit2 / Migrad
Chi2                      =      20.9663
NDf                       =            5
Edm                       =  1.95098e-22
NCalls                    =           31
p0                        =    0.0266557   +/-   0.000833666 
p1                        =    0.0173977   +/-   0.000673937 
****************************************
Minimizer is Minuit2 / Migrad
Chi2                      =      19.2962
NDf                       =            4
Edm                       =  9.11174e-23
NCalls                    =           53
p0                        =    0.0276352   +/-   0.00112667  
p1                        =    0.0205768   +/-   0.00071542  
p2                        =    0.0180919   +/-   0.000861833 
****************************************
Minimizer is Minuit2 / Migrad
Chi2                      =      11.3946
NDf                       =            3
Edm                       =  7.22202e-06
NCalls                    =           79
p0                        =    0.0254389   +/-   0.00135916  
p1                        =    0.0244671   +/-   0.000846829 
p2                        =    0.0174012   +/-   0.000846785 
p3                        =    0.0195751   +/-   0.00102734  
****************************************
Minimizer is Minuit2 / Migrad
Chi2                      =     0.488553
NDf                       =            2
Edm                       =  5.30169e-06
NCalls                    =           98
p0                        =    0.0222904   +/-   0.00167328  
p1                        =    0.0283331   +/-   0.000976249 
p2                        =    0.0186356   +/-   0.000889979 
p3                        =    0.0191904   +/-   0.000859551 
p4                        =    0.0179828   +/-   0.00123681  
  [FIT] Found good fit candidate. Best segments so far: 4. Stopping search.
  [FIT] Finalizing with loop variable 'segments' = 4
****************************************
Minimizer is Minuit2 / Migrad
Chi2                      =     0.721748
NDf                       =            2
Edm                       =  1.24639e-08
NCalls                    =          111
p0                        =    0.0190292   +/-   0.00248683  
p1                        =    0.0283856   +/-   0.00098918  
p2                        =    0.0187195   +/-   0.000879639 
p3                        =    0.0191742   +/-   0.000878384 
p4                        =    0.0174323   +/-   0.00174205  
[SUCCESS] Created final fit for UnbiasedL1Inner_Oxygen_TOF_L2QTemplate_LG_Width_spline with chi2/ndf = 0.244277
begin drawing Oxygen UnbiasedL1Inner TOF LG_Width

[INFO] Starting smart spline fit for: UnbiasedL1Inner_Oxygen_TOF_L1QTemplate_LG_MPV (7 points)
****************************************
Minimizer is Minuit2 / Migrad
Chi2                      =      115.194
NDf                       =            5
Edm                       =   8.1449e-18
NCalls                    =           43
p0                        =      7.94984   +/-   0.00128754  
p1                        =      7.95729   +/-   0.00100676  
****************************************
Minimizer is Minuit2 / Migrad
Chi2                      =      68.0444
NDf                       =            4
Edm                       =  2.28549e-07
NCalls                    =           75
p0                        =      7.94185   +/-   0.00173561  
p1                        =      7.95999   +/-   0.00106498  
p2                        =      7.95235   +/-   0.00123721  
****************************************
Minimizer is Minuit2 / Migrad
Chi2                      =      67.5719
NDf                       =            3
Edm                       =   1.6781e-17
NCalls                    =          104
p0                        =      7.94033   +/-   0.00201428  
p1                        =      7.95753   +/-   0.00125684  
p2                        =      7.95743   +/-   0.00139771  
p3                        =      7.95331   +/-   0.00146109  
****************************************
Minimizer is Minuit2 / Migrad
Chi2                      =      64.8991
NDf                       =            2
Edm                       =  7.34863e-07
NCalls                    =          104
p0                        =      7.94416   +/-   0.00243619  
p1                        =      7.94746   +/-   0.00166875  
p2                        =      7.96136   +/-   0.00132531  
p3                        =      7.95407   +/-   0.00136333  
p4                        =      7.95367   +/-   0.00175361  
****************************************
Minimizer is Minuit2 / Migrad
Chi2                      =      8.92558
NDf                       =            1
Edm                       =  2.08628e-17
NCalls                    =          175
p0                        =      7.95229   +/-   0.00271032  
p1                        =      7.93846   +/-   0.00212535  
p2                        =      7.96189   +/-   0.0013889   
p3                        =      7.95158   +/-   0.00159812  
p4                        =      7.95935   +/-   0.00155835  
p5                        =      7.94938   +/-   0.001858    
  [FIT] No fit met threshold. Falling back to best chi2/ndf.
  [FIT] Finalizing with loop variable 'segments' = 5
****************************************
Minimizer is Minuit2 / Migrad
Chi2                      =      9.02749
NDf                       =            1
Edm                       =  5.65621e-18
NCalls                    =          173
p0                        =      7.96313   +/-   0.00452972  
p1                        =      7.93857   +/-   0.00212319  
p2                        =      7.96189   +/-   0.00138796  
p3                        =       7.9516   +/-   0.00159518  
p4                        =      7.95942   +/-   0.00156691  
p5                        =      7.94424   +/-   0.00284547  
[SUCCESS] Created final fit for UnbiasedL1Inner_Oxygen_TOF_L1QTemplate_LG_MPV_spline with chi2/ndf = 8.92558

[INFO] Starting smart spline fit for: UnbiasedL1Inner_Oxygen_TOF_L2QTemplate_LG_MPV (7 points)
****************************************
Minimizer is Minuit2 / Migrad
Chi2                      =      79.9975
NDf                       =            5
Edm                       =  6.09751e-18
NCalls                    =           43
p0                        =      7.91897   +/-   0.00143869  
p1                        =      7.99229   +/-   0.00137947  
****************************************
Minimizer is Minuit2 / Migrad
Chi2                      =      18.7886
NDf                       =            4
Edm                       =   3.1392e-17
NCalls                    =           79
p0                        =       7.9085   +/-   0.00196523  
p1                        =       7.9699   +/-   0.00137411  
p2                        =      7.98349   +/-   0.00177973  
****************************************
Minimizer is Minuit2 / Migrad
Chi2                      =       10.534
NDf                       =            3
Edm                       =  4.94299e-18
NCalls                    =          100
p0                        =      7.91252   +/-   0.00238147  
p1                        =      7.94871   +/-   0.00148049  
p2                        =      7.98395   +/-   0.00171741  
p3                        =      7.97953   +/-   0.00214799  
****************************************
Minimizer is Minuit2 / Migrad
Chi2                      =      1.31153
NDf                       =            2
Edm                       =   5.9277e-10
NCalls                    =          107
p0                        =      7.91768   +/-   0.00294853  
p1                        =       7.9251   +/-   0.00161937  
p2                        =      7.97367   +/-   0.0017429   
p3                        =      7.98206   +/-   0.00173965  
p4                        =      7.98261   +/-   0.00260341  
  [FIT] Found good fit candidate. Best segments so far: 4. Stopping search.
  [FIT] Finalizing with loop variable 'segments' = 4
****************************************
Minimizer is Minuit2 / Migrad
Chi2                      =       1.3771
NDf                       =            2
Edm                       =  1.23567e-06
NCalls                    =          106
p0                        =      7.91866   +/-   0.00437225  
p1                        =      7.92512   +/-   0.00163639  
p2                        =       7.9736   +/-   0.0017203   
p3                        =      7.98206   +/-   0.00177754  
p4                        =      7.98295   +/-   0.00364521  
[SUCCESS] Created final fit for UnbiasedL1Inner_Oxygen_TOF_L2QTemplate_LG_MPV_spline with chi2/ndf = 0.655766
begin drawing Oxygen UnbiasedL1Inner TOF LG_MPV

[INFO] Starting smart spline fit for: UnbiasedL1Inner_Oxygen_TOF_L1QTemplate_LG_Sigma (7 points)
****************************************
Minimizer is Minuit2 / Migrad
Chi2                      =      123.086
NDf                       =            5
Edm                       =   7.4795e-21
NCalls                    =           35
p0                        =      0.23617   +/-   0.000848505 
p1                        =     0.246229   +/-   0.000621558 
****************************************
Minimizer is Minuit2 / Migrad
Chi2                      =      90.1889
NDf                       =            4
Edm                       =  2.57924e-07
NCalls                    =           63
p0                        =     0.240562   +/-   0.00114286  
p1                        =     0.238933   +/-   0.00066656  
p2                        =     0.248611   +/-   0.000747539 
****************************************
Minimizer is Minuit2 / Migrad
Chi2                      =      86.8343
NDf                       =            3
Edm                       =  2.98995e-21
NCalls                    =           88
p0                        =     0.241479   +/-   0.00127609  
p1                        =      0.23715   +/-   0.00080593  
p2                        =     0.242975   +/-   0.000976166 
p3                        =     0.248151   +/-   0.000909643 
****************************************
Minimizer is Minuit2 / Migrad
Chi2                      =      74.0661
NDf                       =            2
Edm                       =  7.36797e-09
NCalls                    =           98
p0                        =     0.244458   +/-   0.00150103  
p1                        =     0.234595   +/-   0.00127338  
p2                        =     0.240885   +/-   0.000838657 
p3                        =     0.245385   +/-   0.000834947 
p4                        =     0.248688   +/-   0.0010968   
****************************************
Minimizer is Minuit2 / Migrad
Chi2                      =      10.9486
NDf                       =            1
Edm                       =  4.05901e-19
NCalls                    =          165
p0                        =     0.252608   +/-   0.00184857  
p1                        =     0.221954   +/-   0.00209693  
p2                        =     0.239286   +/-   0.000876824 
p3                        =     0.236578   +/-   0.00125211  
p4                        =     0.247461   +/-   0.000884586 
p5                        =     0.246453   +/-   0.00114327  
  [FIT] No fit met threshold. Falling back to best chi2/ndf.
  [FIT] Finalizing with loop variable 'segments' = 5
****************************************
Minimizer is Minuit2 / Migrad
Chi2                      =      11.7861
NDf                       =            1
Edm                       =  2.90379e-19
NCalls                    =          165
p0                        =     0.269037   +/-   0.00353096  
p1                        =     0.222047   +/-   0.00209862  
p2                        =     0.239309   +/-   0.000876345 
p3                        =     0.236778   +/-   0.00124451  
p4                        =     0.247475   +/-   0.000888493 
p5                        =     0.244402   +/-   0.00173071  
[SUCCESS] Created final fit for UnbiasedL1Inner_Oxygen_TOF_L1QTemplate_LG_Sigma_spline with chi2/ndf = 10.9486

[INFO] Starting smart spline fit for: UnbiasedL1Inner_Oxygen_TOF_L2QTemplate_LG_Sigma (7 points)
****************************************
Minimizer is Minuit2 / Migrad
Chi2                      =       77.789
NDf                       =            5
Edm                       =  2.54227e-21
NCalls                    =           35
p0                        =     0.211684   +/-   0.00093795  
p1                        =     0.246043   +/-   0.000731876 
****************************************
Minimizer is Minuit2 / Migrad
Chi2                      =      35.1488
NDf                       =            4
Edm                       =  3.06015e-21
NCalls                    =           57
p0                        =       0.2173   +/-   0.00127253  
p1                        =     0.227387   +/-   0.000774622 
p2                        =     0.249891   +/-   0.000939606 
****************************************
Minimizer is Minuit2 / Migrad
Chi2                      =      15.7789
NDf                       =            3
Edm                       =  2.97873e-20
NCalls                    =          103
p0                        =     0.221098   +/-   0.00153894  
p1                        =     0.218712   +/-   0.000938634 
p2                        =     0.238449   +/-   0.000906829 
p3                        =     0.247756   +/-   0.00112091  
****************************************
Minimizer is Minuit2 / Migrad
Chi2                      =      2.93966
NDf                       =            2
Edm                       =  2.67374e-07
NCalls                    =          119
p0                        =     0.225262   +/-   0.00189727  
p1                        =     0.213992   +/-   0.00109738  
p2                        =      0.23001   +/-   0.000958039 
p3                        =     0.243109   +/-   0.000926942 
p4                        =     0.249965   +/-   0.00135112  
  [FIT] Found good fit candidate. Best segments so far: 4. Stopping search.
  [FIT] Finalizing with loop variable 'segments' = 4
****************************************
Minimizer is Minuit2 / Migrad
Chi2                      =      3.30738
NDf                       =            2
Edm                       =   1.5257e-07
NCalls                    =          117
p0                        =     0.230765   +/-   0.00281334  
p1                        =     0.213919   +/-   0.00111252  
p2                        =     0.229866   +/-   0.000947081 
p3                        =     0.243043   +/-   0.000947339 
p4                        =     0.251967   +/-   0.00190078  
[SUCCESS] Created final fit for UnbiasedL1Inner_Oxygen_TOF_L2QTemplate_LG_Sigma_spline with chi2/ndf = 1.46983
begin drawing Oxygen UnbiasedL1Inner TOF LG_Sigma
begin drawing Oxygen UnbiasedL1Inner TOF LG_Chi2NDF

[INFO] Starting smart spline fit for: UnbiasedL1Inner_Oxygen_TOF_L1QTemplate_EGE_Peak (7 points)
****************************************
Minimizer is Minuit2 / Migrad
Chi2                      =       97.802
NDf                       =            5
Edm                       =  2.41237e-17
NCalls                    =           43
p0                        =      7.99962   +/-   0.0013251   
p1                        =      8.00353   +/-   0.00075546  
****************************************
Minimizer is Minuit2 / Migrad
Chi2                      =      74.4306
NDf                       =            4
Edm                       =  2.45546e-19
NCalls                    =           66
p0                        =      7.99315   +/-   0.00188204  
p1                        =      8.00575   +/-   0.000996936 
p2                        =      8.00154   +/-   0.0008595   
****************************************
Minimizer is Minuit2 / Migrad
Chi2                      =      28.7304
NDf                       =            3
Edm                       =   7.3303e-17
NCalls                    =          113
p0                        =      7.98439   +/-   0.00229069  
p1                        =      8.00924   +/-   0.00128676  
p2                        =      7.99948   +/-   0.00121245  
p3                        =      8.00376   +/-   0.000932979 
****************************************
Minimizer is Minuit2 / Migrad
Chi2                      =      41.9159
NDf                       =            2
Edm                       =  2.97666e-06
NCalls                    =          132
p0                        =      7.98304   +/-   0.00282513  
p1                        =      8.00271   +/-   0.00164759  
p2                        =      8.00487   +/-   0.00124286  
p3                        =      8.00039   +/-   0.00146606  
p4                        =      8.00356   +/-   0.00108947  
****************************************
Minimizer is Minuit2 / Migrad
Chi2                      =      5.25214
NDf                       =            1
Edm                       =   5.5251e-17
NCalls                    =          175
p0                        =      7.99039   +/-   0.00309982  
p1                        =      7.99599   +/-   0.00200862  
p2                        =      8.01216   +/-   0.00142142  
p3                        =       7.9975   +/-   0.00129966  
p4                        =      8.00715   +/-   0.00199278  
p5                        =      8.00051   +/-   0.00124953  
  [FIT] No fit met threshold. Falling back to best chi2/ndf.
  [FIT] Finalizing with loop variable 'segments' = 5
****************************************
Minimizer is Minuit2 / Migrad
Chi2                      =      5.45152
NDf                       =            1
Edm                       =  1.85644e-17
NCalls                    =          186
p0                        =       7.9921   +/-   0.00493472  
p1                        =      7.99596   +/-   0.00200682  
p2                        =      8.01212   +/-   0.00141915  
p3                        =      7.99745   +/-   0.00129706  
p4                        =      8.00713   +/-   0.00200834  
p5                        =      7.99647   +/-   0.00237537  
[SUCCESS] Created final fit for UnbiasedL1Inner_Oxygen_TOF_L1QTemplate_EGE_Peak_spline with chi2/ndf = 5.25214

[INFO] Starting smart spline fit for: UnbiasedL1Inner_Oxygen_TOF_L2QTemplate_EGE_Peak (7 points)
****************************************
Minimizer is Minuit2 / Migrad
Chi2                      =      111.112
NDf                       =            5
Edm                       =   1.0193e-16
NCalls                    =           43
p0                        =       7.9653   +/-   0.00131619  
p1                        =      8.03355   +/-   0.00115804  
****************************************
Minimizer is Minuit2 / Migrad
Chi2                      =       33.053
NDf                       =            4
Edm                       =  3.56689e-17
NCalls                    =           73
p0                        =      7.95452   +/-   0.00179491  
p1                        =      8.01219   +/-   0.00109538  
p2                        =      8.02488   +/-   0.00151808  
****************************************
Minimizer is Minuit2 / Migrad
Chi2                      =      38.4051
NDf                       =            3
Edm                       =  1.55908e-16
NCalls                    =          108
p0                        =      7.95422   +/-   0.00229838  
p1                        =      7.99522   +/-   0.00137389  
p2                        =      8.02134   +/-   0.00138128  
p3                        =      8.02494   +/-   0.0018068   
****************************************
Minimizer is Minuit2 / Migrad
Chi2                      =      11.1606
NDf                       =            2
Edm                       =   2.3945e-07
NCalls                    =          138
p0                        =      7.96183   +/-   0.00288863  
p1                        =      7.97093   +/-   0.00141247  
p2                        =      8.01522   +/-   0.00127596  
p3                        =      8.02037   +/-   0.00148763  
p4                        =      8.02986   +/-   0.00218905  
****************************************
Minimizer is Minuit2 / Migrad
Chi2                      =      17.6404
NDf                       =            1
Edm                       =  1.41559e-16
NCalls                    =          194
p0                        =      7.96261   +/-   0.00309901  
p1                        =      7.97052   +/-   0.00155968  
p2                        =      7.99675   +/-   0.00165132  
p3                        =      8.01963   +/-   0.00156183  
p4                        =      8.02141   +/-   0.00179401  
p5                        =      8.02891   +/-   0.00235483  
  [FIT] No fit met threshold. Falling back to best chi2/ndf.
  [FIT] Finalizing with loop variable 'segments' = 4
****************************************
Minimizer is Minuit2 / Migrad
Chi2                      =      12.1319
NDf                       =            2
Edm                       =  1.02687e-06
NCalls                    =          106
p0                        =      7.96181   +/-   0.00421549  
p1                        =      7.97104   +/-   0.00142394  
p2                        =      8.01512   +/-   0.00126524  
p3                        =      8.02031   +/-   0.001522    
p4                        =      8.03317   +/-   0.00306555  
[SUCCESS] Created final fit for UnbiasedL1Inner_Oxygen_TOF_L2QTemplate_EGE_Peak_spline with chi2/ndf = 5.58031
begin drawing Oxygen UnbiasedL1Inner TOF EGE_Peak

[INFO] Starting smart spline fit for: UnbiasedL1Inner_Oxygen_TOF_L1QTemplate_EGE_SigmaL (7 points)
****************************************
Minimizer is Minuit2 / Migrad
Chi2                      =      122.594
NDf                       =            5
Edm                       =  8.86401e-22
NCalls                    =           35
p0                        =     0.239349   +/-   0.00107819  
p1                        =     0.254187   +/-   0.000601789 
****************************************
Minimizer is Minuit2 / Migrad
Chi2                      =      87.8008
NDf                       =            4
Edm                       =  5.06141e-10
NCalls                    =           63
p0                        =     0.246822   +/-   0.00166352  
p1                        =     0.244618   +/-   0.0007232   
p2                        =     0.256004   +/-   0.000676016 
****************************************
Minimizer is Minuit2 / Migrad
Chi2                      =      22.8167
NDf                       =            3
Edm                       =  1.03777e-08
NCalls                    =           94
p0                        =     0.238006   +/-   0.00204229  
p1                        =     0.248539   +/-   0.000930695 
p2                        =     0.242345   +/-   0.000953613 
p3                        =     0.258089   +/-   0.000725116 
****************************************
Minimizer is Minuit2 / Migrad
Chi2                      =      24.8925
NDf                       =            2
Edm                       =  4.14256e-22
NCalls                    =           99
p0                        =     0.240882   +/-   0.00250155  
p1                        =     0.244617   +/-   0.00137726  
p2                        =     0.245995   +/-   0.000903002 
p3                        =     0.244836   +/-   0.00130764  
p4                        =     0.259717   +/-   0.000852415 
****************************************
Minimizer is Minuit2 / Migrad
Chi2                      =      1.62389
NDf                       =            1
Edm                       =  4.14659e-19
NCalls                    =          182
p0                        =     0.246778   +/-   0.00279387  
p1                        =     0.238784   +/-   0.00184159  
p2                        =     0.249459   +/-   0.00100568  
p3                        =      0.24076   +/-   0.00101566  
p4                        =     0.249971   +/-   0.00203493  
p5                        =     0.257738   +/-   0.00104826  
  [FIT] No fit met threshold. Falling back to best chi2/ndf.
  [FIT] Finalizing with loop variable 'segments' = 5
****************************************
Minimizer is Minuit2 / Migrad
Chi2                      =      1.40854
NDf                       =            1
Edm                       =  3.72762e-19
NCalls                    =          163
p0                        =     0.252819   +/-   0.0044586   
p1                        =     0.238736   +/-   0.00184149  
p2                        =     0.249488   +/-   0.00100314  
p3                        =     0.240804   +/-   0.00101104  
p4                        =     0.249837   +/-   0.00205846  
p5                        =      0.25923   +/-   0.00220281  
[SUCCESS] Created final fit for UnbiasedL1Inner_Oxygen_TOF_L1QTemplate_EGE_SigmaL_spline with chi2/ndf = 1.62389

[INFO] Starting smart spline fit for: UnbiasedL1Inner_Oxygen_TOF_L2QTemplate_EGE_SigmaL (7 points)
****************************************
Minimizer is Minuit2 / Migrad
Chi2                      =      86.9757
NDf                       =            5
Edm                       =  5.43719e-21
NCalls                    =           35
p0                        =     0.219022   +/-   0.000964051 
p1                        =     0.251434   +/-   0.000838576 
****************************************
Minimizer is Minuit2 / Migrad
Chi2                      =      39.9625
NDf                       =            4
Edm                       =  2.52214e-06
NCalls                    =           61
p0                        =     0.225125   +/-   0.001312    
p1                        =     0.233334   +/-   0.000805121 
p2                        =     0.255995   +/-   0.00107016  
****************************************
Minimizer is Minuit2 / Migrad
Chi2                      =      34.1371
NDf                       =            3
Edm                       =  6.81396e-07
NCalls                    =           87
p0                        =      0.22678   +/-   0.00162748  
p1                        =     0.226831   +/-   0.000983845 
p2                        =     0.242458   +/-   0.00107507  
p3                        =     0.255619   +/-   0.00127785  
****************************************
Minimizer is Minuit2 / Migrad
Chi2                      =      6.63226
NDf                       =            2
Edm                       =  1.28782e-05
NCalls                    =          107
p0                        =     0.232274   +/-   0.00201251  
p1                        =       0.2216   +/-   0.00108291  
p2                        =     0.236116   +/-   0.000939034 
p3                        =     0.246943   +/-   0.00109163  
p4                        =     0.259447   +/-   0.00155378  
  [FIT] Found good fit candidate. Best segments so far: 4. Stopping search.
  [FIT] Finalizing with loop variable 'segments' = 4
****************************************
Minimizer is Minuit2 / Migrad
Chi2                      =      8.02714
NDf                       =            2
Edm                       =  1.26005e-05
NCalls                    =          117
p0                        =     0.237419   +/-   0.00296177  
p1                        =     0.221607   +/-   0.00109551  
p2                        =     0.235962   +/-   0.0009322   
p3                        =     0.246878   +/-   0.00111331  
p4                        =     0.263309   +/-   0.00218742  
[SUCCESS] Created final fit for UnbiasedL1Inner_Oxygen_TOF_L2QTemplate_EGE_SigmaL_spline with chi2/ndf = 3.31613
begin drawing Oxygen UnbiasedL1Inner TOF EGE_SigmaL

[INFO] Starting smart spline fit for: UnbiasedL1Inner_Oxygen_TOF_L1QTemplate_EGE_SigmaR (7 points)
****************************************
Minimizer is Minuit2 / Migrad
Chi2                      =      81.8199
NDf                       =            5
Edm                       =  6.59696e-21
NCalls                    =           35
p0                        =     0.272728   +/-   0.00138162  
p1                        =     0.275322   +/-   0.000724081 
****************************************
Minimizer is Minuit2 / Migrad
Chi2                      =      81.8194
NDf                       =            4
Edm                       =  4.85118e-07
NCalls                    =           63
p0                        =     0.272699   +/-   0.00190516  
p1                        =     0.274241   +/-   0.00107348  
p2                        =     0.275315   +/-   0.000808052 
****************************************
Minimizer is Minuit2 / Migrad
Chi2                      =      29.9325
NDf                       =            3
Edm                       =  2.49907e-20
NCalls                    =           99
p0                        =     0.281885   +/-   0.00230135  
p1                        =     0.265965   +/-   0.00144622  
p2                        =     0.281658   +/-   0.00130296  
p3                        =     0.273137   +/-   0.00087075  
****************************************
Minimizer is Minuit2 / Migrad
Chi2                      =      33.8348
NDf                       =            2
Edm                       =  1.51262e-05
NCalls                    =          119
p0                        =     0.286432   +/-   0.00282569  
p1                        =     0.265332   +/-   0.00177897  
p2                        =       0.2764   +/-   0.0013196   
p3                        =     0.276873   +/-   0.0015978   
p4                        =     0.274096   +/-   0.00102987  
****************************************
Minimizer is Minuit2 / Migrad
Chi2                      =      4.72523
NDf                       =            1
Edm                       =  2.45263e-19
NCalls                    =          165
p0                        =      0.28032   +/-   0.00308576  
p1                        =     0.271056   +/-   0.00210839  
p2                        =     0.262773   +/-   0.00162872  
p3                        =     0.282964   +/-   0.00140257  
p4                        =     0.269208   +/-   0.00221837  
p5                        =     0.277392   +/-   0.00122032  
  [FIT] No fit met threshold. Falling back to best chi2/ndf.
  [FIT] Finalizing with loop variable 'segments' = 5
****************************************
Minimizer is Minuit2 / Migrad
Chi2                      =      5.06221
NDf                       =            1
Edm                       =  7.21824e-19
NCalls                    =          180
p0                        =      0.28161   +/-   0.00497049  
p1                        =     0.271076   +/-   0.00210605  
p2                        =     0.262858   +/-   0.00162546  
p3                        =     0.283044   +/-   0.00139983  
p4                        =       0.2692   +/-   0.00223619  
p5                        =     0.282613   +/-   0.0024855   
[SUCCESS] Created final fit for UnbiasedL1Inner_Oxygen_TOF_L1QTemplate_EGE_SigmaR_spline with chi2/ndf = 4.72523

[INFO] Starting smart spline fit for: UnbiasedL1Inner_Oxygen_TOF_L2QTemplate_EGE_SigmaR (7 points)
****************************************
Minimizer is Minuit2 / Migrad
Chi2                      =      61.0395
NDf                       =            5
Edm                       =  8.78275e-19
NCalls                    =           39
p0                        =     0.250503   +/-   0.00112739  
p1                        =     0.267602   +/-   0.00117764  
****************************************
Minimizer is Minuit2 / Migrad
Chi2                      =      35.9154
NDf                       =            4
Edm                       =  1.46945e-20
NCalls                    =           65
p0                        =     0.256209   +/-   0.00160228  
p1                        =     0.255735   +/-   0.00113149  
p2                        =      0.27299   +/-   0.00159444  
****************************************
Minimizer is Minuit2 / Migrad
Chi2                      =      30.9489
NDf                       =            3
Edm                       =  2.41431e-09
NCalls                    =           92
p0                        =     0.260817   +/-   0.00233804  
p1                        =     0.250772   +/-   0.00136761  
p2                        =     0.264146   +/-   0.00133182  
p3                        =     0.270276   +/-   0.00188085  
****************************************
Minimizer is Minuit2 / Migrad
Chi2                      =      16.1634
NDf                       =            2
Edm                       =  1.78452e-08
NCalls                    =          115
p0                        =     0.254022   +/-   0.00304889  
p1                        =     0.254868   +/-   0.00106059  
p2                        =     0.253159   +/-   0.00133005  
p3                        =      0.27274   +/-   0.00152003  
p4                        =     0.266122   +/-   0.0022625   
****************************************
Minimizer is Minuit2 / Migrad
Chi2                      =      15.8038
NDf                       =            1
Edm                       =  3.64657e-19
NCalls                    =          165
p0                        =     0.252292   +/-   0.00321856  
p1                        =     0.255328   +/-   0.00110093  
p2                        =     0.247465   +/-   0.00179616  
p3                        =     0.266234   +/-   0.00149303  
p4                        =     0.269899   +/-   0.00193185  
p5                        =     0.268471   +/-   0.00245806  
  [FIT] No fit met threshold. Falling back to best chi2/ndf.
  [FIT] Finalizing with loop variable 'segments' = 4
****************************************
Minimizer is Minuit2 / Migrad
Chi2                      =      17.4509
NDf                       =            2
Edm                       =  4.03913e-19
NCalls                    =          126
p0                        =     0.253066   +/-   0.00437282  
p1                        =     0.254829   +/-   0.00106296  
p2                        =     0.253302   +/-   0.00132013  
p3                        =     0.272772   +/-   0.00156156  
p4                        =     0.263152   +/-   0.00315714  
[SUCCESS] Created final fit for UnbiasedL1Inner_Oxygen_TOF_L2QTemplate_EGE_SigmaR_spline with chi2/ndf = 8.08169
begin drawing Oxygen UnbiasedL1Inner TOF EGE_SigmaR
  [SUCCESS] Wrote constant TF1 'UnbiasedL1Inner_Oxygen_TOF_L1QTemplate_EGE_AlphaL_spline' to file.
  [SUCCESS] Wrote constant TF1 'UnbiasedL1Inner_Oxygen_TOF_L2QTemplate_EGE_AlphaL_spline' to file.
begin drawing Oxygen UnbiasedL1Inner TOF EGE_AlphaL

[INFO] Starting smart spline fit for: UnbiasedL1Inner_Oxygen_TOF_L1QTemplate_EGE_AlphaR (7 points)
****************************************
Minimizer is Minuit2 / Migrad
Chi2                      =      60.0226
NDf                       =            5
Edm                       =  6.28248e-23
NCalls                    =           33
p0                        =      1.41581   +/-   0.0181477   
p1                        =      1.42771   +/-   0.00950836  
****************************************
Minimizer is Minuit2 / Migrad
Chi2                      =      60.0034
NDf                       =            4
Edm                       =  1.48845e-10
NCalls                    =           59
p0                        =      1.41317   +/-   0.0263015   
p1                        =      1.42513   +/-   0.019736    
p2                        =      1.42723   +/-   0.0101277   
****************************************
Minimizer is Minuit2 / Migrad
Chi2                      =      56.0136
NDf                       =            3
Edm                       =  6.93332e-09
NCalls                    =           88
p0                        =       1.4495   +/-   0.0309447   
p1                        =      1.39922   +/-   0.018745    
p2                        =      1.47523   +/-   0.0305339   
p3                        =       1.4183   +/-   0.0113319   
****************************************
Minimizer is Minuit2 / Migrad
Chi2                      =      29.1683
NDf                       =            2
Edm                       =  3.49032e-21
NCalls                    =          112
p0                        =      1.53669   +/-   0.0380584   
p1                        =      1.33245   +/-   0.0226675   
p2                        =      1.51574   +/-   0.0262763   
p3                        =      1.34496   +/-   0.0265724   
p4                        =      1.45887   +/-   0.013744    
****************************************
Minimizer is Minuit2 / Migrad
Chi2                      =      1.22488
NDf                       =            1
Edm                       =  2.16969e-20
NCalls                    =          155
p0                        =      1.45795   +/-   0.0413033   
p1                        =      1.40075   +/-   0.0263888   
p2                        =      1.36036   +/-   0.0215083   
p3                        =      1.59019   +/-   0.0370207   
p4                        =      1.28909   +/-   0.0288742   
p5                        =      1.49623   +/-   0.0154681   
  [FIT] No fit met threshold. Falling back to best chi2/ndf.
  [FIT] Finalizing with loop variable 'segments' = 5
****************************************
Minimizer is Minuit2 / Migrad
Chi2                      =      1.37966
NDf                       =            1
Edm                       =  3.61675e-20
NCalls                    =          157
p0                        =      1.46159   +/-   0.0661998   
p1                        =      1.40075   +/-   0.0263129   
p2                        =      1.36073   +/-   0.0215016   
p3                        =       1.5934   +/-   0.0370094   
p4                        =      1.28834   +/-   0.0290137   
p5                        =      1.61818   +/-   0.0322017   
[SUCCESS] Created final fit for UnbiasedL1Inner_Oxygen_TOF_L1QTemplate_EGE_AlphaR_spline with chi2/ndf = 1.22488

[INFO] Starting smart spline fit for: UnbiasedL1Inner_Oxygen_TOF_L2QTemplate_EGE_AlphaR (7 points)
****************************************
Minimizer is Minuit2 / Migrad
Chi2                      =      14.6359
NDf                       =            5
Edm                       =  3.13297e-22
NCalls                    =           35
p0                        =      1.42772   +/-   0.0178963   
p1                        =      1.53456   +/-   0.0223483   
****************************************
Minimizer is Minuit2 / Migrad
Chi2                      =      14.2066
NDf                       =            4
Edm                       =  2.84063e-22
NCalls                    =           53
p0                        =      1.41489   +/-   0.0265266   
p1                        =      1.50161   +/-   0.022592    
p2                        =      1.52431   +/-   0.0272802   
****************************************
Minimizer is Minuit2 / Migrad
Chi2                      =       7.2357
NDf                       =            3
Edm                       =  1.12128e-21
NCalls                    =           80
p0                        =        1.485   +/-   0.0389515   
p1                        =      1.43784   +/-   0.0232542   
p2                        =      1.58386   +/-   0.0319      
p3                        =       1.4865   +/-   0.0308786   
  [FIT] Found good fit candidate. Best segments so far: 3. Stopping search.
  [FIT] Finalizing with loop variable 'segments' = 3
****************************************
Minimizer is Minuit2 / Migrad
Chi2                      =      7.40529
NDf                       =            3
Edm                       =  2.31393e-09
NCalls                    =           88
p0                        =      1.50663   +/-   0.0577045   
p1                        =       1.4471   +/-   0.0202074   
p2                        =      1.57718   +/-   0.0300373   
p3                        =      1.45527   +/-   0.0411323   
[SUCCESS] Created final fit for UnbiasedL1Inner_Oxygen_TOF_L2QTemplate_EGE_AlphaR_spline with chi2/ndf = 2.4119
begin drawing Oxygen UnbiasedL1Inner TOF EGE_AlphaR
begin drawing Oxygen UnbiasedL1Inner TOF EGE_Chi2NDF

[INFO] Starting smart spline fit for: UnbiasedL1Inner_Oxygen_NaF_L1QTemplate_LG_Width (16 points)
****************************************
Minimizer is Minuit2 / Migrad
Chi2                      =      22.3396
NDf                       =           14
Edm                       =  3.19529e-23
NCalls                    =           31
p0                        =    0.0252689   +/-   0.0011527   
p1                        =    0.0327256   +/-   0.000966549 
  [FIT] Found good fit candidate. Best segments so far: 1. Stopping search.
  [FIT] Finalizing with loop variable 'segments' = 1
****************************************
Minimizer is Minuit2 / Migrad
Chi2                      =      24.6807
NDf                       =           14
Edm                       =  1.68619e-22
NCalls                    =           31
p0                        =     0.024824   +/-   0.0013144   
p1                        =    0.0332704   +/-   0.001126    
[SUCCESS] Created final fit for UnbiasedL1Inner_Oxygen_NaF_L1QTemplate_LG_Width_spline with chi2/ndf = 1.59569

[INFO] Starting smart spline fit for: UnbiasedL1Inner_Oxygen_NaF_L2QTemplate_LG_Width (16 points)
****************************************
Minimizer is Minuit2 / Migrad
Chi2                      =      7.24486
NDf                       =           14
Edm                       =  7.93075e-24
NCalls                    =           31
p0                        =    0.0213687   +/-   0.00157793  
p1                        =    0.0345896   +/-   0.00137966  
  [FIT] Found good fit candidate. Best segments so far: 1. Stopping search.
  [FIT] Finalizing with loop variable 'segments' = 1
****************************************
Minimizer is Minuit2 / Migrad
Chi2                      =      7.25258
NDf                       =           14
Edm                       =  6.46505e-24
NCalls                    =           31
p0                        =    0.0199289   +/-   0.00181059  
p1                        =    0.0360286   +/-   0.00160109  
[SUCCESS] Created final fit for UnbiasedL1Inner_Oxygen_NaF_L2QTemplate_LG_Width_spline with chi2/ndf = 0.51749
begin drawing Oxygen UnbiasedL1Inner NaF LG_Width

[INFO] Starting smart spline fit for: UnbiasedL1Inner_Oxygen_NaF_L1QTemplate_LG_MPV (16 points)
****************************************
Minimizer is Minuit2 / Migrad
Chi2                      =      49.9479
NDf                       =           14
Edm                       =  9.65119e-19
NCalls                    =           41
p0                        =      7.95774   +/-   0.00202606  
p1                        =      7.93158   +/-   0.00153974  
****************************************
Minimizer is Minuit2 / Migrad
Chi2                      =       19.015
NDf                       =           13
Edm                       =  4.14669e-18
NCalls                    =           88
p0                        =      7.96657   +/-   0.00257427  
p1                        =      7.93428   +/-   0.00154644  
p2                        =      7.93957   +/-   0.00210698  
  [FIT] Found good fit candidate. Best segments so far: 2. Stopping search.
  [FIT] Finalizing with loop variable 'segments' = 2
****************************************
Minimizer is Minuit2 / Migrad
Chi2                      =      25.8909
NDf                       =           13
Edm                       =  1.30267e-17
NCalls                    =           71
p0                        =       7.9719   +/-   0.00320663  
p1                        =      7.93592   +/-   0.00141126  
p2                        =      7.93996   +/-   0.00266296  
[SUCCESS] Created final fit for UnbiasedL1Inner_Oxygen_NaF_L1QTemplate_LG_MPV_spline with chi2/ndf = 1.46269

[INFO] Starting smart spline fit for: UnbiasedL1Inner_Oxygen_NaF_L2QTemplate_LG_MPV (16 points)
****************************************
Minimizer is Minuit2 / Migrad
Chi2                      =      15.0906
NDf                       =           14
Edm                       =  5.60706e-19
NCalls                    =           41
p0                        =      7.98159   +/-   0.00285223  
p1                        =      7.94157   +/-   0.00211756  
  [FIT] Found good fit candidate. Best segments so far: 1. Stopping search.
  [FIT] Finalizing with loop variable 'segments' = 1
****************************************
Minimizer is Minuit2 / Migrad
Chi2                      =       20.367
NDf                       =           14
Edm                       =  2.87867e-18
NCalls                    =           43
p0                        =      7.98507   +/-   0.00324825  
p1                        =      7.93781   +/-   0.00247639  
[SUCCESS] Created final fit for UnbiasedL1Inner_Oxygen_NaF_L2QTemplate_LG_MPV_spline with chi2/ndf = 1.0779
begin drawing Oxygen UnbiasedL1Inner NaF LG_MPV

[INFO] Starting smart spline fit for: UnbiasedL1Inner_Oxygen_NaF_L1QTemplate_LG_Sigma (16 points)
****************************************
Minimizer is Minuit2 / Migrad
Chi2                      =      31.5353
NDf                       =           14
Edm                       =  1.72907e-22
NCalls                    =           35
p0                        =     0.242642   +/-   0.00129278  
p1                        =      0.23114   +/-   0.00111158  
****************************************
Minimizer is Minuit2 / Migrad
Chi2                      =      28.9139
NDf                       =           13
Edm                       =  7.89179e-22
NCalls                    =           61
p0                        =     0.240983   +/-   0.00164972  
p1                        =     0.236615   +/-   0.00108526  
p2                        =     0.229441   +/-   0.00152872  
  [FIT] Found good fit candidate. Best segments so far: 1. Stopping search.
  [FIT] Finalizing with loop variable 'segments' = 1
****************************************
Minimizer is Minuit2 / Migrad
Chi2                      =      35.4766
NDf                       =           14
Edm                       =  3.60129e-21
NCalls                    =           35
p0                        =     0.243395   +/-   0.00147769  
p1                        =     0.230267   +/-   0.00129361  
[SUCCESS] Created final fit for UnbiasedL1Inner_Oxygen_NaF_L1QTemplate_LG_Sigma_spline with chi2/ndf = 2.25252

[INFO] Starting smart spline fit for: UnbiasedL1Inner_Oxygen_NaF_L2QTemplate_LG_Sigma (16 points)
****************************************
Minimizer is Minuit2 / Migrad
Chi2                      =      32.0274
NDf                       =           14
Edm                       =  1.62942e-22
NCalls                    =           35
p0                        =     0.237337   +/-   0.00172824  
p1                        =     0.232797   +/-   0.00155643  
****************************************
Minimizer is Minuit2 / Migrad
Chi2                      =       17.149
NDf                       =           13
Edm                       =  5.02127e-22
NCalls                    =           61
p0                        =     0.232109   +/-   0.00219624  
p1                        =     0.238898   +/-   0.0015069   
p2                        =     0.227096   +/-   0.00214641  
  [FIT] Found good fit candidate. Best segments so far: 2. Stopping search.
  [FIT] Finalizing with loop variable 'segments' = 2
****************************************
Minimizer is Minuit2 / Migrad
Chi2                      =      15.9647
NDf                       =           13
Edm                       =  1.08607e-21
NCalls                    =           61
p0                        =     0.229321   +/-   0.00283037  
p1                        =     0.238597   +/-   0.00136728  
p2                        =     0.224557   +/-   0.0026666   
[SUCCESS] Created final fit for UnbiasedL1Inner_Oxygen_NaF_L2QTemplate_LG_Sigma_spline with chi2/ndf = 1.31915
begin drawing Oxygen UnbiasedL1Inner NaF LG_Sigma
begin drawing Oxygen UnbiasedL1Inner NaF LG_Chi2NDF

[INFO] Starting smart spline fit for: UnbiasedL1Inner_Oxygen_NaF_L1QTemplate_EGE_Peak (16 points)
****************************************
Minimizer is Minuit2 / Migrad
Chi2                      =      105.156
NDf                       =           14
Edm                       =  3.64369e-18
NCalls                    =           43
p0                        =      8.00553   +/-   0.00180969  
p1                        =       7.9691   +/-   0.00155307  
****************************************
Minimizer is Minuit2 / Migrad
Chi2                      =      54.5713
NDf                       =           13
Edm                       =  5.76756e-18
NCalls                    =           86
p0                        =      8.01512   +/-   0.00225648  
p1                        =      7.97335   +/-   0.0015781   
p2                        =       7.9791   +/-   0.00209469  
****************************************
Minimizer is Minuit2 / Migrad
Chi2                      =        51.45
NDf                       =           12
Edm                       =  1.16115e-17
NCalls                    =          104
p0                        =      8.01861   +/-   0.00270442  
p1                        =      7.98265   +/-   0.00205099  
p2                        =      7.97543   +/-   0.00183393  
p3                        =       7.9764   +/-   0.00248038  
****************************************
Minimizer is Minuit2 / Migrad
Chi2                      =      47.4543
NDf                       =           11
Edm                       =  4.89424e-06
NCalls                    =          126
p0                        =      8.01494   +/-   0.00302384  
p1                        =      7.99302   +/-   0.00233179  
p2                        =      7.97155   +/-   0.00204391  
p3                        =      7.97952   +/-   0.00213263  
p4                        =      7.97346   +/-   0.00298532  
****************************************
Minimizer is Minuit2 / Migrad
Chi2                      =      11.2323
NDf                       =           10
Edm                       =  4.57937e-07
NCalls                    =          168
p0                        =      8.00459   +/-   0.00354644  
p1                        =      8.00997   +/-   0.00265858  
p2                        =      7.96829   +/-   0.00245423  
p3                        =      7.98069   +/-   0.00227837  
p4                        =      7.97356   +/-   0.00243841  
p5                        =      7.97779   +/-   0.00311313  
  [FIT] Found good fit candidate. Best segments so far: 5. Stopping search.
  [FIT] Finalizing with loop variable 'segments' = 5
****************************************
Minimizer is Minuit2 / Migrad
Chi2                      =       9.4838
NDf                       =           10
Edm                       =  5.60442e-18
NCalls                    =          181
p0                        =      7.99802   +/-   0.0049673   
p1                        =      8.00925   +/-   0.00244398  
p2                        =      7.96869   +/-   0.00239353  
p3                        =      7.98052   +/-   0.00224084  
p4                        =      7.97341   +/-   0.00236061  
p5                        =      7.98027   +/-   0.00407696  
[SUCCESS] Created final fit for UnbiasedL1Inner_Oxygen_NaF_L1QTemplate_EGE_Peak_spline with chi2/ndf = 1.12323

[INFO] Starting smart spline fit for: UnbiasedL1Inner_Oxygen_NaF_L2QTemplate_EGE_Peak (16 points)
****************************************
Minimizer is Minuit2 / Migrad
Chi2                      =       36.515
NDf                       =           11
Edm                       =  2.89642e-19
NCalls                    =           43
p0                        =      8.01935   +/-   0.0026676   
p1                        =      7.98218   +/-   0.00212939  
****************************************
Minimizer is Minuit2 / Migrad
Chi2                      =      22.6297
NDf                       =           10
Edm                       =  1.90342e-17
NCalls                    =           73
p0                        =      8.02677   +/-   0.00332876  
p1                        =      7.98794   +/-   0.0024601   
p2                        =      7.98916   +/-   0.00283606  
  [FIT] Found good fit candidate. Best segments so far: 2. Stopping search.
  [FIT] Finalizing with loop variable 'segments' = 2
****************************************
Minimizer is Minuit2 / Migrad
Chi2                      =       30.523
NDf                       =           10
Edm                       =  5.48912e-17
NCalls                    =           67
p0                        =      8.03112   +/-   0.00404782  
p1                        =      7.99079   +/-   0.00217941  
p2                        =      7.98765   +/-   0.00365366  
[SUCCESS] Created final fit for UnbiasedL1Inner_Oxygen_NaF_L2QTemplate_EGE_Peak_spline with chi2/ndf = 2.26297
begin drawing Oxygen UnbiasedL1Inner NaF EGE_Peak

[INFO] Starting smart spline fit for: UnbiasedL1Inner_Oxygen_NaF_L1QTemplate_EGE_SigmaL (16 points)
****************************************
Minimizer is Minuit2 / Migrad
Chi2                      =      59.1801
NDf                       =           14
Edm                       =  1.59978e-21
NCalls                    =           35
p0                        =     0.249108   +/-   0.00132686  
p1                        =     0.231137   +/-   0.0011304   
****************************************
Minimizer is Minuit2 / Migrad
Chi2                      =      59.1792
NDf                       =           13
Edm                       =  1.41327e-05
NCalls                    =           60
p0                        =     0.249082   +/-   0.00165612  
p1                        =       0.2376   +/-   0.00116428  
p2                        =     0.231112   +/-   0.00153205  
****************************************
Minimizer is Minuit2 / Migrad
Chi2                      =      59.1052
NDf                       =           12
Edm                       =  2.29928e-21
NCalls                    =           88
p0                        =     0.248805   +/-   0.00198813  
p1                        =     0.242879   +/-   0.00150653  
p2                        =     0.234824   +/-   0.00132861  
p3                        =     0.230861   +/-   0.00182459  
****************************************
Minimizer is Minuit2 / Migrad
Chi2                      =      41.7251
NDf                       =           11
Edm                       =  4.85623e-07
NCalls                    =          117
p0                        =     0.244712   +/-   0.00220582  
p1                        =     0.248577   +/-   0.0016775   
p2                        =     0.233737   +/-   0.00150194  
p3                        =     0.236509   +/-   0.00152665  
p4                        =     0.226915   +/-   0.00221612  
  [FIT] Found good fit candidate. Best segments so far: 4. Stopping search.
  [FIT] Finalizing with loop variable 'segments' = 4
****************************************
Minimizer is Minuit2 / Migrad
Chi2                      =      39.2943
NDf                       =           11
Edm                       =  4.31867e-21
NCalls                    =          118
p0                        =     0.240052   +/-   0.00300815  
p1                        =     0.249152   +/-   0.00155663  
p2                        =     0.233804   +/-   0.00145839  
p3                        =     0.236194   +/-   0.00151978  
p4                        =     0.225226   +/-   0.00284314  
[SUCCESS] Created final fit for UnbiasedL1Inner_Oxygen_NaF_L1QTemplate_EGE_SigmaL_spline with chi2/ndf = 3.79319

[INFO] Starting smart spline fit for: UnbiasedL1Inner_Oxygen_NaF_L2QTemplate_EGE_SigmaL (16 points)
****************************************
Minimizer is Minuit2 / Migrad
Chi2                      =       33.673
NDf                       =           11
Edm                       =  1.00911e-22
NCalls                    =           35
p0                        =     0.237717   +/-   0.0019065   
p1                        =     0.234535   +/-   0.00160644  
****************************************
Minimizer is Minuit2 / Migrad
Chi2                      =      27.0888
NDf                       =           10
Edm                       =  1.48552e-21
NCalls                    =           55
p0                        =     0.234067   +/-   0.00237862  
p1                        =     0.239484   +/-   0.00181349  
p2                        =     0.231024   +/-   0.00211011  
****************************************
Minimizer is Minuit2 / Migrad
Chi2                      =      19.4031
NDf                       =            9
Edm                       =  4.91494e-12
NCalls                    =           91
p0                        =     0.230946   +/-   0.00262995  
p1                        =     0.242772   +/-   0.00201982  
p2                        =     0.232712   +/-   0.00219561  
p3                        =     0.235097   +/-   0.00272544  
  [FIT] Found good fit candidate. Best segments so far: 3. Stopping search.
  [FIT] Finalizing with loop variable 'segments' = 3
****************************************
Minimizer is Minuit2 / Migrad
Chi2                      =      18.0373
NDf                       =            9
Edm                       =  4.41595e-22
NCalls                    =           84
p0                        =     0.227343   +/-   0.00332456  
p1                        =     0.242567   +/-   0.00192746  
p2                        =     0.233852   +/-   0.00199251  
p3                        =     0.234337   +/-   0.00352482  
[SUCCESS] Created final fit for UnbiasedL1Inner_Oxygen_NaF_L2QTemplate_EGE_SigmaL_spline with chi2/ndf = 2.1559
begin drawing Oxygen UnbiasedL1Inner NaF EGE_SigmaL

[INFO] Starting smart spline fit for: UnbiasedL1Inner_Oxygen_NaF_L1QTemplate_EGE_SigmaR (16 points)
****************************************
Minimizer is Minuit2 / Migrad
Chi2                      =      88.5088
NDf                       =           14
Edm                       =  7.74027e-22
NCalls                    =           35
p0                        =     0.280846   +/-   0.00165443  
p1                        =     0.294796   +/-   0.0013975   
****************************************
Minimizer is Minuit2 / Migrad
Chi2                      =      69.5103
NDf                       =           13
Edm                       =  1.34792e-12
NCalls                    =           60
p0                        =     0.275367   +/-   0.00207789  
p1                        =     0.294198   +/-   0.00133363  
p2                        =     0.289561   +/-   0.00184274  
****************************************
Minimizer is Minuit2 / Migrad
Chi2                      =      57.8294
NDf                       =           12
Edm                       =   4.6335e-07
NCalls                    =           96
p0                        =     0.270847   +/-   0.00245171  
p1                        =      0.29344   +/-   0.00176659  
p2                        =      0.28955   +/-   0.0016846   
p3                        =     0.293139   +/-   0.00213272  
****************************************
Minimizer is Minuit2 / Migrad
Chi2                      =      58.7206
NDf                       =           11
Edm                       =  3.13023e-21
NCalls                    =          118
p0                        =     0.273482   +/-   0.00274471  
p1                        =      0.28736   +/-   0.00215967  
p2                        =     0.294519   +/-   0.0017268   
p3                        =     0.287498   +/-   0.00204133  
p4                        =     0.294922   +/-   0.0024944   
****************************************
Minimizer is Minuit2 / Migrad
Chi2                      =      9.45442
NDf                       =           10
Edm                       =  1.82361e-08
NCalls                    =          156
p0                        =     0.285766   +/-   0.00334459  
p1                        =     0.270617   +/-   0.00272306  
p2                        =     0.302907   +/-   0.0019941   
p3                        =     0.284193   +/-   0.00200679  
p4                        =     0.294033   +/-   0.00232014  
p5                        =     0.291166   +/-   0.0025785   
  [FIT] Found good fit candidate. Best segments so far: 5. Stopping search.
  [FIT] Finalizing with loop variable 'segments' = 5
****************************************
Minimizer is Minuit2 / Migrad
Chi2                      =      11.7446
NDf                       =           10
Edm                       =   6.9116e-07
NCalls                    =          152
p0                        =     0.293428   +/-   0.00498473  
p1                        =     0.272376   +/-   0.00250166  
p2                        =     0.302152   +/-   0.00194759  
p3                        =     0.284738   +/-   0.00197848  
p4                        =     0.293538   +/-   0.00224882  
p5                        =     0.290001   +/-   0.00334543  
[SUCCESS] Created final fit for UnbiasedL1Inner_Oxygen_NaF_L1QTemplate_EGE_SigmaR_spline with chi2/ndf = 0.945442

[INFO] Starting smart spline fit for: UnbiasedL1Inner_Oxygen_NaF_L2QTemplate_EGE_SigmaR (16 points)
****************************************
Minimizer is Minuit2 / Migrad
Chi2                      =      54.5954
NDf                       =           11
Edm                       =  9.27782e-22
NCalls                    =           35
p0                        =       0.2732   +/-   0.00234078  
p1                        =     0.298929   +/-   0.0017374   
****************************************
Minimizer is Minuit2 / Migrad
Chi2                      =      17.3013
NDf                       =           10
Edm                       =    1.157e-21
NCalls                    =           55
p0                        =     0.262567   +/-   0.00291737  
p1                        =     0.299447   +/-   0.001959    
p2                        =     0.288631   +/-   0.00242114  
  [FIT] Found good fit candidate. Best segments so far: 2. Stopping search.
  [FIT] Finalizing with loop variable 'segments' = 2
****************************************
Minimizer is Minuit2 / Migrad
Chi2                      =       22.439
NDf                       =           10
Edm                       =  4.86504e-22
NCalls                    =           55
p0                        =     0.258171   +/-   0.00344533  
p1                        =     0.296755   +/-   0.0017454   
p2                        =     0.287858   +/-   0.0032391   
[SUCCESS] Created final fit for UnbiasedL1Inner_Oxygen_NaF_L2QTemplate_EGE_SigmaR_spline with chi2/ndf = 1.73013
begin drawing Oxygen UnbiasedL1Inner NaF EGE_SigmaR
  [SUCCESS] Wrote constant TF1 'UnbiasedL1Inner_Oxygen_NaF_L1QTemplate_EGE_AlphaL_spline' to file.
  [SUCCESS] Wrote constant TF1 'UnbiasedL1Inner_Oxygen_NaF_L2QTemplate_EGE_AlphaL_spline' to file.
begin drawing Oxygen UnbiasedL1Inner NaF EGE_AlphaL

[INFO] Starting smart spline fit for: UnbiasedL1Inner_Oxygen_NaF_L1QTemplate_EGE_AlphaR (16 points)
****************************************
Minimizer is Minuit2 / Migrad
Chi2                      =      158.406
NDf                       =           14
Edm                       =  2.73939e-21
NCalls                    =           31
p0                        =      1.44939   +/-   0.0289859   
p1                        =      1.66272   +/-   0.0238561   
****************************************
Minimizer is Minuit2 / Migrad
Chi2                      =      119.625
NDf                       =           13
Edm                       =  4.29179e-22
NCalls                    =           53
p0                        =      1.57138   +/-   0.0349845   
p1                        =      1.52739   +/-   0.0160464   
p2                        =      1.92413   +/-   0.0482834   
****************************************
Minimizer is Minuit2 / Migrad
Chi2                      =      54.0811
NDf                       =           12
Edm                       =  1.00017e-21
NCalls                    =           80
p0                        =      1.37359   +/-   0.0441724   
p1                        =      1.65418   +/-   0.0309636   
p2                        =      1.56925   +/-   0.0199516   
p3                        =      2.16967   +/-   0.0572394   
****************************************
Minimizer is Minuit2 / Migrad
Chi2                      =      40.0736
NDf                       =           11
Edm                       =  3.17622e-22
NCalls                    =          112
p0                        =      1.44437   +/-   0.0496281   
p1                        =      1.57532   +/-   0.0342409   
p2                        =      1.57734   +/-   0.020103    
p3                        =      1.62467   +/-   0.0473916   
p4                        =      2.37868   +/-   0.0727467   
  [FIT] Found good fit candidate. Best segments so far: 4. Stopping search.
  [FIT] Finalizing with loop variable 'segments' = 4
****************************************
Minimizer is Minuit2 / Migrad
Chi2                      =      42.0495
NDf                       =           11
Edm                       =  1.11229e-21
NCalls                    =          112
p0                        =      1.44706   +/-   0.0716298   
p1                        =      1.56108   +/-   0.0323703   
p2                        =      1.57748   +/-   0.0197073   
p3                        =       1.5946   +/-   0.0480707   
p4                        =      2.71949   +/-   0.107482    
[SUCCESS] Created final fit for UnbiasedL1Inner_Oxygen_NaF_L1QTemplate_EGE_AlphaR_spline with chi2/ndf = 3.64305

[INFO] Starting smart spline fit for: UnbiasedL1Inner_Oxygen_NaF_L2QTemplate_EGE_AlphaR (16 points)
****************************************
Minimizer is Minuit2 / Migrad
Chi2                      =      256.337
NDf                       =           11
Edm                       =  3.30229e-22
NCalls                    =           31
p0                        =       1.4704   +/-   0.0621485   
p1                        =      2.05426   +/-   0.0215256   
****************************************
Minimizer is Minuit2 / Migrad
Chi2                      =      144.875
NDf                       =           10
Edm                       =  5.39074e-21
NCalls                    =           54
p0                        =     0.883259   +/-   0.0833984   
p1                        =      2.47524   +/-   0.0630182   
p2                        =       1.4553   +/-   0.0606792   
****************************************
Minimizer is Minuit2 / Migrad
Chi2                      =      85.6186
NDf                       =            9
Edm                       =  2.44945e-21
NCalls                    =           80
p0                        =       1.5218   +/-   0.119827    
p1                        =       1.6134   +/-   0.0866169   
p2                        =      2.27858   +/-   0.0317518   
p3                        =      1.09008   +/-   0.0768781   
****************************************
Minimizer is Minuit2 / Migrad
Chi2                      =       64.407
NDf                       =            8
Edm                       =  1.33317e-20
NCalls                    =          113
p0                        =       1.9602   +/-   0.146711    
p1                        =      1.39104   +/-   0.0753658   
p2                        =       3.1783   +/-   0.176789    
p3                        =      1.69829   +/-   0.0327427   
p4                        =      1.49334   +/-   0.120592    
****************************************
Minimizer is Minuit2 / Migrad
Chi2                      =      57.6829
NDf                       =            7
Edm                       =  9.81708e-21
NCalls                    =          149
p0                        =      1.94549   +/-   0.233684    
p1                        =      1.27158   +/-   0.0907803   
p2                        =      2.22088   +/-   0.175939    
p3                        =      3.00877   +/-   0.128577    
p4                        =      1.65633   +/-   0.0382703   
p5                        =        1.621   +/-   0.134409    
****************************************
Minimizer is Minuit2 / Migrad
Chi2                      =      48.6015
NDf                       =            6
Edm                       =  2.28311e-21
NCalls                    =          207
p0                        =      2.27189   +/-   0.302724    
p1                        =      1.33964   +/-   0.0734255   
p2                        =      1.72541   +/-   0.10717     
p3                        =      2.19369   +/-   0.313872    
p4                        =      2.43661   +/-   0.0708603   
p5                        =      1.43059   +/-   0.0483254   
p6                        =      1.89617   +/-   0.163913    
****************************************
Minimizer is Minuit2 / Migrad
Chi2                      =      41.7134
NDf                       =            5
Edm                       =  9.07478e-06
NCalls                    =          183
p0                        =        2.116   +/-   0.312687    
p1                        =      1.36512   +/-   0.074205    
p2                        =       1.4315   +/-   0.0825272   
p3                        =      2.25864   +/-   0.235369    
p4                        =      1.96404   +/-   0.269674    
p5                        =      2.09592   +/-   0.0188314   
p6                        =      1.36674   +/-   0.0537026   
p7                        =      2.04441   +/-   0.173986    
  [FIT] No fit met threshold. Falling back to best chi2/ndf.
  [FIT] Finalizing with loop variable 'segments' = 4
****************************************
Minimizer is Minuit2 / Migrad
Chi2                      =      63.7986
NDf                       =            8
Edm                       =  1.51086e-20
NCalls                    =          113
p0                        =      2.57385   +/-   0.239463    
p1                        =       1.4159   +/-   0.0723279   
p2                        =      3.16788   +/-   0.154362    
p3                        =      1.70066   +/-   0.0319875   
p4                        =      1.56988   +/-   0.171243    
[SUCCESS] Created final fit for UnbiasedL1Inner_Oxygen_NaF_L2QTemplate_EGE_AlphaR_spline with chi2/ndf = 8.05088
begin drawing Oxygen UnbiasedL1Inner NaF EGE_AlphaR
begin drawing Oxygen UnbiasedL1Inner NaF EGE_Chi2NDF

[INFO] Starting smart spline fit for: UnbiasedL1Inner_Oxygen_AGL_L1QTemplate_LG_Width (22 points)
****************************************
Minimizer is Minuit2 / Migrad
Chi2                      =       295.52
NDf                       =           20
Edm                       =  8.73076e-22
NCalls                    =           31
p0                        =    0.0610329   +/-   0.000950508 
p1                        =    0.0321842   +/-   0.000704072 
****************************************
Minimizer is Minuit2 / Migrad
Chi2                      =       222.41
NDf                       =           19
Edm                       =  3.05003e-09
NCalls                    =           59
p0                        =    0.0545498   +/-   0.00121588  
p1                        =    0.0524696   +/-   0.00112297  
p2                        =    0.0276019   +/-   0.000884833 
****************************************
Minimizer is Minuit2 / Migrad
Chi2                      =      221.467
NDf                       =           18
Edm                       =   6.5487e-22
NCalls                    =           80
p0                        =    0.0566953   +/-   0.00149001  
p1                        =    0.0549419   +/-   0.00123848  
p2                        =     0.046017   +/-   0.00118494  
p3                        =     0.025842   +/-   0.00110495  
****************************************
Minimizer is Minuit2 / Migrad
Chi2                      =      171.588
NDf                       =           17
Edm                       =  5.15351e-22
NCalls                    =          112
p0                        =    0.0625133   +/-   0.00175245  
p1                        =    0.0506413   +/-   0.00126039  
p2                        =    0.0595279   +/-   0.00150376  
p3                        =    0.0353676   +/-   0.00100193  
p4                        =     0.030198   +/-   0.00129816  
****************************************
Minimizer is Minuit2 / Migrad
Chi2                      =      163.032
NDf                       =           16
Edm                       =  7.18588e-06
NCalls                    =          135
p0                        =    0.0639681   +/-   0.00205166  
p1                        =    0.0506992   +/-   0.00134126  
p2                        =      0.05745   +/-   0.00163671  
p3                        =    0.0527709   +/-   0.00171603  
p4                        =     0.031776   +/-   0.000923474 
p5                        =    0.0312814   +/-   0.00141911  
****************************************
Minimizer is Minuit2 / Migrad
Chi2                      =      159.355
NDf                       =           15
Edm                       =  2.06568e-07
NCalls                    =          158
p0                        =    0.0659899   +/-   0.00225459  
p1                        =    0.0518224   +/-   0.00128509  
p2                        =    0.0562362   +/-   0.00155473  
p3                        =     0.056903   +/-   0.00175322  
p4                        =    0.0495026   +/-   0.00200499  
p5                        =    0.0286121   +/-   0.00105262  
p6                        =    0.0327829   +/-   0.00163957  
****************************************
Minimizer is Minuit2 / Migrad
Chi2                      =      160.798
NDf                       =           14
Edm                       =  6.13782e-06
NCalls                    =          201
p0                        =    0.0659043   +/-   0.00233269  
p1                        =    0.0518993   +/-   0.00134954  
p2                        =    0.0537034   +/-   0.00167316  
p3                        =    0.0592885   +/-   0.00222898  
p4                        =    0.0548478   +/-   0.00191751  
p5                        =    0.0429178   +/-   0.00169958  
p6                        =     0.028773   +/-   0.00114156  
p7                        =    0.0326087   +/-   0.00170677  
  [FIT] No fit met threshold. Falling back to best chi2/ndf.
  [FIT] Finalizing with loop variable 'segments' = 4
****************************************
Minimizer is Minuit2 / Migrad
Chi2                      =      165.936
NDf                       =           17
Edm                       =  7.15997e-22
NCalls                    =          112
p0                        =    0.0676806   +/-   0.00238118  
p1                        =    0.0508875   +/-   0.00117185  
p2                        =    0.0592039   +/-   0.00145706  
p3                        =     0.035469   +/-   0.000928138 
p4                        =    0.0305313   +/-   0.00173905  
[SUCCESS] Created final fit for UnbiasedL1Inner_Oxygen_AGL_L1QTemplate_LG_Width_spline with chi2/ndf = 10.0934

[INFO] Starting smart spline fit for: UnbiasedL1Inner_Oxygen_AGL_L2QTemplate_LG_Width (22 points)
****************************************
Minimizer is Minuit2 / Migrad
Chi2                      =       22.113
NDf                       =           20
Edm                       =  8.95241e-23
NCalls                    =           31
p0                        =    0.0325138   +/-   0.000510756 
p1                        =    0.0314167   +/-   0.000684162 
  [FIT] Found good fit candidate. Best segments so far: 1. Stopping search.
  [FIT] Finalizing with loop variable 'segments' = 1
****************************************
Minimizer is Minuit2 / Migrad
Chi2                      =      21.8416
NDf                       =           20
Edm                       =  1.27693e-21
NCalls                    =           31
p0                        =    0.0326853   +/-   0.000593794 
p1                        =    0.0312154   +/-   0.000780367 
[SUCCESS] Created final fit for UnbiasedL1Inner_Oxygen_AGL_L2QTemplate_LG_Width_spline with chi2/ndf = 1.10565
begin drawing Oxygen UnbiasedL1Inner AGL LG_Width

[INFO] Starting smart spline fit for: UnbiasedL1Inner_Oxygen_AGL_L1QTemplate_LG_MPV (22 points)
****************************************
Minimizer is Minuit2 / Migrad
Chi2                      =      330.665
NDf                       =           20
Edm                       =  7.16967e-20
NCalls                    =           41
p0                        =      7.91024   +/-   0.000534817 
p1                        =      7.93617   +/-   0.000738071 
****************************************
Minimizer is Minuit2 / Migrad
Chi2                      =      244.307
NDf                       =           19
Edm                       =  3.13666e-08
NCalls                    =           75
p0                        =       7.9134   +/-   0.000633329 
p1                        =      7.92188   +/-   0.000580771 
p2                        =      7.94439   +/-   0.00115262  
****************************************
Minimizer is Minuit2 / Migrad
Chi2                      =      191.035
NDf                       =           18
Edm                       =  6.99185e-08
NCalls                    =          104
p0                        =      7.91142   +/-   0.000712362 
p1                        =       7.9181   +/-   0.000669566 
p2                        =      7.92647   +/-   0.000734164 
p3                        =      7.95202   +/-   0.00155033  
****************************************
Minimizer is Minuit2 / Migrad
Chi2                      =      186.849
NDf                       =           17
Edm                       =  2.15652e-08
NCalls                    =          108
p0                        =      7.91158   +/-   0.000787554 
p1                        =        7.916   +/-   0.000765046 
p2                        =      7.92118   +/-   0.000772234 
p3                        =      7.93321   +/-   0.000893313 
p4                        =      7.95467   +/-   0.00188308  
****************************************
Minimizer is Minuit2 / Migrad
Chi2                      =       189.62
NDf                       =           16
Edm                       =  1.03979e-16
NCalls                    =          183
p0                        =      7.91084   +/-   0.000852397 
p1                        =      7.91603   +/-   0.00082756  
p2                        =      7.91767   +/-   0.000792836 
p3                        =      7.92468   +/-   0.000909731 
p4                        =      7.93764   +/-   0.00116708  
p5                        =      7.95443   +/-   0.00216038  
****************************************
Minimizer is Minuit2 / Migrad
Chi2                      =      133.071
NDf                       =           15
Edm                       =  5.44219e-07
NCalls                    =          215
p0                        =      7.90929   +/-   0.00091714  
p1                        =      7.91709   +/-   0.000851637 
p2                        =      7.91404   +/-   0.000897772 
p3                        =      7.92472   +/-   0.000963625 
p4                        =       7.9226   +/-   0.000976713 
p5                        =      7.94864   +/-   0.00142864  
p6                        =      7.94712   +/-   0.00248919  
****************************************
Minimizer is Minuit2 / Migrad
Chi2                      =      103.418
NDf                       =           14
Edm                       =   2.2921e-06
NCalls                    =          185
p0                        =      7.90992   +/-   0.000943501 
p1                        =      7.91613   +/-   0.000904383 
p2                        =      7.91579   +/-   0.0010041   
p3                        =      7.91789   +/-   0.000897762 
p4                        =      7.92765   +/-   0.00116968  
p5                        =      7.92459   +/-   0.00103628  
p6                        =      7.95286   +/-   0.00163424  
p7                        =      7.94291   +/-   0.00263259  
  [FIT] No fit met threshold. Falling back to best chi2/ndf.
  [FIT] Finalizing with loop variable 'segments' = 7
****************************************
Minimizer is Minuit2 / Migrad
Chi2                      =      106.627
NDf                       =           14
Edm                       =  5.35317e-06
NCalls                    =          190
p0                        =      7.90844   +/-   0.00117095  
p1                        =      7.91612   +/-   0.000823623 
p2                        =      7.91579   +/-   0.000970421 
p3                        =      7.91794   +/-   0.000877856 
p4                        =      7.92743   +/-   0.00115245  
p5                        =      7.92484   +/-   0.00102989  
p6                        =       7.9518   +/-   0.00159438  
p7                        =      7.93978   +/-   0.00354118  
[SUCCESS] Created final fit for UnbiasedL1Inner_Oxygen_AGL_L1QTemplate_LG_MPV_spline with chi2/ndf = 7.38703

[INFO] Starting smart spline fit for: UnbiasedL1Inner_Oxygen_AGL_L2QTemplate_LG_MPV (22 points)
****************************************
Minimizer is Minuit2 / Migrad
Chi2                      =      32.8734
NDf                       =           20
Edm                       =  1.35844e-18
NCalls                    =           43
p0                        =       7.9473   +/-   0.000788369 
p1                        =      7.96844   +/-   0.00106567  
  [FIT] Found good fit candidate. Best segments so far: 1. Stopping search.
  [FIT] Finalizing with loop variable 'segments' = 1
****************************************
Minimizer is Minuit2 / Migrad
Chi2                      =      36.3647
NDf                       =           20
Edm                       =  4.48147e-19
NCalls                    =           43
p0                        =       7.9452   +/-   0.000917597 
p1                        =      7.97063   +/-   0.00121834  
[SUCCESS] Created final fit for UnbiasedL1Inner_Oxygen_AGL_L2QTemplate_LG_MPV_spline with chi2/ndf = 1.64367
begin drawing Oxygen UnbiasedL1Inner AGL LG_MPV

[INFO] Starting smart spline fit for: UnbiasedL1Inner_Oxygen_AGL_L1QTemplate_LG_Sigma (22 points)
****************************************
Minimizer is Minuit2 / Migrad
Chi2                      =      174.664
NDf                       =           20
Edm                       =  2.42435e-21
NCalls                    =           35
p0                        =     0.201489   +/-   0.00121348  
p1                        =     0.226161   +/-   0.000820804 
****************************************
Minimizer is Minuit2 / Migrad
Chi2                      =      131.778
NDf                       =           19
Edm                       =  5.78237e-21
NCalls                    =           61
p0                        =     0.207859   +/-   0.00155515  
p1                        =     0.207956   +/-   0.00139368  
p2                        =      0.23027   +/-   0.0010332   
****************************************
Minimizer is Minuit2 / Migrad
Chi2                      =      134.185
NDf                       =           18
Edm                       =  2.85483e-21
NCalls                    =           84
p0                        =     0.206644   +/-   0.00190861  
p1                        =     0.205615   +/-   0.00156048  
p2                        =     0.214524   +/-   0.0014203   
p3                        =     0.231189   +/-   0.00128827  
****************************************
Minimizer is Minuit2 / Migrad
Chi2                      =      102.552
NDf                       =           17
Edm                       =  1.52618e-21
NCalls                    =          114
p0                        =     0.200717   +/-   0.00225802  
p1                        =     0.210638   +/-   0.00160916  
p2                        =     0.201083   +/-   0.00188708  
p3                        =     0.223683   +/-   0.00116772  
p4                        =     0.227256   +/-   0.00150083  
****************************************
Minimizer is Minuit2 / Migrad
Chi2                      =      98.4563
NDf                       =           16
Edm                       =  4.32913e-07
NCalls                    =          152
p0                        =      0.19921   +/-   0.00264491  
p1                        =     0.210993   +/-   0.00171359  
p2                        =     0.203234   +/-   0.0020326   
p3                        =     0.207776   +/-   0.00211224  
p4                        =     0.226693   +/-   0.00107265  
p5                        =     0.226396   +/-   0.00163922  
****************************************
Minimizer is Minuit2 / Migrad
Chi2                      =      97.9434
NDf                       =           15
Edm                       =  7.44861e-08
NCalls                    =          179
p0                        =     0.197649   +/-   0.00288957  
p1                        =     0.209992   +/-   0.00162736  
p2                        =      0.20499   +/-   0.00194627  
p3                        =     0.203176   +/-   0.00221299  
p4                        =     0.211885   +/-   0.00237557  
p5                        =     0.228923   +/-   0.00122203  
p6                        =     0.225519   +/-   0.00188788  
****************************************
Minimizer is Minuit2 / Migrad
Chi2                      =      98.1644
NDf                       =           14
Edm                       =  1.21126e-05
NCalls                    =          203
p0                        =     0.197725   +/-   0.00298249  
p1                        =     0.209931   +/-   0.00170528  
p2                        =     0.207759   +/-   0.00215359  
p3                        =     0.201029   +/-   0.00280292  
p4                        =     0.205686   +/-   0.00238415  
p5                        =     0.217608   +/-   0.00199048  
p6                        =     0.228763   +/-   0.0013179   
p7                        =     0.225692   +/-   0.00195956  
  [FIT] No fit met threshold. Falling back to best chi2/ndf.
  [FIT] Finalizing with loop variable 'segments' = 4
****************************************
Minimizer is Minuit2 / Migrad
Chi2                      =      100.324
NDf                       =           17
Edm                       =  3.90896e-21
NCalls                    =          114
p0                        =     0.196364   +/-   0.00304977  
p1                        =     0.210337   +/-   0.00149351  
p2                        =     0.201473   +/-   0.0018249   
p3                        =     0.223463   +/-   0.00107946  
p4                        =     0.226801   +/-   0.00200452  
[SUCCESS] Created final fit for UnbiasedL1Inner_Oxygen_AGL_L1QTemplate_LG_Sigma_spline with chi2/ndf = 6.03248

[INFO] Starting smart spline fit for: UnbiasedL1Inner_Oxygen_AGL_L2QTemplate_LG_Sigma (22 points)
****************************************
Minimizer is Minuit2 / Migrad
Chi2                      =      15.7183
NDf                       =           20
Edm                       =  6.74068e-20
NCalls                    =           37
p0                        =     0.229036   +/-   0.000590315 
p1                        =     0.222631   +/-   0.000792166 
  [FIT] Found good fit candidate. Best segments so far: 1. Stopping search.
  [FIT] Finalizing with loop variable 'segments' = 1
****************************************
Minimizer is Minuit2 / Migrad
Chi2                      =      15.0696
NDf                       =           20
Edm                       =  2.45589e-21
NCalls                    =           35
p0                        =     0.229728   +/-   0.000685666 
p1                        =     0.221896   +/-   0.000902766 
[SUCCESS] Created final fit for UnbiasedL1Inner_Oxygen_AGL_L2QTemplate_LG_Sigma_spline with chi2/ndf = 0.785914
begin drawing Oxygen UnbiasedL1Inner AGL LG_Sigma
begin drawing Oxygen UnbiasedL1Inner AGL LG_Chi2NDF

[INFO] Starting smart spline fit for: UnbiasedL1Inner_Oxygen_AGL_L1QTemplate_EGE_Peak (22 points)
****************************************
Minimizer is Minuit2 / Migrad
Chi2                      =      73.1867
NDf                       =           18
Edm                       =  2.80374e-19
NCalls                    =           43
p0                        =      7.97299   +/-   0.000932772 
p1                        =      7.98613   +/-   0.000880731 
****************************************
Minimizer is Minuit2 / Migrad
Chi2                      =      63.8637
NDf                       =           17
Edm                       =  1.88942e-07
NCalls                    =           71
p0                        =       7.9709   +/-   0.00115781  
p1                        =      7.98249   +/-   0.000745102 
p2                        =      7.98338   +/-   0.00126036  
****************************************
Minimizer is Minuit2 / Migrad
Chi2                      =      50.9585
NDf                       =           16
Edm                       =  3.87083e-08
NCalls                    =          104
p0                        =      7.97314   +/-   0.00131979  
p1                        =      7.97576   +/-   0.000985445 
p2                        =      7.98609   +/-   0.000912924 
p3                        =      7.98013   +/-   0.00156006  
****************************************
Minimizer is Minuit2 / Migrad
Chi2                      =      51.8378
NDf                       =           15
Edm                       =  8.58565e-10
NCalls                    =          110
p0                        =      7.97362   +/-   0.0014042   
p1                        =      7.97266   +/-   0.00115702  
p2                        =      7.98383   +/-   0.000913885 
p3                        =      7.98389   +/-   0.00113994  
p4                        =      7.98185   +/-   0.00188585  
  [FIT] Found good fit candidate. Best segments so far: 3. Stopping search.
  [FIT] Finalizing with loop variable 'segments' = 3
****************************************
Minimizer is Minuit2 / Migrad
Chi2                      =      55.2981
NDf                       =           16
Edm                       =  3.16838e-17
NCalls                    =          104
p0                        =      7.97241   +/-   0.00154467  
p1                        =      7.97645   +/-   0.000919199 
p2                        =      7.98551   +/-   0.00087528  
p3                        =      7.97926   +/-   0.00202976  
[SUCCESS] Created final fit for UnbiasedL1Inner_Oxygen_AGL_L1QTemplate_EGE_Peak_spline with chi2/ndf = 3.18491

[INFO] Starting smart spline fit for: UnbiasedL1Inner_Oxygen_AGL_L2QTemplate_EGE_Peak (22 points)
****************************************
Minimizer is Minuit2 / Migrad
Chi2                      =      19.6531
NDf                       =           19
Edm                       =  2.38034e-18
NCalls                    =           43
p0                        =      7.98971   +/-   0.000899029 
p1                        =      8.00826   +/-   0.00128161  
  [FIT] Found good fit candidate. Best segments so far: 1. Stopping search.
  [FIT] Finalizing with loop variable 'segments' = 1
****************************************
Minimizer is Minuit2 / Migrad
Chi2                      =      23.0571
NDf                       =           19
Edm                       =  9.83634e-20
NCalls                    =           43
p0                        =        7.988   +/-   0.00104404  
p1                        =      8.00996   +/-   0.0014519   
[SUCCESS] Created final fit for UnbiasedL1Inner_Oxygen_AGL_L2QTemplate_EGE_Peak_spline with chi2/ndf = 1.03437
begin drawing Oxygen UnbiasedL1Inner AGL EGE_Peak

[INFO] Starting smart spline fit for: UnbiasedL1Inner_Oxygen_AGL_L1QTemplate_EGE_SigmaL (22 points)
****************************************
Minimizer is Minuit2 / Migrad
Chi2                      =      52.0406
NDf                       =           18
Edm                       =  8.53372e-21
NCalls                    =           35
p0                        =     0.228738   +/-   0.000824746 
p1                        =     0.226768   +/-   0.000664703 
****************************************
Minimizer is Minuit2 / Migrad
Chi2                      =       48.712
NDf                       =           17
Edm                       =  1.06441e-22
NCalls                    =           72
p0                        =     0.227432   +/-   0.00109209  
p1                        =      0.22834   +/-   0.000573667 
p2                        =     0.225547   +/-   0.000943222 
****************************************
Minimizer is Minuit2 / Migrad
Chi2                      =      48.6763
NDf                       =           16
Edm                       =  1.77384e-20
NCalls                    =           90
p0                        =     0.227249   +/-   0.00131231  
p1                        =     0.228621   +/-   0.000780449 
p2                        =     0.227424   +/-   0.000664794 
p3                        =     0.225596   +/-   0.00115445  
****************************************
Minimizer is Minuit2 / Migrad
Chi2                      =      48.4422
NDf                       =           15
Edm                       =  3.54292e-09
NCalls                    =          121
p0                        =     0.227016   +/-   0.00140639  
p1                        =     0.228462   +/-   0.00090438  
p2                        =     0.228268   +/-   0.000695805 
p3                        =     0.226611   +/-   0.000840285 
p4                        =      0.22586   +/-   0.00139782  
  [FIT] Found good fit candidate. Best segments so far: 3. Stopping search.
  [FIT] Finalizing with loop variable 'segments' = 3
****************************************
Minimizer is Minuit2 / Migrad
Chi2                      =      49.0387
NDf                       =           16
Edm                       =  4.72599e-21
NCalls                    =           97
p0                        =     0.226859   +/-   0.00152094  
p1                        =     0.228687   +/-   0.000730741 
p2                        =     0.227345   +/-   0.000638546 
p3                        =     0.225479   +/-   0.00150546  
[SUCCESS] Created final fit for UnbiasedL1Inner_Oxygen_AGL_L1QTemplate_EGE_SigmaL_spline with chi2/ndf = 3.04227

[INFO] Starting smart spline fit for: UnbiasedL1Inner_Oxygen_AGL_L2QTemplate_EGE_SigmaL (22 points)
****************************************
Minimizer is Minuit2 / Migrad
Chi2                      =      16.6597
NDf                       =           19
Edm                       =  6.03736e-20
NCalls                    =           37
p0                        =     0.232778   +/-   0.000634101 
p1                        =     0.225189   +/-   0.000896018 
  [FIT] Found good fit candidate. Best segments so far: 1. Stopping search.
  [FIT] Finalizing with loop variable 'segments' = 1
****************************************
Minimizer is Minuit2 / Migrad
Chi2                      =      15.5956
NDf                       =           19
Edm                       =   1.9943e-21
NCalls                    =           37
p0                        =     0.233597   +/-   0.000737177 
p1                        =      0.22431   +/-   0.00101722  
[SUCCESS] Created final fit for UnbiasedL1Inner_Oxygen_AGL_L2QTemplate_EGE_SigmaL_spline with chi2/ndf = 0.876826
begin drawing Oxygen UnbiasedL1Inner AGL EGE_SigmaL

[INFO] Starting smart spline fit for: UnbiasedL1Inner_Oxygen_AGL_L1QTemplate_EGE_SigmaR (22 points)
****************************************
Minimizer is Minuit2 / Migrad
Chi2                      =      75.9823
NDf                       =           18
Edm                       =  1.05249e-20
NCalls                    =           35
p0                        =     0.289038   +/-   0.000934157 
p1                        =     0.287366   +/-   0.000788175 
****************************************
Minimizer is Minuit2 / Migrad
Chi2                      =      74.5292
NDf                       =           17
Edm                       =  2.58353e-08
NCalls                    =           65
p0                        =      0.28997   +/-   0.00121272  
p1                        =     0.287449   +/-   0.000670812 
p2                        =     0.288239   +/-   0.00107082  
****************************************
Minimizer is Minuit2 / Migrad
Chi2                      =      69.2053
NDf                       =           16
Edm                       =  9.01478e-21
NCalls                    =           88
p0                        =     0.291429   +/-   0.00137288  
p1                        =      0.28671   +/-   0.000893589 
p2                        =      0.28893   +/-   0.00086413  
p3                        =     0.286648   +/-   0.00131494  
****************************************
Minimizer is Minuit2 / Migrad
Chi2                      =      66.9077
NDf                       =           15
Edm                       =  8.06567e-06
NCalls                    =          118
p0                        =     0.291987   +/-   0.00143592  
p1                        =     0.286776   +/-   0.0011288   
p2                        =      0.28826   +/-   0.000816242 
p3                        =      0.28841   +/-   0.00103032  
p4                        =     0.286643   +/-   0.0015822   
****************************************
Minimizer is Minuit2 / Migrad
Chi2                      =      58.8913
NDf                       =           14
Edm                       =  6.04535e-06
NCalls                    =          145
p0                        =     0.292792   +/-   0.00146258  
p1                        =     0.284631   +/-   0.00151445  
p2                        =     0.288796   +/-   0.00105186  
p3                        =     0.286981   +/-   0.00105201  
p4                        =     0.289301   +/-   0.00112622  
p5                        =      0.28541   +/-   0.00175155  
  [FIT] Found good fit candidate. Best segments so far: 4. Stopping search.
  [FIT] Finalizing with loop variable 'segments' = 4
****************************************
Minimizer is Minuit2 / Migrad
Chi2                      =      62.5403
NDf                       =           15
Edm                       =  5.12307e-06
NCalls                    =          119
p0                        =     0.293304   +/-   0.00157782  
p1                        =     0.286178   +/-   0.0011378   
p2                        =     0.288356   +/-   0.00080296  
p3                        =     0.288457   +/-   0.000999357 
p4                        =     0.285962   +/-   0.00204661  
[SUCCESS] Created final fit for UnbiasedL1Inner_Oxygen_AGL_L1QTemplate_EGE_SigmaR_spline with chi2/ndf = 4.46051

[INFO] Starting smart spline fit for: UnbiasedL1Inner_Oxygen_AGL_L2QTemplate_EGE_SigmaR (22 points)
****************************************
Minimizer is Minuit2 / Migrad
Chi2                      =       29.089
NDf                       =           19
Edm                       =  3.17714e-21
NCalls                    =           35
p0                        =     0.285518   +/-   0.000946708 
p1                        =     0.279779   +/-   0.00129171  
  [FIT] Found good fit candidate. Best segments so far: 1. Stopping search.
  [FIT] Finalizing with loop variable 'segments' = 1
****************************************
Minimizer is Minuit2 / Migrad
Chi2                      =      28.3781
NDf                       =           19
Edm                       =  1.89638e-20
NCalls                    =           35
p0                        =     0.286169   +/-   0.00108848  
p1                        =     0.279092   +/-   0.00144786  
[SUCCESS] Created final fit for UnbiasedL1Inner_Oxygen_AGL_L2QTemplate_EGE_SigmaR_spline with chi2/ndf = 1.531
begin drawing Oxygen UnbiasedL1Inner AGL EGE_SigmaR
  [SUCCESS] Wrote constant TF1 'UnbiasedL1Inner_Oxygen_AGL_L1QTemplate_EGE_AlphaL_spline' to file.
  [SUCCESS] Wrote constant TF1 'UnbiasedL1Inner_Oxygen_AGL_L2QTemplate_EGE_AlphaL_spline' to file.
begin drawing Oxygen UnbiasedL1Inner AGL EGE_AlphaL

[INFO] Starting smart spline fit for: UnbiasedL1Inner_Oxygen_AGL_L1QTemplate_EGE_AlphaR (22 points)
****************************************
Minimizer is Minuit2 / Migrad
Chi2                      =      1388.57
NDf                       =           18
Edm                       =  9.85554e-22
NCalls                    =           31
p0                        =      1.41915   +/-   0.0146671   
p1                        =       1.7906   +/-   0.0143011   
****************************************
Minimizer is Minuit2 / Migrad
Chi2                      =      1134.41
NDf                       =           17
Edm                       =  3.38238e-21
NCalls                    =           60
p0                        =      1.18827   +/-   0.0206123   
p1                        =      1.79641   +/-   0.0127436   
p2                        =      1.63118   +/-   0.0174503   
****************************************
Minimizer is Minuit2 / Migrad
Chi2                      =      1006.56
NDf                       =           16
Edm                       =  2.90933e-09
NCalls                    =           88
p0                        =      1.03033   +/-   0.0248245   
p1                        =      1.71314   +/-   0.0134255   
p2                        =      1.62632   +/-   0.019275    
p3                        =       1.7218   +/-   0.0197944   
****************************************
Minimizer is Minuit2 / Migrad
Chi2                      =      1043.08
NDf                       =           15
Edm                       =  1.64857e-10
NCalls                    =          111
p0                        =      1.04889   +/-   0.027252    
p1                        =       1.5426   +/-   0.0160583   
p2                        =      1.73422   +/-   0.0160846   
p3                        =      1.62856   +/-   0.0224096   
p4                        =      1.72219   +/-   0.0219488   
****************************************
Minimizer is Minuit2 / Migrad
Chi2                      =      860.878
NDf                       =           14
Edm                       =  5.75686e-07
NCalls                    =          135
p0                        =      1.17562   +/-   0.0291021   
p1                        =      1.25403   +/-   0.0209682   
p2                        =      1.87658   +/-   0.0166097   
p3                        =      1.45156   +/-   0.0247644   
p4                        =      1.75722   +/-   0.0233115   
p5                        =      1.66742   +/-   0.0230272   
****************************************
Minimizer is Minuit2 / Migrad
Chi2                      =      777.618
NDf                       =           13
Edm                       =  6.01661e-06
NCalls                    =          173
p0                        =      1.28782   +/-   0.0314406   
p1                        =     0.960911   +/-   0.0276206   
p2                        =      1.88224   +/-   0.0180979   
p3                        =      1.57212   +/-   0.019103    
p4                        =      1.64193   +/-   0.03117     
p5                        =      1.70166   +/-   0.0262478   
p6                        =      1.69386   +/-   0.024307    
****************************************
Minimizer is Minuit2 / Migrad
Chi2                      =      767.485
NDf                       =           12
Edm                       =  7.16211e-07
NCalls                    =          219
p0                        =      1.32117   +/-   0.0337302   
p1                        =     0.893952   +/-   0.0374664   
p2                        =      1.73733   +/-   0.0210094   
p3                        =      1.80218   +/-   0.0206018   
p4                        =      1.52027   +/-   0.0324198   
p5                        =      1.69729   +/-   0.0343636   
p6                        =       1.6878   +/-   0.0309013   
p7                        =      1.69924   +/-   0.0250905   
  [FIT] No fit met threshold. Falling back to best chi2/ndf.
  [FIT] Finalizing with loop variable 'segments' = 6
****************************************
Minimizer is Minuit2 / Migrad
Chi2                      =       703.35
NDf                       =           13
Edm                       =  8.00348e-07
NCalls                    =          173
p0                        =      1.52621   +/-   0.0410614   
p1                        =     0.899972   +/-   0.0275234   
p2                        =      1.89381   +/-   0.0176579   
p3                        =      1.56429   +/-   0.0188808   
p4                        =       1.6411   +/-   0.0305432   
p5                        =      1.70721   +/-   0.0262196   
p6                        =       1.6848   +/-   0.031499    
[SUCCESS] Created final fit for UnbiasedL1Inner_Oxygen_AGL_L1QTemplate_EGE_AlphaR_spline with chi2/ndf = 59.8168

[INFO] Starting smart spline fit for: UnbiasedL1Inner_Oxygen_AGL_L2QTemplate_EGE_AlphaR (22 points)
****************************************
Minimizer is Minuit2 / Migrad
Chi2                      =      393.063
NDf                       =           19
Edm                       =  3.44374e-22
NCalls                    =           31
p0                        =      1.45274   +/-   0.018339    
p1                        =      1.96204   +/-   0.0175663   
****************************************
Minimizer is Minuit2 / Migrad
Chi2                      =       228.06
NDf                       =           18
Edm                       =  1.35476e-17
NCalls                    =           58
p0                        =       1.6281   +/-   0.0228625   
p1                        =      1.51553   +/-   0.0218269   
p2                        =      2.09311   +/-   0.0203145   
****************************************
Minimizer is Minuit2 / Migrad
Chi2                      =        130.9
NDf                       =           17
Edm                       =  1.05874e-07
NCalls                    =           88
p0                        =      1.50257   +/-   0.0275474   
p1                        =      1.60871   +/-   0.0242628   
p2                        =      1.50612   +/-   0.0265871   
p3                        =      2.16366   +/-   0.0215368   
****************************************
Minimizer is Minuit2 / Migrad
Chi2                      =      57.0807
NDf                       =           16
Edm                       =  2.20697e-08
NCalls                    =          109
p0                        =      1.58569   +/-   0.0309881   
p1                        =      1.52859   +/-   0.024303    
p2                        =       1.6142   +/-   0.0282505   
p3                        =       1.4827   +/-   0.0327557   
p4                        =      2.21475   +/-   0.0223517   
  [FIT] Found good fit candidate. Best segments so far: 4. Stopping search.
  [FIT] Finalizing with loop variable 'segments' = 4
****************************************
Minimizer is Minuit2 / Migrad
Chi2                      =      38.4638
NDf                       =           16
Edm                       =  4.70494e-07
NCalls                    =          111
p0                        =      1.60764   +/-   0.0407752   
p1                        =      1.53445   +/-   0.0227647   
p2                        =       1.6088   +/-   0.0275095   
p3                        =      1.47408   +/-   0.0322224   
p4                        =      2.31328   +/-   0.0256767   
[SUCCESS] Created final fit for UnbiasedL1Inner_Oxygen_AGL_L2QTemplate_EGE_AlphaR_spline with chi2/ndf = 3.56754
begin drawing Oxygen UnbiasedL1Inner AGL EGE_AlphaR
begin drawing Oxygen UnbiasedL1Inner AGL EGE_Chi2NDF

[PROCESS] Starting Detector Comparison plots...
begin drawing Beryllium L1Inner L1QTemplate LG_Width
begin drawing Beryllium L1Inner L1QTemplate LG_MPV
begin drawing Beryllium L1Inner L1QTemplate LG_Sigma
begin drawing Beryllium L1Inner L1QTemplate LG_Chi2NDF
begin drawing Beryllium L1Inner L1QTemplate EGE_Peak
begin drawing Beryllium L1Inner L1QTemplate EGE_SigmaL
begin drawing Beryllium L1Inner L1QTemplate EGE_SigmaR
begin drawing Beryllium L1Inner L1QTemplate EGE_AlphaL
begin drawing Beryllium L1Inner L1QTemplate EGE_AlphaR
begin drawing Beryllium L1Inner L1QTemplate EGE_Chi2NDF
begin drawing Beryllium L1Inner L2QTemplate LG_Width
begin drawing Beryllium L1Inner L2QTemplate LG_MPV
begin drawing Beryllium L1Inner L2QTemplate LG_Sigma
begin drawing Beryllium L1Inner L2QTemplate LG_Chi2NDF
begin drawing Beryllium L1Inner L2QTemplate EGE_Peak
begin drawing Beryllium L1Inner L2QTemplate EGE_SigmaL
begin drawing Beryllium L1Inner L2QTemplate EGE_SigmaR
begin drawing Beryllium L1Inner L2QTemplate EGE_AlphaL
begin drawing Beryllium L1Inner L2QTemplate EGE_AlphaR
begin drawing Beryllium L1Inner L2QTemplate EGE_Chi2NDF
begin drawing Beryllium UnbiasedL1Inner L1QTemplate LG_Width
begin drawing Beryllium UnbiasedL1Inner L1QTemplate LG_MPV
begin drawing Beryllium UnbiasedL1Inner L1QTemplate LG_Sigma
begin drawing Beryllium UnbiasedL1Inner L1QTemplate LG_Chi2NDF
begin drawing Beryllium UnbiasedL1Inner L1QTemplate EGE_Peak
begin drawing Beryllium UnbiasedL1Inner L1QTemplate EGE_SigmaL
begin drawing Beryllium UnbiasedL1Inner L1QTemplate EGE_SigmaR
begin drawing Beryllium UnbiasedL1Inner L1QTemplate EGE_AlphaL
begin drawing Beryllium UnbiasedL1Inner L1QTemplate EGE_AlphaR
begin drawing Beryllium UnbiasedL1Inner L1QTemplate EGE_Chi2NDF
begin drawing Beryllium UnbiasedL1Inner L2QTemplate LG_Width
begin drawing Beryllium UnbiasedL1Inner L2QTemplate LG_MPV
begin drawing Beryllium UnbiasedL1Inner L2QTemplate LG_Sigma
begin drawing Beryllium UnbiasedL1Inner L2QTemplate LG_Chi2NDF
begin drawing Beryllium UnbiasedL1Inner L2QTemplate EGE_Peak
begin drawing Beryllium UnbiasedL1Inner L2QTemplate EGE_SigmaL
begin drawing Beryllium UnbiasedL1Inner L2QTemplate EGE_SigmaR
begin drawing Beryllium UnbiasedL1Inner L2QTemplate EGE_AlphaL
begin drawing Beryllium UnbiasedL1Inner L2QTemplate EGE_AlphaR
begin drawing Beryllium UnbiasedL1Inner L2QTemplate EGE_Chi2NDF
begin drawing Boron L1Inner L1QTemplate LG_Width
begin drawing Boron L1Inner L1QTemplate LG_MPV
begin drawing Boron L1Inner L1QTemplate LG_Sigma
begin drawing Boron L1Inner L1QTemplate LG_Chi2NDF
begin drawing Boron L1Inner L1QTemplate EGE_Peak
begin drawing Boron L1Inner L1QTemplate EGE_SigmaL
begin drawing Boron L1Inner L1QTemplate EGE_SigmaR
begin drawing Boron L1Inner L1QTemplate EGE_AlphaL
begin drawing Boron L1Inner L1QTemplate EGE_AlphaR
begin drawing Boron L1Inner L1QTemplate EGE_Chi2NDF
begin drawing Boron L1Inner L2QTemplate LG_Width
begin drawing Boron L1Inner L2QTemplate LG_MPV
begin drawing Boron L1Inner L2QTemplate LG_Sigma
begin drawing Boron L1Inner L2QTemplate LG_Chi2NDF
begin drawing Boron L1Inner L2QTemplate EGE_Peak
begin drawing Boron L1Inner L2QTemplate EGE_SigmaL
begin drawing Boron L1Inner L2QTemplate EGE_SigmaR
begin drawing Boron L1Inner L2QTemplate EGE_AlphaL
begin drawing Boron L1Inner L2QTemplate EGE_AlphaR
begin drawing Boron L1Inner L2QTemplate EGE_Chi2NDF
begin drawing Boron UnbiasedL1Inner L1QTemplate LG_Width
begin drawing Boron UnbiasedL1Inner L1QTemplate LG_MPV
begin drawing Boron UnbiasedL1Inner L1QTemplate LG_Sigma
begin drawing Boron UnbiasedL1Inner L1QTemplate LG_Chi2NDF
begin drawing Boron UnbiasedL1Inner L1QTemplate EGE_Peak
begin drawing Boron UnbiasedL1Inner L1QTemplate EGE_SigmaL
begin drawing Boron UnbiasedL1Inner L1QTemplate EGE_SigmaR
begin drawing Boron UnbiasedL1Inner L1QTemplate EGE_AlphaL
begin drawing Boron UnbiasedL1Inner L1QTemplate EGE_AlphaR
begin drawing Boron UnbiasedL1Inner L1QTemplate EGE_Chi2NDF
begin drawing Boron UnbiasedL1Inner L2QTemplate LG_Width
begin drawing Boron UnbiasedL1Inner L2QTemplate LG_MPV
begin drawing Boron UnbiasedL1Inner L2QTemplate LG_Sigma
begin drawing Boron UnbiasedL1Inner L2QTemplate LG_Chi2NDF
begin drawing Boron UnbiasedL1Inner L2QTemplate EGE_Peak
begin drawing Boron UnbiasedL1Inner L2QTemplate EGE_SigmaL
begin drawing Boron UnbiasedL1Inner L2QTemplate EGE_SigmaR
begin drawing Boron UnbiasedL1Inner L2QTemplate EGE_AlphaL
begin drawing Boron UnbiasedL1Inner L2QTemplate EGE_AlphaR
begin drawing Boron UnbiasedL1Inner L2QTemplate EGE_Chi2NDF
begin drawing Carbon L1Inner L1QTemplate LG_Width
begin drawing Carbon L1Inner L1QTemplate LG_MPV
begin drawing Carbon L1Inner L1QTemplate LG_Sigma
begin drawing Carbon L1Inner L1QTemplate LG_Chi2NDF
begin drawing Carbon L1Inner L1QTemplate EGE_Peak
begin drawing Carbon L1Inner L1QTemplate EGE_SigmaL
begin drawing Carbon L1Inner L1QTemplate EGE_SigmaR
begin drawing Carbon L1Inner L1QTemplate EGE_AlphaL
begin drawing Carbon L1Inner L1QTemplate EGE_AlphaR
begin drawing Carbon L1Inner L1QTemplate EGE_Chi2NDF
begin drawing Carbon L1Inner L2QTemplate LG_Width
begin drawing Carbon L1Inner L2QTemplate LG_MPV
begin drawing Carbon L1Inner L2QTemplate LG_Sigma
begin drawing Carbon L1Inner L2QTemplate LG_Chi2NDF
begin drawing Carbon L1Inner L2QTemplate EGE_Peak
begin drawing Carbon L1Inner L2QTemplate EGE_SigmaL
begin drawing Carbon L1Inner L2QTemplate EGE_SigmaR
begin drawing Carbon L1Inner L2QTemplate EGE_AlphaL
begin drawing Carbon L1Inner L2QTemplate EGE_AlphaR
begin drawing Carbon L1Inner L2QTemplate EGE_Chi2NDF
begin drawing Carbon UnbiasedL1Inner L1QTemplate LG_Width
begin drawing Carbon UnbiasedL1Inner L1QTemplate LG_MPV
begin drawing Carbon UnbiasedL1Inner L1QTemplate LG_Sigma
begin drawing Carbon UnbiasedL1Inner L1QTemplate LG_Chi2NDF
begin drawing Carbon UnbiasedL1Inner L1QTemplate EGE_Peak
begin drawing Carbon UnbiasedL1Inner L1QTemplate EGE_SigmaL
begin drawing Carbon UnbiasedL1Inner L1QTemplate EGE_SigmaR
begin drawing Carbon UnbiasedL1Inner L1QTemplate EGE_AlphaL
begin drawing Carbon UnbiasedL1Inner L1QTemplate EGE_AlphaR
begin drawing Carbon UnbiasedL1Inner L1QTemplate EGE_Chi2NDF
begin drawing Carbon UnbiasedL1Inner L2QTemplate LG_Width
begin drawing Carbon UnbiasedL1Inner L2QTemplate LG_MPV
begin drawing Carbon UnbiasedL1Inner L2QTemplate LG_Sigma
begin drawing Carbon UnbiasedL1Inner L2QTemplate LG_Chi2NDF
begin drawing Carbon UnbiasedL1Inner L2QTemplate EGE_Peak
begin drawing Carbon UnbiasedL1Inner L2QTemplate EGE_SigmaL
begin drawing Carbon UnbiasedL1Inner L2QTemplate EGE_SigmaR
begin drawing Carbon UnbiasedL1Inner L2QTemplate EGE_AlphaL
begin drawing Carbon UnbiasedL1Inner L2QTemplate EGE_AlphaR
begin drawing Carbon UnbiasedL1Inner L2QTemplate EGE_Chi2NDF
begin drawing Nitrogen L1Inner L1QTemplate LG_Width
begin drawing Nitrogen L1Inner L1QTemplate LG_MPV
begin drawing Nitrogen L1Inner L1QTemplate LG_Sigma
begin drawing Nitrogen L1Inner L1QTemplate LG_Chi2NDF
begin drawing Nitrogen L1Inner L1QTemplate EGE_Peak
begin drawing Nitrogen L1Inner L1QTemplate EGE_SigmaL
begin drawing Nitrogen L1Inner L1QTemplate EGE_SigmaR
begin drawing Nitrogen L1Inner L1QTemplate EGE_AlphaL
begin drawing Nitrogen L1Inner L1QTemplate EGE_AlphaR
begin drawing Nitrogen L1Inner L1QTemplate EGE_Chi2NDF
begin drawing Nitrogen L1Inner L2QTemplate LG_Width
begin drawing Nitrogen L1Inner L2QTemplate LG_MPV
begin drawing Nitrogen L1Inner L2QTemplate LG_Sigma
begin drawing Nitrogen L1Inner L2QTemplate LG_Chi2NDF
begin drawing Nitrogen L1Inner L2QTemplate EGE_Peak
begin drawing Nitrogen L1Inner L2QTemplate EGE_SigmaL
begin drawing Nitrogen L1Inner L2QTemplate EGE_SigmaR
begin drawing Nitrogen L1Inner L2QTemplate EGE_AlphaL
begin drawing Nitrogen L1Inner L2QTemplate EGE_AlphaR
begin drawing Nitrogen L1Inner L2QTemplate EGE_Chi2NDF
begin drawing Nitrogen UnbiasedL1Inner L1QTemplate LG_Width
begin drawing Nitrogen UnbiasedL1Inner L1QTemplate LG_MPV
begin drawing Nitrogen UnbiasedL1Inner L1QTemplate LG_Sigma
begin drawing Nitrogen UnbiasedL1Inner L1QTemplate LG_Chi2NDF
begin drawing Nitrogen UnbiasedL1Inner L1QTemplate EGE_Peak
begin drawing Nitrogen UnbiasedL1Inner L1QTemplate EGE_SigmaL
begin drawing Nitrogen UnbiasedL1Inner L1QTemplate EGE_SigmaR
begin drawing Nitrogen UnbiasedL1Inner L1QTemplate EGE_AlphaL
begin drawing Nitrogen UnbiasedL1Inner L1QTemplate EGE_AlphaR
begin drawing Nitrogen UnbiasedL1Inner L1QTemplate EGE_Chi2NDF
begin drawing Nitrogen UnbiasedL1Inner L2QTemplate LG_Width
begin drawing Nitrogen UnbiasedL1Inner L2QTemplate LG_MPV
begin drawing Nitrogen UnbiasedL1Inner L2QTemplate LG_Sigma
begin drawing Nitrogen UnbiasedL1Inner L2QTemplate LG_Chi2NDF
begin drawing Nitrogen UnbiasedL1Inner L2QTemplate EGE_Peak
begin drawing Nitrogen UnbiasedL1Inner L2QTemplate EGE_SigmaL
begin drawing Nitrogen UnbiasedL1Inner L2QTemplate EGE_SigmaR
begin drawing Nitrogen UnbiasedL1Inner L2QTemplate EGE_AlphaL
begin drawing Nitrogen UnbiasedL1Inner L2QTemplate EGE_AlphaR
begin drawing Nitrogen UnbiasedL1Inner L2QTemplate EGE_Chi2NDF
begin drawing Oxygen L1Inner L1QTemplate LG_Width
begin drawing Oxygen L1Inner L1QTemplate LG_MPV
begin drawing Oxygen L1Inner L1QTemplate LG_Sigma
begin drawing Oxygen L1Inner L1QTemplate LG_Chi2NDF
begin drawing Oxygen L1Inner L1QTemplate EGE_Peak
begin drawing Oxygen L1Inner L1QTemplate EGE_SigmaL
begin drawing Oxygen L1Inner L1QTemplate EGE_SigmaR
begin drawing Oxygen L1Inner L1QTemplate EGE_AlphaL
begin drawing Oxygen L1Inner L1QTemplate EGE_AlphaR
begin drawing Oxygen L1Inner L1QTemplate EGE_Chi2NDF
begin drawing Oxygen L1Inner L2QTemplate LG_Width
begin drawing Oxygen L1Inner L2QTemplate LG_MPV
begin drawing Oxygen L1Inner L2QTemplate LG_Sigma
begin drawing Oxygen L1Inner L2QTemplate LG_Chi2NDF
begin drawing Oxygen L1Inner L2QTemplate EGE_Peak
begin drawing Oxygen L1Inner L2QTemplate EGE_SigmaL
begin drawing Oxygen L1Inner L2QTemplate EGE_SigmaR
begin drawing Oxygen L1Inner L2QTemplate EGE_AlphaL
begin drawing Oxygen L1Inner L2QTemplate EGE_AlphaR
begin drawing Oxygen L1Inner L2QTemplate EGE_Chi2NDF
begin drawing Oxygen UnbiasedL1Inner L1QTemplate LG_Width
begin drawing Oxygen UnbiasedL1Inner L1QTemplate LG_MPV
begin drawing Oxygen UnbiasedL1Inner L1QTemplate LG_Sigma
begin drawing Oxygen UnbiasedL1Inner L1QTemplate LG_Chi2NDF
begin drawing Oxygen UnbiasedL1Inner L1QTemplate EGE_Peak
begin drawing Oxygen UnbiasedL1Inner L1QTemplate EGE_SigmaL
begin drawing Oxygen UnbiasedL1Inner L1QTemplate EGE_SigmaR
begin drawing Oxygen UnbiasedL1Inner L1QTemplate EGE_AlphaL
begin drawing Oxygen UnbiasedL1Inner L1QTemplate EGE_AlphaR
begin drawing Oxygen UnbiasedL1Inner L1QTemplate EGE_Chi2NDF
begin drawing Oxygen UnbiasedL1Inner L2QTemplate LG_Width
begin drawing Oxygen UnbiasedL1Inner L2QTemplate LG_MPV
begin drawing Oxygen UnbiasedL1Inner L2QTemplate LG_Sigma
begin drawing Oxygen UnbiasedL1Inner L2QTemplate LG_Chi2NDF
begin drawing Oxygen UnbiasedL1Inner L2QTemplate EGE_Peak
begin drawing Oxygen UnbiasedL1Inner L2QTemplate EGE_SigmaL
begin drawing Oxygen UnbiasedL1Inner L2QTemplate EGE_SigmaR
begin drawing Oxygen UnbiasedL1Inner L2QTemplate EGE_AlphaL
begin drawing Oxygen UnbiasedL1Inner L2QTemplate EGE_AlphaR
begin drawing Oxygen UnbiasedL1Inner L2QTemplate EGE_Chi2NDF

[PROCESS] Starting Chain Comparison plots...
begin drawing Beryllium TOF L1QTemplate LG_Width
begin drawing Beryllium TOF L1QTemplate LG_MPV
begin drawing Beryllium TOF L1QTemplate LG_Sigma
begin drawing Beryllium TOF L1QTemplate LG_Chi2NDF
begin drawing Beryllium TOF L1QTemplate EGE_Peak
begin drawing Beryllium TOF L1QTemplate EGE_SigmaL
begin drawing Beryllium TOF L1QTemplate EGE_SigmaR
begin drawing Beryllium TOF L1QTemplate EGE_AlphaL
begin drawing Beryllium TOF L1QTemplate EGE_AlphaR
begin drawing Beryllium TOF L1QTemplate EGE_Chi2NDF
begin drawing Beryllium TOF L2QTemplate LG_Width
begin drawing Beryllium TOF L2QTemplate LG_MPV
begin drawing Beryllium TOF L2QTemplate LG_Sigma
begin drawing Beryllium TOF L2QTemplate LG_Chi2NDF
begin drawing Beryllium TOF L2QTemplate EGE_Peak
begin drawing Beryllium TOF L2QTemplate EGE_SigmaL
begin drawing Beryllium TOF L2QTemplate EGE_SigmaR
begin drawing Beryllium TOF L2QTemplate EGE_AlphaL
begin drawing Beryllium TOF L2QTemplate EGE_AlphaR
begin drawing Beryllium TOF L2QTemplate EGE_Chi2NDF
begin drawing Beryllium NaF L1QTemplate LG_Width
begin drawing Beryllium NaF L1QTemplate LG_MPV
begin drawing Beryllium NaF L1QTemplate LG_Sigma
begin drawing Beryllium NaF L1QTemplate LG_Chi2NDF
begin drawing Beryllium NaF L1QTemplate EGE_Peak
begin drawing Beryllium NaF L1QTemplate EGE_SigmaL
begin drawing Beryllium NaF L1QTemplate EGE_SigmaR
begin drawing Beryllium NaF L1QTemplate EGE_AlphaL
begin drawing Beryllium NaF L1QTemplate EGE_AlphaR
begin drawing Beryllium NaF L1QTemplate EGE_Chi2NDF
begin drawing Beryllium NaF L2QTemplate LG_Width
begin drawing Beryllium NaF L2QTemplate LG_MPV
begin drawing Beryllium NaF L2QTemplate LG_Sigma
begin drawing Beryllium NaF L2QTemplate LG_Chi2NDF
begin drawing Beryllium NaF L2QTemplate EGE_Peak
begin drawing Beryllium NaF L2QTemplate EGE_SigmaL
begin drawing Beryllium NaF L2QTemplate EGE_SigmaR
begin drawing Beryllium NaF L2QTemplate EGE_AlphaL
begin drawing Beryllium NaF L2QTemplate EGE_AlphaR
begin drawing Beryllium NaF L2QTemplate EGE_Chi2NDF
begin drawing Beryllium AGL L1QTemplate LG_Width
begin drawing Beryllium AGL L1QTemplate LG_MPV
begin drawing Beryllium AGL L1QTemplate LG_Sigma
begin drawing Beryllium AGL L1QTemplate LG_Chi2NDF
begin drawing Beryllium AGL L1QTemplate EGE_Peak
begin drawing Beryllium AGL L1QTemplate EGE_SigmaL
begin drawing Beryllium AGL L1QTemplate EGE_SigmaR
begin drawing Beryllium AGL L1QTemplate EGE_AlphaL
begin drawing Beryllium AGL L1QTemplate EGE_AlphaR
begin drawing Beryllium AGL L1QTemplate EGE_Chi2NDF
begin drawing Beryllium AGL L2QTemplate LG_Width
begin drawing Beryllium AGL L2QTemplate LG_MPV
begin drawing Beryllium AGL L2QTemplate LG_Sigma
begin drawing Beryllium AGL L2QTemplate LG_Chi2NDF
begin drawing Beryllium AGL L2QTemplate EGE_Peak
begin drawing Beryllium AGL L2QTemplate EGE_SigmaL
begin drawing Beryllium AGL L2QTemplate EGE_SigmaR
begin drawing Beryllium AGL L2QTemplate EGE_AlphaL
begin drawing Beryllium AGL L2QTemplate EGE_AlphaR
begin drawing Beryllium AGL L2QTemplate EGE_Chi2NDF
begin drawing Boron TOF L1QTemplate LG_Width
begin drawing Boron TOF L1QTemplate LG_MPV
begin drawing Boron TOF L1QTemplate LG_Sigma
begin drawing Boron TOF L1QTemplate LG_Chi2NDF
begin drawing Boron TOF L1QTemplate EGE_Peak
begin drawing Boron TOF L1QTemplate EGE_SigmaL
begin drawing Boron TOF L1QTemplate EGE_SigmaR
begin drawing Boron TOF L1QTemplate EGE_AlphaL
begin drawing Boron TOF L1QTemplate EGE_AlphaR
begin drawing Boron TOF L1QTemplate EGE_Chi2NDF
begin drawing Boron TOF L2QTemplate LG_Width
begin drawing Boron TOF L2QTemplate LG_MPV
begin drawing Boron TOF L2QTemplate LG_Sigma
begin drawing Boron TOF L2QTemplate LG_Chi2NDF
begin drawing Boron TOF L2QTemplate EGE_Peak
begin drawing Boron TOF L2QTemplate EGE_SigmaL
begin drawing Boron TOF L2QTemplate EGE_SigmaR
begin drawing Boron TOF L2QTemplate EGE_AlphaL
begin drawing Boron TOF L2QTemplate EGE_AlphaR
begin drawing Boron TOF L2QTemplate EGE_Chi2NDF
begin drawing Boron NaF L1QTemplate LG_Width
begin drawing Boron NaF L1QTemplate LG_MPV
begin drawing Boron NaF L1QTemplate LG_Sigma
begin drawing Boron NaF L1QTemplate LG_Chi2NDF
begin drawing Boron NaF L1QTemplate EGE_Peak
begin drawing Boron NaF L1QTemplate EGE_SigmaL
begin drawing Boron NaF L1QTemplate EGE_SigmaR
begin drawing Boron NaF L1QTemplate EGE_AlphaL
begin drawing Boron NaF L1QTemplate EGE_AlphaR
begin drawing Boron NaF L1QTemplate EGE_Chi2NDF
begin drawing Boron NaF L2QTemplate LG_Width
begin drawing Boron NaF L2QTemplate LG_MPV
begin drawing Boron NaF L2QTemplate LG_Sigma
begin drawing Boron NaF L2QTemplate LG_Chi2NDF
begin drawing Boron NaF L2QTemplate EGE_Peak
begin drawing Boron NaF L2QTemplate EGE_SigmaL
begin drawing Boron NaF L2QTemplate EGE_SigmaR
begin drawing Boron NaF L2QTemplate EGE_AlphaL
begin drawing Boron NaF L2QTemplate EGE_AlphaR
begin drawing Boron NaF L2QTemplate EGE_Chi2NDF
begin drawing Boron AGL L1QTemplate LG_Width
begin drawing Boron AGL L1QTemplate LG_MPV
begin drawing Boron AGL L1QTemplate LG_Sigma
begin drawing Boron AGL L1QTemplate LG_Chi2NDF
begin drawing Boron AGL L1QTemplate EGE_Peak
begin drawing Boron AGL L1QTemplate EGE_SigmaL
begin drawing Boron AGL L1QTemplate EGE_SigmaR
begin drawing Boron AGL L1QTemplate EGE_AlphaL
begin drawing Boron AGL L1QTemplate EGE_AlphaR
begin drawing Boron AGL L1QTemplate EGE_Chi2NDF
begin drawing Boron AGL L2QTemplate LG_Width
begin drawing Boron AGL L2QTemplate LG_MPV
begin drawing Boron AGL L2QTemplate LG_Sigma
begin drawing Boron AGL L2QTemplate LG_Chi2NDF
begin drawing Boron AGL L2QTemplate EGE_Peak
begin drawing Boron AGL L2QTemplate EGE_SigmaL
begin drawing Boron AGL L2QTemplate EGE_SigmaR
begin drawing Boron AGL L2QTemplate EGE_AlphaL
begin drawing Boron AGL L2QTemplate EGE_AlphaR
begin drawing Boron AGL L2QTemplate EGE_Chi2NDF
begin drawing Carbon TOF L1QTemplate LG_Width
begin drawing Carbon TOF L1QTemplate LG_MPV
begin drawing Carbon TOF L1QTemplate LG_Sigma
begin drawing Carbon TOF L1QTemplate LG_Chi2NDF
begin drawing Carbon TOF L1QTemplate EGE_Peak
begin drawing Carbon TOF L1QTemplate EGE_SigmaL
begin drawing Carbon TOF L1QTemplate EGE_SigmaR
begin drawing Carbon TOF L1QTemplate EGE_AlphaL
begin drawing Carbon TOF L1QTemplate EGE_AlphaR
begin drawing Carbon TOF L1QTemplate EGE_Chi2NDF
begin drawing Carbon TOF L2QTemplate LG_Width
begin drawing Carbon TOF L2QTemplate LG_MPV
begin drawing Carbon TOF L2QTemplate LG_Sigma
begin drawing Carbon TOF L2QTemplate LG_Chi2NDF
begin drawing Carbon TOF L2QTemplate EGE_Peak
begin drawing Carbon TOF L2QTemplate EGE_SigmaL
begin drawing Carbon TOF L2QTemplate EGE_SigmaR
begin drawing Carbon TOF L2QTemplate EGE_AlphaL
begin drawing Carbon TOF L2QTemplate EGE_AlphaR
begin drawing Carbon TOF L2QTemplate EGE_Chi2NDF
begin drawing Carbon NaF L1QTemplate LG_Width
begin drawing Carbon NaF L1QTemplate LG_MPV
begin drawing Carbon NaF L1QTemplate LG_Sigma
begin drawing Carbon NaF L1QTemplate LG_Chi2NDF
begin drawing Carbon NaF L1QTemplate EGE_Peak
begin drawing Carbon NaF L1QTemplate EGE_SigmaL
begin drawing Carbon NaF L1QTemplate EGE_SigmaR
begin drawing Carbon NaF L1QTemplate EGE_AlphaL
begin drawing Carbon NaF L1QTemplate EGE_AlphaR
begin drawing Carbon NaF L1QTemplate EGE_Chi2NDF
begin drawing Carbon NaF L2QTemplate LG_Width
begin drawing Carbon NaF L2QTemplate LG_MPV
begin drawing Carbon NaF L2QTemplate LG_Sigma
begin drawing Carbon NaF L2QTemplate LG_Chi2NDF
begin drawing Carbon NaF L2QTemplate EGE_Peak
begin drawing Carbon NaF L2QTemplate EGE_SigmaL
begin drawing Carbon NaF L2QTemplate EGE_SigmaR
begin drawing Carbon NaF L2QTemplate EGE_AlphaL
begin drawing Carbon NaF L2QTemplate EGE_AlphaR
begin drawing Carbon NaF L2QTemplate EGE_Chi2NDF
begin drawing Carbon AGL L1QTemplate LG_Width
begin drawing Carbon AGL L1QTemplate LG_MPV
begin drawing Carbon AGL L1QTemplate LG_Sigma
begin drawing Carbon AGL L1QTemplate LG_Chi2NDF
begin drawing Carbon AGL L1QTemplate EGE_Peak
begin drawing Carbon AGL L1QTemplate EGE_SigmaL
begin drawing Carbon AGL L1QTemplate EGE_SigmaR
begin drawing Carbon AGL L1QTemplate EGE_AlphaL
begin drawing Carbon AGL L1QTemplate EGE_AlphaR
begin drawing Carbon AGL L1QTemplate EGE_Chi2NDF
begin drawing Carbon AGL L2QTemplate LG_Width
begin drawing Carbon AGL L2QTemplate LG_MPV
begin drawing Carbon AGL L2QTemplate LG_Sigma
begin drawing Carbon AGL L2QTemplate LG_Chi2NDF
begin drawing Carbon AGL L2QTemplate EGE_Peak
begin drawing Carbon AGL L2QTemplate EGE_SigmaL
begin drawing Carbon AGL L2QTemplate EGE_SigmaR
begin drawing Carbon AGL L2QTemplate EGE_AlphaL
begin drawing Carbon AGL L2QTemplate EGE_AlphaR
begin drawing Carbon AGL L2QTemplate EGE_Chi2NDF
begin drawing Nitrogen TOF L1QTemplate LG_Width
begin drawing Nitrogen TOF L1QTemplate LG_MPV
begin drawing Nitrogen TOF L1QTemplate LG_Sigma
begin drawing Nitrogen TOF L1QTemplate LG_Chi2NDF
begin drawing Nitrogen TOF L1QTemplate EGE_Peak
begin drawing Nitrogen TOF L1QTemplate EGE_SigmaL
begin drawing Nitrogen TOF L1QTemplate EGE_SigmaR
begin drawing Nitrogen TOF L1QTemplate EGE_AlphaL
begin drawing Nitrogen TOF L1QTemplate EGE_AlphaR
begin drawing Nitrogen TOF L1QTemplate EGE_Chi2NDF
begin drawing Nitrogen TOF L2QTemplate LG_Width
begin drawing Nitrogen TOF L2QTemplate LG_MPV
begin drawing Nitrogen TOF L2QTemplate LG_Sigma
begin drawing Nitrogen TOF L2QTemplate LG_Chi2NDF
begin drawing Nitrogen TOF L2QTemplate EGE_Peak
begin drawing Nitrogen TOF L2QTemplate EGE_SigmaL
begin drawing Nitrogen TOF L2QTemplate EGE_SigmaR
begin drawing Nitrogen TOF L2QTemplate EGE_AlphaL
begin drawing Nitrogen TOF L2QTemplate EGE_AlphaR
begin drawing Nitrogen TOF L2QTemplate EGE_Chi2NDF
begin drawing Nitrogen NaF L1QTemplate LG_Width
begin drawing Nitrogen NaF L1QTemplate LG_MPV
begin drawing Nitrogen NaF L1QTemplate LG_Sigma
begin drawing Nitrogen NaF L1QTemplate LG_Chi2NDF
begin drawing Nitrogen NaF L1QTemplate EGE_Peak
begin drawing Nitrogen NaF L1QTemplate EGE_SigmaL
begin drawing Nitrogen NaF L1QTemplate EGE_SigmaR
begin drawing Nitrogen NaF L1QTemplate EGE_AlphaL
begin drawing Nitrogen NaF L1QTemplate EGE_AlphaR
begin drawing Nitrogen NaF L1QTemplate EGE_Chi2NDF
begin drawing Nitrogen NaF L2QTemplate LG_Width
begin drawing Nitrogen NaF L2QTemplate LG_MPV
begin drawing Nitrogen NaF L2QTemplate LG_Sigma
begin drawing Nitrogen NaF L2QTemplate LG_Chi2NDF
begin drawing Nitrogen NaF L2QTemplate EGE_Peak
begin drawing Nitrogen NaF L2QTemplate EGE_SigmaL
begin drawing Nitrogen NaF L2QTemplate EGE_SigmaR
begin drawing Nitrogen NaF L2QTemplate EGE_AlphaL
begin drawing Nitrogen NaF L2QTemplate EGE_AlphaR
begin drawing Nitrogen NaF L2QTemplate EGE_Chi2NDF
begin drawing Nitrogen AGL L1QTemplate LG_Width
begin drawing Nitrogen AGL L1QTemplate LG_MPV
begin drawing Nitrogen AGL L1QTemplate LG_Sigma
begin drawing Nitrogen AGL L1QTemplate LG_Chi2NDF
begin drawing Nitrogen AGL L1QTemplate EGE_Peak
begin drawing Nitrogen AGL L1QTemplate EGE_SigmaL
begin drawing Nitrogen AGL L1QTemplate EGE_SigmaR
begin drawing Nitrogen AGL L1QTemplate EGE_AlphaL
begin drawing Nitrogen AGL L1QTemplate EGE_AlphaR
begin drawing Nitrogen AGL L1QTemplate EGE_Chi2NDF
begin drawing Nitrogen AGL L2QTemplate LG_Width
begin drawing Nitrogen AGL L2QTemplate LG_MPV
begin drawing Nitrogen AGL L2QTemplate LG_Sigma
begin drawing Nitrogen AGL L2QTemplate LG_Chi2NDF
begin drawing Nitrogen AGL L2QTemplate EGE_Peak
begin drawing Nitrogen AGL L2QTemplate EGE_SigmaL
begin drawing Nitrogen AGL L2QTemplate EGE_SigmaR
begin drawing Nitrogen AGL L2QTemplate EGE_AlphaL
begin drawing Nitrogen AGL L2QTemplate EGE_AlphaR
begin drawing Nitrogen AGL L2QTemplate EGE_Chi2NDF
begin drawing Oxygen TOF L1QTemplate LG_Width
begin drawing Oxygen TOF L1QTemplate LG_MPV
begin drawing Oxygen TOF L1QTemplate LG_Sigma
begin drawing Oxygen TOF L1QTemplate LG_Chi2NDF
begin drawing Oxygen TOF L1QTemplate EGE_Peak
begin drawing Oxygen TOF L1QTemplate EGE_SigmaL
begin drawing Oxygen TOF L1QTemplate EGE_SigmaR
begin drawing Oxygen TOF L1QTemplate EGE_AlphaL
begin drawing Oxygen TOF L1QTemplate EGE_AlphaR
begin drawing Oxygen TOF L1QTemplate EGE_Chi2NDF
begin drawing Oxygen TOF L2QTemplate LG_Width
begin drawing Oxygen TOF L2QTemplate LG_MPV
begin drawing Oxygen TOF L2QTemplate LG_Sigma
begin drawing Oxygen TOF L2QTemplate LG_Chi2NDF
begin drawing Oxygen TOF L2QTemplate EGE_Peak
begin drawing Oxygen TOF L2QTemplate EGE_SigmaL
begin drawing Oxygen TOF L2QTemplate EGE_SigmaR
begin drawing Oxygen TOF L2QTemplate EGE_AlphaL
begin drawing Oxygen TOF L2QTemplate EGE_AlphaR
begin drawing Oxygen TOF L2QTemplate EGE_Chi2NDF
begin drawing Oxygen NaF L1QTemplate LG_Width
begin drawing Oxygen NaF L1QTemplate LG_MPV
begin drawing Oxygen NaF L1QTemplate LG_Sigma
begin drawing Oxygen NaF L1QTemplate LG_Chi2NDF
begin drawing Oxygen NaF L1QTemplate EGE_Peak
begin drawing Oxygen NaF L1QTemplate EGE_SigmaL
begin drawing Oxygen NaF L1QTemplate EGE_SigmaR
begin drawing Oxygen NaF L1QTemplate EGE_AlphaL
begin drawing Oxygen NaF L1QTemplate EGE_AlphaR
begin drawing Oxygen NaF L1QTemplate EGE_Chi2NDF
begin drawing Oxygen NaF L2QTemplate LG_Width
begin drawing Oxygen NaF L2QTemplate LG_MPV
begin drawing Oxygen NaF L2QTemplate LG_Sigma
begin drawing Oxygen NaF L2QTemplate LG_Chi2NDF
begin drawing Oxygen NaF L2QTemplate EGE_Peak
begin drawing Oxygen NaF L2QTemplate EGE_SigmaL
begin drawing Oxygen NaF L2QTemplate EGE_SigmaR
begin drawing Oxygen NaF L2QTemplate EGE_AlphaL
begin drawing Oxygen NaF L2QTemplate EGE_AlphaR
begin drawing Oxygen NaF L2QTemplate EGE_Chi2NDF
begin drawing Oxygen AGL L1QTemplate LG_Width
begin drawing Oxygen AGL L1QTemplate LG_MPV
begin drawing Oxygen AGL L1QTemplate LG_Sigma
begin drawing Oxygen AGL L1QTemplate LG_Chi2NDF
begin drawing Oxygen AGL L1QTemplate EGE_Peak
begin drawing Oxygen AGL L1QTemplate EGE_SigmaL
begin drawing Oxygen AGL L1QTemplate EGE_SigmaR
begin drawing Oxygen AGL L1QTemplate EGE_AlphaL
begin drawing Oxygen AGL L1QTemplate EGE_AlphaR
begin drawing Oxygen AGL L1QTemplate EGE_Chi2NDF
begin drawing Oxygen AGL L2QTemplate LG_Width
begin drawing Oxygen AGL L2QTemplate LG_MPV
begin drawing Oxygen AGL L2QTemplate LG_Sigma
begin drawing Oxygen AGL L2QTemplate LG_Chi2NDF
begin drawing Oxygen AGL L2QTemplate EGE_Peak
begin drawing Oxygen AGL L2QTemplate EGE_SigmaL
begin drawing Oxygen AGL L2QTemplate EGE_SigmaR
begin drawing Oxygen AGL L2QTemplate EGE_AlphaL
begin drawing Oxygen AGL L2QTemplate EGE_AlphaR
begin drawing Oxygen AGL L2QTemplate EGE_Chi2NDF

[PROCESS] Starting Model Chi2 Comparison plots...
begin drawing Beryllium L1Inner TOF L1QTemplate Chi2/NDF
begin drawing Beryllium L1Inner TOF L2QTemplate Chi2/NDF
begin drawing Beryllium L1Inner NaF L1QTemplate Chi2/NDF
begin drawing Beryllium L1Inner NaF L2QTemplate Chi2/NDF
begin drawing Beryllium L1Inner AGL L1QTemplate Chi2/NDF
begin drawing Beryllium L1Inner AGL L2QTemplate Chi2/NDF
begin drawing Beryllium UnbiasedL1Inner TOF L1QTemplate Chi2/NDF
begin drawing Beryllium UnbiasedL1Inner TOF L2QTemplate Chi2/NDF
begin drawing Beryllium UnbiasedL1Inner NaF L1QTemplate Chi2/NDF
begin drawing Beryllium UnbiasedL1Inner NaF L2QTemplate Chi2/NDF
begin drawing Beryllium UnbiasedL1Inner AGL L1QTemplate Chi2/NDF
begin drawing Beryllium UnbiasedL1Inner AGL L2QTemplate Chi2/NDF
begin drawing Boron L1Inner TOF L1QTemplate Chi2/NDF
begin drawing Boron L1Inner TOF L2QTemplate Chi2/NDF
begin drawing Boron L1Inner NaF L1QTemplate Chi2/NDF
begin drawing Boron L1Inner NaF L2QTemplate Chi2/NDF
begin drawing Boron L1Inner AGL L1QTemplate Chi2/NDF
begin drawing Boron L1Inner AGL L2QTemplate Chi2/NDF
begin drawing Boron UnbiasedL1Inner TOF L1QTemplate Chi2/NDF
begin drawing Boron UnbiasedL1Inner TOF L2QTemplate Chi2/NDF
begin drawing Boron UnbiasedL1Inner NaF L1QTemplate Chi2/NDF
begin drawing Boron UnbiasedL1Inner NaF L2QTemplate Chi2/NDF
begin drawing Boron UnbiasedL1Inner AGL L1QTemplate Chi2/NDF
begin drawing Boron UnbiasedL1Inner AGL L2QTemplate Chi2/NDF
begin drawing Carbon L1Inner TOF L1QTemplate Chi2/NDF
begin drawing Carbon L1Inner TOF L2QTemplate Chi2/NDF
begin drawing Carbon L1Inner NaF L1QTemplate Chi2/NDF
begin drawing Carbon L1Inner NaF L2QTemplate Chi2/NDF
begin drawing Carbon L1Inner AGL L1QTemplate Chi2/NDF
begin drawing Carbon L1Inner AGL L2QTemplate Chi2/NDF
begin drawing Carbon UnbiasedL1Inner TOF L1QTemplate Chi2/NDF
begin drawing Carbon UnbiasedL1Inner TOF L2QTemplate Chi2/NDF
begin drawing Carbon UnbiasedL1Inner NaF L1QTemplate Chi2/NDF
begin drawing Carbon UnbiasedL1Inner NaF L2QTemplate Chi2/NDF
begin drawing Carbon UnbiasedL1Inner AGL L1QTemplate Chi2/NDF
begin drawing Carbon UnbiasedL1Inner AGL L2QTemplate Chi2/NDF
begin drawing Nitrogen L1Inner TOF L1QTemplate Chi2/NDF
begin drawing Nitrogen L1Inner TOF L2QTemplate Chi2/NDF
begin drawing Nitrogen L1Inner NaF L1QTemplate Chi2/NDF
begin drawing Nitrogen L1Inner NaF L2QTemplate Chi2/NDF
begin drawing Nitrogen L1Inner AGL L1QTemplate Chi2/NDF
begin drawing Nitrogen L1Inner AGL L2QTemplate Chi2/NDF
begin drawing Nitrogen UnbiasedL1Inner TOF L1QTemplate Chi2/NDF
begin drawing Nitrogen UnbiasedL1Inner TOF L2QTemplate Chi2/NDF
begin drawing Nitrogen UnbiasedL1Inner NaF L1QTemplate Chi2/NDF
begin drawing Nitrogen UnbiasedL1Inner NaF L2QTemplate Chi2/NDF
begin drawing Nitrogen UnbiasedL1Inner AGL L1QTemplate Chi2/NDF
begin drawing Nitrogen UnbiasedL1Inner AGL L2QTemplate Chi2/NDF
begin drawing Oxygen L1Inner TOF L1QTemplate Chi2/NDF
begin drawing Oxygen L1Inner TOF L2QTemplate Chi2/NDF
begin drawing Oxygen L1Inner NaF L1QTemplate Chi2/NDF
begin drawing Oxygen L1Inner NaF L2QTemplate Chi2/NDF
begin drawing Oxygen L1Inner AGL L1QTemplate Chi2/NDF
begin drawing Oxygen L1Inner AGL L2QTemplate Chi2/NDF
begin drawing Oxygen UnbiasedL1Inner TOF L1QTemplate Chi2/NDF
begin drawing Oxygen UnbiasedL1Inner TOF L2QTemplate Chi2/NDF
begin drawing Oxygen UnbiasedL1Inner NaF L1QTemplate Chi2/NDF
begin drawing Oxygen UnbiasedL1Inner NaF L2QTemplate Chi2/NDF
begin drawing Oxygen UnbiasedL1Inner AGL L1QTemplate Chi2/NDF
begin drawing Oxygen UnbiasedL1Inner AGL L2QTemplate Chi2/NDF

[INFO] All spline fits have been saved to /eos/user/z/zixuan/Isotope/ChargeFit/comparison_plots/allFitHistSplineSmooth_0.5_orig.root

[INFO] All done!
