
Processing ../rootlogon.C...
Processing est_frag.cpp...

>>> Processing channel: B11 -> B10...
 flux ratio at 1 GeV/n: 2.33333
  -- Detector: TOF --
  -- Detector: NaF --
  -- Detector: AGL --
****************************************
Minimizer is Minuit2 / Migrad
Chi2                      =      85.6808
NDf                       =           10
Edm                       =  1.25891e-20
NCalls                    =          278
p0                        =    0.0303217   +/-   0.00028038  
p1                        =    0.0322395   +/-   0.000275957 
p2                        =    0.0284252   +/-   0.000595013 
p3                        =    0.0247348   +/-   0.000382393 
p4                        =    0.0183847   +/-   0.000253263 
p5                        =   0.00838475   +/-   0.000178008 
p6                        =  -0.00669308   +/-   0.00170074  
p7                        =    -0.014866   +/-   0.00612542  
p8                        =    0.0448515   +/-   0.0184807   


/********** DEBUGGING OUTPUT (BIN 3) **********/
Channel: B11 -> B10, Detector: TOF
Energy (ek/n): 0.336846 GeV/n
----------------------------------------
--- Acceptance Calculation Details ---
Scale Factor (3.9^2 * Pi): 47.7836242611
Acc(Y): 
  Raw Events: 371012.0000000000 (from /eos/user/z/zixuan/Isotope/Add/B10_w1_frag5.root)
  MC Flux:    270316773.4687929153
  => Calculated Acc(Y) = (Events/Flux)*Scale = 0.0655834182
Acc(XfragY): 
  Raw Events: 9477.0000000000 (from /eos/user/z/zixuan/Isotope/Add/B11_w1_frag5.root)
  MC Flux:    227920321.4820016026
  => Calculated Acc(XfragY) = (Events/Flux)*Scale = 0.0019868584
----------------------------------------
--- Epsilon Calculation Details ---
Flux(B11) at 0.3368463841 GeV/n:   1.4563601217
Flux(B10) at 0.3368463841 GeV/n: 0.6241543378
=> Flux Ratio (X/Y) from TF1:  2.3333333336
----------------------------------------
Acceptance Ratio (from combined hist): 0.0302951335
Acceptance Ratio (from global spline): 0.0303261519
----------------------------------------
FINAL Epsilon = Flux Ratio * Splined Acc Ratio
              = 2.3333333336 * 0.0303261519
              = 0.0707610211
/**************************************/




/********** DEBUGGING OUTPUT (BIN 4) **********/
Channel: B11 -> B10, Detector: TOF
Energy (ek/n): 0.4968766615 GeV/n
----------------------------------------
--- Acceptance Calculation Details ---
Scale Factor (3.9^2 * Pi): 47.7836242611
Acc(Y): 
  Raw Events: 343070.0000000000 (from /eos/user/z/zixuan/Isotope/Add/B10_w1_frag5.root)
  MC Flux:    251105511.3824158311
  => Calculated Acc(Y) = (Events/Flux)*Scale = 0.0652838239
Acc(XfragY): 
  Raw Events: 9091.0000000000 (from /eos/user/z/zixuan/Isotope/Add/B11_w1_frag5.root)
  MC Flux:    211722151.5548679233
  => Calculated Acc(XfragY) = (Events/Flux)*Scale = 0.0020517500
----------------------------------------
--- Epsilon Calculation Details ---
Flux(B11) at 0.4968766615 GeV/n:   1.0222186970
Flux(B10) at 0.4968766615 GeV/n: 0.4380937273
=> Flux Ratio (X/Y) from TF1:  2.3333333335
----------------------------------------
Acceptance Ratio (from combined hist): 0.0314281532
Acceptance Ratio (from global spline): 0.0314608044
----------------------------------------
FINAL Epsilon = Flux Ratio * Splined Acc Ratio
              = 2.3333333335 * 0.0314608044
              = 0.0734085437
/**************************************/




/********** DEBUGGING OUTPUT (BIN 5) **********/
Channel: B11 -> B10, Detector: TOF
Energy (ek/n): 0.7045414310 GeV/n
----------------------------------------
--- Acceptance Calculation Details ---
Scale Factor (3.9^2 * Pi): 47.7836242611
Acc(Y): 
  Raw Events: 313333.0000000000 (from /eos/user/z/zixuan/Isotope/Add/B10_w1_frag5.root)
  MC Flux:    239795775.0750258863
  => Calculated Acc(Y) = (Events/Flux)*Scale = 0.0624372399
Acc(XfragY): 
  Raw Events: 8552.0000000000 (from /eos/user/z/zixuan/Isotope/Add/B11_w1_frag5.root)
  MC Flux:    202186233.0027966797
  => Calculated Acc(XfragY) = (Events/Flux)*Scale = 0.0020211344
----------------------------------------
--- Epsilon Calculation Details ---
Flux(B11) at 0.7045414310 GeV/n:   0.7870998456
Flux(B10) at 0.7045414310 GeV/n: 0.3373285052
=> Flux Ratio (X/Y) from TF1:  2.3333333335
----------------------------------------
Acceptance Ratio (from combined hist): 0.0323706561
Acceptance Ratio (from global spline): 0.0323402441
----------------------------------------
FINAL Epsilon = Flux Ratio * Splined Acc Ratio
              = 2.3333333335 * 0.0323402441
              = 0.0754605696
/**************************************/




/********** DEBUGGING OUTPUT (BIN 6) **********/
Channel: B11 -> B10, Detector: TOF
Energy (ek/n): 0.9672506104 GeV/n
----------------------------------------
--- Acceptance Calculation Details ---
Scale Factor (3.9^2 * Pi): 47.7836242611
Acc(Y): 
  Raw Events: 291271.0000000000 (from /eos/user/z/zixuan/Isotope/Add/B10_w1_frag5.root)
  MC Flux:    228912361.3222438693
  => Calculated Acc(Y) = (Events/Flux)*Scale = 0.0608004913
Acc(XfragY): 
  Raw Events: 7654.0000000000 (from /eos/user/z/zixuan/Isotope/Add/B11_w1_frag5.root)
  MC Flux:    193009772.6243878603
  => Calculated Acc(XfragY) = (Events/Flux)*Scale = 0.0018949085
----------------------------------------
--- Epsilon Calculation Details ---
Flux(B11) at 0.9672506104 GeV/n:   0.5684074140
Flux(B10) at 0.9672506104 GeV/n: 0.2436031774
=> Flux Ratio (X/Y) from TF1:  2.3333333334
----------------------------------------
Acceptance Ratio (from combined hist): 0.0311660065
Acceptance Ratio (from global spline): 0.0311655147
----------------------------------------
FINAL Epsilon = Flux Ratio * Splined Acc Ratio
              = 2.3333333334 * 0.0311655147
              = 0.0727195343
/**************************************/




/********** DEBUGGING OUTPUT (BIN 7) **********/
Channel: B11 -> B10, Detector: NaF
Energy (ek/n): 1.2922125341 GeV/n
----------------------------------------
--- Acceptance Calculation Details ---
Scale Factor (3.9^2 * Pi): 47.7836242611
Acc(Y): 
  Raw Events: 24832.0000000000 (from /eos/user/z/zixuan/Isotope/Add/B10_w1_frag5.root)
  MC Flux:    221028639.7586697340
  => Calculated Acc(Y) = (Events/Flux)*Scale = 0.0053683675
Acc(XfragY): 
  Raw Events: 616.0000000000 (from /eos/user/z/zixuan/Isotope/Add/B11_w1_frag5.root)
  MC Flux:    186362533.0536190271
  => Calculated Acc(XfragY) = (Events/Flux)*Scale = 0.0001579433
----------------------------------------
--- Epsilon Calculation Details ---
Flux(B11) at 1.2922125341 GeV/n:   0.4189192905
Flux(B10) at 1.2922125341 GeV/n: 0.1795368388
=> Flux Ratio (X/Y) from TF1:  2.3333333333
----------------------------------------
Acceptance Ratio (from combined hist): 0.0294211036
Acceptance Ratio (from global spline): 0.0290240533
----------------------------------------
FINAL Epsilon = Flux Ratio * Splined Acc Ratio
              = 2.3333333333 * 0.0290240533
              = 0.0677227910
/**************************************/




/********** DEBUGGING OUTPUT (BIN 8) **********/
Channel: B11 -> B10, Detector: NaF
Energy (ek/n): 1.6909447265 GeV/n
----------------------------------------
--- Acceptance Calculation Details ---
Scale Factor (3.9^2 * Pi): 47.7836242611
Acc(Y): 
  Raw Events: 23939.0000000000 (from /eos/user/z/zixuan/Isotope/Add/B10_w1_frag5.root)
  MC Flux:    216541381.2514206767
  => Calculated Acc(Y) = (Events/Flux)*Scale = 0.0052825570
Acc(XfragY): 
  Raw Events: 556.0000000000 (from /eos/user/z/zixuan/Isotope/Add/B11_w1_frag5.root)
  MC Flux:    182579055.6599633098
  => Calculated Acc(XfragY) = (Events/Flux)*Scale = 0.0001455134
----------------------------------------
--- Epsilon Calculation Details ---
Flux(B11) at 1.6909447265 GeV/n:   0.2877259961
Flux(B10) at 1.6909447265 GeV/n: 0.1233111412
=> Flux Ratio (X/Y) from TF1:  2.3333333333
----------------------------------------
Acceptance Ratio (from combined hist): 0.0275460120
Acceptance Ratio (from global spline): 0.0274470415
----------------------------------------
FINAL Epsilon = Flux Ratio * Splined Acc Ratio
              = 2.3333333333 * 0.0274470415
              = 0.0640430968
/**************************************/




/********** DEBUGGING OUTPUT (BIN 9) **********/
Channel: B11 -> B10, Detector: NaF
Energy (ek/n): 2.1727158116 GeV/n
----------------------------------------
--- Acceptance Calculation Details ---
Scale Factor (3.9^2 * Pi): 47.7836242611
Acc(Y): 
  Raw Events: 23455.0000000000 (from /eos/user/z/zixuan/Isotope/Add/B10_w1_frag5.root)
  MC Flux:    209699360.6967535913
  => Calculated Acc(Y) = (Events/Flux)*Scale = 0.0053446272
Acc(XfragY): 
  Raw Events: 540.0000000000 (from /eos/user/z/zixuan/Isotope/Add/B11_w1_frag5.root)
  MC Flux:    176810136.8304176927
  => Calculated Acc(XfragY) = (Events/Flux)*Scale = 0.0001459371
----------------------------------------
--- Epsilon Calculation Details ---
Flux(B11) at 2.1727158116 GeV/n:   0.1881856759
Flux(B10) at 2.1727158116 GeV/n: 0.0806510040
=> Flux Ratio (X/Y) from TF1:  2.3333333333
----------------------------------------
Acceptance Ratio (from combined hist): 0.0273053828
Acceptance Ratio (from global spline): 0.0264498324
----------------------------------------
FINAL Epsilon = Flux Ratio * Splined Acc Ratio
              = 2.3333333333 * 0.0264498324
              = 0.0617162755
/**************************************/




/********** DEBUGGING OUTPUT (BIN 10) **********/
Channel: B11 -> B10, Detector: NaF
Energy (ek/n): 2.7468447478 GeV/n
----------------------------------------
--- Acceptance Calculation Details ---
Scale Factor (3.9^2 * Pi): 47.7836242611
Acc(Y): 
  Raw Events: 22955.0000000000 (from /eos/user/z/zixuan/Isotope/Add/B10_w1_frag5.root)
  MC Flux:    204588234.8093575835
  => Calculated Acc(Y) = (Events/Flux)*Scale = 0.0053613694
Acc(XfragY): 
  Raw Events: 501.0000000000 (from /eos/user/z/zixuan/Isotope/Add/B11_w1_frag5.root)
  MC Flux:    172500639.3455166519
  => Calculated Acc(XfragY) = (Events/Flux)*Scale = 0.0001387798
----------------------------------------
--- Epsilon Calculation Details ---
Flux(B11) at 2.7468447478 GeV/n:   0.1183576251
Flux(B10) at 2.7468447478 GeV/n: 0.0507246965
=> Flux Ratio (X/Y) from TF1:  2.3333333333
----------------------------------------
Acceptance Ratio (from combined hist): 0.0258851315
Acceptance Ratio (from global spline): 0.0254910754
----------------------------------------
FINAL Epsilon = Flux Ratio * Splined Acc Ratio
              = 2.3333333333 * 0.0254910754
              = 0.0594791759
/**************************************/




/********** DEBUGGING OUTPUT (BIN 11) **********/
Channel: B11 -> B10, Detector: AGL
Energy (ek/n): 3.4250117177 GeV/n
----------------------------------------
--- Acceptance Calculation Details ---
Scale Factor (3.9^2 * Pi): 47.7836242611
Acc(Y): 
  Raw Events: 132207.0000000000 (from /eos/user/z/zixuan/Isotope/Add/B10_w1_frag5.root)
  MC Flux:    198866587.0971700847
  => Calculated Acc(Y) = (Events/Flux)*Scale = 0.0317666718
Acc(XfragY): 
  Raw Events: 2608.0000000000 (from /eos/user/z/zixuan/Isotope/Add/B11_w1_frag5.root)
  MC Flux:    167676374.2093430161
  => Calculated Acc(XfragY) = (Events/Flux)*Scale = 0.0007432156
----------------------------------------
--- Epsilon Calculation Details ---
Flux(B11) at 3.4250117177 GeV/n:   0.0756819913
Flux(B10) at 3.4250117177 GeV/n: 0.0324351391
=> Flux Ratio (X/Y) from TF1:  2.3333333333
----------------------------------------
Acceptance Ratio (from combined hist): 0.0233960792
Acceptance Ratio (from global spline): 0.0241965979
----------------------------------------
FINAL Epsilon = Flux Ratio * Splined Acc Ratio
              = 2.3333333333 * 0.0241965979
              = 0.0564587284
/**************************************/




/********** DEBUGGING OUTPUT (BIN 12) **********/
Channel: B11 -> B10, Detector: AGL
Energy (ek/n): 4.2190486071 GeV/n
----------------------------------------
--- Acceptance Calculation Details ---
Scale Factor (3.9^2 * Pi): 47.7836242611
Acc(Y): 
  Raw Events: 131977.0000000000 (from /eos/user/z/zixuan/Isotope/Add/B10_w1_frag5.root)
  MC Flux:    193768384.2470802963
  => Calculated Acc(Y) = (Events/Flux)*Scale = 0.0325457603
Acc(XfragY): 
  Raw Events: 2502.0000000000 (from /eos/user/z/zixuan/Isotope/Add/B11_w1_frag5.root)
  MC Flux:    163377772.9140477180
  => Calculated Acc(XfragY) = (Events/Flux)*Scale = 0.0007317680
----------------------------------------
--- Epsilon Calculation Details ---
Flux(B11) at 4.2190486071 GeV/n:   0.0478878471
Flux(B10) at 4.2190486071 GeV/n: 0.0205233631
=> Flux Ratio (X/Y) from TF1:  2.3333333333
----------------------------------------
Acceptance Ratio (from combined hist): 0.0224842808
Acceptance Ratio (from global spline): 0.0223425868
----------------------------------------
FINAL Epsilon = Flux Ratio * Splined Acc Ratio
              = 2.3333333333 * 0.0223425868
              = 0.0521327026
/**************************************/




/********** DEBUGGING OUTPUT (BIN 13) **********/
Channel: B11 -> B10, Detector: AGL
Energy (ek/n): 5.1408648843 GeV/n
----------------------------------------
--- Acceptance Calculation Details ---
Scale Factor (3.9^2 * Pi): 47.7836242611
Acc(Y): 
  Raw Events: 129485.0000000000 (from /eos/user/z/zixuan/Isotope/Add/B10_w1_frag5.root)
  MC Flux:    187987513.4675004482
  => Calculated Acc(Y) = (Events/Flux)*Scale = 0.0329131572
Acc(XfragY): 
  Raw Events: 2299.0000000000 (from /eos/user/z/zixuan/Isotope/Add/B11_w1_frag5.root)
  MC Flux:    158503573.2496312261
  => Calculated Acc(XfragY) = (Events/Flux)*Scale = 0.0006930730
----------------------------------------
--- Epsilon Calculation Details ---
Flux(B11) at 5.1408648843 GeV/n:   0.0306561888
Flux(B10) at 5.1408648843 GeV/n: 0.0131383666
=> Flux Ratio (X/Y) from TF1:  2.3333333333
----------------------------------------
Acceptance Ratio (from combined hist): 0.0210576283
Acceptance Ratio (from global spline): 0.0198177155
----------------------------------------
FINAL Epsilon = Flux Ratio * Splined Acc Ratio
              = 2.3333333333 * 0.0198177155
              = 0.0462413362
/**************************************/




/********** DEBUGGING OUTPUT (BIN 14) **********/
Channel: B11 -> B10, Detector: AGL
Energy (ek/n): 6.2049547931 GeV/n
----------------------------------------
--- Acceptance Calculation Details ---
Scale Factor (3.9^2 * Pi): 47.7836242611
Acc(Y): 
  Raw Events: 127629.0000000000 (from /eos/user/z/zixuan/Isotope/Add/B10_w1_frag5.root)
  MC Flux:    183316789.2804981470
  => Calculated Acc(Y) = (Events/Flux)*Scale = 0.0332679631
Acc(XfragY): 
  Raw Events: 1965.0000000000 (from /eos/user/z/zixuan/Isotope/Add/B11_w1_frag5.root)
  MC Flux:    154565404.9125555158
  => Calculated Acc(XfragY) = (Events/Flux)*Scale = 0.0006074763
----------------------------------------
--- Epsilon Calculation Details ---
Flux(B11) at 6.2049547931 GeV/n:   0.0195128022
Flux(B10) at 6.2049547931 GeV/n: 0.0083626295
=> Flux Ratio (X/Y) from TF1:  2.3333333333
----------------------------------------
Acceptance Ratio (from combined hist): 0.0182600993
Acceptance Ratio (from global spline): 0.0165745428
----------------------------------------
FINAL Epsilon = Flux Ratio * Splined Acc Ratio
              = 2.3333333333 * 0.0165745428
              = 0.0386739332
/**************************************/




/********** DEBUGGING OUTPUT (BIN 15) **********/
Channel: B11 -> B10, Detector: AGL
Energy (ek/n): 7.4457899798 GeV/n
----------------------------------------
--- Acceptance Calculation Details ---
Scale Factor (3.9^2 * Pi): 47.7836242611
Acc(Y): 
  Raw Events: 127914.0000000000 (from /eos/user/z/zixuan/Isotope/Add/B10_w1_frag5.root)
  MC Flux:    182884061.2265676260
  => Calculated Acc(Y) = (Events/Flux)*Scale = 0.0334211438
Acc(XfragY): 
  Raw Events: 1175.0000000000 (from /eos/user/z/zixuan/Isotope/Add/B11_w1_frag5.root)
  MC Flux:    154200545.8773555756
  => Calculated Acc(XfragY) = (Events/Flux)*Scale = 0.0003641087
----------------------------------------
--- Epsilon Calculation Details ---
Flux(B11) at 7.4457899798 GeV/n:   0.0123133589
Flux(B10) at 7.4457899798 GeV/n: 0.0052771538
=> Flux Ratio (X/Y) from TF1:  2.3333333333
----------------------------------------
Acceptance Ratio (from combined hist): 0.0108945609
Acceptance Ratio (from global spline): 0.0130065545
----------------------------------------
FINAL Epsilon = Flux Ratio * Splined Acc Ratio
              = 2.3333333333 * 0.0130065545
              = 0.0303486272
/**************************************/




/********** DEBUGGING OUTPUT (BIN 16) **********/
Channel: B11 -> B10, Detector: AGL
Energy (ek/n): 8.8880598677 GeV/n
----------------------------------------
--- Acceptance Calculation Details ---
Scale Factor (3.9^2 * Pi): 47.7836242611
Acc(Y): 
  Raw Events: 126013.0000000000 (from /eos/user/z/zixuan/Isotope/Add/B10_w1_frag5.root)
  MC Flux:    178813089.5472681522
  => Calculated Acc(Y) = (Events/Flux)*Scale = 0.0336740328
Acc(XfragY): 
  Raw Events: 1064.0000000000 (from /eos/user/z/zixuan/Isotope/Add/B11_w1_frag5.root)
  MC Flux:    150768064.9329307079
  => Calculated Acc(XfragY) = (Events/Flux)*Scale = 0.0003372185
----------------------------------------
--- Epsilon Calculation Details ---
Flux(B11) at 8.8880598677 GeV/n:   0.0078079744
Flux(B10) at 8.8880598677 GeV/n: 0.0033462747
=> Flux Ratio (X/Y) from TF1:  2.3333333333
----------------------------------------
Acceptance Ratio (from combined hist): 0.0100141991
Acceptance Ratio (from global spline): 0.0098951796
----------------------------------------
FINAL Epsilon = Flux Ratio * Splined Acc Ratio
              = 2.3333333333 * 0.0098951796
              = 0.0230887524
/**************************************/




/********** DEBUGGING OUTPUT (BIN 17) **********/
Channel: B11 -> B10, Detector: AGL
Energy (ek/n): 10.5565612202 GeV/n
----------------------------------------
--- Acceptance Calculation Details ---
Scale Factor (3.9^2 * Pi): 47.7836242611
Acc(Y): 
  Raw Events: 124449.0000000000 (from /eos/user/z/zixuan/Isotope/Add/B10_w1_frag5.root)
  MC Flux:    177270201.1223996878
  => Calculated Acc(Y) = (Events/Flux)*Scale = 0.0335455379
Acc(XfragY): 
  Raw Events: 903.0000000000 (from /eos/user/z/zixuan/Isotope/Add/B11_w1_frag5.root)
  MC Flux:    149467162.9530265629
  => Calculated Acc(XfragY) = (Events/Flux)*Scale = 0.0002886829
----------------------------------------
--- Epsilon Calculation Details ---
Flux(B11) at 10.5565612202 GeV/n:   0.0049261906
Flux(B10) at 10.5565612202 GeV/n: 0.0021112245
=> Flux Ratio (X/Y) from TF1:  2.3333333332
----------------------------------------
Acceptance Ratio (from combined hist): 0.0086057016
Acceptance Ratio (from global spline): 0.0079054821
----------------------------------------
FINAL Epsilon = Flux Ratio * Splined Acc Ratio
              = 2.3333333332 * 0.0079054821
              = 0.0184461250
/**************************************/




/********** DEBUGGING OUTPUT (BIN 18) **********/
Channel: B11 -> B10, Detector: AGL
Energy (ek/n): 12.4760880858 GeV/n
----------------------------------------
--- Acceptance Calculation Details ---
Scale Factor (3.9^2 * Pi): 47.7836242611
Acc(Y): 
  Raw Events: 121376.0000000000 (from /eos/user/z/zixuan/Isotope/Add/B10_w1_frag5.root)
  MC Flux:    172816159.8331908286
  => Calculated Acc(Y) = (Events/Flux)*Scale = 0.0335604331
Acc(XfragY): 
  Raw Events: 782.0000000000 (from /eos/user/z/zixuan/Isotope/Add/B11_w1_frag5.root)
  MC Flux:    145711692.9927140474
  => Calculated Acc(XfragY) = (Events/Flux)*Scale = 0.0002564433
----------------------------------------
--- Epsilon Calculation Details ---
Flux(B11) at 12.4760880858 GeV/n:   0.0030859256
Flux(B10) at 12.4760880858 GeV/n: 0.0013225396
=> Flux Ratio (X/Y) from TF1:  2.3333333332
----------------------------------------
Acceptance Ratio (from combined hist): 0.0076412407
Acceptance Ratio (from global spline): 0.0070970327
----------------------------------------
FINAL Epsilon = Flux Ratio * Splined Acc Ratio
              = 2.3333333332 * 0.0070970327
              = 0.0165597431
/**************************************/




/********** DEBUGGING OUTPUT (BIN 19) **********/
Channel: B11 -> B10, Detector: AGL
Energy (ek/n): 14.6714890086 GeV/n
----------------------------------------
--- Acceptance Calculation Details ---
Scale Factor (3.9^2 * Pi): 47.7836242611
Acc(Y): 
  Raw Events: 119139.0000000000 (from /eos/user/z/zixuan/Isotope/Add/B10_w1_frag5.root)
  MC Flux:    170113063.5930935740
  => Calculated Acc(Y) = (Events/Flux)*Scale = 0.0334653500
Acc(XfragY): 
  Raw Events: 643.0000000000 (from /eos/user/z/zixuan/Isotope/Add/B11_w1_frag5.root)
  MC Flux:    143432550.0592814684
  => Calculated Acc(XfragY) = (Events/Flux)*Scale = 0.0002142113
----------------------------------------
--- Epsilon Calculation Details ---
Flux(B11) at 14.6714890086 GeV/n:   0.0019546602
Flux(B10) at 14.6714890086 GeV/n: 0.0008377115
=> Flux Ratio (X/Y) from TF1:  2.3333333330
----------------------------------------
Acceptance Ratio (from combined hist): 0.0064009873
Acceptance Ratio (from global spline): 0.0067483719
----------------------------------------
FINAL Epsilon = Flux Ratio * Splined Acc Ratio
              = 2.3333333330 * 0.0067483719
              = 0.0157462010
/**************************************/




/********** DEBUGGING OUTPUT (BIN 20) **********/
Channel: B11 -> B10, Detector: AGL
Energy (ek/n): 17.1925871018 GeV/n
----------------------------------------
--- Acceptance Calculation Details ---
Scale Factor (3.9^2 * Pi): 47.7836242611
Acc(Y): 
  Raw Events: 118369.0000000000 (from /eos/user/z/zixuan/Isotope/Add/B10_w1_frag5.root)
  MC Flux:    168176136.3474429846
  => Calculated Acc(Y) = (Events/Flux)*Scale = 0.0336320000
Acc(XfragY): 
  Raw Events: 594.0000000000 (from /eos/user/z/zixuan/Isotope/Add/B11_w1_frag5.root)
  MC Flux:    141799410.2624018490
  => Calculated Acc(XfragY) = (Events/Flux)*Scale = 0.0002001664
----------------------------------------
--- Epsilon Calculation Details ---
Flux(B11) at 17.1925871018 GeV/n:   0.0012528916
Flux(B10) at 17.1925871018 GeV/n: 0.0005369536
=> Flux Ratio (X/Y) from TF1:  2.3333333329
----------------------------------------
Acceptance Ratio (from combined hist): 0.0059516641
Acceptance Ratio (from global spline): 0.0061782762
----------------------------------------
FINAL Epsilon = Flux Ratio * Splined Acc Ratio
              = 2.3333333329 * 0.0061782762
              = 0.0144159778
/**************************************/




/********** DEBUGGING OUTPUT (BIN 21) **********/
Channel: B11 -> B10, Detector: AGL
Energy (ek/n): 20.0892620167 GeV/n
----------------------------------------
--- Acceptance Calculation Details ---
Scale Factor (3.9^2 * Pi): 47.7836242611
Acc(Y): 
  Raw Events: 117152.0000000000 (from /eos/user/z/zixuan/Isotope/Add/B10_w1_frag5.root)
  MC Flux:    166419735.7043049037
  => Calculated Acc(Y) = (Events/Flux)*Scale = 0.0336375198
Acc(XfragY): 
  Raw Events: 490.0000000000 (from /eos/user/z/zixuan/Isotope/Add/B11_w1_frag5.root)
  MC Flux:    140318483.2962421179
  => Calculated Acc(XfragY) = (Events/Flux)*Scale = 0.0001668631
----------------------------------------
--- Epsilon Calculation Details ---
Flux(B11) at 20.0892620167 GeV/n:   0.0007940950
Flux(B10) at 20.0892620167 GeV/n: 0.0003403264
=> Flux Ratio (X/Y) from TF1:  2.3333333328
----------------------------------------
Acceptance Ratio (from combined hist): 0.0049606241
Acceptance Ratio (from global spline): 0.0047925044
----------------------------------------
FINAL Epsilon = Flux Ratio * Splined Acc Ratio
              = 2.3333333328 * 0.0047925044
              = 0.0111825103
/**************************************/


    INFO: Intermediate results saved to /eos/user/z/zixuan/Isotope/BkgEst/w1_results_B11_to_B10.pdf

>>> Processing channel: C12 -> B10...
 flux ratio at 1 GeV/n: 10.6633788945
  -- Detector: TOF --
  -- Detector: NaF --
  -- Detector: AGL --
****************************************
Minimizer is Minuit2 / Migrad
Chi2                      = 20.7058522630
NDf                       =           10
Edm                       = 0.0000000000
NCalls                    =          281
p0                        = 0.0031926795   +/-   0.0000834848
p1                        = 0.0025777610   +/-   0.0000730366
p2                        = 0.0020258635   +/-   0.0001426038
p3                        = 0.0016022141   +/-   0.0000929547
p4                        = 0.0012329758   +/-   0.0000607209
p5                        = 0.0006600274   +/-   0.0000451412
p6                        = -0.0003225728   +/-   0.0004391621
p7                        = -0.0007998131   +/-   0.0015780119
p8                        = 0.0024130756   +/-   0.0047609410


/********** DEBUGGING OUTPUT (BIN 3) **********/
Channel: C12 -> B10, Detector: TOF
Energy (ek/n): 0.3368463841 GeV/n
----------------------------------------
--- Acceptance Calculation Details ---
Scale Factor (3.9^2 * Pi): 47.7836242611
Acc(Y): 
  Raw Events: 371012.0000000000 (from /eos/user/z/zixuan/Isotope/Add/B10_w1_frag5.root)
  MC Flux:    270316773.4687929153
  => Calculated Acc(Y) = (Events/Flux)*Scale = 0.0655834182
Acc(XfragY): 
  Raw Events: 1176.0000000000 (from /eos/user/z/zixuan/Isotope/Add/C12_w1_frag5.root)
  MC Flux:    259769200.0070431232
  => Calculated Acc(XfragY) = (Events/Flux)*Scale = 0.0002163210
----------------------------------------
--- Epsilon Calculation Details ---
Flux(C12) at 0.3368463841 GeV/n:   6.6964749180
Flux(B10) at 0.3368463841 GeV/n: 0.6241543378
=> Flux Ratio (X/Y) from TF1:  10.7288766772
----------------------------------------
Acceptance Ratio (from combined hist): 0.0032984105
Acceptance Ratio (from global spline): 0.0031921190
----------------------------------------
FINAL Epsilon = Flux Ratio * Splined Acc Ratio
              = 10.7288766772 * 0.0031921190
              = 0.0342478515
/**************************************/




/********** DEBUGGING OUTPUT (BIN 4) **********/
Channel: C12 -> B10, Detector: TOF
Energy (ek/n): 0.4968766615 GeV/n
----------------------------------------
--- Acceptance Calculation Details ---
Scale Factor (3.9^2 * Pi): 47.7836242611
Acc(Y): 
  Raw Events: 343070.0000000000 (from /eos/user/z/zixuan/Isotope/Add/B10_w1_frag5.root)
  MC Flux:    251105511.3824158311
  => Calculated Acc(Y) = (Events/Flux)*Scale = 0.0652838239
Acc(XfragY): 
  Raw Events: 958.0000000000 (from /eos/user/z/zixuan/Isotope/Add/C12_w1_frag5.root)
  MC Flux:    241307548.0745191574
  => Calculated Acc(XfragY) = (Events/Flux)*Scale = 0.0001897028
----------------------------------------
--- Epsilon Calculation Details ---
Flux(C12) at 0.4968766615 GeV/n:   4.6914710881
Flux(B10) at 0.4968766615 GeV/n: 0.4380937273
=> Flux Ratio (X/Y) from TF1:  10.7088296320
----------------------------------------
Acceptance Ratio (from combined hist): 0.0029058160
Acceptance Ratio (from global spline): 0.0030072731
----------------------------------------
FINAL Epsilon = Flux Ratio * Splined Acc Ratio
              = 10.7088296320 * 0.0030072731
              = 0.0322043751
/**************************************/




/********** DEBUGGING OUTPUT (BIN 5) **********/
Channel: C12 -> B10, Detector: TOF
Energy (ek/n): 0.7045414310 GeV/n
----------------------------------------
--- Acceptance Calculation Details ---
Scale Factor (3.9^2 * Pi): 47.7836242611
Acc(Y): 
  Raw Events: 313333.0000000000 (from /eos/user/z/zixuan/Isotope/Add/B10_w1_frag5.root)
  MC Flux:    239795775.0750258863
  => Calculated Acc(Y) = (Events/Flux)*Scale = 0.0624372399
Acc(XfragY): 
  Raw Events: 780.0000000000 (from /eos/user/z/zixuan/Isotope/Add/C12_w1_frag5.root)
  MC Flux:    230439109.8523510695
  => Calculated Acc(XfragY) = (Events/Flux)*Scale = 0.0001617400
----------------------------------------
--- Epsilon Calculation Details ---
Flux(C12) at 0.7045414310 GeV/n:   3.6061501427
Flux(B10) at 0.7045414310 GeV/n: 0.3373285052
=> Flux Ratio (X/Y) from TF1:  10.6903214134
----------------------------------------
Acceptance Ratio (from combined hist): 0.0025904416
Acceptance Ratio (from global spline): 0.0026707324
----------------------------------------
FINAL Epsilon = Flux Ratio * Splined Acc Ratio
              = 10.6903214134 * 0.0026707324
              = 0.0285509877
/**************************************/




/********** DEBUGGING OUTPUT (BIN 6) **********/
Channel: C12 -> B10, Detector: TOF
Energy (ek/n): 0.9672506104 GeV/n
----------------------------------------
--- Acceptance Calculation Details ---
Scale Factor (3.9^2 * Pi): 47.7836242611
Acc(Y): 
  Raw Events: 291271.0000000000 (from /eos/user/z/zixuan/Isotope/Add/B10_w1_frag5.root)
  MC Flux:    228912361.3222438693
  => Calculated Acc(Y) = (Events/Flux)*Scale = 0.0608004913
Acc(XfragY): 
  Raw Events: 714.0000000000 (from /eos/user/z/zixuan/Isotope/Add/C12_w1_frag5.root)
  MC Flux:    219980359.3736940026
  => Calculated Acc(XfragY) = (Events/Flux)*Scale = 0.0001550934
----------------------------------------
--- Epsilon Calculation Details ---
Flux(C12) at 0.9672506104 GeV/n:   2.5969608230
Flux(B10) at 0.9672506104 GeV/n: 0.2436031774
=> Flux Ratio (X/Y) from TF1:  10.6606196612
----------------------------------------
Acceptance Ratio (from combined hist): 0.0025508581
Acceptance Ratio (from global spline): 0.0023481593
----------------------------------------
FINAL Epsilon = Flux Ratio * Splined Acc Ratio
              = 10.6606196612 * 0.0023481593
              = 0.0250328328
/**************************************/




/********** DEBUGGING OUTPUT (BIN 7) **********/
Channel: C12 -> B10, Detector: NaF
Energy (ek/n): 1.2922125341 GeV/n
----------------------------------------
--- Acceptance Calculation Details ---
Scale Factor (3.9^2 * Pi): 47.7836242611
Acc(Y): 
  Raw Events: 24832.0000000000 (from /eos/user/z/zixuan/Isotope/Add/B10_w1_frag5.root)
  MC Flux:    221028639.7586697340
  => Calculated Acc(Y) = (Events/Flux)*Scale = 0.0053683675
Acc(XfragY): 
  Raw Events: 45.0000000000 (from /eos/user/z/zixuan/Isotope/Add/C12_w1_frag5.root)
  MC Flux:    212404255.1705844402
  => Calculated Acc(XfragY) = (Events/Flux)*Scale = 0.0000101234
----------------------------------------
--- Epsilon Calculation Details ---
Flux(C12) at 1.2922125341 GeV/n:   1.9311557781
Flux(B10) at 1.2922125341 GeV/n: 0.1795368388
=> Flux Ratio (X/Y) from TF1:  10.7563204932
----------------------------------------
Acceptance Ratio (from combined hist): 0.0018857588
Acceptance Ratio (from global spline): 0.0020919610
----------------------------------------
FINAL Epsilon = Flux Ratio * Splined Acc Ratio
              = 10.7563204932 * 0.0020919610
              = 0.0225018034
/**************************************/




/********** DEBUGGING OUTPUT (BIN 8) **********/
Channel: C12 -> B10, Detector: NaF
Energy (ek/n): 1.6909447265 GeV/n
----------------------------------------
--- Acceptance Calculation Details ---
Scale Factor (3.9^2 * Pi): 47.7836242611
Acc(Y): 
  Raw Events: 23939.0000000000 (from /eos/user/z/zixuan/Isotope/Add/B10_w1_frag5.root)
  MC Flux:    216541381.2514206767
  => Calculated Acc(Y) = (Events/Flux)*Scale = 0.0052825570
Acc(XfragY): 
  Raw Events: 35.0000000000 (from /eos/user/z/zixuan/Isotope/Add/C12_w1_frag5.root)
  MC Flux:    208092086.3854410052
  => Calculated Acc(XfragY) = (Events/Flux)*Scale = 0.0000080370
----------------------------------------
--- Epsilon Calculation Details ---
Flux(C12) at 1.6909447265 GeV/n:   1.3561381403
Flux(B10) at 1.6909447265 GeV/n: 0.1233111412
=> Flux Ratio (X/Y) from TF1:  10.9976935355
----------------------------------------
Acceptance Ratio (from combined hist): 0.0015214139
Acceptance Ratio (from global spline): 0.0019069115
----------------------------------------
FINAL Epsilon = Flux Ratio * Splined Acc Ratio
              = 10.9976935355 * 0.0019069115
              = 0.0209716281
/**************************************/




/********** DEBUGGING OUTPUT (BIN 9) **********/
Channel: C12 -> B10, Detector: NaF
Energy (ek/n): 2.1727158116 GeV/n
----------------------------------------
--- Acceptance Calculation Details ---
Scale Factor (3.9^2 * Pi): 47.7836242611
Acc(Y): 
  Raw Events: 23455.0000000000 (from /eos/user/z/zixuan/Isotope/Add/B10_w1_frag5.root)
  MC Flux:    209699360.6967535913
  => Calculated Acc(Y) = (Events/Flux)*Scale = 0.0053446272
Acc(XfragY): 
  Raw Events: 32.0000000000 (from /eos/user/z/zixuan/Isotope/Add/C12_w1_frag5.root)
  MC Flux:    201517036.7386499643
  => Calculated Acc(XfragY) = (Events/Flux)*Scale = 0.0000075878
----------------------------------------
--- Epsilon Calculation Details ---
Flux(C12) at 2.1727158116 GeV/n:   0.9222679723
Flux(B10) at 2.1727158116 GeV/n: 0.0806510040
=> Flux Ratio (X/Y) from TF1:  11.4352943792
----------------------------------------
Acceptance Ratio (from combined hist): 0.0014197108
Acceptance Ratio (from global spline): 0.0017737340
----------------------------------------
FINAL Epsilon = Flux Ratio * Splined Acc Ratio
              = 11.4352943792 * 0.0017737340
              = 0.0202831699
/**************************************/




/********** DEBUGGING OUTPUT (BIN 10) **********/
Channel: C12 -> B10, Detector: NaF
Energy (ek/n): 2.7468447478 GeV/n
----------------------------------------
--- Acceptance Calculation Details ---
Scale Factor (3.9^2 * Pi): 47.7836242611
Acc(Y): 
  Raw Events: 22955.0000000000 (from /eos/user/z/zixuan/Isotope/Add/B10_w1_frag5.root)
  MC Flux:    204588234.8093575835
  => Calculated Acc(Y) = (Events/Flux)*Scale = 0.0053613694
Acc(XfragY): 
  Raw Events: 42.0000000000 (from /eos/user/z/zixuan/Isotope/Add/C12_w1_frag5.root)
  MC Flux:    196605343.4468629956
  => Calculated Acc(XfragY) = (Events/Flux)*Scale = 0.0000102078
----------------------------------------
--- Epsilon Calculation Details ---
Flux(C12) at 2.7468447478 GeV/n:   0.6079732250
Flux(B10) at 2.7468447478 GeV/n: 0.0507246965
=> Flux Ratio (X/Y) from TF1:  11.9857439728
----------------------------------------
Acceptance Ratio (from combined hist): 0.0019039579
Acceptance Ratio (from global spline): 0.0016658385
----------------------------------------
FINAL Epsilon = Flux Ratio * Splined Acc Ratio
              = 11.9857439728 * 0.0016658385
              = 0.0199663135
/**************************************/




/********** DEBUGGING OUTPUT (BIN 11) **********/
Channel: C12 -> B10, Detector: AGL
Energy (ek/n): 3.4250117177 GeV/n
----------------------------------------
--- Acceptance Calculation Details ---
Scale Factor (3.9^2 * Pi): 47.7836242611
Acc(Y): 
  Raw Events: 132207.0000000000 (from /eos/user/z/zixuan/Isotope/Add/B10_w1_frag5.root)
  MC Flux:    198866587.0971700847
  => Calculated Acc(Y) = (Events/Flux)*Scale = 0.0317666718
Acc(XfragY): 
  Raw Events: 214.0000000000 (from /eos/user/z/zixuan/Isotope/Add/C12_w1_frag5.root)
  MC Flux:    191106950.4694525003
  => Calculated Acc(XfragY) = (Events/Flux)*Scale = 0.0000535077
----------------------------------------
--- Epsilon Calculation Details ---
Flux(C12) at 3.4250117177 GeV/n:   0.4054330897
Flux(B10) at 3.4250117177 GeV/n: 0.0324351391
=> Flux Ratio (X/Y) from TF1:  12.4998104065
----------------------------------------
Acceptance Ratio (from combined hist): 0.0016843978
Acceptance Ratio (from global spline): 0.0015641598
----------------------------------------
FINAL Epsilon = Flux Ratio * Splined Acc Ratio
              = 12.4998104065 * 0.0015641598
              = 0.0195517014
/**************************************/




/********** DEBUGGING OUTPUT (BIN 12) **********/
Channel: C12 -> B10, Detector: AGL
Energy (ek/n): 4.2190486071 GeV/n
----------------------------------------
--- Acceptance Calculation Details ---
Scale Factor (3.9^2 * Pi): 47.7836242611
Acc(Y): 
  Raw Events: 131977.0000000000 (from /eos/user/z/zixuan/Isotope/Add/B10_w1_frag5.root)
  MC Flux:    193768384.2470802963
  => Calculated Acc(Y) = (Events/Flux)*Scale = 0.0325457603
Acc(XfragY): 
  Raw Events: 176.0000000000 (from /eos/user/z/zixuan/Isotope/Add/C12_w1_frag5.root)
  MC Flux:    186207675.9669981003
  => Calculated Acc(XfragY) = (Events/Flux)*Scale = 0.0000451642
----------------------------------------
--- Epsilon Calculation Details ---
Flux(C12) at 4.2190486071 GeV/n:   0.2673103519
Flux(B10) at 4.2190486071 GeV/n: 0.0205233631
=> Flux Ratio (X/Y) from TF1:  13.0246856302
----------------------------------------
Acceptance Ratio (from combined hist): 0.0013877133
Acceptance Ratio (from global spline): 0.0014516733
----------------------------------------
FINAL Epsilon = Flux Ratio * Splined Acc Ratio
              = 13.0246856302 * 0.0014516733
              = 0.0189075888
/**************************************/




/********** DEBUGGING OUTPUT (BIN 13) **********/
Channel: C12 -> B10, Detector: AGL
Energy (ek/n): 5.1408648843 GeV/n
----------------------------------------
--- Acceptance Calculation Details ---
Scale Factor (3.9^2 * Pi): 47.7836242611
Acc(Y): 
  Raw Events: 129485.0000000000 (from /eos/user/z/zixuan/Isotope/Add/B10_w1_frag5.root)
  MC Flux:    187987513.4675004482
  => Calculated Acc(Y) = (Events/Flux)*Scale = 0.0329131572
Acc(XfragY): 
  Raw Events: 165.0000000000 (from /eos/user/z/zixuan/Isotope/Add/C12_w1_frag5.root)
  MC Flux:    180652370.7653068006
  => Calculated Acc(XfragY) = (Events/Flux)*Scale = 0.0000436435
----------------------------------------
--- Epsilon Calculation Details ---
Flux(C12) at 5.1408648843 GeV/n:   0.1779862950
Flux(B10) at 5.1408648843 GeV/n: 0.0131383666
=> Flux Ratio (X/Y) from TF1:  13.5470641104
----------------------------------------
Acceptance Ratio (from combined hist): 0.0013260192
Acceptance Ratio (from global spline): 0.0013116055
----------------------------------------
FINAL Epsilon = Flux Ratio * Splined Acc Ratio
              = 13.5470641104 * 0.0013116055
              = 0.0177684043
/**************************************/




/********** DEBUGGING OUTPUT (BIN 14) **********/
Channel: C12 -> B10, Detector: AGL
Energy (ek/n): 6.2049547931 GeV/n
----------------------------------------
--- Acceptance Calculation Details ---
Scale Factor (3.9^2 * Pi): 47.7836242611
Acc(Y): 
  Raw Events: 127629.0000000000 (from /eos/user/z/zixuan/Isotope/Add/B10_w1_frag5.root)
  MC Flux:    183316789.2804981470
  => Calculated Acc(Y) = (Events/Flux)*Scale = 0.0332679631
Acc(XfragY): 
  Raw Events: 138.0000000000 (from /eos/user/z/zixuan/Isotope/Add/C12_w1_frag5.root)
  MC Flux:    176163895.0042893887
  => Calculated Acc(XfragY) = (Events/Flux)*Scale = 0.0000374318
----------------------------------------
--- Epsilon Calculation Details ---
Flux(C12) at 6.2049547931 GeV/n:   0.1185201216
Flux(B10) at 6.2049547931 GeV/n: 0.0083626295
=> Flux Ratio (X/Y) from TF1:  14.1725902963
----------------------------------------
Acceptance Ratio (from combined hist): 0.0011251620
Acceptance Ratio (from global spline): 0.0011330821
----------------------------------------
FINAL Epsilon = Flux Ratio * Splined Acc Ratio
              = 14.1725902963 * 0.0011330821
              = 0.0160587088
/**************************************/




/********** DEBUGGING OUTPUT (BIN 15) **********/
Channel: C12 -> B10, Detector: AGL
Energy (ek/n): 7.4457899798 GeV/n
----------------------------------------
--- Acceptance Calculation Details ---
Scale Factor (3.9^2 * Pi): 47.7836242611
Acc(Y): 
  Raw Events: 127914.0000000000 (from /eos/user/z/zixuan/Isotope/Add/B10_w1_frag5.root)
  MC Flux:    182884061.2265676260
  => Calculated Acc(Y) = (Events/Flux)*Scale = 0.0334211438
Acc(XfragY): 
  Raw Events: 110.0000000000 (from /eos/user/z/zixuan/Isotope/Add/C12_w1_frag5.root)
  MC Flux:    175748051.6996076107
  => Calculated Acc(XfragY) = (Events/Flux)*Scale = 0.0000299076
----------------------------------------
--- Epsilon Calculation Details ---
Flux(C12) at 7.4457899798 GeV/n:   0.0783231069
Flux(B10) at 7.4457899798 GeV/n: 0.0052771538
=> Flux Ratio (X/Y) from TF1:  14.8419223085
----------------------------------------
Acceptance Ratio (from combined hist): 0.0008948700
Acceptance Ratio (from global spline): 0.0009332848
----------------------------------------
FINAL Epsilon = Flux Ratio * Splined Acc Ratio
              = 14.8419223085 * 0.0009332848
              = 0.0138517404
/**************************************/




/********** DEBUGGING OUTPUT (BIN 16) **********/
Channel: C12 -> B10, Detector: AGL
Energy (ek/n): 8.8880598677 GeV/n
----------------------------------------
--- Acceptance Calculation Details ---
Scale Factor (3.9^2 * Pi): 47.7836242611
Acc(Y): 
  Raw Events: 126013.0000000000 (from /eos/user/z/zixuan/Isotope/Add/B10_w1_frag5.root)
  MC Flux:    178813089.5472681522
  => Calculated Acc(Y) = (Events/Flux)*Scale = 0.0336740328
Acc(XfragY): 
  Raw Events: 108.0000000000 (from /eos/user/z/zixuan/Isotope/Add/C12_w1_frag5.root)
  MC Flux:    171835926.5184263885
  => Calculated Acc(XfragY) = (Events/Flux)*Scale = 0.0000300323
----------------------------------------
--- Epsilon Calculation Details ---
Flux(C12) at 8.8880598677 GeV/n:   0.0519524793
Flux(B10) at 8.8880598677 GeV/n: 0.0033462747
=> Flux Ratio (X/Y) from TF1:  15.5254673557
----------------------------------------
Acceptance Ratio (from combined hist): 0.0008918540
Acceptance Ratio (from global spline): 0.0007531745
----------------------------------------
FINAL Epsilon = Flux Ratio * Splined Acc Ratio
              = 15.5254673557 * 0.0007531745
              = 0.0116933860
/**************************************/




/********** DEBUGGING OUTPUT (BIN 17) **********/
Channel: C12 -> B10, Detector: AGL
Energy (ek/n): 10.5565612202 GeV/n
----------------------------------------
--- Acceptance Calculation Details ---
Scale Factor (3.9^2 * Pi): 47.7836242611
Acc(Y): 
  Raw Events: 124449.0000000000 (from /eos/user/z/zixuan/Isotope/Add/B10_w1_frag5.root)
  MC Flux:    177270201.1223996878
  => Calculated Acc(Y) = (Events/Flux)*Scale = 0.0335455379
Acc(XfragY): 
  Raw Events: 68.0000000000 (from /eos/user/z/zixuan/Isotope/Add/C12_w1_frag5.root)
  MC Flux:    170353240.5323329568
  => Calculated Acc(XfragY) = (Events/Flux)*Scale = 0.0000190738
----------------------------------------
--- Epsilon Calculation Details ---
Flux(C12) at 10.5565612202 GeV/n:   0.0346072367
Flux(B10) at 10.5565612202 GeV/n: 0.0021112245
=> Flux Ratio (X/Y) from TF1:  16.3920210185
----------------------------------------
Acceptance Ratio (from combined hist): 0.0005685947
Acceptance Ratio (from global spline): 0.0006277583
----------------------------------------
FINAL Epsilon = Flux Ratio * Splined Acc Ratio
              = 16.3920210185 * 0.0006277583
              = 0.0102902268
/**************************************/




/********** DEBUGGING OUTPUT (BIN 18) **********/
Channel: C12 -> B10, Detector: AGL
Energy (ek/n): 12.4760880858 GeV/n
----------------------------------------
--- Acceptance Calculation Details ---
Scale Factor (3.9^2 * Pi): 47.7836242611
Acc(Y): 
  Raw Events: 121376.0000000000 (from /eos/user/z/zixuan/Isotope/Add/B10_w1_frag5.root)
  MC Flux:    172816159.8331908286
  => Calculated Acc(Y) = (Events/Flux)*Scale = 0.0335604331
Acc(XfragY): 
  Raw Events: 61.0000000000 (from /eos/user/z/zixuan/Isotope/Add/C12_w1_frag5.root)
  MC Flux:    166072992.8523654044
  => Calculated Acc(XfragY) = (Events/Flux)*Scale = 0.0000175513
----------------------------------------
--- Epsilon Calculation Details ---
Flux(C12) at 12.4760880858 GeV/n:   0.0229867657
Flux(B10) at 12.4760880858 GeV/n: 0.0013225396
=> Flux Ratio (X/Y) from TF1:  17.3807773188
----------------------------------------
Acceptance Ratio (from combined hist): 0.0005229767
Acceptance Ratio (from global spline): 0.0005607479
----------------------------------------
FINAL Epsilon = Flux Ratio * Splined Acc Ratio
              = 17.3807773188 * 0.0005607479
              = 0.0097462351
/**************************************/




/********** DEBUGGING OUTPUT (BIN 19) **********/
Channel: C12 -> B10, Detector: AGL
Energy (ek/n): 14.6714890086 GeV/n
----------------------------------------
--- Acceptance Calculation Details ---
Scale Factor (3.9^2 * Pi): 47.7836242611
Acc(Y): 
  Raw Events: 119139.0000000000 (from /eos/user/z/zixuan/Isotope/Add/B10_w1_frag5.root)
  MC Flux:    170113063.5930935740
  => Calculated Acc(Y) = (Events/Flux)*Scale = 0.0334653500
Acc(XfragY): 
  Raw Events: 70.0000000000 (from /eos/user/z/zixuan/Isotope/Add/C12_w1_frag5.root)
  MC Flux:    163475369.5572159886
  => Calculated Acc(XfragY) = (Events/Flux)*Scale = 0.0000204609
----------------------------------------
--- Epsilon Calculation Details ---
Flux(C12) at 14.6714890086 GeV/n:   0.0153645058
Flux(B10) at 14.6714890086 GeV/n: 0.0008377115
=> Flux Ratio (X/Y) from TF1:  18.3410462855
----------------------------------------
Acceptance Ratio (from combined hist): 0.0006114056
Acceptance Ratio (from global spline): 0.0005155074
----------------------------------------
FINAL Epsilon = Flux Ratio * Splined Acc Ratio
              = 18.3410462855 * 0.0005155074
              = 0.0094549447
/**************************************/




/********** DEBUGGING OUTPUT (BIN 20) **********/
Channel: C12 -> B10, Detector: AGL
Energy (ek/n): 17.1925871018 GeV/n
----------------------------------------
--- Acceptance Calculation Details ---
Scale Factor (3.9^2 * Pi): 47.7836242611
Acc(Y): 
  Raw Events: 118369.0000000000 (from /eos/user/z/zixuan/Isotope/Add/B10_w1_frag5.root)
  MC Flux:    168176136.3474429846
  => Calculated Acc(Y) = (Events/Flux)*Scale = 0.0336320000
Acc(XfragY): 
  Raw Events: 48.0000000000 (from /eos/user/z/zixuan/Isotope/Add/C12_w1_frag5.root)
  MC Flux:    161614019.8724817932
  => Calculated Acc(XfragY) = (Events/Flux)*Scale = 0.0000141919
----------------------------------------
--- Epsilon Calculation Details ---
Flux(C12) at 17.1925871018 GeV/n:   0.0103915375
Flux(B10) at 17.1925871018 GeV/n: 0.0005369536
=> Flux Ratio (X/Y) from TF1:  19.3527677877
----------------------------------------
Acceptance Ratio (from combined hist): 0.0004219768
Acceptance Ratio (from global spline): 0.0004571391
----------------------------------------
FINAL Epsilon = Flux Ratio * Splined Acc Ratio
              = 19.3527677877 * 0.0004571391
              = 0.0088469066
/**************************************/




/********** DEBUGGING OUTPUT (BIN 21) **********/
Channel: C12 -> B10, Detector: AGL
Energy (ek/n): 20.0892620167 GeV/n
----------------------------------------
--- Acceptance Calculation Details ---
Scale Factor (3.9^2 * Pi): 47.7836242611
Acc(Y): 
  Raw Events: 117152.0000000000 (from /eos/user/z/zixuan/Isotope/Add/B10_w1_frag5.root)
  MC Flux:    166419735.7043049037
  => Calculated Acc(Y) = (Events/Flux)*Scale = 0.0336375198
Acc(XfragY): 
  Raw Events: 41.0000000000 (from /eos/user/z/zixuan/Isotope/Add/C12_w1_frag5.root)
  MC Flux:    159926152.7671410441
  => Calculated Acc(XfragY) = (Events/Flux)*Scale = 0.0000122502
----------------------------------------
--- Epsilon Calculation Details ---
Flux(C12) at 20.0892620167 GeV/n:   0.0070255045
Flux(B10) at 20.0892620167 GeV/n: 0.0003403264
=> Flux Ratio (X/Y) from TF1:  20.6434294066
----------------------------------------
Acceptance Ratio (from combined hist): 0.0003641828
Acceptance Ratio (from global spline): 0.0003552683
----------------------------------------
FINAL Epsilon = Flux Ratio * Splined Acc Ratio
              = 20.6434294066 * 0.0003552683
              = 0.0073339568
/**************************************/


    INFO: Intermediate results saved to /eos/user/z/zixuan/Isotope/BkgEst/w1_results_C12_to_B10.pdf

>>> Processing channel: N14 -> B10...
 flux ratio at 1 GeV/n: 1.4765883764
  -- Detector: TOF --
  -- Detector: NaF --
  -- Detector: AGL --
****************************************
Minimizer is Minuit2 / Migrad
Chi2                      = 13.4709726825
NDf                       =           10
Edm                       = 0.0000000736
NCalls                    =          282
p0                        = 0.0005257138   +/-   0.0000330703
p1                        = 0.0003836656   +/-   0.0000272787
p2                        = 0.0000994282   +/-   0.0000364269
p3                        = 0.0001183249   +/-   0.0000242218
p4                        = 0.0001040955   +/-   0.0000182794
p5                        = 0.0001183765   +/-   0.0000186415
p6                        = 0.0002352730   +/-   0.0002078763
p7                        = 0.0002179978   +/-   0.0007860534
p8                        = -0.0006577101   +/-   0.0023715620


/********** DEBUGGING OUTPUT (BIN 3) **********/
Channel: N14 -> B10, Detector: TOF
Energy (ek/n): 0.3368463841 GeV/n
----------------------------------------
--- Acceptance Calculation Details ---
Scale Factor (3.9^2 * Pi): 47.7836242611
Acc(Y): 
  Raw Events: 371012.0000000000 (from /eos/user/z/zixuan/Isotope/Add/B10_w1_frag5.root)
  MC Flux:    270316773.4687929153
  => Calculated Acc(Y) = (Events/Flux)*Scale = 0.0655834182
Acc(XfragY): 
  Raw Events: 215.0000000000 (from /eos/user/z/zixuan/Isotope/Add/N14_w1_frag5.root)
  MC Flux:    270692465.2423504591
  => Calculated Acc(XfragY) = (Events/Flux)*Scale = 0.0000379526
----------------------------------------
--- Epsilon Calculation Details ---
Flux(N14) at 0.3368463841 GeV/n:   0.9463337766
Flux(B10) at 0.3368463841 GeV/n: 0.6241543378
=> Flux Ratio (X/Y) from TF1:  1.5161855319
----------------------------------------
Acceptance Ratio (from combined hist): 0.0005786918
Acceptance Ratio (from global spline): 0.0005256792
----------------------------------------
FINAL Epsilon = Flux Ratio * Splined Acc Ratio
              = 1.5161855319 * 0.0005256792
              = 0.0007970272
/**************************************/




/********** DEBUGGING OUTPUT (BIN 4) **********/
Channel: N14 -> B10, Detector: TOF
Energy (ek/n): 0.4968766615 GeV/n
----------------------------------------
--- Acceptance Calculation Details ---
Scale Factor (3.9^2 * Pi): 47.7836242611
Acc(Y): 
  Raw Events: 343070.0000000000 (from /eos/user/z/zixuan/Isotope/Add/B10_w1_frag5.root)
  MC Flux:    251105511.3824158311
  => Calculated Acc(Y) = (Events/Flux)*Scale = 0.0652838239
Acc(XfragY): 
  Raw Events: 150.0000000000 (from /eos/user/z/zixuan/Isotope/Add/N14_w1_frag5.root)
  MC Flux:    251454502.9514956474
  => Calculated Acc(XfragY) = (Events/Flux)*Scale = 0.0000285043
----------------------------------------
--- Epsilon Calculation Details ---
Flux(N14) at 0.4968766615 GeV/n:   0.6613844464
Flux(B10) at 0.4968766615 GeV/n: 0.4380937273
=> Flux Ratio (X/Y) from TF1:  1.5096870948
----------------------------------------
Acceptance Ratio (from combined hist): 0.0004366217
Acceptance Ratio (from global spline): 0.0005028481
----------------------------------------
FINAL Epsilon = Flux Ratio * Splined Acc Ratio
              = 1.5096870948 * 0.0005028481
              = 0.0007591433
/**************************************/




/********** DEBUGGING OUTPUT (BIN 5) **********/
Channel: N14 -> B10, Detector: TOF
Energy (ek/n): 0.7045414310 GeV/n
----------------------------------------
--- Acceptance Calculation Details ---
Scale Factor (3.9^2 * Pi): 47.7836242611
Acc(Y): 
  Raw Events: 313333.0000000000 (from /eos/user/z/zixuan/Isotope/Add/B10_w1_frag5.root)
  MC Flux:    239795775.0750258863
  => Calculated Acc(Y) = (Events/Flux)*Scale = 0.0624372399
Acc(XfragY): 
  Raw Events: 139.0000000000 (from /eos/user/z/zixuan/Isotope/Add/N14_w1_frag5.root)
  MC Flux:    240129048.1415599585
  => Calculated Acc(XfragY) = (Events/Flux)*Scale = 0.0000276598
----------------------------------------
--- Epsilon Calculation Details ---
Flux(N14) at 0.7045414310 GeV/n:   0.5056970681
Flux(B10) at 0.7045414310 GeV/n: 0.3373285052
=> Flux Ratio (X/Y) from TF1:  1.4991234369
----------------------------------------
Acceptance Ratio (from combined hist): 0.0004430018
Acceptance Ratio (from global spline): 0.0004190492
----------------------------------------
FINAL Epsilon = Flux Ratio * Splined Acc Ratio
              = 1.4991234369 * 0.0004190492
              = 0.0006282064
/**************************************/




/********** DEBUGGING OUTPUT (BIN 6) **********/
Channel: N14 -> B10, Detector: TOF
Energy (ek/n): 0.9672506104 GeV/n
----------------------------------------
--- Acceptance Calculation Details ---
Scale Factor (3.9^2 * Pi): 47.7836242611
Acc(Y): 
  Raw Events: 291271.0000000000 (from /eos/user/z/zixuan/Isotope/Add/B10_w1_frag5.root)
  MC Flux:    228912361.3222438693
  => Calculated Acc(Y) = (Events/Flux)*Scale = 0.0608004913
Acc(XfragY): 
  Raw Events: 86.0000000000 (from /eos/user/z/zixuan/Isotope/Add/N14_w1_frag5.root)
  MC Flux:    229230508.3980275989
  => Calculated Acc(XfragY) = (Events/Flux)*Scale = 0.0000179269
----------------------------------------
--- Epsilon Calculation Details ---
Flux(N14) at 0.9672506104 GeV/n:   0.3601010089
Flux(B10) at 0.9672506104 GeV/n: 0.2436031774
=> Flux Ratio (X/Y) from TF1:  1.4782278814
----------------------------------------
Acceptance Ratio (from combined hist): 0.0002948479
Acceptance Ratio (from global spline): 0.0002690646
----------------------------------------
FINAL Epsilon = Flux Ratio * Splined Acc Ratio
              = 1.4782278814 * 0.0002690646
              = 0.0003977387
/**************************************/




/********** DEBUGGING OUTPUT (BIN 7) **********/
Channel: N14 -> B10, Detector: NaF
Energy (ek/n): 1.2922125341 GeV/n
----------------------------------------
--- Acceptance Calculation Details ---
Scale Factor (3.9^2 * Pi): 47.7836242611
Acc(Y): 
  Raw Events: 24832.0000000000 (from /eos/user/z/zixuan/Isotope/Add/B10_w1_frag5.root)
  MC Flux:    221028639.7586697340
  => Calculated Acc(Y) = (Events/Flux)*Scale = 0.0053683675
Acc(XfragY): 
  Raw Events: 2.0000000000 (from /eos/user/z/zixuan/Isotope/Add/N14_w1_frag5.root)
  MC Flux:    221335829.8771829009
  => Calculated Acc(XfragY) = (Events/Flux)*Scale = 0.0000004318
----------------------------------------
--- Epsilon Calculation Details ---
Flux(N14) at 1.2922125341 GeV/n:   0.2643590385
Flux(B10) at 1.2922125341 GeV/n: 0.1795368388
=> Flux Ratio (X/Y) from TF1:  1.4724501130
----------------------------------------
Acceptance Ratio (from combined hist): 0.0000804295
Acceptance Ratio (from global spline): 0.0001283103
----------------------------------------
FINAL Epsilon = Flux Ratio * Splined Acc Ratio
              = 1.4724501130 * 0.0001283103
              = 0.0001889305
/**************************************/




/********** DEBUGGING OUTPUT (BIN 8) **********/
Channel: N14 -> B10, Detector: NaF
Energy (ek/n): 1.6909447265 GeV/n
----------------------------------------
--- Acceptance Calculation Details ---
Scale Factor (3.9^2 * Pi): 47.7836242611
Acc(Y): 
  Raw Events: 23939.0000000000 (from /eos/user/z/zixuan/Isotope/Add/B10_w1_frag5.root)
  MC Flux:    216541381.2514206767
  => Calculated Acc(Y) = (Events/Flux)*Scale = 0.0052825570
Acc(XfragY): 
  Raw Events: 2.0000000000 (from /eos/user/z/zixuan/Isotope/Add/N14_w1_frag5.root)
  MC Flux:    216842334.8863987625
  => Calculated Acc(XfragY) = (Events/Flux)*Scale = 0.0000004407
----------------------------------------
--- Epsilon Calculation Details ---
Flux(N14) at 1.6909447265 GeV/n:   0.1827408793
Flux(B10) at 1.6909447265 GeV/n: 0.1233111412
=> Flux Ratio (X/Y) from TF1:  1.4819494617
----------------------------------------
Acceptance Ratio (from combined hist): 0.0000834297
Acceptance Ratio (from global spline): 0.0000702162
----------------------------------------
FINAL Epsilon = Flux Ratio * Splined Acc Ratio
              = 1.4819494617 * 0.0000702162
              = 0.0001040568
/**************************************/




/********** DEBUGGING OUTPUT (BIN 9) **********/
Channel: N14 -> B10, Detector: NaF
Energy (ek/n): 2.1727158116 GeV/n
----------------------------------------
--- Acceptance Calculation Details ---
Scale Factor (3.9^2 * Pi): 47.7836242611
Acc(Y): 
  Raw Events: 23455.0000000000 (from /eos/user/z/zixuan/Isotope/Add/B10_w1_frag5.root)
  MC Flux:    209699360.6967535913
  => Calculated Acc(Y) = (Events/Flux)*Scale = 0.0053446272
Acc(XfragY): 
  Raw Events: 3.0000000000 (from /eos/user/z/zixuan/Isotope/Add/N14_w1_frag5.root)
  MC Flux:    209990805.1518020928
  => Calculated Acc(XfragY) = (Events/Flux)*Scale = 0.0000006827
----------------------------------------
--- Epsilon Calculation Details ---
Flux(N14) at 2.1727158116 GeV/n:   0.1223238031
Flux(B10) at 2.1727158116 GeV/n: 0.0806510040
=> Flux Ratio (X/Y) from TF1:  1.5167052739
----------------------------------------
Acceptance Ratio (from combined hist): 0.0001277270
Acceptance Ratio (from global spline): 0.0000785570
----------------------------------------
FINAL Epsilon = Flux Ratio * Splined Acc Ratio
              = 1.5167052739 * 0.0000785570
              = 0.0001191478
/**************************************/




/********** DEBUGGING OUTPUT (BIN 10) **********/
Channel: N14 -> B10, Detector: NaF
Energy (ek/n): 2.7468447478 GeV/n
----------------------------------------
--- Acceptance Calculation Details ---
Scale Factor (3.9^2 * Pi): 47.7836242611
Acc(Y): 
  Raw Events: 22955.0000000000 (from /eos/user/z/zixuan/Isotope/Add/B10_w1_frag5.root)
  MC Flux:    204588234.8093575835
  => Calculated Acc(Y) = (Events/Flux)*Scale = 0.0053613694
Acc(XfragY): 
  Raw Events: 1.0000000000 (from /eos/user/z/zixuan/Isotope/Add/N14_w1_frag5.root)
  MC Flux:    204872575.7172422409
  => Calculated Acc(XfragY) = (Events/Flux)*Scale = 0.0000002332
----------------------------------------
--- Epsilon Calculation Details ---
Flux(N14) at 2.7468447478 GeV/n:   0.0790148422
Flux(B10) at 2.7468447478 GeV/n: 0.0507246965
=> Flux Ratio (X/Y) from TF1:  1.5577193687
----------------------------------------
Acceptance Ratio (from combined hist): 0.0000435030
Acceptance Ratio (from global spline): 0.0001061813
----------------------------------------
FINAL Epsilon = Flux Ratio * Splined Acc Ratio
              = 1.5577193687 * 0.0001061813
              = 0.0001654007
/**************************************/




/********** DEBUGGING OUTPUT (BIN 11) **********/
Channel: N14 -> B10, Detector: AGL
Energy (ek/n): 3.4250117177 GeV/n
----------------------------------------
--- Acceptance Calculation Details ---
Scale Factor (3.9^2 * Pi): 47.7836242611
Acc(Y): 
  Raw Events: 132207.0000000000 (from /eos/user/z/zixuan/Isotope/Add/B10_w1_frag5.root)
  MC Flux:    198866587.0971700847
  => Calculated Acc(Y) = (Events/Flux)*Scale = 0.0317666718
Acc(XfragY): 
  Raw Events: 22.0000000000 (from /eos/user/z/zixuan/Isotope/Add/N14_w1_frag5.root)
  MC Flux:    199142975.9421876073
  => Calculated Acc(XfragY) = (Events/Flux)*Scale = 0.0000052788
----------------------------------------
--- Epsilon Calculation Details ---
Flux(N14) at 3.4250117177 GeV/n:   0.0514629550
Flux(B10) at 3.4250117177 GeV/n: 0.0324351391
=> Flux Ratio (X/Y) from TF1:  1.5866420290
----------------------------------------
Acceptance Ratio (from combined hist): 0.0001661748
Acceptance Ratio (from global spline): 0.0001208572
----------------------------------------
FINAL Epsilon = Flux Ratio * Splined Acc Ratio
              = 1.5866420290 * 0.0001208572
              = 0.0001917571
/**************************************/




/********** DEBUGGING OUTPUT (BIN 12) **********/
Channel: N14 -> B10, Detector: AGL
Energy (ek/n): 4.2190486071 GeV/n
----------------------------------------
--- Acceptance Calculation Details ---
Scale Factor (3.9^2 * Pi): 47.7836242611
Acc(Y): 
  Raw Events: 131977.0000000000 (from /eos/user/z/zixuan/Isotope/Add/B10_w1_frag5.root)
  MC Flux:    193768384.2470802963
  => Calculated Acc(Y) = (Events/Flux)*Scale = 0.0325457603
Acc(XfragY): 
  Raw Events: 13.0000000000 (from /eos/user/z/zixuan/Isotope/Add/N14_w1_frag5.root)
  MC Flux:    194037687.5056353211
  => Calculated Acc(XfragY) = (Events/Flux)*Scale = 0.0000032014
----------------------------------------
--- Epsilon Calculation Details ---
Flux(N14) at 4.2190486071 GeV/n:   0.0331087165
Flux(B10) at 4.2190486071 GeV/n: 0.0205233631
=> Flux Ratio (X/Y) from TF1:  1.6132208181
----------------------------------------
Acceptance Ratio (from combined hist): 0.0000983653
Acceptance Ratio (from global spline): 0.0001157970
----------------------------------------
FINAL Epsilon = Flux Ratio * Splined Acc Ratio
              = 1.6132208181 * 0.0001157970
              = 0.0001868062
/**************************************/




/********** DEBUGGING OUTPUT (BIN 13) **********/
Channel: N14 -> B10, Detector: AGL
Energy (ek/n): 5.1408648843 GeV/n
----------------------------------------
--- Acceptance Calculation Details ---
Scale Factor (3.9^2 * Pi): 47.7836242611
Acc(Y): 
  Raw Events: 129485.0000000000 (from /eos/user/z/zixuan/Isotope/Add/B10_w1_frag5.root)
  MC Flux:    187987513.4675004482
  => Calculated Acc(Y) = (Events/Flux)*Scale = 0.0329131572
Acc(XfragY): 
  Raw Events: 18.0000000000 (from /eos/user/z/zixuan/Isotope/Add/N14_w1_frag5.root)
  MC Flux:    188248782.3537592292
  => Calculated Acc(XfragY) = (Events/Flux)*Scale = 0.0000045690
----------------------------------------
--- Epsilon Calculation Details ---
Flux(N14) at 5.1408648843 GeV/n:   0.0216186832
Flux(B10) at 5.1408648843 GeV/n: 0.0131383666
=> Flux Ratio (X/Y) from TF1:  1.6454620108
----------------------------------------
Acceptance Ratio (from combined hist): 0.0001388193
Acceptance Ratio (from global spline): 0.0001063412
----------------------------------------
FINAL Epsilon = Flux Ratio * Splined Acc Ratio
              = 1.6454620108 * 0.0001063412
              = 0.0001749805
/**************************************/




/********** DEBUGGING OUTPUT (BIN 14) **********/
Channel: N14 -> B10, Detector: AGL
Energy (ek/n): 6.2049547931 GeV/n
----------------------------------------
--- Acceptance Calculation Details ---
Scale Factor (3.9^2 * Pi): 47.7836242611
Acc(Y): 
  Raw Events: 127629.0000000000 (from /eos/user/z/zixuan/Isotope/Add/B10_w1_frag5.root)
  MC Flux:    183316789.2804981470
  => Calculated Acc(Y) = (Events/Flux)*Scale = 0.0332679631
Acc(XfragY): 
  Raw Events: 11.0000000000 (from /eos/user/z/zixuan/Isotope/Add/N14_w1_frag5.root)
  MC Flux:    183571566.6988726258
  => Calculated Acc(XfragY) = (Events/Flux)*Scale = 0.0000028633
----------------------------------------
--- Epsilon Calculation Details ---
Flux(N14) at 6.2049547931 GeV/n:   0.0141850453
Flux(B10) at 6.2049547931 GeV/n: 0.0083626295
=> Flux Ratio (X/Y) from TF1:  1.6962422258
----------------------------------------
Acceptance Ratio (from combined hist): 0.0000860677
Acceptance Ratio (from global spline): 0.0001045881
----------------------------------------
FINAL Epsilon = Flux Ratio * Splined Acc Ratio
              = 1.6962422258 * 0.0001045881
              = 0.0001774068
/**************************************/




/********** DEBUGGING OUTPUT (BIN 15) **********/
Channel: N14 -> B10, Detector: AGL
Energy (ek/n): 7.4457899798 GeV/n
----------------------------------------
--- Acceptance Calculation Details ---
Scale Factor (3.9^2 * Pi): 47.7836242611
Acc(Y): 
  Raw Events: 127914.0000000000 (from /eos/user/z/zixuan/Isotope/Add/B10_w1_frag5.root)
  MC Flux:    182884061.2265676260
  => Calculated Acc(Y) = (Events/Flux)*Scale = 0.0334211438
Acc(XfragY): 
  Raw Events: 15.0000000000 (from /eos/user/z/zixuan/Isotope/Add/N14_w1_frag5.root)
  MC Flux:    183138237.2306533456
  => Calculated Acc(XfragY) = (Events/Flux)*Scale = 0.0000039137
----------------------------------------
--- Epsilon Calculation Details ---
Flux(N14) at 7.4457899798 GeV/n:   0.0091983207
Flux(B10) at 7.4457899798 GeV/n: 0.0052771538
=> Flux Ratio (X/Y) from TF1:  1.7430457855
----------------------------------------
Acceptance Ratio (from combined hist): 0.0001171035
Acceptance Ratio (from global spline): 0.0001107932
----------------------------------------
FINAL Epsilon = Flux Ratio * Splined Acc Ratio
              = 1.7430457855 * 0.0001107932
              = 0.0001931176
/**************************************/




/********** DEBUGGING OUTPUT (BIN 16) **********/
Channel: N14 -> B10, Detector: AGL
Energy (ek/n): 8.8880598677 GeV/n
----------------------------------------
--- Acceptance Calculation Details ---
Scale Factor (3.9^2 * Pi): 47.7836242611
Acc(Y): 
  Raw Events: 126013.0000000000 (from /eos/user/z/zixuan/Isotope/Add/B10_w1_frag5.root)
  MC Flux:    178813089.5472681522
  => Calculated Acc(Y) = (Events/Flux)*Scale = 0.0336740328
Acc(XfragY): 
  Raw Events: 14.0000000000 (from /eos/user/z/zixuan/Isotope/Add/N14_w1_frag5.root)
  MC Flux:    179061607.6317557991
  => Calculated Acc(XfragY) = (Events/Flux)*Scale = 0.0000037360
----------------------------------------
--- Epsilon Calculation Details ---
Flux(N14) at 8.8880598677 GeV/n:   0.0059620302
Flux(B10) at 8.8880598677 GeV/n: 0.0033462747
=> Flux Ratio (X/Y) from TF1:  1.7816917785
----------------------------------------
Acceptance Ratio (from combined hist): 0.0001109455
Acceptance Ratio (from global spline): 0.0001172815
----------------------------------------
FINAL Epsilon = Flux Ratio * Splined Acc Ratio
              = 1.7816917785 * 0.0001172815
              = 0.0002089595
/**************************************/




/********** DEBUGGING OUTPUT (BIN 17) **********/
Channel: N14 -> B10, Detector: AGL
Energy (ek/n): 10.5565612202 GeV/n
----------------------------------------
--- Acceptance Calculation Details ---
Scale Factor (3.9^2 * Pi): 47.7836242611
Acc(Y): 
  Raw Events: 124449.0000000000 (from /eos/user/z/zixuan/Isotope/Add/B10_w1_frag5.root)
  MC Flux:    177270201.1223996878
  => Calculated Acc(Y) = (Events/Flux)*Scale = 0.0335455379
Acc(XfragY): 
  Raw Events: 16.0000000000 (from /eos/user/z/zixuan/Isotope/Add/N14_w1_frag5.root)
  MC Flux:    177516574.8690378666
  => Calculated Acc(XfragY) = (Events/Flux)*Scale = 0.0000043069
----------------------------------------
--- Epsilon Calculation Details ---
Flux(N14) at 10.5565612202 GeV/n:   0.0038838111
Flux(B10) at 10.5565612202 GeV/n: 0.0021112245
=> Flux Ratio (X/Y) from TF1:  1.8396011590
----------------------------------------
Acceptance Ratio (from combined hist): 0.0001283883
Acceptance Ratio (from global spline): 0.0001174081
----------------------------------------
FINAL Epsilon = Flux Ratio * Splined Acc Ratio
              = 1.8396011590 * 0.0001174081
              = 0.0002159841
/**************************************/




/********** DEBUGGING OUTPUT (BIN 18) **********/
Channel: N14 -> B10, Detector: AGL
Energy (ek/n): 12.4760880858 GeV/n
----------------------------------------
--- Acceptance Calculation Details ---
Scale Factor (3.9^2 * Pi): 47.7836242611
Acc(Y): 
  Raw Events: 121376.0000000000 (from /eos/user/z/zixuan/Isotope/Add/B10_w1_frag5.root)
  MC Flux:    172816159.8331908286
  => Calculated Acc(Y) = (Events/Flux)*Scale = 0.0335604331
Acc(XfragY): 
  Raw Events: 14.0000000000 (from /eos/user/z/zixuan/Isotope/Add/N14_w1_frag5.root)
  MC Flux:    173056343.2622618675
  => Calculated Acc(XfragY) = (Events/Flux)*Scale = 0.0000038656
----------------------------------------
--- Epsilon Calculation Details ---
Flux(N14) at 12.4760880858 GeV/n:   0.0025162837
Flux(B10) at 12.4760880858 GeV/n: 0.0013225396
=> Flux Ratio (X/Y) from TF1:  1.9026150441
----------------------------------------
Acceptance Ratio (from combined hist): 0.0001151840
Acceptance Ratio (from global spline): 0.0001104293
----------------------------------------
FINAL Epsilon = Flux Ratio * Splined Acc Ratio
              = 1.9026150441 * 0.0001104293
              = 0.0002101045
/**************************************/




/********** DEBUGGING OUTPUT (BIN 19) **********/
Channel: N14 -> B10, Detector: AGL
Energy (ek/n): 14.6714890086 GeV/n
----------------------------------------
--- Acceptance Calculation Details ---
Scale Factor (3.9^2 * Pi): 47.7836242611
Acc(Y): 
  Raw Events: 119139.0000000000 (from /eos/user/z/zixuan/Isotope/Add/B10_w1_frag5.root)
  MC Flux:    170113063.5930935740
  => Calculated Acc(Y) = (Events/Flux)*Scale = 0.0334653500
Acc(XfragY): 
  Raw Events: 11.0000000000 (from /eos/user/z/zixuan/Isotope/Add/N14_w1_frag5.root)
  MC Flux:    170349490.2037938237
  => Calculated Acc(XfragY) = (Events/Flux)*Scale = 0.0000030855
----------------------------------------
--- Epsilon Calculation Details ---
Flux(N14) at 14.6714890086 GeV/n:   0.0016280305
Flux(B10) at 14.6714890086 GeV/n: 0.0008377115
=> Flux Ratio (X/Y) from TF1:  1.9434262098
----------------------------------------
Acceptance Ratio (from combined hist): 0.0000922010
Acceptance Ratio (from global spline): 0.0001031871
----------------------------------------
FINAL Epsilon = Flux Ratio * Splined Acc Ratio
              = 1.9434262098 * 0.0001031871
              = 0.0002005365
/**************************************/




/********** DEBUGGING OUTPUT (BIN 20) **********/
Channel: N14 -> B10, Detector: AGL
Energy (ek/n): 17.1925871018 GeV/n
----------------------------------------
--- Acceptance Calculation Details ---
Scale Factor (3.9^2 * Pi): 47.7836242611
Acc(Y): 
  Raw Events: 118369.0000000000 (from /eos/user/z/zixuan/Isotope/Add/B10_w1_frag5.root)
  MC Flux:    168176136.3474429846
  => Calculated Acc(Y) = (Events/Flux)*Scale = 0.0336320000
Acc(XfragY): 
  Raw Events: 13.0000000000 (from /eos/user/z/zixuan/Isotope/Add/N14_w1_frag5.root)
  MC Flux:    168409870.9770912230
  => Calculated Acc(XfragY) = (Events/Flux)*Scale = 0.0000036885
----------------------------------------
--- Epsilon Calculation Details ---
Flux(N14) at 17.1925871018 GeV/n:   0.0010633025
Flux(B10) at 17.1925871018 GeV/n: 0.0005369536
=> Flux Ratio (X/Y) from TF1:  1.9802503619
----------------------------------------
Acceptance Ratio (from combined hist): 0.0001096736
Acceptance Ratio (from global spline): 0.0001020695
----------------------------------------
FINAL Epsilon = Flux Ratio * Splined Acc Ratio
              = 1.9802503619 * 0.0001020695
              = 0.0002021231
/**************************************/




/********** DEBUGGING OUTPUT (BIN 21) **********/
Channel: N14 -> B10, Detector: AGL
Energy (ek/n): 20.0892620167 GeV/n
----------------------------------------
--- Acceptance Calculation Details ---
Scale Factor (3.9^2 * Pi): 47.7836242611
Acc(Y): 
  Raw Events: 117152.0000000000 (from /eos/user/z/zixuan/Isotope/Add/B10_w1_frag5.root)
  MC Flux:    166419735.7043049037
  => Calculated Acc(Y) = (Events/Flux)*Scale = 0.0336375198
Acc(XfragY): 
  Raw Events: 13.0000000000 (from /eos/user/z/zixuan/Isotope/Add/N14_w1_frag5.root)
  MC Flux:    166651029.2524609268
  => Calculated Acc(XfragY) = (Events/Flux)*Scale = 0.0000037275
----------------------------------------
--- Epsilon Calculation Details ---
Flux(N14) at 20.0892620167 GeV/n:   0.0006980497
Flux(B10) at 20.0892620167 GeV/n: 0.0003403264
=> Flux Ratio (X/Y) from TF1:  2.0511181810
----------------------------------------
Acceptance Ratio (from combined hist): 0.0001108129
Acceptance Ratio (from global spline): 0.0001127461
----------------------------------------
FINAL Epsilon = Flux Ratio * Splined Acc Ratio
              = 2.0511181810 * 0.0001127461
              = 0.0002312556
/**************************************/


    INFO: Intermediate results saved to /eos/user/z/zixuan/Isotope/BkgEst/w1_results_N14_to_B10.pdf

>>> Processing channel: N15 -> B10...
 flux ratio at 1 GeV/n: 1.4765883764
  -- Detector: TOF --
  -- Detector: NaF --
  -- Detector: AGL --
****************************************
Minimizer is Minuit2 / Migrad
Chi2                      = 5.5967534441
NDf                       =           10
Edm                       = 0.0000004579
NCalls                    =          283
p0                        = 0.0005272388   +/-   0.0000308305
p1                        = 0.0003404119   +/-   0.0000244859
p2                        = 0.0001753589   +/-   0.0000398484
p3                        = 0.0000940082   +/-   0.0000217666
p4                        = 0.0001222183   +/-   0.0000174860
p5                        = 0.0000461480   +/-   0.0000127663
p6                        = 0.0001281896   +/-   0.0001945372
p7                        = -0.0000312152   +/-   0.0007343707
p8                        = 0.0000941777   +/-   0.0022156330


/********** DEBUGGING OUTPUT (BIN 3) **********/
Channel: N15 -> B10, Detector: TOF
Energy (ek/n): 0.3368463841 GeV/n
----------------------------------------
--- Acceptance Calculation Details ---
Scale Factor (3.9^2 * Pi): 47.7836242611
Acc(Y): 
  Raw Events: 371012.0000000000 (from /eos/user/z/zixuan/Isotope/Add/B10_w1_frag5.root)
  MC Flux:    270316773.4687929153
  => Calculated Acc(Y) = (Events/Flux)*Scale = 0.0655834182
Acc(XfragY): 
  Raw Events: 220.0000000000 (from /eos/user/z/zixuan/Isotope/Add/N15_w1_frag5.root)
  MC Flux:    300457445.0453983545
  => Calculated Acc(XfragY) = (Events/Flux)*Scale = 0.0000349880
----------------------------------------
--- Epsilon Calculation Details ---
Flux(N15) at 0.3368463841 GeV/n:   0.9463337766
Flux(B10) at 0.3368463841 GeV/n: 0.6241543378
=> Flux Ratio (X/Y) from TF1:  1.5161855319
----------------------------------------
Acceptance Ratio (from combined hist): 0.0005334881
Acceptance Ratio (from global spline): 0.0005270668
----------------------------------------
FINAL Epsilon = Flux Ratio * Splined Acc Ratio
              = 1.5161855319 * 0.0005270668
              = 0.0007991310
/**************************************/




/********** DEBUGGING OUTPUT (BIN 4) **********/
Channel: N15 -> B10, Detector: TOF
Energy (ek/n): 0.4968766615 GeV/n
----------------------------------------
--- Acceptance Calculation Details ---
Scale Factor (3.9^2 * Pi): 47.7836242611
Acc(Y): 
  Raw Events: 343070.0000000000 (from /eos/user/z/zixuan/Isotope/Add/B10_w1_frag5.root)
  MC Flux:    251105511.3824158311
  => Calculated Acc(Y) = (Events/Flux)*Scale = 0.0652838239
Acc(XfragY): 
  Raw Events: 181.0000000000 (from /eos/user/z/zixuan/Isotope/Add/N15_w1_frag5.root)
  MC Flux:    279104102.2672202587
  => Calculated Acc(XfragY) = (Events/Flux)*Scale = 0.0000309878
----------------------------------------
--- Epsilon Calculation Details ---
Flux(N15) at 0.4968766615 GeV/n:   0.6613844464
Flux(B10) at 0.4968766615 GeV/n: 0.4380937273
=> Flux Ratio (X/Y) from TF1:  1.5096870948
----------------------------------------
Acceptance Ratio (from combined hist): 0.0004746635
Acceptance Ratio (from global spline): 0.0004705450
----------------------------------------
FINAL Epsilon = Flux Ratio * Splined Acc Ratio
              = 1.5096870948 * 0.0004705450
              = 0.0007103757
/**************************************/




/********** DEBUGGING OUTPUT (BIN 5) **********/
Channel: N15 -> B10, Detector: TOF
Energy (ek/n): 0.7045414310 GeV/n
----------------------------------------
--- Acceptance Calculation Details ---
Scale Factor (3.9^2 * Pi): 47.7836242611
Acc(Y): 
  Raw Events: 313333.0000000000 (from /eos/user/z/zixuan/Isotope/Add/B10_w1_frag5.root)
  MC Flux:    239795775.0750258863
  => Calculated Acc(Y) = (Events/Flux)*Scale = 0.0624372399
Acc(XfragY): 
  Raw Events: 122.0000000000 (from /eos/user/z/zixuan/Isotope/Add/N15_w1_frag5.root)
  MC Flux:    266533315.6621186137
  => Calculated Acc(XfragY) = (Events/Flux)*Scale = 0.0000218719
----------------------------------------
--- Epsilon Calculation Details ---
Flux(N15) at 0.7045414310 GeV/n:   0.5056970681
Flux(B10) at 0.7045414310 GeV/n: 0.3373285052
=> Flux Ratio (X/Y) from TF1:  1.4991234369
----------------------------------------
Acceptance Ratio (from combined hist): 0.0003503029
Acceptance Ratio (from global spline): 0.0003684060
----------------------------------------
FINAL Epsilon = Flux Ratio * Splined Acc Ratio
              = 1.4991234369 * 0.0003684060
              = 0.0005522860
/**************************************/




/********** DEBUGGING OUTPUT (BIN 6) **********/
Channel: N15 -> B10, Detector: TOF
Energy (ek/n): 0.9672506104 GeV/n
----------------------------------------
--- Acceptance Calculation Details ---
Scale Factor (3.9^2 * Pi): 47.7836242611
Acc(Y): 
  Raw Events: 291271.0000000000 (from /eos/user/z/zixuan/Isotope/Add/B10_w1_frag5.root)
  MC Flux:    228912361.3222438693
  => Calculated Acc(Y) = (Events/Flux)*Scale = 0.0608004913
Acc(XfragY): 
  Raw Events: 98.0000000000 (from /eos/user/z/zixuan/Isotope/Add/N15_w1_frag5.root)
  MC Flux:    254436387.1305629909
  => Calculated Acc(XfragY) = (Events/Flux)*Scale = 0.0000184046
----------------------------------------
--- Epsilon Calculation Details ---
Flux(N15) at 0.9672506104 GeV/n:   0.3601010089
Flux(B10) at 0.9672506104 GeV/n: 0.2436031774
=> Flux Ratio (X/Y) from TF1:  1.4782278814
----------------------------------------
Acceptance Ratio (from combined hist): 0.0003027045
Acceptance Ratio (from global spline): 0.0002717606
----------------------------------------
FINAL Epsilon = Flux Ratio * Splined Acc Ratio
              = 1.4782278814 * 0.0002717606
              = 0.0004017241
/**************************************/




/********** DEBUGGING OUTPUT (BIN 7) **********/
Channel: N15 -> B10, Detector: NaF
Energy (ek/n): 1.2922125341 GeV/n
----------------------------------------
--- Acceptance Calculation Details ---
Scale Factor (3.9^2 * Pi): 47.7836242611
Acc(Y): 
  Raw Events: 24832.0000000000 (from /eos/user/z/zixuan/Isotope/Add/B10_w1_frag5.root)
  MC Flux:    221028639.7586697340
  => Calculated Acc(Y) = (Events/Flux)*Scale = 0.0053683675
Acc(XfragY): 
  Raw Events: 4.0000000000 (from /eos/user/z/zixuan/Isotope/Add/N15_w1_frag5.root)
  MC Flux:    245673620.3660572171
  => Calculated Acc(XfragY) = (Events/Flux)*Scale = 0.0000007780
----------------------------------------
--- Epsilon Calculation Details ---
Flux(N15) at 1.2922125341 GeV/n:   0.2643590385
Flux(B10) at 1.2922125341 GeV/n: 0.1795368388
=> Flux Ratio (X/Y) from TF1:  1.4724501130
----------------------------------------
Acceptance Ratio (from combined hist): 0.0001449233
Acceptance Ratio (from global spline): 0.0001952766
----------------------------------------
FINAL Epsilon = Flux Ratio * Splined Acc Ratio
              = 1.4724501130 * 0.0001952766
              = 0.0002875350
/**************************************/




/********** DEBUGGING OUTPUT (BIN 8) **********/
Channel: N15 -> B10, Detector: NaF
Energy (ek/n): 1.6909447265 GeV/n
----------------------------------------
--- Acceptance Calculation Details ---
Scale Factor (3.9^2 * Pi): 47.7836242611
Acc(Y): 
  Raw Events: 23939.0000000000 (from /eos/user/z/zixuan/Isotope/Add/B10_w1_frag5.root)
  MC Flux:    216541381.2514206767
  => Calculated Acc(Y) = (Events/Flux)*Scale = 0.0052825570
Acc(XfragY): 
  Raw Events: 4.0000000000 (from /eos/user/z/zixuan/Isotope/Add/N15_w1_frag5.root)
  MC Flux:    240686026.7030910552
  => Calculated Acc(XfragY) = (Events/Flux)*Scale = 0.0000007941
----------------------------------------
--- Epsilon Calculation Details ---
Flux(N15) at 1.6909447265 GeV/n:   0.1827408793
Flux(B10) at 1.6909447265 GeV/n: 0.1233111412
=> Flux Ratio (X/Y) from TF1:  1.4819494617
----------------------------------------
Acceptance Ratio (from combined hist): 0.0001503294
Acceptance Ratio (from global spline): 0.0001395774
----------------------------------------
FINAL Epsilon = Flux Ratio * Splined Acc Ratio
              = 1.4819494617 * 0.0001395774
              = 0.0002068467
/**************************************/




/********** DEBUGGING OUTPUT (BIN 9) **********/
Channel: N15 -> B10, Detector: NaF
Energy (ek/n): 2.1727158116 GeV/n
----------------------------------------
--- Acceptance Calculation Details ---
Scale Factor (3.9^2 * Pi): 47.7836242611
Acc(Y): 
  Raw Events: 23455.0000000000 (from /eos/user/z/zixuan/Isotope/Add/B10_w1_frag5.root)
  MC Flux:    209699360.6967535913
  => Calculated Acc(Y) = (Events/Flux)*Scale = 0.0053446272
Acc(XfragY): 
  Raw Events: 2.0000000000 (from /eos/user/z/zixuan/Isotope/Add/N15_w1_frag5.root)
  MC Flux:    233081111.9639005065
  => Calculated Acc(XfragY) = (Events/Flux)*Scale = 0.0000004100
----------------------------------------
--- Epsilon Calculation Details ---
Flux(N15) at 2.1727158116 GeV/n:   0.1223238031
Flux(B10) at 2.1727158116 GeV/n: 0.0806510040
=> Flux Ratio (X/Y) from TF1:  1.5167052739
----------------------------------------
Acceptance Ratio (from combined hist): 0.0000767158
Acceptance Ratio (from global spline): 0.0001051896
----------------------------------------
FINAL Epsilon = Flux Ratio * Splined Acc Ratio
              = 1.5167052739 * 0.0001051896
              = 0.0001595416
/**************************************/




/********** DEBUGGING OUTPUT (BIN 10) **********/
Channel: N15 -> B10, Detector: NaF
Energy (ek/n): 2.7468447478 GeV/n
----------------------------------------
--- Acceptance Calculation Details ---
Scale Factor (3.9^2 * Pi): 47.7836242611
Acc(Y): 
  Raw Events: 22955.0000000000 (from /eos/user/z/zixuan/Isotope/Add/B10_w1_frag5.root)
  MC Flux:    204588234.8093575835
  => Calculated Acc(Y) = (Events/Flux)*Scale = 0.0053613694
Acc(XfragY): 
  Raw Events: 3.0000000000 (from /eos/user/z/zixuan/Isotope/Add/N15_w1_frag5.root)
  MC Flux:    227400088.8970512450
  => Calculated Acc(XfragY) = (Events/Flux)*Scale = 0.0000006304
----------------------------------------
--- Epsilon Calculation Details ---
Flux(N15) at 2.7468447478 GeV/n:   0.0790148422
Flux(B10) at 2.7468447478 GeV/n: 0.0507246965
=> Flux Ratio (X/Y) from TF1:  1.5577193687
----------------------------------------
Acceptance Ratio (from combined hist): 0.0001175801
Acceptance Ratio (from global spline): 0.0000918911
----------------------------------------
FINAL Epsilon = Flux Ratio * Splined Acc Ratio
              = 1.5577193687 * 0.0000918911
              = 0.0001431406
/**************************************/




/********** DEBUGGING OUTPUT (BIN 11) **********/
Channel: N15 -> B10, Detector: AGL
Energy (ek/n): 3.4250117177 GeV/n
----------------------------------------
--- Acceptance Calculation Details ---
Scale Factor (3.9^2 * Pi): 47.7836242611
Acc(Y): 
  Raw Events: 132207.0000000000 (from /eos/user/z/zixuan/Isotope/Add/B10_w1_frag5.root)
  MC Flux:    198866587.0971700847
  => Calculated Acc(Y) = (Events/Flux)*Scale = 0.0317666718
Acc(XfragY): 
  Raw Events: 14.0000000000 (from /eos/user/z/zixuan/Isotope/Add/N15_w1_frag5.root)
  MC Flux:    221040470.0284425318
  => Calculated Acc(XfragY) = (Events/Flux)*Scale = 0.0000030265
----------------------------------------
--- Epsilon Calculation Details ---
Flux(N15) at 3.4250117177 GeV/n:   0.0514629550
Flux(B10) at 3.4250117177 GeV/n: 0.0324351391
=> Flux Ratio (X/Y) from TF1:  1.5866420290
----------------------------------------
Acceptance Ratio (from combined hist): 0.0000952716
Acceptance Ratio (from global spline): 0.0000987601
----------------------------------------
FINAL Epsilon = Flux Ratio * Splined Acc Ratio
              = 1.5866420290 * 0.0000987601
              = 0.0001566969
/**************************************/




/********** DEBUGGING OUTPUT (BIN 12) **********/
Channel: N15 -> B10, Detector: AGL
Energy (ek/n): 4.2190486071 GeV/n
----------------------------------------
--- Acceptance Calculation Details ---
Scale Factor (3.9^2 * Pi): 47.7836242611
Acc(Y): 
  Raw Events: 131977.0000000000 (from /eos/user/z/zixuan/Isotope/Add/B10_w1_frag5.root)
  MC Flux:    193768384.2470802963
  => Calculated Acc(Y) = (Events/Flux)*Scale = 0.0325457603
Acc(XfragY): 
  Raw Events: 17.0000000000 (from /eos/user/z/zixuan/Isotope/Add/N15_w1_frag5.root)
  MC Flux:    215373810.9343554378
  => Calculated Acc(XfragY) = (Events/Flux)*Scale = 0.0000037717
----------------------------------------
--- Epsilon Calculation Details ---
Flux(N15) at 4.2190486071 GeV/n:   0.0331087165
Flux(B10) at 4.2190486071 GeV/n: 0.0205233631
=> Flux Ratio (X/Y) from TF1:  1.6132208181
----------------------------------------
Acceptance Ratio (from combined hist): 0.0001158886
Acceptance Ratio (from global spline): 0.0001159869
----------------------------------------
FINAL Epsilon = Flux Ratio * Splined Acc Ratio
              = 1.6132208181 * 0.0001159869
              = 0.0001871125
/**************************************/




/********** DEBUGGING OUTPUT (BIN 13) **********/
Channel: N15 -> B10, Detector: AGL
Energy (ek/n): 5.1408648843 GeV/n
----------------------------------------
--- Acceptance Calculation Details ---
Scale Factor (3.9^2 * Pi): 47.7836242611
Acc(Y): 
  Raw Events: 129485.0000000000 (from /eos/user/z/zixuan/Isotope/Add/B10_w1_frag5.root)
  MC Flux:    187987513.4675004482
  => Calculated Acc(Y) = (Events/Flux)*Scale = 0.0329131572
Acc(XfragY): 
  Raw Events: 22.0000000000 (from /eos/user/z/zixuan/Isotope/Add/N15_w1_frag5.root)
  MC Flux:    208948365.5493661463
  => Calculated Acc(XfragY) = (Events/Flux)*Scale = 0.0000050311
----------------------------------------
--- Epsilon Calculation Details ---
Flux(N15) at 5.1408648843 GeV/n:   0.0216186832
Flux(B10) at 5.1408648843 GeV/n: 0.0131383666
=> Flux Ratio (X/Y) from TF1:  1.6454620108
----------------------------------------
Acceptance Ratio (from combined hist): 0.0001528598
Acceptance Ratio (from global spline): 0.0001249887
----------------------------------------
FINAL Epsilon = Flux Ratio * Splined Acc Ratio
              = 1.6454620108 * 0.0001249887
              = 0.0002056641
/**************************************/




/********** DEBUGGING OUTPUT (BIN 14) **********/
Channel: N15 -> B10, Detector: AGL
Energy (ek/n): 6.2049547931 GeV/n
----------------------------------------
--- Acceptance Calculation Details ---
Scale Factor (3.9^2 * Pi): 47.7836242611
Acc(Y): 
  Raw Events: 127629.0000000000 (from /eos/user/z/zixuan/Isotope/Add/B10_w1_frag5.root)
  MC Flux:    183316789.2804981470
  => Calculated Acc(Y) = (Events/Flux)*Scale = 0.0332679631
Acc(XfragY): 
  Raw Events: 15.0000000000 (from /eos/user/z/zixuan/Isotope/Add/N15_w1_frag5.root)
  MC Flux:    203756849.5449020267
  => Calculated Acc(XfragY) = (Events/Flux)*Scale = 0.0000035177
----------------------------------------
--- Epsilon Calculation Details ---
Flux(N15) at 6.2049547931 GeV/n:   0.0141850453
Flux(B10) at 6.2049547931 GeV/n: 0.0083626295
=> Flux Ratio (X/Y) from TF1:  1.6962422258
----------------------------------------
Acceptance Ratio (from combined hist): 0.0001057382
Acceptance Ratio (from global spline): 0.0001124283
----------------------------------------
FINAL Epsilon = Flux Ratio * Splined Acc Ratio
              = 1.6962422258 * 0.0001124283
              = 0.0001907057
/**************************************/




/********** DEBUGGING OUTPUT (BIN 15) **********/
Channel: N15 -> B10, Detector: AGL
Energy (ek/n): 7.4457899798 GeV/n
----------------------------------------
--- Acceptance Calculation Details ---
Scale Factor (3.9^2 * Pi): 47.7836242611
Acc(Y): 
  Raw Events: 127914.0000000000 (from /eos/user/z/zixuan/Isotope/Add/B10_w1_frag5.root)
  MC Flux:    182884061.2265676260
  => Calculated Acc(Y) = (Events/Flux)*Scale = 0.0334211438
Acc(XfragY): 
  Raw Events: 9.0000000000 (from /eos/user/z/zixuan/Isotope/Add/N15_w1_frag5.root)
  MC Flux:    203275871.7505346537
  => Calculated Acc(XfragY) = (Events/Flux)*Scale = 0.0000021156
----------------------------------------
--- Epsilon Calculation Details ---
Flux(N15) at 7.4457899798 GeV/n:   0.0091983207
Flux(B10) at 7.4457899798 GeV/n: 0.0052771538
=> Flux Ratio (X/Y) from TF1:  1.7430457855
----------------------------------------
Acceptance Ratio (from combined hist): 0.0000633016
Acceptance Ratio (from global spline): 0.0000834185
----------------------------------------
FINAL Epsilon = Flux Ratio * Splined Acc Ratio
              = 1.7430457855 * 0.0000834185
              = 0.0001454023
/**************************************/




/********** DEBUGGING OUTPUT (BIN 16) **********/
Channel: N15 -> B10, Detector: AGL
Energy (ek/n): 8.8880598677 GeV/n
----------------------------------------
--- Acceptance Calculation Details ---
Scale Factor (3.9^2 * Pi): 47.7836242611
Acc(Y): 
  Raw Events: 126013.0000000000 (from /eos/user/z/zixuan/Isotope/Add/B10_w1_frag5.root)
  MC Flux:    178813089.5472681522
  => Calculated Acc(Y) = (Events/Flux)*Scale = 0.0336740328
Acc(XfragY): 
  Raw Events: 12.0000000000 (from /eos/user/z/zixuan/Isotope/Add/N15_w1_frag5.root)
  MC Flux:    198750981.4378894567
  => Calculated Acc(XfragY) = (Events/Flux)*Scale = 0.0000028850
----------------------------------------
--- Epsilon Calculation Details ---
Flux(N15) at 8.8880598677 GeV/n:   0.0059620302
Flux(B10) at 8.8880598677 GeV/n: 0.0033462747
=> Flux Ratio (X/Y) from TF1:  1.7816917785
----------------------------------------
Acceptance Ratio (from combined hist): 0.0000856754
Acceptance Ratio (from global spline): 0.0000559294
----------------------------------------
FINAL Epsilon = Flux Ratio * Splined Acc Ratio
              = 1.7816917785 * 0.0000559294
              = 0.0000996489
/**************************************/




/********** DEBUGGING OUTPUT (BIN 17) **********/
Channel: N15 -> B10, Detector: AGL
Energy (ek/n): 10.5565612202 GeV/n
----------------------------------------
--- Acceptance Calculation Details ---
Scale Factor (3.9^2 * Pi): 47.7836242611
Acc(Y): 
  Raw Events: 124449.0000000000 (from /eos/user/z/zixuan/Isotope/Add/B10_w1_frag5.root)
  MC Flux:    177270201.1223996878
  => Calculated Acc(Y) = (Events/Flux)*Scale = 0.0335455379
Acc(XfragY): 
  Raw Events: 6.0000000000 (from /eos/user/z/zixuan/Isotope/Add/N15_w1_frag5.root)
  MC Flux:    197036058.9483326674
  => Calculated Acc(XfragY) = (Events/Flux)*Scale = 0.0000014551
----------------------------------------
--- Epsilon Calculation Details ---
Flux(N15) at 10.5565612202 GeV/n:   0.0038838111
Flux(B10) at 10.5565612202 GeV/n: 0.0021112245
=> Flux Ratio (X/Y) from TF1:  1.8396011590
----------------------------------------
Acceptance Ratio (from combined hist): 0.0000433760
Acceptance Ratio (from global spline): 0.0000454056
----------------------------------------
FINAL Epsilon = Flux Ratio * Splined Acc Ratio
              = 1.8396011590 * 0.0000454056
              = 0.0000835282
/**************************************/




/********** DEBUGGING OUTPUT (BIN 18) **********/
Channel: N15 -> B10, Detector: AGL
Energy (ek/n): 12.4760880858 GeV/n
----------------------------------------
--- Acceptance Calculation Details ---
Scale Factor (3.9^2 * Pi): 47.7836242611
Acc(Y): 
  Raw Events: 121376.0000000000 (from /eos/user/z/zixuan/Isotope/Add/B10_w1_frag5.root)
  MC Flux:    172816159.8331908286
  => Calculated Acc(Y) = (Events/Flux)*Scale = 0.0335604331
Acc(XfragY): 
  Raw Events: 7.0000000000 (from /eos/user/z/zixuan/Isotope/Add/N15_w1_frag5.root)
  MC Flux:    192085386.2663915157
  => Calculated Acc(XfragY) = (Events/Flux)*Scale = 0.0000017413
----------------------------------------
--- Epsilon Calculation Details ---
Flux(N15) at 12.4760880858 GeV/n:   0.0025162837
Flux(B10) at 12.4760880858 GeV/n: 0.0013225396
=> Flux Ratio (X/Y) from TF1:  1.9026150441
----------------------------------------
Acceptance Ratio (from combined hist): 0.0000518866
Acceptance Ratio (from global spline): 0.0000564562
----------------------------------------
FINAL Epsilon = Flux Ratio * Splined Acc Ratio
              = 1.9026150441 * 0.0000564562
              = 0.0001074144
/**************************************/




/********** DEBUGGING OUTPUT (BIN 19) **********/
Channel: N15 -> B10, Detector: AGL
Energy (ek/n): 14.6714890086 GeV/n
----------------------------------------
--- Acceptance Calculation Details ---
Scale Factor (3.9^2 * Pi): 47.7836242611
Acc(Y): 
  Raw Events: 119139.0000000000 (from /eos/user/z/zixuan/Isotope/Add/B10_w1_frag5.root)
  MC Flux:    170113063.5930935740
  => Calculated Acc(Y) = (Events/Flux)*Scale = 0.0334653500
Acc(XfragY): 
  Raw Events: 11.0000000000 (from /eos/user/z/zixuan/Isotope/Add/N15_w1_frag5.root)
  MC Flux:    189080891.2822679281
  => Calculated Acc(XfragY) = (Events/Flux)*Scale = 0.0000027799
----------------------------------------
--- Epsilon Calculation Details ---
Flux(N15) at 14.6714890086 GeV/n:   0.0016280305
Flux(B10) at 14.6714890086 GeV/n: 0.0008377115
=> Flux Ratio (X/Y) from TF1:  1.9434262098
----------------------------------------
Acceptance Ratio (from combined hist): 0.0000830670
Acceptance Ratio (from global spline): 0.0000799947
----------------------------------------
FINAL Epsilon = Flux Ratio * Splined Acc Ratio
              = 1.9434262098 * 0.0000799947
              = 0.0001554637
/**************************************/




/********** DEBUGGING OUTPUT (BIN 20) **********/
Channel: N15 -> B10, Detector: AGL
Energy (ek/n): 17.1925871018 GeV/n
----------------------------------------
--- Acceptance Calculation Details ---
Scale Factor (3.9^2 * Pi): 47.7836242611
Acc(Y): 
  Raw Events: 118369.0000000000 (from /eos/user/z/zixuan/Isotope/Add/B10_w1_frag5.root)
  MC Flux:    168176136.3474429846
  => Calculated Acc(Y) = (Events/Flux)*Scale = 0.0336320000
Acc(XfragY): 
  Raw Events: 14.0000000000 (from /eos/user/z/zixuan/Isotope/Add/N15_w1_frag5.root)
  MC Flux:    186927994.1312733293
  => Calculated Acc(XfragY) = (Events/Flux)*Scale = 0.0000035788
----------------------------------------
--- Epsilon Calculation Details ---
Flux(N15) at 17.1925871018 GeV/n:   0.0010633025
Flux(B10) at 17.1925871018 GeV/n: 0.0005369536
=> Flux Ratio (X/Y) from TF1:  1.9802503619
----------------------------------------
Acceptance Ratio (from combined hist): 0.0001064094
Acceptance Ratio (from global spline): 0.0001074263
----------------------------------------
FINAL Epsilon = Flux Ratio * Splined Acc Ratio
              = 1.9802503619 * 0.0001074263
              = 0.0002127310
/**************************************/




/********** DEBUGGING OUTPUT (BIN 21) **********/
Channel: N15 -> B10, Detector: AGL
Energy (ek/n): 20.0892620167 GeV/n
----------------------------------------
--- Acceptance Calculation Details ---
Scale Factor (3.9^2 * Pi): 47.7836242611
Acc(Y): 
  Raw Events: 117152.0000000000 (from /eos/user/z/zixuan/Isotope/Add/B10_w1_frag5.root)
  MC Flux:    166419735.7043049037
  => Calculated Acc(Y) = (Events/Flux)*Scale = 0.0336375198
Acc(XfragY): 
  Raw Events: 17.0000000000 (from /eos/user/z/zixuan/Isotope/Add/N15_w1_frag5.root)
  MC Flux:    184975752.5336045027
  => Calculated Acc(XfragY) = (Events/Flux)*Scale = 0.0000043915
----------------------------------------
--- Epsilon Calculation Details ---
Flux(N15) at 20.0892620167 GeV/n:   0.0006980497
Flux(B10) at 20.0892620167 GeV/n: 0.0003403264
=> Flux Ratio (X/Y) from TF1:  2.0511181810
----------------------------------------
Acceptance Ratio (from combined hist): 0.0001305537
Acceptance Ratio (from global spline): 0.0001312592
----------------------------------------
FINAL Epsilon = Flux Ratio * Splined Acc Ratio
              = 2.0511181810 * 0.0001312592
              = 0.0002692281
/**************************************/


    INFO: Intermediate results saved to /eos/user/z/zixuan/Isotope/BkgEst/w1_results_N15_to_B10.pdf

>>> Processing channel: O16 -> B10...
 flux ratio at 1 GeV/n: 10.1858040590
  -- Detector: TOF --
  -- Detector: NaF --
  -- Detector: AGL --
****************************************
Minimizer is Minuit2 / Migrad
Chi2                      = 13.7063816359
NDf                       =           10
Edm                       = 0.0000067162
NCalls                    =          281
p0                        = 0.0003930148   +/-   0.0000303985
p1                        = 0.0002218639   +/-   0.0000233110
p2                        = 0.0000854919   +/-   0.0000367708
p3                        = 0.0000783047   +/-   0.0000207645
p4                        = 0.0000783518   +/-   0.0000176711
p5                        = 0.0000569337   +/-   0.0000159616
p6                        = -0.0000411652   +/-   0.0001971974
p7                        = -0.0001638201   +/-   0.0007489606
p8                        = 0.0004942532   +/-   0.0022596514


/********** DEBUGGING OUTPUT (BIN 3) **********/
Channel: O16 -> B10, Detector: TOF
Energy (ek/n): 0.3368463841 GeV/n
----------------------------------------
--- Acceptance Calculation Details ---
Scale Factor (3.9^2 * Pi): 47.7836242611
Acc(Y): 
  Raw Events: 371012.0000000000 (from /eos/user/z/zixuan/Isotope/Add/B10_w1_frag5.root)
  MC Flux:    270316773.4687929153
  => Calculated Acc(Y) = (Events/Flux)*Scale = 0.0655834182
Acc(XfragY): 
  Raw Events: 130.0000000000 (from /eos/user/z/zixuan/Isotope/Add/O16_w1_frag5.root)
  MC Flux:    230226895.2462744713
  => Calculated Acc(XfragY) = (Events/Flux)*Scale = 0.0000269815
----------------------------------------
--- Epsilon Calculation Details ---
Flux(O16) at 0.3368463841 GeV/n:   6.6924725674
Flux(B10) at 0.3368463841 GeV/n: 0.6241543378
=> Flux Ratio (X/Y) from TF1:  10.7224642400
----------------------------------------
Acceptance Ratio (from combined hist): 0.0004114076
Acceptance Ratio (from global spline): 0.0003928576
----------------------------------------
FINAL Epsilon = Flux Ratio * Splined Acc Ratio
              = 10.7224642400 * 0.0003928576
              = 0.0042124020
/**************************************/




/********** DEBUGGING OUTPUT (BIN 4) **********/
Channel: O16 -> B10, Detector: TOF
Energy (ek/n): 0.4968766615 GeV/n
----------------------------------------
--- Acceptance Calculation Details ---
Scale Factor (3.9^2 * Pi): 47.7836242611
Acc(Y): 
  Raw Events: 343070.0000000000 (from /eos/user/z/zixuan/Isotope/Add/B10_w1_frag5.root)
  MC Flux:    251105511.3824158311
  => Calculated Acc(Y) = (Events/Flux)*Scale = 0.0652838239
Acc(XfragY): 
  Raw Events: 93.0000000000 (from /eos/user/z/zixuan/Isotope/Add/O16_w1_frag5.root)
  MC Flux:    213864798.4102097154
  => Calculated Acc(XfragY) = (Events/Flux)*Scale = 0.0000207789
----------------------------------------
--- Epsilon Calculation Details ---
Flux(O16) at 0.4968766615 GeV/n:   4.6507068433
Flux(B10) at 0.4968766615 GeV/n: 0.4380937273
=> Flux Ratio (X/Y) from TF1:  10.6157804913
----------------------------------------
Acceptance Ratio (from combined hist): 0.0003182857
Acceptance Ratio (from global spline): 0.0003411662
----------------------------------------
FINAL Epsilon = Flux Ratio * Splined Acc Ratio
              = 10.6157804913 * 0.0003411662
              = 0.0036217455
/**************************************/




/********** DEBUGGING OUTPUT (BIN 5) **********/
Channel: O16 -> B10, Detector: TOF
Energy (ek/n): 0.7045414310 GeV/n
----------------------------------------
--- Acceptance Calculation Details ---
Scale Factor (3.9^2 * Pi): 47.7836242611
Acc(Y): 
  Raw Events: 313333.0000000000 (from /eos/user/z/zixuan/Isotope/Add/B10_w1_frag5.root)
  MC Flux:    239795775.0750258863
  => Calculated Acc(Y) = (Events/Flux)*Scale = 0.0624372399
Acc(XfragY): 
  Raw Events: 70.0000000000 (from /eos/user/z/zixuan/Isotope/Add/O16_w1_frag5.root)
  MC Flux:    204232375.5209761262
  => Calculated Acc(XfragY) = (Events/Flux)*Scale = 0.0000163777
----------------------------------------
--- Epsilon Calculation Details ---
Flux(O16) at 0.7045414310 GeV/n:   3.5331356129
Flux(B10) at 0.7045414310 GeV/n: 0.3373285052
=> Flux Ratio (X/Y) from TF1:  10.4738720807
----------------------------------------
Acceptance Ratio (from combined hist): 0.0002623064
Acceptance Ratio (from global spline): 0.0002475706
----------------------------------------
FINAL Epsilon = Flux Ratio * Splined Acc Ratio
              = 10.4738720807 * 0.0002475706
              = 0.0025930224
/**************************************/




/********** DEBUGGING OUTPUT (BIN 6) **********/
Channel: O16 -> B10, Detector: TOF
Energy (ek/n): 0.9672506104 GeV/n
----------------------------------------
--- Acceptance Calculation Details ---
Scale Factor (3.9^2 * Pi): 47.7836242611
Acc(Y): 
  Raw Events: 291271.0000000000 (from /eos/user/z/zixuan/Isotope/Add/B10_w1_frag5.root)
  MC Flux:    228912361.3222438693
  => Calculated Acc(Y) = (Events/Flux)*Scale = 0.0608004913
Acc(XfragY): 
  Raw Events: 42.0000000000 (from /eos/user/z/zixuan/Isotope/Add/O16_w1_frag5.root)
  MC Flux:    194963048.5538398027
  => Calculated Acc(XfragY) = (Events/Flux)*Scale = 0.0000102938
----------------------------------------
--- Epsilon Calculation Details ---
Flux(O16) at 0.9672506104 GeV/n:   2.4868551191
Flux(B10) at 0.9672506104 GeV/n: 0.2436031774
=> Flux Ratio (X/Y) from TF1:  10.2086316986
----------------------------------------
Acceptance Ratio (from combined hist): 0.0001693047
Acceptance Ratio (from global spline): 0.0001595326
----------------------------------------
FINAL Epsilon = Flux Ratio * Splined Acc Ratio
              = 10.2086316986 * 0.0001595326
              = 0.0016286094
/**************************************/




/********** DEBUGGING OUTPUT (BIN 7) **********/
Channel: O16 -> B10, Detector: NaF
Energy (ek/n): 1.2922125341 GeV/n
----------------------------------------
--- Acceptance Calculation Details ---
Scale Factor (3.9^2 * Pi): 47.7836242611
Acc(Y): 
  Raw Events: 24832.0000000000 (from /eos/user/z/zixuan/Isotope/Add/B10_w1_frag5.root)
  MC Flux:    221028639.7586697340
  => Calculated Acc(Y) = (Events/Flux)*Scale = 0.0053683675
Acc(XfragY): 
  Raw Events: 1.0000000000 (from /eos/user/z/zixuan/Isotope/Add/O16_w1_frag5.root)
  MC Flux:    188248538.3320857286
  => Calculated Acc(XfragY) = (Events/Flux)*Scale = 0.0000002538
----------------------------------------
--- Epsilon Calculation Details ---
Flux(O16) at 1.2922125341 GeV/n:   1.8122670363
Flux(B10) at 1.2922125341 GeV/n: 0.1795368388
=> Flux Ratio (X/Y) from TF1:  10.0941235723
----------------------------------------
Acceptance Ratio (from combined hist): 0.0000472830
Acceptance Ratio (from global spline): 0.0000980044
----------------------------------------
FINAL Epsilon = Flux Ratio * Splined Acc Ratio
              = 10.0941235723 * 0.0000980044
              = 0.0009892690
/**************************************/




/********** DEBUGGING OUTPUT (BIN 8) **********/
Channel: O16 -> B10, Detector: NaF
Energy (ek/n): 1.6909447265 GeV/n
----------------------------------------
--- Acceptance Calculation Details ---
Scale Factor (3.9^2 * Pi): 47.7836242611
Acc(Y): 
  Raw Events: 23939.0000000000 (from /eos/user/z/zixuan/Isotope/Add/B10_w1_frag5.root)
  MC Flux:    216541381.2514206767
  => Calculated Acc(Y) = (Events/Flux)*Scale = 0.0052825570
Acc(XfragY): 
  Raw Events: 4.0000000000 (from /eos/user/z/zixuan/Isotope/Add/O16_w1_frag5.root)
  MC Flux:    184426771.8133660555
  => Calculated Acc(XfragY) = (Events/Flux)*Scale = 0.0000010364
----------------------------------------
--- Epsilon Calculation Details ---
Flux(O16) at 1.6909447265 GeV/n:   1.2520259574
Flux(B10) at 1.6909447265 GeV/n: 0.1233111412
=> Flux Ratio (X/Y) from TF1:  10.1533887801
----------------------------------------
Acceptance Ratio (from combined hist): 0.0001961873
Acceptance Ratio (from global spline): 0.0000700029
----------------------------------------
FINAL Epsilon = Flux Ratio * Splined Acc Ratio
              = 10.1533887801 * 0.0000700029
              = 0.0007107664
/**************************************/




/********** DEBUGGING OUTPUT (BIN 9) **********/
Channel: O16 -> B10, Detector: NaF
Energy (ek/n): 2.1727158116 GeV/n
----------------------------------------
--- Acceptance Calculation Details ---
Scale Factor (3.9^2 * Pi): 47.7836242611
Acc(Y): 
  Raw Events: 23455.0000000000 (from /eos/user/z/zixuan/Isotope/Add/B10_w1_frag5.root)
  MC Flux:    209699360.6967535913
  => Calculated Acc(Y) = (Events/Flux)*Scale = 0.0053446272
Acc(XfragY): 
  Raw Events: 2.0000000000 (from /eos/user/z/zixuan/Isotope/Add/O16_w1_frag5.root)
  MC Flux:    178599471.0162364542
  => Calculated Acc(XfragY) = (Events/Flux)*Scale = 0.0000005351
----------------------------------------
--- Epsilon Calculation Details ---
Flux(O16) at 2.1727158116 GeV/n:   0.8526439760
Flux(B10) at 2.1727158116 GeV/n: 0.0806510040
=> Flux Ratio (X/Y) from TF1:  10.5720193688
----------------------------------------
Acceptance Ratio (from combined hist): 0.0001001178
Acceptance Ratio (from global spline): 0.0000664311
----------------------------------------
FINAL Epsilon = Flux Ratio * Splined Acc Ratio
              = 10.5720193688 * 0.0000664311
              = 0.0007023108
/**************************************/




/********** DEBUGGING OUTPUT (BIN 10) **********/
Channel: O16 -> B10, Detector: NaF
Energy (ek/n): 2.7468447478 GeV/n
----------------------------------------
--- Acceptance Calculation Details ---
Scale Factor (3.9^2 * Pi): 47.7836242611
Acc(Y): 
  Raw Events: 22955.0000000000 (from /eos/user/z/zixuan/Isotope/Add/B10_w1_frag5.root)
  MC Flux:    204588234.8093575835
  => Calculated Acc(Y) = (Events/Flux)*Scale = 0.0053613694
Acc(XfragY): 
  Raw Events: 3.0000000000 (from /eos/user/z/zixuan/Isotope/Add/O16_w1_frag5.root)
  MC Flux:    174246361.0365336835
  => Calculated Acc(XfragY) = (Events/Flux)*Scale = 0.0000008227
----------------------------------------
--- Epsilon Calculation Details ---
Flux(O16) at 2.7468447478 GeV/n:   0.5708365720
Flux(B10) at 2.7468447478 GeV/n: 0.0507246965
=> Flux Ratio (X/Y) from TF1:  11.2536222334
----------------------------------------
Acceptance Ratio (from combined hist): 0.0001534479
Acceptance Ratio (from global spline): 0.0000732412
----------------------------------------
FINAL Epsilon = Flux Ratio * Splined Acc Ratio
              = 11.2536222334 * 0.0000732412
              = 0.0008242288
/**************************************/




/********** DEBUGGING OUTPUT (BIN 11) **********/
Channel: O16 -> B10, Detector: AGL
Energy (ek/n): 3.4250117177 GeV/n
----------------------------------------
--- Acceptance Calculation Details ---
Scale Factor (3.9^2 * Pi): 47.7836242611
Acc(Y): 
  Raw Events: 132207.0000000000 (from /eos/user/z/zixuan/Isotope/Add/B10_w1_frag5.root)
  MC Flux:    198866587.0971700847
  => Calculated Acc(Y) = (Events/Flux)*Scale = 0.0317666718
Acc(XfragY): 
  Raw Events: 6.0000000000 (from /eos/user/z/zixuan/Isotope/Add/O16_w1_frag5.root)
  MC Flux:    169373273.9115057588
  => Calculated Acc(XfragY) = (Events/Flux)*Scale = 0.0000016927
----------------------------------------
--- Epsilon Calculation Details ---
Flux(O16) at 3.4250117177 GeV/n:   0.3862356563
Flux(B10) at 3.4250117177 GeV/n: 0.0324351391
=> Flux Ratio (X/Y) from TF1:  11.9079389397
----------------------------------------
Acceptance Ratio (from combined hist): 0.0000532861
Acceptance Ratio (from global spline): 0.0000806846
----------------------------------------
FINAL Epsilon = Flux Ratio * Splined Acc Ratio
              = 11.9079389397 * 0.0000806846
              = 0.0009607871
/**************************************/




/********** DEBUGGING OUTPUT (BIN 12) **********/
Channel: O16 -> B10, Detector: AGL
Energy (ek/n): 4.2190486071 GeV/n
----------------------------------------
--- Acceptance Calculation Details ---
Scale Factor (3.9^2 * Pi): 47.7836242611
Acc(Y): 
  Raw Events: 131977.0000000000 (from /eos/user/z/zixuan/Isotope/Add/B10_w1_frag5.root)
  MC Flux:    193768384.2470802963
  => Calculated Acc(Y) = (Events/Flux)*Scale = 0.0325457603
Acc(XfragY): 
  Raw Events: 14.0000000000 (from /eos/user/z/zixuan/Isotope/Add/O16_w1_frag5.root)
  MC Flux:    165031170.3918091655
  => Calculated Acc(XfragY) = (Events/Flux)*Scale = 0.0000040536
----------------------------------------
--- Epsilon Calculation Details ---
Flux(O16) at 4.2190486071 GeV/n:   0.2576538960
Flux(B10) at 4.2190486071 GeV/n: 0.0205233631
=> Flux Ratio (X/Y) from TF1:  12.5541752221
----------------------------------------
Acceptance Ratio (from combined hist): 0.0001245509
Acceptance Ratio (from global spline): 0.0000838017
----------------------------------------
FINAL Epsilon = Flux Ratio * Splined Acc Ratio
              = 12.5541752221 * 0.0000838017
              = 0.0010520617
/**************************************/




/********** DEBUGGING OUTPUT (BIN 13) **********/
Channel: O16 -> B10, Detector: AGL
Energy (ek/n): 5.1408648843 GeV/n
----------------------------------------
--- Acceptance Calculation Details ---
Scale Factor (3.9^2 * Pi): 47.7836242611
Acc(Y): 
  Raw Events: 129485.0000000000 (from /eos/user/z/zixuan/Isotope/Add/B10_w1_frag5.root)
  MC Flux:    187987513.4675004482
  => Calculated Acc(Y) = (Events/Flux)*Scale = 0.0329131572
Acc(XfragY): 
  Raw Events: 14.0000000000 (from /eos/user/z/zixuan/Isotope/Add/O16_w1_frag5.root)
  MC Flux:    160107643.3967067599
  => Calculated Acc(XfragY) = (Events/Flux)*Scale = 0.0000041783
----------------------------------------
--- Epsilon Calculation Details ---
Flux(O16) at 5.1408648843 GeV/n:   0.1730238460
Flux(B10) at 5.1408648843 GeV/n: 0.0131383666
=> Flux Ratio (X/Y) from TF1:  13.1693574168
----------------------------------------
Acceptance Ratio (from combined hist): 0.0001269479
Acceptance Ratio (from global spline): 0.0000814773
----------------------------------------
FINAL Epsilon = Flux Ratio * Splined Acc Ratio
              = 13.1693574168 * 0.0000814773
              = 0.0010730036
/**************************************/




/********** DEBUGGING OUTPUT (BIN 14) **********/
Channel: O16 -> B10, Detector: AGL
Energy (ek/n): 6.2049547931 GeV/n
----------------------------------------
--- Acceptance Calculation Details ---
Scale Factor (3.9^2 * Pi): 47.7836242611
Acc(Y): 
  Raw Events: 127629.0000000000 (from /eos/user/z/zixuan/Isotope/Add/B10_w1_frag5.root)
  MC Flux:    183316789.2804981470
  => Calculated Acc(Y) = (Events/Flux)*Scale = 0.0332679631
Acc(XfragY): 
  Raw Events: 8.0000000000 (from /eos/user/z/zixuan/Isotope/Add/O16_w1_frag5.root)
  MC Flux:    156129620.4485698342
  => Calculated Acc(XfragY) = (Events/Flux)*Scale = 0.0000024484
----------------------------------------
--- Epsilon Calculation Details ---
Flux(O16) at 6.2049547931 GeV/n:   0.1164731154
Flux(B10) at 6.2049547931 GeV/n: 0.0083626295
=> Flux Ratio (X/Y) from TF1:  13.9278100848
----------------------------------------
Acceptance Ratio (from combined hist): 0.0000735966
Acceptance Ratio (from global spline): 0.0000733437
----------------------------------------
FINAL Epsilon = Flux Ratio * Splined Acc Ratio
              = 13.9278100848 * 0.0000733437
              = 0.0010215176
/**************************************/




/********** DEBUGGING OUTPUT (BIN 15) **********/
Channel: O16 -> B10, Detector: AGL
Energy (ek/n): 7.4457899798 GeV/n
----------------------------------------
--- Acceptance Calculation Details ---
Scale Factor (3.9^2 * Pi): 47.7836242611
Acc(Y): 
  Raw Events: 127914.0000000000 (from /eos/user/z/zixuan/Isotope/Add/B10_w1_frag5.root)
  MC Flux:    182884061.2265676260
  => Calculated Acc(Y) = (Events/Flux)*Scale = 0.0334211438
Acc(XfragY): 
  Raw Events: 4.0000000000 (from /eos/user/z/zixuan/Isotope/Add/O16_w1_frag5.root)
  MC Flux:    155761069.0077397823
  => Calculated Acc(XfragY) = (Events/Flux)*Scale = 0.0000012271
----------------------------------------
--- Epsilon Calculation Details ---
Flux(O16) at 7.4457899798 GeV/n:   0.0777407330
Flux(B10) at 7.4457899798 GeV/n: 0.0052771538
=> Flux Ratio (X/Y) from TF1:  14.7315647236
----------------------------------------
Acceptance Ratio (from combined hist): 0.0000367163
Acceptance Ratio (from global spline): 0.0000628499
----------------------------------------
FINAL Epsilon = Flux Ratio * Splined Acc Ratio
              = 14.7315647236 * 0.0000628499
              = 0.0009258767
/**************************************/




/********** DEBUGGING OUTPUT (BIN 16) **********/
Channel: O16 -> B10, Detector: AGL
Energy (ek/n): 8.8880598677 GeV/n
----------------------------------------
--- Acceptance Calculation Details ---
Scale Factor (3.9^2 * Pi): 47.7836242611
Acc(Y): 
  Raw Events: 126013.0000000000 (from /eos/user/z/zixuan/Isotope/Add/B10_w1_frag5.root)
  MC Flux:    178813089.5472681522
  => Calculated Acc(Y) = (Events/Flux)*Scale = 0.0336740328
Acc(XfragY): 
  Raw Events: 7.0000000000 (from /eos/user/z/zixuan/Isotope/Add/O16_w1_frag5.root)
  MC Flux:    152293851.0532875657
  => Calculated Acc(XfragY) = (Events/Flux)*Scale = 0.0000021963
----------------------------------------
--- Epsilon Calculation Details ---
Flux(O16) at 8.8880598677 GeV/n:   0.0519358949
Flux(B10) at 8.8880598677 GeV/n: 0.0033462747
=> Flux Ratio (X/Y) from TF1:  15.5205112684
----------------------------------------
Acceptance Ratio (from combined hist): 0.0000652228
Acceptance Ratio (from global spline): 0.0000563120
----------------------------------------
FINAL Epsilon = Flux Ratio * Splined Acc Ratio
              = 15.5205112684 * 0.0000563120
              = 0.0008739903
/**************************************/




/********** DEBUGGING OUTPUT (BIN 17) **********/
Channel: O16 -> B10, Detector: AGL
Energy (ek/n): 10.5565612202 GeV/n
----------------------------------------
--- Acceptance Calculation Details ---
Scale Factor (3.9^2 * Pi): 47.7836242611
Acc(Y): 
  Raw Events: 124449.0000000000 (from /eos/user/z/zixuan/Isotope/Add/B10_w1_frag5.root)
  MC Flux:    177270201.1223996878
  => Calculated Acc(Y) = (Events/Flux)*Scale = 0.0335455379
Acc(XfragY): 
  Raw Events: 9.0000000000 (from /eos/user/z/zixuan/Isotope/Add/O16_w1_frag5.root)
  MC Flux:    150979783.8305597007
  => Calculated Acc(XfragY) = (Events/Flux)*Scale = 0.0000028484
----------------------------------------
--- Epsilon Calculation Details ---
Flux(O16) at 10.5565612202 GeV/n:   0.0349614922
Flux(B10) at 10.5565612202 GeV/n: 0.0021112245
=> Flux Ratio (X/Y) from TF1:  16.5598172022
----------------------------------------
Acceptance Ratio (from combined hist): 0.0000849118
Acceptance Ratio (from global spline): 0.0000590610
----------------------------------------
FINAL Epsilon = Flux Ratio * Splined Acc Ratio
              = 16.5598172022 * 0.0000590610
              = 0.0009780396
/**************************************/




/********** DEBUGGING OUTPUT (BIN 18) **********/
Channel: O16 -> B10, Detector: AGL
Energy (ek/n): 12.4760880858 GeV/n
----------------------------------------
--- Acceptance Calculation Details ---
Scale Factor (3.9^2 * Pi): 47.7836242611
Acc(Y): 
  Raw Events: 121376.0000000000 (from /eos/user/z/zixuan/Isotope/Add/B10_w1_frag5.root)
  MC Flux:    172816159.8331908286
  => Calculated Acc(Y) = (Events/Flux)*Scale = 0.0335604331
Acc(XfragY): 
  Raw Events: 9.0000000000 (from /eos/user/z/zixuan/Isotope/Add/O16_w1_frag5.root)
  MC Flux:    147186308.1828798652
  => Calculated Acc(XfragY) = (Events/Flux)*Scale = 0.0000029218
----------------------------------------
--- Epsilon Calculation Details ---
Flux(O16) at 12.4760880858 GeV/n:   0.0235684059
Flux(B10) at 12.4760880858 GeV/n: 0.0013225396
=> Flux Ratio (X/Y) from TF1:  17.8205677552
----------------------------------------
Acceptance Ratio (from combined hist): 0.0000870616
Acceptance Ratio (from global spline): 0.0000706448
----------------------------------------
FINAL Epsilon = Flux Ratio * Splined Acc Ratio
              = 17.8205677552 * 0.0000706448
              = 0.0012589307
/**************************************/




/********** DEBUGGING OUTPUT (BIN 19) **********/
Channel: O16 -> B10, Detector: AGL
Energy (ek/n): 14.6714890086 GeV/n
----------------------------------------
--- Acceptance Calculation Details ---
Scale Factor (3.9^2 * Pi): 47.7836242611
Acc(Y): 
  Raw Events: 119139.0000000000 (from /eos/user/z/zixuan/Isotope/Add/B10_w1_frag5.root)
  MC Flux:    170113063.5930935740
  => Calculated Acc(Y) = (Events/Flux)*Scale = 0.0334653500
Acc(XfragY): 
  Raw Events: 7.0000000000 (from /eos/user/z/zixuan/Isotope/Add/O16_w1_frag5.root)
  MC Flux:    144884100.1218572259
  => Calculated Acc(XfragY) = (Events/Flux)*Scale = 0.0000023086
----------------------------------------
--- Epsilon Calculation Details ---
Flux(O16) at 14.6714890086 GeV/n:   0.0158845292
Flux(B10) at 14.6714890086 GeV/n: 0.0008377115
=> Flux Ratio (X/Y) from TF1:  18.9618130290
----------------------------------------
Acceptance Ratio (from combined hist): 0.0000689860
Acceptance Ratio (from global spline): 0.0000830967
----------------------------------------
FINAL Epsilon = Flux Ratio * Splined Acc Ratio
              = 18.9618130290 * 0.0000830967
              = 0.0015756639
/**************************************/




/********** DEBUGGING OUTPUT (BIN 20) **********/
Channel: O16 -> B10, Detector: AGL
Energy (ek/n): 17.1925871018 GeV/n
----------------------------------------
--- Acceptance Calculation Details ---
Scale Factor (3.9^2 * Pi): 47.7836242611
Acc(Y): 
  Raw Events: 118369.0000000000 (from /eos/user/z/zixuan/Isotope/Add/B10_w1_frag5.root)
  MC Flux:    168176136.3474429846
  => Calculated Acc(Y) = (Events/Flux)*Scale = 0.0336320000
Acc(XfragY): 
  Raw Events: 8.0000000000 (from /eos/user/z/zixuan/Isotope/Add/O16_w1_frag5.root)
  MC Flux:    143234432.8061309457
  => Calculated Acc(XfragY) = (Events/Flux)*Scale = 0.0000026688
----------------------------------------
--- Epsilon Calculation Details ---
Flux(O16) at 17.1925871018 GeV/n:   0.0107820293
Flux(B10) at 17.1925871018 GeV/n: 0.0005369536
=> Flux Ratio (X/Y) from TF1:  20.0800034531
----------------------------------------
Acceptance Ratio (from combined hist): 0.0000793540
Acceptance Ratio (from global spline): 0.0000891139
----------------------------------------
FINAL Epsilon = Flux Ratio * Splined Acc Ratio
              = 20.0800034531 * 0.0000891139
              = 0.0017894065
/**************************************/




/********** DEBUGGING OUTPUT (BIN 21) **********/
Channel: O16 -> B10, Detector: AGL
Energy (ek/n): 20.0892620167 GeV/n
----------------------------------------
--- Acceptance Calculation Details ---
Scale Factor (3.9^2 * Pi): 47.7836242611
Acc(Y): 
  Raw Events: 117152.0000000000 (from /eos/user/z/zixuan/Isotope/Add/B10_w1_frag5.root)
  MC Flux:    166419735.7043049037
  => Calculated Acc(Y) = (Events/Flux)*Scale = 0.0336375198
Acc(XfragY): 
  Raw Events: 9.0000000000 (from /eos/user/z/zixuan/Isotope/Add/O16_w1_frag5.root)
  MC Flux:    141738518.7284019887
  => Calculated Acc(XfragY) = (Events/Flux)*Scale = 0.0000030341
----------------------------------------
--- Epsilon Calculation Details ---
Flux(O16) at 20.0892620167 GeV/n:   0.0073694219
Flux(B10) at 20.0892620167 GeV/n: 0.0003403264
=> Flux Ratio (X/Y) from TF1:  21.6539809299
----------------------------------------
Acceptance Ratio (from combined hist): 0.0000902007
Acceptance Ratio (from global spline): 0.0000822090
----------------------------------------
FINAL Epsilon = Flux Ratio * Splined Acc Ratio
              = 21.6539809299 * 0.0000822090
              = 0.0017801530
/**************************************/


    INFO: Intermediate results saved to /eos/user/z/zixuan/Isotope/BkgEst/w1_results_O16_to_B10.pdf

>>> Processing channel: C12 -> B11...
 flux ratio at 1 GeV/n: 4.5700195261
  -- Detector: TOF --
  -- Detector: NaF --
  -- Detector: AGL --
****************************************
Minimizer is Minuit2 / Migrad
Chi2                      = 28.1159686903
NDf                       =           12
Edm                       = 0.0000000000
NCalls                    =          185
p0                        = 0.0057861065   +/-   0.0000936726
p1                        = 0.0042051114   +/-   0.0001189602
p2                        = 0.0029524186   +/-   0.0000714584
p3                        = 0.0018912174   +/-   0.0000691576
p4                        = 0.0019947437   +/-   0.0006294146
p5                        = 0.0020669178   +/-   0.0023572050
p6                        = -0.0062359931   +/-   0.0071118016


/********** DEBUGGING OUTPUT (BIN 3) **********/
Channel: C12 -> B11, Detector: TOF
Energy (ek/n): 0.3368463841 GeV/n
----------------------------------------
--- Acceptance Calculation Details ---
Scale Factor (3.9^2 * Pi): 47.7836242611
Acc(Y): 
  Raw Events: 324200.0000000000 (from /eos/user/z/zixuan/Isotope/Add/B11_w1_frag5.root)
  MC Flux:    227920321.4820016026
  => Calculated Acc(Y) = (Events/Flux)*Scale = 0.0679687133
Acc(XfragY): 
  Raw Events: 2059.0000000000 (from /eos/user/z/zixuan/Isotope/Add/C12_w1_frag5.root)
  MC Flux:    259769200.0070431232
  => Calculated Acc(XfragY) = (Events/Flux)*Scale = 0.0003787458
----------------------------------------
--- Epsilon Calculation Details ---
Flux(C12) at 0.3368463841 GeV/n:   6.6964749180
Flux(B11) at 0.3368463841 GeV/n: 1.4563601217
=> Flux Ratio (X/Y) from TF1:  4.5980900040
----------------------------------------
Acceptance Ratio (from combined hist): 0.0055723544
Acceptance Ratio (from global spline): 0.0057854911
----------------------------------------
FINAL Epsilon = Flux Ratio * Splined Acc Ratio
              = 4.5980900040 * 0.0057854911
              = 0.0266022090
/**************************************/




/********** DEBUGGING OUTPUT (BIN 4) **********/
Channel: C12 -> B11, Detector: TOF
Energy (ek/n): 0.4968766615 GeV/n
----------------------------------------
--- Acceptance Calculation Details ---
Scale Factor (3.9^2 * Pi): 47.7836242611
Acc(Y): 
  Raw Events: 298018.0000000000 (from /eos/user/z/zixuan/Isotope/Add/B11_w1_frag5.root)
  MC Flux:    211722151.5548679233
  => Calculated Acc(Y) = (Events/Flux)*Scale = 0.0672597554
Acc(XfragY): 
  Raw Events: 1996.0000000000 (from /eos/user/z/zixuan/Isotope/Add/C12_w1_frag5.root)
  MC Flux:    241307548.0745191574
  => Calculated Acc(XfragY) = (Events/Flux)*Scale = 0.0003952471
----------------------------------------
--- Epsilon Calculation Details ---
Flux(C12) at 0.4968766615 GeV/n:   4.6914710881
Flux(B11) at 0.4968766615 GeV/n: 1.0222186970
=> Flux Ratio (X/Y) from TF1:  4.5894984133
----------------------------------------
Acceptance Ratio (from combined hist): 0.0058764282
Acceptance Ratio (from global spline): 0.0055739656
----------------------------------------
FINAL Epsilon = Flux Ratio * Splined Acc Ratio
              = 4.5894984133 * 0.0055739656
              = 0.0255817062
/**************************************/




/********** DEBUGGING OUTPUT (BIN 5) **********/
Channel: C12 -> B11, Detector: TOF
Energy (ek/n): 0.7045414310 GeV/n
----------------------------------------
--- Acceptance Calculation Details ---
Scale Factor (3.9^2 * Pi): 47.7836242611
Acc(Y): 
  Raw Events: 273596.0000000000 (from /eos/user/z/zixuan/Isotope/Add/B11_w1_frag5.root)
  MC Flux:    202186233.0027966797
  => Calculated Acc(Y) = (Events/Flux)*Scale = 0.0646602307
Acc(XfragY): 
  Raw Events: 1574.0000000000 (from /eos/user/z/zixuan/Isotope/Add/C12_w1_frag5.root)
  MC Flux:    230439109.8523510695
  => Calculated Acc(XfragY) = (Events/Flux)*Scale = 0.0003263831
----------------------------------------
--- Epsilon Calculation Details ---
Flux(C12) at 0.7045414310 GeV/n:   3.6061501427
Flux(B11) at 0.7045414310 GeV/n: 0.7870998456
=> Flux Ratio (X/Y) from TF1:  4.5815663198
----------------------------------------
Acceptance Ratio (from combined hist): 0.0050476633
Acceptance Ratio (from global spline): 0.0051570486
----------------------------------------
FINAL Epsilon = Flux Ratio * Splined Acc Ratio
              = 4.5815663198 * 0.0051570486
              = 0.0236273600
/**************************************/




/********** DEBUGGING OUTPUT (BIN 6) **********/
Channel: C12 -> B11, Detector: TOF
Energy (ek/n): 0.9672506104 GeV/n
----------------------------------------
--- Acceptance Calculation Details ---
Scale Factor (3.9^2 * Pi): 47.7836242611
Acc(Y): 
  Raw Events: 253628.0000000000 (from /eos/user/z/zixuan/Isotope/Add/B11_w1_frag5.root)
  MC Flux:    193009772.6243878603
  => Calculated Acc(Y) = (Events/Flux)*Scale = 0.0627909400
Acc(XfragY): 
  Raw Events: 1431.0000000000 (from /eos/user/z/zixuan/Isotope/Add/C12_w1_frag5.root)
  MC Flux:    219980359.3736940026
  => Calculated Acc(XfragY) = (Events/Flux)*Scale = 0.0003108385
----------------------------------------
--- Epsilon Calculation Details ---
Flux(C12) at 0.9672506104 GeV/n:   2.5969608230
Flux(B11) at 0.9672506104 GeV/n: 0.5684074140
=> Flux Ratio (X/Y) from TF1:  4.5688369975
----------------------------------------
Acceptance Ratio (from combined hist): 0.0049503719
Acceptance Ratio (from global spline): 0.0047031919
----------------------------------------
FINAL Epsilon = Flux Ratio * Splined Acc Ratio
              = 4.5688369975 * 0.0047031919
              = 0.0214881173
/**************************************/




/********** DEBUGGING OUTPUT (BIN 7) **********/
Channel: C12 -> B11, Detector: NaF
Energy (ek/n): 1.2922125341 GeV/n
----------------------------------------
--- Acceptance Calculation Details ---
Scale Factor (3.9^2 * Pi): 47.7836242611
Acc(Y): 
  Raw Events: 22104.0000000000 (from /eos/user/z/zixuan/Isotope/Add/B11_w1_frag5.root)
  MC Flux:    186362533.0536190271
  => Calculated Acc(Y) = (Events/Flux)*Scale = 0.0056674977
Acc(XfragY): 
  Raw Events: 97.0000000000 (from /eos/user/z/zixuan/Isotope/Add/C12_w1_frag5.root)
  MC Flux:    212404255.1705844402
  => Calculated Acc(XfragY) = (Events/Flux)*Scale = 0.0000218217
----------------------------------------
--- Epsilon Calculation Details ---
Flux(C12) at 1.2922125341 GeV/n:   1.9311557781
Flux(B11) at 1.2922125341 GeV/n: 0.4189192905
=> Flux Ratio (X/Y) from TF1:  4.6098516399
----------------------------------------
Acceptance Ratio (from combined hist): 0.0038503149
Acceptance Ratio (from global spline): 0.0043087727
----------------------------------------
FINAL Epsilon = Flux Ratio * Splined Acc Ratio
              = 4.6098516399 * 0.0043087727
              = 0.0198628029
/**************************************/




/********** DEBUGGING OUTPUT (BIN 8) **********/
Channel: C12 -> B11, Detector: NaF
Energy (ek/n): 1.6909447265 GeV/n
----------------------------------------
--- Acceptance Calculation Details ---
Scale Factor (3.9^2 * Pi): 47.7836242611
Acc(Y): 
  Raw Events: 21422.0000000000 (from /eos/user/z/zixuan/Isotope/Add/B11_w1_frag5.root)
  MC Flux:    182579055.6599633098
  => Calculated Acc(Y) = (Events/Flux)*Scale = 0.0056064525
Acc(XfragY): 
  Raw Events: 91.0000000000 (from /eos/user/z/zixuan/Isotope/Add/C12_w1_frag5.root)
  MC Flux:    208092086.3854410052
  => Calculated Acc(XfragY) = (Events/Flux)*Scale = 0.0000208961
----------------------------------------
--- Epsilon Calculation Details ---
Flux(C12) at 1.6909447265 GeV/n:   1.3561381403
Flux(B11) at 1.6909447265 GeV/n: 0.2877259961
=> Flux Ratio (X/Y) from TF1:  4.7132972295
----------------------------------------
Acceptance Ratio (from combined hist): 0.0037271491
Acceptance Ratio (from global spline): 0.0040199475
----------------------------------------
FINAL Epsilon = Flux Ratio * Splined Acc Ratio
              = 4.7132972295 * 0.0040199475
              = 0.0189472073
/**************************************/




/********** DEBUGGING OUTPUT (BIN 9) **********/
Channel: C12 -> B11, Detector: NaF
Energy (ek/n): 2.1727158116 GeV/n
----------------------------------------
--- Acceptance Calculation Details ---
Scale Factor (3.9^2 * Pi): 47.7836242611
Acc(Y): 
  Raw Events: 21060.0000000000 (from /eos/user/z/zixuan/Isotope/Add/B11_w1_frag5.root)
  MC Flux:    176810136.8304176927
  => Calculated Acc(Y) = (Events/Flux)*Scale = 0.0056915466
Acc(XfragY): 
  Raw Events: 81.0000000000 (from /eos/user/z/zixuan/Isotope/Add/C12_w1_frag5.root)
  MC Flux:    201517036.7386499643
  => Calculated Acc(XfragY) = (Events/Flux)*Scale = 0.0000192067
----------------------------------------
--- Epsilon Calculation Details ---
Flux(C12) at 2.1727158116 GeV/n:   0.9222679723
Flux(B11) at 2.1727158116 GeV/n: 0.1881856759
=> Flux Ratio (X/Y) from TF1:  4.9008404483
----------------------------------------
Acceptance Ratio (from combined hist): 0.0033745980
Acceptance Ratio (from global spline): 0.0038139223
----------------------------------------
FINAL Epsilon = Flux Ratio * Splined Acc Ratio
              = 4.9008404483 * 0.0038139223
              = 0.0186914246
/**************************************/




/********** DEBUGGING OUTPUT (BIN 10) **********/
Channel: C12 -> B11, Detector: NaF
Energy (ek/n): 2.7468447478 GeV/n
----------------------------------------
--- Acceptance Calculation Details ---
Scale Factor (3.9^2 * Pi): 47.7836242611
Acc(Y): 
  Raw Events: 21031.0000000000 (from /eos/user/z/zixuan/Isotope/Add/B11_w1_frag5.root)
  MC Flux:    172500639.3455166519
  => Calculated Acc(Y) = (Events/Flux)*Scale = 0.0058257025
Acc(XfragY): 
  Raw Events: 66.0000000000 (from /eos/user/z/zixuan/Isotope/Add/C12_w1_frag5.root)
  MC Flux:    196605343.4468629956
  => Calculated Acc(XfragY) = (Events/Flux)*Scale = 0.0000160409
----------------------------------------
--- Epsilon Calculation Details ---
Flux(C12) at 2.7468447478 GeV/n:   0.6079732250
Flux(B11) at 2.7468447478 GeV/n: 0.1183576251
=> Flux Ratio (X/Y) from TF1:  5.1367474170
----------------------------------------
Acceptance Ratio (from combined hist): 0.0027534640
Acceptance Ratio (from global spline): 0.0036442225
----------------------------------------
FINAL Epsilon = Flux Ratio * Splined Acc Ratio
              = 5.1367474170 * 0.0036442225
              = 0.0187194507
/**************************************/




/********** DEBUGGING OUTPUT (BIN 11) **********/
Channel: C12 -> B11, Detector: AGL
Energy (ek/n): 3.4250117177 GeV/n
----------------------------------------
--- Acceptance Calculation Details ---
Scale Factor (3.9^2 * Pi): 47.7836242611
Acc(Y): 
  Raw Events: 117712.0000000000 (from /eos/user/z/zixuan/Isotope/Add/B11_w1_frag5.root)
  MC Flux:    167676374.2093430161
  => Calculated Acc(Y) = (Events/Flux)*Scale = 0.0335450120
Acc(XfragY): 
  Raw Events: 478.0000000000 (from /eos/user/z/zixuan/Isotope/Add/C12_w1_frag5.root)
  MC Flux:    191106950.4694525003
  => Calculated Acc(XfragY) = (Events/Flux)*Scale = 0.0001195172
----------------------------------------
--- Epsilon Calculation Details ---
Flux(C12) at 3.4250117177 GeV/n:   0.4054330897
Flux(B11) at 3.4250117177 GeV/n: 0.0756819913
=> Flux Ratio (X/Y) from TF1:  5.3570616029
----------------------------------------
Acceptance Ratio (from combined hist): 0.0035628911
Acceptance Ratio (from global spline): 0.0034778317
----------------------------------------
FINAL Epsilon = Flux Ratio * Splined Acc Ratio
              = 5.3570616029 * 0.0034778317
              = 0.0186309584
/**************************************/




/********** DEBUGGING OUTPUT (BIN 12) **********/
Channel: C12 -> B11, Detector: AGL
Energy (ek/n): 4.2190486071 GeV/n
----------------------------------------
--- Acceptance Calculation Details ---
Scale Factor (3.9^2 * Pi): 47.7836242611
Acc(Y): 
  Raw Events: 116952.0000000000 (from /eos/user/z/zixuan/Isotope/Add/B11_w1_frag5.root)
  MC Flux:    163377772.9140477180
  => Calculated Acc(Y) = (Events/Flux)*Scale = 0.0342053287
Acc(XfragY): 
  Raw Events: 460.0000000000 (from /eos/user/z/zixuan/Isotope/Add/C12_w1_frag5.root)
  MC Flux:    186207675.9669981003
  => Calculated Acc(XfragY) = (Events/Flux)*Scale = 0.0001180428
----------------------------------------
--- Epsilon Calculation Details ---
Flux(C12) at 4.2190486071 GeV/n:   0.2673103519
Flux(B11) at 4.2190486071 GeV/n: 0.0478878471
=> Flux Ratio (X/Y) from TF1:  5.5820081273
----------------------------------------
Acceptance Ratio (from combined hist): 0.0034510049
Acceptance Ratio (from global spline): 0.0032920164
----------------------------------------
FINAL Epsilon = Flux Ratio * Splined Acc Ratio
              = 5.5820081273 * 0.0032920164
              = 0.0183760623
/**************************************/




/********** DEBUGGING OUTPUT (BIN 13) **********/
Channel: C12 -> B11, Detector: AGL
Energy (ek/n): 5.1408648843 GeV/n
----------------------------------------
--- Acceptance Calculation Details ---
Scale Factor (3.9^2 * Pi): 47.7836242611
Acc(Y): 
  Raw Events: 115622.0000000000 (from /eos/user/z/zixuan/Isotope/Add/B11_w1_frag5.root)
  MC Flux:    158503573.2496312261
  => Calculated Acc(Y) = (Events/Flux)*Scale = 0.0348562376
Acc(XfragY): 
  Raw Events: 407.0000000000 (from /eos/user/z/zixuan/Isotope/Add/C12_w1_frag5.root)
  MC Flux:    180652370.7653068006
  => Calculated Acc(XfragY) = (Events/Flux)*Scale = 0.0001076539
----------------------------------------
--- Epsilon Calculation Details ---
Flux(C12) at 5.1408648843 GeV/n:   0.1779862950
Flux(B11) at 5.1408648843 GeV/n: 0.0306561888
=> Flux Ratio (X/Y) from TF1:  5.8058846188
----------------------------------------
Acceptance Ratio (from combined hist): 0.0030885122
Acceptance Ratio (from global spline): 0.0030711130
----------------------------------------
FINAL Epsilon = Flux Ratio * Splined Acc Ratio
              = 5.8058846188 * 0.0030711130
              = 0.0178305277
/**************************************/




/********** DEBUGGING OUTPUT (BIN 14) **********/
Channel: C12 -> B11, Detector: AGL
Energy (ek/n): 6.2049547931 GeV/n
----------------------------------------
--- Acceptance Calculation Details ---
Scale Factor (3.9^2 * Pi): 47.7836242611
Acc(Y): 
  Raw Events: 112504.0000000000 (from /eos/user/z/zixuan/Isotope/Add/B11_w1_frag5.root)
  MC Flux:    154565404.9125555158
  => Calculated Acc(Y) = (Events/Flux)*Scale = 0.0347804146
Acc(XfragY): 
  Raw Events: 366.0000000000 (from /eos/user/z/zixuan/Isotope/Add/C12_w1_frag5.root)
  MC Flux:    176163895.0042893887
  => Calculated Acc(XfragY) = (Events/Flux)*Scale = 0.0000992758
----------------------------------------
--- Epsilon Calculation Details ---
Flux(C12) at 6.2049547931 GeV/n:   0.1185201216
Flux(B11) at 6.2049547931 GeV/n: 0.0195128022
=> Flux Ratio (X/Y) from TF1:  6.0739672700
----------------------------------------
Acceptance Ratio (from combined hist): 0.0028543585
Acceptance Ratio (from global spline): 0.0028044835
----------------------------------------
FINAL Epsilon = Flux Ratio * Splined Acc Ratio
              = 6.0739672700 * 0.0028044835
              = 0.0170343409
/**************************************/




/********** DEBUGGING OUTPUT (BIN 15) **********/
Channel: C12 -> B11, Detector: AGL
Energy (ek/n): 7.4457899798 GeV/n
----------------------------------------
--- Acceptance Calculation Details ---
Scale Factor (3.9^2 * Pi): 47.7836242611
Acc(Y): 
  Raw Events: 112057.0000000000 (from /eos/user/z/zixuan/Isotope/Add/B11_w1_frag5.root)
  MC Flux:    154200545.8773555756
  => Calculated Acc(Y) = (Events/Flux)*Scale = 0.0347241934
Acc(XfragY): 
  Raw Events: 326.0000000000 (from /eos/user/z/zixuan/Isotope/Add/C12_w1_frag5.root)
  MC Flux:    175748051.6996076107
  => Calculated Acc(XfragY) = (Events/Flux)*Scale = 0.0000886352
----------------------------------------
--- Epsilon Calculation Details ---
Flux(C12) at 7.4457899798 GeV/n:   0.0783231069
Flux(B11) at 7.4457899798 GeV/n: 0.0123133589
=> Flux Ratio (X/Y) from TF1:  6.3608238466
----------------------------------------
Acceptance Ratio (from combined hist): 0.0025525485
Acceptance Ratio (from global spline): 0.0024911504
----------------------------------------
FINAL Epsilon = Flux Ratio * Splined Acc Ratio
              = 6.3608238466 * 0.0024911504
              = 0.0158457687
/**************************************/




/********** DEBUGGING OUTPUT (BIN 16) **********/
Channel: C12 -> B11, Detector: AGL
Energy (ek/n): 8.8880598677 GeV/n
----------------------------------------
--- Acceptance Calculation Details ---
Scale Factor (3.9^2 * Pi): 47.7836242611
Acc(Y): 
  Raw Events: 109349.0000000000 (from /eos/user/z/zixuan/Isotope/Add/B11_w1_frag5.root)
  MC Flux:    150768064.9329307079
  => Calculated Acc(Y) = (Events/Flux)*Scale = 0.0346564873
Acc(XfragY): 
  Raw Events: 242.0000000000 (from /eos/user/z/zixuan/Isotope/Add/C12_w1_frag5.root)
  MC Flux:    171835926.5184263885
  => Calculated Acc(XfragY) = (Events/Flux)*Scale = 0.0000672946
----------------------------------------
--- Epsilon Calculation Details ---
Flux(C12) at 8.8880598677 GeV/n:   0.0519524793
Flux(B11) at 8.8880598677 GeV/n: 0.0078079744
=> Flux Ratio (X/Y) from TF1:  6.6537717240
----------------------------------------
Acceptance Ratio (from combined hist): 0.0019417618
Acceptance Ratio (from global spline): 0.0021429845
----------------------------------------
FINAL Epsilon = Flux Ratio * Splined Acc Ratio
              = 6.6537717240 * 0.0021429845
              = 0.0142589296
/**************************************/




/********** DEBUGGING OUTPUT (BIN 17) **********/
Channel: C12 -> B11, Detector: AGL
Energy (ek/n): 10.5565612202 GeV/n
----------------------------------------
--- Acceptance Calculation Details ---
Scale Factor (3.9^2 * Pi): 47.7836242611
Acc(Y): 
  Raw Events: 108320.0000000000 (from /eos/user/z/zixuan/Isotope/Add/B11_w1_frag5.root)
  MC Flux:    149467162.9530265629
  => Calculated Acc(Y) = (Events/Flux)*Scale = 0.0346291592
Acc(XfragY): 
  Raw Events: 226.0000000000 (from /eos/user/z/zixuan/Isotope/Add/C12_w1_frag5.root)
  MC Flux:    170353240.5323329568
  => Calculated Acc(XfragY) = (Events/Flux)*Scale = 0.0000633924
----------------------------------------
--- Epsilon Calculation Details ---
Flux(C12) at 10.5565612202 GeV/n:   0.0346072367
Flux(B11) at 10.5565612202 GeV/n: 0.0049261906
=> Flux Ratio (X/Y) from TF1:  7.0251518654
----------------------------------------
Acceptance Ratio (from combined hist): 0.0018306073
Acceptance Ratio (from global spline): 0.0017712909
----------------------------------------
FINAL Epsilon = Flux Ratio * Splined Acc Ratio
              = 7.0251518654 * 0.0017712909
              = 0.0124435874
/**************************************/




/********** DEBUGGING OUTPUT (BIN 18) **********/
Channel: C12 -> B11, Detector: AGL
Energy (ek/n): 12.4760880858 GeV/n
----------------------------------------
--- Acceptance Calculation Details ---
Scale Factor (3.9^2 * Pi): 47.7836242611
Acc(Y): 
  Raw Events: 105491.0000000000 (from /eos/user/z/zixuan/Isotope/Add/B11_w1_frag5.root)
  MC Flux:    145711692.9927140474
  => Calculated Acc(Y) = (Events/Flux)*Scale = 0.0345939451
Acc(XfragY): 
  Raw Events: 185.0000000000 (from /eos/user/z/zixuan/Isotope/Add/C12_w1_frag5.root)
  MC Flux:    166072992.8523654044
  => Calculated Acc(XfragY) = (Events/Flux)*Scale = 0.0000532294
----------------------------------------
--- Epsilon Calculation Details ---
Flux(C12) at 12.4760880858 GeV/n:   0.0229867657
Flux(B11) at 12.4760880858 GeV/n: 0.0030859256
=> Flux Ratio (X/Y) from TF1:  7.4489045658
----------------------------------------
Acceptance Ratio (from combined hist): 0.0015386921
Acceptance Ratio (from global spline): 0.0014075050
----------------------------------------
FINAL Epsilon = Flux Ratio * Splined Acc Ratio
              = 7.4489045658 * 0.0014075050
              = 0.0104843708
/**************************************/




/********** DEBUGGING OUTPUT (BIN 19) **********/
Channel: C12 -> B11, Detector: AGL
Energy (ek/n): 14.6714890086 GeV/n
----------------------------------------
--- Acceptance Calculation Details ---
Scale Factor (3.9^2 * Pi): 47.7836242611
Acc(Y): 
  Raw Events: 103613.0000000000 (from /eos/user/z/zixuan/Isotope/Add/B11_w1_frag5.root)
  MC Flux:    143432550.0592814684
  => Calculated Acc(Y) = (Events/Flux)*Scale = 0.0345179993
Acc(XfragY): 
  Raw Events: 128.0000000000 (from /eos/user/z/zixuan/Isotope/Add/C12_w1_frag5.root)
  MC Flux:    163475369.5572159886
  => Calculated Acc(XfragY) = (Events/Flux)*Scale = 0.0000374142
----------------------------------------
--- Epsilon Calculation Details ---
Flux(C12) at 14.6714890086 GeV/n:   0.0153645058
Flux(B11) at 14.6714890086 GeV/n: 0.0019546602
=> Flux Ratio (X/Y) from TF1:  7.8604484091
----------------------------------------
Acceptance Ratio (from combined hist): 0.0010839047
Acceptance Ratio (from global spline): 0.0011110542
----------------------------------------
FINAL Epsilon = Flux Ratio * Splined Acc Ratio
              = 7.8604484091 * 0.0011110542
              = 0.0087333840
/**************************************/




/********** DEBUGGING OUTPUT (BIN 20) **********/
Channel: C12 -> B11, Detector: AGL
Energy (ek/n): 17.1925871018 GeV/n
----------------------------------------
--- Acceptance Calculation Details ---
Scale Factor (3.9^2 * Pi): 47.7836242611
Acc(Y): 
  Raw Events: 102514.0000000000 (from /eos/user/z/zixuan/Isotope/Add/B11_w1_frag5.root)
  MC Flux:    141799410.2624018490
  => Calculated Acc(Y) = (Events/Flux)*Scale = 0.0345452104
Acc(XfragY): 
  Raw Events: 105.0000000000 (from /eos/user/z/zixuan/Isotope/Add/C12_w1_frag5.root)
  MC Flux:    161614019.8724817932
  => Calculated Acc(XfragY) = (Events/Flux)*Scale = 0.0000310448
----------------------------------------
--- Epsilon Calculation Details ---
Flux(C12) at 17.1925871018 GeV/n:   0.0103915375
Flux(B11) at 17.1925871018 GeV/n: 0.0012528916
=> Flux Ratio (X/Y) from TF1:  8.2940433392
----------------------------------------
Acceptance Ratio (from combined hist): 0.0008986726
Acceptance Ratio (from global spline): 0.0009326757
----------------------------------------
FINAL Epsilon = Flux Ratio * Splined Acc Ratio
              = 8.2940433392 * 0.0009326757
              = 0.0077356523
/**************************************/




/********** DEBUGGING OUTPUT (BIN 21) **********/
Channel: C12 -> B11, Detector: AGL
Energy (ek/n): 20.0892620167 GeV/n
----------------------------------------
--- Acceptance Calculation Details ---
Scale Factor (3.9^2 * Pi): 47.7836242611
Acc(Y): 
  Raw Events: 102008.0000000000 (from /eos/user/z/zixuan/Isotope/Add/B11_w1_frag5.root)
  MC Flux:    140318483.2962421179
  => Calculated Acc(Y) = (Events/Flux)*Scale = 0.0347374902
Acc(XfragY): 
  Raw Events: 109.0000000000 (from /eos/user/z/zixuan/Isotope/Add/C12_w1_frag5.root)
  MC Flux:    159926152.7671410441
  => Calculated Acc(XfragY) = (Events/Flux)*Scale = 0.0000325676
----------------------------------------
--- Epsilon Calculation Details ---
Flux(C12) at 20.0892620167 GeV/n:   0.0070255045
Flux(B11) at 20.0892620167 GeV/n: 0.0007940950
=> Flux Ratio (X/Y) from TF1:  8.8471840336
----------------------------------------
Acceptance Ratio (from combined hist): 0.0009375354
Acceptance Ratio (from global spline): 0.0009192701
----------------------------------------
FINAL Epsilon = Flux Ratio * Splined Acc Ratio
              = 8.8471840336 * 0.0009192701
              = 0.0081329515
/**************************************/


    INFO: Intermediate results saved to /eos/user/z/zixuan/Isotope/BkgEst/w1_results_C12_to_B11.pdf

>>> Processing channel: N14 -> B11...
 flux ratio at 1 GeV/n: 0.6328235899
  -- Detector: TOF --
  -- Detector: NaF --
  -- Detector: AGL --
****************************************
Minimizer is Minuit2 / Migrad
Chi2                      = 16.0584824920
NDf                       =           10
Edm                       = 0.0000016285
NCalls                    =          313
p0                        = 0.0013351484   +/-   0.0000515469
p1                        = 0.0009990210   +/-   0.0000437177
p2                        = 0.0005686024   +/-   0.0000779240
p3                        = 0.0003574514   +/-   0.0000406764
p4                        = 0.0002819105   +/-   0.0000273273
p5                        = 0.0001482782   +/-   0.0000216108
p6                        = 0.0000488924   +/-   0.0002463907
p7                        = -0.0001243108   +/-   0.0009108214
p8                        = 0.0003750518   +/-   0.0027479936


/********** DEBUGGING OUTPUT (BIN 3) **********/
Channel: N14 -> B11, Detector: TOF
Energy (ek/n): 0.3368463841 GeV/n
----------------------------------------
--- Acceptance Calculation Details ---
Scale Factor (3.9^2 * Pi): 47.7836242611
Acc(Y): 
  Raw Events: 324200.0000000000 (from /eos/user/z/zixuan/Isotope/Add/B11_w1_frag5.root)
  MC Flux:    227920321.4820016026
  => Calculated Acc(Y) = (Events/Flux)*Scale = 0.0679687133
Acc(XfragY): 
  Raw Events: 532.0000000000 (from /eos/user/z/zixuan/Isotope/Add/N14_w1_frag5.root)
  MC Flux:    270692465.2423504591
  => Calculated Acc(XfragY) = (Events/Flux)*Scale = 0.0000939106
----------------------------------------
--- Epsilon Calculation Details ---
Flux(N14) at 0.3368463841 GeV/n:   0.9463337766
Flux(B11) at 0.3368463841 GeV/n: 1.4563601217
=> Flux Ratio (X/Y) from TF1:  0.6497937993
----------------------------------------
Acceptance Ratio (from combined hist): 0.0013816737
Acceptance Ratio (from global spline): 0.0013349099
----------------------------------------
FINAL Epsilon = Flux Ratio * Splined Acc Ratio
              = 0.6497937993 * 0.0013349099
              = 0.0008674162
/**************************************/




/********** DEBUGGING OUTPUT (BIN 4) **********/
Channel: N14 -> B11, Detector: TOF
Energy (ek/n): 0.4968766615 GeV/n
----------------------------------------
--- Acceptance Calculation Details ---
Scale Factor (3.9^2 * Pi): 47.7836242611
Acc(Y): 
  Raw Events: 298018.0000000000 (from /eos/user/z/zixuan/Isotope/Add/B11_w1_frag5.root)
  MC Flux:    211722151.5548679233
  => Calculated Acc(Y) = (Events/Flux)*Scale = 0.0672597554
Acc(XfragY): 
  Raw Events: 421.0000000000 (from /eos/user/z/zixuan/Isotope/Add/N14_w1_frag5.root)
  MC Flux:    251454502.9514956474
  => Calculated Acc(XfragY) = (Events/Flux)*Scale = 0.0000800022
----------------------------------------
--- Epsilon Calculation Details ---
Flux(N14) at 0.4968766615 GeV/n:   0.6613844464
Flux(B11) at 0.4968766615 GeV/n: 1.0222186970
=> Flux Ratio (X/Y) from TF1:  0.6470087548
----------------------------------------
Acceptance Ratio (from combined hist): 0.0011894508
Acceptance Ratio (from global spline): 0.0012480891
----------------------------------------
FINAL Epsilon = Flux Ratio * Splined Acc Ratio
              = 0.6470087548 * 0.0012480891
              = 0.0008075246
/**************************************/




/********** DEBUGGING OUTPUT (BIN 5) **********/
Channel: N14 -> B11, Detector: TOF
Energy (ek/n): 0.7045414310 GeV/n
----------------------------------------
--- Acceptance Calculation Details ---
Scale Factor (3.9^2 * Pi): 47.7836242611
Acc(Y): 
  Raw Events: 273596.0000000000 (from /eos/user/z/zixuan/Isotope/Add/B11_w1_frag5.root)
  MC Flux:    202186233.0027966797
  => Calculated Acc(Y) = (Events/Flux)*Scale = 0.0646602307
Acc(XfragY): 
  Raw Events: 350.0000000000 (from /eos/user/z/zixuan/Isotope/Add/N14_w1_frag5.root)
  MC Flux:    240129048.1415599585
  => Calculated Acc(XfragY) = (Events/Flux)*Scale = 0.0000696470
----------------------------------------
--- Epsilon Calculation Details ---
Flux(N14) at 0.7045414310 GeV/n:   0.5056970681
Flux(B11) at 0.7045414310 GeV/n: 0.7870998456
=> Flux Ratio (X/Y) from TF1:  0.6424814729
----------------------------------------
Acceptance Ratio (from combined hist): 0.0010771227
Acceptance Ratio (from global spline): 0.0010597940
----------------------------------------
FINAL Epsilon = Flux Ratio * Splined Acc Ratio
              = 0.6424814729 * 0.0010597940
              = 0.0006808980
/**************************************/




/********** DEBUGGING OUTPUT (BIN 6) **********/
Channel: N14 -> B11, Detector: TOF
Energy (ek/n): 0.9672506104 GeV/n
----------------------------------------
--- Acceptance Calculation Details ---
Scale Factor (3.9^2 * Pi): 47.7836242611
Acc(Y): 
  Raw Events: 253628.0000000000 (from /eos/user/z/zixuan/Isotope/Add/B11_w1_frag5.root)
  MC Flux:    193009772.6243878603
  => Calculated Acc(Y) = (Events/Flux)*Scale = 0.0627909400
Acc(XfragY): 
  Raw Events: 258.0000000000 (from /eos/user/z/zixuan/Isotope/Add/N14_w1_frag5.root)
  MC Flux:    229230508.3980275989
  => Calculated Acc(XfragY) = (Events/Flux)*Scale = 0.0000537807
----------------------------------------
--- Epsilon Calculation Details ---
Flux(N14) at 0.9672506104 GeV/n:   0.3601010089
Flux(B11) at 0.9672506104 GeV/n: 0.5684074140
=> Flux Ratio (X/Y) from TF1:  0.6335262349
----------------------------------------
Acceptance Ratio (from combined hist): 0.0008565040
Acceptance Ratio (from global spline): 0.0008285695
----------------------------------------
FINAL Epsilon = Flux Ratio * Splined Acc Ratio
              = 0.6335262349 * 0.0008285695
              = 0.0005249205
/**************************************/




/********** DEBUGGING OUTPUT (BIN 7) **********/
Channel: N14 -> B11, Detector: NaF
Energy (ek/n): 1.2922125341 GeV/n
----------------------------------------
--- Acceptance Calculation Details ---
Scale Factor (3.9^2 * Pi): 47.7836242611
Acc(Y): 
  Raw Events: 22104.0000000000 (from /eos/user/z/zixuan/Isotope/Add/B11_w1_frag5.root)
  MC Flux:    186362533.0536190271
  => Calculated Acc(Y) = (Events/Flux)*Scale = 0.0056674977
Acc(XfragY): 
  Raw Events: 16.0000000000 (from /eos/user/z/zixuan/Isotope/Add/N14_w1_frag5.root)
  MC Flux:    221335829.8771829009
  => Calculated Acc(XfragY) = (Events/Flux)*Scale = 0.0000034542
----------------------------------------
--- Epsilon Calculation Details ---
Flux(N14) at 1.2922125341 GeV/n:   0.2643590385
Flux(B11) at 1.2922125341 GeV/n: 0.4189192905
=> Flux Ratio (X/Y) from TF1:  0.6310500484
----------------------------------------
Acceptance Ratio (from combined hist): 0.0006094751
Acceptance Ratio (from global spline): 0.0006206554
----------------------------------------
FINAL Epsilon = Flux Ratio * Splined Acc Ratio
              = 0.6310500484 * 0.0006206554
              = 0.0003916646
/**************************************/




/********** DEBUGGING OUTPUT (BIN 8) **********/
Channel: N14 -> B11, Detector: NaF
Energy (ek/n): 1.6909447265 GeV/n
----------------------------------------
--- Acceptance Calculation Details ---
Scale Factor (3.9^2 * Pi): 47.7836242611
Acc(Y): 
  Raw Events: 21422.0000000000 (from /eos/user/z/zixuan/Isotope/Add/B11_w1_frag5.root)
  MC Flux:    182579055.6599633098
  => Calculated Acc(Y) = (Events/Flux)*Scale = 0.0056064525
Acc(XfragY): 
  Raw Events: 15.0000000000 (from /eos/user/z/zixuan/Isotope/Add/N14_w1_frag5.root)
  MC Flux:    216842334.8863987625
  => Calculated Acc(XfragY) = (Events/Flux)*Scale = 0.0000033054
----------------------------------------
--- Epsilon Calculation Details ---
Flux(N14) at 1.6909447265 GeV/n:   0.1827408793
Flux(B11) at 1.6909447265 GeV/n: 0.2877259961
=> Flux Ratio (X/Y) from TF1:  0.6351211979
----------------------------------------
Acceptance Ratio (from combined hist): 0.0005895737
Acceptance Ratio (from global spline): 0.0004839836
----------------------------------------
FINAL Epsilon = Flux Ratio * Splined Acc Ratio
              = 0.6351211979 * 0.0004839836
              = 0.0003073883
/**************************************/




/********** DEBUGGING OUTPUT (BIN 9) **********/
Channel: N14 -> B11, Detector: NaF
Energy (ek/n): 2.1727158116 GeV/n
----------------------------------------
--- Acceptance Calculation Details ---
Scale Factor (3.9^2 * Pi): 47.7836242611
Acc(Y): 
  Raw Events: 21060.0000000000 (from /eos/user/z/zixuan/Isotope/Add/B11_w1_frag5.root)
  MC Flux:    176810136.8304176927
  => Calculated Acc(Y) = (Events/Flux)*Scale = 0.0056915466
Acc(XfragY): 
  Raw Events: 8.0000000000 (from /eos/user/z/zixuan/Isotope/Add/N14_w1_frag5.root)
  MC Flux:    209990805.1518020928
  => Calculated Acc(XfragY) = (Events/Flux)*Scale = 0.0000018204
----------------------------------------
--- Epsilon Calculation Details ---
Flux(N14) at 2.1727158116 GeV/n:   0.1223238031
Flux(B11) at 2.1727158116 GeV/n: 0.1881856759
=> Flux Ratio (X/Y) from TF1:  0.6500165460
----------------------------------------
Acceptance Ratio (from combined hist): 0.0003198442
Acceptance Ratio (from global spline): 0.0004107254
----------------------------------------
FINAL Epsilon = Flux Ratio * Splined Acc Ratio
              = 0.6500165460 * 0.0004107254
              = 0.0002669783
/**************************************/




/********** DEBUGGING OUTPUT (BIN 10) **********/
Channel: N14 -> B11, Detector: NaF
Energy (ek/n): 2.7468447478 GeV/n
----------------------------------------
--- Acceptance Calculation Details ---
Scale Factor (3.9^2 * Pi): 47.7836242611
Acc(Y): 
  Raw Events: 21031.0000000000 (from /eos/user/z/zixuan/Isotope/Add/B11_w1_frag5.root)
  MC Flux:    172500639.3455166519
  => Calculated Acc(Y) = (Events/Flux)*Scale = 0.0058257025
Acc(XfragY): 
  Raw Events: 7.0000000000 (from /eos/user/z/zixuan/Isotope/Add/N14_w1_frag5.root)
  MC Flux:    204872575.7172422409
  => Calculated Acc(XfragY) = (Events/Flux)*Scale = 0.0000016327
----------------------------------------
--- Epsilon Calculation Details ---
Flux(N14) at 2.7468447478 GeV/n:   0.0790148422
Flux(B11) at 2.7468447478 GeV/n: 0.1183576251
=> Flux Ratio (X/Y) from TF1:  0.6675940152
----------------------------------------
Acceptance Ratio (from combined hist): 0.0002802496
Acceptance Ratio (from global spline): 0.0003726835
----------------------------------------
FINAL Epsilon = Flux Ratio * Splined Acc Ratio
              = 0.6675940152 * 0.0003726835
              = 0.0002488013
/**************************************/




/********** DEBUGGING OUTPUT (BIN 11) **********/
Channel: N14 -> B11, Detector: AGL
Energy (ek/n): 3.4250117177 GeV/n
----------------------------------------
--- Acceptance Calculation Details ---
Scale Factor (3.9^2 * Pi): 47.7836242611
Acc(Y): 
  Raw Events: 117712.0000000000 (from /eos/user/z/zixuan/Isotope/Add/B11_w1_frag5.root)
  MC Flux:    167676374.2093430161
  => Calculated Acc(Y) = (Events/Flux)*Scale = 0.0335450120
Acc(XfragY): 
  Raw Events: 48.0000000000 (from /eos/user/z/zixuan/Isotope/Add/N14_w1_frag5.root)
  MC Flux:    199142975.9421876073
  => Calculated Acc(XfragY) = (Events/Flux)*Scale = 0.0000115174
----------------------------------------
--- Epsilon Calculation Details ---
Flux(N14) at 3.4250117177 GeV/n:   0.0514629550
Flux(B11) at 3.4250117177 GeV/n: 0.0756819913
=> Flux Ratio (X/Y) from TF1:  0.6799894410
----------------------------------------
Acceptance Ratio (from combined hist): 0.0003433424
Acceptance Ratio (from global spline): 0.0003496373
----------------------------------------
FINAL Epsilon = Flux Ratio * Splined Acc Ratio
              = 0.6799894410 * 0.0003496373
              = 0.0002377497
/**************************************/




/********** DEBUGGING OUTPUT (BIN 12) **********/
Channel: N14 -> B11, Detector: AGL
Energy (ek/n): 4.2190486071 GeV/n
----------------------------------------
--- Acceptance Calculation Details ---
Scale Factor (3.9^2 * Pi): 47.7836242611
Acc(Y): 
  Raw Events: 116952.0000000000 (from /eos/user/z/zixuan/Isotope/Add/B11_w1_frag5.root)
  MC Flux:    163377772.9140477180
  => Calculated Acc(Y) = (Events/Flux)*Scale = 0.0342053287
Acc(XfragY): 
  Raw Events: 54.0000000000 (from /eos/user/z/zixuan/Isotope/Add/N14_w1_frag5.root)
  MC Flux:    194037687.5056353211
  => Calculated Acc(XfragY) = (Events/Flux)*Scale = 0.0000132980
----------------------------------------
--- Epsilon Calculation Details ---
Flux(N14) at 4.2190486071 GeV/n:   0.0331087165
Flux(B11) at 4.2190486071 GeV/n: 0.0478878471
=> Flux Ratio (X/Y) from TF1:  0.6913803506
----------------------------------------
Acceptance Ratio (from combined hist): 0.0003887702
Acceptance Ratio (from global spline): 0.0003281178
----------------------------------------
FINAL Epsilon = Flux Ratio * Splined Acc Ratio
              = 0.6913803506 * 0.0003281178
              = 0.0002268542
/**************************************/




/********** DEBUGGING OUTPUT (BIN 13) **********/
Channel: N14 -> B11, Detector: AGL
Energy (ek/n): 5.1408648843 GeV/n
----------------------------------------
--- Acceptance Calculation Details ---
Scale Factor (3.9^2 * Pi): 47.7836242611
Acc(Y): 
  Raw Events: 115622.0000000000 (from /eos/user/z/zixuan/Isotope/Add/B11_w1_frag5.root)
  MC Flux:    158503573.2496312261
  => Calculated Acc(Y) = (Events/Flux)*Scale = 0.0348562376
Acc(XfragY): 
  Raw Events: 48.0000000000 (from /eos/user/z/zixuan/Isotope/Add/N14_w1_frag5.root)
  MC Flux:    188248782.3537592292
  => Calculated Acc(XfragY) = (Events/Flux)*Scale = 0.0000121840
----------------------------------------
--- Epsilon Calculation Details ---
Flux(N14) at 5.1408648843 GeV/n:   0.0216186832
Flux(B11) at 5.1408648843 GeV/n: 0.0306561888
=> Flux Ratio (X/Y) from TF1:  0.7051980047
----------------------------------------
Acceptance Ratio (from combined hist): 0.0003495487
Acceptance Ratio (from global spline): 0.0002995198
----------------------------------------
FINAL Epsilon = Flux Ratio * Splined Acc Ratio
              = 0.7051980047 * 0.0002995198
              = 0.0002112208
/**************************************/




/********** DEBUGGING OUTPUT (BIN 14) **********/
Channel: N14 -> B11, Detector: AGL
Energy (ek/n): 6.2049547931 GeV/n
----------------------------------------
--- Acceptance Calculation Details ---
Scale Factor (3.9^2 * Pi): 47.7836242611
Acc(Y): 
  Raw Events: 112504.0000000000 (from /eos/user/z/zixuan/Isotope/Add/B11_w1_frag5.root)
  MC Flux:    154565404.9125555158
  => Calculated Acc(Y) = (Events/Flux)*Scale = 0.0347804146
Acc(XfragY): 
  Raw Events: 24.0000000000 (from /eos/user/z/zixuan/Isotope/Add/N14_w1_frag5.root)
  MC Flux:    183571566.6988726258
  => Calculated Acc(XfragY) = (Events/Flux)*Scale = 0.0000062472
----------------------------------------
--- Epsilon Calculation Details ---
Flux(N14) at 6.2049547931 GeV/n:   0.0141850453
Flux(B11) at 6.2049547931 GeV/n: 0.0195128022
=> Flux Ratio (X/Y) from TF1:  0.7269609539
----------------------------------------
Acceptance Ratio (from combined hist): 0.0001796181
Acceptance Ratio (from global spline): 0.0002582512
----------------------------------------
FINAL Epsilon = Flux Ratio * Splined Acc Ratio
              = 0.7269609539 * 0.0002582512
              = 0.0001877385
/**************************************/




/********** DEBUGGING OUTPUT (BIN 15) **********/
Channel: N14 -> B11, Detector: AGL
Energy (ek/n): 7.4457899798 GeV/n
----------------------------------------
--- Acceptance Calculation Details ---
Scale Factor (3.9^2 * Pi): 47.7836242611
Acc(Y): 
  Raw Events: 112057.0000000000 (from /eos/user/z/zixuan/Isotope/Add/B11_w1_frag5.root)
  MC Flux:    154200545.8773555756
  => Calculated Acc(Y) = (Events/Flux)*Scale = 0.0347241934
Acc(XfragY): 
  Raw Events: 39.0000000000 (from /eos/user/z/zixuan/Isotope/Add/N14_w1_frag5.root)
  MC Flux:    183138237.2306533456
  => Calculated Acc(XfragY) = (Events/Flux)*Scale = 0.0000101757
----------------------------------------
--- Epsilon Calculation Details ---
Flux(N14) at 7.4457899798 GeV/n:   0.0091983207
Flux(B11) at 7.4457899798 GeV/n: 0.0123133589
=> Flux Ratio (X/Y) from TF1:  0.7470196224
----------------------------------------
Acceptance Ratio (from combined hist): 0.0002930438
Acceptance Ratio (from global spline): 0.0002095875
----------------------------------------
FINAL Epsilon = Flux Ratio * Splined Acc Ratio
              = 0.7470196224 * 0.0002095875
              = 0.0001565660
/**************************************/




/********** DEBUGGING OUTPUT (BIN 16) **********/
Channel: N14 -> B11, Detector: AGL
Energy (ek/n): 8.8880598677 GeV/n
----------------------------------------
--- Acceptance Calculation Details ---
Scale Factor (3.9^2 * Pi): 47.7836242611
Acc(Y): 
  Raw Events: 109349.0000000000 (from /eos/user/z/zixuan/Isotope/Add/B11_w1_frag5.root)
  MC Flux:    150768064.9329307079
  => Calculated Acc(Y) = (Events/Flux)*Scale = 0.0346564873
Acc(XfragY): 
  Raw Events: 20.0000000000 (from /eos/user/z/zixuan/Isotope/Add/N14_w1_frag5.root)
  MC Flux:    179061607.6317557991
  => Calculated Acc(XfragY) = (Events/Flux)*Scale = 0.0000053371
----------------------------------------
--- Epsilon Calculation Details ---
Flux(N14) at 8.8880598677 GeV/n:   0.0059620302
Flux(B11) at 8.8880598677 GeV/n: 0.0078079744
=> Flux Ratio (X/Y) from TF1:  0.7635821908
----------------------------------------
Acceptance Ratio (from combined hist): 0.0001540005
Acceptance Ratio (from global spline): 0.0001672918
----------------------------------------
FINAL Epsilon = Flux Ratio * Splined Acc Ratio
              = 0.7635821908 * 0.0001672918
              = 0.0001277410
/**************************************/




/********** DEBUGGING OUTPUT (BIN 17) **********/
Channel: N14 -> B11, Detector: AGL
Energy (ek/n): 10.5565612202 GeV/n
----------------------------------------
--- Acceptance Calculation Details ---
Scale Factor (3.9^2 * Pi): 47.7836242611
Acc(Y): 
  Raw Events: 108320.0000000000 (from /eos/user/z/zixuan/Isotope/Add/B11_w1_frag5.root)
  MC Flux:    149467162.9530265629
  => Calculated Acc(Y) = (Events/Flux)*Scale = 0.0346291592
Acc(XfragY): 
  Raw Events: 22.0000000000 (from /eos/user/z/zixuan/Isotope/Add/N14_w1_frag5.root)
  MC Flux:    177516574.8690378666
  => Calculated Acc(XfragY) = (Events/Flux)*Scale = 0.0000059219
----------------------------------------
--- Epsilon Calculation Details ---
Flux(N14) at 10.5565612202 GeV/n:   0.0038838111
Flux(B11) at 10.5565612202 GeV/n: 0.0049261906
=> Flux Ratio (X/Y) from TF1:  0.7884004968
----------------------------------------
Acceptance Ratio (from combined hist): 0.0001710098
Acceptance Ratio (from global spline): 0.0001431338
----------------------------------------
FINAL Epsilon = Flux Ratio * Splined Acc Ratio
              = 0.7884004968 * 0.0001431338
              = 0.0001128468
/**************************************/




/********** DEBUGGING OUTPUT (BIN 18) **********/
Channel: N14 -> B11, Detector: AGL
Energy (ek/n): 12.4760880858 GeV/n
----------------------------------------
--- Acceptance Calculation Details ---
Scale Factor (3.9^2 * Pi): 47.7836242611
Acc(Y): 
  Raw Events: 105491.0000000000 (from /eos/user/z/zixuan/Isotope/Add/B11_w1_frag5.root)
  MC Flux:    145711692.9927140474
  => Calculated Acc(Y) = (Events/Flux)*Scale = 0.0345939451
Acc(XfragY): 
  Raw Events: 14.0000000000 (from /eos/user/z/zixuan/Isotope/Add/N14_w1_frag5.root)
  MC Flux:    173056343.2622618675
  => Calculated Acc(XfragY) = (Events/Flux)*Scale = 0.0000038656
----------------------------------------
--- Epsilon Calculation Details ---
Flux(N14) at 12.4760880858 GeV/n:   0.0025162837
Flux(B11) at 12.4760880858 GeV/n: 0.0030859256
=> Flux Ratio (X/Y) from TF1:  0.8154064476
----------------------------------------
Acceptance Ratio (from combined hist): 0.0001117428
Acceptance Ratio (from global spline): 0.0001392029
----------------------------------------
FINAL Epsilon = Flux Ratio * Splined Acc Ratio
              = 0.8154064476 * 0.0001392029
              = 0.0001135070
/**************************************/




/********** DEBUGGING OUTPUT (BIN 19) **********/
Channel: N14 -> B11, Detector: AGL
Energy (ek/n): 14.6714890086 GeV/n
----------------------------------------
--- Acceptance Calculation Details ---
Scale Factor (3.9^2 * Pi): 47.7836242611
Acc(Y): 
  Raw Events: 103613.0000000000 (from /eos/user/z/zixuan/Isotope/Add/B11_w1_frag5.root)
  MC Flux:    143432550.0592814684
  => Calculated Acc(Y) = (Events/Flux)*Scale = 0.0345179993
Acc(XfragY): 
  Raw Events: 21.0000000000 (from /eos/user/z/zixuan/Isotope/Add/N14_w1_frag5.root)
  MC Flux:    170349490.2037938237
  => Calculated Acc(XfragY) = (Events/Flux)*Scale = 0.0000058906
----------------------------------------
--- Epsilon Calculation Details ---
Flux(N14) at 14.6714890086 GeV/n:   0.0016280305
Flux(B11) at 14.6714890086 GeV/n: 0.0019546602
=> Flux Ratio (X/Y) from TF1:  0.8328969472
----------------------------------------
Acceptance Ratio (from combined hist): 0.0001706522
Acceptance Ratio (from global spline): 0.0001451933
----------------------------------------
FINAL Epsilon = Flux Ratio * Splined Acc Ratio
              = 0.8328969472 * 0.0001451933
              = 0.0001209311
/**************************************/




/********** DEBUGGING OUTPUT (BIN 20) **********/
Channel: N14 -> B11, Detector: AGL
Energy (ek/n): 17.1925871018 GeV/n
----------------------------------------
--- Acceptance Calculation Details ---
Scale Factor (3.9^2 * Pi): 47.7836242611
Acc(Y): 
  Raw Events: 102514.0000000000 (from /eos/user/z/zixuan/Isotope/Add/B11_w1_frag5.root)
  MC Flux:    141799410.2624018490
  => Calculated Acc(Y) = (Events/Flux)*Scale = 0.0345452104
Acc(XfragY): 
  Raw Events: 18.0000000000 (from /eos/user/z/zixuan/Isotope/Add/N14_w1_frag5.root)
  MC Flux:    168409870.9770912230
  => Calculated Acc(XfragY) = (Events/Flux)*Scale = 0.0000051072
----------------------------------------
--- Epsilon Calculation Details ---
Flux(N14) at 17.1925871018 GeV/n:   0.0010633025
Flux(B11) at 17.1925871018 GeV/n: 0.0012528916
=> Flux Ratio (X/Y) from TF1:  0.8486787267
----------------------------------------
Acceptance Ratio (from combined hist): 0.0001478414
Acceptance Ratio (from global spline): 0.0001513904
----------------------------------------
FINAL Epsilon = Flux Ratio * Splined Acc Ratio
              = 0.8486787267 * 0.0001513904
              = 0.0001284818
/**************************************/




/********** DEBUGGING OUTPUT (BIN 21) **********/
Channel: N14 -> B11, Detector: AGL
Energy (ek/n): 20.0892620167 GeV/n
----------------------------------------
--- Acceptance Calculation Details ---
Scale Factor (3.9^2 * Pi): 47.7836242611
Acc(Y): 
  Raw Events: 102008.0000000000 (from /eos/user/z/zixuan/Isotope/Add/B11_w1_frag5.root)
  MC Flux:    140318483.2962421179
  => Calculated Acc(Y) = (Events/Flux)*Scale = 0.0347374902
Acc(XfragY): 
  Raw Events: 18.0000000000 (from /eos/user/z/zixuan/Isotope/Add/N14_w1_frag5.root)
  MC Flux:    166651029.2524609268
  => Calculated Acc(XfragY) = (Events/Flux)*Scale = 0.0000051611
----------------------------------------
--- Epsilon Calculation Details ---
Flux(N14) at 20.0892620167 GeV/n:   0.0006980497
Flux(B11) at 20.0892620167 GeV/n: 0.0007940950
=> Flux Ratio (X/Y) from TF1:  0.8790506492
----------------------------------------
Acceptance Ratio (from combined hist): 0.0001485748
Acceptance Ratio (from global spline): 0.0001493333
----------------------------------------
FINAL Epsilon = Flux Ratio * Splined Acc Ratio
              = 0.8790506492 * 0.0001493333
              = 0.0001312715
/**************************************/


    INFO: Intermediate results saved to /eos/user/z/zixuan/Isotope/BkgEst/w1_results_N14_to_B11.pdf

>>> Processing channel: N15 -> B11...
 flux ratio at 1 GeV/n: 0.6328235899
  -- Detector: TOF --
  -- Detector: NaF --
  -- Detector: AGL --
****************************************
Minimizer is Minuit2 / Migrad
Chi2                      = 32.0393396880
NDf                       =           10
Edm                       = 0.0000001232
NCalls                    =          281
p0                        = 0.0012351491   +/-   0.0000467794
p1                        = 0.0008006918   +/-   0.0000368066
p2                        = 0.0004260142   +/-   0.0000596143
p3                        = 0.0002933400   +/-   0.0000345793
p4                        = 0.0001729611   +/-   0.0000204845
p5                        = 0.0001176822   +/-   0.0000177924
p6                        = -0.0000610489   +/-   0.0002195890
p7                        = -0.0002137848   +/-   0.0007998170
p8                        = 0.0006449994   +/-   0.0024130875


/********** DEBUGGING OUTPUT (BIN 3) **********/
Channel: N15 -> B11, Detector: TOF
Energy (ek/n): 0.3368463841 GeV/n
----------------------------------------
--- Acceptance Calculation Details ---
Scale Factor (3.9^2 * Pi): 47.7836242611
Acc(Y): 
  Raw Events: 324200.0000000000 (from /eos/user/z/zixuan/Isotope/Add/B11_w1_frag5.root)
  MC Flux:    227920321.4820016026
  => Calculated Acc(Y) = (Events/Flux)*Scale = 0.0679687133
Acc(XfragY): 
  Raw Events: 549.0000000000 (from /eos/user/z/zixuan/Isotope/Add/N15_w1_frag5.root)
  MC Flux:    300457445.0453983545
  => Calculated Acc(XfragY) = (Events/Flux)*Scale = 0.0000873109
----------------------------------------
--- Epsilon Calculation Details ---
Flux(N15) at 0.3368463841 GeV/n:   0.9463337766
Flux(B11) at 0.3368463841 GeV/n: 1.4563601217
=> Flux Ratio (X/Y) from TF1:  0.6497937993
----------------------------------------
Acceptance Ratio (from combined hist): 0.0012845748
Acceptance Ratio (from global spline): 0.0012347593
----------------------------------------
FINAL Epsilon = Flux Ratio * Splined Acc Ratio
              = 0.6497937993 * 0.0012347593
              = 0.0008023389
/**************************************/




/********** DEBUGGING OUTPUT (BIN 4) **********/
Channel: N15 -> B11, Detector: TOF
Energy (ek/n): 0.4968766615 GeV/n
----------------------------------------
--- Acceptance Calculation Details ---
Scale Factor (3.9^2 * Pi): 47.7836242611
Acc(Y): 
  Raw Events: 298018.0000000000 (from /eos/user/z/zixuan/Isotope/Add/B11_w1_frag5.root)
  MC Flux:    211722151.5548679233
  => Calculated Acc(Y) = (Events/Flux)*Scale = 0.0672597554
Acc(XfragY): 
  Raw Events: 428.0000000000 (from /eos/user/z/zixuan/Isotope/Add/N15_w1_frag5.root)
  MC Flux:    279104102.2672202587
  => Calculated Acc(XfragY) = (Events/Flux)*Scale = 0.0000732751
----------------------------------------
--- Epsilon Calculation Details ---
Flux(N15) at 0.4968766615 GeV/n:   0.6613844464
Flux(B11) at 0.4968766615 GeV/n: 1.0222186970
=> Flux Ratio (X/Y) from TF1:  0.6470087548
----------------------------------------
Acceptance Ratio (from combined hist): 0.0010894351
Acceptance Ratio (from global spline): 0.0011054607
----------------------------------------
FINAL Epsilon = Flux Ratio * Splined Acc Ratio
              = 0.6470087548 * 0.0011054607
              = 0.0007152428
/**************************************/




/********** DEBUGGING OUTPUT (BIN 5) **********/
Channel: N15 -> B11, Detector: TOF
Energy (ek/n): 0.7045414310 GeV/n
----------------------------------------
--- Acceptance Calculation Details ---
Scale Factor (3.9^2 * Pi): 47.7836242611
Acc(Y): 
  Raw Events: 273596.0000000000 (from /eos/user/z/zixuan/Isotope/Add/B11_w1_frag5.root)
  MC Flux:    202186233.0027966797
  => Calculated Acc(Y) = (Events/Flux)*Scale = 0.0646602307
Acc(XfragY): 
  Raw Events: 281.0000000000 (from /eos/user/z/zixuan/Isotope/Add/N15_w1_frag5.root)
  MC Flux:    266533315.6621186137
  => Calculated Acc(XfragY) = (Events/Flux)*Scale = 0.0000503772
----------------------------------------
--- Epsilon Calculation Details ---
Flux(N15) at 0.7045414310 GeV/n:   0.5056970681
Flux(B11) at 0.7045414310 GeV/n: 0.7870998456
=> Flux Ratio (X/Y) from TF1:  0.6424814729
----------------------------------------
Acceptance Ratio (from combined hist): 0.0007791062
Acceptance Ratio (from global spline): 0.0008672889
----------------------------------------
FINAL Epsilon = Flux Ratio * Splined Acc Ratio
              = 0.6424814729 * 0.0008672889
              = 0.0005572170
/**************************************/




/********** DEBUGGING OUTPUT (BIN 6) **********/
Channel: N15 -> B11, Detector: TOF
Energy (ek/n): 0.9672506104 GeV/n
----------------------------------------
--- Acceptance Calculation Details ---
Scale Factor (3.9^2 * Pi): 47.7836242611
Acc(Y): 
  Raw Events: 253628.0000000000 (from /eos/user/z/zixuan/Isotope/Add/B11_w1_frag5.root)
  MC Flux:    193009772.6243878603
  => Calculated Acc(Y) = (Events/Flux)*Scale = 0.0627909400
Acc(XfragY): 
  Raw Events: 262.0000000000 (from /eos/user/z/zixuan/Isotope/Add/N15_w1_frag5.root)
  MC Flux:    254436387.1305629909
  => Calculated Acc(XfragY) = (Events/Flux)*Scale = 0.0000492041
----------------------------------------
--- Epsilon Calculation Details ---
Flux(N15) at 0.9672506104 GeV/n:   0.3601010089
Flux(B11) at 0.9672506104 GeV/n: 0.5684074140
=> Flux Ratio (X/Y) from TF1:  0.6335262349
----------------------------------------
Acceptance Ratio (from combined hist): 0.0007836176
Acceptance Ratio (from global spline): 0.0006358096
----------------------------------------
FINAL Epsilon = Flux Ratio * Splined Acc Ratio
              = 0.6335262349 * 0.0006358096
              = 0.0004028021
/**************************************/




/********** DEBUGGING OUTPUT (BIN 7) **********/
Channel: N15 -> B11, Detector: NaF
Energy (ek/n): 1.2922125341 GeV/n
----------------------------------------
--- Acceptance Calculation Details ---
Scale Factor (3.9^2 * Pi): 47.7836242611
Acc(Y): 
  Raw Events: 22104.0000000000 (from /eos/user/z/zixuan/Isotope/Add/B11_w1_frag5.root)
  MC Flux:    186362533.0536190271
  => Calculated Acc(Y) = (Events/Flux)*Scale = 0.0056674977
Acc(XfragY): 
  Raw Events: 11.0000000000 (from /eos/user/z/zixuan/Isotope/Add/N15_w1_frag5.root)
  MC Flux:    245673620.3660572171
  => Calculated Acc(XfragY) = (Events/Flux)*Scale = 0.0000021395
----------------------------------------
--- Epsilon Calculation Details ---
Flux(N15) at 1.2922125341 GeV/n:   0.2643590385
Flux(B11) at 1.2922125341 GeV/n: 0.4189192905
=> Flux Ratio (X/Y) from TF1:  0.6310500484
----------------------------------------
Acceptance Ratio (from combined hist): 0.0003775043
Acceptance Ratio (from global spline): 0.0004640834
----------------------------------------
FINAL Epsilon = Flux Ratio * Splined Acc Ratio
              = 0.6310500484 * 0.0004640834
              = 0.0002928599
/**************************************/




/********** DEBUGGING OUTPUT (BIN 8) **********/
Channel: N15 -> B11, Detector: NaF
Energy (ek/n): 1.6909447265 GeV/n
----------------------------------------
--- Acceptance Calculation Details ---
Scale Factor (3.9^2 * Pi): 47.7836242611
Acc(Y): 
  Raw Events: 21422.0000000000 (from /eos/user/z/zixuan/Isotope/Add/B11_w1_frag5.root)
  MC Flux:    182579055.6599633098
  => Calculated Acc(Y) = (Events/Flux)*Scale = 0.0056064525
Acc(XfragY): 
  Raw Events: 8.0000000000 (from /eos/user/z/zixuan/Isotope/Add/N15_w1_frag5.root)
  MC Flux:    240686026.7030910552
  => Calculated Acc(XfragY) = (Events/Flux)*Scale = 0.0000015882
----------------------------------------
--- Epsilon Calculation Details ---
Flux(N15) at 1.6909447265 GeV/n:   0.1827408793
Flux(B11) at 1.6909447265 GeV/n: 0.2877259961
=> Flux Ratio (X/Y) from TF1:  0.6351211979
----------------------------------------
Acceptance Ratio (from combined hist): 0.0002832892
Acceptance Ratio (from global spline): 0.0003708447
----------------------------------------
FINAL Epsilon = Flux Ratio * Splined Acc Ratio
              = 0.6351211979 * 0.0003708447
              = 0.0002355314
/**************************************/




/********** DEBUGGING OUTPUT (BIN 9) **********/
Channel: N15 -> B11, Detector: NaF
Energy (ek/n): 2.1727158116 GeV/n
----------------------------------------
--- Acceptance Calculation Details ---
Scale Factor (3.9^2 * Pi): 47.7836242611
Acc(Y): 
  Raw Events: 21060.0000000000 (from /eos/user/z/zixuan/Isotope/Add/B11_w1_frag5.root)
  MC Flux:    176810136.8304176927
  => Calculated Acc(Y) = (Events/Flux)*Scale = 0.0056915466
Acc(XfragY): 
  Raw Events: 6.0000000000 (from /eos/user/z/zixuan/Isotope/Add/N15_w1_frag5.root)
  MC Flux:    233081111.9639005065
  => Calculated Acc(XfragY) = (Events/Flux)*Scale = 0.0000012301
----------------------------------------
--- Epsilon Calculation Details ---
Flux(N15) at 2.1727158116 GeV/n:   0.1223238031
Flux(B11) at 2.1727158116 GeV/n: 0.1881856759
=> Flux Ratio (X/Y) from TF1:  0.6500165460
----------------------------------------
Acceptance Ratio (from combined hist): 0.0002161190
Acceptance Ratio (from global spline): 0.0003319309
----------------------------------------
FINAL Epsilon = Flux Ratio * Splined Acc Ratio
              = 0.6500165460 * 0.0003319309
              = 0.0002157606
/**************************************/




/********** DEBUGGING OUTPUT (BIN 10) **********/
Channel: N15 -> B11, Detector: NaF
Energy (ek/n): 2.7468447478 GeV/n
----------------------------------------
--- Acceptance Calculation Details ---
Scale Factor (3.9^2 * Pi): 47.7836242611
Acc(Y): 
  Raw Events: 21031.0000000000 (from /eos/user/z/zixuan/Isotope/Add/B11_w1_frag5.root)
  MC Flux:    172500639.3455166519
  => Calculated Acc(Y) = (Events/Flux)*Scale = 0.0058257025
Acc(XfragY): 
  Raw Events: 7.0000000000 (from /eos/user/z/zixuan/Isotope/Add/N15_w1_frag5.root)
  MC Flux:    227400088.8970512450
  => Calculated Acc(XfragY) = (Events/Flux)*Scale = 0.0000014709
----------------------------------------
--- Epsilon Calculation Details ---
Flux(N15) at 2.7468447478 GeV/n:   0.0790148422
Flux(B11) at 2.7468447478 GeV/n: 0.1183576251
=> Flux Ratio (X/Y) from TF1:  0.6675940152
----------------------------------------
Acceptance Ratio (from combined hist): 0.0002524865
Acceptance Ratio (from global spline): 0.0003101625
----------------------------------------
FINAL Epsilon = Flux Ratio * Splined Acc Ratio
              = 0.6675940152 * 0.0003101625
              = 0.0002070626
/**************************************/




/********** DEBUGGING OUTPUT (BIN 11) **********/
Channel: N15 -> B11, Detector: AGL
Energy (ek/n): 3.4250117177 GeV/n
----------------------------------------
--- Acceptance Calculation Details ---
Scale Factor (3.9^2 * Pi): 47.7836242611
Acc(Y): 
  Raw Events: 117712.0000000000 (from /eos/user/z/zixuan/Isotope/Add/B11_w1_frag5.root)
  MC Flux:    167676374.2093430161
  => Calculated Acc(Y) = (Events/Flux)*Scale = 0.0335450120
Acc(XfragY): 
  Raw Events: 44.0000000000 (from /eos/user/z/zixuan/Isotope/Add/N15_w1_frag5.root)
  MC Flux:    221040470.0284425318
  => Calculated Acc(XfragY) = (Events/Flux)*Scale = 0.0000095117
----------------------------------------
--- Epsilon Calculation Details ---
Flux(N15) at 3.4250117177 GeV/n:   0.0514629550
Flux(B11) at 3.4250117177 GeV/n: 0.0756819913
=> Flux Ratio (X/Y) from TF1:  0.6799894410
----------------------------------------
Acceptance Ratio (from combined hist): 0.0002835515
Acceptance Ratio (from global spline): 0.0002800638
----------------------------------------
FINAL Epsilon = Flux Ratio * Splined Acc Ratio
              = 0.6799894410 * 0.0002800638
              = 0.0001904404
/**************************************/




/********** DEBUGGING OUTPUT (BIN 12) **********/
Channel: N15 -> B11, Detector: AGL
Energy (ek/n): 4.2190486071 GeV/n
----------------------------------------
--- Acceptance Calculation Details ---
Scale Factor (3.9^2 * Pi): 47.7836242611
Acc(Y): 
  Raw Events: 116952.0000000000 (from /eos/user/z/zixuan/Isotope/Add/B11_w1_frag5.root)
  MC Flux:    163377772.9140477180
  => Calculated Acc(Y) = (Events/Flux)*Scale = 0.0342053287
Acc(XfragY): 
  Raw Events: 47.0000000000 (from /eos/user/z/zixuan/Isotope/Add/N15_w1_frag5.root)
  MC Flux:    215373810.9343554378
  => Calculated Acc(XfragY) = (Events/Flux)*Scale = 0.0000104276
----------------------------------------
--- Epsilon Calculation Details ---
Flux(N15) at 4.2190486071 GeV/n:   0.0331087165
Flux(B11) at 4.2190486071 GeV/n: 0.0478878471
=> Flux Ratio (X/Y) from TF1:  0.6913803506
----------------------------------------
Acceptance Ratio (from combined hist): 0.0003048529
Acceptance Ratio (from global spline): 0.0002363855
----------------------------------------
FINAL Epsilon = Flux Ratio * Splined Acc Ratio
              = 0.6913803506 * 0.0002363855
              = 0.0001634323
/**************************************/




/********** DEBUGGING OUTPUT (BIN 13) **********/
Channel: N15 -> B11, Detector: AGL
Energy (ek/n): 5.1408648843 GeV/n
----------------------------------------
--- Acceptance Calculation Details ---
Scale Factor (3.9^2 * Pi): 47.7836242611
Acc(Y): 
  Raw Events: 115622.0000000000 (from /eos/user/z/zixuan/Isotope/Add/B11_w1_frag5.root)
  MC Flux:    158503573.2496312261
  => Calculated Acc(Y) = (Events/Flux)*Scale = 0.0348562376
Acc(XfragY): 
  Raw Events: 32.0000000000 (from /eos/user/z/zixuan/Isotope/Add/N15_w1_frag5.root)
  MC Flux:    208948365.5493661463
  => Calculated Acc(XfragY) = (Events/Flux)*Scale = 0.0000073180
----------------------------------------
--- Epsilon Calculation Details ---
Flux(N15) at 5.1408648843 GeV/n:   0.0216186832
Flux(B11) at 5.1408648843 GeV/n: 0.0306561888
=> Flux Ratio (X/Y) from TF1:  0.7051980047
----------------------------------------
Acceptance Ratio (from combined hist): 0.0002099470
Acceptance Ratio (from global spline): 0.0001914657
----------------------------------------
FINAL Epsilon = Flux Ratio * Splined Acc Ratio
              = 0.7051980047 * 0.0001914657
              = 0.0001350212
/**************************************/




/********** DEBUGGING OUTPUT (BIN 14) **********/
Channel: N15 -> B11, Detector: AGL
Energy (ek/n): 6.2049547931 GeV/n
----------------------------------------
--- Acceptance Calculation Details ---
Scale Factor (3.9^2 * Pi): 47.7836242611
Acc(Y): 
  Raw Events: 112504.0000000000 (from /eos/user/z/zixuan/Isotope/Add/B11_w1_frag5.root)
  MC Flux:    154565404.9125555158
  => Calculated Acc(Y) = (Events/Flux)*Scale = 0.0347804146
Acc(XfragY): 
  Raw Events: 17.0000000000 (from /eos/user/z/zixuan/Isotope/Add/N15_w1_frag5.root)
  MC Flux:    203756849.5449020267
  => Calculated Acc(XfragY) = (Events/Flux)*Scale = 0.0000039867
----------------------------------------
--- Epsilon Calculation Details ---
Flux(N15) at 6.2049547931 GeV/n:   0.0141850453
Flux(B11) at 6.2049547931 GeV/n: 0.0195128022
=> Flux Ratio (X/Y) from TF1:  0.7269609539
----------------------------------------
Acceptance Ratio (from combined hist): 0.0001146254
Acceptance Ratio (from global spline): 0.0001551202
----------------------------------------
FINAL Epsilon = Flux Ratio * Splined Acc Ratio
              = 0.7269609539 * 0.0001551202
              = 0.0001127663
/**************************************/




/********** DEBUGGING OUTPUT (BIN 15) **********/
Channel: N15 -> B11, Detector: AGL
Energy (ek/n): 7.4457899798 GeV/n
----------------------------------------
--- Acceptance Calculation Details ---
Scale Factor (3.9^2 * Pi): 47.7836242611
Acc(Y): 
  Raw Events: 112057.0000000000 (from /eos/user/z/zixuan/Isotope/Add/B11_w1_frag5.root)
  MC Flux:    154200545.8773555756
  => Calculated Acc(Y) = (Events/Flux)*Scale = 0.0347241934
Acc(XfragY): 
  Raw Events: 20.0000000000 (from /eos/user/z/zixuan/Isotope/Add/N15_w1_frag5.root)
  MC Flux:    203275871.7505346537
  => Calculated Acc(XfragY) = (Events/Flux)*Scale = 0.0000047014
----------------------------------------
--- Epsilon Calculation Details ---
Flux(N15) at 7.4457899798 GeV/n:   0.0091983207
Flux(B11) at 7.4457899798 GeV/n: 0.0123133589
=> Flux Ratio (X/Y) from TF1:  0.7470196224
----------------------------------------
Acceptance Ratio (from combined hist): 0.0001353914
Acceptance Ratio (from global spline): 0.0001308195
----------------------------------------
FINAL Epsilon = Flux Ratio * Splined Acc Ratio
              = 0.7470196224 * 0.0001308195
              = 0.0000977247
/**************************************/




/********** DEBUGGING OUTPUT (BIN 16) **********/
Channel: N15 -> B11, Detector: AGL
Energy (ek/n): 8.8880598677 GeV/n
----------------------------------------
--- Acceptance Calculation Details ---
Scale Factor (3.9^2 * Pi): 47.7836242611
Acc(Y): 
  Raw Events: 109349.0000000000 (from /eos/user/z/zixuan/Isotope/Add/B11_w1_frag5.root)
  MC Flux:    150768064.9329307079
  => Calculated Acc(Y) = (Events/Flux)*Scale = 0.0346564873
Acc(XfragY): 
  Raw Events: 25.0000000000 (from /eos/user/z/zixuan/Isotope/Add/N15_w1_frag5.root)
  MC Flux:    198750981.4378894567
  => Calculated Acc(XfragY) = (Events/Flux)*Scale = 0.0000060105
----------------------------------------
--- Epsilon Calculation Details ---
Flux(N15) at 8.8880598677 GeV/n:   0.0059620302
Flux(B11) at 8.8880598677 GeV/n: 0.0078079744
=> Flux Ratio (X/Y) from TF1:  0.7635821908
----------------------------------------
Acceptance Ratio (from combined hist): 0.0001734304
Acceptance Ratio (from global spline): 0.0001187995
----------------------------------------
FINAL Epsilon = Flux Ratio * Splined Acc Ratio
              = 0.7635821908 * 0.0001187995
              = 0.0000907132
/**************************************/




/********** DEBUGGING OUTPUT (BIN 17) **********/
Channel: N15 -> B11, Detector: AGL
Energy (ek/n): 10.5565612202 GeV/n
----------------------------------------
--- Acceptance Calculation Details ---
Scale Factor (3.9^2 * Pi): 47.7836242611
Acc(Y): 
  Raw Events: 108320.0000000000 (from /eos/user/z/zixuan/Isotope/Add/B11_w1_frag5.root)
  MC Flux:    149467162.9530265629
  => Calculated Acc(Y) = (Events/Flux)*Scale = 0.0346291592
Acc(XfragY): 
  Raw Events: 12.0000000000 (from /eos/user/z/zixuan/Isotope/Add/N15_w1_frag5.root)
  MC Flux:    197036058.9483326674
  => Calculated Acc(XfragY) = (Events/Flux)*Scale = 0.0000029101
----------------------------------------
--- Epsilon Calculation Details ---
Flux(N15) at 10.5565612202 GeV/n:   0.0038838111
Flux(B11) at 10.5565612202 GeV/n: 0.0049261906
=> Flux Ratio (X/Y) from TF1:  0.7884004968
----------------------------------------
Acceptance Ratio (from combined hist): 0.0000840374
Acceptance Ratio (from global spline): 0.0001190639
----------------------------------------
FINAL Epsilon = Flux Ratio * Splined Acc Ratio
              = 0.7884004968 * 0.0001190639
              = 0.0000938700
/**************************************/




/********** DEBUGGING OUTPUT (BIN 18) **********/
Channel: N15 -> B11, Detector: AGL
Energy (ek/n): 12.4760880858 GeV/n
----------------------------------------
--- Acceptance Calculation Details ---
Scale Factor (3.9^2 * Pi): 47.7836242611
Acc(Y): 
  Raw Events: 105491.0000000000 (from /eos/user/z/zixuan/Isotope/Add/B11_w1_frag5.root)
  MC Flux:    145711692.9927140474
  => Calculated Acc(Y) = (Events/Flux)*Scale = 0.0345939451
Acc(XfragY): 
  Raw Events: 22.0000000000 (from /eos/user/z/zixuan/Isotope/Add/N15_w1_frag5.root)
  MC Flux:    192085386.2663915157
  => Calculated Acc(XfragY) = (Events/Flux)*Scale = 0.0000054728
----------------------------------------
--- Epsilon Calculation Details ---
Flux(N15) at 12.4760880858 GeV/n:   0.0025162837
Flux(B11) at 12.4760880858 GeV/n: 0.0030859256
=> Flux Ratio (X/Y) from TF1:  0.8154064476
----------------------------------------
Acceptance Ratio (from combined hist): 0.0001582003
Acceptance Ratio (from global spline): 0.0001276951
----------------------------------------
FINAL Epsilon = Flux Ratio * Splined Acc Ratio
              = 0.8154064476 * 0.0001276951
              = 0.0001041234
/**************************************/




/********** DEBUGGING OUTPUT (BIN 19) **********/
Channel: N15 -> B11, Detector: AGL
Energy (ek/n): 14.6714890086 GeV/n
----------------------------------------
--- Acceptance Calculation Details ---
Scale Factor (3.9^2 * Pi): 47.7836242611
Acc(Y): 
  Raw Events: 103613.0000000000 (from /eos/user/z/zixuan/Isotope/Add/B11_w1_frag5.root)
  MC Flux:    143432550.0592814684
  => Calculated Acc(Y) = (Events/Flux)*Scale = 0.0345179993
Acc(XfragY): 
  Raw Events: 26.0000000000 (from /eos/user/z/zixuan/Isotope/Add/N15_w1_frag5.root)
  MC Flux:    189080891.2822679281
  => Calculated Acc(XfragY) = (Events/Flux)*Scale = 0.0000065706
----------------------------------------
--- Epsilon Calculation Details ---
Flux(N15) at 14.6714890086 GeV/n:   0.0016280305
Flux(B11) at 14.6714890086 GeV/n: 0.0019546602
=> Flux Ratio (X/Y) from TF1:  0.8328969472
----------------------------------------
Acceptance Ratio (from combined hist): 0.0001903528
Acceptance Ratio (from global spline): 0.0001354211
----------------------------------------
FINAL Epsilon = Flux Ratio * Splined Acc Ratio
              = 0.8328969472 * 0.0001354211
              = 0.0001127918
/**************************************/




/********** DEBUGGING OUTPUT (BIN 20) **********/
Channel: N15 -> B11, Detector: AGL
Energy (ek/n): 17.1925871018 GeV/n
----------------------------------------
--- Acceptance Calculation Details ---
Scale Factor (3.9^2 * Pi): 47.7836242611
Acc(Y): 
  Raw Events: 102514.0000000000 (from /eos/user/z/zixuan/Isotope/Add/B11_w1_frag5.root)
  MC Flux:    141799410.2624018490
  => Calculated Acc(Y) = (Events/Flux)*Scale = 0.0345452104
Acc(XfragY): 
  Raw Events: 13.0000000000 (from /eos/user/z/zixuan/Isotope/Add/N15_w1_frag5.root)
  MC Flux:    186927994.1312733293
  => Calculated Acc(XfragY) = (Events/Flux)*Scale = 0.0000033231
----------------------------------------
--- Epsilon Calculation Details ---
Flux(N15) at 17.1925871018 GeV/n:   0.0010633025
Flux(B11) at 17.1925871018 GeV/n: 0.0012528916
=> Flux Ratio (X/Y) from TF1:  0.8486787267
----------------------------------------
Acceptance Ratio (from combined hist): 0.0000961967
Acceptance Ratio (from global spline): 0.0001339264
----------------------------------------
FINAL Epsilon = Flux Ratio * Splined Acc Ratio
              = 0.8486787267 * 0.0001339264
              = 0.0001136605
/**************************************/




/********** DEBUGGING OUTPUT (BIN 21) **********/
Channel: N15 -> B11, Detector: AGL
Energy (ek/n): 20.0892620167 GeV/n
----------------------------------------
--- Acceptance Calculation Details ---
Scale Factor (3.9^2 * Pi): 47.7836242611
Acc(Y): 
  Raw Events: 102008.0000000000 (from /eos/user/z/zixuan/Isotope/Add/B11_w1_frag5.root)
  MC Flux:    140318483.2962421179
  => Calculated Acc(Y) = (Events/Flux)*Scale = 0.0347374902
Acc(XfragY): 
  Raw Events: 18.0000000000 (from /eos/user/z/zixuan/Isotope/Add/N15_w1_frag5.root)
  MC Flux:    184975752.5336045027
  => Calculated Acc(XfragY) = (Events/Flux)*Scale = 0.0000046498
----------------------------------------
--- Epsilon Calculation Details ---
Flux(N15) at 20.0892620167 GeV/n:   0.0006980497
Flux(B11) at 20.0892620167 GeV/n: 0.0007940950
=> Flux Ratio (X/Y) from TF1:  0.8790506492
----------------------------------------
Acceptance Ratio (from combined hist): 0.0001338562
Acceptance Ratio (from global spline): 0.0001158179
----------------------------------------
FINAL Epsilon = Flux Ratio * Splined Acc Ratio
              = 0.8790506492 * 0.0001158179
              = 0.0001018098
/**************************************/


    INFO: Intermediate results saved to /eos/user/z/zixuan/Isotope/BkgEst/w1_results_N15_to_B11.pdf

>>> Processing channel: O16 -> B11...
 flux ratio at 1 GeV/n: 4.3653445966
  -- Detector: TOF --
  -- Detector: NaF --
  -- Detector: AGL --
****************************************
Minimizer is Minuit2 / Migrad
Chi2                      = 24.5900503271
NDf                       =           11
Edm                       = 0.0000000000
NCalls                    =          188
p0                        = 0.0005571577   +/-   0.0000291420
p1                        = 0.0001770730   +/-   0.0000279836
p2                        = 0.0000765527   +/-   0.0000123857
p3                        = 0.0000605108   +/-   0.0000150582
p4                        = -0.0002618006   +/-   0.0001964655
p5                        = -0.0004635560   +/-   0.0007985020
p6                        = 0.0013985712   +/-   0.0024091198


/********** DEBUGGING OUTPUT (BIN 3) **********/
Channel: O16 -> B11, Detector: TOF
Energy (ek/n): 0.3368463841 GeV/n
----------------------------------------
--- Acceptance Calculation Details ---
Scale Factor (3.9^2 * Pi): 47.7836242611
Acc(Y): 
  Raw Events: 324200.0000000000 (from /eos/user/z/zixuan/Isotope/Add/B11_w1_frag5.root)
  MC Flux:    227920321.4820016026
  => Calculated Acc(Y) = (Events/Flux)*Scale = 0.0679687133
Acc(XfragY): 
  Raw Events: 209.0000000000 (from /eos/user/z/zixuan/Isotope/Add/O16_w1_frag5.root)
  MC Flux:    230226895.2462744713
  => Calculated Acc(XfragY) = (Events/Flux)*Scale = 0.0000433780
----------------------------------------
--- Epsilon Calculation Details ---
Flux(O16) at 0.3368463841 GeV/n:   6.6924725674
Flux(B11) at 0.3368463841 GeV/n: 1.4563601217
=> Flux Ratio (X/Y) from TF1:  4.5953418166
----------------------------------------
Acceptance Ratio (from combined hist): 0.0006382051
Acceptance Ratio (from global spline): 0.0005569983
----------------------------------------
FINAL Epsilon = Flux Ratio * Splined Acc Ratio
              = 4.5953418166 * 0.0005569983
              = 0.0025595977
/**************************************/




/********** DEBUGGING OUTPUT (BIN 4) **********/
Channel: O16 -> B11, Detector: TOF
Energy (ek/n): 0.4968766615 GeV/n
----------------------------------------
--- Acceptance Calculation Details ---
Scale Factor (3.9^2 * Pi): 47.7836242611
Acc(Y): 
  Raw Events: 298018.0000000000 (from /eos/user/z/zixuan/Isotope/Add/B11_w1_frag5.root)
  MC Flux:    211722151.5548679233
  => Calculated Acc(Y) = (Events/Flux)*Scale = 0.0672597554
Acc(XfragY): 
  Raw Events: 131.0000000000 (from /eos/user/z/zixuan/Isotope/Add/O16_w1_frag5.root)
  MC Flux:    213864798.4102097154
  => Calculated Acc(XfragY) = (Events/Flux)*Scale = 0.0000292692
----------------------------------------
--- Epsilon Calculation Details ---
Flux(O16) at 0.4968766615 GeV/n:   4.6507068433
Flux(B11) at 0.4968766615 GeV/n: 1.0222186970
=> Flux Ratio (X/Y) from TF1:  4.5496202102
----------------------------------------
Acceptance Ratio (from combined hist): 0.0004351668
Acceptance Ratio (from global spline): 0.0005028358
----------------------------------------
FINAL Epsilon = Flux Ratio * Splined Acc Ratio
              = 4.5496202102 * 0.0005028358
              = 0.0022877119
/**************************************/




/********** DEBUGGING OUTPUT (BIN 5) **********/
Channel: O16 -> B11, Detector: TOF
Energy (ek/n): 0.7045414310 GeV/n
----------------------------------------
--- Acceptance Calculation Details ---
Scale Factor (3.9^2 * Pi): 47.7836242611
Acc(Y): 
  Raw Events: 273596.0000000000 (from /eos/user/z/zixuan/Isotope/Add/B11_w1_frag5.root)
  MC Flux:    202186233.0027966797
  => Calculated Acc(Y) = (Events/Flux)*Scale = 0.0646602307
Acc(XfragY): 
  Raw Events: 112.0000000000 (from /eos/user/z/zixuan/Isotope/Add/O16_w1_frag5.root)
  MC Flux:    204232375.5209761262
  => Calculated Acc(XfragY) = (Events/Flux)*Scale = 0.0000262043
----------------------------------------
--- Epsilon Calculation Details ---
Flux(O16) at 0.7045414310 GeV/n:   3.5331356129
Flux(B11) at 0.7045414310 GeV/n: 0.7870998456
=> Flux Ratio (X/Y) from TF1:  4.4888023200
----------------------------------------
Acceptance Ratio (from combined hist): 0.0004052614
Acceptance Ratio (from global spline): 0.0003983383
----------------------------------------
FINAL Epsilon = Flux Ratio * Splined Acc Ratio
              = 4.4888023200 * 0.0003983383
              = 0.0017880617
/**************************************/




/********** DEBUGGING OUTPUT (BIN 6) **********/
Channel: O16 -> B11, Detector: TOF
Energy (ek/n): 0.9672506104 GeV/n
----------------------------------------
--- Acceptance Calculation Details ---
Scale Factor (3.9^2 * Pi): 47.7836242611
Acc(Y): 
  Raw Events: 253628.0000000000 (from /eos/user/z/zixuan/Isotope/Add/B11_w1_frag5.root)
  MC Flux:    193009772.6243878603
  => Calculated Acc(Y) = (Events/Flux)*Scale = 0.0627909400
Acc(XfragY): 
  Raw Events: 77.0000000000 (from /eos/user/z/zixuan/Isotope/Add/O16_w1_frag5.root)
  MC Flux:    194963048.5538398027
  => Calculated Acc(XfragY) = (Events/Flux)*Scale = 0.0000188720
----------------------------------------
--- Epsilon Calculation Details ---
Flux(O16) at 0.9672506104 GeV/n:   2.4868551191
Flux(B11) at 0.9672506104 GeV/n: 0.5684074140
=> Flux Ratio (X/Y) from TF1:  4.3751278707
----------------------------------------
Acceptance Ratio (from combined hist): 0.0003005526
Acceptance Ratio (from global spline): 0.0002885289
----------------------------------------
FINAL Epsilon = Flux Ratio * Splined Acc Ratio
              = 4.3751278707 * 0.0002885289
              = 0.0012623509
/**************************************/




/********** DEBUGGING OUTPUT (BIN 7) **********/
Channel: O16 -> B11, Detector: NaF
Energy (ek/n): 1.2922125341 GeV/n
----------------------------------------
--- Acceptance Calculation Details ---
Scale Factor (3.9^2 * Pi): 47.7836242611
Acc(Y): 
  Raw Events: 22104.0000000000 (from /eos/user/z/zixuan/Isotope/Add/B11_w1_frag5.root)
  MC Flux:    186362533.0536190271
  => Calculated Acc(Y) = (Events/Flux)*Scale = 0.0056674977
Acc(XfragY): 
  Raw Events: 7.0000000000 (from /eos/user/z/zixuan/Isotope/Add/O16_w1_frag5.root)
  MC Flux:    188248538.3320857286
  => Calculated Acc(XfragY) = (Events/Flux)*Scale = 0.0000017768
----------------------------------------
--- Epsilon Calculation Details ---
Flux(O16) at 1.2922125341 GeV/n:   1.8122670363
Flux(B11) at 1.2922125341 GeV/n: 0.4189192905
=> Flux Ratio (X/Y) from TF1:  4.3260529595
----------------------------------------
Acceptance Ratio (from combined hist): 0.0003135120
Acceptance Ratio (from global spline): 0.0001989035
----------------------------------------
FINAL Epsilon = Flux Ratio * Splined Acc Ratio
              = 4.3260529595 * 0.0001989035
              = 0.0008604672
/**************************************/




/********** DEBUGGING OUTPUT (BIN 8) **********/
Channel: O16 -> B11, Detector: NaF
Energy (ek/n): 1.6909447265 GeV/n
----------------------------------------
--- Acceptance Calculation Details ---
Scale Factor (3.9^2 * Pi): 47.7836242611
Acc(Y): 
  Raw Events: 21422.0000000000 (from /eos/user/z/zixuan/Isotope/Add/B11_w1_frag5.root)
  MC Flux:    182579055.6599633098
  => Calculated Acc(Y) = (Events/Flux)*Scale = 0.0056064525
Acc(XfragY): 
  Raw Events: 2.0000000000 (from /eos/user/z/zixuan/Isotope/Add/O16_w1_frag5.root)
  MC Flux:    184426771.8133660555
  => Calculated Acc(XfragY) = (Events/Flux)*Scale = 0.0000005182
----------------------------------------
--- Epsilon Calculation Details ---
Flux(O16) at 1.6909447265 GeV/n:   1.2520259574
Flux(B11) at 1.6909447265 GeV/n: 0.2877259961
=> Flux Ratio (X/Y) from TF1:  4.3514523344
----------------------------------------
Acceptance Ratio (from combined hist): 0.0000924266
Acceptance Ratio (from global spline): 0.0001417573
----------------------------------------
FINAL Epsilon = Flux Ratio * Splined Acc Ratio
              = 4.3514523344 * 0.0001417573
              = 0.0006168499
/**************************************/




/********** DEBUGGING OUTPUT (BIN 9) **********/
Channel: O16 -> B11, Detector: NaF
Energy (ek/n): 2.1727158116 GeV/n
----------------------------------------
--- Acceptance Calculation Details ---
Scale Factor (3.9^2 * Pi): 47.7836242611
Acc(Y): 
  Raw Events: 21060.0000000000 (from /eos/user/z/zixuan/Isotope/Add/B11_w1_frag5.root)
  MC Flux:    176810136.8304176927
  => Calculated Acc(Y) = (Events/Flux)*Scale = 0.0056915466
Acc(XfragY): 
  Raw Events: 1.0000000000 (from /eos/user/z/zixuan/Isotope/Add/O16_w1_frag5.root)
  MC Flux:    178599471.0162364542
  => Calculated Acc(XfragY) = (Events/Flux)*Scale = 0.0000002675
----------------------------------------
--- Epsilon Calculation Details ---
Flux(O16) at 2.1727158116 GeV/n:   0.8526439760
Flux(B11) at 2.1727158116 GeV/n: 0.1881856759
=> Flux Ratio (X/Y) from TF1:  4.5308654439
----------------------------------------
Acceptance Ratio (from combined hist): 0.0000470077
Acceptance Ratio (from global spline): 0.0001119026
----------------------------------------
FINAL Epsilon = Flux Ratio * Splined Acc Ratio
              = 4.5308654439 * 0.0001119026
              = 0.0005070156
/**************************************/




/********** DEBUGGING OUTPUT (BIN 10) **********/
Channel: O16 -> B11, Detector: NaF
Energy (ek/n): 2.7468447478 GeV/n
----------------------------------------
--- Acceptance Calculation Details ---
Scale Factor (3.9^2 * Pi): 47.7836242611
Acc(Y): 
  Raw Events: 21031.0000000000 (from /eos/user/z/zixuan/Isotope/Add/B11_w1_frag5.root)
  MC Flux:    172500639.3455166519
  => Calculated Acc(Y) = (Events/Flux)*Scale = 0.0058257025
Acc(XfragY): 
  Raw Events: 0.0000000000 (from /eos/user/z/zixuan/Isotope/Add/O16_w1_frag5.root)
  MC Flux:    174246361.0365336835
  => Calculated Acc(XfragY) = (Events/Flux)*Scale = 0.0000000000
----------------------------------------
--- Epsilon Calculation Details ---
Flux(O16) at 2.7468447478 GeV/n:   0.5708365720
Flux(B11) at 2.7468447478 GeV/n: 0.1183576251
=> Flux Ratio (X/Y) from TF1:  4.8229809573
----------------------------------------
Acceptance Ratio (from combined hist): 0.0000000000
Acceptance Ratio (from global spline): 0.0000979732
----------------------------------------
FINAL Epsilon = Flux Ratio * Splined Acc Ratio
              = 4.8229809573 * 0.0000979732
              = 0.0004725231
/**************************************/




/********** DEBUGGING OUTPUT (BIN 11) **********/
Channel: O16 -> B11, Detector: AGL
Energy (ek/n): 3.4250117177 GeV/n
----------------------------------------
--- Acceptance Calculation Details ---
Scale Factor (3.9^2 * Pi): 47.7836242611
Acc(Y): 
  Raw Events: 117712.0000000000 (from /eos/user/z/zixuan/Isotope/Add/B11_w1_frag5.root)
  MC Flux:    167676374.2093430161
  => Calculated Acc(Y) = (Events/Flux)*Scale = 0.0335450120
Acc(XfragY): 
  Raw Events: 24.0000000000 (from /eos/user/z/zixuan/Isotope/Add/O16_w1_frag5.root)
  MC Flux:    169373273.9115057588
  => Calculated Acc(XfragY) = (Events/Flux)*Scale = 0.0000067709
----------------------------------------
--- Epsilon Calculation Details ---
Flux(O16) at 3.4250117177 GeV/n:   0.3862356563
Flux(B11) at 3.4250117177 GeV/n: 0.0756819913
=> Flux Ratio (X/Y) from TF1:  5.1034024028
----------------------------------------
Acceptance Ratio (from combined hist): 0.0002018448
Acceptance Ratio (from global spline): 0.0000917899
----------------------------------------
FINAL Epsilon = Flux Ratio * Splined Acc Ratio
              = 5.1034024028 * 0.0000917899
              = 0.0004684408
/**************************************/




/********** DEBUGGING OUTPUT (BIN 12) **********/
Channel: O16 -> B11, Detector: AGL
Energy (ek/n): 4.2190486071 GeV/n
----------------------------------------
--- Acceptance Calculation Details ---
Scale Factor (3.9^2 * Pi): 47.7836242611
Acc(Y): 
  Raw Events: 116952.0000000000 (from /eos/user/z/zixuan/Isotope/Add/B11_w1_frag5.root)
  MC Flux:    163377772.9140477180
  => Calculated Acc(Y) = (Events/Flux)*Scale = 0.0342053287
Acc(XfragY): 
  Raw Events: 12.0000000000 (from /eos/user/z/zixuan/Isotope/Add/O16_w1_frag5.root)
  MC Flux:    165031170.3918091655
  => Calculated Acc(XfragY) = (Events/Flux)*Scale = 0.0000034745
----------------------------------------
--- Epsilon Calculation Details ---
Flux(O16) at 4.2190486071 GeV/n:   0.2576538960
Flux(B11) at 4.2190486071 GeV/n: 0.0478878471
=> Flux Ratio (X/Y) from TF1:  5.3803608096
----------------------------------------
Acceptance Ratio (from combined hist): 0.0001015782
Acceptance Ratio (from global spline): 0.0000875689
----------------------------------------
FINAL Epsilon = Flux Ratio * Splined Acc Ratio
              = 5.3803608096 * 0.0000875689
              = 0.0004711524
/**************************************/




/********** DEBUGGING OUTPUT (BIN 13) **********/
Channel: O16 -> B11, Detector: AGL
Energy (ek/n): 5.1408648843 GeV/n
----------------------------------------
--- Acceptance Calculation Details ---
Scale Factor (3.9^2 * Pi): 47.7836242611
Acc(Y): 
  Raw Events: 115622.0000000000 (from /eos/user/z/zixuan/Isotope/Add/B11_w1_frag5.root)
  MC Flux:    158503573.2496312261
  => Calculated Acc(Y) = (Events/Flux)*Scale = 0.0348562376
Acc(XfragY): 
  Raw Events: 11.0000000000 (from /eos/user/z/zixuan/Isotope/Add/O16_w1_frag5.root)
  MC Flux:    160107643.3967067599
  => Calculated Acc(XfragY) = (Events/Flux)*Scale = 0.0000032829
----------------------------------------
--- Epsilon Calculation Details ---
Flux(O16) at 5.1408648843 GeV/n:   0.1730238460
Flux(B11) at 5.1408648843 GeV/n: 0.0306561888
=> Flux Ratio (X/Y) from TF1:  5.6440103216
----------------------------------------
Acceptance Ratio (from combined hist): 0.0000941844
Acceptance Ratio (from global spline): 0.0000811705
----------------------------------------
FINAL Epsilon = Flux Ratio * Splined Acc Ratio
              = 5.6440103216 * 0.0000811705
              = 0.0004581273
/**************************************/




/********** DEBUGGING OUTPUT (BIN 14) **********/
Channel: O16 -> B11, Detector: AGL
Energy (ek/n): 6.2049547931 GeV/n
----------------------------------------
--- Acceptance Calculation Details ---
Scale Factor (3.9^2 * Pi): 47.7836242611
Acc(Y): 
  Raw Events: 112504.0000000000 (from /eos/user/z/zixuan/Isotope/Add/B11_w1_frag5.root)
  MC Flux:    154565404.9125555158
  => Calculated Acc(Y) = (Events/Flux)*Scale = 0.0347804146
Acc(XfragY): 
  Raw Events: 4.0000000000 (from /eos/user/z/zixuan/Isotope/Add/O16_w1_frag5.root)
  MC Flux:    156129620.4485698342
  => Calculated Acc(XfragY) = (Events/Flux)*Scale = 0.0000012242
----------------------------------------
--- Epsilon Calculation Details ---
Flux(O16) at 6.2049547931 GeV/n:   0.1164731154
Flux(B11) at 6.2049547931 GeV/n: 0.0195128022
=> Flux Ratio (X/Y) from TF1:  5.9690614650
----------------------------------------
Acceptance Ratio (from combined hist): 0.0000351981
Acceptance Ratio (from global spline): 0.0000699386
----------------------------------------
FINAL Epsilon = Flux Ratio * Splined Acc Ratio
              = 5.9690614650 * 0.0000699386
              = 0.0004174679
/**************************************/




/********** DEBUGGING OUTPUT (BIN 15) **********/
Channel: O16 -> B11, Detector: AGL
Energy (ek/n): 7.4457899798 GeV/n
----------------------------------------
--- Acceptance Calculation Details ---
Scale Factor (3.9^2 * Pi): 47.7836242611
Acc(Y): 
  Raw Events: 112057.0000000000 (from /eos/user/z/zixuan/Isotope/Add/B11_w1_frag5.root)
  MC Flux:    154200545.8773555756
  => Calculated Acc(Y) = (Events/Flux)*Scale = 0.0347241934
Acc(XfragY): 
  Raw Events: 7.0000000000 (from /eos/user/z/zixuan/Isotope/Add/O16_w1_frag5.root)
  MC Flux:    155761069.0077397823
  => Calculated Acc(XfragY) = (Events/Flux)*Scale = 0.0000021474
----------------------------------------
--- Epsilon Calculation Details ---
Flux(O16) at 7.4457899798 GeV/n:   0.0777407330
Flux(B11) at 7.4457899798 GeV/n: 0.0123133589
=> Flux Ratio (X/Y) from TF1:  6.3135277388
----------------------------------------
Acceptance Ratio (from combined hist): 0.0000618424
Acceptance Ratio (from global spline): 0.0000579557
----------------------------------------
FINAL Epsilon = Flux Ratio * Splined Acc Ratio
              = 6.3135277388 * 0.0000579557
              = 0.0003659048
/**************************************/




/********** DEBUGGING OUTPUT (BIN 16) **********/
Channel: O16 -> B11, Detector: AGL
Energy (ek/n): 8.8880598677 GeV/n
----------------------------------------
--- Acceptance Calculation Details ---
Scale Factor (3.9^2 * Pi): 47.7836242611
Acc(Y): 
  Raw Events: 109349.0000000000 (from /eos/user/z/zixuan/Isotope/Add/B11_w1_frag5.root)
  MC Flux:    150768064.9329307079
  => Calculated Acc(Y) = (Events/Flux)*Scale = 0.0346564873
Acc(XfragY): 
  Raw Events: 8.0000000000 (from /eos/user/z/zixuan/Isotope/Add/O16_w1_frag5.root)
  MC Flux:    152293851.0532875657
  => Calculated Acc(XfragY) = (Events/Flux)*Scale = 0.0000025101
----------------------------------------
--- Epsilon Calculation Details ---
Flux(O16) at 8.8880598677 GeV/n:   0.0519358949
Flux(B11) at 8.8880598677 GeV/n: 0.0078079744
=> Flux Ratio (X/Y) from TF1:  6.6516476866
----------------------------------------
Acceptance Ratio (from combined hist): 0.0000724273
Acceptance Ratio (from global spline): 0.0000542564
----------------------------------------
FINAL Epsilon = Flux Ratio * Splined Acc Ratio
              = 6.6516476866 * 0.0000542564
              = 0.0003608947
/**************************************/




/********** DEBUGGING OUTPUT (BIN 17) **********/
Channel: O16 -> B11, Detector: AGL
Energy (ek/n): 10.5565612202 GeV/n
----------------------------------------
--- Acceptance Calculation Details ---
Scale Factor (3.9^2 * Pi): 47.7836242611
Acc(Y): 
  Raw Events: 108320.0000000000 (from /eos/user/z/zixuan/Isotope/Add/B11_w1_frag5.root)
  MC Flux:    149467162.9530265629
  => Calculated Acc(Y) = (Events/Flux)*Scale = 0.0346291592
Acc(XfragY): 
  Raw Events: 11.0000000000 (from /eos/user/z/zixuan/Isotope/Add/O16_w1_frag5.root)
  MC Flux:    150979783.8305597007
  => Calculated Acc(XfragY) = (Events/Flux)*Scale = 0.0000034814
----------------------------------------
--- Epsilon Calculation Details ---
Flux(O16) at 10.5565612202 GeV/n:   0.0349614922
Flux(B11) at 10.5565612202 GeV/n: 0.0049261906
=> Flux Ratio (X/Y) from TF1:  7.0970645155
----------------------------------------
Acceptance Ratio (from combined hist): 0.0001005336
Acceptance Ratio (from global spline): 0.0000664350
----------------------------------------
FINAL Epsilon = Flux Ratio * Splined Acc Ratio
              = 7.0970645155 * 0.0000664350
              = 0.0004714932
/**************************************/




/********** DEBUGGING OUTPUT (BIN 18) **********/
Channel: O16 -> B11, Detector: AGL
Energy (ek/n): 12.4760880858 GeV/n
----------------------------------------
--- Acceptance Calculation Details ---
Scale Factor (3.9^2 * Pi): 47.7836242611
Acc(Y): 
  Raw Events: 105491.0000000000 (from /eos/user/z/zixuan/Isotope/Add/B11_w1_frag5.root)
  MC Flux:    145711692.9927140474
  => Calculated Acc(Y) = (Events/Flux)*Scale = 0.0345939451
Acc(XfragY): 
  Raw Events: 8.0000000000 (from /eos/user/z/zixuan/Isotope/Add/O16_w1_frag5.root)
  MC Flux:    147186308.1828798652
  => Calculated Acc(XfragY) = (Events/Flux)*Scale = 0.0000025972
----------------------------------------
--- Epsilon Calculation Details ---
Flux(O16) at 12.4760880858 GeV/n:   0.0235684059
Flux(B11) at 12.4760880858 GeV/n: 0.0030859256
=> Flux Ratio (X/Y) from TF1:  7.6373861814
----------------------------------------
Acceptance Ratio (from combined hist): 0.0000750761
Acceptance Ratio (from global spline): 0.0000914217
----------------------------------------
FINAL Epsilon = Flux Ratio * Splined Acc Ratio
              = 7.6373861814 * 0.0000914217
              = 0.0006982227
/**************************************/




/********** DEBUGGING OUTPUT (BIN 19) **********/
Channel: O16 -> B11, Detector: AGL
Energy (ek/n): 14.6714890086 GeV/n
----------------------------------------
--- Acceptance Calculation Details ---
Scale Factor (3.9^2 * Pi): 47.7836242611
Acc(Y): 
  Raw Events: 103613.0000000000 (from /eos/user/z/zixuan/Isotope/Add/B11_w1_frag5.root)
  MC Flux:    143432550.0592814684
  => Calculated Acc(Y) = (Events/Flux)*Scale = 0.0345179993
Acc(XfragY): 
  Raw Events: 13.0000000000 (from /eos/user/z/zixuan/Isotope/Add/O16_w1_frag5.root)
  MC Flux:    144884100.1218572259
  => Calculated Acc(XfragY) = (Events/Flux)*Scale = 0.0000042875
----------------------------------------
--- Epsilon Calculation Details ---
Flux(O16) at 14.6714890086 GeV/n:   0.0158845292
Flux(B11) at 14.6714890086 GeV/n: 0.0019546602
=> Flux Ratio (X/Y) from TF1:  8.1264912992
----------------------------------------
Acceptance Ratio (from combined hist): 0.0001242099
Acceptance Ratio (from global spline): 0.0001121332
----------------------------------------
FINAL Epsilon = Flux Ratio * Splined Acc Ratio
              = 8.1264912992 * 0.0001121332
              = 0.0009112494
/**************************************/




/********** DEBUGGING OUTPUT (BIN 20) **********/
Channel: O16 -> B11, Detector: AGL
Energy (ek/n): 17.1925871018 GeV/n
----------------------------------------
--- Acceptance Calculation Details ---
Scale Factor (3.9^2 * Pi): 47.7836242611
Acc(Y): 
  Raw Events: 102514.0000000000 (from /eos/user/z/zixuan/Isotope/Add/B11_w1_frag5.root)
  MC Flux:    141799410.2624018490
  => Calculated Acc(Y) = (Events/Flux)*Scale = 0.0345452104
Acc(XfragY): 
  Raw Events: 10.0000000000 (from /eos/user/z/zixuan/Isotope/Add/O16_w1_frag5.root)
  MC Flux:    143234432.8061309457
  => Calculated Acc(XfragY) = (Events/Flux)*Scale = 0.0000033360
----------------------------------------
--- Epsilon Calculation Details ---
Flux(O16) at 17.1925871018 GeV/n:   0.0107820293
Flux(B11) at 17.1925871018 GeV/n: 0.0012528916
=> Flux Ratio (X/Y) from TF1:  8.6057157673
----------------------------------------
Acceptance Ratio (from combined hist): 0.0000965704
Acceptance Ratio (from global spline): 0.0001129951
----------------------------------------
FINAL Epsilon = Flux Ratio * Splined Acc Ratio
              = 8.6057157673 * 0.0001129951
              = 0.0009724034
/**************************************/




/********** DEBUGGING OUTPUT (BIN 21) **********/
Channel: O16 -> B11, Detector: AGL
Energy (ek/n): 20.0892620167 GeV/n
----------------------------------------
--- Acceptance Calculation Details ---
Scale Factor (3.9^2 * Pi): 47.7836242611
Acc(Y): 
  Raw Events: 102008.0000000000 (from /eos/user/z/zixuan/Isotope/Add/B11_w1_frag5.root)
  MC Flux:    140318483.2962421179
  => Calculated Acc(Y) = (Events/Flux)*Scale = 0.0347374902
Acc(XfragY): 
  Raw Events: 9.0000000000 (from /eos/user/z/zixuan/Isotope/Add/O16_w1_frag5.root)
  MC Flux:    141738518.7284019887
  => Calculated Acc(XfragY) = (Events/Flux)*Scale = 0.0000030341
----------------------------------------
--- Epsilon Calculation Details ---
Flux(O16) at 20.0892620167 GeV/n:   0.0073694219
Flux(B11) at 20.0892620167 GeV/n: 0.0007940950
=> Flux Ratio (X/Y) from TF1:  9.2802775437
----------------------------------------
Acceptance Ratio (from combined hist): 0.0000873444
Acceptance Ratio (from global spline): 0.0000800996
----------------------------------------
FINAL Epsilon = Flux Ratio * Splined Acc Ratio
              = 9.2802775437 * 0.0000800996
              = 0.0007433462
/**************************************/


    INFO: Intermediate results saved to /eos/user/z/zixuan/Isotope/BkgEst/w1_results_O16_to_B11.pdf

>>> Processing channel: Be9 -> Be7...
 flux ratio at 1 GeV/n: 0.5000000000
  -- Detector: TOF --
  -- Detector: NaF --
  -- Detector: AGL --
****************************************
Minimizer is Minuit2 / Migrad
Chi2                      = 11.3341221234
NDf                       =           10
Edm                       = 0.0000000000
NCalls                    =          280
p0                        = 0.0017363770   +/-   0.0000585312
p1                        = 0.0016845724   +/-   0.0000556100
p2                        = 0.0015772556   +/-   0.0001180360
p3                        = 0.0009658385   +/-   0.0000657701
p4                        = 0.0006587896   +/-   0.0000453753
p5                        = 0.0012175655   +/-   0.0000555629
p6                        = -0.0009605086   +/-   0.0005609533
p7                        = -0.0015435764   +/-   0.0021495858
p8                        = 0.0046570462   +/-   0.0064854063


/********** DEBUGGING OUTPUT (BIN 3) **********/
Channel: Be9 -> Be7, Detector: TOF
Energy (ek/n): 0.3368463841 GeV/n
----------------------------------------
--- Acceptance Calculation Details ---
Scale Factor (3.9^2 * Pi): 47.7836242611
Acc(Y): 
  Raw Events: 494864.0000000000 (from /eos/user/z/zixuan/Isotope/Add/Be7_w1_frag4.root)
  MC Flux:    345021812.9821585417
  => Calculated Acc(Y) = (Events/Flux)*Scale = 0.0685359434
Acc(XfragY): 
  Raw Events: 707.0000000000 (from /eos/user/z/zixuan/Isotope/Add/Be9_w1_frag4.root)
  MC Flux:    278918108.6146725416
  => Calculated Acc(XfragY) = (Events/Flux)*Scale = 0.0001211217
----------------------------------------
--- Epsilon Calculation Details ---
Flux(Be9) at 0.3368463841 GeV/n:   0.1768366220
Flux(Be7) at 0.3368463841 GeV/n: 0.3536732441
=> Flux Ratio (X/Y) from TF1:  0.5000000000
----------------------------------------
Acceptance Ratio (from combined hist): 0.0017672720
Acceptance Ratio (from global spline): 0.0017363229
----------------------------------------
FINAL Epsilon = Flux Ratio * Splined Acc Ratio
              = 0.5000000000 * 0.0017363229
              = 0.0008681615
/**************************************/




/********** DEBUGGING OUTPUT (BIN 4) **********/
Channel: Be9 -> Be7, Detector: TOF
Energy (ek/n): 0.4968766615 GeV/n
----------------------------------------
--- Acceptance Calculation Details ---
Scale Factor (3.9^2 * Pi): 47.7836242611
Acc(Y): 
  Raw Events: 458416.0000000000 (from /eos/user/z/zixuan/Isotope/Add/Be7_w1_frag4.root)
  MC Flux:    320501305.4692116976
  => Calculated Acc(Y) = (Events/Flux)*Scale = 0.0683453625
Acc(XfragY): 
  Raw Events: 619.0000000000 (from /eos/user/z/zixuan/Isotope/Add/Be9_w1_frag4.root)
  MC Flux:    259095554.4443463683
  => Calculated Acc(XfragY) = (Events/Flux)*Scale = 0.0001141589
----------------------------------------
--- Epsilon Calculation Details ---
Flux(Be9) at 0.4968766615 GeV/n:   0.1296144122
Flux(Be7) at 0.4968766615 GeV/n: 0.2592288244
=> Flux Ratio (X/Y) from TF1:  0.5000000000
----------------------------------------
Acceptance Ratio (from combined hist): 0.0016703240
Acceptance Ratio (from global spline): 0.0017193089
----------------------------------------
FINAL Epsilon = Flux Ratio * Splined Acc Ratio
              = 0.5000000000 * 0.0017193089
              = 0.0008596545
/**************************************/




/********** DEBUGGING OUTPUT (BIN 5) **********/
Channel: Be9 -> Be7, Detector: TOF
Energy (ek/n): 0.7045414310 GeV/n
----------------------------------------
--- Acceptance Calculation Details ---
Scale Factor (3.9^2 * Pi): 47.7836242611
Acc(Y): 
  Raw Events: 417703.0000000000 (from /eos/user/z/zixuan/Isotope/Add/Be7_w1_frag4.root)
  MC Flux:    306065998.0517216921
  => Calculated Acc(Y) = (Events/Flux)*Scale = 0.0652126121
Acc(XfragY): 
  Raw Events: 577.0000000000 (from /eos/user/z/zixuan/Isotope/Add/Be9_w1_frag4.root)
  MC Flux:    247425948.3769590259
  => Calculated Acc(XfragY) = (Events/Flux)*Scale = 0.0001114319
----------------------------------------
--- Epsilon Calculation Details ---
Flux(Be9) at 0.7045414310 GeV/n:   0.1033862991
Flux(Be7) at 0.7045414310 GeV/n: 0.2067725982
=> Flux Ratio (X/Y) from TF1:  0.5000000000
----------------------------------------
Acceptance Ratio (from combined hist): 0.0017087482
Acceptance Ratio (from global spline): 0.0016913960
----------------------------------------
FINAL Epsilon = Flux Ratio * Splined Acc Ratio
              = 0.5000000000 * 0.0016913960
              = 0.0008456980
/**************************************/




/********** DEBUGGING OUTPUT (BIN 6) **********/
Channel: Be9 -> Be7, Detector: TOF
Energy (ek/n): 0.9672506104 GeV/n
----------------------------------------
--- Acceptance Calculation Details ---
Scale Factor (3.9^2 * Pi): 47.7836242611
Acc(Y): 
  Raw Events: 388254.0000000000 (from /eos/user/z/zixuan/Isotope/Add/Be7_w1_frag4.root)
  MC Flux:    292174832.1568561792
  => Calculated Acc(Y) = (Events/Flux)*Scale = 0.0634968560
Acc(XfragY): 
  Raw Events: 527.0000000000 (from /eos/user/z/zixuan/Isotope/Add/Be9_w1_frag4.root)
  MC Flux:    236196230.2198379636
  => Calculated Acc(XfragY) = (Events/Flux)*Scale = 0.0001066146
----------------------------------------
--- Epsilon Calculation Details ---
Flux(Be9) at 0.9672506104 GeV/n:   0.0786147219
Flux(Be7) at 0.9672506104 GeV/n: 0.1572294437
=> Flux Ratio (X/Y) from TF1:  0.5000000000
----------------------------------------
Acceptance Ratio (from combined hist): 0.0016790534
Acceptance Ratio (from global spline): 0.0016658272
----------------------------------------
FINAL Epsilon = Flux Ratio * Splined Acc Ratio
              = 0.5000000000 * 0.0016658272
              = 0.0008329136
/**************************************/




/********** DEBUGGING OUTPUT (BIN 7) **********/
Channel: Be9 -> Be7, Detector: NaF
Energy (ek/n): 1.2922125341 GeV/n
----------------------------------------
--- Acceptance Calculation Details ---
Scale Factor (3.9^2 * Pi): 47.7836242611
Acc(Y): 
  Raw Events: 34958.0000000000 (from /eos/user/z/zixuan/Isotope/Add/Be7_w1_frag4.root)
  MC Flux:    282112356.6692785025
  => Calculated Acc(Y) = (Events/Flux)*Scale = 0.0059211158
Acc(XfragY): 
  Raw Events: 44.0000000000 (from /eos/user/z/zixuan/Isotope/Add/Be9_w1_frag4.root)
  MC Flux:    228061652.8529227674
  => Calculated Acc(XfragY) = (Events/Flux)*Scale = 0.0000092189
----------------------------------------
--- Epsilon Calculation Details ---
Flux(Be9) at 1.2922125341 GeV/n:   0.0602366023
Flux(Be7) at 1.2922125341 GeV/n: 0.1204732047
=> Flux Ratio (X/Y) from TF1:  0.5000000000
----------------------------------------
Acceptance Ratio (from combined hist): 0.0015569546
Acceptance Ratio (from global spline): 0.0016087800
----------------------------------------
FINAL Epsilon = Flux Ratio * Splined Acc Ratio
              = 0.5000000000 * 0.0016087800
              = 0.0008043900
/**************************************/




/********** DEBUGGING OUTPUT (BIN 8) **********/
Channel: Be9 -> Be7, Detector: NaF
Energy (ek/n): 1.6909447265 GeV/n
----------------------------------------
--- Acceptance Calculation Details ---
Scale Factor (3.9^2 * Pi): 47.7836242611
Acc(Y): 
  Raw Events: 33923.0000000000 (from /eos/user/z/zixuan/Isotope/Add/Be7_w1_frag4.root)
  MC Flux:    276384994.4874068499
  => Calculated Acc(Y) = (Events/Flux)*Scale = 0.0058648766
Acc(XfragY): 
  Raw Events: 44.0000000000 (from /eos/user/z/zixuan/Isotope/Add/Be9_w1_frag4.root)
  MC Flux:    223431612.1800988913
  => Calculated Acc(XfragY) = (Events/Flux)*Scale = 0.0000094099
----------------------------------------
--- Epsilon Calculation Details ---
Flux(Be9) at 1.6909447265 GeV/n:   0.0432273523
Flux(Be7) at 1.6909447265 GeV/n: 0.0864547045
=> Flux Ratio (X/Y) from TF1:  0.5000000000
----------------------------------------
Acceptance Ratio (from combined hist): 0.0016044577
Acceptance Ratio (from global spline): 0.0014839951
----------------------------------------
FINAL Epsilon = Flux Ratio * Splined Acc Ratio
              = 0.5000000000 * 0.0014839951
              = 0.0007419975
/**************************************/




/********** DEBUGGING OUTPUT (BIN 9) **********/
Channel: Be9 -> Be7, Detector: NaF
Energy (ek/n): 2.1727158116 GeV/n
----------------------------------------
--- Acceptance Calculation Details ---
Scale Factor (3.9^2 * Pi): 47.7836242611
Acc(Y): 
  Raw Events: 33318.0000000000 (from /eos/user/z/zixuan/Isotope/Add/Be7_w1_frag4.root)
  MC Flux:    267652105.6402227879
  => Calculated Acc(Y) = (Events/Flux)*Scale = 0.0059482244
Acc(XfragY): 
  Raw Events: 33.0000000000 (from /eos/user/z/zixuan/Isotope/Add/Be9_w1_frag4.root)
  MC Flux:    216371882.1910135448
  => Calculated Acc(XfragY) = (Events/Flux)*Scale = 0.0000072877
----------------------------------------
--- Epsilon Calculation Details ---
Flux(Be9) at 2.1727158116 GeV/n:   0.0293457615
Flux(Be7) at 2.1727158116 GeV/n: 0.0586915230
=> Flux Ratio (X/Y) from TF1:  0.5000000000
----------------------------------------
Acceptance Ratio (from combined hist): 0.0012251940
Acceptance Ratio (from global spline): 0.0013043286
----------------------------------------
FINAL Epsilon = Flux Ratio * Splined Acc Ratio
              = 0.5000000000 * 0.0013043286
              = 0.0006521643
/**************************************/




/********** DEBUGGING OUTPUT (BIN 10) **********/
Channel: Be9 -> Be7, Detector: NaF
Energy (ek/n): 2.7468447478 GeV/n
----------------------------------------
--- Acceptance Calculation Details ---
Scale Factor (3.9^2 * Pi): 47.7836242611
Acc(Y): 
  Raw Events: 32609.0000000000 (from /eos/user/z/zixuan/Isotope/Add/Be7_w1_frag4.root)
  MC Flux:    261128463.4058905840
  => Calculated Acc(Y) = (Events/Flux)*Scale = 0.0059670868
Acc(XfragY): 
  Raw Events: 26.0000000000 (from /eos/user/z/zixuan/Isotope/Add/Be9_w1_frag4.root)
  MC Flux:    211098123.0116979182
  => Calculated Acc(XfragY) = (Events/Flux)*Scale = 0.0000058853
----------------------------------------
--- Epsilon Calculation Details ---
Flux(Be9) at 2.7468447478 GeV/n:   0.0189200419
Flux(Be7) at 2.7468447478 GeV/n: 0.0378400839
=> Flux Ratio (X/Y) from TF1:  0.5000000000
----------------------------------------
Acceptance Ratio (from combined hist): 0.0009862924
Acceptance Ratio (from global spline): 0.0010988875
----------------------------------------
FINAL Epsilon = Flux Ratio * Splined Acc Ratio
              = 0.5000000000 * 0.0010988875
              = 0.0005494437
/**************************************/




/********** DEBUGGING OUTPUT (BIN 11) **********/
Channel: Be9 -> Be7, Detector: AGL
Energy (ek/n): 3.4250117177 GeV/n
----------------------------------------
--- Acceptance Calculation Details ---
Scale Factor (3.9^2 * Pi): 47.7836242611
Acc(Y): 
  Raw Events: 177986.0000000000 (from /eos/user/z/zixuan/Isotope/Add/Be7_w1_frag4.root)
  MC Flux:    253825574.8667445779
  => Calculated Acc(Y) = (Events/Flux)*Scale = 0.0335065375
Acc(XfragY): 
  Raw Events: 124.0000000000 (from /eos/user/z/zixuan/Isotope/Add/Be9_w1_frag4.root)
  MC Flux:    205194415.5296795666
  => Calculated Acc(XfragY) = (Events/Flux)*Scale = 0.0000288759
----------------------------------------
--- Epsilon Calculation Details ---
Flux(Be9) at 3.4250117177 GeV/n:   0.0122690370
Flux(Be7) at 3.4250117177 GeV/n: 0.0245380739
=> Flux Ratio (X/Y) from TF1:  0.5000000000
----------------------------------------
Acceptance Ratio (from combined hist): 0.0008617984
Acceptance Ratio (from global spline): 0.0008882564
----------------------------------------
FINAL Epsilon = Flux Ratio * Splined Acc Ratio
              = 0.5000000000 * 0.0008882564
              = 0.0004441282
/**************************************/




/********** DEBUGGING OUTPUT (BIN 12) **********/
Channel: Be9 -> Be7, Detector: AGL
Energy (ek/n): 4.2190486071 GeV/n
----------------------------------------
--- Acceptance Calculation Details ---
Scale Factor (3.9^2 * Pi): 47.7836242611
Acc(Y): 
  Raw Events: 178302.0000000000 (from /eos/user/z/zixuan/Isotope/Add/Be7_w1_frag4.root)
  MC Flux:    247318427.0944597721
  => Calculated Acc(Y) = (Events/Flux)*Scale = 0.0344491750
Acc(XfragY): 
  Raw Events: 115.0000000000 (from /eos/user/z/zixuan/Isotope/Add/Be9_w1_frag4.root)
  MC Flux:    199933990.5918053389
  => Calculated Acc(XfragY) = (Events/Flux)*Scale = 0.0000274847
----------------------------------------
--- Epsilon Calculation Details ---
Flux(Be9) at 4.2190486071 GeV/n:   0.0078479250
Flux(Be7) at 4.2190486071 GeV/n: 0.0156958501
=> Flux Ratio (X/Y) from TF1:  0.5000000000
----------------------------------------
Acceptance Ratio (from combined hist): 0.0007978320
Acceptance Ratio (from global spline): 0.0007145859
----------------------------------------
FINAL Epsilon = Flux Ratio * Splined Acc Ratio
              = 0.5000000000 * 0.0007145859
              = 0.0003572930
/**************************************/




/********** DEBUGGING OUTPUT (BIN 13) **********/
Channel: Be9 -> Be7, Detector: AGL
Energy (ek/n): 5.1408648843 GeV/n
----------------------------------------
--- Acceptance Calculation Details ---
Scale Factor (3.9^2 * Pi): 47.7836242611
Acc(Y): 
  Raw Events: 175113.0000000000 (from /eos/user/z/zixuan/Isotope/Add/Be7_w1_frag4.root)
  MC Flux:    239939948.5361670852
  => Calculated Acc(Y) = (Events/Flux)*Scale = 0.0348734500
Acc(XfragY): 
  Raw Events: 93.0000000000 (from /eos/user/z/zixuan/Isotope/Add/Be9_w1_frag4.root)
  MC Flux:    193969175.5960669219
  => Calculated Acc(XfragY) = (Events/Flux)*Scale = 0.0000229102
----------------------------------------
--- Epsilon Calculation Details ---
Flux(Be9) at 5.1408648843 GeV/n:   0.0050802181
Flux(Be7) at 5.1408648843 GeV/n: 0.0101604362
=> Flux Ratio (X/Y) from TF1:  0.5000000000
----------------------------------------
Acceptance Ratio (from combined hist): 0.0006569532
Acceptance Ratio (from global spline): 0.0006430275
----------------------------------------
FINAL Epsilon = Flux Ratio * Splined Acc Ratio
              = 0.5000000000 * 0.0006430275
              = 0.0003215138
/**************************************/




/********** DEBUGGING OUTPUT (BIN 14) **********/
Channel: Be9 -> Be7, Detector: AGL
Energy (ek/n): 6.2049547931 GeV/n
----------------------------------------
--- Acceptance Calculation Details ---
Scale Factor (3.9^2 * Pi): 47.7836242611
Acc(Y): 
  Raw Events: 171690.0000000000 (from /eos/user/z/zixuan/Isotope/Add/Be7_w1_frag4.root)
  MC Flux:    233978417.8983906507
  => Calculated Acc(Y) = (Events/Flux)*Scale = 0.0350629367
Acc(XfragY): 
  Raw Events: 90.0000000000 (from /eos/user/z/zixuan/Isotope/Add/Be9_w1_frag4.root)
  MC Flux:    189149831.4636916816
  => Calculated Acc(XfragY) = (Events/Flux)*Scale = 0.0000227361
----------------------------------------
--- Epsilon Calculation Details ---
Flux(Be9) at 6.2049547931 GeV/n:   0.0032867936
Flux(Be7) at 6.2049547931 GeV/n: 0.0065735871
=> Flux Ratio (X/Y) from TF1:  0.5000000000
----------------------------------------
Acceptance Ratio (from combined hist): 0.0006484363
Acceptance Ratio (from global spline): 0.0007179947
----------------------------------------
FINAL Epsilon = Flux Ratio * Splined Acc Ratio
              = 0.5000000000 * 0.0007179947
              = 0.0003589973
/**************************************/




/********** DEBUGGING OUTPUT (BIN 15) **********/
Channel: Be9 -> Be7, Detector: AGL
Energy (ek/n): 7.4457899798 GeV/n
----------------------------------------
--- Acceptance Calculation Details ---
Scale Factor (3.9^2 * Pi): 47.7836242611
Acc(Y): 
  Raw Events: 172562.0000000000 (from /eos/user/z/zixuan/Isotope/Add/Be7_w1_frag4.root)
  MC Flux:    233426100.6456375122
  => Calculated Acc(Y) = (Events/Flux)*Scale = 0.0353244035
Acc(XfragY): 
  Raw Events: 125.0000000000 (from /eos/user/z/zixuan/Isotope/Add/Be9_w1_frag4.root)
  MC Flux:    188703334.2345405221
  => Calculated Acc(XfragY) = (Events/Flux)*Scale = 0.0000316526
----------------------------------------
--- Epsilon Calculation Details ---
Flux(Be9) at 7.4457899798 GeV/n:   0.0020992245
Flux(Be7) at 7.4457899798 GeV/n: 0.0041984489
=> Flux Ratio (X/Y) from TF1:  0.5000000000
----------------------------------------
Acceptance Ratio (from combined hist): 0.0008960550
Acceptance Ratio (from global spline): 0.0009038541
----------------------------------------
FINAL Epsilon = Flux Ratio * Splined Acc Ratio
              = 0.5000000000 * 0.0009038541
              = 0.0004519271
/**************************************/




/********** DEBUGGING OUTPUT (BIN 16) **********/
Channel: Be9 -> Be7, Detector: AGL
Energy (ek/n): 8.8880598677 GeV/n
----------------------------------------
--- Acceptance Calculation Details ---
Scale Factor (3.9^2 * Pi): 47.7836242611
Acc(Y): 
  Raw Events: 169439.0000000000 (from /eos/user/z/zixuan/Isotope/Add/Be7_w1_frag4.root)
  MC Flux:    228230070.7753229141
  => Calculated Acc(Y) = (Events/Flux)*Scale = 0.0354747711
Acc(XfragY): 
  Raw Events: 160.0000000000 (from /eos/user/z/zixuan/Isotope/Add/Be9_w1_frag4.root)
  MC Flux:    184502826.4138700962
  => Calculated Acc(XfragY) = (Events/Flux)*Scale = 0.0000414377
----------------------------------------
--- Epsilon Calculation Details ---
Flux(Be9) at 8.8880598677 GeV/n:   0.0013415850
Flux(Be7) at 8.8880598677 GeV/n: 0.0026831700
=> Flux Ratio (X/Y) from TF1:  0.5000000000
----------------------------------------
Acceptance Ratio (from combined hist): 0.0011680904
Acceptance Ratio (from global spline): 0.0011085570
----------------------------------------
FINAL Epsilon = Flux Ratio * Splined Acc Ratio
              = 0.5000000000 * 0.0011085570
              = 0.0005542785
/**************************************/




/********** DEBUGGING OUTPUT (BIN 17) **********/
Channel: Be9 -> Be7, Detector: AGL
Energy (ek/n): 10.5565612202 GeV/n
----------------------------------------
--- Acceptance Calculation Details ---
Scale Factor (3.9^2 * Pi): 47.7836242611
Acc(Y): 
  Raw Events: 168209.0000000000 (from /eos/user/z/zixuan/Isotope/Add/Be7_w1_frag4.root)
  MC Flux:    226260788.0158911943
  => Calculated Acc(Y) = (Events/Flux)*Scale = 0.0355237676
Acc(XfragY): 
  Raw Events: 165.0000000000 (from /eos/user/z/zixuan/Isotope/Add/Be9_w1_frag4.root)
  MC Flux:    182910844.1045760810
  => Calculated Acc(XfragY) = (Events/Flux)*Scale = 0.0000431046
----------------------------------------
--- Epsilon Calculation Details ---
Flux(Be9) at 10.5565612202 GeV/n:   0.0008599186
Flux(Be7) at 10.5565612202 GeV/n: 0.0017198371
=> Flux Ratio (X/Y) from TF1:  0.5000000000
----------------------------------------
Acceptance Ratio (from combined hist): 0.0012134016
Acceptance Ratio (from global spline): 0.0012526940
----------------------------------------
FINAL Epsilon = Flux Ratio * Splined Acc Ratio
              = 0.5000000000 * 0.0012526940
              = 0.0006263470
/**************************************/




/********** DEBUGGING OUTPUT (BIN 18) **********/
Channel: Be9 -> Be7, Detector: AGL
Energy (ek/n): 12.4760880858 GeV/n
----------------------------------------
--- Acceptance Calculation Details ---
Scale Factor (3.9^2 * Pi): 47.7836242611
Acc(Y): 
  Raw Events: 164345.0000000000 (from /eos/user/z/zixuan/Isotope/Add/Be7_w1_frag4.root)
  MC Flux:    220575822.9988104105
  => Calculated Acc(Y) = (Events/Flux)*Scale = 0.0356022687
Acc(XfragY): 
  Raw Events: 188.0000000000 (from /eos/user/z/zixuan/Isotope/Add/Be9_w1_frag4.root)
  MC Flux:    178315077.6039031446
  => Calculated Acc(XfragY) = (Events/Flux)*Scale = 0.0000503789
----------------------------------------
--- Epsilon Calculation Details ---
Flux(Be9) at 12.4760880858 GeV/n:   0.0005459211
Flux(Be7) at 12.4760880858 GeV/n: 0.0010918421
=> Flux Ratio (X/Y) from TF1:  0.5000000000
----------------------------------------
Acceptance Ratio (from combined hist): 0.0014150481
Acceptance Ratio (from global spline): 0.0012884040
----------------------------------------
FINAL Epsilon = Flux Ratio * Splined Acc Ratio
              = 0.5000000000 * 0.0012884040
              = 0.0006442020
/**************************************/




/********** DEBUGGING OUTPUT (BIN 19) **********/
Channel: Be9 -> Be7, Detector: AGL
Energy (ek/n): 14.6714890086 GeV/n
----------------------------------------
--- Acceptance Calculation Details ---
Scale Factor (3.9^2 * Pi): 47.7836242611
Acc(Y): 
  Raw Events: 162178.0000000000 (from /eos/user/z/zixuan/Isotope/Add/Be7_w1_frag4.root)
  MC Flux:    217125696.1219029427
  => Calculated Acc(Y) = (Events/Flux)*Scale = 0.0356910893
Acc(XfragY): 
  Raw Events: 137.0000000000 (from /eos/user/z/zixuan/Isotope/Add/Be9_w1_frag4.root)
  MC Flux:    175525970.2872669697
  => Calculated Acc(XfragY) = (Events/Flux)*Scale = 0.0000372957
----------------------------------------
--- Epsilon Calculation Details ---
Flux(Be9) at 14.6714890086 GeV/n:   0.0003465091
Flux(Be7) at 14.6714890086 GeV/n: 0.0006930182
=> Flux Ratio (X/Y) from TF1:  0.5000000000
----------------------------------------
Acceptance Ratio (from combined hist): 0.0010449571
Acceptance Ratio (from global spline): 0.0012052771
----------------------------------------
FINAL Epsilon = Flux Ratio * Splined Acc Ratio
              = 0.5000000000 * 0.0012052771
              = 0.0006026385
/**************************************/




/********** DEBUGGING OUTPUT (BIN 20) **********/
Channel: Be9 -> Be7, Detector: AGL
Energy (ek/n): 17.1925871018 GeV/n
----------------------------------------
--- Acceptance Calculation Details ---
Scale Factor (3.9^2 * Pi): 47.7836242611
Acc(Y): 
  Raw Events: 158976.0000000000 (from /eos/user/z/zixuan/Isotope/Add/Be7_w1_frag4.root)
  MC Flux:    214653477.5417041183
  => Calculated Acc(Y) = (Events/Flux)*Scale = 0.0353893612
Acc(XfragY): 
  Raw Events: 145.0000000000 (from /eos/user/z/zixuan/Isotope/Add/Be9_w1_frag4.root)
  MC Flux:    173527411.0526752770
  => Calculated Acc(XfragY) = (Events/Flux)*Scale = 0.0000399281
----------------------------------------
--- Epsilon Calculation Details ---
Flux(Be9) at 17.1925871018 GeV/n:   0.0002224542
Flux(Be7) at 17.1925871018 GeV/n: 0.0004449084
=> Flux Ratio (X/Y) from TF1:  0.5000000000
----------------------------------------
Acceptance Ratio (from combined hist): 0.0011282524
Acceptance Ratio (from global spline): 0.0009960626
----------------------------------------
FINAL Epsilon = Flux Ratio * Splined Acc Ratio
              = 0.5000000000 * 0.0009960626
              = 0.0004980313
/**************************************/




/********** DEBUGGING OUTPUT (BIN 21) **********/
Channel: Be9 -> Be7, Detector: AGL
Energy (ek/n): 20.0892620167 GeV/n
----------------------------------------
--- Acceptance Calculation Details ---
Scale Factor (3.9^2 * Pi): 47.7836242611
Acc(Y): 
  Raw Events: 158013.0000000000 (from /eos/user/z/zixuan/Isotope/Add/Be7_w1_frag4.root)
  MC Flux:    212411676.0935651958
  => Calculated Acc(Y) = (Events/Flux)*Scale = 0.0355462278
Acc(XfragY): 
  Raw Events: 82.0000000000 (from /eos/user/z/zixuan/Isotope/Add/Be9_w1_frag4.root)
  MC Flux:    171715122.6805283427
  => Calculated Acc(XfragY) = (Events/Flux)*Scale = 0.0000228184
----------------------------------------
--- Epsilon Calculation Details ---
Flux(Be9) at 20.0892620167 GeV/n:   0.0001428910
Flux(Be7) at 20.0892620167 GeV/n: 0.0002857820
=> Flux Ratio (X/Y) from TF1:  0.5000000000
----------------------------------------
Acceptance Ratio (from combined hist): 0.0006419347
Acceptance Ratio (from global spline): 0.0006528368
----------------------------------------
FINAL Epsilon = Flux Ratio * Splined Acc Ratio
              = 0.5000000000 * 0.0006528368
              = 0.0003264184
/**************************************/


    INFO: Intermediate results saved to /eos/user/z/zixuan/Isotope/BkgEst/w1_results_Be9_to_Be7.pdf

>>> Processing channel: Be10 -> Be7...
 flux ratio at 1 GeV/n: 0.1666666667
  -- Detector: TOF --
  -- Detector: NaF --
  -- Detector: AGL --
****************************************
Minimizer is Minuit2 / Migrad
Chi2                      = 14.4555164967
NDf                       =           10
Edm                       = 0.0000001144
NCalls                    =          300
p0                        = 0.0008343826   +/-   0.0000391361
p1                        = 0.0007276528   +/-   0.0000357703
p2                        = 0.0005644682   +/-   0.0000717612
p3                        = 0.0005246800   +/-   0.0000472466
p4                        = 0.0003690099   +/-   0.0000309070
p5                        = 0.0002769605   +/-   0.0000261517
p6                        = -0.0000771397   +/-   0.0002666090
p7                        = -0.0002236993   +/-   0.0009713328
p8                        = 0.0006749118   +/-   0.0029305593


/********** DEBUGGING OUTPUT (BIN 3) **********/
Channel: Be10 -> Be7, Detector: TOF
Energy (ek/n): 0.3368463841 GeV/n
----------------------------------------
--- Acceptance Calculation Details ---
Scale Factor (3.9^2 * Pi): 47.7836242611
Acc(Y): 
  Raw Events: 494864.0000000000 (from /eos/user/z/zixuan/Isotope/Add/Be7_w1_frag4.root)
  MC Flux:    345021812.9821585417
  => Calculated Acc(Y) = (Events/Flux)*Scale = 0.0685359434
Acc(XfragY): 
  Raw Events: 360.0000000000 (from /eos/user/z/zixuan/Isotope/Add/Be10_w1_frag4.root)
  MC Flux:    295849721.8877415657
  => Calculated Acc(XfragY) = (Events/Flux)*Scale = 0.0000581447
----------------------------------------
--- Epsilon Calculation Details ---
Flux(Be10) at 0.3368463841 GeV/n:   0.0589455407
Flux(Be7) at 0.3368463841 GeV/n: 0.3536732441
=> Flux Ratio (X/Y) from TF1:  0.1666666667
----------------------------------------
Acceptance Ratio (from combined hist): 0.0008483831
Acceptance Ratio (from global spline): 0.0008343290
----------------------------------------
FINAL Epsilon = Flux Ratio * Splined Acc Ratio
              = 0.1666666667 * 0.0008343290
              = 0.0001390548
/**************************************/




/********** DEBUGGING OUTPUT (BIN 4) **********/
Channel: Be10 -> Be7, Detector: TOF
Energy (ek/n): 0.4968766615 GeV/n
----------------------------------------
--- Acceptance Calculation Details ---
Scale Factor (3.9^2 * Pi): 47.7836242611
Acc(Y): 
  Raw Events: 458416.0000000000 (from /eos/user/z/zixuan/Isotope/Add/Be7_w1_frag4.root)
  MC Flux:    320501305.4692116976
  => Calculated Acc(Y) = (Events/Flux)*Scale = 0.0683453625
Acc(XfragY): 
  Raw Events: 309.0000000000 (from /eos/user/z/zixuan/Isotope/Add/Be10_w1_frag4.root)
  MC Flux:    274823847.4204167128
  => Calculated Acc(XfragY) = (Events/Flux)*Scale = 0.0000537258
----------------------------------------
--- Epsilon Calculation Details ---
Flux(Be10) at 0.4968766615 GeV/n:   0.0432048041
Flux(Be7) at 0.4968766615 GeV/n: 0.2592288244
=> Flux Ratio (X/Y) from TF1:  0.1666666667
----------------------------------------
Acceptance Ratio (from combined hist): 0.0007860933
Acceptance Ratio (from global spline): 0.0008113973
----------------------------------------
FINAL Epsilon = Flux Ratio * Splined Acc Ratio
              = 0.1666666667 * 0.0008113973
              = 0.0001352329
/**************************************/




/********** DEBUGGING OUTPUT (BIN 5) **********/
Channel: Be10 -> Be7, Detector: TOF
Energy (ek/n): 0.7045414310 GeV/n
----------------------------------------
--- Acceptance Calculation Details ---
Scale Factor (3.9^2 * Pi): 47.7836242611
Acc(Y): 
  Raw Events: 417703.0000000000 (from /eos/user/z/zixuan/Isotope/Add/Be7_w1_frag4.root)
  MC Flux:    306065998.0517216921
  => Calculated Acc(Y) = (Events/Flux)*Scale = 0.0652126121
Acc(XfragY): 
  Raw Events: 278.0000000000 (from /eos/user/z/zixuan/Isotope/Add/Be10_w1_frag4.root)
  MC Flux:    262445842.5403333902
  => Calculated Acc(XfragY) = (Events/Flux)*Scale = 0.0000506156
----------------------------------------
--- Epsilon Calculation Details ---
Flux(Be10) at 0.7045414310 GeV/n:   0.0344620997
Flux(Be7) at 0.7045414310 GeV/n: 0.2067725982
=> Flux Ratio (X/Y) from TF1:  0.1666666667
----------------------------------------
Acceptance Ratio (from combined hist): 0.0007761624
Acceptance Ratio (from global spline): 0.0007501950
----------------------------------------
FINAL Epsilon = Flux Ratio * Splined Acc Ratio
              = 0.1666666667 * 0.0007501950
              = 0.0001250325
/**************************************/




/********** DEBUGGING OUTPUT (BIN 6) **********/
Channel: Be10 -> Be7, Detector: TOF
Energy (ek/n): 0.9672506104 GeV/n
----------------------------------------
--- Acceptance Calculation Details ---
Scale Factor (3.9^2 * Pi): 47.7836242611
Acc(Y): 
  Raw Events: 388254.0000000000 (from /eos/user/z/zixuan/Isotope/Add/Be7_w1_frag4.root)
  MC Flux:    292174832.1568561792
  => Calculated Acc(Y) = (Events/Flux)*Scale = 0.0634968560
Acc(XfragY): 
  Raw Events: 219.0000000000 (from /eos/user/z/zixuan/Isotope/Add/Be10_w1_frag4.root)
  MC Flux:    250534428.7918208241
  => Calculated Acc(XfragY) = (Events/Flux)*Scale = 0.0000417692
----------------------------------------
--- Epsilon Calculation Details ---
Flux(Be10) at 0.9672506104 GeV/n:   0.0262049073
Flux(Be7) at 0.9672506104 GeV/n: 0.1572294437
=> Flux Ratio (X/Y) from TF1:  0.1666666667
----------------------------------------
Acceptance Ratio (from combined hist): 0.0006578147
Acceptance Ratio (from global spline): 0.0006597037
----------------------------------------
FINAL Epsilon = Flux Ratio * Splined Acc Ratio
              = 0.1666666667 * 0.0006597037
              = 0.0001099506
/**************************************/




/********** DEBUGGING OUTPUT (BIN 7) **********/
Channel: Be10 -> Be7, Detector: NaF
Energy (ek/n): 1.2922125341 GeV/n
----------------------------------------
--- Acceptance Calculation Details ---
Scale Factor (3.9^2 * Pi): 47.7836242611
Acc(Y): 
  Raw Events: 34958.0000000000 (from /eos/user/z/zixuan/Isotope/Add/Be7_w1_frag4.root)
  MC Flux:    282112356.6692785025
  => Calculated Acc(Y) = (Events/Flux)*Scale = 0.0059211158
Acc(XfragY): 
  Raw Events: 15.0000000000 (from /eos/user/z/zixuan/Isotope/Add/Be10_w1_frag4.root)
  MC Flux:    241906045.1288549304
  => Calculated Acc(XfragY) = (Events/Flux)*Scale = 0.0000029629
----------------------------------------
--- Epsilon Calculation Details ---
Flux(Be10) at 1.2922125341 GeV/n:   0.0200788674
Flux(Be7) at 1.2922125341 GeV/n: 0.1204732047
=> Flux Ratio (X/Y) from TF1:  0.1666666667
----------------------------------------
Acceptance Ratio (from combined hist): 0.0005004032
Acceptance Ratio (from global spline): 0.0005804181
----------------------------------------
FINAL Epsilon = Flux Ratio * Splined Acc Ratio
              = 0.1666666667 * 0.0005804181
              = 0.0000967364
/**************************************/




/********** DEBUGGING OUTPUT (BIN 8) **********/
Channel: Be10 -> Be7, Detector: NaF
Energy (ek/n): 1.6909447265 GeV/n
----------------------------------------
--- Acceptance Calculation Details ---
Scale Factor (3.9^2 * Pi): 47.7836242611
Acc(Y): 
  Raw Events: 33923.0000000000 (from /eos/user/z/zixuan/Isotope/Add/Be7_w1_frag4.root)
  MC Flux:    276384994.4874068499
  => Calculated Acc(Y) = (Events/Flux)*Scale = 0.0058648766
Acc(XfragY): 
  Raw Events: 19.0000000000 (from /eos/user/z/zixuan/Isotope/Add/Be10_w1_frag4.root)
  MC Flux:    236994939.6714595854
  => Calculated Acc(XfragY) = (Events/Flux)*Scale = 0.0000038308
----------------------------------------
--- Epsilon Calculation Details ---
Flux(Be10) at 1.6909447265 GeV/n:   0.0144091174
Flux(Be7) at 1.6909447265 GeV/n: 0.0864547045
=> Flux Ratio (X/Y) from TF1:  0.1666666667
----------------------------------------
Acceptance Ratio (from combined hist): 0.0006531828
Acceptance Ratio (from global spline): 0.0005479108
----------------------------------------
FINAL Epsilon = Flux Ratio * Splined Acc Ratio
              = 0.1666666667 * 0.0005479108
              = 0.0000913185
/**************************************/




/********** DEBUGGING OUTPUT (BIN 9) **********/
Channel: Be10 -> Be7, Detector: NaF
Energy (ek/n): 2.1727158116 GeV/n
----------------------------------------
--- Acceptance Calculation Details ---
Scale Factor (3.9^2 * Pi): 47.7836242611
Acc(Y): 
  Raw Events: 33318.0000000000 (from /eos/user/z/zixuan/Isotope/Add/Be7_w1_frag4.root)
  MC Flux:    267652105.6402227879
  => Calculated Acc(Y) = (Events/Flux)*Scale = 0.0059482244
Acc(XfragY): 
  Raw Events: 14.0000000000 (from /eos/user/z/zixuan/Isotope/Add/Be10_w1_frag4.root)
  MC Flux:    229506651.5705285668
  => Calculated Acc(XfragY) = (Events/Flux)*Scale = 0.0000029148
----------------------------------------
--- Epsilon Calculation Details ---
Flux(Be10) at 2.1727158116 GeV/n:   0.0097819205
Flux(Be7) at 2.1727158116 GeV/n: 0.0586915230
=> Flux Ratio (X/Y) from TF1:  0.1666666667
----------------------------------------
Acceptance Ratio (from combined hist): 0.0004900321
Acceptance Ratio (from global spline): 0.0005455977
----------------------------------------
FINAL Epsilon = Flux Ratio * Splined Acc Ratio
              = 0.1666666667 * 0.0005455977
              = 0.0000909330
/**************************************/




/********** DEBUGGING OUTPUT (BIN 10) **********/
Channel: Be10 -> Be7, Detector: NaF
Energy (ek/n): 2.7468447478 GeV/n
----------------------------------------
--- Acceptance Calculation Details ---
Scale Factor (3.9^2 * Pi): 47.7836242611
Acc(Y): 
  Raw Events: 32609.0000000000 (from /eos/user/z/zixuan/Isotope/Add/Be7_w1_frag4.root)
  MC Flux:    261128463.4058905840
  => Calculated Acc(Y) = (Events/Flux)*Scale = 0.0059670868
Acc(XfragY): 
  Raw Events: 24.0000000000 (from /eos/user/z/zixuan/Isotope/Add/Be10_w1_frag4.root)
  MC Flux:    223912750.9297534227
  => Calculated Acc(XfragY) = (Events/Flux)*Scale = 0.0000051217
----------------------------------------
--- Epsilon Calculation Details ---
Flux(Be10) at 2.7468447478 GeV/n:   0.0063066806
Flux(Be7) at 2.7468447478 GeV/n: 0.0378400839
=> Flux Ratio (X/Y) from TF1:  0.1666666667
----------------------------------------
Acceptance Ratio (from combined hist): 0.0008583198
Acceptance Ratio (from global spline): 0.0005401675
----------------------------------------
FINAL Epsilon = Flux Ratio * Splined Acc Ratio
              = 0.1666666667 * 0.0005401675
              = 0.0000900279
/**************************************/




/********** DEBUGGING OUTPUT (BIN 11) **********/
Channel: Be10 -> Be7, Detector: AGL
Energy (ek/n): 3.4250117177 GeV/n
----------------------------------------
--- Acceptance Calculation Details ---
Scale Factor (3.9^2 * Pi): 47.7836242611
Acc(Y): 
  Raw Events: 177986.0000000000 (from /eos/user/z/zixuan/Isotope/Add/Be7_w1_frag4.root)
  MC Flux:    253825574.8667445779
  => Calculated Acc(Y) = (Events/Flux)*Scale = 0.0335065375
Acc(XfragY): 
  Raw Events: 72.0000000000 (from /eos/user/z/zixuan/Isotope/Add/Be10_w1_frag4.root)
  MC Flux:    217650661.2241520286
  => Calculated Acc(XfragY) = (Events/Flux)*Scale = 0.0000158071
----------------------------------------
--- Epsilon Calculation Details ---
Flux(Be10) at 3.4250117177 GeV/n:   0.0040896790
Flux(Be7) at 3.4250117177 GeV/n: 0.0245380739
=> Flux Ratio (X/Y) from TF1:  0.1666666667
----------------------------------------
Acceptance Ratio (from combined hist): 0.0004717610
Acceptance Ratio (from global spline): 0.0005093503
----------------------------------------
FINAL Epsilon = Flux Ratio * Splined Acc Ratio
              = 0.1666666667 * 0.0005093503
              = 0.0000848917
/**************************************/




/********** DEBUGGING OUTPUT (BIN 12) **********/
Channel: Be10 -> Be7, Detector: AGL
Energy (ek/n): 4.2190486071 GeV/n
----------------------------------------
--- Acceptance Calculation Details ---
Scale Factor (3.9^2 * Pi): 47.7836242611
Acc(Y): 
  Raw Events: 178302.0000000000 (from /eos/user/z/zixuan/Isotope/Add/Be7_w1_frag4.root)
  MC Flux:    247318427.0944597721
  => Calculated Acc(Y) = (Events/Flux)*Scale = 0.0344491750
Acc(XfragY): 
  Raw Events: 73.0000000000 (from /eos/user/z/zixuan/Isotope/Add/Be10_w1_frag4.root)
  MC Flux:    212070904.2746616006
  => Calculated Acc(XfragY) = (Events/Flux)*Scale = 0.0000164483
----------------------------------------
--- Epsilon Calculation Details ---
Flux(Be10) at 4.2190486071 GeV/n:   0.0026159750
Flux(Be7) at 4.2190486071 GeV/n: 0.0156958501
=> Flux Ratio (X/Y) from TF1:  0.1666666667
----------------------------------------
Acceptance Ratio (from combined hist): 0.0004774655
Acceptance Ratio (from global spline): 0.0004536033
----------------------------------------
FINAL Epsilon = Flux Ratio * Splined Acc Ratio
              = 0.1666666667 * 0.0004536033
              = 0.0000756006
/**************************************/




/********** DEBUGGING OUTPUT (BIN 13) **********/
Channel: Be10 -> Be7, Detector: AGL
Energy (ek/n): 5.1408648843 GeV/n
----------------------------------------
--- Acceptance Calculation Details ---
Scale Factor (3.9^2 * Pi): 47.7836242611
Acc(Y): 
  Raw Events: 175113.0000000000 (from /eos/user/z/zixuan/Isotope/Add/Be7_w1_frag4.root)
  MC Flux:    239939948.5361670852
  => Calculated Acc(Y) = (Events/Flux)*Scale = 0.0348734500
Acc(XfragY): 
  Raw Events: 59.0000000000 (from /eos/user/z/zixuan/Isotope/Add/Be10_w1_frag4.root)
  MC Flux:    205743997.5479314327
  => Calculated Acc(XfragY) = (Events/Flux)*Scale = 0.0000137026
----------------------------------------
--- Epsilon Calculation Details ---
Flux(Be10) at 5.1408648843 GeV/n:   0.0016934060
Flux(Be7) at 5.1408648843 GeV/n: 0.0101604362
=> Flux Ratio (X/Y) from TF1:  0.1666666667
----------------------------------------
Acceptance Ratio (from combined hist): 0.0003929244
Acceptance Ratio (from global spline): 0.0003936692
----------------------------------------
FINAL Epsilon = Flux Ratio * Splined Acc Ratio
              = 0.1666666667 * 0.0003936692
              = 0.0000656115
/**************************************/




/********** DEBUGGING OUTPUT (BIN 14) **********/
Channel: Be10 -> Be7, Detector: AGL
Energy (ek/n): 6.2049547931 GeV/n
----------------------------------------
--- Acceptance Calculation Details ---
Scale Factor (3.9^2 * Pi): 47.7836242611
Acc(Y): 
  Raw Events: 171690.0000000000 (from /eos/user/z/zixuan/Isotope/Add/Be7_w1_frag4.root)
  MC Flux:    233978417.8983906507
  => Calculated Acc(Y) = (Events/Flux)*Scale = 0.0350629367
Acc(XfragY): 
  Raw Events: 46.0000000000 (from /eos/user/z/zixuan/Isotope/Add/Be10_w1_frag4.root)
  MC Flux:    200632097.0394767523
  => Calculated Acc(XfragY) = (Events/Flux)*Scale = 0.0000109556
----------------------------------------
--- Epsilon Calculation Details ---
Flux(Be10) at 6.2049547931 GeV/n:   0.0010955979
Flux(Be7) at 6.2049547931 GeV/n: 0.0065735871
=> Flux Ratio (X/Y) from TF1:  0.1666666667
----------------------------------------
Acceptance Ratio (from combined hist): 0.0003124555
Acceptance Ratio (from global spline): 0.0003455111
----------------------------------------
FINAL Epsilon = Flux Ratio * Splined Acc Ratio
              = 0.1666666667 * 0.0003455111
              = 0.0000575852
/**************************************/




/********** DEBUGGING OUTPUT (BIN 15) **********/
Channel: Be10 -> Be7, Detector: AGL
Energy (ek/n): 7.4457899798 GeV/n
----------------------------------------
--- Acceptance Calculation Details ---
Scale Factor (3.9^2 * Pi): 47.7836242611
Acc(Y): 
  Raw Events: 172562.0000000000 (from /eos/user/z/zixuan/Isotope/Add/Be7_w1_frag4.root)
  MC Flux:    233426100.6456375122
  => Calculated Acc(Y) = (Events/Flux)*Scale = 0.0353244035
Acc(XfragY): 
  Raw Events: 50.0000000000 (from /eos/user/z/zixuan/Isotope/Add/Be10_w1_frag4.root)
  MC Flux:    200158495.3729373217
  => Calculated Acc(XfragY) = (Events/Flux)*Scale = 0.0000119364
----------------------------------------
--- Epsilon Calculation Details ---
Flux(Be10) at 7.4457899798 GeV/n:   0.0006997415
Flux(Be7) at 7.4457899798 GeV/n: 0.0041984489
=> Flux Ratio (X/Y) from TF1:  0.1666666667
----------------------------------------
Acceptance Ratio (from combined hist): 0.0003379094
Acceptance Ratio (from global spline): 0.0003120970
----------------------------------------
FINAL Epsilon = Flux Ratio * Splined Acc Ratio
              = 0.1666666667 * 0.0003120970
              = 0.0000520162
/**************************************/




/********** DEBUGGING OUTPUT (BIN 16) **********/
Channel: Be10 -> Be7, Detector: AGL
Energy (ek/n): 8.8880598677 GeV/n
----------------------------------------
--- Acceptance Calculation Details ---
Scale Factor (3.9^2 * Pi): 47.7836242611
Acc(Y): 
  Raw Events: 169439.0000000000 (from /eos/user/z/zixuan/Isotope/Add/Be7_w1_frag4.root)
  MC Flux:    228230070.7753229141
  => Calculated Acc(Y) = (Events/Flux)*Scale = 0.0354747711
Acc(XfragY): 
  Raw Events: 55.0000000000 (from /eos/user/z/zixuan/Isotope/Add/Be10_w1_frag4.root)
  MC Flux:    195702997.3892996907
  => Calculated Acc(XfragY) = (Events/Flux)*Scale = 0.0000134290
----------------------------------------
--- Epsilon Calculation Details ---
Flux(Be10) at 8.8880598677 GeV/n:   0.0004471950
Flux(Be7) at 8.8880598677 GeV/n: 0.0026831700
=> Flux Ratio (X/Y) from TF1:  0.1666666667
----------------------------------------
Acceptance Ratio (from combined hist): 0.0003785513
Acceptance Ratio (from global spline): 0.0002889476
----------------------------------------
FINAL Epsilon = Flux Ratio * Splined Acc Ratio
              = 0.1666666667 * 0.0002889476
              = 0.0000481579
/**************************************/




/********** DEBUGGING OUTPUT (BIN 17) **********/
Channel: Be10 -> Be7, Detector: AGL
Energy (ek/n): 10.5565612202 GeV/n
----------------------------------------
--- Acceptance Calculation Details ---
Scale Factor (3.9^2 * Pi): 47.7836242611
Acc(Y): 
  Raw Events: 168209.0000000000 (from /eos/user/z/zixuan/Isotope/Add/Be7_w1_frag4.root)
  MC Flux:    226260788.0158911943
  => Calculated Acc(Y) = (Events/Flux)*Scale = 0.0355237676
Acc(XfragY): 
  Raw Events: 30.0000000000 (from /eos/user/z/zixuan/Isotope/Add/Be10_w1_frag4.root)
  MC Flux:    194014374.4246807396
  => Calculated Acc(XfragY) = (Events/Flux)*Scale = 0.0000073887
----------------------------------------
--- Epsilon Calculation Details ---
Flux(Be10) at 10.5565612202 GeV/n:   0.0002866395
Flux(Be7) at 10.5565612202 GeV/n: 0.0017198371
=> Flux Ratio (X/Y) from TF1:  0.1666666667
----------------------------------------
Acceptance Ratio (from combined hist): 0.0002079924
Acceptance Ratio (from global spline): 0.0002720225
----------------------------------------
FINAL Epsilon = Flux Ratio * Splined Acc Ratio
              = 0.1666666667 * 0.0002720225
              = 0.0000453371
/**************************************/




/********** DEBUGGING OUTPUT (BIN 18) **********/
Channel: Be10 -> Be7, Detector: AGL
Energy (ek/n): 12.4760880858 GeV/n
----------------------------------------
--- Acceptance Calculation Details ---
Scale Factor (3.9^2 * Pi): 47.7836242611
Acc(Y): 
  Raw Events: 164345.0000000000 (from /eos/user/z/zixuan/Isotope/Add/Be7_w1_frag4.root)
  MC Flux:    220575822.9988104105
  => Calculated Acc(Y) = (Events/Flux)*Scale = 0.0356022687
Acc(XfragY): 
  Raw Events: 36.0000000000 (from /eos/user/z/zixuan/Isotope/Add/Be10_w1_frag4.root)
  MC Flux:    189139623.7394772768
  => Calculated Acc(XfragY) = (Events/Flux)*Scale = 0.0000090949
----------------------------------------
--- Epsilon Calculation Details ---
Flux(Be10) at 12.4760880858 GeV/n:   0.0001819737
Flux(Be7) at 12.4760880858 GeV/n: 0.0010918421
=> Flux Ratio (X/Y) from TF1:  0.1666666667
----------------------------------------
Acceptance Ratio (from combined hist): 0.0002554591
Acceptance Ratio (from global spline): 0.0002564466
----------------------------------------
FINAL Epsilon = Flux Ratio * Splined Acc Ratio
              = 0.1666666667 * 0.0002564466
              = 0.0000427411
/**************************************/




/********** DEBUGGING OUTPUT (BIN 19) **********/
Channel: Be10 -> Be7, Detector: AGL
Energy (ek/n): 14.6714890086 GeV/n
----------------------------------------
--- Acceptance Calculation Details ---
Scale Factor (3.9^2 * Pi): 47.7836242611
Acc(Y): 
  Raw Events: 162178.0000000000 (from /eos/user/z/zixuan/Isotope/Add/Be7_w1_frag4.root)
  MC Flux:    217125696.1219029427
  => Calculated Acc(Y) = (Events/Flux)*Scale = 0.0356910893
Acc(XfragY): 
  Raw Events: 41.0000000000 (from /eos/user/z/zixuan/Isotope/Add/Be10_w1_frag4.root)
  MC Flux:    186181204.7682591677
  => Calculated Acc(XfragY) = (Events/Flux)*Scale = 0.0000105227
----------------------------------------
--- Epsilon Calculation Details ---
Flux(Be10) at 14.6714890086 GeV/n:   0.0001155030
Flux(Be7) at 14.6714890086 GeV/n: 0.0006930182
=> Flux Ratio (X/Y) from TF1:  0.1666666667
----------------------------------------
Acceptance Ratio (from combined hist): 0.0002948270
Acceptance Ratio (from global spline): 0.0002358956
----------------------------------------
FINAL Epsilon = Flux Ratio * Splined Acc Ratio
              = 0.1666666667 * 0.0002358956
              = 0.0000393159
/**************************************/




/********** DEBUGGING OUTPUT (BIN 20) **********/
Channel: Be10 -> Be7, Detector: AGL
Energy (ek/n): 17.1925871018 GeV/n
----------------------------------------
--- Acceptance Calculation Details ---
Scale Factor (3.9^2 * Pi): 47.7836242611
Acc(Y): 
  Raw Events: 158976.0000000000 (from /eos/user/z/zixuan/Isotope/Add/Be7_w1_frag4.root)
  MC Flux:    214653477.5417041183
  => Calculated Acc(Y) = (Events/Flux)*Scale = 0.0353893612
Acc(XfragY): 
  Raw Events: 25.0000000000 (from /eos/user/z/zixuan/Isotope/Add/Be10_w1_frag4.root)
  MC Flux:    184061323.7871823311
  => Calculated Acc(XfragY) = (Events/Flux)*Scale = 0.0000064902
----------------------------------------
--- Epsilon Calculation Details ---
Flux(Be10) at 17.1925871018 GeV/n:   0.0000741514
Flux(Be7) at 17.1925871018 GeV/n: 0.0004449084
=> Flux Ratio (X/Y) from TF1:  0.1666666667
----------------------------------------
Acceptance Ratio (from combined hist): 0.0001833935
Acceptance Ratio (from global spline): 0.0002046154
----------------------------------------
FINAL Epsilon = Flux Ratio * Splined Acc Ratio
              = 0.1666666667 * 0.0002046154
              = 0.0000341026
/**************************************/




/********** DEBUGGING OUTPUT (BIN 21) **********/
Channel: Be10 -> Be7, Detector: AGL
Energy (ek/n): 20.0892620167 GeV/n
----------------------------------------
--- Acceptance Calculation Details ---
Scale Factor (3.9^2 * Pi): 47.7836242611
Acc(Y): 
  Raw Events: 158013.0000000000 (from /eos/user/z/zixuan/Isotope/Add/Be7_w1_frag4.root)
  MC Flux:    212411676.0935651958
  => Calculated Acc(Y) = (Events/Flux)*Scale = 0.0355462278
Acc(XfragY): 
  Raw Events: 22.0000000000 (from /eos/user/z/zixuan/Isotope/Add/Be10_w1_frag4.root)
  MC Flux:    182139021.1674528420
  => Calculated Acc(XfragY) = (Events/Flux)*Scale = 0.0000057716
----------------------------------------
--- Epsilon Calculation Details ---
Flux(Be10) at 20.0892620167 GeV/n:   0.0000476303
Flux(Be7) at 20.0892620167 GeV/n: 0.0002857820
=> Flux Ratio (X/Y) from TF1:  0.1666666667
----------------------------------------
Acceptance Ratio (from combined hist): 0.0001623698
Acceptance Ratio (from global spline): 0.0001575130
----------------------------------------
FINAL Epsilon = Flux Ratio * Splined Acc Ratio
              = 0.1666666667 * 0.0001575130
              = 0.0000262522
/**************************************/


    INFO: Intermediate results saved to /eos/user/z/zixuan/Isotope/BkgEst/w1_results_Be10_to_Be7.pdf

>>> Processing channel: B10 -> Be7...
 flux ratio at 1 GeV/n: 1.5413227387
  -- Detector: TOF --
  -- Detector: NaF --
  -- Detector: AGL --
****************************************
Minimizer is Minuit2 / Migrad
Chi2                      = 15.4646368080
NDf                       =           10
Edm                       = 0.0000000000
NCalls                    =          281
p0                        = 0.0003891715   +/-   0.0000272668
p1                        = 0.0002745653   +/-   0.0000227686
p2                        = 0.0002349828   +/-   0.0000444824
p3                        = 0.0001098207   +/-   0.0000247582
p4                        = 0.0001211941   +/-   0.0000188702
p5                        = 0.0002385547   +/-   0.0000237734
p6                        = 0.0010517961   +/-   0.0002549610
p7                        = 0.0012917188   +/-   0.0009555423
p8                        = -0.0038971795   +/-   0.0028829184


/********** DEBUGGING OUTPUT (BIN 3) **********/
Channel: B10 -> Be7, Detector: TOF
Energy (ek/n): 0.3368463841 GeV/n
----------------------------------------
--- Acceptance Calculation Details ---
Scale Factor (3.9^2 * Pi): 47.7836242611
Acc(Y): 
  Raw Events: 494864.0000000000 (from /eos/user/z/zixuan/Isotope/Add/Be7_w1_frag4.root)
  MC Flux:    345021812.9821585417
  => Calculated Acc(Y) = (Events/Flux)*Scale = 0.0685359434
Acc(XfragY): 
  Raw Events: 145.0000000000 (from /eos/user/z/zixuan/Isotope/Add/B10_w1_frag4.root)
  MC Flux:    270316773.4687929153
  => Calculated Acc(XfragY) = (Events/Flux)*Scale = 0.0000256315
----------------------------------------
--- Epsilon Calculation Details ---
Flux(B10) at 0.3368463841 GeV/n:   0.6241543378
Flux(Be7) at 0.3368463841 GeV/n: 0.3536732441
=> Flux Ratio (X/Y) from TF1:  1.7647768054
----------------------------------------
Acceptance Ratio (from combined hist): 0.0003739863
Acceptance Ratio (from global spline): 0.0003890280
----------------------------------------
FINAL Epsilon = Flux Ratio * Splined Acc Ratio
              = 1.7647768054 * 0.0003890280
              = 0.0006865476
/**************************************/




/********** DEBUGGING OUTPUT (BIN 4) **********/
Channel: B10 -> Be7, Detector: TOF
Energy (ek/n): 0.4968766615 GeV/n
----------------------------------------
--- Acceptance Calculation Details ---
Scale Factor (3.9^2 * Pi): 47.7836242611
Acc(Y): 
  Raw Events: 458416.0000000000 (from /eos/user/z/zixuan/Isotope/Add/Be7_w1_frag4.root)
  MC Flux:    320501305.4692116976
  => Calculated Acc(Y) = (Events/Flux)*Scale = 0.0683453625
Acc(XfragY): 
  Raw Events: 138.0000000000 (from /eos/user/z/zixuan/Isotope/Add/B10_w1_frag4.root)
  MC Flux:    251105511.3824158311
  => Calculated Acc(XfragY) = (Events/Flux)*Scale = 0.0000262604
----------------------------------------
--- Epsilon Calculation Details ---
Flux(B10) at 0.4968766615 GeV/n:   0.4380937273
Flux(Be7) at 0.4968766615 GeV/n: 0.2592288244
=> Flux Ratio (X/Y) from TF1:  1.6899884816
----------------------------------------
Acceptance Ratio (from combined hist): 0.0003842314
Acceptance Ratio (from global spline): 0.0003464080
----------------------------------------
FINAL Epsilon = Flux Ratio * Splined Acc Ratio
              = 1.6899884816 * 0.0003464080
              = 0.0005854254
/**************************************/




/********** DEBUGGING OUTPUT (BIN 5) **********/
Channel: B10 -> Be7, Detector: TOF
Energy (ek/n): 0.7045414310 GeV/n
----------------------------------------
--- Acceptance Calculation Details ---
Scale Factor (3.9^2 * Pi): 47.7836242611
Acc(Y): 
  Raw Events: 417703.0000000000 (from /eos/user/z/zixuan/Isotope/Add/Be7_w1_frag4.root)
  MC Flux:    306065998.0517216921
  => Calculated Acc(Y) = (Events/Flux)*Scale = 0.0652126121
Acc(XfragY): 
  Raw Events: 86.0000000000 (from /eos/user/z/zixuan/Isotope/Add/B10_w1_frag4.root)
  MC Flux:    239795775.0750258863
  => Calculated Acc(XfragY) = (Events/Flux)*Scale = 0.0000171370
----------------------------------------
--- Epsilon Calculation Details ---
Flux(B10) at 0.7045414310 GeV/n:   0.3373285052
Flux(Be7) at 0.7045414310 GeV/n: 0.2067725982
=> Flux Ratio (X/Y) from TF1:  1.6313984934
----------------------------------------
Acceptance Ratio (from combined hist): 0.0002627873
Acceptance Ratio (from global spline): 0.0002861751
----------------------------------------
FINAL Epsilon = Flux Ratio * Splined Acc Ratio
              = 1.6313984934 * 0.0002861751
              = 0.0004668656
/**************************************/




/********** DEBUGGING OUTPUT (BIN 6) **********/
Channel: B10 -> Be7, Detector: TOF
Energy (ek/n): 0.9672506104 GeV/n
----------------------------------------
--- Acceptance Calculation Details ---
Scale Factor (3.9^2 * Pi): 47.7836242611
Acc(Y): 
  Raw Events: 388254.0000000000 (from /eos/user/z/zixuan/Isotope/Add/Be7_w1_frag4.root)
  MC Flux:    292174832.1568561792
  => Calculated Acc(Y) = (Events/Flux)*Scale = 0.0634968560
Acc(XfragY): 
  Raw Events: 85.0000000000 (from /eos/user/z/zixuan/Isotope/Add/B10_w1_frag4.root)
  MC Flux:    228912361.3222438693
  => Calculated Acc(XfragY) = (Events/Flux)*Scale = 0.0000177431
----------------------------------------
--- Epsilon Calculation Details ---
Flux(B10) at 0.9672506104 GeV/n:   0.2436031774
Flux(Be7) at 0.9672506104 GeV/n: 0.1572294437
=> Flux Ratio (X/Y) from TF1:  1.5493483388
----------------------------------------
Acceptance Ratio (from combined hist): 0.0002794323
Acceptance Ratio (from global spline): 0.0002570218
----------------------------------------
FINAL Epsilon = Flux Ratio * Splined Acc Ratio
              = 1.5493483388 * 0.0002570218
              = 0.0003982164
/**************************************/




/********** DEBUGGING OUTPUT (BIN 7) **********/
Channel: B10 -> Be7, Detector: NaF
Energy (ek/n): 1.2922125341 GeV/n
----------------------------------------
--- Acceptance Calculation Details ---
Scale Factor (3.9^2 * Pi): 47.7836242611
Acc(Y): 
  Raw Events: 34958.0000000000 (from /eos/user/z/zixuan/Isotope/Add/Be7_w1_frag4.root)
  MC Flux:    282112356.6692785025
  => Calculated Acc(Y) = (Events/Flux)*Scale = 0.0059211158
Acc(XfragY): 
  Raw Events: 5.0000000000 (from /eos/user/z/zixuan/Isotope/Add/B10_w1_frag4.root)
  MC Flux:    221028639.7586697340
  => Calculated Acc(XfragY) = (Events/Flux)*Scale = 0.0000010809
----------------------------------------
--- Epsilon Calculation Details ---
Flux(B10) at 1.2922125341 GeV/n:   0.1795368388
Flux(Be7) at 1.2922125341 GeV/n: 0.1204732047
=> Flux Ratio (X/Y) from TF1:  1.4902636587
----------------------------------------
Acceptance Ratio (from combined hist): 0.0001825564
Acceptance Ratio (from global spline): 0.0002421409
----------------------------------------
FINAL Epsilon = Flux Ratio * Splined Acc Ratio
              = 1.4902636587 * 0.0002421409
              = 0.0003608538
/**************************************/




/********** DEBUGGING OUTPUT (BIN 8) **********/
Channel: B10 -> Be7, Detector: NaF
Energy (ek/n): 1.6909447265 GeV/n
----------------------------------------
--- Acceptance Calculation Details ---
Scale Factor (3.9^2 * Pi): 47.7836242611
Acc(Y): 
  Raw Events: 33923.0000000000 (from /eos/user/z/zixuan/Isotope/Add/Be7_w1_frag4.root)
  MC Flux:    276384994.4874068499
  => Calculated Acc(Y) = (Events/Flux)*Scale = 0.0058648766
Acc(XfragY): 
  Raw Events: 5.0000000000 (from /eos/user/z/zixuan/Isotope/Add/B10_w1_frag4.root)
  MC Flux:    216541381.2514206767
  => Calculated Acc(XfragY) = (Events/Flux)*Scale = 0.0000011033
----------------------------------------
--- Epsilon Calculation Details ---
Flux(B10) at 1.6909447265 GeV/n:   0.1233111412
Flux(Be7) at 1.6909447265 GeV/n: 0.0864547045
=> Flux Ratio (X/Y) from TF1:  1.4263092090
----------------------------------------
Acceptance Ratio (from combined hist): 0.0001881262
Acceptance Ratio (from global spline): 0.0002123012
----------------------------------------
FINAL Epsilon = Flux Ratio * Splined Acc Ratio
              = 1.4263092090 * 0.0002123012
              = 0.0003028071
/**************************************/




/********** DEBUGGING OUTPUT (BIN 9) **********/
Channel: B10 -> Be7, Detector: NaF
Energy (ek/n): 2.1727158116 GeV/n
----------------------------------------
--- Acceptance Calculation Details ---
Scale Factor (3.9^2 * Pi): 47.7836242611
Acc(Y): 
  Raw Events: 33318.0000000000 (from /eos/user/z/zixuan/Isotope/Add/Be7_w1_frag4.root)
  MC Flux:    267652105.6402227879
  => Calculated Acc(Y) = (Events/Flux)*Scale = 0.0059482244
Acc(XfragY): 
  Raw Events: 4.0000000000 (from /eos/user/z/zixuan/Isotope/Add/B10_w1_frag4.root)
  MC Flux:    209699360.6967535913
  => Calculated Acc(XfragY) = (Events/Flux)*Scale = 0.0000009115
----------------------------------------
--- Epsilon Calculation Details ---
Flux(B10) at 2.1727158116 GeV/n:   0.0806510040
Flux(Be7) at 2.1727158116 GeV/n: 0.0586915230
=> Flux Ratio (X/Y) from TF1:  1.3741508127
----------------------------------------
Acceptance Ratio (from combined hist): 0.0001532338
Acceptance Ratio (from global spline): 0.0001702849
----------------------------------------
FINAL Epsilon = Flux Ratio * Splined Acc Ratio
              = 1.3741508127 * 0.0001702849
              = 0.0002339972
/**************************************/




/********** DEBUGGING OUTPUT (BIN 10) **********/
Channel: B10 -> Be7, Detector: NaF
Energy (ek/n): 2.7468447478 GeV/n
----------------------------------------
--- Acceptance Calculation Details ---
Scale Factor (3.9^2 * Pi): 47.7836242611
Acc(Y): 
  Raw Events: 32609.0000000000 (from /eos/user/z/zixuan/Isotope/Add/Be7_w1_frag4.root)
  MC Flux:    261128463.4058905840
  => Calculated Acc(Y) = (Events/Flux)*Scale = 0.0059670868
Acc(XfragY): 
  Raw Events: 7.0000000000 (from /eos/user/z/zixuan/Isotope/Add/B10_w1_frag4.root)
  MC Flux:    204588234.8093575835
  => Calculated Acc(XfragY) = (Events/Flux)*Scale = 0.0000016349
----------------------------------------
--- Epsilon Calculation Details ---
Flux(B10) at 2.7468447478 GeV/n:   0.0507246965
Flux(Be7) at 2.7468447478 GeV/n: 0.0378400839
=> Flux Ratio (X/Y) from TF1:  1.3405016915
----------------------------------------
Acceptance Ratio (from combined hist): 0.0002739896
Acceptance Ratio (from global spline): 0.0001299631
----------------------------------------
FINAL Epsilon = Flux Ratio * Splined Acc Ratio
              = 1.3405016915 * 0.0001299631
              = 0.0001742158
/**************************************/




/********** DEBUGGING OUTPUT (BIN 11) **********/
Channel: B10 -> Be7, Detector: AGL
Energy (ek/n): 3.4250117177 GeV/n
----------------------------------------
--- Acceptance Calculation Details ---
Scale Factor (3.9^2 * Pi): 47.7836242611
Acc(Y): 
  Raw Events: 177986.0000000000 (from /eos/user/z/zixuan/Isotope/Add/Be7_w1_frag4.root)
  MC Flux:    253825574.8667445779
  => Calculated Acc(Y) = (Events/Flux)*Scale = 0.0335065375
Acc(XfragY): 
  Raw Events: 15.0000000000 (from /eos/user/z/zixuan/Isotope/Add/B10_w1_frag4.root)
  MC Flux:    198866587.0971700847
  => Calculated Acc(XfragY) = (Events/Flux)*Scale = 0.0000036042
----------------------------------------
--- Epsilon Calculation Details ---
Flux(B10) at 3.4250117177 GeV/n:   0.0324351391
Flux(Be7) at 3.4250117177 GeV/n: 0.0245380739
=> Flux Ratio (X/Y) from TF1:  1.3218290565
----------------------------------------
Acceptance Ratio (from combined hist): 0.0001075670
Acceptance Ratio (from global spline): 0.0001007010
----------------------------------------
FINAL Epsilon = Flux Ratio * Splined Acc Ratio
              = 1.3218290565 * 0.0001007010
              = 0.0001331095
/**************************************/




/********** DEBUGGING OUTPUT (BIN 12) **********/
Channel: B10 -> Be7, Detector: AGL
Energy (ek/n): 4.2190486071 GeV/n
----------------------------------------
--- Acceptance Calculation Details ---
Scale Factor (3.9^2 * Pi): 47.7836242611
Acc(Y): 
  Raw Events: 178302.0000000000 (from /eos/user/z/zixuan/Isotope/Add/Be7_w1_frag4.root)
  MC Flux:    247318427.0944597721
  => Calculated Acc(Y) = (Events/Flux)*Scale = 0.0344491750
Acc(XfragY): 
  Raw Events: 12.0000000000 (from /eos/user/z/zixuan/Isotope/Add/B10_w1_frag4.root)
  MC Flux:    193768384.2470802963
  => Calculated Acc(XfragY) = (Events/Flux)*Scale = 0.0000029592
----------------------------------------
--- Epsilon Calculation Details ---
Flux(B10) at 4.2190486071 GeV/n:   0.0205233631
Flux(Be7) at 4.2190486071 GeV/n: 0.0156958501
=> Flux Ratio (X/Y) from TF1:  1.3075662002
----------------------------------------
Acceptance Ratio (from combined hist): 0.0000859011
Acceptance Ratio (from global spline): 0.0000900139
----------------------------------------
FINAL Epsilon = Flux Ratio * Splined Acc Ratio
              = 1.3075662002 * 0.0000900139
              = 0.0001176991
/**************************************/




/********** DEBUGGING OUTPUT (BIN 13) **********/
Channel: B10 -> Be7, Detector: AGL
Energy (ek/n): 5.1408648843 GeV/n
----------------------------------------
--- Acceptance Calculation Details ---
Scale Factor (3.9^2 * Pi): 47.7836242611
Acc(Y): 
  Raw Events: 175113.0000000000 (from /eos/user/z/zixuan/Isotope/Add/Be7_w1_frag4.root)
  MC Flux:    239939948.5361670852
  => Calculated Acc(Y) = (Events/Flux)*Scale = 0.0348734500
Acc(XfragY): 
  Raw Events: 11.0000000000 (from /eos/user/z/zixuan/Isotope/Add/B10_w1_frag4.root)
  MC Flux:    187987513.4675004482
  => Calculated Acc(XfragY) = (Events/Flux)*Scale = 0.0000027960
----------------------------------------
--- Epsilon Calculation Details ---
Flux(B10) at 5.1408648843 GeV/n:   0.0131383666
Flux(Be7) at 5.1408648843 GeV/n: 0.0101604362
=> Flux Ratio (X/Y) from TF1:  1.2930908018
----------------------------------------
Acceptance Ratio (from combined hist): 0.0000801766
Acceptance Ratio (from global spline): 0.0001044649
----------------------------------------
FINAL Epsilon = Flux Ratio * Splined Acc Ratio
              = 1.2930908018 * 0.0001044649
              = 0.0001350826
/**************************************/




/********** DEBUGGING OUTPUT (BIN 14) **********/
Channel: B10 -> Be7, Detector: AGL
Energy (ek/n): 6.2049547931 GeV/n
----------------------------------------
--- Acceptance Calculation Details ---
Scale Factor (3.9^2 * Pi): 47.7836242611
Acc(Y): 
  Raw Events: 171690.0000000000 (from /eos/user/z/zixuan/Isotope/Add/Be7_w1_frag4.root)
  MC Flux:    233978417.8983906507
  => Calculated Acc(Y) = (Events/Flux)*Scale = 0.0350629367
Acc(XfragY): 
  Raw Events: 21.0000000000 (from /eos/user/z/zixuan/Isotope/Add/B10_w1_frag4.root)
  MC Flux:    183316789.2804981470
  => Calculated Acc(XfragY) = (Events/Flux)*Scale = 0.0000054739
----------------------------------------
--- Epsilon Calculation Details ---
Flux(B10) at 6.2049547931 GeV/n:   0.0083626295
Flux(Be7) at 6.2049547931 GeV/n: 0.0065735871
=> Flux Ratio (X/Y) from TF1:  1.2721561784
----------------------------------------
Acceptance Ratio (from combined hist): 0.0001561162
Acceptance Ratio (from global spline): 0.0001475370
----------------------------------------
FINAL Epsilon = Flux Ratio * Splined Acc Ratio
              = 1.2721561784 * 0.0001475370
              = 0.0001876901
/**************************************/




/********** DEBUGGING OUTPUT (BIN 15) **********/
Channel: B10 -> Be7, Detector: AGL
Energy (ek/n): 7.4457899798 GeV/n
----------------------------------------
--- Acceptance Calculation Details ---
Scale Factor (3.9^2 * Pi): 47.7836242611
Acc(Y): 
  Raw Events: 172562.0000000000 (from /eos/user/z/zixuan/Isotope/Add/Be7_w1_frag4.root)
  MC Flux:    233426100.6456375122
  => Calculated Acc(Y) = (Events/Flux)*Scale = 0.0353244035
Acc(XfragY): 
  Raw Events: 44.0000000000 (from /eos/user/z/zixuan/Isotope/Add/B10_w1_frag4.root)
  MC Flux:    182884061.2265676260
  => Calculated Acc(XfragY) = (Events/Flux)*Scale = 0.0000114962
----------------------------------------
--- Epsilon Calculation Details ---
Flux(B10) at 7.4457899798 GeV/n:   0.0052771538
Flux(Be7) at 7.4457899798 GeV/n: 0.0041984489
=> Flux Ratio (X/Y) from TF1:  1.2569293871
----------------------------------------
Acceptance Ratio (from combined hist): 0.0003254476
Acceptance Ratio (from global spline): 0.0002028032
----------------------------------------
FINAL Epsilon = Flux Ratio * Splined Acc Ratio
              = 1.2569293871 * 0.0002028032
              = 0.0002549093
/**************************************/




/********** DEBUGGING OUTPUT (BIN 16) **********/
Channel: B10 -> Be7, Detector: AGL
Energy (ek/n): 8.8880598677 GeV/n
----------------------------------------
--- Acceptance Calculation Details ---
Scale Factor (3.9^2 * Pi): 47.7836242611
Acc(Y): 
  Raw Events: 169439.0000000000 (from /eos/user/z/zixuan/Isotope/Add/Be7_w1_frag4.root)
  MC Flux:    228230070.7753229141
  => Calculated Acc(Y) = (Events/Flux)*Scale = 0.0354747711
Acc(XfragY): 
  Raw Events: 31.0000000000 (from /eos/user/z/zixuan/Isotope/Add/B10_w1_frag4.root)
  MC Flux:    178813089.5472681522
  => Calculated Acc(XfragY) = (Events/Flux)*Scale = 0.0000082840
----------------------------------------
--- Epsilon Calculation Details ---
Flux(B10) at 8.8880598677 GeV/n:   0.0033462747
Flux(Be7) at 8.8880598677 GeV/n: 0.0026831700
=> Flux Ratio (X/Y) from TF1:  1.2471348047
----------------------------------------
Acceptance Ratio (from combined hist): 0.0002335188
Acceptance Ratio (from global spline): 0.0002389022
----------------------------------------
FINAL Epsilon = Flux Ratio * Splined Acc Ratio
              = 1.2471348047 * 0.0002389022
              = 0.0002979432
/**************************************/




/********** DEBUGGING OUTPUT (BIN 17) **********/
Channel: B10 -> Be7, Detector: AGL
Energy (ek/n): 10.5565612202 GeV/n
----------------------------------------
--- Acceptance Calculation Details ---
Scale Factor (3.9^2 * Pi): 47.7836242611
Acc(Y): 
  Raw Events: 168209.0000000000 (from /eos/user/z/zixuan/Isotope/Add/Be7_w1_frag4.root)
  MC Flux:    226260788.0158911943
  => Calculated Acc(Y) = (Events/Flux)*Scale = 0.0355237676
Acc(XfragY): 
  Raw Events: 26.0000000000 (from /eos/user/z/zixuan/Isotope/Add/B10_w1_frag4.root)
  MC Flux:    177270201.1223996878
  => Calculated Acc(XfragY) = (Events/Flux)*Scale = 0.0000070084
----------------------------------------
--- Epsilon Calculation Details ---
Flux(B10) at 10.5565612202 GeV/n:   0.0021112245
Flux(Be7) at 10.5565612202 GeV/n: 0.0017198371
=> Flux Ratio (X/Y) from TF1:  1.2275723776
----------------------------------------
Acceptance Ratio (from combined hist): 0.0001972866
Acceptance Ratio (from global spline): 0.0002293727
----------------------------------------
FINAL Epsilon = Flux Ratio * Splined Acc Ratio
              = 1.2275723776 * 0.0002293727
              = 0.0002815716
/**************************************/




/********** DEBUGGING OUTPUT (BIN 18) **********/
Channel: B10 -> Be7, Detector: AGL
Energy (ek/n): 12.4760880858 GeV/n
----------------------------------------
--- Acceptance Calculation Details ---
Scale Factor (3.9^2 * Pi): 47.7836242611
Acc(Y): 
  Raw Events: 164345.0000000000 (from /eos/user/z/zixuan/Isotope/Add/Be7_w1_frag4.root)
  MC Flux:    220575822.9988104105
  => Calculated Acc(Y) = (Events/Flux)*Scale = 0.0356022687
Acc(XfragY): 
  Raw Events: 20.0000000000 (from /eos/user/z/zixuan/Isotope/Add/B10_w1_frag4.root)
  MC Flux:    172816159.8331908286
  => Calculated Acc(XfragY) = (Events/Flux)*Scale = 0.0000055300
----------------------------------------
--- Epsilon Calculation Details ---
Flux(B10) at 12.4760880858 GeV/n:   0.0013225396
Flux(Be7) at 12.4760880858 GeV/n: 0.0010918421
=> Flux Ratio (X/Y) from TF1:  1.2112919509
----------------------------------------
Acceptance Ratio (from combined hist): 0.0001553270
Acceptance Ratio (from global spline): 0.0001786734
----------------------------------------
FINAL Epsilon = Flux Ratio * Splined Acc Ratio
              = 1.2112919509 * 0.0001786734
              = 0.0002164256
/**************************************/




/********** DEBUGGING OUTPUT (BIN 19) **********/
Channel: B10 -> Be7, Detector: AGL
Energy (ek/n): 14.6714890086 GeV/n
----------------------------------------
--- Acceptance Calculation Details ---
Scale Factor (3.9^2 * Pi): 47.7836242611
Acc(Y): 
  Raw Events: 162178.0000000000 (from /eos/user/z/zixuan/Isotope/Add/Be7_w1_frag4.root)
  MC Flux:    217125696.1219029427
  => Calculated Acc(Y) = (Events/Flux)*Scale = 0.0356910893
Acc(XfragY): 
  Raw Events: 17.0000000000 (from /eos/user/z/zixuan/Isotope/Add/B10_w1_frag4.root)
  MC Flux:    170113063.5930935740
  => Calculated Acc(XfragY) = (Events/Flux)*Scale = 0.0000047752
----------------------------------------
--- Epsilon Calculation Details ---
Flux(B10) at 14.6714890086 GeV/n:   0.0008377115
Flux(Be7) at 14.6714890086 GeV/n: 0.0006930182
=> Flux Ratio (X/Y) from TF1:  1.2087871593
----------------------------------------
Acceptance Ratio (from combined hist): 0.0001337921
Acceptance Ratio (from global spline): 0.0001315976
----------------------------------------
FINAL Epsilon = Flux Ratio * Splined Acc Ratio
              = 1.2087871593 * 0.0001315976
              = 0.0001590735
/**************************************/




/********** DEBUGGING OUTPUT (BIN 20) **********/
Channel: B10 -> Be7, Detector: AGL
Energy (ek/n): 17.1925871018 GeV/n
----------------------------------------
--- Acceptance Calculation Details ---
Scale Factor (3.9^2 * Pi): 47.7836242611
Acc(Y): 
  Raw Events: 158976.0000000000 (from /eos/user/z/zixuan/Isotope/Add/Be7_w1_frag4.root)
  MC Flux:    214653477.5417041183
  => Calculated Acc(Y) = (Events/Flux)*Scale = 0.0353893612
Acc(XfragY): 
  Raw Events: 21.0000000000 (from /eos/user/z/zixuan/Isotope/Add/B10_w1_frag4.root)
  MC Flux:    168176136.3474429846
  => Calculated Acc(XfragY) = (Events/Flux)*Scale = 0.0000059667
----------------------------------------
--- Epsilon Calculation Details ---
Flux(B10) at 17.1925871018 GeV/n:   0.0005369536
Flux(Be7) at 17.1925871018 GeV/n: 0.0004449084
=> Flux Ratio (X/Y) from TF1:  1.2068855827
----------------------------------------
Acceptance Ratio (from combined hist): 0.0001686014
Acceptance Ratio (from global spline): 0.0001292941
----------------------------------------
FINAL Epsilon = Flux Ratio * Splined Acc Ratio
              = 1.2068855827 * 0.0001292941
              = 0.0001560431
/**************************************/




/********** DEBUGGING OUTPUT (BIN 21) **********/
Channel: B10 -> Be7, Detector: AGL
Energy (ek/n): 20.0892620167 GeV/n
----------------------------------------
--- Acceptance Calculation Details ---
Scale Factor (3.9^2 * Pi): 47.7836242611
Acc(Y): 
  Raw Events: 158013.0000000000 (from /eos/user/z/zixuan/Isotope/Add/Be7_w1_frag4.root)
  MC Flux:    212411676.0935651958
  => Calculated Acc(Y) = (Events/Flux)*Scale = 0.0355462278
Acc(XfragY): 
  Raw Events: 23.0000000000 (from /eos/user/z/zixuan/Isotope/Add/B10_w1_frag4.root)
  MC Flux:    166419735.7043049037
  => Calculated Acc(XfragY) = (Events/Flux)*Scale = 0.0000066039
----------------------------------------
--- Epsilon Calculation Details ---
Flux(B10) at 20.0892620167 GeV/n:   0.0003403264
Flux(Be7) at 20.0892620167 GeV/n: 0.0002857820
=> Flux Ratio (X/Y) from TF1:  1.1908601394
----------------------------------------
Acceptance Ratio (from combined hist): 0.0001857841
Acceptance Ratio (from global spline): 0.0002083657
----------------------------------------
FINAL Epsilon = Flux Ratio * Splined Acc Ratio
              = 1.1908601394 * 0.0002083657
              = 0.0002481344
/**************************************/


    INFO: Intermediate results saved to /eos/user/z/zixuan/Isotope/BkgEst/w1_results_B10_to_Be7.pdf

>>> Processing channel: B11 -> Be7...
 flux ratio at 1 GeV/n: 3.5964197237
  -- Detector: TOF --
  -- Detector: NaF --
  -- Detector: AGL --
****************************************
Minimizer is Minuit2 / Migrad
Chi2                      = 6.9774479190
NDf                       =           10
Edm                       = 0.0000061687
NCalls                    =          283
p0                        = 0.0002879558   +/-   0.0000252433
p1                        = 0.0001908748   +/-   0.0000207534
p2                        = 0.0001246133   +/-   0.0000402870
p3                        = 0.0000839724   +/-   0.0000216720
p4                        = 0.0000654858   +/-   0.0000147918
p5                        = 0.0000393593   +/-   0.0000117589
p6                        = 0.0000458173   +/-   0.0001553989
p7                        = -0.0000172271   +/-   0.0005990214
p8                        = 0.0000519750   +/-   0.0018072771


/********** DEBUGGING OUTPUT (BIN 3) **********/
Channel: B11 -> Be7, Detector: TOF
Energy (ek/n): 0.3368463841 GeV/n
----------------------------------------
--- Acceptance Calculation Details ---
Scale Factor (3.9^2 * Pi): 47.7836242611
Acc(Y): 
  Raw Events: 494864.0000000000 (from /eos/user/z/zixuan/Isotope/Add/Be7_w1_frag4.root)
  MC Flux:    345021812.9821585417
  => Calculated Acc(Y) = (Events/Flux)*Scale = 0.0685359434
Acc(XfragY): 
  Raw Events: 87.0000000000 (from /eos/user/z/zixuan/Isotope/Add/B11_w1_frag4.root)
  MC Flux:    227920321.4820016026
  => Calculated Acc(XfragY) = (Events/Flux)*Scale = 0.0000182396
----------------------------------------
--- Epsilon Calculation Details ---
Flux(B11) at 0.3368463841 GeV/n:   1.4563601217
Flux(Be7) at 0.3368463841 GeV/n: 0.3536732441
=> Flux Ratio (X/Y) from TF1:  4.1178125463
----------------------------------------
Acceptance Ratio (from combined hist): 0.0002661319
Acceptance Ratio (from global spline): 0.0002878577
----------------------------------------
FINAL Epsilon = Flux Ratio * Splined Acc Ratio
              = 4.1178125463 * 0.0002878577
              = 0.0011853439
/**************************************/




/********** DEBUGGING OUTPUT (BIN 4) **********/
Channel: B11 -> Be7, Detector: TOF
Energy (ek/n): 0.4968766615 GeV/n
----------------------------------------
--- Acceptance Calculation Details ---
Scale Factor (3.9^2 * Pi): 47.7836242611
Acc(Y): 
  Raw Events: 458416.0000000000 (from /eos/user/z/zixuan/Isotope/Add/Be7_w1_frag4.root)
  MC Flux:    320501305.4692116976
  => Calculated Acc(Y) = (Events/Flux)*Scale = 0.0683453625
Acc(XfragY): 
  Raw Events: 91.0000000000 (from /eos/user/z/zixuan/Isotope/Add/B11_w1_frag4.root)
  MC Flux:    211722151.5548679233
  => Calculated Acc(XfragY) = (Events/Flux)*Scale = 0.0000205378
----------------------------------------
--- Epsilon Calculation Details ---
Flux(B11) at 0.4968766615 GeV/n:   1.0222186970
Flux(Be7) at 0.4968766615 GeV/n: 0.2592288244
=> Flux Ratio (X/Y) from TF1:  3.9433064575
----------------------------------------
Acceptance Ratio (from combined hist): 0.0003005005
Acceptance Ratio (from global spline): 0.0002566524
----------------------------------------
FINAL Epsilon = Flux Ratio * Splined Acc Ratio
              = 3.9433064575 * 0.0002566524
              = 0.0010120591
/**************************************/




/********** DEBUGGING OUTPUT (BIN 5) **********/
Channel: B11 -> Be7, Detector: TOF
Energy (ek/n): 0.7045414310 GeV/n
----------------------------------------
--- Acceptance Calculation Details ---
Scale Factor (3.9^2 * Pi): 47.7836242611
Acc(Y): 
  Raw Events: 417703.0000000000 (from /eos/user/z/zixuan/Isotope/Add/Be7_w1_frag4.root)
  MC Flux:    306065998.0517216921
  => Calculated Acc(Y) = (Events/Flux)*Scale = 0.0652126121
Acc(XfragY): 
  Raw Events: 55.0000000000 (from /eos/user/z/zixuan/Isotope/Add/B11_w1_frag4.root)
  MC Flux:    202186233.0027966797
  => Calculated Acc(XfragY) = (Events/Flux)*Scale = 0.0000129984
----------------------------------------
--- Epsilon Calculation Details ---
Flux(B11) at 0.7045414310 GeV/n:   0.7870998456
Flux(Be7) at 0.7045414310 GeV/n: 0.2067725982
=> Flux Ratio (X/Y) from TF1:  3.8065964849
----------------------------------------
Acceptance Ratio (from combined hist): 0.0001993235
Acceptance Ratio (from global spline): 0.0002041372
----------------------------------------
FINAL Epsilon = Flux Ratio * Splined Acc Ratio
              = 3.8065964849 * 0.0002041372
              = 0.0007770679
/**************************************/




/********** DEBUGGING OUTPUT (BIN 6) **********/
Channel: B11 -> Be7, Detector: TOF
Energy (ek/n): 0.9672506104 GeV/n
----------------------------------------
--- Acceptance Calculation Details ---
Scale Factor (3.9^2 * Pi): 47.7836242611
Acc(Y): 
  Raw Events: 388254.0000000000 (from /eos/user/z/zixuan/Isotope/Add/Be7_w1_frag4.root)
  MC Flux:    292174832.1568561792
  => Calculated Acc(Y) = (Events/Flux)*Scale = 0.0634968560
Acc(XfragY): 
  Raw Events: 40.0000000000 (from /eos/user/z/zixuan/Isotope/Add/B11_w1_frag4.root)
  MC Flux:    193009772.6243878603
  => Calculated Acc(XfragY) = (Events/Flux)*Scale = 0.0000099028
----------------------------------------
--- Epsilon Calculation Details ---
Flux(B11) at 0.9672506104 GeV/n:   0.5684074140
Flux(Be7) at 0.9672506104 GeV/n: 0.1572294437
=> Flux Ratio (X/Y) from TF1:  3.6151461241
----------------------------------------
Acceptance Ratio (from combined hist): 0.0001559580
Acceptance Ratio (from global spline): 0.0001611560
----------------------------------------
FINAL Epsilon = Flux Ratio * Splined Acc Ratio
              = 3.6151461241 * 0.0001611560
              = 0.0005826025
/**************************************/




/********** DEBUGGING OUTPUT (BIN 7) **********/
Channel: B11 -> Be7, Detector: NaF
Energy (ek/n): 1.2922125341 GeV/n
----------------------------------------
--- Acceptance Calculation Details ---
Scale Factor (3.9^2 * Pi): 47.7836242611
Acc(Y): 
  Raw Events: 34958.0000000000 (from /eos/user/z/zixuan/Isotope/Add/Be7_w1_frag4.root)
  MC Flux:    282112356.6692785025
  => Calculated Acc(Y) = (Events/Flux)*Scale = 0.0059211158
Acc(XfragY): 
  Raw Events: 3.0000000000 (from /eos/user/z/zixuan/Isotope/Add/B11_w1_frag4.root)
  MC Flux:    186362533.0536190271
  => Calculated Acc(XfragY) = (Events/Flux)*Scale = 0.0000007692
----------------------------------------
--- Epsilon Calculation Details ---
Flux(B11) at 1.2922125341 GeV/n:   0.4189192905
Flux(Be7) at 1.2922125341 GeV/n: 0.1204732047
=> Flux Ratio (X/Y) from TF1:  3.4772818703
----------------------------------------
Acceptance Ratio (from combined hist): 0.0001299087
Acceptance Ratio (from global spline): 0.0001318287
----------------------------------------
FINAL Epsilon = Flux Ratio * Splined Acc Ratio
              = 3.4772818703 * 0.0001318287
              = 0.0004584054
/**************************************/




/********** DEBUGGING OUTPUT (BIN 8) **********/
Channel: B11 -> Be7, Detector: NaF
Energy (ek/n): 1.6909447265 GeV/n
----------------------------------------
--- Acceptance Calculation Details ---
Scale Factor (3.9^2 * Pi): 47.7836242611
Acc(Y): 
  Raw Events: 33923.0000000000 (from /eos/user/z/zixuan/Isotope/Add/Be7_w1_frag4.root)
  MC Flux:    276384994.4874068499
  => Calculated Acc(Y) = (Events/Flux)*Scale = 0.0058648766
Acc(XfragY): 
  Raw Events: 3.0000000000 (from /eos/user/z/zixuan/Isotope/Add/B11_w1_frag4.root)
  MC Flux:    182579055.6599633098
  => Calculated Acc(XfragY) = (Events/Flux)*Scale = 0.0000007851
----------------------------------------
--- Epsilon Calculation Details ---
Flux(B11) at 1.6909447265 GeV/n:   0.2877259961
Flux(Be7) at 1.6909447265 GeV/n: 0.0864547045
=> Flux Ratio (X/Y) from TF1:  3.3280548210
----------------------------------------
Acceptance Ratio (from combined hist): 0.0001338722
Acceptance Ratio (from global spline): 0.0001116795
----------------------------------------
FINAL Epsilon = Flux Ratio * Splined Acc Ratio
              = 3.3280548210 * 0.0001116795
              = 0.0003716754
/**************************************/




/********** DEBUGGING OUTPUT (BIN 9) **********/
Channel: B11 -> Be7, Detector: NaF
Energy (ek/n): 2.1727158116 GeV/n
----------------------------------------
--- Acceptance Calculation Details ---
Scale Factor (3.9^2 * Pi): 47.7836242611
Acc(Y): 
  Raw Events: 33318.0000000000 (from /eos/user/z/zixuan/Isotope/Add/Be7_w1_frag4.root)
  MC Flux:    267652105.6402227879
  => Calculated Acc(Y) = (Events/Flux)*Scale = 0.0059482244
Acc(XfragY): 
  Raw Events: 3.0000000000 (from /eos/user/z/zixuan/Isotope/Add/B11_w1_frag4.root)
  MC Flux:    176810136.8304176927
  => Calculated Acc(XfragY) = (Events/Flux)*Scale = 0.0000008108
----------------------------------------
--- Epsilon Calculation Details ---
Flux(B11) at 2.1727158116 GeV/n:   0.1881856759
Flux(Be7) at 2.1727158116 GeV/n: 0.0586915230
=> Flux Ratio (X/Y) from TF1:  3.2063518962
----------------------------------------
Acceptance Ratio (from combined hist): 0.0001363031
Acceptance Ratio (from global spline): 0.0000978777
----------------------------------------
FINAL Epsilon = Flux Ratio * Splined Acc Ratio
              = 3.2063518962 * 0.0000978777
              = 0.0003138304
/**************************************/




/********** DEBUGGING OUTPUT (BIN 10) **********/
Channel: B11 -> Be7, Detector: NaF
Energy (ek/n): 2.7468447478 GeV/n
----------------------------------------
--- Acceptance Calculation Details ---
Scale Factor (3.9^2 * Pi): 47.7836242611
Acc(Y): 
  Raw Events: 32609.0000000000 (from /eos/user/z/zixuan/Isotope/Add/Be7_w1_frag4.root)
  MC Flux:    261128463.4058905840
  => Calculated Acc(Y) = (Events/Flux)*Scale = 0.0059670868
Acc(XfragY): 
  Raw Events: 3.0000000000 (from /eos/user/z/zixuan/Isotope/Add/B11_w1_frag4.root)
  MC Flux:    172500639.3455166519
  => Calculated Acc(XfragY) = (Events/Flux)*Scale = 0.0000008310
----------------------------------------
--- Epsilon Calculation Details ---
Flux(B11) at 2.7468447478 GeV/n:   0.1183576251
Flux(Be7) at 2.7468447478 GeV/n: 0.0378400839
=> Flux Ratio (X/Y) from TF1:  3.1278372800
----------------------------------------
Acceptance Ratio (from combined hist): 0.0001392667
Acceptance Ratio (from global spline): 0.0000884017
----------------------------------------
FINAL Epsilon = Flux Ratio * Splined Acc Ratio
              = 3.1278372800 * 0.0000884017
              = 0.0002765061
/**************************************/




/********** DEBUGGING OUTPUT (BIN 11) **********/
Channel: B11 -> Be7, Detector: AGL
Energy (ek/n): 3.4250117177 GeV/n
----------------------------------------
--- Acceptance Calculation Details ---
Scale Factor (3.9^2 * Pi): 47.7836242611
Acc(Y): 
  Raw Events: 177986.0000000000 (from /eos/user/z/zixuan/Isotope/Add/Be7_w1_frag4.root)
  MC Flux:    253825574.8667445779
  => Calculated Acc(Y) = (Events/Flux)*Scale = 0.0335065375
Acc(XfragY): 
  Raw Events: 8.0000000000 (from /eos/user/z/zixuan/Isotope/Add/B11_w1_frag4.root)
  MC Flux:    167676374.2093430161
  => Calculated Acc(XfragY) = (Events/Flux)*Scale = 0.0000022798
----------------------------------------
--- Epsilon Calculation Details ---
Flux(B11) at 3.4250117177 GeV/n:   0.0756819913
Flux(Be7) at 3.4250117177 GeV/n: 0.0245380739
=> Flux Ratio (X/Y) from TF1:  3.0842677984
----------------------------------------
Acceptance Ratio (from combined hist): 0.0000680405
Acceptance Ratio (from global spline): 0.0000817421
----------------------------------------
FINAL Epsilon = Flux Ratio * Splined Acc Ratio
              = 3.0842677984 * 0.0000817421
              = 0.0002521146
/**************************************/




/********** DEBUGGING OUTPUT (BIN 12) **********/
Channel: B11 -> Be7, Detector: AGL
Energy (ek/n): 4.2190486071 GeV/n
----------------------------------------
--- Acceptance Calculation Details ---
Scale Factor (3.9^2 * Pi): 47.7836242611
Acc(Y): 
  Raw Events: 178302.0000000000 (from /eos/user/z/zixuan/Isotope/Add/Be7_w1_frag4.root)
  MC Flux:    247318427.0944597721
  => Calculated Acc(Y) = (Events/Flux)*Scale = 0.0344491750
Acc(XfragY): 
  Raw Events: 11.0000000000 (from /eos/user/z/zixuan/Isotope/Add/B11_w1_frag4.root)
  MC Flux:    163377772.9140477180
  => Calculated Acc(XfragY) = (Events/Flux)*Scale = 0.0000032172
----------------------------------------
--- Epsilon Calculation Details ---
Flux(B11) at 4.2190486071 GeV/n:   0.0478878471
Flux(Be7) at 4.2190486071 GeV/n: 0.0156958501
=> Flux Ratio (X/Y) from TF1:  3.0509878005
----------------------------------------
Acceptance Ratio (from combined hist): 0.0000933899
Acceptance Ratio (from global spline): 0.0000761392
----------------------------------------
FINAL Epsilon = Flux Ratio * Splined Acc Ratio
              = 3.0509878005 * 0.0000761392
              = 0.0002322998
/**************************************/




/********** DEBUGGING OUTPUT (BIN 13) **********/
Channel: B11 -> Be7, Detector: AGL
Energy (ek/n): 5.1408648843 GeV/n
----------------------------------------
--- Acceptance Calculation Details ---
Scale Factor (3.9^2 * Pi): 47.7836242611
Acc(Y): 
  Raw Events: 175113.0000000000 (from /eos/user/z/zixuan/Isotope/Add/Be7_w1_frag4.root)
  MC Flux:    239939948.5361670852
  => Calculated Acc(Y) = (Events/Flux)*Scale = 0.0348734500
Acc(XfragY): 
  Raw Events: 7.0000000000 (from /eos/user/z/zixuan/Isotope/Add/B11_w1_frag4.root)
  MC Flux:    158503573.2496312261
  => Calculated Acc(XfragY) = (Events/Flux)*Scale = 0.0000021103
----------------------------------------
--- Epsilon Calculation Details ---
Flux(B11) at 5.1408648843 GeV/n:   0.0306561888
Flux(Be7) at 5.1408648843 GeV/n: 0.0101604362
=> Flux Ratio (X/Y) from TF1:  3.0172118709
----------------------------------------
Acceptance Ratio (from combined hist): 0.0000605122
Acceptance Ratio (from global spline): 0.0000694557
----------------------------------------
FINAL Epsilon = Flux Ratio * Splined Acc Ratio
              = 3.0172118709 * 0.0000694557
              = 0.0002095627
/**************************************/




/********** DEBUGGING OUTPUT (BIN 14) **********/
Channel: B11 -> Be7, Detector: AGL
Energy (ek/n): 6.2049547931 GeV/n
----------------------------------------
--- Acceptance Calculation Details ---
Scale Factor (3.9^2 * Pi): 47.7836242611
Acc(Y): 
  Raw Events: 171690.0000000000 (from /eos/user/z/zixuan/Isotope/Add/Be7_w1_frag4.root)
  MC Flux:    233978417.8983906507
  => Calculated Acc(Y) = (Events/Flux)*Scale = 0.0350629367
Acc(XfragY): 
  Raw Events: 7.0000000000 (from /eos/user/z/zixuan/Isotope/Add/B11_w1_frag4.root)
  MC Flux:    154565404.9125555158
  => Calculated Acc(XfragY) = (Events/Flux)*Scale = 0.0000021640
----------------------------------------
--- Epsilon Calculation Details ---
Flux(B11) at 6.2049547931 GeV/n:   0.0195128022
Flux(Be7) at 6.2049547931 GeV/n: 0.0065735871
=> Flux Ratio (X/Y) from TF1:  2.9683644161
----------------------------------------
Acceptance Ratio (from combined hist): 0.0000617187
Acceptance Ratio (from global spline): 0.0000602221
----------------------------------------
FINAL Epsilon = Flux Ratio * Splined Acc Ratio
              = 2.9683644161 * 0.0000602221
              = 0.0001787612
/**************************************/




/********** DEBUGGING OUTPUT (BIN 15) **********/
Channel: B11 -> Be7, Detector: AGL
Energy (ek/n): 7.4457899798 GeV/n
----------------------------------------
--- Acceptance Calculation Details ---
Scale Factor (3.9^2 * Pi): 47.7836242611
Acc(Y): 
  Raw Events: 172562.0000000000 (from /eos/user/z/zixuan/Isotope/Add/Be7_w1_frag4.root)
  MC Flux:    233426100.6456375122
  => Calculated Acc(Y) = (Events/Flux)*Scale = 0.0353244035
Acc(XfragY): 
  Raw Events: 6.0000000000 (from /eos/user/z/zixuan/Isotope/Add/B11_w1_frag4.root)
  MC Flux:    154200545.8773555756
  => Calculated Acc(XfragY) = (Events/Flux)*Scale = 0.0000018593
----------------------------------------
--- Epsilon Calculation Details ---
Flux(B11) at 7.4457899798 GeV/n:   0.0123133589
Flux(Be7) at 7.4457899798 GeV/n: 0.0041984489
=> Flux Ratio (X/Y) from TF1:  2.9328352366
----------------------------------------
Acceptance Ratio (from combined hist): 0.0000526344
Acceptance Ratio (from global spline): 0.0000498210
----------------------------------------
FINAL Epsilon = Flux Ratio * Splined Acc Ratio
              = 2.9328352366 * 0.0000498210
              = 0.0001461167
/**************************************/




/********** DEBUGGING OUTPUT (BIN 16) **********/
Channel: B11 -> Be7, Detector: AGL
Energy (ek/n): 8.8880598677 GeV/n
----------------------------------------
--- Acceptance Calculation Details ---
Scale Factor (3.9^2 * Pi): 47.7836242611
Acc(Y): 
  Raw Events: 169439.0000000000 (from /eos/user/z/zixuan/Isotope/Add/Be7_w1_frag4.root)
  MC Flux:    228230070.7753229141
  => Calculated Acc(Y) = (Events/Flux)*Scale = 0.0354747711
Acc(XfragY): 
  Raw Events: 6.0000000000 (from /eos/user/z/zixuan/Isotope/Add/B11_w1_frag4.root)
  MC Flux:    150768064.9329307079
  => Calculated Acc(XfragY) = (Events/Flux)*Scale = 0.0000019016
----------------------------------------
--- Epsilon Calculation Details ---
Flux(B11) at 8.8880598677 GeV/n:   0.0078079744
Flux(Be7) at 8.8880598677 GeV/n: 0.0026831700
=> Flux Ratio (X/Y) from TF1:  2.9099812109
----------------------------------------
Acceptance Ratio (from combined hist): 0.0000536045
Acceptance Ratio (from global spline): 0.0000418277
----------------------------------------
FINAL Epsilon = Flux Ratio * Splined Acc Ratio
              = 2.9099812109 * 0.0000418277
              = 0.0001217177
/**************************************/




/********** DEBUGGING OUTPUT (BIN 17) **********/
Channel: B11 -> Be7, Detector: AGL
Energy (ek/n): 10.5565612202 GeV/n
----------------------------------------
--- Acceptance Calculation Details ---
Scale Factor (3.9^2 * Pi): 47.7836242611
Acc(Y): 
  Raw Events: 168209.0000000000 (from /eos/user/z/zixuan/Isotope/Add/Be7_w1_frag4.root)
  MC Flux:    226260788.0158911943
  => Calculated Acc(Y) = (Events/Flux)*Scale = 0.0355237676
Acc(XfragY): 
  Raw Events: 3.0000000000 (from /eos/user/z/zixuan/Isotope/Add/B11_w1_frag4.root)
  MC Flux:    149467162.9530265629
  => Calculated Acc(XfragY) = (Events/Flux)*Scale = 0.0000009591
----------------------------------------
--- Epsilon Calculation Details ---
Flux(B11) at 10.5565612202 GeV/n:   0.0049261906
Flux(Be7) at 10.5565612202 GeV/n: 0.0017198371
=> Flux Ratio (X/Y) from TF1:  2.8643355476
----------------------------------------
Acceptance Ratio (from combined hist): 0.0000269982
Acceptance Ratio (from global spline): 0.0000392908
----------------------------------------
FINAL Epsilon = Flux Ratio * Splined Acc Ratio
              = 2.8643355476 * 0.0000392908
              = 0.0001125420
/**************************************/




/********** DEBUGGING OUTPUT (BIN 18) **********/
Channel: B11 -> Be7, Detector: AGL
Energy (ek/n): 12.4760880858 GeV/n
----------------------------------------
--- Acceptance Calculation Details ---
Scale Factor (3.9^2 * Pi): 47.7836242611
Acc(Y): 
  Raw Events: 164345.0000000000 (from /eos/user/z/zixuan/Isotope/Add/Be7_w1_frag4.root)
  MC Flux:    220575822.9988104105
  => Calculated Acc(Y) = (Events/Flux)*Scale = 0.0356022687
Acc(XfragY): 
  Raw Events: 8.0000000000 (from /eos/user/z/zixuan/Isotope/Add/B11_w1_frag4.root)
  MC Flux:    145711692.9927140474
  => Calculated Acc(XfragY) = (Events/Flux)*Scale = 0.0000026235
----------------------------------------
--- Epsilon Calculation Details ---
Flux(B11) at 12.4760880858 GeV/n:   0.0030859256
Flux(Be7) at 12.4760880858 GeV/n: 0.0010918421
=> Flux Ratio (X/Y) from TF1:  2.8263478853
----------------------------------------
Acceptance Ratio (from combined hist): 0.0000736880
Acceptance Ratio (from global spline): 0.0000426388
----------------------------------------
FINAL Epsilon = Flux Ratio * Splined Acc Ratio
              = 2.8263478853 * 0.0000426388
              = 0.0001205121
/**************************************/




/********** DEBUGGING OUTPUT (BIN 19) **********/
Channel: B11 -> Be7, Detector: AGL
Energy (ek/n): 14.6714890086 GeV/n
----------------------------------------
--- Acceptance Calculation Details ---
Scale Factor (3.9^2 * Pi): 47.7836242611
Acc(Y): 
  Raw Events: 162178.0000000000 (from /eos/user/z/zixuan/Isotope/Add/Be7_w1_frag4.root)
  MC Flux:    217125696.1219029427
  => Calculated Acc(Y) = (Events/Flux)*Scale = 0.0356910893
Acc(XfragY): 
  Raw Events: 4.0000000000 (from /eos/user/z/zixuan/Isotope/Add/B11_w1_frag4.root)
  MC Flux:    143432550.0592814684
  => Calculated Acc(XfragY) = (Events/Flux)*Scale = 0.0000013326
----------------------------------------
--- Epsilon Calculation Details ---
Flux(B11) at 14.6714890086 GeV/n:   0.0019546602
Flux(Be7) at 14.6714890086 GeV/n: 0.0006930182
=> Flux Ratio (X/Y) from TF1:  2.8205033714
----------------------------------------
Acceptance Ratio (from combined hist): 0.0000373363
Acceptance Ratio (from global spline): 0.0000489399
----------------------------------------
FINAL Epsilon = Flux Ratio * Splined Acc Ratio
              = 2.8205033714 * 0.0000489399
              = 0.0001380352
/**************************************/




/********** DEBUGGING OUTPUT (BIN 20) **********/
Channel: B11 -> Be7, Detector: AGL
Energy (ek/n): 17.1925871018 GeV/n
----------------------------------------
--- Acceptance Calculation Details ---
Scale Factor (3.9^2 * Pi): 47.7836242611
Acc(Y): 
  Raw Events: 158976.0000000000 (from /eos/user/z/zixuan/Isotope/Add/Be7_w1_frag4.root)
  MC Flux:    214653477.5417041183
  => Calculated Acc(Y) = (Events/Flux)*Scale = 0.0353893612
Acc(XfragY): 
  Raw Events: 7.0000000000 (from /eos/user/z/zixuan/Isotope/Add/B11_w1_frag4.root)
  MC Flux:    141799410.2624018490
  => Calculated Acc(XfragY) = (Events/Flux)*Scale = 0.0000023589
----------------------------------------
--- Epsilon Calculation Details ---
Flux(B11) at 17.1925871018 GeV/n:   0.0012528916
Flux(Be7) at 17.1925871018 GeV/n: 0.0004449084
=> Flux Ratio (X/Y) from TF1:  2.8160663590
----------------------------------------
Acceptance Ratio (from combined hist): 0.0000666546
Acceptance Ratio (from global spline): 0.0000554848
----------------------------------------
FINAL Epsilon = Flux Ratio * Splined Acc Ratio
              = 2.8160663590 * 0.0000554848
              = 0.0001562489
/**************************************/




/********** DEBUGGING OUTPUT (BIN 21) **********/
Channel: B11 -> Be7, Detector: AGL
Energy (ek/n): 20.0892620167 GeV/n
----------------------------------------
--- Acceptance Calculation Details ---
Scale Factor (3.9^2 * Pi): 47.7836242611
Acc(Y): 
  Raw Events: 158013.0000000000 (from /eos/user/z/zixuan/Isotope/Add/Be7_w1_frag4.root)
  MC Flux:    212411676.0935651958
  => Calculated Acc(Y) = (Events/Flux)*Scale = 0.0355462278
Acc(XfragY): 
  Raw Events: 6.0000000000 (from /eos/user/z/zixuan/Isotope/Add/B11_w1_frag4.root)
  MC Flux:    140318483.2962421179
  => Calculated Acc(XfragY) = (Events/Flux)*Scale = 0.0000020432
----------------------------------------
--- Epsilon Calculation Details ---
Flux(B11) at 20.0892620167 GeV/n:   0.0007940950
Flux(Be7) at 20.0892620167 GeV/n: 0.0002857820
=> Flux Ratio (X/Y) from TF1:  2.7786736578
----------------------------------------
Acceptance Ratio (from combined hist): 0.0000574807
Acceptance Ratio (from global spline): 0.0000599007
----------------------------------------
FINAL Epsilon = Flux Ratio * Splined Acc Ratio
              = 2.7786736578 * 0.0000599007
              = 0.0001664446
/**************************************/


    INFO: Intermediate results saved to /eos/user/z/zixuan/Isotope/BkgEst/w1_results_B11_to_Be7.pdf

>>> Processing channel: C12 -> Be7...
 flux ratio at 1 GeV/n: 16.4357083614
  -- Detector: TOF --
  -- Detector: NaF --
  -- Detector: AGL --
****************************************
Minimizer is Minuit2 / Migrad
Chi2                      = 28.5335712230
NDf                       =           12
Edm                       = 0.0000000000
NCalls                    =          202
p0                        = 0.0005452940   +/-   0.0000277388
p1                        = 0.0002337770   +/-   0.0000301630
p2                        = 0.0001602913   +/-   0.0000168033
p3                        = 0.0000939154   +/-   0.0000169625
p4                        = -0.0004652438   +/-   0.0001786909
p5                        = -0.0007115154   +/-   0.0007137718
p6                        = 0.0021466771   +/-   0.0021534852


/********** DEBUGGING OUTPUT (BIN 3) **********/
Channel: C12 -> Be7, Detector: TOF
Energy (ek/n): 0.3368463841 GeV/n
----------------------------------------
--- Acceptance Calculation Details ---
Scale Factor (3.9^2 * Pi): 47.7836242611
Acc(Y): 
  Raw Events: 494864.0000000000 (from /eos/user/z/zixuan/Isotope/Add/Be7_w1_frag4.root)
  MC Flux:    345021812.9821585417
  => Calculated Acc(Y) = (Events/Flux)*Scale = 0.0685359434
Acc(XfragY): 
  Raw Events: 203.0000000000 (from /eos/user/z/zixuan/Isotope/Add/C12_w1_frag4.root)
  MC Flux:    259769200.0070431232
  => Calculated Acc(XfragY) = (Events/Flux)*Scale = 0.0000373411
----------------------------------------
--- Epsilon Calculation Details ---
Flux(C12) at 0.3368463841 GeV/n:   6.6964749180
Flux(Be7) at 0.3368463841 GeV/n: 0.3536732441
=> Flux Ratio (X/Y) from TF1:  18.9340727075
----------------------------------------
Acceptance Ratio (from combined hist): 0.0005448401
Acceptance Ratio (from global spline): 0.0005451554
----------------------------------------
FINAL Epsilon = Flux Ratio * Splined Acc Ratio
              = 18.9340727075 * 0.0005451554
              = 0.0103220123
/**************************************/




/********** DEBUGGING OUTPUT (BIN 4) **********/
Channel: C12 -> Be7, Detector: TOF
Energy (ek/n): 0.4968766615 GeV/n
----------------------------------------
--- Acceptance Calculation Details ---
Scale Factor (3.9^2 * Pi): 47.7836242611
Acc(Y): 
  Raw Events: 458416.0000000000 (from /eos/user/z/zixuan/Isotope/Add/Be7_w1_frag4.root)
  MC Flux:    320501305.4692116976
  => Calculated Acc(Y) = (Events/Flux)*Scale = 0.0683453625
Acc(XfragY): 
  Raw Events: 177.0000000000 (from /eos/user/z/zixuan/Isotope/Add/C12_w1_frag4.root)
  MC Flux:    241307548.0745191574
  => Calculated Acc(XfragY) = (Events/Flux)*Scale = 0.0000350495
----------------------------------------
--- Epsilon Calculation Details ---
Flux(C12) at 0.4968766615 GeV/n:   4.6914710881
Flux(Be7) at 0.4968766615 GeV/n: 0.2592288244
=> Flux Ratio (X/Y) from TF1:  18.0977987300
----------------------------------------
Acceptance Ratio (from combined hist): 0.0005128288
Acceptance Ratio (from global spline): 0.0004984886
----------------------------------------
FINAL Epsilon = Flux Ratio * Splined Acc Ratio
              = 18.0977987300 * 0.0004984886
              = 0.0090215470
/**************************************/




/********** DEBUGGING OUTPUT (BIN 5) **********/
Channel: C12 -> Be7, Detector: TOF
Energy (ek/n): 0.7045414310 GeV/n
----------------------------------------
--- Acceptance Calculation Details ---
Scale Factor (3.9^2 * Pi): 47.7836242611
Acc(Y): 
  Raw Events: 417703.0000000000 (from /eos/user/z/zixuan/Isotope/Add/Be7_w1_frag4.root)
  MC Flux:    306065998.0517216921
  => Calculated Acc(Y) = (Events/Flux)*Scale = 0.0652126121
Acc(XfragY): 
  Raw Events: 120.0000000000 (from /eos/user/z/zixuan/Isotope/Add/C12_w1_frag4.root)
  MC Flux:    230439109.8523510695
  => Calculated Acc(XfragY) = (Events/Flux)*Scale = 0.0000248831
----------------------------------------
--- Epsilon Calculation Details ---
Flux(C12) at 0.7045414310 GeV/n:   3.6061501427
Flux(Be7) at 0.7045414310 GeV/n: 0.2067725982
=> Flux Ratio (X/Y) from TF1:  17.4401742483
----------------------------------------
Acceptance Ratio (from combined hist): 0.0003815685
Acceptance Ratio (from global spline): 0.0004099094
----------------------------------------
FINAL Epsilon = Flux Ratio * Splined Acc Ratio
              = 17.4401742483 * 0.0004099094
              = 0.0071488921
/**************************************/




/********** DEBUGGING OUTPUT (BIN 6) **********/
Channel: C12 -> Be7, Detector: TOF
Energy (ek/n): 0.9672506104 GeV/n
----------------------------------------
--- Acceptance Calculation Details ---
Scale Factor (3.9^2 * Pi): 47.7836242611
Acc(Y): 
  Raw Events: 388254.0000000000 (from /eos/user/z/zixuan/Isotope/Add/Be7_w1_frag4.root)
  MC Flux:    292174832.1568561792
  => Calculated Acc(Y) = (Events/Flux)*Scale = 0.0634968560
Acc(XfragY): 
  Raw Events: 110.0000000000 (from /eos/user/z/zixuan/Isotope/Add/C12_w1_frag4.root)
  MC Flux:    219980359.3736940026
  => Calculated Acc(XfragY) = (Events/Flux)*Scale = 0.0000238939
----------------------------------------
--- Epsilon Calculation Details ---
Flux(C12) at 0.9672506104 GeV/n:   2.5969608230
Flux(Be7) at 0.9672506104 GeV/n: 0.1572294437
=> Flux Ratio (X/Y) from TF1:  16.5170133631
----------------------------------------
Acceptance Ratio (from combined hist): 0.0003763012
Acceptance Ratio (from global spline): 0.0003194298
----------------------------------------
FINAL Epsilon = Flux Ratio * Splined Acc Ratio
              = 16.5170133631 * 0.0003194298
              = 0.0052760269
/**************************************/




/********** DEBUGGING OUTPUT (BIN 7) **********/
Channel: C12 -> Be7, Detector: NaF
Energy (ek/n): 1.2922125341 GeV/n
----------------------------------------
--- Acceptance Calculation Details ---
Scale Factor (3.9^2 * Pi): 47.7836242611
Acc(Y): 
  Raw Events: 34958.0000000000 (from /eos/user/z/zixuan/Isotope/Add/Be7_w1_frag4.root)
  MC Flux:    282112356.6692785025
  => Calculated Acc(Y) = (Events/Flux)*Scale = 0.0059211158
Acc(XfragY): 
  Raw Events: 3.0000000000 (from /eos/user/z/zixuan/Isotope/Add/C12_w1_frag4.root)
  MC Flux:    212404255.1705844402
  => Calculated Acc(XfragY) = (Events/Flux)*Scale = 0.0000006749
----------------------------------------
--- Epsilon Calculation Details ---
Flux(C12) at 1.2922125341 GeV/n:   1.9311557781
Flux(Be7) at 1.2922125341 GeV/n: 0.1204732047
=> Flux Ratio (X/Y) from TF1:  16.0297535324
----------------------------------------
Acceptance Ratio (from combined hist): 0.0001139813
Acceptance Ratio (from global spline): 0.0002495449
----------------------------------------
FINAL Epsilon = Flux Ratio * Splined Acc Ratio
              = 16.0297535324 * 0.0002495449
              = 0.0040001432
/**************************************/




/********** DEBUGGING OUTPUT (BIN 8) **********/
Channel: C12 -> Be7, Detector: NaF
Energy (ek/n): 1.6909447265 GeV/n
----------------------------------------
--- Acceptance Calculation Details ---
Scale Factor (3.9^2 * Pi): 47.7836242611
Acc(Y): 
  Raw Events: 33923.0000000000 (from /eos/user/z/zixuan/Isotope/Add/Be7_w1_frag4.root)
  MC Flux:    276384994.4874068499
  => Calculated Acc(Y) = (Events/Flux)*Scale = 0.0058648766
Acc(XfragY): 
  Raw Events: 10.0000000000 (from /eos/user/z/zixuan/Isotope/Add/C12_w1_frag4.root)
  MC Flux:    208092086.3854410052
  => Calculated Acc(XfragY) = (Events/Flux)*Scale = 0.0000022963
----------------------------------------
--- Epsilon Calculation Details ---
Flux(C12) at 1.6909447265 GeV/n:   1.3561381403
Flux(Be7) at 1.6909447265 GeV/n: 0.0864547045
=> Flux Ratio (X/Y) from TF1:  15.6861115675
----------------------------------------
Acceptance Ratio (from combined hist): 0.0003915296
Acceptance Ratio (from global spline): 0.0002108630
----------------------------------------
FINAL Epsilon = Flux Ratio * Splined Acc Ratio
              = 15.6861115675 * 0.0002108630
              = 0.0033076200
/**************************************/




/********** DEBUGGING OUTPUT (BIN 9) **********/
Channel: C12 -> Be7, Detector: NaF
Energy (ek/n): 2.1727158116 GeV/n
----------------------------------------
--- Acceptance Calculation Details ---
Scale Factor (3.9^2 * Pi): 47.7836242611
Acc(Y): 
  Raw Events: 33318.0000000000 (from /eos/user/z/zixuan/Isotope/Add/Be7_w1_frag4.root)
  MC Flux:    267652105.6402227879
  => Calculated Acc(Y) = (Events/Flux)*Scale = 0.0059482244
Acc(XfragY): 
  Raw Events: 8.0000000000 (from /eos/user/z/zixuan/Isotope/Add/C12_w1_frag4.root)
  MC Flux:    201517036.7386499643
  => Calculated Acc(XfragY) = (Events/Flux)*Scale = 0.0000018970
----------------------------------------
--- Epsilon Calculation Details ---
Flux(C12) at 2.1727158116 GeV/n:   0.9222679723
Flux(Be7) at 2.1727158116 GeV/n: 0.0586915230
=> Flux Ratio (X/Y) from TF1:  15.7138190643
----------------------------------------
Acceptance Ratio (from combined hist): 0.0003189113
Acceptance Ratio (from global spline): 0.0001962666
----------------------------------------
FINAL Epsilon = Flux Ratio * Splined Acc Ratio
              = 15.7138190643 * 0.0001962666
              = 0.0030840985
/**************************************/




/********** DEBUGGING OUTPUT (BIN 10) **********/
Channel: C12 -> Be7, Detector: NaF
Energy (ek/n): 2.7468447478 GeV/n
----------------------------------------
--- Acceptance Calculation Details ---
Scale Factor (3.9^2 * Pi): 47.7836242611
Acc(Y): 
  Raw Events: 32609.0000000000 (from /eos/user/z/zixuan/Isotope/Add/Be7_w1_frag4.root)
  MC Flux:    261128463.4058905840
  => Calculated Acc(Y) = (Events/Flux)*Scale = 0.0059670868
Acc(XfragY): 
  Raw Events: 2.0000000000 (from /eos/user/z/zixuan/Isotope/Add/C12_w1_frag4.root)
  MC Flux:    196605343.4468629956
  => Calculated Acc(XfragY) = (Events/Flux)*Scale = 0.0000004861
----------------------------------------
--- Epsilon Calculation Details ---
Flux(C12) at 2.7468447478 GeV/n:   0.6079732250
Flux(Be7) at 2.7468447478 GeV/n: 0.0378400839
=> Flux Ratio (X/Y) from TF1:  16.0669100690
----------------------------------------
Acceptance Ratio (from combined hist): 0.0000814613
Acceptance Ratio (from global spline): 0.0001927918
----------------------------------------
FINAL Epsilon = Flux Ratio * Splined Acc Ratio
              = 16.0669100690 * 0.0001927918
              = 0.0030975679
/**************************************/




/********** DEBUGGING OUTPUT (BIN 11) **********/
Channel: C12 -> Be7, Detector: AGL
Energy (ek/n): 3.4250117177 GeV/n
----------------------------------------
--- Acceptance Calculation Details ---
Scale Factor (3.9^2 * Pi): 47.7836242611
Acc(Y): 
  Raw Events: 177986.0000000000 (from /eos/user/z/zixuan/Isotope/Add/Be7_w1_frag4.root)
  MC Flux:    253825574.8667445779
  => Calculated Acc(Y) = (Events/Flux)*Scale = 0.0335065375
Acc(XfragY): 
  Raw Events: 26.0000000000 (from /eos/user/z/zixuan/Isotope/Add/C12_w1_frag4.root)
  MC Flux:    191106950.4694525003
  => Calculated Acc(XfragY) = (Events/Flux)*Scale = 0.0000065009
----------------------------------------
--- Epsilon Calculation Details ---
Flux(C12) at 3.4250117177 GeV/n:   0.4054330897
Flux(Be7) at 3.4250117177 GeV/n: 0.0245380739
=> Flux Ratio (X/Y) from TF1:  16.5226125958
----------------------------------------
Acceptance Ratio (from combined hist): 0.0001940200
Acceptance Ratio (from global spline): 0.0001913273
----------------------------------------
FINAL Epsilon = Flux Ratio * Splined Acc Ratio
              = 16.5226125958 * 0.0001913273
              = 0.0031612264
/**************************************/




/********** DEBUGGING OUTPUT (BIN 12) **********/
Channel: C12 -> Be7, Detector: AGL
Energy (ek/n): 4.2190486071 GeV/n
----------------------------------------
--- Acceptance Calculation Details ---
Scale Factor (3.9^2 * Pi): 47.7836242611
Acc(Y): 
  Raw Events: 178302.0000000000 (from /eos/user/z/zixuan/Isotope/Add/Be7_w1_frag4.root)
  MC Flux:    247318427.0944597721
  => Calculated Acc(Y) = (Events/Flux)*Scale = 0.0344491750
Acc(XfragY): 
  Raw Events: 32.0000000000 (from /eos/user/z/zixuan/Isotope/Add/C12_w1_frag4.root)
  MC Flux:    186207675.9669981003
  => Calculated Acc(XfragY) = (Events/Flux)*Scale = 0.0000082117
----------------------------------------
--- Epsilon Calculation Details ---
Flux(C12) at 4.2190486071 GeV/n:   0.2673103519
Flux(Be7) at 4.2190486071 GeV/n: 0.0156958501
=> Flux Ratio (X/Y) from TF1:  17.0306386986
----------------------------------------
Acceptance Ratio (from combined hist): 0.0002383706
Acceptance Ratio (from global spline): 0.0001855380
----------------------------------------
FINAL Epsilon = Flux Ratio * Splined Acc Ratio
              = 17.0306386986 * 0.0001855380
              = 0.0031598304
/**************************************/




/********** DEBUGGING OUTPUT (BIN 13) **********/
Channel: C12 -> Be7, Detector: AGL
Energy (ek/n): 5.1408648843 GeV/n
----------------------------------------
--- Acceptance Calculation Details ---
Scale Factor (3.9^2 * Pi): 47.7836242611
Acc(Y): 
  Raw Events: 175113.0000000000 (from /eos/user/z/zixuan/Isotope/Add/Be7_w1_frag4.root)
  MC Flux:    239939948.5361670852
  => Calculated Acc(Y) = (Events/Flux)*Scale = 0.0348734500
Acc(XfragY): 
  Raw Events: 29.0000000000 (from /eos/user/z/zixuan/Isotope/Add/C12_w1_frag4.root)
  MC Flux:    180652370.7653068006
  => Calculated Acc(XfragY) = (Events/Flux)*Scale = 0.0000076707
----------------------------------------
--- Epsilon Calculation Details ---
Flux(C12) at 5.1408648843 GeV/n:   0.1779862950
Flux(Be7) at 5.1408648843 GeV/n: 0.0101604362
=> Flux Ratio (X/Y) from TF1:  17.5175839931
----------------------------------------
Acceptance Ratio (from combined hist): 0.0002199574
Acceptance Ratio (from global spline): 0.0001710057
----------------------------------------
FINAL Epsilon = Flux Ratio * Splined Acc Ratio
              = 17.5175839931 * 0.0001710057
              = 0.0029956064
/**************************************/




/********** DEBUGGING OUTPUT (BIN 14) **********/
Channel: C12 -> Be7, Detector: AGL
Energy (ek/n): 6.2049547931 GeV/n
----------------------------------------
--- Acceptance Calculation Details ---
Scale Factor (3.9^2 * Pi): 47.7836242611
Acc(Y): 
  Raw Events: 171690.0000000000 (from /eos/user/z/zixuan/Isotope/Add/Be7_w1_frag4.root)
  MC Flux:    233978417.8983906507
  => Calculated Acc(Y) = (Events/Flux)*Scale = 0.0350629367
Acc(XfragY): 
  Raw Events: 20.0000000000 (from /eos/user/z/zixuan/Isotope/Add/C12_w1_frag4.root)
  MC Flux:    176163895.0042893887
  => Calculated Acc(XfragY) = (Events/Flux)*Scale = 0.0000054249
----------------------------------------
--- Epsilon Calculation Details ---
Flux(C12) at 6.2049547931 GeV/n:   0.1185201216
Flux(Be7) at 6.2049547931 GeV/n: 0.0065735871
=> Flux Ratio (X/Y) from TF1:  18.0297483088
----------------------------------------
Acceptance Ratio (from combined hist): 0.0001547191
Acceptance Ratio (from global spline): 0.0001451258
----------------------------------------
FINAL Epsilon = Flux Ratio * Splined Acc Ratio
              = 18.0297483088 * 0.0001451258
              = 0.0026165819
/**************************************/




/********** DEBUGGING OUTPUT (BIN 15) **********/
Channel: C12 -> Be7, Detector: AGL
Energy (ek/n): 7.4457899798 GeV/n
----------------------------------------
--- Acceptance Calculation Details ---
Scale Factor (3.9^2 * Pi): 47.7836242611
Acc(Y): 
  Raw Events: 172562.0000000000 (from /eos/user/z/zixuan/Isotope/Add/Be7_w1_frag4.root)
  MC Flux:    233426100.6456375122
  => Calculated Acc(Y) = (Events/Flux)*Scale = 0.0353244035
Acc(XfragY): 
  Raw Events: 8.0000000000 (from /eos/user/z/zixuan/Isotope/Add/C12_w1_frag4.root)
  MC Flux:    175748051.6996076107
  => Calculated Acc(XfragY) = (Events/Flux)*Scale = 0.0000021751
----------------------------------------
--- Epsilon Calculation Details ---
Flux(C12) at 7.4457899798 GeV/n:   0.0783231069
Flux(Be7) at 7.4457899798 GeV/n: 0.0041984489
=> Flux Ratio (X/Y) from TF1:  18.6552483108
----------------------------------------
Acceptance Ratio (from combined hist): 0.0000615749
Acceptance Ratio (from global spline): 0.0001150022
----------------------------------------
FINAL Epsilon = Flux Ratio * Splined Acc Ratio
              = 18.6552483108 * 0.0001150022
              = 0.0021453950
/**************************************/




/********** DEBUGGING OUTPUT (BIN 16) **********/
Channel: C12 -> Be7, Detector: AGL
Energy (ek/n): 8.8880598677 GeV/n
----------------------------------------
--- Acceptance Calculation Details ---
Scale Factor (3.9^2 * Pi): 47.7836242611
Acc(Y): 
  Raw Events: 169439.0000000000 (from /eos/user/z/zixuan/Isotope/Add/Be7_w1_frag4.root)
  MC Flux:    228230070.7753229141
  => Calculated Acc(Y) = (Events/Flux)*Scale = 0.0354747711
Acc(XfragY): 
  Raw Events: 18.0000000000 (from /eos/user/z/zixuan/Isotope/Add/C12_w1_frag4.root)
  MC Flux:    171835926.5184263885
  => Calculated Acc(XfragY) = (Events/Flux)*Scale = 0.0000050054
----------------------------------------
--- Epsilon Calculation Details ---
Flux(C12) at 8.8880598677 GeV/n:   0.0519524793
Flux(Be7) at 8.8880598677 GeV/n: 0.0026831700
=> Flux Ratio (X/Y) from TF1:  19.3623506988
----------------------------------------
Acceptance Ratio (from combined hist): 0.0001410971
Acceptance Ratio (from global spline): 0.0000951277
----------------------------------------
FINAL Epsilon = Flux Ratio * Splined Acc Ratio
              = 19.3623506988 * 0.0000951277
              = 0.0018418964
/**************************************/




/********** DEBUGGING OUTPUT (BIN 17) **********/
Channel: C12 -> Be7, Detector: AGL
Energy (ek/n): 10.5565612202 GeV/n
----------------------------------------
--- Acceptance Calculation Details ---
Scale Factor (3.9^2 * Pi): 47.7836242611
Acc(Y): 
  Raw Events: 168209.0000000000 (from /eos/user/z/zixuan/Isotope/Add/Be7_w1_frag4.root)
  MC Flux:    226260788.0158911943
  => Calculated Acc(Y) = (Events/Flux)*Scale = 0.0355237676
Acc(XfragY): 
  Raw Events: 17.0000000000 (from /eos/user/z/zixuan/Isotope/Add/C12_w1_frag4.root)
  MC Flux:    170353240.5323329568
  => Calculated Acc(XfragY) = (Events/Flux)*Scale = 0.0000047685
----------------------------------------
--- Epsilon Calculation Details ---
Flux(C12) at 10.5565612202 GeV/n:   0.0346072367
Flux(Be7) at 10.5565612202 GeV/n: 0.0017198371
=> Flux Ratio (X/Y) from TF1:  20.1223922152
----------------------------------------
Acceptance Ratio (from combined hist): 0.0001342328
Acceptance Ratio (from global spline): 0.0000977173
----------------------------------------
FINAL Epsilon = Flux Ratio * Splined Acc Ratio
              = 20.1223922152 * 0.0000977173
              = 0.0019663056
/**************************************/




/********** DEBUGGING OUTPUT (BIN 18) **********/
Channel: C12 -> Be7, Detector: AGL
Energy (ek/n): 12.4760880858 GeV/n
----------------------------------------
--- Acceptance Calculation Details ---
Scale Factor (3.9^2 * Pi): 47.7836242611
Acc(Y): 
  Raw Events: 164345.0000000000 (from /eos/user/z/zixuan/Isotope/Add/Be7_w1_frag4.root)
  MC Flux:    220575822.9988104105
  => Calculated Acc(Y) = (Events/Flux)*Scale = 0.0356022687
Acc(XfragY): 
  Raw Events: 18.0000000000 (from /eos/user/z/zixuan/Isotope/Add/C12_w1_frag4.root)
  MC Flux:    166072992.8523654044
  => Calculated Acc(XfragY) = (Events/Flux)*Scale = 0.0000051791
----------------------------------------
--- Epsilon Calculation Details ---
Flux(C12) at 12.4760880858 GeV/n:   0.0229867657
Flux(Be7) at 12.4760880858 GeV/n: 0.0010918421
=> Flux Ratio (X/Y) from TF1:  21.0531956672
----------------------------------------
Acceptance Ratio (from combined hist): 0.0001454705
Acceptance Ratio (from global spline): 0.0001190970
----------------------------------------
FINAL Epsilon = Flux Ratio * Splined Acc Ratio
              = 21.0531956672 * 0.0001190970
              = 0.0025073725
/**************************************/




/********** DEBUGGING OUTPUT (BIN 19) **********/
Channel: C12 -> Be7, Detector: AGL
Energy (ek/n): 14.6714890086 GeV/n
----------------------------------------
--- Acceptance Calculation Details ---
Scale Factor (3.9^2 * Pi): 47.7836242611
Acc(Y): 
  Raw Events: 162178.0000000000 (from /eos/user/z/zixuan/Isotope/Add/Be7_w1_frag4.root)
  MC Flux:    217125696.1219029427
  => Calculated Acc(Y) = (Events/Flux)*Scale = 0.0356910893
Acc(XfragY): 
  Raw Events: 13.0000000000 (from /eos/user/z/zixuan/Isotope/Add/C12_w1_frag4.root)
  MC Flux:    163475369.5572159886
  => Calculated Acc(XfragY) = (Events/Flux)*Scale = 0.0000037999
----------------------------------------
--- Epsilon Calculation Details ---
Flux(C12) at 14.6714890086 GeV/n:   0.0153645058
Flux(Be7) at 14.6714890086 GeV/n: 0.0006930182
=> Flux Ratio (X/Y) from TF1:  22.1704212386
----------------------------------------
Acceptance Ratio (from combined hist): 0.0001064658
Acceptance Ratio (from global spline): 0.0001347611
----------------------------------------
FINAL Epsilon = Flux Ratio * Splined Acc Ratio
              = 22.1704212386 * 0.0001347611
              = 0.0029877100
/**************************************/




/********** DEBUGGING OUTPUT (BIN 20) **********/
Channel: C12 -> Be7, Detector: AGL
Energy (ek/n): 17.1925871018 GeV/n
----------------------------------------
--- Acceptance Calculation Details ---
Scale Factor (3.9^2 * Pi): 47.7836242611
Acc(Y): 
  Raw Events: 158976.0000000000 (from /eos/user/z/zixuan/Isotope/Add/Be7_w1_frag4.root)
  MC Flux:    214653477.5417041183
  => Calculated Acc(Y) = (Events/Flux)*Scale = 0.0353893612
Acc(XfragY): 
  Raw Events: 14.0000000000 (from /eos/user/z/zixuan/Isotope/Add/C12_w1_frag4.root)
  MC Flux:    161614019.8724817932
  => Calculated Acc(XfragY) = (Events/Flux)*Scale = 0.0000041393
----------------------------------------
--- Epsilon Calculation Details ---
Flux(C12) at 17.1925871018 GeV/n:   0.0103915375
Flux(Be7) at 17.1925871018 GeV/n: 0.0004449084
=> Flux Ratio (X/Y) from TF1:  23.3565764278
----------------------------------------
Acceptance Ratio (from combined hist): 0.0001169648
Acceptance Ratio (from global spline): 0.0001221881
----------------------------------------
FINAL Epsilon = Flux Ratio * Splined Acc Ratio
              = 23.3565764278 * 0.0001221881
              = 0.0028538963
/**************************************/




/********** DEBUGGING OUTPUT (BIN 21) **********/
Channel: C12 -> Be7, Detector: AGL
Energy (ek/n): 20.0892620167 GeV/n
----------------------------------------
--- Acceptance Calculation Details ---
Scale Factor (3.9^2 * Pi): 47.7836242611
Acc(Y): 
  Raw Events: 158013.0000000000 (from /eos/user/z/zixuan/Isotope/Add/Be7_w1_frag4.root)
  MC Flux:    212411676.0935651958
  => Calculated Acc(Y) = (Events/Flux)*Scale = 0.0355462278
Acc(XfragY): 
  Raw Events: 8.0000000000 (from /eos/user/z/zixuan/Isotope/Add/C12_w1_frag4.root)
  MC Flux:    159926152.7671410441
  => Calculated Acc(XfragY) = (Events/Flux)*Scale = 0.0000023903
----------------------------------------
--- Epsilon Calculation Details ---
Flux(C12) at 20.0892620167 GeV/n:   0.0070255045
Flux(Be7) at 20.0892620167 GeV/n: 0.0002857820
=> Flux Ratio (X/Y) from TF1:  24.5834372201
----------------------------------------
Acceptance Ratio (from combined hist): 0.0000672444
Acceptance Ratio (from global spline): 0.0000613228
----------------------------------------
FINAL Epsilon = Flux Ratio * Splined Acc Ratio
              = 24.5834372201 * 0.0000613228
              = 0.0015075253
/**************************************/


    INFO: Intermediate results saved to /eos/user/z/zixuan/Isotope/BkgEst/w1_results_C12_to_Be7.pdf

>>> Processing channel: N14 -> Be7...
 flux ratio at 1 GeV/n: 2.2758992402
  -- Detector: TOF --
  -- Detector: NaF --
  -- Detector: AGL --
****************************************
Minimizer is Minuit2 / Migrad
Chi2                      = 7.1312622373
NDf                       =            9
Edm                       = 0.0000001753
NCalls                    =          283
p0                        = 0.0002864271   +/-   0.0000235541
p1                        = 0.0001702501   +/-   0.0000180328
p2                        = 0.0000771294   +/-   0.0000277831
p3                        = 0.0000575341   +/-   0.0000177234
p4                        = 0.0000541768   +/-   0.0000126915
p5                        = 0.0000637282   +/-   0.0000131147
p6                        = -0.0000899487   +/-   0.0001549137
p7                        = -0.0001723720   +/-   0.0005960930
p8                        = 0.0005200548   +/-   0.0017984419


/********** DEBUGGING OUTPUT (BIN 3) **********/
Channel: N14 -> Be7, Detector: TOF
Energy (ek/n): 0.3368463841 GeV/n
----------------------------------------
--- Acceptance Calculation Details ---
Scale Factor (3.9^2 * Pi): 47.7836242611
Acc(Y): 
  Raw Events: 494864.0000000000 (from /eos/user/z/zixuan/Isotope/Add/Be7_w1_frag4.root)
  MC Flux:    345021812.9821585417
  => Calculated Acc(Y) = (Events/Flux)*Scale = 0.0685359434
Acc(XfragY): 
  Raw Events: 119.0000000000 (from /eos/user/z/zixuan/Isotope/Add/N14_w1_frag4.root)
  MC Flux:    270692465.2423504591
  => Calculated Acc(XfragY) = (Events/Flux)*Scale = 0.0000210063
----------------------------------------
--- Epsilon Calculation Details ---
Flux(N14) at 0.3368463841 GeV/n:   0.9463337766
Flux(Be7) at 0.3368463841 GeV/n: 0.3536732441
=> Flux Ratio (X/Y) from TF1:  2.6757290593
----------------------------------------
Acceptance Ratio (from combined hist): 0.0003065007
Acceptance Ratio (from global spline): 0.0002863197
----------------------------------------
FINAL Epsilon = Flux Ratio * Splined Acc Ratio
              = 2.6757290593 * 0.0002863197
              = 0.0007661139
/**************************************/




/********** DEBUGGING OUTPUT (BIN 4) **********/
Channel: N14 -> Be7, Detector: TOF
Energy (ek/n): 0.4968766615 GeV/n
----------------------------------------
--- Acceptance Calculation Details ---
Scale Factor (3.9^2 * Pi): 47.7836242611
Acc(Y): 
  Raw Events: 458416.0000000000 (from /eos/user/z/zixuan/Isotope/Add/Be7_w1_frag4.root)
  MC Flux:    320501305.4692116976
  => Calculated Acc(Y) = (Events/Flux)*Scale = 0.0683453625
Acc(XfragY): 
  Raw Events: 84.0000000000 (from /eos/user/z/zixuan/Isotope/Add/N14_w1_frag4.root)
  MC Flux:    251454502.9514956474
  => Calculated Acc(XfragY) = (Events/Flux)*Scale = 0.0000159624
----------------------------------------
--- Epsilon Calculation Details ---
Flux(N14) at 0.4968766615 GeV/n:   0.6613844464
Flux(Be7) at 0.4968766615 GeV/n: 0.2592288244
=> Flux Ratio (X/Y) from TF1:  2.5513538010
----------------------------------------
Acceptance Ratio (from combined hist): 0.0002335554
Acceptance Ratio (from global spline): 0.0002510722
----------------------------------------
FINAL Epsilon = Flux Ratio * Splined Acc Ratio
              = 2.5513538010 * 0.0002510722
              = 0.0006405741
/**************************************/




/********** DEBUGGING OUTPUT (BIN 5) **********/
Channel: N14 -> Be7, Detector: TOF
Energy (ek/n): 0.7045414310 GeV/n
----------------------------------------
--- Acceptance Calculation Details ---
Scale Factor (3.9^2 * Pi): 47.7836242611
Acc(Y): 
  Raw Events: 417703.0000000000 (from /eos/user/z/zixuan/Isotope/Add/Be7_w1_frag4.root)
  MC Flux:    306065998.0517216921
  => Calculated Acc(Y) = (Events/Flux)*Scale = 0.0652126121
Acc(XfragY): 
  Raw Events: 59.0000000000 (from /eos/user/z/zixuan/Isotope/Add/N14_w1_frag4.root)
  MC Flux:    240129048.1415599585
  => Calculated Acc(XfragY) = (Events/Flux)*Scale = 0.0000117405
----------------------------------------
--- Epsilon Calculation Details ---
Flux(N14) at 0.7045414310 GeV/n:   0.5056970681
Flux(Be7) at 0.7045414310 GeV/n: 0.2067725982
=> Flux Ratio (X/Y) from TF1:  2.4456677164
----------------------------------------
Acceptance Ratio (from combined hist): 0.0001800341
Acceptance Ratio (from global spline): 0.0001875882
----------------------------------------
FINAL Epsilon = Flux Ratio * Splined Acc Ratio
              = 2.4456677164 * 0.0001875882
              = 0.0004587785
/**************************************/




/********** DEBUGGING OUTPUT (BIN 6) **********/
Channel: N14 -> Be7, Detector: TOF
Energy (ek/n): 0.9672506104 GeV/n
----------------------------------------
--- Acceptance Calculation Details ---
Scale Factor (3.9^2 * Pi): 47.7836242611
Acc(Y): 
  Raw Events: 388254.0000000000 (from /eos/user/z/zixuan/Isotope/Add/Be7_w1_frag4.root)
  MC Flux:    292174832.1568561792
  => Calculated Acc(Y) = (Events/Flux)*Scale = 0.0634968560
Acc(XfragY): 
  Raw Events: 46.0000000000 (from /eos/user/z/zixuan/Isotope/Add/N14_w1_frag4.root)
  MC Flux:    229230508.3980275989
  => Calculated Acc(XfragY) = (Events/Flux)*Scale = 0.0000095888
----------------------------------------
--- Epsilon Calculation Details ---
Flux(N14) at 0.9672506104 GeV/n:   0.3601010089
Flux(Be7) at 0.9672506104 GeV/n: 0.1572294437
=> Flux Ratio (X/Y) from TF1:  2.2902899124
----------------------------------------
Acceptance Ratio (from combined hist): 0.0001510123
Acceptance Ratio (from global spline): 0.0001283367
----------------------------------------
FINAL Epsilon = Flux Ratio * Splined Acc Ratio
              = 2.2902899124 * 0.0001283367
              = 0.0002939282
/**************************************/




/********** DEBUGGING OUTPUT (BIN 7) **********/
Channel: N14 -> Be7, Detector: NaF
Energy (ek/n): 1.2922125341 GeV/n
----------------------------------------
--- Acceptance Calculation Details ---
Scale Factor (3.9^2 * Pi): 47.7836242611
Acc(Y): 
  Raw Events: 34958.0000000000 (from /eos/user/z/zixuan/Isotope/Add/Be7_w1_frag4.root)
  MC Flux:    282112356.6692785025
  => Calculated Acc(Y) = (Events/Flux)*Scale = 0.0059211158
Acc(XfragY): 
  Raw Events: 2.0000000000 (from /eos/user/z/zixuan/Isotope/Add/N14_w1_frag4.root)
  MC Flux:    221335829.8771829009
  => Calculated Acc(XfragY) = (Events/Flux)*Scale = 0.0000004318
----------------------------------------
--- Epsilon Calculation Details ---
Flux(N14) at 1.2922125341 GeV/n:   0.2643590385
Flux(Be7) at 1.2922125341 GeV/n: 0.1204732047
=> Flux Ratio (X/Y) from TF1:  2.1943388927
----------------------------------------
Acceptance Ratio (from combined hist): 0.0000729212
Acceptance Ratio (from global spline): 0.0000861889
----------------------------------------
FINAL Epsilon = Flux Ratio * Splined Acc Ratio
              = 2.1943388927 * 0.0000861889
              = 0.0001891276
/**************************************/




/********** DEBUGGING OUTPUT (BIN 8) **********/
Channel: N14 -> Be7, Detector: NaF
Energy (ek/n): 1.6909447265 GeV/n
----------------------------------------
--- Acceptance Calculation Details ---
Scale Factor (3.9^2 * Pi): 47.7836242611
Acc(Y): 
  Raw Events: 33923.0000000000 (from /eos/user/z/zixuan/Isotope/Add/Be7_w1_frag4.root)
  MC Flux:    276384994.4874068499
  => Calculated Acc(Y) = (Events/Flux)*Scale = 0.0058648766
Acc(XfragY): 
  Raw Events: 1.0000000000 (from /eos/user/z/zixuan/Isotope/Add/N14_w1_frag4.root)
  MC Flux:    216842334.8863987625
  => Calculated Acc(XfragY) = (Events/Flux)*Scale = 0.0000002204
----------------------------------------
--- Epsilon Calculation Details ---
Flux(N14) at 1.6909447265 GeV/n:   0.1827408793
Flux(Be7) at 1.6909447265 GeV/n: 0.0864547045
=> Flux Ratio (X/Y) from TF1:  2.1137181646
----------------------------------------
Acceptance Ratio (from combined hist): 0.0000375730
Acceptance Ratio (from global spline): 0.0000645453
----------------------------------------
FINAL Epsilon = Flux Ratio * Splined Acc Ratio
              = 2.1137181646 * 0.0000645453
              = 0.0001364306
/**************************************/




/********** DEBUGGING OUTPUT (BIN 9) **********/
Channel: N14 -> Be7, Detector: NaF
Energy (ek/n): 2.1727158116 GeV/n
----------------------------------------
--- Acceptance Calculation Details ---
Scale Factor (3.9^2 * Pi): 47.7836242611
Acc(Y): 
  Raw Events: 33318.0000000000 (from /eos/user/z/zixuan/Isotope/Add/Be7_w1_frag4.root)
  MC Flux:    267652105.6402227879
  => Calculated Acc(Y) = (Events/Flux)*Scale = 0.0059482244
Acc(XfragY): 
  Raw Events: 0.0000000000 (from /eos/user/z/zixuan/Isotope/Add/N14_w1_frag4.root)
  MC Flux:    209990805.1518020928
  => Calculated Acc(XfragY) = (Events/Flux)*Scale = 0.0000000000
----------------------------------------
--- Epsilon Calculation Details ---
Flux(N14) at 2.1727158116 GeV/n:   0.1223238031
Flux(Be7) at 2.1727158116 GeV/n: 0.0586915230
=> Flux Ratio (X/Y) from TF1:  2.0841817847
----------------------------------------
Acceptance Ratio (from combined hist): 0.0000000000
Acceptance Ratio (from global spline): 0.0000577190
----------------------------------------
FINAL Epsilon = Flux Ratio * Splined Acc Ratio
              = 2.0841817847 * 0.0000577190
              = 0.0001202969
/**************************************/




/********** DEBUGGING OUTPUT (BIN 10) **********/
Channel: N14 -> Be7, Detector: NaF
Energy (ek/n): 2.7468447478 GeV/n
----------------------------------------
--- Acceptance Calculation Details ---
Scale Factor (3.9^2 * Pi): 47.7836242611
Acc(Y): 
  Raw Events: 32609.0000000000 (from /eos/user/z/zixuan/Isotope/Add/Be7_w1_frag4.root)
  MC Flux:    261128463.4058905840
  => Calculated Acc(Y) = (Events/Flux)*Scale = 0.0059670868
Acc(XfragY): 
  Raw Events: 3.0000000000 (from /eos/user/z/zixuan/Isotope/Add/N14_w1_frag4.root)
  MC Flux:    204872575.7172422409
  => Calculated Acc(XfragY) = (Events/Flux)*Scale = 0.0000006997
----------------------------------------
--- Epsilon Calculation Details ---
Flux(N14) at 2.7468447478 GeV/n:   0.0790148422
Flux(Be7) at 2.7468447478 GeV/n: 0.0378400839
=> Flux Ratio (X/Y) from TF1:  2.0881254486
----------------------------------------
Acceptance Ratio (from combined hist): 0.0001172612
Acceptance Ratio (from global spline): 0.0000572738
----------------------------------------
FINAL Epsilon = Flux Ratio * Splined Acc Ratio
              = 2.0881254486 * 0.0000572738
              = 0.0001195950
/**************************************/




/********** DEBUGGING OUTPUT (BIN 11) **********/
Channel: N14 -> Be7, Detector: AGL
Energy (ek/n): 3.4250117177 GeV/n
----------------------------------------
--- Acceptance Calculation Details ---
Scale Factor (3.9^2 * Pi): 47.7836242611
Acc(Y): 
  Raw Events: 177986.0000000000 (from /eos/user/z/zixuan/Isotope/Add/Be7_w1_frag4.root)
  MC Flux:    253825574.8667445779
  => Calculated Acc(Y) = (Events/Flux)*Scale = 0.0335065375
Acc(XfragY): 
  Raw Events: 7.0000000000 (from /eos/user/z/zixuan/Isotope/Add/N14_w1_frag4.root)
  MC Flux:    199142975.9421876073
  => Calculated Acc(XfragY) = (Events/Flux)*Scale = 0.0000016796
----------------------------------------
--- Epsilon Calculation Details ---
Flux(N14) at 3.4250117177 GeV/n:   0.0514629550
Flux(Be7) at 3.4250117177 GeV/n: 0.0245380739
=> Flux Ratio (X/Y) from TF1:  2.0972695361
----------------------------------------
Acceptance Ratio (from combined hist): 0.0000501283
Acceptance Ratio (from global spline): 0.0000573652
----------------------------------------
FINAL Epsilon = Flux Ratio * Splined Acc Ratio
              = 2.0972695361 * 0.0000573652
              = 0.0001203104
/**************************************/




/********** DEBUGGING OUTPUT (BIN 12) **********/
Channel: N14 -> Be7, Detector: AGL
Energy (ek/n): 4.2190486071 GeV/n
----------------------------------------
--- Acceptance Calculation Details ---
Scale Factor (3.9^2 * Pi): 47.7836242611
Acc(Y): 
  Raw Events: 178302.0000000000 (from /eos/user/z/zixuan/Isotope/Add/Be7_w1_frag4.root)
  MC Flux:    247318427.0944597721
  => Calculated Acc(Y) = (Events/Flux)*Scale = 0.0344491750
Acc(XfragY): 
  Raw Events: 10.0000000000 (from /eos/user/z/zixuan/Isotope/Add/N14_w1_frag4.root)
  MC Flux:    194037687.5056353211
  => Calculated Acc(XfragY) = (Events/Flux)*Scale = 0.0000024626
----------------------------------------
--- Epsilon Calculation Details ---
Flux(N14) at 4.2190486071 GeV/n:   0.0331087165
Flux(Be7) at 4.2190486071 GeV/n: 0.0156958501
=> Flux Ratio (X/Y) from TF1:  2.1093930153
----------------------------------------
Acceptance Ratio (from combined hist): 0.0000714849
Acceptance Ratio (from global spline): 0.0000560218
----------------------------------------
FINAL Epsilon = Flux Ratio * Splined Acc Ratio
              = 2.1093930153 * 0.0000560218
              = 0.0001181720
/**************************************/




/********** DEBUGGING OUTPUT (BIN 13) **********/
Channel: N14 -> Be7, Detector: AGL
Energy (ek/n): 5.1408648843 GeV/n
----------------------------------------
--- Acceptance Calculation Details ---
Scale Factor (3.9^2 * Pi): 47.7836242611
Acc(Y): 
  Raw Events: 175113.0000000000 (from /eos/user/z/zixuan/Isotope/Add/Be7_w1_frag4.root)
  MC Flux:    239939948.5361670852
  => Calculated Acc(Y) = (Events/Flux)*Scale = 0.0348734500
Acc(XfragY): 
  Raw Events: 7.0000000000 (from /eos/user/z/zixuan/Isotope/Add/N14_w1_frag4.root)
  MC Flux:    188248782.3537592292
  => Calculated Acc(XfragY) = (Events/Flux)*Scale = 0.0000017768
----------------------------------------
--- Epsilon Calculation Details ---
Flux(N14) at 5.1408648843 GeV/n:   0.0216186832
Flux(Be7) at 5.1408648843 GeV/n: 0.0101604362
=> Flux Ratio (X/Y) from TF1:  2.1277317910
----------------------------------------
Acceptance Ratio (from combined hist): 0.0000509507
Acceptance Ratio (from global spline): 0.0000545630
----------------------------------------
FINAL Epsilon = Flux Ratio * Splined Acc Ratio
              = 2.1277317910 * 0.0000545630
              = 0.0001160954
/**************************************/




/********** DEBUGGING OUTPUT (BIN 14) **********/
Channel: N14 -> Be7, Detector: AGL
Energy (ek/n): 6.2049547931 GeV/n
----------------------------------------
--- Acceptance Calculation Details ---
Scale Factor (3.9^2 * Pi): 47.7836242611
Acc(Y): 
  Raw Events: 171690.0000000000 (from /eos/user/z/zixuan/Isotope/Add/Be7_w1_frag4.root)
  MC Flux:    233978417.8983906507
  => Calculated Acc(Y) = (Events/Flux)*Scale = 0.0350629367
Acc(XfragY): 
  Raw Events: 6.0000000000 (from /eos/user/z/zixuan/Isotope/Add/N14_w1_frag4.root)
  MC Flux:    183571566.6988726258
  => Calculated Acc(XfragY) = (Events/Flux)*Scale = 0.0000015618
----------------------------------------
--- Epsilon Calculation Details ---
Flux(N14) at 6.2049547931 GeV/n:   0.0141850453
Flux(Be7) at 6.2049547931 GeV/n: 0.0065735871
=> Flux Ratio (X/Y) from TF1:  2.1578850275
----------------------------------------
Acceptance Ratio (from combined hist): 0.0000445427
Acceptance Ratio (from global spline): 0.0000541302
----------------------------------------
FINAL Epsilon = Flux Ratio * Splined Acc Ratio
              = 2.1578850275 * 0.0000541302
              = 0.0001168068
/**************************************/




/********** DEBUGGING OUTPUT (BIN 15) **********/
Channel: N14 -> Be7, Detector: AGL
Energy (ek/n): 7.4457899798 GeV/n
----------------------------------------
--- Acceptance Calculation Details ---
Scale Factor (3.9^2 * Pi): 47.7836242611
Acc(Y): 
  Raw Events: 172562.0000000000 (from /eos/user/z/zixuan/Isotope/Add/Be7_w1_frag4.root)
  MC Flux:    233426100.6456375122
  => Calculated Acc(Y) = (Events/Flux)*Scale = 0.0353244035
Acc(XfragY): 
  Raw Events: 12.0000000000 (from /eos/user/z/zixuan/Isotope/Add/N14_w1_frag4.root)
  MC Flux:    183138237.2306533456
  => Calculated Acc(XfragY) = (Events/Flux)*Scale = 0.0000031310
----------------------------------------
--- Epsilon Calculation Details ---
Flux(N14) at 7.4457899798 GeV/n:   0.0091983207
Flux(Be7) at 7.4457899798 GeV/n: 0.0041984489
=> Flux Ratio (X/Y) from TF1:  2.1908854709
----------------------------------------
Acceptance Ratio (from combined hist): 0.0000886352
Acceptance Ratio (from global spline): 0.0000555344
----------------------------------------
FINAL Epsilon = Flux Ratio * Splined Acc Ratio
              = 2.1908854709 * 0.0000555344
              = 0.0001216695
/**************************************/




/********** DEBUGGING OUTPUT (BIN 16) **********/
Channel: N14 -> Be7, Detector: AGL
Energy (ek/n): 8.8880598677 GeV/n
----------------------------------------
--- Acceptance Calculation Details ---
Scale Factor (3.9^2 * Pi): 47.7836242611
Acc(Y): 
  Raw Events: 169439.0000000000 (from /eos/user/z/zixuan/Isotope/Add/Be7_w1_frag4.root)
  MC Flux:    228230070.7753229141
  => Calculated Acc(Y) = (Events/Flux)*Scale = 0.0354747711
Acc(XfragY): 
  Raw Events: 6.0000000000 (from /eos/user/z/zixuan/Isotope/Add/N14_w1_frag4.root)
  MC Flux:    179061607.6317557991
  => Calculated Acc(XfragY) = (Events/Flux)*Scale = 0.0000016011
----------------------------------------
--- Epsilon Calculation Details ---
Flux(N14) at 8.8880598677 GeV/n:   0.0059620302
Flux(Be7) at 8.8880598677 GeV/n: 0.0026831700
=> Flux Ratio (X/Y) from TF1:  2.2220098283
----------------------------------------
Acceptance Ratio (from combined hist): 0.0000451345
Acceptance Ratio (from global spline): 0.0000594058
----------------------------------------
FINAL Epsilon = Flux Ratio * Splined Acc Ratio
              = 2.2220098283 * 0.0000594058
              = 0.0001320003
/**************************************/




/********** DEBUGGING OUTPUT (BIN 17) **********/
Channel: N14 -> Be7, Detector: AGL
Energy (ek/n): 10.5565612202 GeV/n
----------------------------------------
--- Acceptance Calculation Details ---
Scale Factor (3.9^2 * Pi): 47.7836242611
Acc(Y): 
  Raw Events: 168209.0000000000 (from /eos/user/z/zixuan/Isotope/Add/Be7_w1_frag4.root)
  MC Flux:    226260788.0158911943
  => Calculated Acc(Y) = (Events/Flux)*Scale = 0.0355237676
Acc(XfragY): 
  Raw Events: 9.0000000000 (from /eos/user/z/zixuan/Isotope/Add/N14_w1_frag4.root)
  MC Flux:    177516574.8690378666
  => Calculated Acc(XfragY) = (Events/Flux)*Scale = 0.0000024226
----------------------------------------
--- Epsilon Calculation Details ---
Flux(N14) at 10.5565612202 GeV/n:   0.0038838111
Flux(Be7) at 10.5565612202 GeV/n: 0.0017198371
=> Flux Ratio (X/Y) from TF1:  2.2582435686
----------------------------------------
Acceptance Ratio (from combined hist): 0.0000681967
Acceptance Ratio (from global spline): 0.0000662191
----------------------------------------
FINAL Epsilon = Flux Ratio * Splined Acc Ratio
              = 2.2582435686 * 0.0000662191
              = 0.0001495390
/**************************************/




/********** DEBUGGING OUTPUT (BIN 18) **********/
Channel: N14 -> Be7, Detector: AGL
Energy (ek/n): 12.4760880858 GeV/n
----------------------------------------
--- Acceptance Calculation Details ---
Scale Factor (3.9^2 * Pi): 47.7836242611
Acc(Y): 
  Raw Events: 164345.0000000000 (from /eos/user/z/zixuan/Isotope/Add/Be7_w1_frag4.root)
  MC Flux:    220575822.9988104105
  => Calculated Acc(Y) = (Events/Flux)*Scale = 0.0356022687
Acc(XfragY): 
  Raw Events: 11.0000000000 (from /eos/user/z/zixuan/Isotope/Add/N14_w1_frag4.root)
  MC Flux:    173056343.2622618675
  => Calculated Acc(XfragY) = (Events/Flux)*Scale = 0.0000030373
----------------------------------------
--- Epsilon Calculation Details ---
Flux(N14) at 12.4760880858 GeV/n:   0.0025162837
Flux(Be7) at 12.4760880858 GeV/n: 0.0010918421
=> Flux Ratio (X/Y) from TF1:  2.3046222887
----------------------------------------
Acceptance Ratio (from combined hist): 0.0000853113
Acceptance Ratio (from global spline): 0.0000740056
----------------------------------------
FINAL Epsilon = Flux Ratio * Splined Acc Ratio
              = 2.3046222887 * 0.0000740056
              = 0.0001705550
/**************************************/




/********** DEBUGGING OUTPUT (BIN 19) **********/
Channel: N14 -> Be7, Detector: AGL
Energy (ek/n): 14.6714890086 GeV/n
----------------------------------------
--- Acceptance Calculation Details ---
Scale Factor (3.9^2 * Pi): 47.7836242611
Acc(Y): 
  Raw Events: 162178.0000000000 (from /eos/user/z/zixuan/Isotope/Add/Be7_w1_frag4.root)
  MC Flux:    217125696.1219029427
  => Calculated Acc(Y) = (Events/Flux)*Scale = 0.0356910893
Acc(XfragY): 
  Raw Events: 10.0000000000 (from /eos/user/z/zixuan/Isotope/Add/N14_w1_frag4.root)
  MC Flux:    170349490.2037938237
  => Calculated Acc(XfragY) = (Events/Flux)*Scale = 0.0000028050
----------------------------------------
--- Epsilon Calculation Details ---
Flux(N14) at 14.6714890086 GeV/n:   0.0016280305
Flux(Be7) at 14.6714890086 GeV/n: 0.0006930182
=> Flux Ratio (X/Y) from TF1:  2.3491886476
----------------------------------------
Acceptance Ratio (from combined hist): 0.0000785920
Acceptance Ratio (from global spline): 0.0000774957
----------------------------------------
FINAL Epsilon = Flux Ratio * Splined Acc Ratio
              = 2.3491886476 * 0.0000774957
              = 0.0001820520
/**************************************/




/********** DEBUGGING OUTPUT (BIN 20) **********/
Channel: N14 -> Be7, Detector: AGL
Energy (ek/n): 17.1925871018 GeV/n
----------------------------------------
--- Acceptance Calculation Details ---
Scale Factor (3.9^2 * Pi): 47.7836242611
Acc(Y): 
  Raw Events: 158976.0000000000 (from /eos/user/z/zixuan/Isotope/Add/Be7_w1_frag4.root)
  MC Flux:    214653477.5417041183
  => Calculated Acc(Y) = (Events/Flux)*Scale = 0.0353893612
Acc(XfragY): 
  Raw Events: 8.0000000000 (from /eos/user/z/zixuan/Isotope/Add/N14_w1_frag4.root)
  MC Flux:    168409870.9770912230
  => Calculated Acc(XfragY) = (Events/Flux)*Scale = 0.0000022699
----------------------------------------
--- Epsilon Calculation Details ---
Flux(N14) at 17.1925871018 GeV/n:   0.0010633025
Flux(Be7) at 17.1925871018 GeV/n: 0.0004449084
=> Flux Ratio (X/Y) from TF1:  2.3899356118
----------------------------------------
Acceptance Ratio (from combined hist): 0.0000641400
Acceptance Ratio (from global spline): 0.0000719272
----------------------------------------
FINAL Epsilon = Flux Ratio * Splined Acc Ratio
              = 2.3899356118 * 0.0000719272
              = 0.0001719014
/**************************************/




/********** DEBUGGING OUTPUT (BIN 21) **********/
Channel: N14 -> Be7, Detector: AGL
Energy (ek/n): 20.0892620167 GeV/n
----------------------------------------
--- Acceptance Calculation Details ---
Scale Factor (3.9^2 * Pi): 47.7836242611
Acc(Y): 
  Raw Events: 158013.0000000000 (from /eos/user/z/zixuan/Isotope/Add/Be7_w1_frag4.root)
  MC Flux:    212411676.0935651958
  => Calculated Acc(Y) = (Events/Flux)*Scale = 0.0355462278
Acc(XfragY): 
  Raw Events: 7.0000000000 (from /eos/user/z/zixuan/Isotope/Add/N14_w1_frag4.root)
  MC Flux:    166651029.2524609268
  => Calculated Acc(XfragY) = (Events/Flux)*Scale = 0.0000020071
----------------------------------------
--- Epsilon Calculation Details ---
Flux(N14) at 20.0892620167 GeV/n:   0.0006980497
Flux(Be7) at 20.0892620167 GeV/n: 0.0002857820
=> Flux Ratio (X/Y) from TF1:  2.4425948828
----------------------------------------
Acceptance Ratio (from combined hist): 0.0000564645
Acceptance Ratio (from global spline): 0.0000530120
----------------------------------------
FINAL Epsilon = Flux Ratio * Splined Acc Ratio
              = 2.4425948828 * 0.0000530120
              = 0.0001294869
/**************************************/


    INFO: Intermediate results saved to /eos/user/z/zixuan/Isotope/BkgEst/w1_results_N14_to_Be7.pdf

>>> Processing channel: N15 -> Be7...
 flux ratio at 1 GeV/n: 2.2758992402
  -- Detector: TOF --
  -- Detector: NaF --
  -- Detector: AGL --
****************************************
Minimizer is Minuit2 / Migrad
Chi2                      = 19.3426085975
NDf                       =           10
Edm                       = 0.0000000000
NCalls                    =          191
p0                        = 0.0002105771   +/-   0.0000160576
p1                        = 0.0000371141   +/-   0.0000150771
p2                        = 0.0000382050   +/-   0.0000069192
p3                        = 0.0000349193   +/-   0.0000093875
p4                        = 0.0000821570   +/-   0.0001067011
p5                        = 0.0000650993   +/-   0.0004138191
p6                        = -0.0001964078   +/-   0.0012485128


/********** DEBUGGING OUTPUT (BIN 3) **********/
Channel: N15 -> Be7, Detector: TOF
Energy (ek/n): 0.3368463841 GeV/n
----------------------------------------
--- Acceptance Calculation Details ---
Scale Factor (3.9^2 * Pi): 47.7836242611
Acc(Y): 
  Raw Events: 494864.0000000000 (from /eos/user/z/zixuan/Isotope/Add/Be7_w1_frag4.root)
  MC Flux:    345021812.9821585417
  => Calculated Acc(Y) = (Events/Flux)*Scale = 0.0685359434
Acc(XfragY): 
  Raw Events: 107.0000000000 (from /eos/user/z/zixuan/Isotope/Add/N15_w1_frag4.root)
  MC Flux:    300457445.0453983545
  => Calculated Acc(XfragY) = (Events/Flux)*Scale = 0.0000170169
----------------------------------------
--- Epsilon Calculation Details ---
Flux(N15) at 0.3368463841 GeV/n:   0.9463337766
Flux(Be7) at 0.3368463841 GeV/n: 0.3536732441
=> Flux Ratio (X/Y) from TF1:  2.6757290593
----------------------------------------
Acceptance Ratio (from combined hist): 0.0002482913
Acceptance Ratio (from global spline): 0.0002104998
----------------------------------------
FINAL Epsilon = Flux Ratio * Splined Acc Ratio
              = 2.6757290593 * 0.0002104998
              = 0.0005632404
/**************************************/




/********** DEBUGGING OUTPUT (BIN 4) **********/
Channel: N15 -> Be7, Detector: TOF
Energy (ek/n): 0.4968766615 GeV/n
----------------------------------------
--- Acceptance Calculation Details ---
Scale Factor (3.9^2 * Pi): 47.7836242611
Acc(Y): 
  Raw Events: 458416.0000000000 (from /eos/user/z/zixuan/Isotope/Add/Be7_w1_frag4.root)
  MC Flux:    320501305.4692116976
  => Calculated Acc(Y) = (Events/Flux)*Scale = 0.0683453625
Acc(XfragY): 
  Raw Events: 66.0000000000 (from /eos/user/z/zixuan/Isotope/Add/N15_w1_frag4.root)
  MC Flux:    279104102.2672202587
  => Calculated Acc(XfragY) = (Events/Flux)*Scale = 0.0000112994
----------------------------------------
--- Epsilon Calculation Details ---
Flux(N15) at 0.4968766615 GeV/n:   0.6613844464
Flux(Be7) at 0.4968766615 GeV/n: 0.2592288244
=> Flux Ratio (X/Y) from TF1:  2.5513538010
----------------------------------------
Acceptance Ratio (from combined hist): 0.0001653285
Acceptance Ratio (from global spline): 0.0001844704
----------------------------------------
FINAL Epsilon = Flux Ratio * Splined Acc Ratio
              = 2.5513538010 * 0.0001844704
              = 0.0004706492
/**************************************/




/********** DEBUGGING OUTPUT (BIN 5) **********/
Channel: N15 -> Be7, Detector: TOF
Energy (ek/n): 0.7045414310 GeV/n
----------------------------------------
--- Acceptance Calculation Details ---
Scale Factor (3.9^2 * Pi): 47.7836242611
Acc(Y): 
  Raw Events: 417703.0000000000 (from /eos/user/z/zixuan/Isotope/Add/Be7_w1_frag4.root)
  MC Flux:    306065998.0517216921
  => Calculated Acc(Y) = (Events/Flux)*Scale = 0.0652126121
Acc(XfragY): 
  Raw Events: 54.0000000000 (from /eos/user/z/zixuan/Isotope/Add/N15_w1_frag4.root)
  MC Flux:    266533315.6621186137
  => Calculated Acc(XfragY) = (Events/Flux)*Scale = 0.0000096810
----------------------------------------
--- Epsilon Calculation Details ---
Flux(N15) at 0.7045414310 GeV/n:   0.5056970681
Flux(Be7) at 0.7045414310 GeV/n: 0.2067725982
=> Flux Ratio (X/Y) from TF1:  2.4456677164
----------------------------------------
Acceptance Ratio (from combined hist): 0.0001484533
Acceptance Ratio (from global spline): 0.0001350901
----------------------------------------
FINAL Epsilon = Flux Ratio * Splined Acc Ratio
              = 2.4456677164 * 0.0001350901
              = 0.0003303855
/**************************************/




/********** DEBUGGING OUTPUT (BIN 6) **********/
Channel: N15 -> Be7, Detector: TOF
Energy (ek/n): 0.9672506104 GeV/n
----------------------------------------
--- Acceptance Calculation Details ---
Scale Factor (3.9^2 * Pi): 47.7836242611
Acc(Y): 
  Raw Events: 388254.0000000000 (from /eos/user/z/zixuan/Isotope/Add/Be7_w1_frag4.root)
  MC Flux:    292174832.1568561792
  => Calculated Acc(Y) = (Events/Flux)*Scale = 0.0634968560
Acc(XfragY): 
  Raw Events: 23.0000000000 (from /eos/user/z/zixuan/Isotope/Add/N15_w1_frag4.root)
  MC Flux:    254436387.1305629909
  => Calculated Acc(XfragY) = (Events/Flux)*Scale = 0.0000043194
----------------------------------------
--- Epsilon Calculation Details ---
Flux(N15) at 0.9672506104 GeV/n:   0.3601010089
Flux(Be7) at 0.9672506104 GeV/n: 0.1572294437
=> Flux Ratio (X/Y) from TF1:  2.2902899124
----------------------------------------
Acceptance Ratio (from combined hist): 0.0000680261
Acceptance Ratio (from global spline): 0.0000846988
----------------------------------------
FINAL Epsilon = Flux Ratio * Splined Acc Ratio
              = 2.2902899124 * 0.0000846988
              = 0.0001939849
/**************************************/




/********** DEBUGGING OUTPUT (BIN 7) **********/
Channel: N15 -> Be7, Detector: NaF
Energy (ek/n): 1.2922125341 GeV/n
----------------------------------------
--- Acceptance Calculation Details ---
Scale Factor (3.9^2 * Pi): 47.7836242611
Acc(Y): 
  Raw Events: 34958.0000000000 (from /eos/user/z/zixuan/Isotope/Add/Be7_w1_frag4.root)
  MC Flux:    282112356.6692785025
  => Calculated Acc(Y) = (Events/Flux)*Scale = 0.0059211158
Acc(XfragY): 
  Raw Events: 0.0000000000 (from /eos/user/z/zixuan/Isotope/Add/N15_w1_frag4.root)
  MC Flux:    245673620.3660572171
  => Calculated Acc(XfragY) = (Events/Flux)*Scale = 0.0000000000
----------------------------------------
--- Epsilon Calculation Details ---
Flux(N15) at 1.2922125341 GeV/n:   0.2643590385
Flux(Be7) at 1.2922125341 GeV/n: 0.1204732047
=> Flux Ratio (X/Y) from TF1:  2.1943388927
----------------------------------------
Acceptance Ratio (from combined hist): 0.0000000000
Acceptance Ratio (from global spline): 0.0000458533
----------------------------------------
FINAL Epsilon = Flux Ratio * Splined Acc Ratio
              = 2.1943388927 * 0.0000458533
              = 0.0001006178
/**************************************/




/********** DEBUGGING OUTPUT (BIN 8) **********/
Channel: N15 -> Be7, Detector: NaF
Energy (ek/n): 1.6909447265 GeV/n
----------------------------------------
--- Acceptance Calculation Details ---
Scale Factor (3.9^2 * Pi): 47.7836242611
Acc(Y): 
  Raw Events: 33923.0000000000 (from /eos/user/z/zixuan/Isotope/Add/Be7_w1_frag4.root)
  MC Flux:    276384994.4874068499
  => Calculated Acc(Y) = (Events/Flux)*Scale = 0.0058648766
Acc(XfragY): 
  Raw Events: 2.0000000000 (from /eos/user/z/zixuan/Isotope/Add/N15_w1_frag4.root)
  MC Flux:    240686026.7030910552
  => Calculated Acc(XfragY) = (Events/Flux)*Scale = 0.0000003971
----------------------------------------
--- Epsilon Calculation Details ---
Flux(N15) at 1.6909447265 GeV/n:   0.1827408793
Flux(Be7) at 1.6909447265 GeV/n: 0.0864547045
=> Flux Ratio (X/Y) from TF1:  2.1137181646
----------------------------------------
Acceptance Ratio (from combined hist): 0.0000677017
Acceptance Ratio (from global spline): 0.0000245659
----------------------------------------
FINAL Epsilon = Flux Ratio * Splined Acc Ratio
              = 2.1137181646 * 0.0000245659
              = 0.0000519253
/**************************************/




/********** DEBUGGING OUTPUT (BIN 9) **********/
Channel: N15 -> Be7, Detector: NaF
Energy (ek/n): 2.1727158116 GeV/n
----------------------------------------
--- Acceptance Calculation Details ---
Scale Factor (3.9^2 * Pi): 47.7836242611
Acc(Y): 
  Raw Events: 33318.0000000000 (from /eos/user/z/zixuan/Isotope/Add/Be7_w1_frag4.root)
  MC Flux:    267652105.6402227879
  => Calculated Acc(Y) = (Events/Flux)*Scale = 0.0059482244
Acc(XfragY): 
  Raw Events: 1.0000000000 (from /eos/user/z/zixuan/Isotope/Add/N15_w1_frag4.root)
  MC Flux:    233081111.9639005065
  => Calculated Acc(XfragY) = (Events/Flux)*Scale = 0.0000002050
----------------------------------------
--- Epsilon Calculation Details ---
Flux(N15) at 2.1727158116 GeV/n:   0.1223238031
Flux(Be7) at 2.1727158116 GeV/n: 0.0586915230
=> Flux Ratio (X/Y) from TF1:  2.0841817847
----------------------------------------
Acceptance Ratio (from combined hist): 0.0000344655
Acceptance Ratio (from global spline): 0.0000178126
----------------------------------------
FINAL Epsilon = Flux Ratio * Splined Acc Ratio
              = 2.0841817847 * 0.0000178126
              = 0.0000371247
/**************************************/




/********** DEBUGGING OUTPUT (BIN 10) **********/
Channel: N15 -> Be7, Detector: NaF
Energy (ek/n): 2.7468447478 GeV/n
----------------------------------------
--- Acceptance Calculation Details ---
Scale Factor (3.9^2 * Pi): 47.7836242611
Acc(Y): 
  Raw Events: 32609.0000000000 (from /eos/user/z/zixuan/Isotope/Add/Be7_w1_frag4.root)
  MC Flux:    261128463.4058905840
  => Calculated Acc(Y) = (Events/Flux)*Scale = 0.0059670868
Acc(XfragY): 
  Raw Events: 0.0000000000 (from /eos/user/z/zixuan/Isotope/Add/N15_w1_frag4.root)
  MC Flux:    227400088.8970512450
  => Calculated Acc(XfragY) = (Events/Flux)*Scale = 0.0000000000
----------------------------------------
--- Epsilon Calculation Details ---
Flux(N15) at 2.7468447478 GeV/n:   0.0790148422
Flux(Be7) at 2.7468447478 GeV/n: 0.0378400839
=> Flux Ratio (X/Y) from TF1:  2.0881254486
----------------------------------------
Acceptance Ratio (from combined hist): 0.0000000000
Acceptance Ratio (from global spline): 0.0000194444
----------------------------------------
FINAL Epsilon = Flux Ratio * Splined Acc Ratio
              = 2.0881254486 * 0.0000194444
              = 0.0000406023
/**************************************/




/********** DEBUGGING OUTPUT (BIN 11) **********/
Channel: N15 -> Be7, Detector: AGL
Energy (ek/n): 3.4250117177 GeV/n
----------------------------------------
--- Acceptance Calculation Details ---
Scale Factor (3.9^2 * Pi): 47.7836242611
Acc(Y): 
  Raw Events: 177986.0000000000 (from /eos/user/z/zixuan/Isotope/Add/Be7_w1_frag4.root)
  MC Flux:    253825574.8667445779
  => Calculated Acc(Y) = (Events/Flux)*Scale = 0.0335065375
Acc(XfragY): 
  Raw Events: 12.0000000000 (from /eos/user/z/zixuan/Isotope/Add/N15_w1_frag4.root)
  MC Flux:    221040470.0284425318
  => Calculated Acc(XfragY) = (Events/Flux)*Scale = 0.0000025941
----------------------------------------
--- Epsilon Calculation Details ---
Flux(N15) at 3.4250117177 GeV/n:   0.0514629550
Flux(Be7) at 3.4250117177 GeV/n: 0.0245380739
=> Flux Ratio (X/Y) from TF1:  2.0972695361
----------------------------------------
Acceptance Ratio (from combined hist): 0.0000774210
Acceptance Ratio (from global spline): 0.0000250684
----------------------------------------
FINAL Epsilon = Flux Ratio * Splined Acc Ratio
              = 2.0972695361 * 0.0000250684
              = 0.0000525751
/**************************************/




/********** DEBUGGING OUTPUT (BIN 12) **********/
Channel: N15 -> Be7, Detector: AGL
Energy (ek/n): 4.2190486071 GeV/n
----------------------------------------
--- Acceptance Calculation Details ---
Scale Factor (3.9^2 * Pi): 47.7836242611
Acc(Y): 
  Raw Events: 178302.0000000000 (from /eos/user/z/zixuan/Isotope/Add/Be7_w1_frag4.root)
  MC Flux:    247318427.0944597721
  => Calculated Acc(Y) = (Events/Flux)*Scale = 0.0344491750
Acc(XfragY): 
  Raw Events: 6.0000000000 (from /eos/user/z/zixuan/Isotope/Add/N15_w1_frag4.root)
  MC Flux:    215373810.9343554378
  => Calculated Acc(XfragY) = (Events/Flux)*Scale = 0.0000013312
----------------------------------------
--- Epsilon Calculation Details ---
Flux(N15) at 4.2190486071 GeV/n:   0.0331087165
Flux(Be7) at 4.2190486071 GeV/n: 0.0156958501
=> Flux Ratio (X/Y) from TF1:  2.1093930153
----------------------------------------
Acceptance Ratio (from combined hist): 0.0000386419
Acceptance Ratio (from global spline): 0.0000315724
----------------------------------------
FINAL Epsilon = Flux Ratio * Splined Acc Ratio
              = 2.1093930153 * 0.0000315724
              = 0.0000665986
/**************************************/




/********** DEBUGGING OUTPUT (BIN 13) **********/
Channel: N15 -> Be7, Detector: AGL
Energy (ek/n): 5.1408648843 GeV/n
----------------------------------------
--- Acceptance Calculation Details ---
Scale Factor (3.9^2 * Pi): 47.7836242611
Acc(Y): 
  Raw Events: 175113.0000000000 (from /eos/user/z/zixuan/Isotope/Add/Be7_w1_frag4.root)
  MC Flux:    239939948.5361670852
  => Calculated Acc(Y) = (Events/Flux)*Scale = 0.0348734500
Acc(XfragY): 
  Raw Events: 3.0000000000 (from /eos/user/z/zixuan/Isotope/Add/N15_w1_frag4.root)
  MC Flux:    208948365.5493661463
  => Calculated Acc(XfragY) = (Events/Flux)*Scale = 0.0000006861
----------------------------------------
--- Epsilon Calculation Details ---
Flux(N15) at 5.1408648843 GeV/n:   0.0216186832
Flux(Be7) at 5.1408648843 GeV/n: 0.0101604362
=> Flux Ratio (X/Y) from TF1:  2.1277317910
----------------------------------------
Acceptance Ratio (from combined hist): 0.0000196728
Acceptance Ratio (from global spline): 0.0000367257
----------------------------------------
FINAL Epsilon = Flux Ratio * Splined Acc Ratio
              = 2.1277317910 * 0.0000367257
              = 0.0000781425
/**************************************/




/********** DEBUGGING OUTPUT (BIN 14) **********/
Channel: N15 -> Be7, Detector: AGL
Energy (ek/n): 6.2049547931 GeV/n
----------------------------------------
--- Acceptance Calculation Details ---
Scale Factor (3.9^2 * Pi): 47.7836242611
Acc(Y): 
  Raw Events: 171690.0000000000 (from /eos/user/z/zixuan/Isotope/Add/Be7_w1_frag4.root)
  MC Flux:    233978417.8983906507
  => Calculated Acc(Y) = (Events/Flux)*Scale = 0.0350629367
Acc(XfragY): 
  Raw Events: 5.0000000000 (from /eos/user/z/zixuan/Isotope/Add/N15_w1_frag4.root)
  MC Flux:    203756849.5449020267
  => Calculated Acc(XfragY) = (Events/Flux)*Scale = 0.0000011726
----------------------------------------
--- Epsilon Calculation Details ---
Flux(N15) at 6.2049547931 GeV/n:   0.0141850453
Flux(Be7) at 6.2049547931 GeV/n: 0.0065735871
=> Flux Ratio (X/Y) from TF1:  2.1578850275
----------------------------------------
Acceptance Ratio (from combined hist): 0.0000334417
Acceptance Ratio (from global spline): 0.0000390045
----------------------------------------
FINAL Epsilon = Flux Ratio * Splined Acc Ratio
              = 2.1578850275 * 0.0000390045
              = 0.0000841673
/**************************************/




/********** DEBUGGING OUTPUT (BIN 15) **********/
Channel: N15 -> Be7, Detector: AGL
Energy (ek/n): 7.4457899798 GeV/n
----------------------------------------
--- Acceptance Calculation Details ---
Scale Factor (3.9^2 * Pi): 47.7836242611
Acc(Y): 
  Raw Events: 172562.0000000000 (from /eos/user/z/zixuan/Isotope/Add/Be7_w1_frag4.root)
  MC Flux:    233426100.6456375122
  => Calculated Acc(Y) = (Events/Flux)*Scale = 0.0353244035
Acc(XfragY): 
  Raw Events: 5.0000000000 (from /eos/user/z/zixuan/Isotope/Add/N15_w1_frag4.root)
  MC Flux:    203275871.7505346537
  => Calculated Acc(XfragY) = (Events/Flux)*Scale = 0.0000011753
----------------------------------------
--- Epsilon Calculation Details ---
Flux(N15) at 7.4457899798 GeV/n:   0.0091983207
Flux(Be7) at 7.4457899798 GeV/n: 0.0041984489
=> Flux Ratio (X/Y) from TF1:  2.1908854709
----------------------------------------
Acceptance Ratio (from combined hist): 0.0000332727
Acceptance Ratio (from global spline): 0.0000385545
----------------------------------------
FINAL Epsilon = Flux Ratio * Splined Acc Ratio
              = 2.1908854709 * 0.0000385545
              = 0.0000844686
/**************************************/




/********** DEBUGGING OUTPUT (BIN 16) **********/
Channel: N15 -> Be7, Detector: AGL
Energy (ek/n): 8.8880598677 GeV/n
----------------------------------------
--- Acceptance Calculation Details ---
Scale Factor (3.9^2 * Pi): 47.7836242611
Acc(Y): 
  Raw Events: 169439.0000000000 (from /eos/user/z/zixuan/Isotope/Add/Be7_w1_frag4.root)
  MC Flux:    228230070.7753229141
  => Calculated Acc(Y) = (Events/Flux)*Scale = 0.0354747711
Acc(XfragY): 
  Raw Events: 8.0000000000 (from /eos/user/z/zixuan/Isotope/Add/N15_w1_frag4.root)
  MC Flux:    198750981.4378894567
  => Calculated Acc(XfragY) = (Events/Flux)*Scale = 0.0000019234
----------------------------------------
--- Epsilon Calculation Details ---
Flux(N15) at 8.8880598677 GeV/n:   0.0059620302
Flux(Be7) at 8.8880598677 GeV/n: 0.0026831700
=> Flux Ratio (X/Y) from TF1:  2.2220098283
----------------------------------------
Acceptance Ratio (from combined hist): 0.0000542176
Acceptance Ratio (from global spline): 0.0000365843
----------------------------------------
FINAL Epsilon = Flux Ratio * Splined Acc Ratio
              = 2.2220098283 * 0.0000365843
              = 0.0000812907
/**************************************/




/********** DEBUGGING OUTPUT (BIN 17) **********/
Channel: N15 -> Be7, Detector: AGL
Energy (ek/n): 10.5565612202 GeV/n
----------------------------------------
--- Acceptance Calculation Details ---
Scale Factor (3.9^2 * Pi): 47.7836242611
Acc(Y): 
  Raw Events: 168209.0000000000 (from /eos/user/z/zixuan/Isotope/Add/Be7_w1_frag4.root)
  MC Flux:    226260788.0158911943
  => Calculated Acc(Y) = (Events/Flux)*Scale = 0.0355237676
Acc(XfragY): 
  Raw Events: 5.0000000000 (from /eos/user/z/zixuan/Isotope/Add/N15_w1_frag4.root)
  MC Flux:    197036058.9483326674
  => Calculated Acc(XfragY) = (Events/Flux)*Scale = 0.0000012126
----------------------------------------
--- Epsilon Calculation Details ---
Flux(N15) at 10.5565612202 GeV/n:   0.0038838111
Flux(Be7) at 10.5565612202 GeV/n: 0.0017198371
=> Flux Ratio (X/Y) from TF1:  2.2582435686
----------------------------------------
Acceptance Ratio (from combined hist): 0.0000341338
Acceptance Ratio (from global spline): 0.0000341571
----------------------------------------
FINAL Epsilon = Flux Ratio * Splined Acc Ratio
              = 2.2582435686 * 0.0000341571
              = 0.0000771351
/**************************************/




/********** DEBUGGING OUTPUT (BIN 18) **********/
Channel: N15 -> Be7, Detector: AGL
Energy (ek/n): 12.4760880858 GeV/n
----------------------------------------
--- Acceptance Calculation Details ---
Scale Factor (3.9^2 * Pi): 47.7836242611
Acc(Y): 
  Raw Events: 164345.0000000000 (from /eos/user/z/zixuan/Isotope/Add/Be7_w1_frag4.root)
  MC Flux:    220575822.9988104105
  => Calculated Acc(Y) = (Events/Flux)*Scale = 0.0356022687
Acc(XfragY): 
  Raw Events: 10.0000000000 (from /eos/user/z/zixuan/Isotope/Add/N15_w1_frag4.root)
  MC Flux:    192085386.2663915157
  => Calculated Acc(XfragY) = (Events/Flux)*Scale = 0.0000024876
----------------------------------------
--- Epsilon Calculation Details ---
Flux(N15) at 12.4760880858 GeV/n:   0.0025162837
Flux(Be7) at 12.4760880858 GeV/n: 0.0010918421
=> Flux Ratio (X/Y) from TF1:  2.3046222887
----------------------------------------
Acceptance Ratio (from combined hist): 0.0000698726
Acceptance Ratio (from global spline): 0.0000323418
----------------------------------------
FINAL Epsilon = Flux Ratio * Splined Acc Ratio
              = 2.3046222887 * 0.0000323418
              = 0.0000745356
/**************************************/




/********** DEBUGGING OUTPUT (BIN 19) **********/
Channel: N15 -> Be7, Detector: AGL
Energy (ek/n): 14.6714890086 GeV/n
----------------------------------------
--- Acceptance Calculation Details ---
Scale Factor (3.9^2 * Pi): 47.7836242611
Acc(Y): 
  Raw Events: 162178.0000000000 (from /eos/user/z/zixuan/Isotope/Add/Be7_w1_frag4.root)
  MC Flux:    217125696.1219029427
  => Calculated Acc(Y) = (Events/Flux)*Scale = 0.0356910893
Acc(XfragY): 
  Raw Events: 3.0000000000 (from /eos/user/z/zixuan/Isotope/Add/N15_w1_frag4.root)
  MC Flux:    189080891.2822679281
  => Calculated Acc(XfragY) = (Events/Flux)*Scale = 0.0000007581
----------------------------------------
--- Epsilon Calculation Details ---
Flux(N15) at 14.6714890086 GeV/n:   0.0016280305
Flux(Be7) at 14.6714890086 GeV/n: 0.0006930182
=> Flux Ratio (X/Y) from TF1:  2.3491886476
----------------------------------------
Acceptance Ratio (from combined hist): 0.0000212419
Acceptance Ratio (from global spline): 0.0000322895
----------------------------------------
FINAL Epsilon = Flux Ratio * Splined Acc Ratio
              = 2.3491886476 * 0.0000322895
              = 0.0000758541
/**************************************/




/********** DEBUGGING OUTPUT (BIN 20) **********/
Channel: N15 -> Be7, Detector: AGL
Energy (ek/n): 17.1925871018 GeV/n
----------------------------------------
--- Acceptance Calculation Details ---
Scale Factor (3.9^2 * Pi): 47.7836242611
Acc(Y): 
  Raw Events: 158976.0000000000 (from /eos/user/z/zixuan/Isotope/Add/Be7_w1_frag4.root)
  MC Flux:    214653477.5417041183
  => Calculated Acc(Y) = (Events/Flux)*Scale = 0.0353893612
Acc(XfragY): 
  Raw Events: 5.0000000000 (from /eos/user/z/zixuan/Isotope/Add/N15_w1_frag4.root)
  MC Flux:    186927994.1312733293
  => Calculated Acc(XfragY) = (Events/Flux)*Scale = 0.0000012781
----------------------------------------
--- Epsilon Calculation Details ---
Flux(N15) at 17.1925871018 GeV/n:   0.0010633025
Flux(Be7) at 17.1925871018 GeV/n: 0.0004449084
=> Flux Ratio (X/Y) from TF1:  2.3899356118
----------------------------------------
Acceptance Ratio (from combined hist): 0.0000361162
Acceptance Ratio (from global spline): 0.0000350020
----------------------------------------
FINAL Epsilon = Flux Ratio * Splined Acc Ratio
              = 2.3899356118 * 0.0000350020
              = 0.0000836525
/**************************************/




/********** DEBUGGING OUTPUT (BIN 21) **********/
Channel: N15 -> Be7, Detector: AGL
Energy (ek/n): 20.0892620167 GeV/n
----------------------------------------
--- Acceptance Calculation Details ---
Scale Factor (3.9^2 * Pi): 47.7836242611
Acc(Y): 
  Raw Events: 158013.0000000000 (from /eos/user/z/zixuan/Isotope/Add/Be7_w1_frag4.root)
  MC Flux:    212411676.0935651958
  => Calculated Acc(Y) = (Events/Flux)*Scale = 0.0355462278
Acc(XfragY): 
  Raw Events: 6.0000000000 (from /eos/user/z/zixuan/Isotope/Add/N15_w1_frag4.root)
  MC Flux:    184975752.5336045027
  => Calculated Acc(XfragY) = (Events/Flux)*Scale = 0.0000015499
----------------------------------------
--- Epsilon Calculation Details ---
Flux(N15) at 20.0892620167 GeV/n:   0.0006980497
Flux(Be7) at 20.0892620167 GeV/n: 0.0002857820
=> Flux Ratio (X/Y) from TF1:  2.4425948828
----------------------------------------
Acceptance Ratio (from combined hist): 0.0000436036
Acceptance Ratio (from global spline): 0.0000413920
----------------------------------------
FINAL Epsilon = Flux Ratio * Splined Acc Ratio
              = 2.4425948828 * 0.0000413920
              = 0.0001011038
/**************************************/


    INFO: Intermediate results saved to /eos/user/z/zixuan/Isotope/BkgEst/w1_results_N15_to_Be7.pdf

>>> Processing channel: O16 -> Be7...
 flux ratio at 1 GeV/n: 15.6996114082
  -- Detector: TOF --
  -- Detector: NaF --
  -- Detector: AGL --
****************************************
Minimizer is Minuit2 / Migrad
Chi2                      = 16.9045020907
NDf                       =            8
Edm                       = 0.0000000000
NCalls                    =          278
p0                        = 0.0002586576   +/-   0.0000237287
p1                        = 0.0000836965   +/-   0.0000155189
p2                        = 0.0000108874   +/-   0.0000295200
p3                        = 0.0000245695   +/-   0.0000134692
p4                        = 0.0000283067   +/-   0.0000109212
p5                        = 0.0000560894   +/-   0.0000129355
p6                        = 0.0002938797   +/-   0.0001235746
p7                        = 0.0003743125   +/-   0.0004567711
p8                        = -0.0011293192   +/-   0.0013781011


/********** DEBUGGING OUTPUT (BIN 3) **********/
Channel: O16 -> Be7, Detector: TOF
Energy (ek/n): 0.3368463841 GeV/n
----------------------------------------
--- Acceptance Calculation Details ---
Scale Factor (3.9^2 * Pi): 47.7836242611
Acc(Y): 
  Raw Events: 494864.0000000000 (from /eos/user/z/zixuan/Isotope/Add/Be7_w1_frag4.root)
  MC Flux:    345021812.9821585417
  => Calculated Acc(Y) = (Events/Flux)*Scale = 0.0685359434
Acc(XfragY): 
  Raw Events: 96.0000000000 (from /eos/user/z/zixuan/Isotope/Add/O16_w1_frag4.root)
  MC Flux:    230226895.2462744713
  => Calculated Acc(XfragY) = (Events/Flux)*Scale = 0.0000199248
----------------------------------------
--- Epsilon Calculation Details ---
Flux(O16) at 0.3368463841 GeV/n:   6.6924725674
Flux(Be7) at 0.3368463841 GeV/n: 0.3536732441
=> Flux Ratio (X/Y) from TF1:  18.9227561870
----------------------------------------
Acceptance Ratio (from combined hist): 0.0002907206
Acceptance Ratio (from global spline): 0.0002584639
----------------------------------------
FINAL Epsilon = Flux Ratio * Splined Acc Ratio
              = 18.9227561870 * 0.0002584639
              = 0.0048908496
/**************************************/




/********** DEBUGGING OUTPUT (BIN 4) **********/
Channel: O16 -> Be7, Detector: TOF
Energy (ek/n): 0.4968766615 GeV/n
----------------------------------------
--- Acceptance Calculation Details ---
Scale Factor (3.9^2 * Pi): 47.7836242611
Acc(Y): 
  Raw Events: 458416.0000000000 (from /eos/user/z/zixuan/Isotope/Add/Be7_w1_frag4.root)
  MC Flux:    320501305.4692116976
  => Calculated Acc(Y) = (Events/Flux)*Scale = 0.0683453625
Acc(XfragY): 
  Raw Events: 49.0000000000 (from /eos/user/z/zixuan/Isotope/Add/O16_w1_frag4.root)
  MC Flux:    213864798.4102097154
  => Calculated Acc(XfragY) = (Events/Flux)*Scale = 0.0000109480
----------------------------------------
--- Epsilon Calculation Details ---
Flux(O16) at 0.4968766615 GeV/n:   4.6507068433
Flux(Be7) at 0.4968766615 GeV/n: 0.2592288244
=> Flux Ratio (X/Y) from TF1:  17.9405467540
----------------------------------------
Acceptance Ratio (from combined hist): 0.0001601868
Acceptance Ratio (from global spline): 0.0001987055
----------------------------------------
FINAL Epsilon = Flux Ratio * Splined Acc Ratio
              = 17.9405467540 * 0.0001987055
              = 0.0035648857
/**************************************/




/********** DEBUGGING OUTPUT (BIN 5) **********/
Channel: O16 -> Be7, Detector: TOF
Energy (ek/n): 0.7045414310 GeV/n
----------------------------------------
--- Acceptance Calculation Details ---
Scale Factor (3.9^2 * Pi): 47.7836242611
Acc(Y): 
  Raw Events: 417703.0000000000 (from /eos/user/z/zixuan/Isotope/Add/Be7_w1_frag4.root)
  MC Flux:    306065998.0517216921
  => Calculated Acc(Y) = (Events/Flux)*Scale = 0.0652126121
Acc(XfragY): 
  Raw Events: 45.0000000000 (from /eos/user/z/zixuan/Isotope/Add/O16_w1_frag4.root)
  MC Flux:    204232375.5209761262
  => Calculated Acc(XfragY) = (Events/Flux)*Scale = 0.0000105285
----------------------------------------
--- Epsilon Calculation Details ---
Flux(O16) at 0.7045414310 GeV/n:   3.5331356129
Flux(Be7) at 0.7045414310 GeV/n: 0.2067725982
=> Flux Ratio (X/Y) from TF1:  17.0870591331
----------------------------------------
Acceptance Ratio (from combined hist): 0.0001614490
Acceptance Ratio (from global spline): 0.0001051346
----------------------------------------
FINAL Epsilon = Flux Ratio * Splined Acc Ratio
              = 17.0870591331 * 0.0001051346
              = 0.0017964412
/**************************************/




/********** DEBUGGING OUTPUT (BIN 6) **********/
Channel: O16 -> Be7, Detector: TOF
Energy (ek/n): 0.9672506104 GeV/n
----------------------------------------
--- Acceptance Calculation Details ---
Scale Factor (3.9^2 * Pi): 47.7836242611
Acc(Y): 
  Raw Events: 388254.0000000000 (from /eos/user/z/zixuan/Isotope/Add/Be7_w1_frag4.root)
  MC Flux:    292174832.1568561792
  => Calculated Acc(Y) = (Events/Flux)*Scale = 0.0634968560
Acc(XfragY): 
  Raw Events: 9.0000000000 (from /eos/user/z/zixuan/Isotope/Add/O16_w1_frag4.root)
  MC Flux:    194963048.5538398027
  => Calculated Acc(XfragY) = (Events/Flux)*Scale = 0.0000022058
----------------------------------------
--- Epsilon Calculation Details ---
Flux(O16) at 0.9672506104 GeV/n:   2.4868551191
Flux(Be7) at 0.9672506104 GeV/n: 0.1572294437
=> Flux Ratio (X/Y) from TF1:  15.8167265641
----------------------------------------
Acceptance Ratio (from combined hist): 0.0000347390
Acceptance Ratio (from global spline): 0.0000420518
----------------------------------------
FINAL Epsilon = Flux Ratio * Splined Acc Ratio
              = 15.8167265641 * 0.0000420518
              = 0.0006651221
/**************************************/




/********** DEBUGGING OUTPUT (BIN 7) **********/
Channel: O16 -> Be7, Detector: NaF
Energy (ek/n): 1.2922125341 GeV/n
----------------------------------------
--- Acceptance Calculation Details ---
Scale Factor (3.9^2 * Pi): 47.7836242611
Acc(Y): 
  Raw Events: 34958.0000000000 (from /eos/user/z/zixuan/Isotope/Add/Be7_w1_frag4.root)
  MC Flux:    282112356.6692785025
  => Calculated Acc(Y) = (Events/Flux)*Scale = 0.0059211158
Acc(XfragY): 
  Raw Events: 1.0000000000 (from /eos/user/z/zixuan/Isotope/Add/O16_w1_frag4.root)
  MC Flux:    188248538.3320857286
  => Calculated Acc(XfragY) = (Events/Flux)*Scale = 0.0000002538
----------------------------------------
--- Epsilon Calculation Details ---
Flux(O16) at 1.2922125341 GeV/n:   1.8122670363
Flux(Be7) at 1.2922125341 GeV/n: 0.1204732047
=> Flux Ratio (X/Y) from TF1:  15.0429055263
----------------------------------------
Acceptance Ratio (from combined hist): 0.0000428691
Acceptance Ratio (from global spline): 0.0000144476
----------------------------------------
FINAL Epsilon = Flux Ratio * Splined Acc Ratio
              = 15.0429055263 * 0.0000144476
              = 0.0002173336
/**************************************/




/********** DEBUGGING OUTPUT (BIN 8) **********/
Channel: O16 -> Be7, Detector: NaF
Energy (ek/n): 1.6909447265 GeV/n
----------------------------------------
--- Acceptance Calculation Details ---
Scale Factor (3.9^2 * Pi): 47.7836242611
Acc(Y): 
  Raw Events: 33923.0000000000 (from /eos/user/z/zixuan/Isotope/Add/Be7_w1_frag4.root)
  MC Flux:    276384994.4874068499
  => Calculated Acc(Y) = (Events/Flux)*Scale = 0.0058648766
Acc(XfragY): 
  Raw Events: 0.0000000000 (from /eos/user/z/zixuan/Isotope/Add/O16_w1_frag4.root)
  MC Flux:    184426771.8133660555
  => Calculated Acc(XfragY) = (Events/Flux)*Scale = 0.0000000000
----------------------------------------
--- Epsilon Calculation Details ---
Flux(O16) at 1.6909447265 GeV/n:   1.2520259574
Flux(Be7) at 1.6909447265 GeV/n: 0.0864547045
=> Flux Ratio (X/Y) from TF1:  14.4818719198
----------------------------------------
Acceptance Ratio (from combined hist): 0.0000000000
Acceptance Ratio (from global spline): 0.0000091804
----------------------------------------
FINAL Epsilon = Flux Ratio * Splined Acc Ratio
              = 14.4818719198 * 0.0000091804
              = 0.0001329495
/**************************************/




/********** DEBUGGING OUTPUT (BIN 9) **********/
Channel: O16 -> Be7, Detector: NaF
Energy (ek/n): 2.1727158116 GeV/n
----------------------------------------
--- Acceptance Calculation Details ---
Scale Factor (3.9^2 * Pi): 47.7836242611
Acc(Y): 
  Raw Events: 33318.0000000000 (from /eos/user/z/zixuan/Isotope/Add/Be7_w1_frag4.root)
  MC Flux:    267652105.6402227879
  => Calculated Acc(Y) = (Events/Flux)*Scale = 0.0059482244
Acc(XfragY): 
  Raw Events: 1.0000000000 (from /eos/user/z/zixuan/Isotope/Add/O16_w1_frag4.root)
  MC Flux:    178599471.0162364542
  => Calculated Acc(XfragY) = (Events/Flux)*Scale = 0.0000002675
----------------------------------------
--- Epsilon Calculation Details ---
Flux(O16) at 2.1727158116 GeV/n:   0.8526439760
Flux(Be7) at 2.1727158116 GeV/n: 0.0586915230
=> Flux Ratio (X/Y) from TF1:  14.5275490073
----------------------------------------
Acceptance Ratio (from combined hist): 0.0000449792
Acceptance Ratio (from global spline): 0.0000148424
----------------------------------------
FINAL Epsilon = Flux Ratio * Splined Acc Ratio
              = 14.5275490073 * 0.0000148424
              = 0.0002156242
/**************************************/




/********** DEBUGGING OUTPUT (BIN 10) **********/
Channel: O16 -> Be7, Detector: NaF
Energy (ek/n): 2.7468447478 GeV/n
----------------------------------------
--- Acceptance Calculation Details ---
Scale Factor (3.9^2 * Pi): 47.7836242611
Acc(Y): 
  Raw Events: 32609.0000000000 (from /eos/user/z/zixuan/Isotope/Add/Be7_w1_frag4.root)
  MC Flux:    261128463.4058905840
  => Calculated Acc(Y) = (Events/Flux)*Scale = 0.0059670868
Acc(XfragY): 
  Raw Events: 0.0000000000 (from /eos/user/z/zixuan/Isotope/Add/O16_w1_frag4.root)
  MC Flux:    174246361.0365336835
  => Calculated Acc(XfragY) = (Events/Flux)*Scale = 0.0000000000
----------------------------------------
--- Epsilon Calculation Details ---
Flux(O16) at 2.7468447478 GeV/n:   0.5708365720
Flux(Be7) at 2.7468447478 GeV/n: 0.0378400839
=> Flux Ratio (X/Y) from TF1:  15.0854996390
----------------------------------------
Acceptance Ratio (from combined hist): 0.0000000000
Acceptance Ratio (from global spline): 0.0000221075
----------------------------------------
FINAL Epsilon = Flux Ratio * Splined Acc Ratio
              = 15.0854996390 * 0.0000221075
              = 0.0003335025
/**************************************/




/********** DEBUGGING OUTPUT (BIN 11) **********/
Channel: O16 -> Be7, Detector: AGL
Energy (ek/n): 3.4250117177 GeV/n
----------------------------------------
--- Acceptance Calculation Details ---
Scale Factor (3.9^2 * Pi): 47.7836242611
Acc(Y): 
  Raw Events: 177986.0000000000 (from /eos/user/z/zixuan/Isotope/Add/Be7_w1_frag4.root)
  MC Flux:    253825574.8667445779
  => Calculated Acc(Y) = (Events/Flux)*Scale = 0.0335065375
Acc(XfragY): 
  Raw Events: 3.0000000000 (from /eos/user/z/zixuan/Isotope/Add/O16_w1_frag4.root)
  MC Flux:    169373273.9115057588
  => Calculated Acc(XfragY) = (Events/Flux)*Scale = 0.0000008464
----------------------------------------
--- Epsilon Calculation Details ---
Flux(O16) at 3.4250117177 GeV/n:   0.3862356563
Flux(Be7) at 3.4250117177 GeV/n: 0.0245380739
=> Flux Ratio (X/Y) from TF1:  15.7402596932
----------------------------------------
Acceptance Ratio (from combined hist): 0.0000252596
Acceptance Ratio (from global spline): 0.0000247752
----------------------------------------
FINAL Epsilon = Flux Ratio * Splined Acc Ratio
              = 15.7402596932 * 0.0000247752
              = 0.0003899685
/**************************************/




/********** DEBUGGING OUTPUT (BIN 12) **********/
Channel: O16 -> Be7, Detector: AGL
Energy (ek/n): 4.2190486071 GeV/n
----------------------------------------
--- Acceptance Calculation Details ---
Scale Factor (3.9^2 * Pi): 47.7836242611
Acc(Y): 
  Raw Events: 178302.0000000000 (from /eos/user/z/zixuan/Isotope/Add/Be7_w1_frag4.root)
  MC Flux:    247318427.0944597721
  => Calculated Acc(Y) = (Events/Flux)*Scale = 0.0344491750
Acc(XfragY): 
  Raw Events: 2.0000000000 (from /eos/user/z/zixuan/Isotope/Add/O16_w1_frag4.root)
  MC Flux:    165031170.3918091655
  => Calculated Acc(XfragY) = (Events/Flux)*Scale = 0.0000005791
----------------------------------------
--- Epsilon Calculation Details ---
Flux(O16) at 4.2190486071 GeV/n:   0.2576538960
Flux(Be7) at 4.2190486071 GeV/n: 0.0156958501
=> Flux Ratio (X/Y) from TF1:  16.4154151922
----------------------------------------
Acceptance Ratio (from combined hist): 0.0000168099
Acceptance Ratio (from global spline): 0.0000234835
----------------------------------------
FINAL Epsilon = Flux Ratio * Splined Acc Ratio
              = 16.4154151922 * 0.0000234835
              = 0.0003854921
/**************************************/




/********** DEBUGGING OUTPUT (BIN 13) **********/
Channel: O16 -> Be7, Detector: AGL
Energy (ek/n): 5.1408648843 GeV/n
----------------------------------------
--- Acceptance Calculation Details ---
Scale Factor (3.9^2 * Pi): 47.7836242611
Acc(Y): 
  Raw Events: 175113.0000000000 (from /eos/user/z/zixuan/Isotope/Add/Be7_w1_frag4.root)
  MC Flux:    239939948.5361670852
  => Calculated Acc(Y) = (Events/Flux)*Scale = 0.0348734500
Acc(XfragY): 
  Raw Events: 6.0000000000 (from /eos/user/z/zixuan/Isotope/Add/O16_w1_frag4.root)
  MC Flux:    160107643.3967067599
  => Calculated Acc(XfragY) = (Events/Flux)*Scale = 0.0000017907
----------------------------------------
--- Epsilon Calculation Details ---
Flux(O16) at 5.1408648843 GeV/n:   0.1730238460
Flux(Be7) at 5.1408648843 GeV/n: 0.0101604362
=> Flux Ratio (X/Y) from TF1:  17.0291749419
----------------------------------------
Acceptance Ratio (from combined hist): 0.0000513480
Acceptance Ratio (from global spline): 0.0000250360
----------------------------------------
FINAL Epsilon = Flux Ratio * Splined Acc Ratio
              = 17.0291749419 * 0.0000250360
              = 0.0004263424
/**************************************/




/********** DEBUGGING OUTPUT (BIN 14) **********/
Channel: O16 -> Be7, Detector: AGL
Energy (ek/n): 6.2049547931 GeV/n
----------------------------------------
--- Acceptance Calculation Details ---
Scale Factor (3.9^2 * Pi): 47.7836242611
Acc(Y): 
  Raw Events: 171690.0000000000 (from /eos/user/z/zixuan/Isotope/Add/Be7_w1_frag4.root)
  MC Flux:    233978417.8983906507
  => Calculated Acc(Y) = (Events/Flux)*Scale = 0.0350629367
Acc(XfragY): 
  Raw Events: 3.0000000000 (from /eos/user/z/zixuan/Isotope/Add/O16_w1_frag4.root)
  MC Flux:    156129620.4485698342
  => Calculated Acc(XfragY) = (Events/Flux)*Scale = 0.0000009182
----------------------------------------
--- Epsilon Calculation Details ---
Flux(O16) at 6.2049547931 GeV/n:   0.1164731154
Flux(Be7) at 6.2049547931 GeV/n: 0.0065735871
=> Flux Ratio (X/Y) from TF1:  17.7183496503
----------------------------------------
Acceptance Ratio (from combined hist): 0.0000261859
Acceptance Ratio (from global spline): 0.0000343870
----------------------------------------
FINAL Epsilon = Flux Ratio * Splined Acc Ratio
              = 17.7183496503 * 0.0000343870
              = 0.0006092817
/**************************************/




/********** DEBUGGING OUTPUT (BIN 15) **********/
Channel: O16 -> Be7, Detector: AGL
Energy (ek/n): 7.4457899798 GeV/n
----------------------------------------
--- Acceptance Calculation Details ---
Scale Factor (3.9^2 * Pi): 47.7836242611
Acc(Y): 
  Raw Events: 172562.0000000000 (from /eos/user/z/zixuan/Isotope/Add/Be7_w1_frag4.root)
  MC Flux:    233426100.6456375122
  => Calculated Acc(Y) = (Events/Flux)*Scale = 0.0353244035
Acc(XfragY): 
  Raw Events: 6.0000000000 (from /eos/user/z/zixuan/Isotope/Add/O16_w1_frag4.root)
  MC Flux:    155761069.0077397823
  => Calculated Acc(XfragY) = (Events/Flux)*Scale = 0.0000018407
----------------------------------------
--- Epsilon Calculation Details ---
Flux(O16) at 7.4457899798 GeV/n:   0.0777407330
Flux(Be7) at 7.4457899798 GeV/n: 0.0041984489
=> Flux Ratio (X/Y) from TF1:  18.5165366193
----------------------------------------
Acceptance Ratio (from combined hist): 0.0000521071
Acceptance Ratio (from global spline): 0.0000481589
----------------------------------------
FINAL Epsilon = Flux Ratio * Splined Acc Ratio
              = 18.5165366193 * 0.0000481589
              = 0.0008917353
/**************************************/




/********** DEBUGGING OUTPUT (BIN 16) **********/
Channel: O16 -> Be7, Detector: AGL
Energy (ek/n): 8.8880598677 GeV/n
----------------------------------------
--- Acceptance Calculation Details ---
Scale Factor (3.9^2 * Pi): 47.7836242611
Acc(Y): 
  Raw Events: 169439.0000000000 (from /eos/user/z/zixuan/Isotope/Add/Be7_w1_frag4.root)
  MC Flux:    228230070.7753229141
  => Calculated Acc(Y) = (Events/Flux)*Scale = 0.0354747711
Acc(XfragY): 
  Raw Events: 6.0000000000 (from /eos/user/z/zixuan/Isotope/Add/O16_w1_frag4.root)
  MC Flux:    152293851.0532875657
  => Calculated Acc(XfragY) = (Events/Flux)*Scale = 0.0000018826
----------------------------------------
--- Epsilon Calculation Details ---
Flux(O16) at 8.8880598677 GeV/n:   0.0519358949
Flux(Be7) at 8.8880598677 GeV/n: 0.0026831700
=> Flux Ratio (X/Y) from TF1:  19.3561697898
----------------------------------------
Acceptance Ratio (from combined hist): 0.0000530675
Acceptance Ratio (from global spline): 0.0000570287
----------------------------------------
FINAL Epsilon = Flux Ratio * Splined Acc Ratio
              = 19.3561697898 * 0.0000570287
              = 0.0011038577
/**************************************/




/********** DEBUGGING OUTPUT (BIN 17) **********/
Channel: O16 -> Be7, Detector: AGL
Energy (ek/n): 10.5565612202 GeV/n
----------------------------------------
--- Acceptance Calculation Details ---
Scale Factor (3.9^2 * Pi): 47.7836242611
Acc(Y): 
  Raw Events: 168209.0000000000 (from /eos/user/z/zixuan/Isotope/Add/Be7_w1_frag4.root)
  MC Flux:    226260788.0158911943
  => Calculated Acc(Y) = (Events/Flux)*Scale = 0.0355237676
Acc(XfragY): 
  Raw Events: 10.0000000000 (from /eos/user/z/zixuan/Isotope/Add/O16_w1_frag4.root)
  MC Flux:    150979783.8305597007
  => Calculated Acc(XfragY) = (Events/Flux)*Scale = 0.0000031649
----------------------------------------
--- Epsilon Calculation Details ---
Flux(O16) at 10.5565612202 GeV/n:   0.0349614922
Flux(Be7) at 10.5565612202 GeV/n: 0.0017198371
=> Flux Ratio (X/Y) from TF1:  20.3283741753
----------------------------------------
Acceptance Ratio (from combined hist): 0.0000890925
Acceptance Ratio (from global spline): 0.0000530842
----------------------------------------
FINAL Epsilon = Flux Ratio * Splined Acc Ratio
              = 20.3283741753 * 0.0000530842
              = 0.0010791150
/**************************************/




/********** DEBUGGING OUTPUT (BIN 18) **********/
Channel: O16 -> Be7, Detector: AGL
Energy (ek/n): 12.4760880858 GeV/n
----------------------------------------
--- Acceptance Calculation Details ---
Scale Factor (3.9^2 * Pi): 47.7836242611
Acc(Y): 
  Raw Events: 164345.0000000000 (from /eos/user/z/zixuan/Isotope/Add/Be7_w1_frag4.root)
  MC Flux:    220575822.9988104105
  => Calculated Acc(Y) = (Events/Flux)*Scale = 0.0356022687
Acc(XfragY): 
  Raw Events: 3.0000000000 (from /eos/user/z/zixuan/Isotope/Add/O16_w1_frag4.root)
  MC Flux:    147186308.1828798652
  => Calculated Acc(XfragY) = (Events/Flux)*Scale = 0.0000009739
----------------------------------------
--- Epsilon Calculation Details ---
Flux(O16) at 12.4760880858 GeV/n:   0.0235684059
Flux(Be7) at 12.4760880858 GeV/n: 0.0010918421
=> Flux Ratio (X/Y) from TF1:  21.5859102829
----------------------------------------
Acceptance Ratio (from combined hist): 0.0000273562
Acceptance Ratio (from global spline): 0.0000375081
----------------------------------------
FINAL Epsilon = Flux Ratio * Splined Acc Ratio
              = 21.5859102829 * 0.0000375081
              = 0.0008096459
/**************************************/




/********** DEBUGGING OUTPUT (BIN 19) **********/
Channel: O16 -> Be7, Detector: AGL
Energy (ek/n): 14.6714890086 GeV/n
----------------------------------------
--- Acceptance Calculation Details ---
Scale Factor (3.9^2 * Pi): 47.7836242611
Acc(Y): 
  Raw Events: 162178.0000000000 (from /eos/user/z/zixuan/Isotope/Add/Be7_w1_frag4.root)
  MC Flux:    217125696.1219029427
  => Calculated Acc(Y) = (Events/Flux)*Scale = 0.0356910893
Acc(XfragY): 
  Raw Events: 2.0000000000 (from /eos/user/z/zixuan/Isotope/Add/O16_w1_frag4.root)
  MC Flux:    144884100.1218572259
  => Calculated Acc(XfragY) = (Events/Flux)*Scale = 0.0000006596
----------------------------------------
--- Epsilon Calculation Details ---
Flux(O16) at 14.6714890086 GeV/n:   0.0158845292
Flux(Be7) at 14.6714890086 GeV/n: 0.0006930182
=> Flux Ratio (X/Y) from TF1:  22.9207961070
----------------------------------------
Acceptance Ratio (from combined hist): 0.0000184811
Acceptance Ratio (from global spline): 0.0000233383
----------------------------------------
FINAL Epsilon = Flux Ratio * Splined Acc Ratio
              = 22.9207961070 * 0.0000233383
              = 0.0005349319
/**************************************/




/********** DEBUGGING OUTPUT (BIN 20) **********/
Channel: O16 -> Be7, Detector: AGL
Energy (ek/n): 17.1925871018 GeV/n
----------------------------------------
--- Acceptance Calculation Details ---
Scale Factor (3.9^2 * Pi): 47.7836242611
Acc(Y): 
  Raw Events: 158976.0000000000 (from /eos/user/z/zixuan/Isotope/Add/Be7_w1_frag4.root)
  MC Flux:    214653477.5417041183
  => Calculated Acc(Y) = (Events/Flux)*Scale = 0.0353893612
Acc(XfragY): 
  Raw Events: 5.0000000000 (from /eos/user/z/zixuan/Isotope/Add/O16_w1_frag4.root)
  MC Flux:    143234432.8061309457
  => Calculated Acc(XfragY) = (Events/Flux)*Scale = 0.0000016680
----------------------------------------
--- Epsilon Calculation Details ---
Flux(O16) at 17.1925871018 GeV/n:   0.0107820293
Flux(Be7) at 17.1925871018 GeV/n: 0.0004449084
=> Flux Ratio (X/Y) from TF1:  24.2342666676
----------------------------------------
Acceptance Ratio (from combined hist): 0.0000471334
Acceptance Ratio (from global spline): 0.0000225569
----------------------------------------
FINAL Epsilon = Flux Ratio * Splined Acc Ratio
              = 24.2342666676 * 0.0000225569
              = 0.0005466492
/**************************************/




/********** DEBUGGING OUTPUT (BIN 21) **********/
Channel: O16 -> Be7, Detector: AGL
Energy (ek/n): 20.0892620167 GeV/n
----------------------------------------
--- Acceptance Calculation Details ---
Scale Factor (3.9^2 * Pi): 47.7836242611
Acc(Y): 
  Raw Events: 158013.0000000000 (from /eos/user/z/zixuan/Isotope/Add/Be7_w1_frag4.root)
  MC Flux:    212411676.0935651958
  => Calculated Acc(Y) = (Events/Flux)*Scale = 0.0355462278
Acc(XfragY): 
  Raw Events: 4.0000000000 (from /eos/user/z/zixuan/Isotope/Add/O16_w1_frag4.root)
  MC Flux:    141738518.7284019887
  => Calculated Acc(XfragY) = (Events/Flux)*Scale = 0.0000013485
----------------------------------------
--- Epsilon Calculation Details ---
Flux(O16) at 20.0892620167 GeV/n:   0.0073694219
Flux(Be7) at 20.0892620167 GeV/n: 0.0002857820
=> Flux Ratio (X/Y) from TF1:  25.7868627479
----------------------------------------
Acceptance Ratio (from combined hist): 0.0000379365
Acceptance Ratio (from global spline): 0.0000458292
----------------------------------------
FINAL Epsilon = Flux Ratio * Splined Acc Ratio
              = 25.7868627479 * 0.0000458292
              = 0.0011817909
/**************************************/


    INFO: Intermediate results saved to /eos/user/z/zixuan/Isotope/BkgEst/w1_results_O16_to_Be7.pdf

>>> Processing channel: Be10 -> Be9...
 flux ratio at 1 GeV/n: 0.3333333333
  -- Detector: TOF --
  -- Detector: NaF --
  -- Detector: AGL --
****************************************
Minimizer is Minuit2 / Migrad
Chi2                      = 28.4494132071
NDf                       =           10
Edm                       = 0.0000000000
NCalls                    =          279
p0                        = 0.0222375494   +/-   0.0002106998
p1                        = 0.0236116221   +/-   0.0002089168
p2                        = 0.0213481075   +/-   0.0004432537
p3                        = 0.0171593897   +/-   0.0002868499
p4                        = 0.0147982713   +/-   0.0001994939
p5                        = 0.0092753457   +/-   0.0001536621
p6                        = 0.0038688147   +/-   0.0013256291
p7                        = 0.0030169785   +/-   0.0047255274
p8                        = -0.0091023733   +/-   0.0142571417


/********** DEBUGGING OUTPUT (BIN 3) **********/
Channel: Be10 -> Be9, Detector: TOF
Energy (ek/n): 0.3368463841 GeV/n
----------------------------------------
--- Acceptance Calculation Details ---
Scale Factor (3.9^2 * Pi): 47.7836242611
Acc(Y): 
  Raw Events: 382931.0000000000 (from /eos/user/z/zixuan/Isotope/Add/Be9_w1_frag4.root)
  MC Flux:    278918108.6146725416
  => Calculated Acc(Y) = (Events/Flux)*Scale = 0.0656028793
Acc(XfragY): 
  Raw Events: 9043.0000000000 (from /eos/user/z/zixuan/Isotope/Add/Be10_w1_frag4.root)
  MC Flux:    295849721.8877415657
  => Calculated Acc(XfragY) = (Events/Flux)*Scale = 0.0014605635
----------------------------------------
--- Epsilon Calculation Details ---
Flux(Be10) at 0.3368463841 GeV/n:   0.0589455407
Flux(Be9) at 0.3368463841 GeV/n: 0.1768366220
=> Flux Ratio (X/Y) from TF1:  0.3333333333
----------------------------------------
Acceptance Ratio (from combined hist): 0.0222637108
Acceptance Ratio (from global spline): 0.0222402414
----------------------------------------
FINAL Epsilon = Flux Ratio * Splined Acc Ratio
              = 0.3333333333 * 0.0222402414
              = 0.0074134138
/**************************************/




/********** DEBUGGING OUTPUT (BIN 4) **********/
Channel: Be10 -> Be9, Detector: TOF
Energy (ek/n): 0.4968766615 GeV/n
----------------------------------------
--- Acceptance Calculation Details ---
Scale Factor (3.9^2 * Pi): 47.7836242611
Acc(Y): 
  Raw Events: 349750.0000000000 (from /eos/user/z/zixuan/Isotope/Add/Be9_w1_frag4.root)
  MC Flux:    259095554.4443463683
  => Calculated Acc(Y) = (Events/Flux)*Scale = 0.0645025447
Acc(XfragY): 
  Raw Events: 8465.0000000000 (from /eos/user/z/zixuan/Isotope/Add/Be10_w1_frag4.root)
  MC Flux:    274823847.4204167128
  => Calculated Acc(XfragY) = (Events/Flux)*Scale = 0.0014718096
----------------------------------------
--- Epsilon Calculation Details ---
Flux(Be10) at 0.4968766615 GeV/n:   0.0432048041
Flux(Be9) at 0.4968766615 GeV/n: 0.1296144122
=> Flux Ratio (X/Y) from TF1:  0.3333333333
----------------------------------------
Acceptance Ratio (from combined hist): 0.0228178534
Acceptance Ratio (from global spline): 0.0229548059
----------------------------------------
FINAL Epsilon = Flux Ratio * Splined Acc Ratio
              = 0.3333333333 * 0.0229548059
              = 0.0076516020
/**************************************/




/********** DEBUGGING OUTPUT (BIN 5) **********/
Channel: Be10 -> Be9, Detector: TOF
Energy (ek/n): 0.7045414310 GeV/n
----------------------------------------
--- Acceptance Calculation Details ---
Scale Factor (3.9^2 * Pi): 47.7836242611
Acc(Y): 
  Raw Events: 318096.0000000000 (from /eos/user/z/zixuan/Isotope/Add/Be9_w1_frag4.root)
  MC Flux:    247425948.3769590259
  => Calculated Acc(Y) = (Events/Flux)*Scale = 0.0614316317
Acc(XfragY): 
  Raw Events: 8025.0000000000 (from /eos/user/z/zixuan/Isotope/Add/Be10_w1_frag4.root)
  MC Flux:    262445842.5403333902
  => Calculated Acc(XfragY) = (Events/Flux)*Scale = 0.0014611151
----------------------------------------
--- Epsilon Calculation Details ---
Flux(Be10) at 0.7045414310 GeV/n:   0.0344620997
Flux(Be9) at 0.7045414310 GeV/n: 0.1033862991
=> Flux Ratio (X/Y) from TF1:  0.3333333333
----------------------------------------
Acceptance Ratio (from combined hist): 0.0237844098
Acceptance Ratio (from global spline): 0.0236149113
----------------------------------------
FINAL Epsilon = Flux Ratio * Splined Acc Ratio
              = 0.3333333333 * 0.0236149113
              = 0.0078716371
/**************************************/




/********** DEBUGGING OUTPUT (BIN 6) **********/
Channel: Be10 -> Be9, Detector: TOF
Energy (ek/n): 0.9672506104 GeV/n
----------------------------------------
--- Acceptance Calculation Details ---
Scale Factor (3.9^2 * Pi): 47.7836242611
Acc(Y): 
  Raw Events: 295175.0000000000 (from /eos/user/z/zixuan/Isotope/Add/Be9_w1_frag4.root)
  MC Flux:    236196230.2198379636
  => Calculated Acc(Y) = (Events/Flux)*Scale = 0.0597153108
Acc(XfragY): 
  Raw Events: 7209.0000000000 (from /eos/user/z/zixuan/Isotope/Add/Be10_w1_frag4.root)
  MC Flux:    250534428.7918208241
  => Calculated Acc(XfragY) = (Events/Flux)*Scale = 0.0013749493
----------------------------------------
--- Epsilon Calculation Details ---
Flux(Be10) at 0.9672506104 GeV/n:   0.0262049073
Flux(Be9) at 0.9672506104 GeV/n: 0.0786147219
=> Flux Ratio (X/Y) from TF1:  0.3333333333
----------------------------------------
Acceptance Ratio (from combined hist): 0.0230250722
Acceptance Ratio (from global spline): 0.0231305486
----------------------------------------
FINAL Epsilon = Flux Ratio * Splined Acc Ratio
              = 0.3333333333 * 0.0231305486
              = 0.0077101829
/**************************************/




/********** DEBUGGING OUTPUT (BIN 7) **********/
Channel: Be10 -> Be9, Detector: NaF
Energy (ek/n): 1.2922125341 GeV/n
----------------------------------------
--- Acceptance Calculation Details ---
Scale Factor (3.9^2 * Pi): 47.7836242611
Acc(Y): 
  Raw Events: 26966.0000000000 (from /eos/user/z/zixuan/Isotope/Add/Be9_w1_frag4.root)
  MC Flux:    228061652.8529227674
  => Calculated Acc(Y) = (Events/Flux)*Scale = 0.0056499337
Acc(XfragY): 
  Raw Events: 615.0000000000 (from /eos/user/z/zixuan/Isotope/Add/Be10_w1_frag4.root)
  MC Flux:    241906045.1288549304
  => Calculated Acc(XfragY) = (Events/Flux)*Scale = 0.0001214808
----------------------------------------
--- Epsilon Calculation Details ---
Flux(Be10) at 1.2922125341 GeV/n:   0.0200788674
Flux(Be9) at 1.2922125341 GeV/n: 0.0602366023
=> Flux Ratio (X/Y) from TF1:  0.3333333333
----------------------------------------
Acceptance Ratio (from combined hist): 0.0215012709
Acceptance Ratio (from global spline): 0.0218242813
----------------------------------------
FINAL Epsilon = Flux Ratio * Splined Acc Ratio
              = 0.3333333333 * 0.0218242813
              = 0.0072747604
/**************************************/




/********** DEBUGGING OUTPUT (BIN 8) **********/
Channel: Be10 -> Be9, Detector: NaF
Energy (ek/n): 1.6909447265 GeV/n
----------------------------------------
--- Acceptance Calculation Details ---
Scale Factor (3.9^2 * Pi): 47.7836242611
Acc(Y): 
  Raw Events: 26095.0000000000 (from /eos/user/z/zixuan/Isotope/Add/Be9_w1_frag4.root)
  MC Flux:    223431612.1800988913
  => Calculated Acc(Y) = (Events/Flux)*Scale = 0.0055807397
Acc(XfragY): 
  Raw Events: 597.0000000000 (from /eos/user/z/zixuan/Isotope/Add/Be10_w1_frag4.root)
  MC Flux:    236994939.6714595854
  => Calculated Acc(XfragY) = (Events/Flux)*Scale = 0.0001203689
----------------------------------------
--- Epsilon Calculation Details ---
Flux(Be10) at 1.6909447265 GeV/n:   0.0144091174
Flux(Be9) at 1.6909447265 GeV/n: 0.0432273523
=> Flux Ratio (X/Y) from TF1:  0.3333333333
----------------------------------------
Acceptance Ratio (from combined hist): 0.0215686308
Acceptance Ratio (from global spline): 0.0203179297
----------------------------------------
FINAL Epsilon = Flux Ratio * Splined Acc Ratio
              = 0.3333333333 * 0.0203179297
              = 0.0067726432
/**************************************/




/********** DEBUGGING OUTPUT (BIN 9) **********/
Channel: Be10 -> Be9, Detector: NaF
Energy (ek/n): 2.1727158116 GeV/n
----------------------------------------
--- Acceptance Calculation Details ---
Scale Factor (3.9^2 * Pi): 47.7836242611
Acc(Y): 
  Raw Events: 25442.0000000000 (from /eos/user/z/zixuan/Isotope/Add/Be9_w1_frag4.root)
  MC Flux:    216371882.1910135448
  => Calculated Acc(Y) = (Events/Flux)*Scale = 0.0056186181
Acc(XfragY): 
  Raw Events: 494.0000000000 (from /eos/user/z/zixuan/Isotope/Add/Be10_w1_frag4.root)
  MC Flux:    229506651.5705285668
  => Calculated Acc(XfragY) = (Events/Flux)*Scale = 0.0001028515
----------------------------------------
--- Epsilon Calculation Details ---
Flux(Be10) at 2.1727158116 GeV/n:   0.0097819205
Flux(Be9) at 2.1727158116 GeV/n: 0.0293457615
=> Flux Ratio (X/Y) from TF1:  0.3333333333
----------------------------------------
Acceptance Ratio (from combined hist): 0.0183054853
Acceptance Ratio (from global spline): 0.0189115416
----------------------------------------
FINAL Epsilon = Flux Ratio * Splined Acc Ratio
              = 0.3333333333 * 0.0189115416
              = 0.0063038472
/**************************************/




/********** DEBUGGING OUTPUT (BIN 10) **********/
Channel: Be10 -> Be9, Detector: NaF
Energy (ek/n): 2.7468447478 GeV/n
----------------------------------------
--- Acceptance Calculation Details ---
Scale Factor (3.9^2 * Pi): 47.7836242611
Acc(Y): 
  Raw Events: 25567.0000000000 (from /eos/user/z/zixuan/Isotope/Add/Be9_w1_frag4.root)
  MC Flux:    211098123.0116979182
  => Calculated Acc(Y) = (Events/Flux)*Scale = 0.0057872799
Acc(XfragY): 
  Raw Events: 468.0000000000 (from /eos/user/z/zixuan/Isotope/Add/Be10_w1_frag4.root)
  MC Flux:    223912750.9297534227
  => Calculated Acc(XfragY) = (Events/Flux)*Scale = 0.0000998725
----------------------------------------
--- Epsilon Calculation Details ---
Flux(Be10) at 2.7468447478 GeV/n:   0.0063066806
Flux(Be9) at 2.7468447478 GeV/n: 0.0189200419
=> Flux Ratio (X/Y) from TF1:  0.3333333333
----------------------------------------
Acceptance Ratio (from combined hist): 0.0172572515
Acceptance Ratio (from global spline): 0.0177390576
----------------------------------------
FINAL Epsilon = Flux Ratio * Splined Acc Ratio
              = 0.3333333333 * 0.0177390576
              = 0.0059130192
/**************************************/




/********** DEBUGGING OUTPUT (BIN 11) **********/
Channel: Be10 -> Be9, Detector: AGL
Energy (ek/n): 3.4250117177 GeV/n
----------------------------------------
--- Acceptance Calculation Details ---
Scale Factor (3.9^2 * Pi): 47.7836242611
Acc(Y): 
  Raw Events: 135199.0000000000 (from /eos/user/z/zixuan/Isotope/Add/Be9_w1_frag4.root)
  MC Flux:    205194415.5296795666
  => Calculated Acc(Y) = (Events/Flux)*Scale = 0.0314837916
Acc(XfragY): 
  Raw Events: 2544.0000000000 (from /eos/user/z/zixuan/Isotope/Add/Be10_w1_frag4.root)
  MC Flux:    217650661.2241520286
  => Calculated Acc(XfragY) = (Events/Flux)*Scale = 0.0005585168
----------------------------------------
--- Epsilon Calculation Details ---
Flux(Be10) at 3.4250117177 GeV/n:   0.0040896790
Flux(Be9) at 3.4250117177 GeV/n: 0.0122690370
=> Flux Ratio (X/Y) from TF1:  0.3333333333
----------------------------------------
Acceptance Ratio (from combined hist): 0.0177398186
Acceptance Ratio (from global spline): 0.0168764134
----------------------------------------
FINAL Epsilon = Flux Ratio * Splined Acc Ratio
              = 0.3333333333 * 0.0168764134
              = 0.0056254711
/**************************************/




/********** DEBUGGING OUTPUT (BIN 12) **********/
Channel: Be10 -> Be9, Detector: AGL
Energy (ek/n): 4.2190486071 GeV/n
----------------------------------------
--- Acceptance Calculation Details ---
Scale Factor (3.9^2 * Pi): 47.7836242611
Acc(Y): 
  Raw Events: 137071.0000000000 (from /eos/user/z/zixuan/Isotope/Add/Be9_w1_frag4.root)
  MC Flux:    199933990.5918053389
  => Calculated Acc(Y) = (Events/Flux)*Scale = 0.0327595580
Acc(XfragY): 
  Raw Events: 2241.0000000000 (from /eos/user/z/zixuan/Isotope/Add/Be10_w1_frag4.root)
  MC Flux:    212070904.2746616006
  => Calculated Acc(XfragY) = (Events/Flux)*Scale = 0.0005049401
----------------------------------------
--- Epsilon Calculation Details ---
Flux(Be10) at 4.2190486071 GeV/n:   0.0026159750
Flux(Be9) at 4.2190486071 GeV/n: 0.0078479250
=> Flux Ratio (X/Y) from TF1:  0.3333333333
----------------------------------------
Acceptance Ratio (from combined hist): 0.0154135197
Acceptance Ratio (from global spline): 0.0161869600
----------------------------------------
FINAL Epsilon = Flux Ratio * Splined Acc Ratio
              = 0.3333333333 * 0.0161869600
              = 0.0053956533
/**************************************/




/********** DEBUGGING OUTPUT (BIN 13) **********/
Channel: Be10 -> Be9, Detector: AGL
Energy (ek/n): 5.1408648843 GeV/n
----------------------------------------
--- Acceptance Calculation Details ---
Scale Factor (3.9^2 * Pi): 47.7836242611
Acc(Y): 
  Raw Events: 134671.0000000000 (from /eos/user/z/zixuan/Isotope/Add/Be9_w1_frag4.root)
  MC Flux:    193969175.5960669219
  => Calculated Acc(Y) = (Events/Flux)*Scale = 0.0331757272
Acc(XfragY): 
  Raw Events: 2170.0000000000 (from /eos/user/z/zixuan/Isotope/Add/Be10_w1_frag4.root)
  MC Flux:    205743997.5479314327
  => Calculated Acc(XfragY) = (Events/Flux)*Scale = 0.0005039781
----------------------------------------
--- Epsilon Calculation Details ---
Flux(Be10) at 5.1408648843 GeV/n:   0.0016934060
Flux(Be9) at 5.1408648843 GeV/n: 0.0050802181
=> Flux Ratio (X/Y) from TF1:  0.3333333333
----------------------------------------
Acceptance Ratio (from combined hist): 0.0151911690
Acceptance Ratio (from global spline): 0.0153319457
----------------------------------------
FINAL Epsilon = Flux Ratio * Splined Acc Ratio
              = 0.3333333333 * 0.0153319457
              = 0.0051106486
/**************************************/




/********** DEBUGGING OUTPUT (BIN 14) **********/
Channel: Be10 -> Be9, Detector: AGL
Energy (ek/n): 6.2049547931 GeV/n
----------------------------------------
--- Acceptance Calculation Details ---
Scale Factor (3.9^2 * Pi): 47.7836242611
Acc(Y): 
  Raw Events: 132272.0000000000 (from /eos/user/z/zixuan/Isotope/Add/Be9_w1_frag4.root)
  MC Flux:    189149831.4636916816
  => Calculated Acc(Y) = (Events/Flux)*Scale = 0.0334149679
Acc(XfragY): 
  Raw Events: 1969.0000000000 (from /eos/user/z/zixuan/Isotope/Add/Be10_w1_frag4.root)
  MC Flux:    200632097.0394767523
  => Calculated Acc(XfragY) = (Events/Flux)*Scale = 0.0004689477
----------------------------------------
--- Epsilon Calculation Details ---
Flux(Be10) at 6.2049547931 GeV/n:   0.0010955979
Flux(Be9) at 6.2049547931 GeV/n: 0.0032867936
=> Flux Ratio (X/Y) from TF1:  0.3333333333
----------------------------------------
Acceptance Ratio (from combined hist): 0.0140340604
Acceptance Ratio (from global spline): 0.0140615155
----------------------------------------
FINAL Epsilon = Flux Ratio * Splined Acc Ratio
              = 0.3333333333 * 0.0140615155
              = 0.0046871718
/**************************************/




/********** DEBUGGING OUTPUT (BIN 15) **********/
Channel: Be10 -> Be9, Detector: AGL
Energy (ek/n): 7.4457899798 GeV/n
----------------------------------------
--- Acceptance Calculation Details ---
Scale Factor (3.9^2 * Pi): 47.7836242611
Acc(Y): 
  Raw Events: 133290.0000000000 (from /eos/user/z/zixuan/Isotope/Add/Be9_w1_frag4.root)
  MC Flux:    188703334.2345405221
  => Calculated Acc(Y) = (Events/Flux)*Scale = 0.0337518110
Acc(XfragY): 
  Raw Events: 1834.0000000000 (from /eos/user/z/zixuan/Isotope/Add/Be10_w1_frag4.root)
  MC Flux:    200158495.3729373217
  => Calculated Acc(XfragY) = (Events/Flux)*Scale = 0.0004378289
----------------------------------------
--- Epsilon Calculation Details ---
Flux(Be10) at 7.4457899798 GeV/n:   0.0006997415
Flux(Be9) at 7.4457899798 GeV/n: 0.0020992245
=> Flux Ratio (X/Y) from TF1:  0.3333333333
----------------------------------------
Acceptance Ratio (from combined hist): 0.0129720110
Acceptance Ratio (from global spline): 0.0123896294
----------------------------------------
FINAL Epsilon = Flux Ratio * Splined Acc Ratio
              = 0.3333333333 * 0.0123896294
              = 0.0041298765
/**************************************/




/********** DEBUGGING OUTPUT (BIN 16) **********/
Channel: Be10 -> Be9, Detector: AGL
Energy (ek/n): 8.8880598677 GeV/n
----------------------------------------
--- Acceptance Calculation Details ---
Scale Factor (3.9^2 * Pi): 47.7836242611
Acc(Y): 
  Raw Events: 130937.0000000000 (from /eos/user/z/zixuan/Isotope/Add/Be9_w1_frag4.root)
  MC Flux:    184502826.4138700962
  => Calculated Acc(Y) = (Events/Flux)*Scale = 0.0339108323
Acc(XfragY): 
  Raw Events: 1507.0000000000 (from /eos/user/z/zixuan/Isotope/Add/Be10_w1_frag4.root)
  MC Flux:    195702997.3892996907
  => Calculated Acc(XfragY) = (Events/Flux)*Scale = 0.0003679551
----------------------------------------
--- Epsilon Calculation Details ---
Flux(Be10) at 8.8880598677 GeV/n:   0.0004471950
Flux(Be9) at 8.8880598677 GeV/n: 0.0013415850
=> Flux Ratio (X/Y) from TF1:  0.3333333333
----------------------------------------
Acceptance Ratio (from combined hist): 0.0108506664
Acceptance Ratio (from global spline): 0.0105385330
----------------------------------------
FINAL Epsilon = Flux Ratio * Splined Acc Ratio
              = 0.3333333333 * 0.0105385330
              = 0.0035128443
/**************************************/




/********** DEBUGGING OUTPUT (BIN 17) **********/
Channel: Be10 -> Be9, Detector: AGL
Energy (ek/n): 10.5565612202 GeV/n
----------------------------------------
--- Acceptance Calculation Details ---
Scale Factor (3.9^2 * Pi): 47.7836242611
Acc(Y): 
  Raw Events: 129171.0000000000 (from /eos/user/z/zixuan/Isotope/Add/Be9_w1_frag4.root)
  MC Flux:    182910844.1045760810
  => Calculated Acc(Y) = (Events/Flux)*Scale = 0.0337446288
Acc(XfragY): 
  Raw Events: 1192.0000000000 (from /eos/user/z/zixuan/Isotope/Add/Be10_w1_frag4.root)
  MC Flux:    194014374.4246807396
  => Calculated Acc(XfragY) = (Events/Flux)*Scale = 0.0002935766
----------------------------------------
--- Epsilon Calculation Details ---
Flux(Be10) at 10.5565612202 GeV/n:   0.0002866395
Flux(Be9) at 10.5565612202 GeV/n: 0.0008599186
=> Flux Ratio (X/Y) from TF1:  0.3333333333
----------------------------------------
Acceptance Ratio (from combined hist): 0.0086999505
Acceptance Ratio (from global spline): 0.0087046150
----------------------------------------
FINAL Epsilon = Flux Ratio * Splined Acc Ratio
              = 0.3333333333 * 0.0087046150
              = 0.0029015383
/**************************************/




/********** DEBUGGING OUTPUT (BIN 18) **********/
Channel: Be10 -> Be9, Detector: AGL
Energy (ek/n): 12.4760880858 GeV/n
----------------------------------------
--- Acceptance Calculation Details ---
Scale Factor (3.9^2 * Pi): 47.7836242611
Acc(Y): 
  Raw Events: 126415.0000000000 (from /eos/user/z/zixuan/Isotope/Add/Be9_w1_frag4.root)
  MC Flux:    178315077.6039031446
  => Calculated Acc(Y) = (Events/Flux)*Scale = 0.0338758054
Acc(XfragY): 
  Raw Events: 876.0000000000 (from /eos/user/z/zixuan/Isotope/Add/Be10_w1_frag4.root)
  MC Flux:    189139623.7394772768
  => Calculated Acc(XfragY) = (Events/Flux)*Scale = 0.0002213098
----------------------------------------
--- Epsilon Calculation Details ---
Flux(Be10) at 12.4760880858 GeV/n:   0.0001819737
Flux(Be9) at 12.4760880858 GeV/n: 0.0005459211
=> Flux Ratio (X/Y) from TF1:  0.3333333333
----------------------------------------
Acceptance Ratio (from combined hist): 0.0065329757
Acceptance Ratio (from global spline): 0.0070320351
----------------------------------------
FINAL Epsilon = Flux Ratio * Splined Acc Ratio
              = 0.3333333333 * 0.0070320351
              = 0.0023440117
/**************************************/




/********** DEBUGGING OUTPUT (BIN 19) **********/
Channel: Be10 -> Be9, Detector: AGL
Energy (ek/n): 14.6714890086 GeV/n
----------------------------------------
--- Acceptance Calculation Details ---
Scale Factor (3.9^2 * Pi): 47.7836242611
Acc(Y): 
  Raw Events: 125142.0000000000 (from /eos/user/z/zixuan/Isotope/Add/Be9_w1_frag4.root)
  MC Flux:    175525970.2872669697
  => Calculated Acc(Y) = (Events/Flux)*Scale = 0.0340675417
Acc(XfragY): 
  Raw Events: 758.0000000000 (from /eos/user/z/zixuan/Isotope/Add/Be10_w1_frag4.root)
  MC Flux:    186181204.7682591677
  => Calculated Acc(XfragY) = (Events/Flux)*Scale = 0.0001945416
----------------------------------------
--- Epsilon Calculation Details ---
Flux(Be10) at 14.6714890086 GeV/n:   0.0001155030
Flux(Be9) at 14.6714890086 GeV/n: 0.0003465091
=> Flux Ratio (X/Y) from TF1:  0.3333333333
----------------------------------------
Acceptance Ratio (from combined hist): 0.0057104674
Acceptance Ratio (from global spline): 0.0056060136
----------------------------------------
FINAL Epsilon = Flux Ratio * Splined Acc Ratio
              = 0.3333333333 * 0.0056060136
              = 0.0018686712
/**************************************/




/********** DEBUGGING OUTPUT (BIN 20) **********/
Channel: Be10 -> Be9, Detector: AGL
Energy (ek/n): 17.1925871018 GeV/n
----------------------------------------
--- Acceptance Calculation Details ---
Scale Factor (3.9^2 * Pi): 47.7836242611
Acc(Y): 
  Raw Events: 123528.0000000000 (from /eos/user/z/zixuan/Isotope/Add/Be9_w1_frag4.root)
  MC Flux:    173527411.0526752770
  => Calculated Acc(Y) = (Events/Flux)*Scale = 0.0340154648
Acc(XfragY): 
  Raw Events: 629.0000000000 (from /eos/user/z/zixuan/Isotope/Add/Be10_w1_frag4.root)
  MC Flux:    184061323.7871823311
  => Calculated Acc(XfragY) = (Events/Flux)*Scale = 0.0001632929
----------------------------------------
--- Epsilon Calculation Details ---
Flux(Be10) at 17.1925871018 GeV/n:   0.0000741514
Flux(Be9) at 17.1925871018 GeV/n: 0.0002224542
=> Flux Ratio (X/Y) from TF1:  0.3333333333
----------------------------------------
Acceptance Ratio (from combined hist): 0.0048005476
Acceptance Ratio (from global spline): 0.0044832778
----------------------------------------
FINAL Epsilon = Flux Ratio * Splined Acc Ratio
              = 0.3333333333 * 0.0044832778
              = 0.0014944259
/**************************************/




/********** DEBUGGING OUTPUT (BIN 21) **********/
Channel: Be10 -> Be9, Detector: AGL
Energy (ek/n): 20.0892620167 GeV/n
----------------------------------------
--- Acceptance Calculation Details ---
Scale Factor (3.9^2 * Pi): 47.7836242611
Acc(Y): 
  Raw Events: 122129.0000000000 (from /eos/user/z/zixuan/Isotope/Add/Be9_w1_frag4.root)
  MC Flux:    171715122.6805283427
  => Calculated Acc(Y) = (Events/Flux)*Scale = 0.0339851619
Acc(XfragY): 
  Raw Events: 470.0000000000 (from /eos/user/z/zixuan/Isotope/Add/Be10_w1_frag4.root)
  MC Flux:    182139021.1674528420
  => Calculated Acc(XfragY) = (Events/Flux)*Scale = 0.0001233031
----------------------------------------
--- Epsilon Calculation Details ---
Flux(Be10) at 20.0892620167 GeV/n:   0.0000476303
Flux(Be9) at 20.0892620167 GeV/n: 0.0001428910
=> Flux Ratio (X/Y) from TF1:  0.3333333333
----------------------------------------
Acceptance Ratio (from combined hist): 0.0036281447
Acceptance Ratio (from global spline): 0.0037226073
----------------------------------------
FINAL Epsilon = Flux Ratio * Splined Acc Ratio
              = 0.3333333333 * 0.0037226073
              = 0.0012408691
/**************************************/


    INFO: Intermediate results saved to /eos/user/z/zixuan/Isotope/BkgEst/w1_results_Be10_to_Be9.pdf

>>> Processing channel: B10 -> Be9...
 flux ratio at 1 GeV/n: 3.0826454773
  -- Detector: TOF --
  -- Detector: NaF --
  -- Detector: AGL --
****************************************
Minimizer is Minuit2 / Migrad
Chi2                      = 24.1911711346
NDf                       =           10
Edm                       = 0.0000002709
NCalls                    =          279
p0                        = 0.0020967612   +/-   0.0000661459
p1                        = 0.0018505973   +/-   0.0000612629
p2                        = 0.0016968456   +/-   0.0001287486
p3                        = 0.0010769188   +/-   0.0000784089
p4                        = 0.0012541276   +/-   0.0000605167
p5                        = 0.0010667986   +/-   0.0000524988
p6                        = 0.0013052238   +/-   0.0004676246
p7                        = 0.0015825083   +/-   0.0016785322
p8                        = -0.0047745059   +/-   0.0050642158


/********** DEBUGGING OUTPUT (BIN 3) **********/
Channel: B10 -> Be9, Detector: TOF
Energy (ek/n): 0.3368463841 GeV/n
----------------------------------------
--- Acceptance Calculation Details ---
Scale Factor (3.9^2 * Pi): 47.7836242611
Acc(Y): 
  Raw Events: 382931.0000000000 (from /eos/user/z/zixuan/Isotope/Add/Be9_w1_frag4.root)
  MC Flux:    278918108.6146725416
  => Calculated Acc(Y) = (Events/Flux)*Scale = 0.0656028793
Acc(XfragY): 
  Raw Events: 774.0000000000 (from /eos/user/z/zixuan/Isotope/Add/B10_w1_frag4.root)
  MC Flux:    270316773.4687929153
  => Calculated Acc(XfragY) = (Events/Flux)*Scale = 0.0001368192
----------------------------------------
--- Epsilon Calculation Details ---
Flux(B10) at 0.3368463841 GeV/n:   0.6241543378
Flux(Be9) at 0.3368463841 GeV/n: 0.1768366220
=> Flux Ratio (X/Y) from TF1:  3.5295536108
----------------------------------------
Acceptance Ratio (from combined hist): 0.0020855670
Acceptance Ratio (from global spline): 0.0020964440
----------------------------------------
FINAL Epsilon = Flux Ratio * Splined Acc Ratio
              = 3.5295536108 * 0.0020964440
              = 0.0073995114
/**************************************/




/********** DEBUGGING OUTPUT (BIN 4) **********/
Channel: B10 -> Be9, Detector: TOF
Energy (ek/n): 0.4968766615 GeV/n
----------------------------------------
--- Acceptance Calculation Details ---
Scale Factor (3.9^2 * Pi): 47.7836242611
Acc(Y): 
  Raw Events: 349750.0000000000 (from /eos/user/z/zixuan/Isotope/Add/Be9_w1_frag4.root)
  MC Flux:    259095554.4443463683
  => Calculated Acc(Y) = (Events/Flux)*Scale = 0.0645025447
Acc(XfragY): 
  Raw Events: 685.0000000000 (from /eos/user/z/zixuan/Isotope/Add/B10_w1_frag4.root)
  MC Flux:    251105511.3824158311
  => Calculated Acc(XfragY) = (Events/Flux)*Scale = 0.0001303507
----------------------------------------
--- Epsilon Calculation Details ---
Flux(B10) at 0.4968766615 GeV/n:   0.4380937273
Flux(Be9) at 0.4968766615 GeV/n: 0.1296144122
=> Flux Ratio (X/Y) from TF1:  3.3799769633
----------------------------------------
Acceptance Ratio (from combined hist): 0.0020208616
Acceptance Ratio (from global spline): 0.0020030002
----------------------------------------
FINAL Epsilon = Flux Ratio * Splined Acc Ratio
              = 3.3799769633 * 0.0020030002
              = 0.0067700946
/**************************************/




/********** DEBUGGING OUTPUT (BIN 5) **********/
Channel: B10 -> Be9, Detector: TOF
Energy (ek/n): 0.7045414310 GeV/n
----------------------------------------
--- Acceptance Calculation Details ---
Scale Factor (3.9^2 * Pi): 47.7836242611
Acc(Y): 
  Raw Events: 318096.0000000000 (from /eos/user/z/zixuan/Isotope/Add/Be9_w1_frag4.root)
  MC Flux:    247425948.3769590259
  => Calculated Acc(Y) = (Events/Flux)*Scale = 0.0614316317
Acc(XfragY): 
  Raw Events: 585.0000000000 (from /eos/user/z/zixuan/Isotope/Add/B10_w1_frag4.root)
  MC Flux:    239795775.0750258863
  => Calculated Acc(XfragY) = (Events/Flux)*Scale = 0.0001165718
----------------------------------------
--- Epsilon Calculation Details ---
Flux(B10) at 0.7045414310 GeV/n:   0.3373285052
Flux(Be9) at 0.7045414310 GeV/n: 0.1033862991
=> Flux Ratio (X/Y) from TF1:  3.2627969869
----------------------------------------
Acceptance Ratio (from combined hist): 0.0018975856
Acceptance Ratio (from global spline): 0.0018742045
----------------------------------------
FINAL Epsilon = Flux Ratio * Splined Acc Ratio
              = 3.2627969869 * 0.0018742045
              = 0.0061151488
/**************************************/




/********** DEBUGGING OUTPUT (BIN 6) **********/
Channel: B10 -> Be9, Detector: TOF
Energy (ek/n): 0.9672506104 GeV/n
----------------------------------------
--- Acceptance Calculation Details ---
Scale Factor (3.9^2 * Pi): 47.7836242611
Acc(Y): 
  Raw Events: 295175.0000000000 (from /eos/user/z/zixuan/Isotope/Add/Be9_w1_frag4.root)
  MC Flux:    236196230.2198379636
  => Calculated Acc(Y) = (Events/Flux)*Scale = 0.0597153108
Acc(XfragY): 
  Raw Events: 510.0000000000 (from /eos/user/z/zixuan/Isotope/Add/B10_w1_frag4.root)
  MC Flux:    228912361.3222438693
  => Calculated Acc(XfragY) = (Events/Flux)*Scale = 0.0001064584
----------------------------------------
--- Epsilon Calculation Details ---
Flux(B10) at 0.9672506104 GeV/n:   0.2436031774
Flux(Be9) at 0.9672506104 GeV/n: 0.0786147219
=> Flux Ratio (X/Y) from TF1:  3.0986966776
----------------------------------------
Acceptance Ratio (from combined hist): 0.0017827659
Acceptance Ratio (from global spline): 0.0018143159
----------------------------------------
FINAL Epsilon = Flux Ratio * Splined Acc Ratio
              = 3.0986966776 * 0.0018143159
              = 0.0056220145
/**************************************/




/********** DEBUGGING OUTPUT (BIN 7) **********/
Channel: B10 -> Be9, Detector: NaF
Energy (ek/n): 1.2922125341 GeV/n
----------------------------------------
--- Acceptance Calculation Details ---
Scale Factor (3.9^2 * Pi): 47.7836242611
Acc(Y): 
  Raw Events: 26966.0000000000 (from /eos/user/z/zixuan/Isotope/Add/Be9_w1_frag4.root)
  MC Flux:    228061652.8529227674
  => Calculated Acc(Y) = (Events/Flux)*Scale = 0.0056499337
Acc(XfragY): 
  Raw Events: 48.0000000000 (from /eos/user/z/zixuan/Isotope/Add/B10_w1_frag4.root)
  MC Flux:    221028639.7586697340
  => Calculated Acc(XfragY) = (Events/Flux)*Scale = 0.0000103770
----------------------------------------
--- Epsilon Calculation Details ---
Flux(B10) at 1.2922125341 GeV/n:   0.1795368388
Flux(Be9) at 1.2922125341 GeV/n: 0.0602366023
=> Flux Ratio (X/Y) from TF1:  2.9805273173
----------------------------------------
Acceptance Ratio (from combined hist): 0.0018366585
Acceptance Ratio (from global spline): 0.0017421642
----------------------------------------
FINAL Epsilon = Flux Ratio * Splined Acc Ratio
              = 2.9805273173 * 0.0017421642
              = 0.0051925681
/**************************************/




/********** DEBUGGING OUTPUT (BIN 8) **********/
Channel: B10 -> Be9, Detector: NaF
Energy (ek/n): 1.6909447265 GeV/n
----------------------------------------
--- Acceptance Calculation Details ---
Scale Factor (3.9^2 * Pi): 47.7836242611
Acc(Y): 
  Raw Events: 26095.0000000000 (from /eos/user/z/zixuan/Isotope/Add/Be9_w1_frag4.root)
  MC Flux:    223431612.1800988913
  => Calculated Acc(Y) = (Events/Flux)*Scale = 0.0055807397
Acc(XfragY): 
  Raw Events: 44.0000000000 (from /eos/user/z/zixuan/Isotope/Add/B10_w1_frag4.root)
  MC Flux:    216541381.2514206767
  => Calculated Acc(XfragY) = (Events/Flux)*Scale = 0.0000097094
----------------------------------------
--- Epsilon Calculation Details ---
Flux(B10) at 1.6909447265 GeV/n:   0.1233111412
Flux(Be9) at 1.6909447265 GeV/n: 0.0432273523
=> Flux Ratio (X/Y) from TF1:  2.8526184179
----------------------------------------
Acceptance Ratio (from combined hist): 0.0017397991
Acceptance Ratio (from global spline): 0.0015552473
----------------------------------------
FINAL Epsilon = Flux Ratio * Splined Acc Ratio
              = 2.8526184179 * 0.0015552473
              = 0.0044365271
/**************************************/




/********** DEBUGGING OUTPUT (BIN 9) **********/
Channel: B10 -> Be9, Detector: NaF
Energy (ek/n): 2.1727158116 GeV/n
----------------------------------------
--- Acceptance Calculation Details ---
Scale Factor (3.9^2 * Pi): 47.7836242611
Acc(Y): 
  Raw Events: 25442.0000000000 (from /eos/user/z/zixuan/Isotope/Add/Be9_w1_frag4.root)
  MC Flux:    216371882.1910135448
  => Calculated Acc(Y) = (Events/Flux)*Scale = 0.0056186181
Acc(XfragY): 
  Raw Events: 29.0000000000 (from /eos/user/z/zixuan/Isotope/Add/B10_w1_frag4.root)
  MC Flux:    209699360.6967535913
  => Calculated Acc(XfragY) = (Events/Flux)*Scale = 0.0000066082
----------------------------------------
--- Epsilon Calculation Details ---
Flux(B10) at 2.1727158116 GeV/n:   0.0806510040
Flux(Be9) at 2.1727158116 GeV/n: 0.0293457615
=> Flux Ratio (X/Y) from TF1:  2.7483016252
----------------------------------------
Acceptance Ratio (from combined hist): 0.0011761168
Acceptance Ratio (from global spline): 0.0013144828
----------------------------------------
FINAL Epsilon = Flux Ratio * Splined Acc Ratio
              = 2.7483016252 * 0.0013144828
              = 0.0036125953
/**************************************/




/********** DEBUGGING OUTPUT (BIN 10) **********/
Channel: B10 -> Be9, Detector: NaF
Energy (ek/n): 2.7468447478 GeV/n
----------------------------------------
--- Acceptance Calculation Details ---
Scale Factor (3.9^2 * Pi): 47.7836242611
Acc(Y): 
  Raw Events: 25567.0000000000 (from /eos/user/z/zixuan/Isotope/Add/Be9_w1_frag4.root)
  MC Flux:    211098123.0116979182
  => Calculated Acc(Y) = (Events/Flux)*Scale = 0.0057872799
Acc(XfragY): 
  Raw Events: 26.0000000000 (from /eos/user/z/zixuan/Isotope/Add/B10_w1_frag4.root)
  MC Flux:    204588234.8093575835
  => Calculated Acc(XfragY) = (Events/Flux)*Scale = 0.0000060726
----------------------------------------
--- Epsilon Calculation Details ---
Flux(B10) at 2.7468447478 GeV/n:   0.0507246965
Flux(Be9) at 2.7468447478 GeV/n: 0.0189200419
=> Flux Ratio (X/Y) from TF1:  2.6810033828
----------------------------------------
Acceptance Ratio (from combined hist): 0.0010492943
Acceptance Ratio (from global spline): 0.0011300628
----------------------------------------
FINAL Epsilon = Flux Ratio * Splined Acc Ratio
              = 2.6810033828 * 0.0011300628
              = 0.0030297021
/**************************************/




/********** DEBUGGING OUTPUT (BIN 11) **********/
Channel: B10 -> Be9, Detector: AGL
Energy (ek/n): 3.4250117177 GeV/n
----------------------------------------
--- Acceptance Calculation Details ---
Scale Factor (3.9^2 * Pi): 47.7836242611
Acc(Y): 
  Raw Events: 135199.0000000000 (from /eos/user/z/zixuan/Isotope/Add/Be9_w1_frag4.root)
  MC Flux:    205194415.5296795666
  => Calculated Acc(Y) = (Events/Flux)*Scale = 0.0314837916
Acc(XfragY): 
  Raw Events: 160.0000000000 (from /eos/user/z/zixuan/Isotope/Add/B10_w1_frag4.root)
  MC Flux:    198866587.0971700847
  => Calculated Acc(XfragY) = (Events/Flux)*Scale = 0.0000384448
----------------------------------------
--- Epsilon Calculation Details ---
Flux(B10) at 3.4250117177 GeV/n:   0.0324351391
Flux(Be9) at 3.4250117177 GeV/n: 0.0122690370
=> Flux Ratio (X/Y) from TF1:  2.6436581129
----------------------------------------
Acceptance Ratio (from combined hist): 0.0012210972
Acceptance Ratio (from global spline): 0.0010737260
----------------------------------------
FINAL Epsilon = Flux Ratio * Splined Acc Ratio
              = 2.6436581129 * 0.0010737260
              = 0.0028385646
/**************************************/




/********** DEBUGGING OUTPUT (BIN 12) **********/
Channel: B10 -> Be9, Detector: AGL
Energy (ek/n): 4.2190486071 GeV/n
----------------------------------------
--- Acceptance Calculation Details ---
Scale Factor (3.9^2 * Pi): 47.7836242611
Acc(Y): 
  Raw Events: 137071.0000000000 (from /eos/user/z/zixuan/Isotope/Add/Be9_w1_frag4.root)
  MC Flux:    199933990.5918053389
  => Calculated Acc(Y) = (Events/Flux)*Scale = 0.0327595580
Acc(XfragY): 
  Raw Events: 139.0000000000 (from /eos/user/z/zixuan/Isotope/Add/B10_w1_frag4.root)
  MC Flux:    193768384.2470802963
  => Calculated Acc(XfragY) = (Events/Flux)*Scale = 0.0000342776
----------------------------------------
--- Epsilon Calculation Details ---
Flux(B10) at 4.2190486071 GeV/n:   0.0205233631
Flux(Be9) at 4.2190486071 GeV/n: 0.0078479250
=> Flux Ratio (X/Y) from TF1:  2.6151324003
----------------------------------------
Acceptance Ratio (from combined hist): 0.0010463403
Acceptance Ratio (from global spline): 0.0011336870
----------------------------------------
FINAL Epsilon = Flux Ratio * Splined Acc Ratio
              = 2.6151324003 * 0.0011336870
              = 0.0029647416
/**************************************/




/********** DEBUGGING OUTPUT (BIN 13) **********/
Channel: B10 -> Be9, Detector: AGL
Energy (ek/n): 5.1408648843 GeV/n
----------------------------------------
--- Acceptance Calculation Details ---
Scale Factor (3.9^2 * Pi): 47.7836242611
Acc(Y): 
  Raw Events: 134671.0000000000 (from /eos/user/z/zixuan/Isotope/Add/Be9_w1_frag4.root)
  MC Flux:    193969175.5960669219
  => Calculated Acc(Y) = (Events/Flux)*Scale = 0.0331757272
Acc(XfragY): 
  Raw Events: 143.0000000000 (from /eos/user/z/zixuan/Isotope/Add/B10_w1_frag4.root)
  MC Flux:    187987513.4675004482
  => Calculated Acc(XfragY) = (Events/Flux)*Scale = 0.0000363485
----------------------------------------
--- Epsilon Calculation Details ---
Flux(B10) at 5.1408648843 GeV/n:   0.0131383666
Flux(Be9) at 5.1408648843 GeV/n: 0.0050802181
=> Flux Ratio (X/Y) from TF1:  2.5861816036
----------------------------------------
Acceptance Ratio (from combined hist): 0.0010956344
Acceptance Ratio (from global spline): 0.0012227238
----------------------------------------
FINAL Epsilon = Flux Ratio * Splined Acc Ratio
              = 2.5861816036 * 0.0012227238
              = 0.0031621858
/**************************************/




/********** DEBUGGING OUTPUT (BIN 14) **********/
Channel: B10 -> Be9, Detector: AGL
Energy (ek/n): 6.2049547931 GeV/n
----------------------------------------
--- Acceptance Calculation Details ---
Scale Factor (3.9^2 * Pi): 47.7836242611
Acc(Y): 
  Raw Events: 132272.0000000000 (from /eos/user/z/zixuan/Isotope/Add/Be9_w1_frag4.root)
  MC Flux:    189149831.4636916816
  => Calculated Acc(Y) = (Events/Flux)*Scale = 0.0334149679
Acc(XfragY): 
  Raw Events: 161.0000000000 (from /eos/user/z/zixuan/Isotope/Add/B10_w1_frag4.root)
  MC Flux:    183316789.2804981470
  => Calculated Acc(XfragY) = (Events/Flux)*Scale = 0.0000419665
----------------------------------------
--- Epsilon Calculation Details ---
Flux(B10) at 6.2049547931 GeV/n:   0.0083626295
Flux(Be9) at 6.2049547931 GeV/n: 0.0032867936
=> Flux Ratio (X/Y) from TF1:  2.5443123566
----------------------------------------
Acceptance Ratio (from combined hist): 0.0012559191
Acceptance Ratio (from global spline): 0.0012730621
----------------------------------------
FINAL Epsilon = Flux Ratio * Splined Acc Ratio
              = 2.5443123566 * 0.0012730621
              = 0.0032390676
/**************************************/




/********** DEBUGGING OUTPUT (BIN 15) **********/
Channel: B10 -> Be9, Detector: AGL
Energy (ek/n): 7.4457899798 GeV/n
----------------------------------------
--- Acceptance Calculation Details ---
Scale Factor (3.9^2 * Pi): 47.7836242611
Acc(Y): 
  Raw Events: 133290.0000000000 (from /eos/user/z/zixuan/Isotope/Add/Be9_w1_frag4.root)
  MC Flux:    188703334.2345405221
  => Calculated Acc(Y) = (Events/Flux)*Scale = 0.0337518110
Acc(XfragY): 
  Raw Events: 212.0000000000 (from /eos/user/z/zixuan/Isotope/Add/B10_w1_frag4.root)
  MC Flux:    182884061.2265676260
  => Calculated Acc(XfragY) = (Events/Flux)*Scale = 0.0000553910
----------------------------------------
--- Epsilon Calculation Details ---
Flux(B10) at 7.4457899798 GeV/n:   0.0052771538
Flux(Be9) at 7.4457899798 GeV/n: 0.0020992245
=> Flux Ratio (X/Y) from TF1:  2.5138587742
----------------------------------------
Acceptance Ratio (from combined hist): 0.0016411263
Acceptance Ratio (from global spline): 0.0012563639
----------------------------------------
FINAL Epsilon = Flux Ratio * Splined Acc Ratio
              = 2.5138587742 * 0.0012563639
              = 0.0031583215
/**************************************/




/********** DEBUGGING OUTPUT (BIN 16) **********/
Channel: B10 -> Be9, Detector: AGL
Energy (ek/n): 8.8880598677 GeV/n
----------------------------------------
--- Acceptance Calculation Details ---
Scale Factor (3.9^2 * Pi): 47.7836242611
Acc(Y): 
  Raw Events: 130937.0000000000 (from /eos/user/z/zixuan/Isotope/Add/Be9_w1_frag4.root)
  MC Flux:    184502826.4138700962
  => Calculated Acc(Y) = (Events/Flux)*Scale = 0.0339108323
Acc(XfragY): 
  Raw Events: 152.0000000000 (from /eos/user/z/zixuan/Isotope/Add/B10_w1_frag4.root)
  MC Flux:    178813089.5472681522
  => Calculated Acc(XfragY) = (Events/Flux)*Scale = 0.0000406185
----------------------------------------
--- Epsilon Calculation Details ---
Flux(B10) at 8.8880598677 GeV/n:   0.0033462747
Flux(Be9) at 8.8880598677 GeV/n: 0.0013415850
=> Flux Ratio (X/Y) from TF1:  2.4942696094
----------------------------------------
Acceptance Ratio (from combined hist): 0.0011978017
Acceptance Ratio (from global spline): 0.0011686105
----------------------------------------
FINAL Epsilon = Flux Ratio * Splined Acc Ratio
              = 2.4942696094 * 0.0011686105
              = 0.0029148296
/**************************************/




/********** DEBUGGING OUTPUT (BIN 17) **********/
Channel: B10 -> Be9, Detector: AGL
Energy (ek/n): 10.5565612202 GeV/n
----------------------------------------
--- Acceptance Calculation Details ---
Scale Factor (3.9^2 * Pi): 47.7836242611
Acc(Y): 
  Raw Events: 129171.0000000000 (from /eos/user/z/zixuan/Isotope/Add/Be9_w1_frag4.root)
  MC Flux:    182910844.1045760810
  => Calculated Acc(Y) = (Events/Flux)*Scale = 0.0337446288
Acc(XfragY): 
  Raw Events: 103.0000000000 (from /eos/user/z/zixuan/Isotope/Add/B10_w1_frag4.root)
  MC Flux:    177270201.1223996878
  => Calculated Acc(XfragY) = (Events/Flux)*Scale = 0.0000277639
----------------------------------------
--- Epsilon Calculation Details ---
Flux(B10) at 10.5565612202 GeV/n:   0.0021112245
Flux(Be9) at 10.5565612202 GeV/n: 0.0008599186
=> Flux Ratio (X/Y) from TF1:  2.4551447552
----------------------------------------
Acceptance Ratio (from combined hist): 0.0008227652
Acceptance Ratio (from global spline): 0.0010079440
----------------------------------------
FINAL Epsilon = Flux Ratio * Splined Acc Ratio
              = 2.4551447552 * 0.0010079440
              = 0.0024746483
/**************************************/




/********** DEBUGGING OUTPUT (BIN 18) **********/
Channel: B10 -> Be9, Detector: AGL
Energy (ek/n): 12.4760880858 GeV/n
----------------------------------------
--- Acceptance Calculation Details ---
Scale Factor (3.9^2 * Pi): 47.7836242611
Acc(Y): 
  Raw Events: 126415.0000000000 (from /eos/user/z/zixuan/Isotope/Add/Be9_w1_frag4.root)
  MC Flux:    178315077.6039031446
  => Calculated Acc(Y) = (Events/Flux)*Scale = 0.0338758054
Acc(XfragY): 
  Raw Events: 102.0000000000 (from /eos/user/z/zixuan/Isotope/Add/B10_w1_frag4.root)
  MC Flux:    172816159.8331908286
  => Calculated Acc(XfragY) = (Events/Flux)*Scale = 0.0000282030
----------------------------------------
--- Epsilon Calculation Details ---
Flux(B10) at 12.4760880858 GeV/n:   0.0013225396
Flux(Be9) at 12.4760880858 GeV/n: 0.0005459211
=> Flux Ratio (X/Y) from TF1:  2.4225839019
----------------------------------------
Acceptance Ratio (from combined hist): 0.0008325403
Acceptance Ratio (from global spline): 0.0007993038
----------------------------------------
FINAL Epsilon = Flux Ratio * Splined Acc Ratio
              = 2.4225839019 * 0.0007993038
              = 0.0019363804
/**************************************/




/********** DEBUGGING OUTPUT (BIN 19) **********/
Channel: B10 -> Be9, Detector: AGL
Energy (ek/n): 14.6714890086 GeV/n
----------------------------------------
--- Acceptance Calculation Details ---
Scale Factor (3.9^2 * Pi): 47.7836242611
Acc(Y): 
  Raw Events: 125142.0000000000 (from /eos/user/z/zixuan/Isotope/Add/Be9_w1_frag4.root)
  MC Flux:    175525970.2872669697
  => Calculated Acc(Y) = (Events/Flux)*Scale = 0.0340675417
Acc(XfragY): 
  Raw Events: 79.0000000000 (from /eos/user/z/zixuan/Isotope/Add/B10_w1_frag4.root)
  MC Flux:    170113063.5930935740
  => Calculated Acc(XfragY) = (Events/Flux)*Scale = 0.0000221906
----------------------------------------
--- Epsilon Calculation Details ---
Flux(B10) at 14.6714890086 GeV/n:   0.0008377115
Flux(Be9) at 14.6714890086 GeV/n: 0.0003465091
=> Flux Ratio (X/Y) from TF1:  2.4175743187
----------------------------------------
Acceptance Ratio (from combined hist): 0.0006513699
Acceptance Ratio (from global spline): 0.0006039403
----------------------------------------
FINAL Epsilon = Flux Ratio * Splined Acc Ratio
              = 2.4175743187 * 0.0006039403
              = 0.0014600706
/**************************************/




/********** DEBUGGING OUTPUT (BIN 20) **********/
Channel: B10 -> Be9, Detector: AGL
Energy (ek/n): 17.1925871018 GeV/n
----------------------------------------
--- Acceptance Calculation Details ---
Scale Factor (3.9^2 * Pi): 47.7836242611
Acc(Y): 
  Raw Events: 123528.0000000000 (from /eos/user/z/zixuan/Isotope/Add/Be9_w1_frag4.root)
  MC Flux:    173527411.0526752770
  => Calculated Acc(Y) = (Events/Flux)*Scale = 0.0340154648
Acc(XfragY): 
  Raw Events: 57.0000000000 (from /eos/user/z/zixuan/Isotope/Add/B10_w1_frag4.root)
  MC Flux:    168176136.3474429846
  => Calculated Acc(XfragY) = (Events/Flux)*Scale = 0.0000161953
----------------------------------------
--- Epsilon Calculation Details ---
Flux(B10) at 17.1925871018 GeV/n:   0.0005369536
Flux(Be9) at 17.1925871018 GeV/n: 0.0002224542
=> Flux Ratio (X/Y) from TF1:  2.4137711654
----------------------------------------
Acceptance Ratio (from combined hist): 0.0004761164
Acceptance Ratio (from global spline): 0.0004755600
----------------------------------------
FINAL Epsilon = Flux Ratio * Splined Acc Ratio
              = 2.4137711654 * 0.0004755600
              = 0.0011478931
/**************************************/




/********** DEBUGGING OUTPUT (BIN 21) **********/
Channel: B10 -> Be9, Detector: AGL
Energy (ek/n): 20.0892620167 GeV/n
----------------------------------------
--- Acceptance Calculation Details ---
Scale Factor (3.9^2 * Pi): 47.7836242611
Acc(Y): 
  Raw Events: 122129.0000000000 (from /eos/user/z/zixuan/Isotope/Add/Be9_w1_frag4.root)
  MC Flux:    171715122.6805283427
  => Calculated Acc(Y) = (Events/Flux)*Scale = 0.0339851619
Acc(XfragY): 
  Raw Events: 54.0000000000 (from /eos/user/z/zixuan/Isotope/Add/B10_w1_frag4.root)
  MC Flux:    166419735.7043049037
  => Calculated Acc(XfragY) = (Events/Flux)*Scale = 0.0000155049
----------------------------------------
--- Epsilon Calculation Details ---
Flux(B10) at 20.0892620167 GeV/n:   0.0003403264
Flux(Be9) at 20.0892620167 GeV/n: 0.0001428910
=> Flux Ratio (X/Y) from TF1:  2.3817202788
----------------------------------------
Acceptance Ratio (from combined hist): 0.0004562246
Acceptance Ratio (from global spline): 0.0004625248
----------------------------------------
FINAL Epsilon = Flux Ratio * Splined Acc Ratio
              = 2.3817202788 * 0.0004625248
              = 0.0011016046
/**************************************/


    INFO: Intermediate results saved to /eos/user/z/zixuan/Isotope/BkgEst/w1_results_B10_to_Be9.pdf

>>> Processing channel: B11 -> Be9...
 flux ratio at 1 GeV/n: 7.1928394473
  -- Detector: TOF --
  -- Detector: NaF --
  -- Detector: AGL --
****************************************
Minimizer is Minuit2 / Migrad
Chi2                      = 10.6148357427
NDf                       =           10
Edm                       = 0.0000000000
NCalls                    =          283
p0                        = 0.0035196669   +/-   0.0000930738
p1                        = 0.0029448837   +/-   0.0000837403
p2                        = 0.0024019353   +/-   0.0001706482
p3                        = 0.0020591142   +/-   0.0001070028
p4                        = 0.0014021247   +/-   0.0000659802
p5                        = 0.0004156362   +/-   0.0000401467
p6                        = -0.0015441104   +/-   0.0003428767
p7                        = -0.0023973901   +/-   0.0012060957
p8                        = 0.0072330444   +/-   0.0036388519


/********** DEBUGGING OUTPUT (BIN 3) **********/
Channel: B11 -> Be9, Detector: TOF
Energy (ek/n): 0.3368463841 GeV/n
----------------------------------------
--- Acceptance Calculation Details ---
Scale Factor (3.9^2 * Pi): 47.7836242611
Acc(Y): 
  Raw Events: 382931.0000000000 (from /eos/user/z/zixuan/Isotope/Add/Be9_w1_frag4.root)
  MC Flux:    278918108.6146725416
  => Calculated Acc(Y) = (Events/Flux)*Scale = 0.0656028793
Acc(XfragY): 
  Raw Events: 1092.0000000000 (from /eos/user/z/zixuan/Isotope/Add/B11_w1_frag4.root)
  MC Flux:    227920321.4820016026
  => Calculated Acc(XfragY) = (Events/Flux)*Scale = 0.0002289384
----------------------------------------
--- Epsilon Calculation Details ---
Flux(B11) at 0.3368463841 GeV/n:   1.4563601217
Flux(Be9) at 0.3368463841 GeV/n: 0.1768366220
=> Flux Ratio (X/Y) from TF1:  8.2356250928
----------------------------------------
Acceptance Ratio (from combined hist): 0.0034897617
Acceptance Ratio (from global spline): 0.0035191703
----------------------------------------
FINAL Epsilon = Flux Ratio * Splined Acc Ratio
              = 8.2356250928 * 0.0035191703
              = 0.0289825673
/**************************************/




/********** DEBUGGING OUTPUT (BIN 4) **********/
Channel: B11 -> Be9, Detector: TOF
Energy (ek/n): 0.4968766615 GeV/n
----------------------------------------
--- Acceptance Calculation Details ---
Scale Factor (3.9^2 * Pi): 47.7836242611
Acc(Y): 
  Raw Events: 349750.0000000000 (from /eos/user/z/zixuan/Isotope/Add/Be9_w1_frag4.root)
  MC Flux:    259095554.4443463683
  => Calculated Acc(Y) = (Events/Flux)*Scale = 0.0645025447
Acc(XfragY): 
  Raw Events: 983.0000000000 (from /eos/user/z/zixuan/Isotope/Add/B11_w1_frag4.root)
  MC Flux:    211722151.5548679233
  => Calculated Acc(XfragY) = (Events/Flux)*Scale = 0.0002218535
----------------------------------------
--- Epsilon Calculation Details ---
Flux(B11) at 0.4968766615 GeV/n:   1.0222186970
Flux(Be9) at 0.4968766615 GeV/n: 0.1296144122
=> Flux Ratio (X/Y) from TF1:  7.8866129150
----------------------------------------
Acceptance Ratio (from combined hist): 0.0034394536
Acceptance Ratio (from global spline): 0.0033521108
----------------------------------------
FINAL Epsilon = Flux Ratio * Splined Acc Ratio
              = 7.8866129150 * 0.0033521108
              = 0.0264368006
/**************************************/




/********** DEBUGGING OUTPUT (BIN 5) **********/
Channel: B11 -> Be9, Detector: TOF
Energy (ek/n): 0.7045414310 GeV/n
----------------------------------------
--- Acceptance Calculation Details ---
Scale Factor (3.9^2 * Pi): 47.7836242611
Acc(Y): 
  Raw Events: 318096.0000000000 (from /eos/user/z/zixuan/Isotope/Add/Be9_w1_frag4.root)
  MC Flux:    247425948.3769590259
  => Calculated Acc(Y) = (Events/Flux)*Scale = 0.0614316317
Acc(XfragY): 
  Raw Events: 771.0000000000 (from /eos/user/z/zixuan/Isotope/Add/B11_w1_frag4.root)
  MC Flux:    202186233.0027966797
  => Calculated Acc(XfragY) = (Events/Flux)*Scale = 0.0001822141
----------------------------------------
--- Epsilon Calculation Details ---
Flux(B11) at 0.7045414310 GeV/n:   0.7870998456
Flux(Be9) at 0.7045414310 GeV/n: 0.1033862991
=> Flux Ratio (X/Y) from TF1:  7.6131929698
----------------------------------------
Acceptance Ratio (from combined hist): 0.0029661276
Acceptance Ratio (from global spline): 0.0030357917
----------------------------------------
FINAL Epsilon = Flux Ratio * Splined Acc Ratio
              = 7.6131929698 * 0.0030357917
              = 0.0231120682
/**************************************/




/********** DEBUGGING OUTPUT (BIN 6) **********/
Channel: B11 -> Be9, Detector: TOF
Energy (ek/n): 0.9672506104 GeV/n
----------------------------------------
--- Acceptance Calculation Details ---
Scale Factor (3.9^2 * Pi): 47.7836242611
Acc(Y): 
  Raw Events: 295175.0000000000 (from /eos/user/z/zixuan/Isotope/Add/Be9_w1_frag4.root)
  MC Flux:    236196230.2198379636
  => Calculated Acc(Y) = (Events/Flux)*Scale = 0.0597153108
Acc(XfragY): 
  Raw Events: 672.0000000000 (from /eos/user/z/zixuan/Isotope/Add/B11_w1_frag4.root)
  MC Flux:    193009772.6243878603
  => Calculated Acc(XfragY) = (Events/Flux)*Scale = 0.0001663677
----------------------------------------
--- Epsilon Calculation Details ---
Flux(B11) at 0.9672506104 GeV/n:   0.5684074140
Flux(Be9) at 0.9672506104 GeV/n: 0.0786147219
=> Flux Ratio (X/Y) from TF1:  7.2302922480
----------------------------------------
Acceptance Ratio (from combined hist): 0.0027860144
Acceptance Ratio (from global spline): 0.0027135077
----------------------------------------
FINAL Epsilon = Flux Ratio * Splined Acc Ratio
              = 7.2302922480 * 0.0027135077
              = 0.0196194539
/**************************************/




/********** DEBUGGING OUTPUT (BIN 7) **********/
Channel: B11 -> Be9, Detector: NaF
Energy (ek/n): 1.2922125341 GeV/n
----------------------------------------
--- Acceptance Calculation Details ---
Scale Factor (3.9^2 * Pi): 47.7836242611
Acc(Y): 
  Raw Events: 26966.0000000000 (from /eos/user/z/zixuan/Isotope/Add/Be9_w1_frag4.root)
  MC Flux:    228061652.8529227674
  => Calculated Acc(Y) = (Events/Flux)*Scale = 0.0056499337
Acc(XfragY): 
  Raw Events: 52.0000000000 (from /eos/user/z/zixuan/Isotope/Add/B11_w1_frag4.root)
  MC Flux:    186362533.0536190271
  => Calculated Acc(XfragY) = (Events/Flux)*Scale = 0.0000133329
----------------------------------------
--- Epsilon Calculation Details ---
Flux(B11) at 1.2922125341 GeV/n:   0.4189192905
Flux(Be9) at 1.2922125341 GeV/n: 0.0602366023
=> Flux Ratio (X/Y) from TF1:  6.9545637405
----------------------------------------
Acceptance Ratio (from combined hist): 0.0023598287
Acceptance Ratio (from global spline): 0.0024608964
----------------------------------------
FINAL Epsilon = Flux Ratio * Splined Acc Ratio
              = 6.9545637405 * 0.0024608964
              = 0.0171144612
/**************************************/




/********** DEBUGGING OUTPUT (BIN 8) **********/
Channel: B11 -> Be9, Detector: NaF
Energy (ek/n): 1.6909447265 GeV/n
----------------------------------------
--- Acceptance Calculation Details ---
Scale Factor (3.9^2 * Pi): 47.7836242611
Acc(Y): 
  Raw Events: 26095.0000000000 (from /eos/user/z/zixuan/Isotope/Add/Be9_w1_frag4.root)
  MC Flux:    223431612.1800988913
  => Calculated Acc(Y) = (Events/Flux)*Scale = 0.0055807397
Acc(XfragY): 
  Raw Events: 52.0000000000 (from /eos/user/z/zixuan/Isotope/Add/B11_w1_frag4.root)
  MC Flux:    182579055.6599633098
  => Calculated Acc(XfragY) = (Events/Flux)*Scale = 0.0000136092
----------------------------------------
--- Epsilon Calculation Details ---
Flux(B11) at 1.6909447265 GeV/n:   0.2877259961
Flux(Be9) at 1.6909447265 GeV/n: 0.0432273523
=> Flux Ratio (X/Y) from TF1:  6.6561096417
----------------------------------------
Acceptance Ratio (from combined hist): 0.0024385951
Acceptance Ratio (from global spline): 0.0023097124
----------------------------------------
FINAL Epsilon = Flux Ratio * Splined Acc Ratio
              = 6.6561096417 * 0.0023097124
              = 0.0153736992
/**************************************/




/********** DEBUGGING OUTPUT (BIN 9) **********/
Channel: B11 -> Be9, Detector: NaF
Energy (ek/n): 2.1727158116 GeV/n
----------------------------------------
--- Acceptance Calculation Details ---
Scale Factor (3.9^2 * Pi): 47.7836242611
Acc(Y): 
  Raw Events: 25442.0000000000 (from /eos/user/z/zixuan/Isotope/Add/Be9_w1_frag4.root)
  MC Flux:    216371882.1910135448
  => Calculated Acc(Y) = (Events/Flux)*Scale = 0.0056186181
Acc(XfragY): 
  Raw Events: 41.0000000000 (from /eos/user/z/zixuan/Isotope/Add/B11_w1_frag4.root)
  MC Flux:    176810136.8304176927
  => Calculated Acc(XfragY) = (Events/Flux)*Scale = 0.0000110804
----------------------------------------
--- Epsilon Calculation Details ---
Flux(B11) at 2.1727158116 GeV/n:   0.1881856759
Flux(Be9) at 2.1727158116 GeV/n: 0.0293457615
=> Flux Ratio (X/Y) from TF1:  6.4127037921
----------------------------------------
Acceptance Ratio (from combined hist): 0.0019720879
Acceptance Ratio (from global spline): 0.0022205004
----------------------------------------
FINAL Epsilon = Flux Ratio * Splined Acc Ratio
              = 6.4127037921 * 0.0022205004
              = 0.0142394115
/**************************************/




/********** DEBUGGING OUTPUT (BIN 10) **********/
Channel: B11 -> Be9, Detector: NaF
Energy (ek/n): 2.7468447478 GeV/n
----------------------------------------
--- Acceptance Calculation Details ---
Scale Factor (3.9^2 * Pi): 47.7836242611
Acc(Y): 
  Raw Events: 25567.0000000000 (from /eos/user/z/zixuan/Isotope/Add/Be9_w1_frag4.root)
  MC Flux:    211098123.0116979182
  => Calculated Acc(Y) = (Events/Flux)*Scale = 0.0057872799
Acc(XfragY): 
  Raw Events: 48.0000000000 (from /eos/user/z/zixuan/Isotope/Add/B11_w1_frag4.root)
  MC Flux:    172500639.3455166519
  => Calculated Acc(XfragY) = (Events/Flux)*Scale = 0.0000132963
----------------------------------------
--- Epsilon Calculation Details ---
Flux(B11) at 2.7468447478 GeV/n:   0.1183576251
Flux(Be9) at 2.7468447478 GeV/n: 0.0189200419
=> Flux Ratio (X/Y) from TF1:  6.2556745597
----------------------------------------
Acceptance Ratio (from combined hist): 0.0022974979
Acceptance Ratio (from global spline): 0.0021327185
----------------------------------------
FINAL Epsilon = Flux Ratio * Splined Acc Ratio
              = 6.2556745597 * 0.0021327185
              = 0.0133415927
/**************************************/




/********** DEBUGGING OUTPUT (BIN 11) **********/
Channel: B11 -> Be9, Detector: AGL
Energy (ek/n): 3.4250117177 GeV/n
----------------------------------------
--- Acceptance Calculation Details ---
Scale Factor (3.9^2 * Pi): 47.7836242611
Acc(Y): 
  Raw Events: 135199.0000000000 (from /eos/user/z/zixuan/Isotope/Add/Be9_w1_frag4.root)
  MC Flux:    205194415.5296795666
  => Calculated Acc(Y) = (Events/Flux)*Scale = 0.0314837916
Acc(XfragY): 
  Raw Events: 208.0000000000 (from /eos/user/z/zixuan/Isotope/Add/B11_w1_frag4.root)
  MC Flux:    167676374.2093430161
  => Calculated Acc(XfragY) = (Events/Flux)*Scale = 0.0000592749
----------------------------------------
--- Epsilon Calculation Details ---
Flux(B11) at 3.4250117177 GeV/n:   0.0756819913
Flux(Be9) at 3.4250117177 GeV/n: 0.0122690370
=> Flux Ratio (X/Y) from TF1:  6.1685355965
----------------------------------------
Acceptance Ratio (from combined hist): 0.0018827104
Acceptance Ratio (from global spline): 0.0020050432
----------------------------------------
FINAL Epsilon = Flux Ratio * Splined Acc Ratio
              = 6.1685355965 * 0.0020050432
              = 0.0123681803
/**************************************/




/********** DEBUGGING OUTPUT (BIN 12) **********/
Channel: B11 -> Be9, Detector: AGL
Energy (ek/n): 4.2190486071 GeV/n
----------------------------------------
--- Acceptance Calculation Details ---
Scale Factor (3.9^2 * Pi): 47.7836242611
Acc(Y): 
  Raw Events: 137071.0000000000 (from /eos/user/z/zixuan/Isotope/Add/Be9_w1_frag4.root)
  MC Flux:    199933990.5918053389
  => Calculated Acc(Y) = (Events/Flux)*Scale = 0.0327595580
Acc(XfragY): 
  Raw Events: 223.0000000000 (from /eos/user/z/zixuan/Isotope/Add/B11_w1_frag4.root)
  MC Flux:    163377772.9140477180
  => Calculated Acc(XfragY) = (Events/Flux)*Scale = 0.0000652215
----------------------------------------
--- Epsilon Calculation Details ---
Flux(B11) at 4.2190486071 GeV/n:   0.0478878471
Flux(Be9) at 4.2190486071 GeV/n: 0.0078479250
=> Flux Ratio (X/Y) from TF1:  6.1019756007
----------------------------------------
Acceptance Ratio (from combined hist): 0.0019909160
Acceptance Ratio (from global spline): 0.0018143518
----------------------------------------
FINAL Epsilon = Flux Ratio * Splined Acc Ratio
              = 6.1019756007 * 0.0018143518
              = 0.0110711306
/**************************************/




/********** DEBUGGING OUTPUT (BIN 13) **********/
Channel: B11 -> Be9, Detector: AGL
Energy (ek/n): 5.1408648843 GeV/n
----------------------------------------
--- Acceptance Calculation Details ---
Scale Factor (3.9^2 * Pi): 47.7836242611
Acc(Y): 
  Raw Events: 134671.0000000000 (from /eos/user/z/zixuan/Isotope/Add/Be9_w1_frag4.root)
  MC Flux:    193969175.5960669219
  => Calculated Acc(Y) = (Events/Flux)*Scale = 0.0331757272
Acc(XfragY): 
  Raw Events: 174.0000000000 (from /eos/user/z/zixuan/Isotope/Add/B11_w1_frag4.root)
  MC Flux:    158503573.2496312261
  => Calculated Acc(XfragY) = (Events/Flux)*Scale = 0.0000524553
----------------------------------------
--- Epsilon Calculation Details ---
Flux(B11) at 5.1408648843 GeV/n:   0.0306561888
Flux(Be9) at 5.1408648843 GeV/n: 0.0050802181
=> Flux Ratio (X/Y) from TF1:  6.0344237416
----------------------------------------
Acceptance Ratio (from combined hist): 0.0015811345
Acceptance Ratio (from global spline): 0.0015515157
----------------------------------------
FINAL Epsilon = Flux Ratio * Splined Acc Ratio
              = 6.0344237416 * 0.0015515157
              = 0.0093625029
/**************************************/




/********** DEBUGGING OUTPUT (BIN 14) **********/
Channel: B11 -> Be9, Detector: AGL
Energy (ek/n): 6.2049547931 GeV/n
----------------------------------------
--- Acceptance Calculation Details ---
Scale Factor (3.9^2 * Pi): 47.7836242611
Acc(Y): 
  Raw Events: 132272.0000000000 (from /eos/user/z/zixuan/Isotope/Add/Be9_w1_frag4.root)
  MC Flux:    189149831.4636916816
  => Calculated Acc(Y) = (Events/Flux)*Scale = 0.0334149679
Acc(XfragY): 
  Raw Events: 140.0000000000 (from /eos/user/z/zixuan/Isotope/Add/B11_w1_frag4.root)
  MC Flux:    154565404.9125555158
  => Calculated Acc(XfragY) = (Events/Flux)*Scale = 0.0000432808
----------------------------------------
--- Epsilon Calculation Details ---
Flux(B11) at 6.2049547931 GeV/n:   0.0195128022
Flux(Be9) at 6.2049547931 GeV/n: 0.0032867936
=> Flux Ratio (X/Y) from TF1:  5.9367288321
----------------------------------------
Acceptance Ratio (from combined hist): 0.0012952505
Acceptance Ratio (from global spline): 0.0012138096
----------------------------------------
FINAL Epsilon = Flux Ratio * Splined Acc Ratio
              = 5.9367288321 * 0.0012138096
              = 0.0072060583
/**************************************/




/********** DEBUGGING OUTPUT (BIN 15) **********/
Channel: B11 -> Be9, Detector: AGL
Energy (ek/n): 7.4457899798 GeV/n
----------------------------------------
--- Acceptance Calculation Details ---
Scale Factor (3.9^2 * Pi): 47.7836242611
Acc(Y): 
  Raw Events: 133290.0000000000 (from /eos/user/z/zixuan/Isotope/Add/Be9_w1_frag4.root)
  MC Flux:    188703334.2345405221
  => Calculated Acc(Y) = (Events/Flux)*Scale = 0.0337518110
Acc(XfragY): 
  Raw Events: 79.0000000000 (from /eos/user/z/zixuan/Isotope/Add/B11_w1_frag4.root)
  MC Flux:    154200545.8773555756
  => Calculated Acc(XfragY) = (Events/Flux)*Scale = 0.0000244805
----------------------------------------
--- Epsilon Calculation Details ---
Flux(B11) at 7.4457899798 GeV/n:   0.0123133589
Flux(Be9) at 7.4457899798 GeV/n: 0.0020992245
=> Flux Ratio (X/Y) from TF1:  5.8656704730
----------------------------------------
Acceptance Ratio (from combined hist): 0.0007253092
Acceptance Ratio (from global spline): 0.0008483890
----------------------------------------
FINAL Epsilon = Flux Ratio * Splined Acc Ratio
              = 5.8656704730 * 0.0008483890
              = 0.0049763705
/**************************************/




/********** DEBUGGING OUTPUT (BIN 16) **********/
Channel: B11 -> Be9, Detector: AGL
Energy (ek/n): 8.8880598677 GeV/n
----------------------------------------
--- Acceptance Calculation Details ---
Scale Factor (3.9^2 * Pi): 47.7836242611
Acc(Y): 
  Raw Events: 130937.0000000000 (from /eos/user/z/zixuan/Isotope/Add/Be9_w1_frag4.root)
  MC Flux:    184502826.4138700962
  => Calculated Acc(Y) = (Events/Flux)*Scale = 0.0339108323
Acc(XfragY): 
  Raw Events: 59.0000000000 (from /eos/user/z/zixuan/Isotope/Add/B11_w1_frag4.root)
  MC Flux:    150768064.9329307079
  => Calculated Acc(XfragY) = (Events/Flux)*Scale = 0.0000186991
----------------------------------------
--- Epsilon Calculation Details ---
Flux(B11) at 8.8880598677 GeV/n:   0.0078079744
Flux(Be9) at 8.8880598677 GeV/n: 0.0013415850
=> Flux Ratio (X/Y) from TF1:  5.8199624218
----------------------------------------
Acceptance Ratio (from combined hist): 0.0005514210
Acceptance Ratio (from global spline): 0.0005456987
----------------------------------------
FINAL Epsilon = Flux Ratio * Splined Acc Ratio
              = 5.8199624218 * 0.0005456987
              = 0.0031759457
/**************************************/




/********** DEBUGGING OUTPUT (BIN 17) **********/
Channel: B11 -> Be9, Detector: AGL
Energy (ek/n): 10.5565612202 GeV/n
----------------------------------------
--- Acceptance Calculation Details ---
Scale Factor (3.9^2 * Pi): 47.7836242611
Acc(Y): 
  Raw Events: 129171.0000000000 (from /eos/user/z/zixuan/Isotope/Add/Be9_w1_frag4.root)
  MC Flux:    182910844.1045760810
  => Calculated Acc(Y) = (Events/Flux)*Scale = 0.0337446288
Acc(XfragY): 
  Raw Events: 46.0000000000 (from /eos/user/z/zixuan/Isotope/Add/B11_w1_frag4.root)
  MC Flux:    149467162.9530265629
  => Calculated Acc(XfragY) = (Events/Flux)*Scale = 0.0000147059
----------------------------------------
--- Epsilon Calculation Details ---
Flux(B11) at 10.5565612202 GeV/n:   0.0049261906
Flux(Be9) at 10.5565612202 GeV/n: 0.0008599186
=> Flux Ratio (X/Y) from TF1:  5.7286710951
----------------------------------------
Acceptance Ratio (from combined hist): 0.0004357992
Acceptance Ratio (from global spline): 0.0003824429
----------------------------------------
FINAL Epsilon = Flux Ratio * Splined Acc Ratio
              = 5.7286710951 * 0.0003824429
              = 0.0021908896
/**************************************/




/********** DEBUGGING OUTPUT (BIN 18) **********/
Channel: B11 -> Be9, Detector: AGL
Energy (ek/n): 12.4760880858 GeV/n
----------------------------------------
--- Acceptance Calculation Details ---
Scale Factor (3.9^2 * Pi): 47.7836242611
Acc(Y): 
  Raw Events: 126415.0000000000 (from /eos/user/z/zixuan/Isotope/Add/Be9_w1_frag4.root)
  MC Flux:    178315077.6039031446
  => Calculated Acc(Y) = (Events/Flux)*Scale = 0.0338758054
Acc(XfragY): 
  Raw Events: 40.0000000000 (from /eos/user/z/zixuan/Isotope/Add/B11_w1_frag4.root)
  MC Flux:    145711692.9927140474
  => Calculated Acc(XfragY) = (Events/Flux)*Scale = 0.0000131173
----------------------------------------
--- Epsilon Calculation Details ---
Flux(B11) at 12.4760880858 GeV/n:   0.0030859256
Flux(Be9) at 12.4760880858 GeV/n: 0.0005459211
=> Flux Ratio (X/Y) from TF1:  5.6526957706
----------------------------------------
Acceptance Ratio (from combined hist): 0.0003872176
Acceptance Ratio (from global spline): 0.0003580083
----------------------------------------
FINAL Epsilon = Flux Ratio * Splined Acc Ratio
              = 5.6526957706 * 0.0003580083
              = 0.0020237119
/**************************************/




/********** DEBUGGING OUTPUT (BIN 19) **********/
Channel: B11 -> Be9, Detector: AGL
Energy (ek/n): 14.6714890086 GeV/n
----------------------------------------
--- Acceptance Calculation Details ---
Scale Factor (3.9^2 * Pi): 47.7836242611
Acc(Y): 
  Raw Events: 125142.0000000000 (from /eos/user/z/zixuan/Isotope/Add/Be9_w1_frag4.root)
  MC Flux:    175525970.2872669697
  => Calculated Acc(Y) = (Events/Flux)*Scale = 0.0340675417
Acc(XfragY): 
  Raw Events: 32.0000000000 (from /eos/user/z/zixuan/Isotope/Add/B11_w1_frag4.root)
  MC Flux:    143432550.0592814684
  => Calculated Acc(XfragY) = (Events/Flux)*Scale = 0.0000106606
----------------------------------------
--- Epsilon Calculation Details ---
Flux(B11) at 14.6714890086 GeV/n:   0.0019546602
Flux(Be9) at 14.6714890086 GeV/n: 0.0003465091
=> Flux Ratio (X/Y) from TF1:  5.6410067429
----------------------------------------
Acceptance Ratio (from combined hist): 0.0003129252
Acceptance Ratio (from global spline): 0.0003715327
----------------------------------------
FINAL Epsilon = Flux Ratio * Splined Acc Ratio
              = 5.6410067429 * 0.0003715327
              = 0.0020958184
/**************************************/




/********** DEBUGGING OUTPUT (BIN 20) **********/
Channel: B11 -> Be9, Detector: AGL
Energy (ek/n): 17.1925871018 GeV/n
----------------------------------------
--- Acceptance Calculation Details ---
Scale Factor (3.9^2 * Pi): 47.7836242611
Acc(Y): 
  Raw Events: 123528.0000000000 (from /eos/user/z/zixuan/Isotope/Add/Be9_w1_frag4.root)
  MC Flux:    173527411.0526752770
  => Calculated Acc(Y) = (Events/Flux)*Scale = 0.0340154648
Acc(XfragY): 
  Raw Events: 37.0000000000 (from /eos/user/z/zixuan/Isotope/Add/B11_w1_frag4.root)
  MC Flux:    141799410.2624018490
  => Calculated Acc(XfragY) = (Events/Flux)*Scale = 0.0000124683
----------------------------------------
--- Epsilon Calculation Details ---
Flux(B11) at 17.1925871018 GeV/n:   0.0012528916
Flux(Be9) at 17.1925871018 GeV/n: 0.0002224542
=> Flux Ratio (X/Y) from TF1:  5.6321327182
----------------------------------------
Acceptance Ratio (from combined hist): 0.0003665473
Acceptance Ratio (from global spline): 0.0003289397
----------------------------------------
FINAL Epsilon = Flux Ratio * Splined Acc Ratio
              = 5.6321327182 * 0.0003289397
              = 0.0018526320
/**************************************/




/********** DEBUGGING OUTPUT (BIN 21) **********/
Channel: B11 -> Be9, Detector: AGL
Energy (ek/n): 20.0892620167 GeV/n
----------------------------------------
--- Acceptance Calculation Details ---
Scale Factor (3.9^2 * Pi): 47.7836242611
Acc(Y): 
  Raw Events: 122129.0000000000 (from /eos/user/z/zixuan/Isotope/Add/Be9_w1_frag4.root)
  MC Flux:    171715122.6805283427
  => Calculated Acc(Y) = (Events/Flux)*Scale = 0.0339851619
Acc(XfragY): 
  Raw Events: 15.0000000000 (from /eos/user/z/zixuan/Isotope/Add/B11_w1_frag4.root)
  MC Flux:    140318483.2962421179
  => Calculated Acc(XfragY) = (Events/Flux)*Scale = 0.0000051081
----------------------------------------
--- Epsilon Calculation Details ---
Flux(B11) at 20.0892620167 GeV/n:   0.0007940950
Flux(Be9) at 20.0892620167 GeV/n: 0.0001428910
=> Flux Ratio (X/Y) from TF1:  5.5573473158
----------------------------------------
Acceptance Ratio (from combined hist): 0.0001503025
Acceptance Ratio (from global spline): 0.0001475673
----------------------------------------
FINAL Epsilon = Flux Ratio * Splined Acc Ratio
              = 5.5573473158 * 0.0001475673
              = 0.0008200829
/**************************************/


    INFO: Intermediate results saved to /eos/user/z/zixuan/Isotope/BkgEst/w1_results_B11_to_Be9.pdf

>>> Processing channel: C12 -> Be9...
 flux ratio at 1 GeV/n: 32.8714167221
  -- Detector: TOF --
  -- Detector: NaF --
  -- Detector: AGL --
****************************************
Minimizer is Minuit2 / Migrad
Chi2                      = 12.2748421161
NDf                       =           10
Edm                       = 0.0000096367
NCalls                    =          283
p0                        = 0.0003994616   +/-   0.0000290008
p1                        = 0.0002454990   +/-   0.0000233156
p2                        = 0.0002051929   +/-   0.0000456945
p3                        = 0.0001389645   +/-   0.0000259501
p4                        = 0.0000661511   +/-   0.0000141162
p5                        = 0.0000438859   +/-   0.0000116830
p6                        = -0.0001349628   +/-   0.0001121334
p7                        = -0.0001978169   +/-   0.0004179655
p8                        = 0.0005968233   +/-   0.0012610227


/********** DEBUGGING OUTPUT (BIN 3) **********/
Channel: C12 -> Be9, Detector: TOF
Energy (ek/n): 0.3368463841 GeV/n
----------------------------------------
--- Acceptance Calculation Details ---
Scale Factor (3.9^2 * Pi): 47.7836242611
Acc(Y): 
  Raw Events: 382931.0000000000 (from /eos/user/z/zixuan/Isotope/Add/Be9_w1_frag4.root)
  MC Flux:    278918108.6146725416
  => Calculated Acc(Y) = (Events/Flux)*Scale = 0.0656028793
Acc(XfragY): 
  Raw Events: 145.0000000000 (from /eos/user/z/zixuan/Isotope/Add/C12_w1_frag4.root)
  MC Flux:    259769200.0070431232
  => Calculated Acc(XfragY) = (Events/Flux)*Scale = 0.0000266722
----------------------------------------
--- Epsilon Calculation Details ---
Flux(C12) at 0.3368463841 GeV/n:   6.6964749180
Flux(Be9) at 0.3368463841 GeV/n: 0.1768366220
=> Flux Ratio (X/Y) from TF1:  37.8681454158
----------------------------------------
Acceptance Ratio (from combined hist): 0.0004065711
Acceptance Ratio (from global spline): 0.0003992729
----------------------------------------
FINAL Epsilon = Flux Ratio * Splined Acc Ratio
              = 37.8681454158 * 0.0003992729
              = 0.0151197248
/**************************************/




/********** DEBUGGING OUTPUT (BIN 4) **********/
Channel: C12 -> Be9, Detector: TOF
Energy (ek/n): 0.4968766615 GeV/n
----------------------------------------
--- Acceptance Calculation Details ---
Scale Factor (3.9^2 * Pi): 47.7836242611
Acc(Y): 
  Raw Events: 349750.0000000000 (from /eos/user/z/zixuan/Isotope/Add/Be9_w1_frag4.root)
  MC Flux:    259095554.4443463683
  => Calculated Acc(Y) = (Events/Flux)*Scale = 0.0645025447
Acc(XfragY): 
  Raw Events: 110.0000000000 (from /eos/user/z/zixuan/Isotope/Add/C12_w1_frag4.root)
  MC Flux:    241307548.0745191574
  => Calculated Acc(XfragY) = (Events/Flux)*Scale = 0.0000217822
----------------------------------------
--- Epsilon Calculation Details ---
Flux(C12) at 0.4968766615 GeV/n:   4.6914710881
Flux(Be9) at 0.4968766615 GeV/n: 0.1296144122
=> Flux Ratio (X/Y) from TF1:  36.1955974603
----------------------------------------
Acceptance Ratio (from combined hist): 0.0003376945
Acceptance Ratio (from global spline): 0.0003428695
----------------------------------------
FINAL Epsilon = Flux Ratio * Splined Acc Ratio
              = 36.1955974603 * 0.0003428695
              = 0.0124103664
/**************************************/




/********** DEBUGGING OUTPUT (BIN 5) **********/
Channel: C12 -> Be9, Detector: TOF
Energy (ek/n): 0.7045414310 GeV/n
----------------------------------------
--- Acceptance Calculation Details ---
Scale Factor (3.9^2 * Pi): 47.7836242611
Acc(Y): 
  Raw Events: 318096.0000000000 (from /eos/user/z/zixuan/Isotope/Add/Be9_w1_frag4.root)
  MC Flux:    247425948.3769590259
  => Calculated Acc(Y) = (Events/Flux)*Scale = 0.0614316317
Acc(XfragY): 
  Raw Events: 78.0000000000 (from /eos/user/z/zixuan/Isotope/Add/C12_w1_frag4.root)
  MC Flux:    230439109.8523510695
  => Calculated Acc(XfragY) = (Events/Flux)*Scale = 0.0000161740
----------------------------------------
--- Epsilon Calculation Details ---
Flux(C12) at 0.7045414310 GeV/n:   3.6061501427
Flux(Be9) at 0.7045414310 GeV/n: 0.1033862991
=> Flux Ratio (X/Y) from TF1:  34.8803484964
----------------------------------------
Acceptance Ratio (from combined hist): 0.0002632846
Acceptance Ratio (from global spline): 0.0002616925
----------------------------------------
FINAL Epsilon = Flux Ratio * Splined Acc Ratio
              = 34.8803484964 * 0.0002616925
              = 0.0091279248
/**************************************/




/********** DEBUGGING OUTPUT (BIN 6) **********/
Channel: C12 -> Be9, Detector: TOF
Energy (ek/n): 0.9672506104 GeV/n
----------------------------------------
--- Acceptance Calculation Details ---
Scale Factor (3.9^2 * Pi): 47.7836242611
Acc(Y): 
  Raw Events: 295175.0000000000 (from /eos/user/z/zixuan/Isotope/Add/Be9_w1_frag4.root)
  MC Flux:    236196230.2198379636
  => Calculated Acc(Y) = (Events/Flux)*Scale = 0.0597153108
Acc(XfragY): 
  Raw Events: 63.0000000000 (from /eos/user/z/zixuan/Isotope/Add/C12_w1_frag4.root)
  MC Flux:    219980359.3736940026
  => Calculated Acc(XfragY) = (Events/Flux)*Scale = 0.0000136847
----------------------------------------
--- Epsilon Calculation Details ---
Flux(C12) at 0.9672506104 GeV/n:   2.5969608230
Flux(Be9) at 0.9672506104 GeV/n: 0.0786147219
=> Flux Ratio (X/Y) from TF1:  33.0340267256
----------------------------------------
Acceptance Ratio (from combined hist): 0.0002291659
Acceptance Ratio (from global spline): 0.0002203395
----------------------------------------
FINAL Epsilon = Flux Ratio * Splined Acc Ratio
              = 33.0340267256 * 0.0002203395
              = 0.0072787009
/**************************************/




/********** DEBUGGING OUTPUT (BIN 7) **********/
Channel: C12 -> Be9, Detector: NaF
Energy (ek/n): 1.2922125341 GeV/n
----------------------------------------
--- Acceptance Calculation Details ---
Scale Factor (3.9^2 * Pi): 47.7836242611
Acc(Y): 
  Raw Events: 26966.0000000000 (from /eos/user/z/zixuan/Isotope/Add/Be9_w1_frag4.root)
  MC Flux:    228061652.8529227674
  => Calculated Acc(Y) = (Events/Flux)*Scale = 0.0056499337
Acc(XfragY): 
  Raw Events: 4.0000000000 (from /eos/user/z/zixuan/Isotope/Add/C12_w1_frag4.root)
  MC Flux:    212404255.1705844402
  => Calculated Acc(XfragY) = (Events/Flux)*Scale = 0.0000008999
----------------------------------------
--- Epsilon Calculation Details ---
Flux(C12) at 1.2922125341 GeV/n:   1.9311557781
Flux(Be9) at 1.2922125341 GeV/n: 0.0602366023
=> Flux Ratio (X/Y) from TF1:  32.0595070639
----------------------------------------
Acceptance Ratio (from combined hist): 0.0001592695
Acceptance Ratio (from global spline): 0.0002080801
----------------------------------------
FINAL Epsilon = Flux Ratio * Splined Acc Ratio
              = 32.0595070639 * 0.0002080801
              = 0.0066709457
/**************************************/




/********** DEBUGGING OUTPUT (BIN 8) **********/
Channel: C12 -> Be9, Detector: NaF
Energy (ek/n): 1.6909447265 GeV/n
----------------------------------------
--- Acceptance Calculation Details ---
Scale Factor (3.9^2 * Pi): 47.7836242611
Acc(Y): 
  Raw Events: 26095.0000000000 (from /eos/user/z/zixuan/Isotope/Add/Be9_w1_frag4.root)
  MC Flux:    223431612.1800988913
  => Calculated Acc(Y) = (Events/Flux)*Scale = 0.0055807397
Acc(XfragY): 
  Raw Events: 5.0000000000 (from /eos/user/z/zixuan/Isotope/Add/C12_w1_frag4.root)
  MC Flux:    208092086.3854410052
  => Calculated Acc(XfragY) = (Events/Flux)*Scale = 0.0000011481
----------------------------------------
--- Epsilon Calculation Details ---
Flux(C12) at 1.6909447265 GeV/n:   1.3561381403
Flux(Be9) at 1.6909447265 GeV/n: 0.0432273523
=> Flux Ratio (X/Y) from TF1:  31.3722231338
----------------------------------------
Acceptance Ratio (from combined hist): 0.0002057320
Acceptance Ratio (from global spline): 0.0001966240
----------------------------------------
FINAL Epsilon = Flux Ratio * Splined Acc Ratio
              = 31.3722231338 * 0.0001966240
              = 0.0061685336
/**************************************/




/********** DEBUGGING OUTPUT (BIN 9) **********/
Channel: C12 -> Be9, Detector: NaF
Energy (ek/n): 2.1727158116 GeV/n
----------------------------------------
--- Acceptance Calculation Details ---
Scale Factor (3.9^2 * Pi): 47.7836242611
Acc(Y): 
  Raw Events: 25442.0000000000 (from /eos/user/z/zixuan/Isotope/Add/Be9_w1_frag4.root)
  MC Flux:    216371882.1910135448
  => Calculated Acc(Y) = (Events/Flux)*Scale = 0.0056186181
Acc(XfragY): 
  Raw Events: 5.0000000000 (from /eos/user/z/zixuan/Isotope/Add/C12_w1_frag4.root)
  MC Flux:    201517036.7386499643
  => Calculated Acc(XfragY) = (Events/Flux)*Scale = 0.0000011856
----------------------------------------
--- Epsilon Calculation Details ---
Flux(C12) at 2.1727158116 GeV/n:   0.9222679723
Flux(Be9) at 2.1727158116 GeV/n: 0.0293457615
=> Flux Ratio (X/Y) from TF1:  31.4276381274
----------------------------------------
Acceptance Ratio (from combined hist): 0.0002110123
Acceptance Ratio (from global spline): 0.0001786815
----------------------------------------
FINAL Epsilon = Flux Ratio * Splined Acc Ratio
              = 31.4276381274 * 0.0001786815
              = 0.0056155387
/**************************************/




/********** DEBUGGING OUTPUT (BIN 10) **********/
Channel: C12 -> Be9, Detector: NaF
Energy (ek/n): 2.7468447478 GeV/n
----------------------------------------
--- Acceptance Calculation Details ---
Scale Factor (3.9^2 * Pi): 47.7836242611
Acc(Y): 
  Raw Events: 25567.0000000000 (from /eos/user/z/zixuan/Isotope/Add/Be9_w1_frag4.root)
  MC Flux:    211098123.0116979182
  => Calculated Acc(Y) = (Events/Flux)*Scale = 0.0057872799
Acc(XfragY): 
  Raw Events: 3.0000000000 (from /eos/user/z/zixuan/Isotope/Add/C12_w1_frag4.root)
  MC Flux:    196605343.4468629956
  => Calculated Acc(XfragY) = (Events/Flux)*Scale = 0.0000007291
----------------------------------------
--- Epsilon Calculation Details ---
Flux(C12) at 2.7468447478 GeV/n:   0.6079732250
Flux(Be9) at 2.7468447478 GeV/n: 0.0189200419
=> Flux Ratio (X/Y) from TF1:  32.1338201366
----------------------------------------
Acceptance Ratio (from combined hist): 0.0001259884
Acceptance Ratio (from global spline): 0.0001556044
----------------------------------------
FINAL Epsilon = Flux Ratio * Splined Acc Ratio
              = 32.1338201366 * 0.0001556044
              = 0.0050001644
/**************************************/




/********** DEBUGGING OUTPUT (BIN 11) **********/
Channel: C12 -> Be9, Detector: AGL
Energy (ek/n): 3.4250117177 GeV/n
----------------------------------------
--- Acceptance Calculation Details ---
Scale Factor (3.9^2 * Pi): 47.7836242611
Acc(Y): 
  Raw Events: 135199.0000000000 (from /eos/user/z/zixuan/Isotope/Add/Be9_w1_frag4.root)
  MC Flux:    205194415.5296795666
  => Calculated Acc(Y) = (Events/Flux)*Scale = 0.0314837916
Acc(XfragY): 
  Raw Events: 17.0000000000 (from /eos/user/z/zixuan/Isotope/Add/C12_w1_frag4.root)
  MC Flux:    191106950.4694525003
  => Calculated Acc(XfragY) = (Events/Flux)*Scale = 0.0000042506
----------------------------------------
--- Epsilon Calculation Details ---
Flux(C12) at 3.4250117177 GeV/n:   0.4054330897
Flux(Be9) at 3.4250117177 GeV/n: 0.0122690370
=> Flux Ratio (X/Y) from TF1:  33.0452251903
----------------------------------------
Acceptance Ratio (from combined hist): 0.0001350096
Acceptance Ratio (from global spline): 0.0001284970
----------------------------------------
FINAL Epsilon = Flux Ratio * Splined Acc Ratio
              = 33.0452251903 * 0.0001284970
              = 0.0042462128
/**************************************/




/********** DEBUGGING OUTPUT (BIN 12) **********/
Channel: C12 -> Be9, Detector: AGL
Energy (ek/n): 4.2190486071 GeV/n
----------------------------------------
--- Acceptance Calculation Details ---
Scale Factor (3.9^2 * Pi): 47.7836242611
Acc(Y): 
  Raw Events: 137071.0000000000 (from /eos/user/z/zixuan/Isotope/Add/Be9_w1_frag4.root)
  MC Flux:    199933990.5918053389
  => Calculated Acc(Y) = (Events/Flux)*Scale = 0.0327595580
Acc(XfragY): 
  Raw Events: 13.0000000000 (from /eos/user/z/zixuan/Isotope/Add/C12_w1_frag4.root)
  MC Flux:    186207675.9669981003
  => Calculated Acc(XfragY) = (Events/Flux)*Scale = 0.0000033360
----------------------------------------
--- Epsilon Calculation Details ---
Flux(C12) at 4.2190486071 GeV/n:   0.2673103519
Flux(Be9) at 4.2190486071 GeV/n: 0.0078479250
=> Flux Ratio (X/Y) from TF1:  34.0612773958
----------------------------------------
Acceptance Ratio (from combined hist): 0.0001018326
Acceptance Ratio (from global spline): 0.0001002303
----------------------------------------
FINAL Epsilon = Flux Ratio * Splined Acc Ratio
              = 34.0612773958 * 0.0001002303
              = 0.0034139710
/**************************************/




/********** DEBUGGING OUTPUT (BIN 13) **********/
Channel: C12 -> Be9, Detector: AGL
Energy (ek/n): 5.1408648843 GeV/n
----------------------------------------
--- Acceptance Calculation Details ---
Scale Factor (3.9^2 * Pi): 47.7836242611
Acc(Y): 
  Raw Events: 134671.0000000000 (from /eos/user/z/zixuan/Isotope/Add/Be9_w1_frag4.root)
  MC Flux:    193969175.5960669219
  => Calculated Acc(Y) = (Events/Flux)*Scale = 0.0331757272
Acc(XfragY): 
  Raw Events: 10.0000000000 (from /eos/user/z/zixuan/Isotope/Add/C12_w1_frag4.root)
  MC Flux:    180652370.7653068006
  => Calculated Acc(XfragY) = (Events/Flux)*Scale = 0.0000026451
----------------------------------------
--- Epsilon Calculation Details ---
Flux(C12) at 5.1408648843 GeV/n:   0.1779862950
Flux(Be9) at 5.1408648843 GeV/n: 0.0050802181
=> Flux Ratio (X/Y) from TF1:  35.0351679850
----------------------------------------
Acceptance Ratio (from combined hist): 0.0000797288
Acceptance Ratio (from global spline): 0.0000754890
----------------------------------------
FINAL Epsilon = Flux Ratio * Splined Acc Ratio
              = 35.0351679850 * 0.0000754890
              = 0.0026447686
/**************************************/




/********** DEBUGGING OUTPUT (BIN 14) **********/
Channel: C12 -> Be9, Detector: AGL
Energy (ek/n): 6.2049547931 GeV/n
----------------------------------------
--- Acceptance Calculation Details ---
Scale Factor (3.9^2 * Pi): 47.7836242611
Acc(Y): 
  Raw Events: 132272.0000000000 (from /eos/user/z/zixuan/Isotope/Add/Be9_w1_frag4.root)
  MC Flux:    189149831.4636916816
  => Calculated Acc(Y) = (Events/Flux)*Scale = 0.0334149679
Acc(XfragY): 
  Raw Events: 5.0000000000 (from /eos/user/z/zixuan/Isotope/Add/C12_w1_frag4.root)
  MC Flux:    176163895.0042893887
  => Calculated Acc(XfragY) = (Events/Flux)*Scale = 0.0000013562
----------------------------------------
--- Epsilon Calculation Details ---
Flux(C12) at 6.2049547931 GeV/n:   0.1185201216
Flux(Be9) at 6.2049547931 GeV/n: 0.0032867936
=> Flux Ratio (X/Y) from TF1:  36.0594966165
----------------------------------------
Acceptance Ratio (from combined hist): 0.0000405874
Acceptance Ratio (from global spline): 0.0000576639
----------------------------------------
FINAL Epsilon = Flux Ratio * Splined Acc Ratio
              = 36.0594966165 * 0.0000576639
              = 0.0020793324
/**************************************/




/********** DEBUGGING OUTPUT (BIN 15) **********/
Channel: C12 -> Be9, Detector: AGL
Energy (ek/n): 7.4457899798 GeV/n
----------------------------------------
--- Acceptance Calculation Details ---
Scale Factor (3.9^2 * Pi): 47.7836242611
Acc(Y): 
  Raw Events: 133290.0000000000 (from /eos/user/z/zixuan/Isotope/Add/Be9_w1_frag4.root)
  MC Flux:    188703334.2345405221
  => Calculated Acc(Y) = (Events/Flux)*Scale = 0.0337518110
Acc(XfragY): 
  Raw Events: 16.0000000000 (from /eos/user/z/zixuan/Isotope/Add/C12_w1_frag4.root)
  MC Flux:    175748051.6996076107
  => Calculated Acc(XfragY) = (Events/Flux)*Scale = 0.0000043502
----------------------------------------
--- Epsilon Calculation Details ---
Flux(C12) at 7.4457899798 GeV/n:   0.0783231069
Flux(Be9) at 7.4457899798 GeV/n: 0.0020992245
=> Flux Ratio (X/Y) from TF1:  37.3104966208
----------------------------------------
Acceptance Ratio (from combined hist): 0.0001288877
Acceptance Ratio (from global spline): 0.0000472583
----------------------------------------
FINAL Epsilon = Flux Ratio * Splined Acc Ratio
              = 37.3104966208 * 0.0000472583
              = 0.0017632289
/**************************************/




/********** DEBUGGING OUTPUT (BIN 16) **********/
Channel: C12 -> Be9, Detector: AGL
Energy (ek/n): 8.8880598677 GeV/n
----------------------------------------
--- Acceptance Calculation Details ---
Scale Factor (3.9^2 * Pi): 47.7836242611
Acc(Y): 
  Raw Events: 130937.0000000000 (from /eos/user/z/zixuan/Isotope/Add/Be9_w1_frag4.root)
  MC Flux:    184502826.4138700962
  => Calculated Acc(Y) = (Events/Flux)*Scale = 0.0339108323
Acc(XfragY): 
  Raw Events: 4.0000000000 (from /eos/user/z/zixuan/Isotope/Add/C12_w1_frag4.root)
  MC Flux:    171835926.5184263885
  => Calculated Acc(XfragY) = (Events/Flux)*Scale = 0.0000011123
----------------------------------------
--- Epsilon Calculation Details ---
Flux(C12) at 8.8880598677 GeV/n:   0.0519524793
Flux(Be9) at 8.8880598677 GeV/n: 0.0013415850
=> Flux Ratio (X/Y) from TF1:  38.7247013971
----------------------------------------
Acceptance Ratio (from combined hist): 0.0000328010
Acceptance Ratio (from global spline): 0.0000433174
----------------------------------------
FINAL Epsilon = Flux Ratio * Splined Acc Ratio
              = 38.7247013971 * 0.0000433174
              = 0.0016774545
/**************************************/




/********** DEBUGGING OUTPUT (BIN 17) **********/
Channel: C12 -> Be9, Detector: AGL
Energy (ek/n): 10.5565612202 GeV/n
----------------------------------------
--- Acceptance Calculation Details ---
Scale Factor (3.9^2 * Pi): 47.7836242611
Acc(Y): 
  Raw Events: 129171.0000000000 (from /eos/user/z/zixuan/Isotope/Add/Be9_w1_frag4.root)
  MC Flux:    182910844.1045760810
  => Calculated Acc(Y) = (Events/Flux)*Scale = 0.0337446288
Acc(XfragY): 
  Raw Events: 6.0000000000 (from /eos/user/z/zixuan/Isotope/Add/C12_w1_frag4.root)
  MC Flux:    170353240.5323329568
  => Calculated Acc(XfragY) = (Events/Flux)*Scale = 0.0000016830
----------------------------------------
--- Epsilon Calculation Details ---
Flux(C12) at 10.5565612202 GeV/n:   0.0346072367
Flux(Be9) at 10.5565612202 GeV/n: 0.0008599186
=> Flux Ratio (X/Y) from TF1:  40.2447844301
----------------------------------------
Acceptance Ratio (from combined hist): 0.0000498741
Acceptance Ratio (from global spline): 0.0000449335
----------------------------------------
FINAL Epsilon = Flux Ratio * Splined Acc Ratio
              = 40.2447844301 * 0.0000449335
              = 0.0018083402
/**************************************/




/********** DEBUGGING OUTPUT (BIN 18) **********/
Channel: C12 -> Be9, Detector: AGL
Energy (ek/n): 12.4760880858 GeV/n
----------------------------------------
--- Acceptance Calculation Details ---
Scale Factor (3.9^2 * Pi): 47.7836242611
Acc(Y): 
  Raw Events: 126415.0000000000 (from /eos/user/z/zixuan/Isotope/Add/Be9_w1_frag4.root)
  MC Flux:    178315077.6039031446
  => Calculated Acc(Y) = (Events/Flux)*Scale = 0.0338758054
Acc(XfragY): 
  Raw Events: 6.0000000000 (from /eos/user/z/zixuan/Isotope/Add/C12_w1_frag4.root)
  MC Flux:    166072992.8523654044
  => Calculated Acc(XfragY) = (Events/Flux)*Scale = 0.0000017264
----------------------------------------
--- Epsilon Calculation Details ---
Flux(C12) at 12.4760880858 GeV/n:   0.0229867657
Flux(Be9) at 12.4760880858 GeV/n: 0.0005459211
=> Flux Ratio (X/Y) from TF1:  42.1063913346
----------------------------------------
Acceptance Ratio (from combined hist): 0.0000509614
Acceptance Ratio (from global spline): 0.0000490843
----------------------------------------
FINAL Epsilon = Flux Ratio * Splined Acc Ratio
              = 42.1063913346 * 0.0000490843
              = 0.0020667621
/**************************************/




/********** DEBUGGING OUTPUT (BIN 19) **********/
Channel: C12 -> Be9, Detector: AGL
Energy (ek/n): 14.6714890086 GeV/n
----------------------------------------
--- Acceptance Calculation Details ---
Scale Factor (3.9^2 * Pi): 47.7836242611
Acc(Y): 
  Raw Events: 125142.0000000000 (from /eos/user/z/zixuan/Isotope/Add/Be9_w1_frag4.root)
  MC Flux:    175525970.2872669697
  => Calculated Acc(Y) = (Events/Flux)*Scale = 0.0340675417
Acc(XfragY): 
  Raw Events: 4.0000000000 (from /eos/user/z/zixuan/Isotope/Add/C12_w1_frag4.root)
  MC Flux:    163475369.5572159886
  => Calculated Acc(XfragY) = (Events/Flux)*Scale = 0.0000011692
----------------------------------------
--- Epsilon Calculation Details ---
Flux(C12) at 14.6714890086 GeV/n:   0.0153645058
Flux(Be9) at 14.6714890086 GeV/n: 0.0003465091
=> Flux Ratio (X/Y) from TF1:  44.3408424778
----------------------------------------
Acceptance Ratio (from combined hist): 0.0000343199
Acceptance Ratio (from global spline): 0.0000497938
----------------------------------------
FINAL Epsilon = Flux Ratio * Splined Acc Ratio
              = 44.3408424778 * 0.0000497938
              = 0.0022078972
/**************************************/




/********** DEBUGGING OUTPUT (BIN 20) **********/
Channel: C12 -> Be9, Detector: AGL
Energy (ek/n): 17.1925871018 GeV/n
----------------------------------------
--- Acceptance Calculation Details ---
Scale Factor (3.9^2 * Pi): 47.7836242611
Acc(Y): 
  Raw Events: 123528.0000000000 (from /eos/user/z/zixuan/Isotope/Add/Be9_w1_frag4.root)
  MC Flux:    173527411.0526752770
  => Calculated Acc(Y) = (Events/Flux)*Scale = 0.0340154648
Acc(XfragY): 
  Raw Events: 10.0000000000 (from /eos/user/z/zixuan/Isotope/Add/C12_w1_frag4.root)
  MC Flux:    161614019.8724817932
  => Calculated Acc(XfragY) = (Events/Flux)*Scale = 0.0000029567
----------------------------------------
--- Epsilon Calculation Details ---
Flux(C12) at 17.1925871018 GeV/n:   0.0103915375
Flux(Be9) at 17.1925871018 GeV/n: 0.0002224542
=> Flux Ratio (X/Y) from TF1:  46.7131528567
----------------------------------------
Acceptance Ratio (from combined hist): 0.0000869208
Acceptance Ratio (from global spline): 0.0000416937
----------------------------------------
FINAL Epsilon = Flux Ratio * Splined Acc Ratio
              = 46.7131528567 * 0.0000416937
              = 0.0019476423
/**************************************/




/********** DEBUGGING OUTPUT (BIN 21) **********/
Channel: C12 -> Be9, Detector: AGL
Energy (ek/n): 20.0892620167 GeV/n
----------------------------------------
--- Acceptance Calculation Details ---
Scale Factor (3.9^2 * Pi): 47.7836242611
Acc(Y): 
  Raw Events: 122129.0000000000 (from /eos/user/z/zixuan/Isotope/Add/Be9_w1_frag4.root)
  MC Flux:    171715122.6805283427
  => Calculated Acc(Y) = (Events/Flux)*Scale = 0.0339851619
Acc(XfragY): 
  Raw Events: 2.0000000000 (from /eos/user/z/zixuan/Isotope/Add/C12_w1_frag4.root)
  MC Flux:    159926152.7671410441
  => Calculated Acc(XfragY) = (Events/Flux)*Scale = 0.0000005976
----------------------------------------
--- Epsilon Calculation Details ---
Flux(C12) at 20.0892620167 GeV/n:   0.0070255045
Flux(Be9) at 20.0892620167 GeV/n: 0.0001428910
=> Flux Ratio (X/Y) from TF1:  49.1668744416
----------------------------------------
Acceptance Ratio (from combined hist): 0.0000175833
Acceptance Ratio (from global spline): 0.0000199825
----------------------------------------
FINAL Epsilon = Flux Ratio * Splined Acc Ratio
              = 49.1668744416 * 0.0000199825
              = 0.0009824747
/**************************************/


    INFO: Intermediate results saved to /eos/user/z/zixuan/Isotope/BkgEst/w1_results_C12_to_Be9.pdf

>>> Processing channel: N14 -> Be9...
 flux ratio at 1 GeV/n: 4.5517984803
  -- Detector: TOF --
  -- Detector: NaF --
  -- Detector: AGL --
****************************************
Minimizer is Minuit2 / Migrad
Chi2                      = 16.0528209676
NDf                       =            8
Edm                       = 0.0000010437
NCalls                    =          281
p0                        = 0.0002675971   +/-   0.0000227765
p1                        = 0.0001064488   +/-   0.0000150463
p2                        = 0.0000789564   +/-   0.0000294788
p3                        = 0.0000658115   +/-   0.0000200547
p4                        = 0.0000411476   +/-   0.0000104470
p5                        = 0.0000176713   +/-   0.0000072919
p6                        = 0.0000541614   +/-   0.0001509187
p7                        = -0.0000152754   +/-   0.0005486607
p8                        = 0.0000460865   +/-   0.0016553366


/********** DEBUGGING OUTPUT (BIN 3) **********/
Channel: N14 -> Be9, Detector: TOF
Energy (ek/n): 0.3368463841 GeV/n
----------------------------------------
--- Acceptance Calculation Details ---
Scale Factor (3.9^2 * Pi): 47.7836242611
Acc(Y): 
  Raw Events: 382931.0000000000 (from /eos/user/z/zixuan/Isotope/Add/Be9_w1_frag4.root)
  MC Flux:    278918108.6146725416
  => Calculated Acc(Y) = (Events/Flux)*Scale = 0.0656028793
Acc(XfragY): 
  Raw Events: 101.0000000000 (from /eos/user/z/zixuan/Isotope/Add/N14_w1_frag4.root)
  MC Flux:    270692465.2423504591
  => Calculated Acc(XfragY) = (Events/Flux)*Scale = 0.0000178289
----------------------------------------
--- Epsilon Calculation Details ---
Flux(N14) at 0.3368463841 GeV/n:   0.9463337766
Flux(Be9) at 0.3368463841 GeV/n: 0.1768366220
=> Flux Ratio (X/Y) from TF1:  5.3514581186
----------------------------------------
Acceptance Ratio (from combined hist): 0.0002717699
Acceptance Ratio (from global spline): 0.0002673951
----------------------------------------
FINAL Epsilon = Flux Ratio * Splined Acc Ratio
              = 5.3514581186 * 0.0002673951
              = 0.0014309538
/**************************************/




/********** DEBUGGING OUTPUT (BIN 4) **********/
Channel: N14 -> Be9, Detector: TOF
Energy (ek/n): 0.4968766615 GeV/n
----------------------------------------
--- Acceptance Calculation Details ---
Scale Factor (3.9^2 * Pi): 47.7836242611
Acc(Y): 
  Raw Events: 349750.0000000000 (from /eos/user/z/zixuan/Isotope/Add/Be9_w1_frag4.root)
  MC Flux:    259095554.4443463683
  => Calculated Acc(Y) = (Events/Flux)*Scale = 0.0645025447
Acc(XfragY): 
  Raw Events: 73.0000000000 (from /eos/user/z/zixuan/Isotope/Add/N14_w1_frag4.root)
  MC Flux:    251454502.9514956474
  => Calculated Acc(XfragY) = (Events/Flux)*Scale = 0.0000138721
----------------------------------------
--- Epsilon Calculation Details ---
Flux(N14) at 0.4968766615 GeV/n:   0.6613844464
Flux(Be9) at 0.4968766615 GeV/n: 0.1296144122
=> Flux Ratio (X/Y) from TF1:  5.1027076021
----------------------------------------
Acceptance Ratio (from combined hist): 0.0002150630
Acceptance Ratio (from global spline): 0.0002074238
----------------------------------------
FINAL Epsilon = Flux Ratio * Splined Acc Ratio
              = 5.1027076021 * 0.0002074238
              = 0.0010584229
/**************************************/




/********** DEBUGGING OUTPUT (BIN 5) **********/
Channel: N14 -> Be9, Detector: TOF
Energy (ek/n): 0.7045414310 GeV/n
----------------------------------------
--- Acceptance Calculation Details ---
Scale Factor (3.9^2 * Pi): 47.7836242611
Acc(Y): 
  Raw Events: 318096.0000000000 (from /eos/user/z/zixuan/Isotope/Add/Be9_w1_frag4.root)
  MC Flux:    247425948.3769590259
  => Calculated Acc(Y) = (Events/Flux)*Scale = 0.0614316317
Acc(XfragY): 
  Raw Events: 34.0000000000 (from /eos/user/z/zixuan/Isotope/Add/N14_w1_frag4.root)
  MC Flux:    240129048.1415599585
  => Calculated Acc(XfragY) = (Events/Flux)*Scale = 0.0000067657
----------------------------------------
--- Epsilon Calculation Details ---
Flux(N14) at 0.7045414310 GeV/n:   0.5056970681
Flux(Be9) at 0.7045414310 GeV/n: 0.1033862991
=> Flux Ratio (X/Y) from TF1:  4.8913354328
----------------------------------------
Acceptance Ratio (from combined hist): 0.0001101340
Acceptance Ratio (from global spline): 0.0001227432
----------------------------------------
FINAL Epsilon = Flux Ratio * Splined Acc Ratio
              = 4.8913354328 * 0.0001227432
              = 0.0006003784
/**************************************/




/********** DEBUGGING OUTPUT (BIN 6) **********/
Channel: N14 -> Be9, Detector: TOF
Energy (ek/n): 0.9672506104 GeV/n
----------------------------------------
--- Acceptance Calculation Details ---
Scale Factor (3.9^2 * Pi): 47.7836242611
Acc(Y): 
  Raw Events: 295175.0000000000 (from /eos/user/z/zixuan/Isotope/Add/Be9_w1_frag4.root)
  MC Flux:    236196230.2198379636
  => Calculated Acc(Y) = (Events/Flux)*Scale = 0.0597153108
Acc(XfragY): 
  Raw Events: 29.0000000000 (from /eos/user/z/zixuan/Isotope/Add/N14_w1_frag4.root)
  MC Flux:    229230508.3980275989
  => Calculated Acc(XfragY) = (Events/Flux)*Scale = 0.0000060451
----------------------------------------
--- Epsilon Calculation Details ---
Flux(N14) at 0.9672506104 GeV/n:   0.3601010089
Flux(Be9) at 0.9672506104 GeV/n: 0.0786147219
=> Flux Ratio (X/Y) from TF1:  4.5805798248
----------------------------------------
Acceptance Ratio (from combined hist): 0.0001012323
Acceptance Ratio (from global spline): 0.0000834055
----------------------------------------
FINAL Epsilon = Flux Ratio * Splined Acc Ratio
              = 4.5805798248 * 0.0000834055
              = 0.0003820455
/**************************************/




/********** DEBUGGING OUTPUT (BIN 7) **********/
Channel: N14 -> Be9, Detector: NaF
Energy (ek/n): 1.2922125341 GeV/n
----------------------------------------
--- Acceptance Calculation Details ---
Scale Factor (3.9^2 * Pi): 47.7836242611
Acc(Y): 
  Raw Events: 26966.0000000000 (from /eos/user/z/zixuan/Isotope/Add/Be9_w1_frag4.root)
  MC Flux:    228061652.8529227674
  => Calculated Acc(Y) = (Events/Flux)*Scale = 0.0056499337
Acc(XfragY): 
  Raw Events: 0.0000000000 (from /eos/user/z/zixuan/Isotope/Add/N14_w1_frag4.root)
  MC Flux:    221335829.8771829009
  => Calculated Acc(XfragY) = (Events/Flux)*Scale = 0.0000000000
----------------------------------------
--- Epsilon Calculation Details ---
Flux(N14) at 1.2922125341 GeV/n:   0.2643590385
Flux(Be9) at 1.2922125341 GeV/n: 0.0602366023
=> Flux Ratio (X/Y) from TF1:  4.3886777853
----------------------------------------
Acceptance Ratio (from combined hist): 0.0000000000
Acceptance Ratio (from global spline): 0.0000786074
----------------------------------------
FINAL Epsilon = Flux Ratio * Splined Acc Ratio
              = 4.3886777853 * 0.0000786074
              = 0.0003449826
/**************************************/




/********** DEBUGGING OUTPUT (BIN 8) **********/
Channel: N14 -> Be9, Detector: NaF
Energy (ek/n): 1.6909447265 GeV/n
----------------------------------------
--- Acceptance Calculation Details ---
Scale Factor (3.9^2 * Pi): 47.7836242611
Acc(Y): 
  Raw Events: 26095.0000000000 (from /eos/user/z/zixuan/Isotope/Add/Be9_w1_frag4.root)
  MC Flux:    223431612.1800988913
  => Calculated Acc(Y) = (Events/Flux)*Scale = 0.0055807397
Acc(XfragY): 
  Raw Events: 1.0000000000 (from /eos/user/z/zixuan/Isotope/Add/N14_w1_frag4.root)
  MC Flux:    216842334.8863987625
  => Calculated Acc(XfragY) = (Events/Flux)*Scale = 0.0000002204
----------------------------------------
--- Epsilon Calculation Details ---
Flux(N14) at 1.6909447265 GeV/n:   0.1827408793
Flux(Be9) at 1.6909447265 GeV/n: 0.0432273523
=> Flux Ratio (X/Y) from TF1:  4.2274363290
----------------------------------------
Acceptance Ratio (from combined hist): 0.0000394860
Acceptance Ratio (from global spline): 0.0000785640
----------------------------------------
FINAL Epsilon = Flux Ratio * Splined Acc Ratio
              = 4.2274363290 * 0.0000785640
              = 0.0003321242
/**************************************/




/********** DEBUGGING OUTPUT (BIN 9) **********/
Channel: N14 -> Be9, Detector: NaF
Energy (ek/n): 2.1727158116 GeV/n
----------------------------------------
--- Acceptance Calculation Details ---
Scale Factor (3.9^2 * Pi): 47.7836242611
Acc(Y): 
  Raw Events: 25442.0000000000 (from /eos/user/z/zixuan/Isotope/Add/Be9_w1_frag4.root)
  MC Flux:    216371882.1910135448
  => Calculated Acc(Y) = (Events/Flux)*Scale = 0.0056186181
Acc(XfragY): 
  Raw Events: 2.0000000000 (from /eos/user/z/zixuan/Isotope/Add/N14_w1_frag4.root)
  MC Flux:    209990805.1518020928
  => Calculated Acc(XfragY) = (Events/Flux)*Scale = 0.0000004551
----------------------------------------
--- Epsilon Calculation Details ---
Flux(N14) at 2.1727158116 GeV/n:   0.1223238031
Flux(Be9) at 2.1727158116 GeV/n: 0.0293457615
=> Flux Ratio (X/Y) from TF1:  4.1683635692
----------------------------------------
Acceptance Ratio (from combined hist): 0.0000809989
Acceptance Ratio (from global spline): 0.0000753205
----------------------------------------
FINAL Epsilon = Flux Ratio * Splined Acc Ratio
              = 4.1683635692 * 0.0000753205
              = 0.0003139633
/**************************************/




/********** DEBUGGING OUTPUT (BIN 10) **********/
Channel: N14 -> Be9, Detector: NaF
Energy (ek/n): 2.7468447478 GeV/n
----------------------------------------
--- Acceptance Calculation Details ---
Scale Factor (3.9^2 * Pi): 47.7836242611
Acc(Y): 
  Raw Events: 25567.0000000000 (from /eos/user/z/zixuan/Isotope/Add/Be9_w1_frag4.root)
  MC Flux:    211098123.0116979182
  => Calculated Acc(Y) = (Events/Flux)*Scale = 0.0057872799
Acc(XfragY): 
  Raw Events: 0.0000000000 (from /eos/user/z/zixuan/Isotope/Add/N14_w1_frag4.root)
  MC Flux:    204872575.7172422409
  => Calculated Acc(XfragY) = (Events/Flux)*Scale = 0.0000000000
----------------------------------------
--- Epsilon Calculation Details ---
Flux(N14) at 2.7468447478 GeV/n:   0.0790148422
Flux(Be9) at 2.7468447478 GeV/n: 0.0189200419
=> Flux Ratio (X/Y) from TF1:  4.1762508970
----------------------------------------
Acceptance Ratio (from combined hist): 0.0000000000
Acceptance Ratio (from global spline): 0.0000699232
----------------------------------------
FINAL Epsilon = Flux Ratio * Splined Acc Ratio
              = 4.1762508970 * 0.0000699232
              = 0.0002920168
/**************************************/




/********** DEBUGGING OUTPUT (BIN 11) **********/
Channel: N14 -> Be9, Detector: AGL
Energy (ek/n): 3.4250117177 GeV/n
----------------------------------------
--- Acceptance Calculation Details ---
Scale Factor (3.9^2 * Pi): 47.7836242611
Acc(Y): 
  Raw Events: 135199.0000000000 (from /eos/user/z/zixuan/Isotope/Add/Be9_w1_frag4.root)
  MC Flux:    205194415.5296795666
  => Calculated Acc(Y) = (Events/Flux)*Scale = 0.0314837916
Acc(XfragY): 
  Raw Events: 9.0000000000 (from /eos/user/z/zixuan/Isotope/Add/N14_w1_frag4.root)
  MC Flux:    199142975.9421876073
  => Calculated Acc(XfragY) = (Events/Flux)*Scale = 0.0000021595
----------------------------------------
--- Epsilon Calculation Details ---
Flux(N14) at 3.4250117177 GeV/n:   0.0514629550
Flux(Be9) at 3.4250117177 GeV/n: 0.0122690370
=> Flux Ratio (X/Y) from TF1:  4.1945390721
----------------------------------------
Acceptance Ratio (from combined hist): 0.0000685914
Acceptance Ratio (from global spline): 0.0000631896
----------------------------------------
FINAL Epsilon = Flux Ratio * Splined Acc Ratio
              = 4.1945390721 * 0.0000631896
              = 0.0002650514
/**************************************/




/********** DEBUGGING OUTPUT (BIN 12) **********/
Channel: N14 -> Be9, Detector: AGL
Energy (ek/n): 4.2190486071 GeV/n
----------------------------------------
--- Acceptance Calculation Details ---
Scale Factor (3.9^2 * Pi): 47.7836242611
Acc(Y): 
  Raw Events: 137071.0000000000 (from /eos/user/z/zixuan/Isotope/Add/Be9_w1_frag4.root)
  MC Flux:    199933990.5918053389
  => Calculated Acc(Y) = (Events/Flux)*Scale = 0.0327595580
Acc(XfragY): 
  Raw Events: 10.0000000000 (from /eos/user/z/zixuan/Isotope/Add/N14_w1_frag4.root)
  MC Flux:    194037687.5056353211
  => Calculated Acc(XfragY) = (Events/Flux)*Scale = 0.0000024626
----------------------------------------
--- Epsilon Calculation Details ---
Flux(N14) at 4.2190486071 GeV/n:   0.0331087165
Flux(Be9) at 4.2190486071 GeV/n: 0.0078479250
=> Flux Ratio (X/Y) from TF1:  4.2187860303
----------------------------------------
Acceptance Ratio (from combined hist): 0.0000751718
Acceptance Ratio (from global spline): 0.0000553368
----------------------------------------
FINAL Epsilon = Flux Ratio * Splined Acc Ratio
              = 4.2187860303 * 0.0000553368
              = 0.0002334540
/**************************************/




/********** DEBUGGING OUTPUT (BIN 13) **********/
Channel: N14 -> Be9, Detector: AGL
Energy (ek/n): 5.1408648843 GeV/n
----------------------------------------
--- Acceptance Calculation Details ---
Scale Factor (3.9^2 * Pi): 47.7836242611
Acc(Y): 
  Raw Events: 134671.0000000000 (from /eos/user/z/zixuan/Isotope/Add/Be9_w1_frag4.root)
  MC Flux:    193969175.5960669219
  => Calculated Acc(Y) = (Events/Flux)*Scale = 0.0331757272
Acc(XfragY): 
  Raw Events: 4.0000000000 (from /eos/user/z/zixuan/Isotope/Add/N14_w1_frag4.root)
  MC Flux:    188248782.3537592292
  => Calculated Acc(XfragY) = (Events/Flux)*Scale = 0.0000010153
----------------------------------------
--- Epsilon Calculation Details ---
Flux(N14) at 5.1408648843 GeV/n:   0.0216186832
Flux(Be9) at 5.1408648843 GeV/n: 0.0050802181
=> Flux Ratio (X/Y) from TF1:  4.2554635818
----------------------------------------
Acceptance Ratio (from combined hist): 0.0000306046
Acceptance Ratio (from global spline): 0.0000460551
----------------------------------------
FINAL Epsilon = Flux Ratio * Splined Acc Ratio
              = 4.2554635818 * 0.0000460551
              = 0.0001959856
/**************************************/




/********** DEBUGGING OUTPUT (BIN 14) **********/
Channel: N14 -> Be9, Detector: AGL
Energy (ek/n): 6.2049547931 GeV/n
----------------------------------------
--- Acceptance Calculation Details ---
Scale Factor (3.9^2 * Pi): 47.7836242611
Acc(Y): 
  Raw Events: 132272.0000000000 (from /eos/user/z/zixuan/Isotope/Add/Be9_w1_frag4.root)
  MC Flux:    189149831.4636916816
  => Calculated Acc(Y) = (Events/Flux)*Scale = 0.0334149679
Acc(XfragY): 
  Raw Events: 4.0000000000 (from /eos/user/z/zixuan/Isotope/Add/N14_w1_frag4.root)
  MC Flux:    183571566.6988726258
  => Calculated Acc(XfragY) = (Events/Flux)*Scale = 0.0000010412
----------------------------------------
--- Epsilon Calculation Details ---
Flux(N14) at 6.2049547931 GeV/n:   0.0141850453
Flux(Be9) at 6.2049547931 GeV/n: 0.0032867936
=> Flux Ratio (X/Y) from TF1:  4.3157700548
----------------------------------------
Acceptance Ratio (from combined hist): 0.0000311597
Acceptance Ratio (from global spline): 0.0000352058
----------------------------------------
FINAL Epsilon = Flux Ratio * Splined Acc Ratio
              = 4.3157700548 * 0.0000352058
              = 0.0001519402
/**************************************/




/********** DEBUGGING OUTPUT (BIN 15) **********/
Channel: N14 -> Be9, Detector: AGL
Energy (ek/n): 7.4457899798 GeV/n
----------------------------------------
--- Acceptance Calculation Details ---
Scale Factor (3.9^2 * Pi): 47.7836242611
Acc(Y): 
  Raw Events: 133290.0000000000 (from /eos/user/z/zixuan/Isotope/Add/Be9_w1_frag4.root)
  MC Flux:    188703334.2345405221
  => Calculated Acc(Y) = (Events/Flux)*Scale = 0.0337518110
Acc(XfragY): 
  Raw Events: 6.0000000000 (from /eos/user/z/zixuan/Isotope/Add/N14_w1_frag4.root)
  MC Flux:    183138237.2306533456
  => Calculated Acc(XfragY) = (Events/Flux)*Scale = 0.0000015655
----------------------------------------
--- Epsilon Calculation Details ---
Flux(N14) at 7.4457899798 GeV/n:   0.0091983207
Flux(Be9) at 7.4457899798 GeV/n: 0.0020992245
=> Flux Ratio (X/Y) from TF1:  4.3817709417
----------------------------------------
Acceptance Ratio (from combined hist): 0.0000463825
Acceptance Ratio (from global spline): 0.0000247088
----------------------------------------
FINAL Epsilon = Flux Ratio * Splined Acc Ratio
              = 4.3817709417 * 0.0000247088
              = 0.0001082683
/**************************************/




/********** DEBUGGING OUTPUT (BIN 16) **********/
Channel: N14 -> Be9, Detector: AGL
Energy (ek/n): 8.8880598677 GeV/n
----------------------------------------
--- Acceptance Calculation Details ---
Scale Factor (3.9^2 * Pi): 47.7836242611
Acc(Y): 
  Raw Events: 130937.0000000000 (from /eos/user/z/zixuan/Isotope/Add/Be9_w1_frag4.root)
  MC Flux:    184502826.4138700962
  => Calculated Acc(Y) = (Events/Flux)*Scale = 0.0339108323
Acc(XfragY): 
  Raw Events: 7.0000000000 (from /eos/user/z/zixuan/Isotope/Add/N14_w1_frag4.root)
  MC Flux:    179061607.6317557991
  => Calculated Acc(XfragY) = (Events/Flux)*Scale = 0.0000018680
----------------------------------------
--- Epsilon Calculation Details ---
Flux(N14) at 8.8880598677 GeV/n:   0.0059620302
Flux(Be9) at 8.8880598677 GeV/n: 0.0013415850
=> Flux Ratio (X/Y) from TF1:  4.4440196564
----------------------------------------
Acceptance Ratio (from combined hist): 0.0000550854
Acceptance Ratio (from global spline): 0.0000182020
----------------------------------------
FINAL Epsilon = Flux Ratio * Splined Acc Ratio
              = 4.4440196564 * 0.0000182020
              = 0.0000808899
/**************************************/




/********** DEBUGGING OUTPUT (BIN 17) **********/
Channel: N14 -> Be9, Detector: AGL
Energy (ek/n): 10.5565612202 GeV/n
----------------------------------------
--- Acceptance Calculation Details ---
Scale Factor (3.9^2 * Pi): 47.7836242611
Acc(Y): 
  Raw Events: 129171.0000000000 (from /eos/user/z/zixuan/Isotope/Add/Be9_w1_frag4.root)
  MC Flux:    182910844.1045760810
  => Calculated Acc(Y) = (Events/Flux)*Scale = 0.0337446288
Acc(XfragY): 
  Raw Events: 1.0000000000 (from /eos/user/z/zixuan/Isotope/Add/N14_w1_frag4.root)
  MC Flux:    177516574.8690378666
  => Calculated Acc(XfragY) = (Events/Flux)*Scale = 0.0000002692
----------------------------------------
--- Epsilon Calculation Details ---
Flux(N14) at 10.5565612202 GeV/n:   0.0038838111
Flux(Be9) at 10.5565612202 GeV/n: 0.0008599186
=> Flux Ratio (X/Y) from TF1:  4.5164871372
----------------------------------------
Acceptance Ratio (from combined hist): 0.0000079769
Acceptance Ratio (from global spline): 0.0000187598
----------------------------------------
FINAL Epsilon = Flux Ratio * Splined Acc Ratio
              = 4.5164871372 * 0.0000187598
              = 0.0000847285
/**************************************/




/********** DEBUGGING OUTPUT (BIN 18) **********/
Channel: N14 -> Be9, Detector: AGL
Energy (ek/n): 12.4760880858 GeV/n
----------------------------------------
--- Acceptance Calculation Details ---
Scale Factor (3.9^2 * Pi): 47.7836242611
Acc(Y): 
  Raw Events: 126415.0000000000 (from /eos/user/z/zixuan/Isotope/Add/Be9_w1_frag4.root)
  MC Flux:    178315077.6039031446
  => Calculated Acc(Y) = (Events/Flux)*Scale = 0.0338758054
Acc(XfragY): 
  Raw Events: 5.0000000000 (from /eos/user/z/zixuan/Isotope/Add/N14_w1_frag4.root)
  MC Flux:    173056343.2622618675
  => Calculated Acc(XfragY) = (Events/Flux)*Scale = 0.0000013806
----------------------------------------
--- Epsilon Calculation Details ---
Flux(N14) at 12.4760880858 GeV/n:   0.0025162837
Flux(Be9) at 12.4760880858 GeV/n: 0.0005459211
=> Flux Ratio (X/Y) from TF1:  4.6092445774
----------------------------------------
Acceptance Ratio (from combined hist): 0.0000407542
Acceptance Ratio (from global spline): 0.0000265540
----------------------------------------
FINAL Epsilon = Flux Ratio * Splined Acc Ratio
              = 4.6092445774 * 0.0000265540
              = 0.0001223938
/**************************************/




/********** DEBUGGING OUTPUT (BIN 19) **********/
Channel: N14 -> Be9, Detector: AGL
Energy (ek/n): 14.6714890086 GeV/n
----------------------------------------
--- Acceptance Calculation Details ---
Scale Factor (3.9^2 * Pi): 47.7836242611
Acc(Y): 
  Raw Events: 125142.0000000000 (from /eos/user/z/zixuan/Isotope/Add/Be9_w1_frag4.root)
  MC Flux:    175525970.2872669697
  => Calculated Acc(Y) = (Events/Flux)*Scale = 0.0340675417
Acc(XfragY): 
  Raw Events: 11.0000000000 (from /eos/user/z/zixuan/Isotope/Add/N14_w1_frag4.root)
  MC Flux:    170349490.2037938237
  => Calculated Acc(XfragY) = (Events/Flux)*Scale = 0.0000030855
----------------------------------------
--- Epsilon Calculation Details ---
Flux(N14) at 14.6714890086 GeV/n:   0.0016280305
Flux(Be9) at 14.6714890086 GeV/n: 0.0003465091
=> Flux Ratio (X/Y) from TF1:  4.6983772952
----------------------------------------
Acceptance Ratio (from combined hist): 0.0000905712
Acceptance Ratio (from global spline): 0.0000380152
----------------------------------------
FINAL Epsilon = Flux Ratio * Splined Acc Ratio
              = 4.6983772952 * 0.0000380152
              = 0.0001786098
/**************************************/




/********** DEBUGGING OUTPUT (BIN 20) **********/
Channel: N14 -> Be9, Detector: AGL
Energy (ek/n): 17.1925871018 GeV/n
----------------------------------------
--- Acceptance Calculation Details ---
Scale Factor (3.9^2 * Pi): 47.7836242611
Acc(Y): 
  Raw Events: 123528.0000000000 (from /eos/user/z/zixuan/Isotope/Add/Be9_w1_frag4.root)
  MC Flux:    173527411.0526752770
  => Calculated Acc(Y) = (Events/Flux)*Scale = 0.0340154648
Acc(XfragY): 
  Raw Events: 4.0000000000 (from /eos/user/z/zixuan/Isotope/Add/N14_w1_frag4.root)
  MC Flux:    168409870.9770912230
  => Calculated Acc(XfragY) = (Events/Flux)*Scale = 0.0000011349
----------------------------------------
--- Epsilon Calculation Details ---
Flux(N14) at 17.1925871018 GeV/n:   0.0010633025
Flux(Be9) at 17.1925871018 GeV/n: 0.0002224542
=> Flux Ratio (X/Y) from TF1:  4.7798712238
----------------------------------------
Acceptance Ratio (from combined hist): 0.0000333653
Acceptance Ratio (from global spline): 0.0000499056
----------------------------------------
FINAL Epsilon = Flux Ratio * Splined Acc Ratio
              = 4.7798712238 * 0.0000499056
              = 0.0002385424
/**************************************/




/********** DEBUGGING OUTPUT (BIN 21) **********/
Channel: N14 -> Be9, Detector: AGL
Energy (ek/n): 20.0892620167 GeV/n
----------------------------------------
--- Acceptance Calculation Details ---
Scale Factor (3.9^2 * Pi): 47.7836242611
Acc(Y): 
  Raw Events: 122129.0000000000 (from /eos/user/z/zixuan/Isotope/Add/Be9_w1_frag4.root)
  MC Flux:    171715122.6805283427
  => Calculated Acc(Y) = (Events/Flux)*Scale = 0.0339851619
Acc(XfragY): 
  Raw Events: 8.0000000000 (from /eos/user/z/zixuan/Isotope/Add/N14_w1_frag4.root)
  MC Flux:    166651029.2524609268
  => Calculated Acc(XfragY) = (Events/Flux)*Scale = 0.0000022938
----------------------------------------
--- Epsilon Calculation Details ---
Flux(N14) at 20.0892620167 GeV/n:   0.0006980497
Flux(Be9) at 20.0892620167 GeV/n: 0.0001428910
=> Flux Ratio (X/Y) from TF1:  4.8851897658
----------------------------------------
Acceptance Ratio (from combined hist): 0.0000674950
Acceptance Ratio (from global spline): 0.0000593781
----------------------------------------
FINAL Epsilon = Flux Ratio * Splined Acc Ratio
              = 4.8851897658 * 0.0000593781
              = 0.0002900732
/**************************************/


    INFO: Intermediate results saved to /eos/user/z/zixuan/Isotope/BkgEst/w1_results_N14_to_Be9.pdf

>>> Processing channel: N15 -> Be9...
 flux ratio at 1 GeV/n: 4.5517984803
  -- Detector: TOF --
  -- Detector: NaF --
  -- Detector: AGL --
****************************************
Minimizer is Minuit2 / Migrad
Chi2                      = 15.0144565559
NDf                       =            9
Edm                       = 0.0000000001
NCalls                    =          281
p0                        = 0.0003008109   +/-   0.0000231071
p1                        = 0.0001329746   +/-   0.0000160918
p2                        = 0.0000686087   +/-   0.0000295696
p3                        = 0.0000314777   +/-   0.0000110662
p4                        = 0.0000264185   +/-   0.0000087628
p5                        = 0.0000325544   +/-   0.0000095484
p6                        = -0.0000340020   +/-   0.0000841470
p7                        = -0.0000500425   +/-   0.0003136433
p8                        = 0.0001509808   +/-   0.0009462772


/********** DEBUGGING OUTPUT (BIN 3) **********/
Channel: N15 -> Be9, Detector: TOF
Energy (ek/n): 0.3368463841 GeV/n
----------------------------------------
--- Acceptance Calculation Details ---
Scale Factor (3.9^2 * Pi): 47.7836242611
Acc(Y): 
  Raw Events: 382931.0000000000 (from /eos/user/z/zixuan/Isotope/Add/Be9_w1_frag4.root)
  MC Flux:    278918108.6146725416
  => Calculated Acc(Y) = (Events/Flux)*Scale = 0.0656028793
Acc(XfragY): 
  Raw Events: 136.0000000000 (from /eos/user/z/zixuan/Isotope/Add/N15_w1_frag4.root)
  MC Flux:    300457445.0453983545
  => Calculated Acc(XfragY) = (Events/Flux)*Scale = 0.0000216289
----------------------------------------
--- Epsilon Calculation Details ---
Flux(N15) at 0.3368463841 GeV/n:   0.9463337766
Flux(Be9) at 0.3368463841 GeV/n: 0.1768366220
=> Flux Ratio (X/Y) from TF1:  5.3514581186
----------------------------------------
Acceptance Ratio (from combined hist): 0.0003296948
Acceptance Ratio (from global spline): 0.0003006170
----------------------------------------
FINAL Epsilon = Flux Ratio * Splined Acc Ratio
              = 5.3514581186 * 0.0003006170
              = 0.0016087395
/**************************************/




/********** DEBUGGING OUTPUT (BIN 4) **********/
Channel: N15 -> Be9, Detector: TOF
Energy (ek/n): 0.4968766615 GeV/n
----------------------------------------
--- Acceptance Calculation Details ---
Scale Factor (3.9^2 * Pi): 47.7836242611
Acc(Y): 
  Raw Events: 349750.0000000000 (from /eos/user/z/zixuan/Isotope/Add/Be9_w1_frag4.root)
  MC Flux:    259095554.4443463683
  => Calculated Acc(Y) = (Events/Flux)*Scale = 0.0645025447
Acc(XfragY): 
  Raw Events: 80.0000000000 (from /eos/user/z/zixuan/Isotope/Add/N15_w1_frag4.root)
  MC Flux:    279104102.2672202587
  => Calculated Acc(XfragY) = (Events/Flux)*Scale = 0.0000136963
----------------------------------------
--- Epsilon Calculation Details ---
Flux(N15) at 0.4968766615 GeV/n:   0.6613844464
Flux(Be9) at 0.4968766615 GeV/n: 0.1296144122
=> Flux Ratio (X/Y) from TF1:  5.1027076021
----------------------------------------
Acceptance Ratio (from combined hist): 0.0002123372
Acceptance Ratio (from global spline): 0.0002416043
----------------------------------------
FINAL Epsilon = Flux Ratio * Splined Acc Ratio
              = 5.1027076021 * 0.0002416043
              = 0.0012328360
/**************************************/




/********** DEBUGGING OUTPUT (BIN 5) **********/
Channel: N15 -> Be9, Detector: TOF
Energy (ek/n): 0.7045414310 GeV/n
----------------------------------------
--- Acceptance Calculation Details ---
Scale Factor (3.9^2 * Pi): 47.7836242611
Acc(Y): 
  Raw Events: 318096.0000000000 (from /eos/user/z/zixuan/Isotope/Add/Be9_w1_frag4.root)
  MC Flux:    247425948.3769590259
  => Calculated Acc(Y) = (Events/Flux)*Scale = 0.0614316317
Acc(XfragY): 
  Raw Events: 57.0000000000 (from /eos/user/z/zixuan/Isotope/Add/N15_w1_frag4.root)
  MC Flux:    266533315.6621186137
  => Calculated Acc(XfragY) = (Events/Flux)*Scale = 0.0000102189
----------------------------------------
--- Epsilon Calculation Details ---
Flux(N15) at 0.7045414310 GeV/n:   0.5056970681
Flux(Be9) at 0.7045414310 GeV/n: 0.1033862991
=> Flux Ratio (X/Y) from TF1:  4.8913354328
----------------------------------------
Acceptance Ratio (from combined hist): 0.0001663452
Acceptance Ratio (from global spline): 0.0001523583
----------------------------------------
FINAL Epsilon = Flux Ratio * Splined Acc Ratio
              = 4.8913354328 * 0.0001523583
              = 0.0007452357
/**************************************/




/********** DEBUGGING OUTPUT (BIN 6) **********/
Channel: N15 -> Be9, Detector: TOF
Energy (ek/n): 0.9672506104 GeV/n
----------------------------------------
--- Acceptance Calculation Details ---
Scale Factor (3.9^2 * Pi): 47.7836242611
Acc(Y): 
  Raw Events: 295175.0000000000 (from /eos/user/z/zixuan/Isotope/Add/Be9_w1_frag4.root)
  MC Flux:    236196230.2198379636
  => Calculated Acc(Y) = (Events/Flux)*Scale = 0.0597153108
Acc(XfragY): 
  Raw Events: 32.0000000000 (from /eos/user/z/zixuan/Isotope/Add/N15_w1_frag4.root)
  MC Flux:    254436387.1305629909
  => Calculated Acc(XfragY) = (Events/Flux)*Scale = 0.0000060097
----------------------------------------
--- Epsilon Calculation Details ---
Flux(N15) at 0.9672506104 GeV/n:   0.3601010089
Flux(Be9) at 0.9672506104 GeV/n: 0.0786147219
=> Flux Ratio (X/Y) from TF1:  4.5805798248
----------------------------------------
Acceptance Ratio (from combined hist): 0.0001006385
Acceptance Ratio (from global spline): 0.0000978356
----------------------------------------
FINAL Epsilon = Flux Ratio * Splined Acc Ratio
              = 4.5805798248 * 0.0000978356
              = 0.0004481437
/**************************************/




/********** DEBUGGING OUTPUT (BIN 7) **********/
Channel: N15 -> Be9, Detector: NaF
Energy (ek/n): 1.2922125341 GeV/n
----------------------------------------
--- Acceptance Calculation Details ---
Scale Factor (3.9^2 * Pi): 47.7836242611
Acc(Y): 
  Raw Events: 26966.0000000000 (from /eos/user/z/zixuan/Isotope/Add/Be9_w1_frag4.root)
  MC Flux:    228061652.8529227674
  => Calculated Acc(Y) = (Events/Flux)*Scale = 0.0056499337
Acc(XfragY): 
  Raw Events: 0.0000000000 (from /eos/user/z/zixuan/Isotope/Add/N15_w1_frag4.root)
  MC Flux:    245673620.3660572171
  => Calculated Acc(XfragY) = (Events/Flux)*Scale = 0.0000000000
----------------------------------------
--- Epsilon Calculation Details ---
Flux(N15) at 1.2922125341 GeV/n:   0.2643590385
Flux(Be9) at 1.2922125341 GeV/n: 0.0602366023
=> Flux Ratio (X/Y) from TF1:  4.3886777853
----------------------------------------
Acceptance Ratio (from combined hist): 0.0000000000
Acceptance Ratio (from global spline): 0.0000737925
----------------------------------------
FINAL Epsilon = Flux Ratio * Splined Acc Ratio
              = 4.3886777853 * 0.0000737925
              = 0.0003238516
/**************************************/




/********** DEBUGGING OUTPUT (BIN 8) **********/
Channel: N15 -> Be9, Detector: NaF
Energy (ek/n): 1.6909447265 GeV/n
----------------------------------------
--- Acceptance Calculation Details ---
Scale Factor (3.9^2 * Pi): 47.7836242611
Acc(Y): 
  Raw Events: 26095.0000000000 (from /eos/user/z/zixuan/Isotope/Add/Be9_w1_frag4.root)
  MC Flux:    223431612.1800988913
  => Calculated Acc(Y) = (Events/Flux)*Scale = 0.0055807397
Acc(XfragY): 
  Raw Events: 2.0000000000 (from /eos/user/z/zixuan/Isotope/Add/N15_w1_frag4.root)
  MC Flux:    240686026.7030910552
  => Calculated Acc(XfragY) = (Events/Flux)*Scale = 0.0000003971
----------------------------------------
--- Epsilon Calculation Details ---
Flux(N15) at 1.6909447265 GeV/n:   0.1827408793
Flux(Be9) at 1.6909447265 GeV/n: 0.0432273523
=> Flux Ratio (X/Y) from TF1:  4.2274363290
----------------------------------------
Acceptance Ratio (from combined hist): 0.0000711486
Acceptance Ratio (from global spline): 0.0000583107
----------------------------------------
FINAL Epsilon = Flux Ratio * Splined Acc Ratio
              = 4.2274363290 * 0.0000583107
              = 0.0002465050
/**************************************/




/********** DEBUGGING OUTPUT (BIN 9) **********/
Channel: N15 -> Be9, Detector: NaF
Energy (ek/n): 2.1727158116 GeV/n
----------------------------------------
--- Acceptance Calculation Details ---
Scale Factor (3.9^2 * Pi): 47.7836242611
Acc(Y): 
  Raw Events: 25442.0000000000 (from /eos/user/z/zixuan/Isotope/Add/Be9_w1_frag4.root)
  MC Flux:    216371882.1910135448
  => Calculated Acc(Y) = (Events/Flux)*Scale = 0.0056186181
Acc(XfragY): 
  Raw Events: 1.0000000000 (from /eos/user/z/zixuan/Isotope/Add/N15_w1_frag4.root)
  MC Flux:    233081111.9639005065
  => Calculated Acc(XfragY) = (Events/Flux)*Scale = 0.0000002050
----------------------------------------
--- Epsilon Calculation Details ---
Flux(N15) at 2.1727158116 GeV/n:   0.1223238031
Flux(Be9) at 2.1727158116 GeV/n: 0.0293457615
=> Flux Ratio (X/Y) from TF1:  4.1683635692
----------------------------------------
Acceptance Ratio (from combined hist): 0.0000364874
Acceptance Ratio (from global spline): 0.0000454668
----------------------------------------
FINAL Epsilon = Flux Ratio * Splined Acc Ratio
              = 4.1683635692 * 0.0000454668
              = 0.0001895223
/**************************************/




/********** DEBUGGING OUTPUT (BIN 10) **********/
Channel: N15 -> Be9, Detector: NaF
Energy (ek/n): 2.7468447478 GeV/n
----------------------------------------
--- Acceptance Calculation Details ---
Scale Factor (3.9^2 * Pi): 47.7836242611
Acc(Y): 
  Raw Events: 25567.0000000000 (from /eos/user/z/zixuan/Isotope/Add/Be9_w1_frag4.root)
  MC Flux:    211098123.0116979182
  => Calculated Acc(Y) = (Events/Flux)*Scale = 0.0057872799
Acc(XfragY): 
  Raw Events: 1.0000000000 (from /eos/user/z/zixuan/Isotope/Add/N15_w1_frag4.root)
  MC Flux:    227400088.8970512450
  => Calculated Acc(XfragY) = (Events/Flux)*Scale = 0.0000002101
----------------------------------------
--- Epsilon Calculation Details ---
Flux(N15) at 2.7468447478 GeV/n:   0.0790148422
Flux(Be9) at 2.7468447478 GeV/n: 0.0189200419
=> Flux Ratio (X/Y) from TF1:  4.1762508970
----------------------------------------
Acceptance Ratio (from combined hist): 0.0000363090
Acceptance Ratio (from global spline): 0.0000357905
----------------------------------------
FINAL Epsilon = Flux Ratio * Splined Acc Ratio
              = 4.1762508970 * 0.0000357905
              = 0.0001494701
/**************************************/




/********** DEBUGGING OUTPUT (BIN 11) **********/
Channel: N15 -> Be9, Detector: AGL
Energy (ek/n): 3.4250117177 GeV/n
----------------------------------------
--- Acceptance Calculation Details ---
Scale Factor (3.9^2 * Pi): 47.7836242611
Acc(Y): 
  Raw Events: 135199.0000000000 (from /eos/user/z/zixuan/Isotope/Add/Be9_w1_frag4.root)
  MC Flux:    205194415.5296795666
  => Calculated Acc(Y) = (Events/Flux)*Scale = 0.0314837916
Acc(XfragY): 
  Raw Events: 3.0000000000 (from /eos/user/z/zixuan/Isotope/Add/N15_w1_frag4.root)
  MC Flux:    221040470.0284425318
  => Calculated Acc(XfragY) = (Events/Flux)*Scale = 0.0000006485
----------------------------------------
--- Epsilon Calculation Details ---
Flux(N15) at 3.4250117177 GeV/n:   0.0514629550
Flux(Be9) at 3.4250117177 GeV/n: 0.0122690370
=> Flux Ratio (X/Y) from TF1:  4.1945390721
----------------------------------------
Acceptance Ratio (from combined hist): 0.0000205988
Acceptance Ratio (from global spline): 0.0000295833
----------------------------------------
FINAL Epsilon = Flux Ratio * Splined Acc Ratio
              = 4.1945390721 * 0.0000295833
              = 0.0001240884
/**************************************/




/********** DEBUGGING OUTPUT (BIN 12) **********/
Channel: N15 -> Be9, Detector: AGL
Energy (ek/n): 4.2190486071 GeV/n
----------------------------------------
--- Acceptance Calculation Details ---
Scale Factor (3.9^2 * Pi): 47.7836242611
Acc(Y): 
  Raw Events: 137071.0000000000 (from /eos/user/z/zixuan/Isotope/Add/Be9_w1_frag4.root)
  MC Flux:    199933990.5918053389
  => Calculated Acc(Y) = (Events/Flux)*Scale = 0.0327595580
Acc(XfragY): 
  Raw Events: 8.0000000000 (from /eos/user/z/zixuan/Isotope/Add/N15_w1_frag4.root)
  MC Flux:    215373810.9343554378
  => Calculated Acc(XfragY) = (Events/Flux)*Scale = 0.0000017749
----------------------------------------
--- Epsilon Calculation Details ---
Flux(N15) at 4.2190486071 GeV/n:   0.0331087165
Flux(Be9) at 4.2190486071 GeV/n: 0.0078479250
=> Flux Ratio (X/Y) from TF1:  4.2187860303
----------------------------------------
Acceptance Ratio (from combined hist): 0.0000541799
Acceptance Ratio (from global spline): 0.0000265873
----------------------------------------
FINAL Epsilon = Flux Ratio * Splined Acc Ratio
              = 4.2187860303 * 0.0000265873
              = 0.0001121663
/**************************************/




/********** DEBUGGING OUTPUT (BIN 13) **********/
Channel: N15 -> Be9, Detector: AGL
Energy (ek/n): 5.1408648843 GeV/n
----------------------------------------
--- Acceptance Calculation Details ---
Scale Factor (3.9^2 * Pi): 47.7836242611
Acc(Y): 
  Raw Events: 134671.0000000000 (from /eos/user/z/zixuan/Isotope/Add/Be9_w1_frag4.root)
  MC Flux:    193969175.5960669219
  => Calculated Acc(Y) = (Events/Flux)*Scale = 0.0331757272
Acc(XfragY): 
  Raw Events: 9.0000000000 (from /eos/user/z/zixuan/Isotope/Add/N15_w1_frag4.root)
  MC Flux:    208948365.5493661463
  => Calculated Acc(XfragY) = (Events/Flux)*Scale = 0.0000020582
----------------------------------------
--- Epsilon Calculation Details ---
Flux(N15) at 5.1408648843 GeV/n:   0.0216186832
Flux(Be9) at 5.1408648843 GeV/n: 0.0050802181
=> Flux Ratio (X/Y) from TF1:  4.2554635818
----------------------------------------
Acceptance Ratio (from combined hist): 0.0000620386
Acceptance Ratio (from global spline): 0.0000260288
----------------------------------------
FINAL Epsilon = Flux Ratio * Splined Acc Ratio
              = 4.2554635818 * 0.0000260288
              = 0.0001107645
/**************************************/




/********** DEBUGGING OUTPUT (BIN 14) **********/
Channel: N15 -> Be9, Detector: AGL
Energy (ek/n): 6.2049547931 GeV/n
----------------------------------------
--- Acceptance Calculation Details ---
Scale Factor (3.9^2 * Pi): 47.7836242611
Acc(Y): 
  Raw Events: 132272.0000000000 (from /eos/user/z/zixuan/Isotope/Add/Be9_w1_frag4.root)
  MC Flux:    189149831.4636916816
  => Calculated Acc(Y) = (Events/Flux)*Scale = 0.0334149679
Acc(XfragY): 
  Raw Events: 2.0000000000 (from /eos/user/z/zixuan/Isotope/Add/N15_w1_frag4.root)
  MC Flux:    203756849.5449020267
  => Calculated Acc(XfragY) = (Events/Flux)*Scale = 0.0000004690
----------------------------------------
--- Epsilon Calculation Details ---
Flux(N15) at 6.2049547931 GeV/n:   0.0141850453
Flux(Be9) at 6.2049547931 GeV/n: 0.0032867936
=> Flux Ratio (X/Y) from TF1:  4.3157700548
----------------------------------------
Acceptance Ratio (from combined hist): 0.0000140364
Acceptance Ratio (from global spline): 0.0000272521
----------------------------------------
FINAL Epsilon = Flux Ratio * Splined Acc Ratio
              = 4.3157700548 * 0.0000272521
              = 0.0001176140
/**************************************/




/********** DEBUGGING OUTPUT (BIN 15) **********/
Channel: N15 -> Be9, Detector: AGL
Energy (ek/n): 7.4457899798 GeV/n
----------------------------------------
--- Acceptance Calculation Details ---
Scale Factor (3.9^2 * Pi): 47.7836242611
Acc(Y): 
  Raw Events: 133290.0000000000 (from /eos/user/z/zixuan/Isotope/Add/Be9_w1_frag4.root)
  MC Flux:    188703334.2345405221
  => Calculated Acc(Y) = (Events/Flux)*Scale = 0.0337518110
Acc(XfragY): 
  Raw Events: 6.0000000000 (from /eos/user/z/zixuan/Isotope/Add/N15_w1_frag4.root)
  MC Flux:    203275871.7505346537
  => Calculated Acc(XfragY) = (Events/Flux)*Scale = 0.0000014104
----------------------------------------
--- Epsilon Calculation Details ---
Flux(N15) at 7.4457899798 GeV/n:   0.0091983207
Flux(Be9) at 7.4457899798 GeV/n: 0.0020992245
=> Flux Ratio (X/Y) from TF1:  4.3817709417
----------------------------------------
Acceptance Ratio (from combined hist): 0.0000417876
Acceptance Ratio (from global spline): 0.0000294281
----------------------------------------
FINAL Epsilon = Flux Ratio * Splined Acc Ratio
              = 4.3817709417 * 0.0000294281
              = 0.0001289472
/**************************************/




/********** DEBUGGING OUTPUT (BIN 16) **********/
Channel: N15 -> Be9, Detector: AGL
Energy (ek/n): 8.8880598677 GeV/n
----------------------------------------
--- Acceptance Calculation Details ---
Scale Factor (3.9^2 * Pi): 47.7836242611
Acc(Y): 
  Raw Events: 130937.0000000000 (from /eos/user/z/zixuan/Isotope/Add/Be9_w1_frag4.root)
  MC Flux:    184502826.4138700962
  => Calculated Acc(Y) = (Events/Flux)*Scale = 0.0339108323
Acc(XfragY): 
  Raw Events: 3.0000000000 (from /eos/user/z/zixuan/Isotope/Add/N15_w1_frag4.root)
  MC Flux:    198750981.4378894567
  => Calculated Acc(XfragY) = (Events/Flux)*Scale = 0.0000007213
----------------------------------------
--- Epsilon Calculation Details ---
Flux(N15) at 8.8880598677 GeV/n:   0.0059620302
Flux(Be9) at 8.8880598677 GeV/n: 0.0013415850
=> Flux Ratio (X/Y) from TF1:  4.4440196564
----------------------------------------
Acceptance Ratio (from combined hist): 0.0000212693
Acceptance Ratio (from global spline): 0.0000315625
----------------------------------------
FINAL Epsilon = Flux Ratio * Splined Acc Ratio
              = 4.4440196564 * 0.0000315625
              = 0.0001402646
/**************************************/




/********** DEBUGGING OUTPUT (BIN 17) **********/
Channel: N15 -> Be9, Detector: AGL
Energy (ek/n): 10.5565612202 GeV/n
----------------------------------------
--- Acceptance Calculation Details ---
Scale Factor (3.9^2 * Pi): 47.7836242611
Acc(Y): 
  Raw Events: 129171.0000000000 (from /eos/user/z/zixuan/Isotope/Add/Be9_w1_frag4.root)
  MC Flux:    182910844.1045760810
  => Calculated Acc(Y) = (Events/Flux)*Scale = 0.0337446288
Acc(XfragY): 
  Raw Events: 9.0000000000 (from /eos/user/z/zixuan/Isotope/Add/N15_w1_frag4.root)
  MC Flux:    197036058.9483326674
  => Calculated Acc(XfragY) = (Events/Flux)*Scale = 0.0000021826
----------------------------------------
--- Epsilon Calculation Details ---
Flux(N15) at 10.5565612202 GeV/n:   0.0038838111
Flux(Be9) at 10.5565612202 GeV/n: 0.0008599186
=> Flux Ratio (X/Y) from TF1:  4.5164871372
----------------------------------------
Acceptance Ratio (from combined hist): 0.0000646802
Acceptance Ratio (from global spline): 0.0000328076
----------------------------------------
FINAL Epsilon = Flux Ratio * Splined Acc Ratio
              = 4.5164871372 * 0.0000328076
              = 0.0001481752
/**************************************/




/********** DEBUGGING OUTPUT (BIN 18) **********/
Channel: N15 -> Be9, Detector: AGL
Energy (ek/n): 12.4760880858 GeV/n
----------------------------------------
--- Acceptance Calculation Details ---
Scale Factor (3.9^2 * Pi): 47.7836242611
Acc(Y): 
  Raw Events: 126415.0000000000 (from /eos/user/z/zixuan/Isotope/Add/Be9_w1_frag4.root)
  MC Flux:    178315077.6039031446
  => Calculated Acc(Y) = (Events/Flux)*Scale = 0.0338758054
Acc(XfragY): 
  Raw Events: 6.0000000000 (from /eos/user/z/zixuan/Isotope/Add/N15_w1_frag4.root)
  MC Flux:    192085386.2663915157
  => Calculated Acc(XfragY) = (Events/Flux)*Scale = 0.0000014926
----------------------------------------
--- Epsilon Calculation Details ---
Flux(N15) at 12.4760880858 GeV/n:   0.0025162837
Flux(Be9) at 12.4760880858 GeV/n: 0.0005459211
=> Flux Ratio (X/Y) from TF1:  4.6092445774
----------------------------------------
Acceptance Ratio (from combined hist): 0.0000440602
Acceptance Ratio (from global spline): 0.0000323813
----------------------------------------
FINAL Epsilon = Flux Ratio * Splined Acc Ratio
              = 4.6092445774 * 0.0000323813
              = 0.0001492535
/**************************************/




/********** DEBUGGING OUTPUT (BIN 19) **********/
Channel: N15 -> Be9, Detector: AGL
Energy (ek/n): 14.6714890086 GeV/n
----------------------------------------
--- Acceptance Calculation Details ---
Scale Factor (3.9^2 * Pi): 47.7836242611
Acc(Y): 
  Raw Events: 125142.0000000000 (from /eos/user/z/zixuan/Isotope/Add/Be9_w1_frag4.root)
  MC Flux:    175525970.2872669697
  => Calculated Acc(Y) = (Events/Flux)*Scale = 0.0340675417
Acc(XfragY): 
  Raw Events: 3.0000000000 (from /eos/user/z/zixuan/Isotope/Add/N15_w1_frag4.root)
  MC Flux:    189080891.2822679281
  => Calculated Acc(XfragY) = (Events/Flux)*Scale = 0.0000007581
----------------------------------------
--- Epsilon Calculation Details ---
Flux(N15) at 14.6714890086 GeV/n:   0.0016280305
Flux(Be9) at 14.6714890086 GeV/n: 0.0003465091
=> Flux Ratio (X/Y) from TF1:  4.6983772952
----------------------------------------
Acceptance Ratio (from combined hist): 0.0000222542
Acceptance Ratio (from global spline): 0.0000295300
----------------------------------------
FINAL Epsilon = Flux Ratio * Splined Acc Ratio
              = 4.6983772952 * 0.0000295300
              = 0.0001387432
/**************************************/




/********** DEBUGGING OUTPUT (BIN 20) **********/
Channel: N15 -> Be9, Detector: AGL
Energy (ek/n): 17.1925871018 GeV/n
----------------------------------------
--- Acceptance Calculation Details ---
Scale Factor (3.9^2 * Pi): 47.7836242611
Acc(Y): 
  Raw Events: 123528.0000000000 (from /eos/user/z/zixuan/Isotope/Add/Be9_w1_frag4.root)
  MC Flux:    173527411.0526752770
  => Calculated Acc(Y) = (Events/Flux)*Scale = 0.0340154648
Acc(XfragY): 
  Raw Events: 3.0000000000 (from /eos/user/z/zixuan/Isotope/Add/N15_w1_frag4.root)
  MC Flux:    186927994.1312733293
  => Calculated Acc(XfragY) = (Events/Flux)*Scale = 0.0000007669
----------------------------------------
--- Epsilon Calculation Details ---
Flux(N15) at 17.1925871018 GeV/n:   0.0010633025
Flux(Be9) at 17.1925871018 GeV/n: 0.0002224542
=> Flux Ratio (X/Y) from TF1:  4.7798712238
----------------------------------------
Acceptance Ratio (from combined hist): 0.0000225450
Acceptance Ratio (from global spline): 0.0000235746
----------------------------------------
FINAL Epsilon = Flux Ratio * Splined Acc Ratio
              = 4.7798712238 * 0.0000235746
              = 0.0001126833
/**************************************/




/********** DEBUGGING OUTPUT (BIN 21) **********/
Channel: N15 -> Be9, Detector: AGL
Energy (ek/n): 20.0892620167 GeV/n
----------------------------------------
--- Acceptance Calculation Details ---
Scale Factor (3.9^2 * Pi): 47.7836242611
Acc(Y): 
  Raw Events: 122129.0000000000 (from /eos/user/z/zixuan/Isotope/Add/Be9_w1_frag4.root)
  MC Flux:    171715122.6805283427
  => Calculated Acc(Y) = (Events/Flux)*Scale = 0.0339851619
Acc(XfragY): 
  Raw Events: 2.0000000000 (from /eos/user/z/zixuan/Isotope/Add/N15_w1_frag4.root)
  MC Flux:    184975752.5336045027
  => Calculated Acc(XfragY) = (Events/Flux)*Scale = 0.0000005166
----------------------------------------
--- Epsilon Calculation Details ---
Flux(N15) at 20.0892620167 GeV/n:   0.0006980497
Flux(Be9) at 20.0892620167 GeV/n: 0.0001428910
=> Flux Ratio (X/Y) from TF1:  4.8851897658
----------------------------------------
Acceptance Ratio (from combined hist): 0.0000152021
Acceptance Ratio (from global spline): 0.0000138876
----------------------------------------
FINAL Epsilon = Flux Ratio * Splined Acc Ratio
              = 4.8851897658 * 0.0000138876
              = 0.0000678434
/**************************************/


    INFO: Intermediate results saved to /eos/user/z/zixuan/Isotope/BkgEst/w1_results_N15_to_Be9.pdf

>>> Processing channel: O16 -> Be9...
 flux ratio at 1 GeV/n: 31.3992228156
  -- Detector: TOF --
  -- Detector: NaF --
  -- Detector: AGL --
****************************************
Minimizer is Minuit2 / Migrad
Chi2                      = 4.8993539668
NDf                       =            6
Edm                       = 0.0000000000
NCalls                    =          280
p0                        = 0.0001509567   +/-   0.0000188215
p1                        = 0.0000830503   +/-   0.0000147319
p2                        = 0.0000945623   +/-   0.0000385456
p3                        = 0.0000272153   +/-   0.0000130386
p4                        = 0.0000148058   +/-   0.0000090026
p5                        = 0.0000222969   +/-   0.0000085105
p6                        = 0.0000240892   +/-   0.0001138993
p7                        = 0.0000148627   +/-   0.0004790693
p8                        = -0.0000448415   +/-   0.0014453757


/********** DEBUGGING OUTPUT (BIN 3) **********/
Channel: O16 -> Be9, Detector: TOF
Energy (ek/n): 0.3368463841 GeV/n
----------------------------------------
--- Acceptance Calculation Details ---
Scale Factor (3.9^2 * Pi): 47.7836242611
Acc(Y): 
  Raw Events: 382931.0000000000 (from /eos/user/z/zixuan/Isotope/Add/Be9_w1_frag4.root)
  MC Flux:    278918108.6146725416
  => Calculated Acc(Y) = (Events/Flux)*Scale = 0.0656028793
Acc(XfragY): 
  Raw Events: 46.0000000000 (from /eos/user/z/zixuan/Isotope/Add/O16_w1_frag4.root)
  MC Flux:    230226895.2462744713
  => Calculated Acc(XfragY) = (Events/Flux)*Scale = 0.0000095473
----------------------------------------
--- Epsilon Calculation Details ---
Flux(O16) at 0.3368463841 GeV/n:   6.6924725674
Flux(Be9) at 0.3368463841 GeV/n: 0.1768366220
=> Flux Ratio (X/Y) from TF1:  37.8455123747
----------------------------------------
Acceptance Ratio (from combined hist): 0.0001455318
Acceptance Ratio (from global spline): 0.0001508532
----------------------------------------
FINAL Epsilon = Flux Ratio * Splined Acc Ratio
              = 37.8455123747 * 0.0001508532
              = 0.0057091177
/**************************************/




/********** DEBUGGING OUTPUT (BIN 4) **********/
Channel: O16 -> Be9, Detector: TOF
Energy (ek/n): 0.4968766615 GeV/n
----------------------------------------
--- Acceptance Calculation Details ---
Scale Factor (3.9^2 * Pi): 47.7836242611
Acc(Y): 
  Raw Events: 349750.0000000000 (from /eos/user/z/zixuan/Isotope/Add/Be9_w1_frag4.root)
  MC Flux:    259095554.4443463683
  => Calculated Acc(Y) = (Events/Flux)*Scale = 0.0645025447
Acc(XfragY): 
  Raw Events: 38.0000000000 (from /eos/user/z/zixuan/Isotope/Add/O16_w1_frag4.root)
  MC Flux:    213864798.4102097154
  => Calculated Acc(XfragY) = (Events/Flux)*Scale = 0.0000084903
----------------------------------------
--- Epsilon Calculation Details ---
Flux(O16) at 0.4968766615 GeV/n:   4.6507068433
Flux(Be9) at 0.4968766615 GeV/n: 0.1296144122
=> Flux Ratio (X/Y) from TF1:  35.8810935083
----------------------------------------
Acceptance Ratio (from combined hist): 0.0001316275
Acceptance Ratio (from global spline): 0.0001217409
----------------------------------------
FINAL Epsilon = Flux Ratio * Splined Acc Ratio
              = 35.8810935083 * 0.0001217409
              = 0.0043681971
/**************************************/




/********** DEBUGGING OUTPUT (BIN 5) **********/
Channel: O16 -> Be9, Detector: TOF
Energy (ek/n): 0.7045414310 GeV/n
----------------------------------------
--- Acceptance Calculation Details ---
Scale Factor (3.9^2 * Pi): 47.7836242611
Acc(Y): 
  Raw Events: 318096.0000000000 (from /eos/user/z/zixuan/Isotope/Add/Be9_w1_frag4.root)
  MC Flux:    247425948.3769590259
  => Calculated Acc(Y) = (Events/Flux)*Scale = 0.0614316317
Acc(XfragY): 
  Raw Events: 23.0000000000 (from /eos/user/z/zixuan/Isotope/Add/O16_w1_frag4.root)
  MC Flux:    204232375.5209761262
  => Calculated Acc(XfragY) = (Events/Flux)*Scale = 0.0000053812
----------------------------------------
--- Epsilon Calculation Details ---
Flux(O16) at 0.7045414310 GeV/n:   3.5331356129
Flux(Be9) at 0.7045414310 GeV/n: 0.1033862991
=> Flux Ratio (X/Y) from TF1:  34.1741182660
----------------------------------------
Acceptance Ratio (from combined hist): 0.0000875972
Acceptance Ratio (from global spline): 0.0000872282
----------------------------------------
FINAL Epsilon = Flux Ratio * Splined Acc Ratio
              = 34.1741182660 * 0.0000872282
              = 0.0029809478
/**************************************/




/********** DEBUGGING OUTPUT (BIN 6) **********/
Channel: O16 -> Be9, Detector: TOF
Energy (ek/n): 0.9672506104 GeV/n
----------------------------------------
--- Acceptance Calculation Details ---
Scale Factor (3.9^2 * Pi): 47.7836242611
Acc(Y): 
  Raw Events: 295175.0000000000 (from /eos/user/z/zixuan/Isotope/Add/Be9_w1_frag4.root)
  MC Flux:    236196230.2198379636
  => Calculated Acc(Y) = (Events/Flux)*Scale = 0.0597153108
Acc(XfragY): 
  Raw Events: 20.0000000000 (from /eos/user/z/zixuan/Isotope/Add/O16_w1_frag4.root)
  MC Flux:    194963048.5538398027
  => Calculated Acc(XfragY) = (Events/Flux)*Scale = 0.0000049018
----------------------------------------
--- Epsilon Calculation Details ---
Flux(O16) at 0.9672506104 GeV/n:   2.4868551191
Flux(Be9) at 0.9672506104 GeV/n: 0.0786147219
=> Flux Ratio (X/Y) from TF1:  31.6334531276
----------------------------------------
Acceptance Ratio (from combined hist): 0.0000820864
Acceptance Ratio (from global spline): 0.0000848549
----------------------------------------
FINAL Epsilon = Flux Ratio * Splined Acc Ratio
              = 31.6334531276 * 0.0000848549
              = 0.0026842550
/**************************************/




/********** DEBUGGING OUTPUT (BIN 7) **********/
Channel: O16 -> Be9, Detector: NaF
Energy (ek/n): 1.2922125341 GeV/n
----------------------------------------
--- Acceptance Calculation Details ---
Scale Factor (3.9^2 * Pi): 47.7836242611
Acc(Y): 
  Raw Events: 26966.0000000000 (from /eos/user/z/zixuan/Isotope/Add/Be9_w1_frag4.root)
  MC Flux:    228061652.8529227674
  => Calculated Acc(Y) = (Events/Flux)*Scale = 0.0056499337
Acc(XfragY): 
  Raw Events: 0.0000000000 (from /eos/user/z/zixuan/Isotope/Add/O16_w1_frag4.root)
  MC Flux:    188248538.3320857286
  => Calculated Acc(XfragY) = (Events/Flux)*Scale = 0.0000000000
----------------------------------------
--- Epsilon Calculation Details ---
Flux(O16) at 1.2922125341 GeV/n:   1.8122670363
Flux(Be9) at 1.2922125341 GeV/n: 0.0602366023
=> Flux Ratio (X/Y) from TF1:  30.0858110516
----------------------------------------
Acceptance Ratio (from combined hist): 0.0000000000
Acceptance Ratio (from global spline): 0.0000944724
----------------------------------------
FINAL Epsilon = Flux Ratio * Splined Acc Ratio
              = 30.0858110516 * 0.0000944724
              = 0.0028422788
/**************************************/




/********** DEBUGGING OUTPUT (BIN 8) **********/
Channel: O16 -> Be9, Detector: NaF
Energy (ek/n): 1.6909447265 GeV/n
----------------------------------------
--- Acceptance Calculation Details ---
Scale Factor (3.9^2 * Pi): 47.7836242611
Acc(Y): 
  Raw Events: 26095.0000000000 (from /eos/user/z/zixuan/Isotope/Add/Be9_w1_frag4.root)
  MC Flux:    223431612.1800988913
  => Calculated Acc(Y) = (Events/Flux)*Scale = 0.0055807397
Acc(XfragY): 
  Raw Events: 2.0000000000 (from /eos/user/z/zixuan/Isotope/Add/O16_w1_frag4.root)
  MC Flux:    184426771.8133660555
  => Calculated Acc(XfragY) = (Events/Flux)*Scale = 0.0000005182
----------------------------------------
--- Epsilon Calculation Details ---
Flux(O16) at 1.6909447265 GeV/n:   1.2520259574
Flux(Be9) at 1.6909447265 GeV/n: 0.0432273523
=> Flux Ratio (X/Y) from TF1:  28.9637438385
----------------------------------------
Acceptance Ratio (from combined hist): 0.0000928524
Acceptance Ratio (from global spline): 0.0000866108
----------------------------------------
FINAL Epsilon = Flux Ratio * Splined Acc Ratio
              = 28.9637438385 * 0.0000866108
              = 0.0025085735
/**************************************/




/********** DEBUGGING OUTPUT (BIN 9) **********/
Channel: O16 -> Be9, Detector: NaF
Energy (ek/n): 2.1727158116 GeV/n
----------------------------------------
--- Acceptance Calculation Details ---
Scale Factor (3.9^2 * Pi): 47.7836242611
Acc(Y): 
  Raw Events: 25442.0000000000 (from /eos/user/z/zixuan/Isotope/Add/Be9_w1_frag4.root)
  MC Flux:    216371882.1910135448
  => Calculated Acc(Y) = (Events/Flux)*Scale = 0.0056186181
Acc(XfragY): 
  Raw Events: 0.0000000000 (from /eos/user/z/zixuan/Isotope/Add/O16_w1_frag4.root)
  MC Flux:    178599471.0162364542
  => Calculated Acc(XfragY) = (Events/Flux)*Scale = 0.0000000000
----------------------------------------
--- Epsilon Calculation Details ---
Flux(O16) at 2.1727158116 GeV/n:   0.8526439760
Flux(Be9) at 2.1727158116 GeV/n: 0.0293457615
=> Flux Ratio (X/Y) from TF1:  29.0550980133
----------------------------------------
Acceptance Ratio (from combined hist): 0.0000000000
Acceptance Ratio (from global spline): 0.0000636314
----------------------------------------
FINAL Epsilon = Flux Ratio * Splined Acc Ratio
              = 29.0550980133 * 0.0000636314
              = 0.0018488161
/**************************************/




/********** DEBUGGING OUTPUT (BIN 10) **********/
Channel: O16 -> Be9, Detector: NaF
Energy (ek/n): 2.7468447478 GeV/n
----------------------------------------
--- Acceptance Calculation Details ---
Scale Factor (3.9^2 * Pi): 47.7836242611
Acc(Y): 
  Raw Events: 25567.0000000000 (from /eos/user/z/zixuan/Isotope/Add/Be9_w1_frag4.root)
  MC Flux:    211098123.0116979182
  => Calculated Acc(Y) = (Events/Flux)*Scale = 0.0057872799
Acc(XfragY): 
  Raw Events: 3.0000000000 (from /eos/user/z/zixuan/Isotope/Add/O16_w1_frag4.root)
  MC Flux:    174246361.0365336835
  => Calculated Acc(XfragY) = (Events/Flux)*Scale = 0.0000008227
----------------------------------------
--- Epsilon Calculation Details ---
Flux(O16) at 2.7468447478 GeV/n:   0.5708365720
Flux(Be9) at 2.7468447478 GeV/n: 0.0189200419
=> Flux Ratio (X/Y) from TF1:  30.1709992767
----------------------------------------
Acceptance Ratio (from combined hist): 0.0001421550
Acceptance Ratio (from global spline): 0.0000391156
----------------------------------------
FINAL Epsilon = Flux Ratio * Splined Acc Ratio
              = 30.1709992767 * 0.0000391156
              = 0.0011801566
/**************************************/




/********** DEBUGGING OUTPUT (BIN 11) **********/
Channel: O16 -> Be9, Detector: AGL
Energy (ek/n): 3.4250117177 GeV/n
----------------------------------------
--- Acceptance Calculation Details ---
Scale Factor (3.9^2 * Pi): 47.7836242611
Acc(Y): 
  Raw Events: 135199.0000000000 (from /eos/user/z/zixuan/Isotope/Add/Be9_w1_frag4.root)
  MC Flux:    205194415.5296795666
  => Calculated Acc(Y) = (Events/Flux)*Scale = 0.0314837916
Acc(XfragY): 
  Raw Events: 2.0000000000 (from /eos/user/z/zixuan/Isotope/Add/O16_w1_frag4.root)
  MC Flux:    169373273.9115057588
  => Calculated Acc(XfragY) = (Events/Flux)*Scale = 0.0000005642
----------------------------------------
--- Epsilon Calculation Details ---
Flux(O16) at 3.4250117177 GeV/n:   0.3862356563
Flux(Be9) at 3.4250117177 GeV/n: 0.0122690370
=> Flux Ratio (X/Y) from TF1:  31.4805193852
----------------------------------------
Acceptance Ratio (from combined hist): 0.0000179216
Acceptance Ratio (from global spline): 0.0000222333
----------------------------------------
FINAL Epsilon = Flux Ratio * Splined Acc Ratio
              = 31.4805193852 * 0.0000222333
              = 0.0006999161
/**************************************/




/********** DEBUGGING OUTPUT (BIN 12) **********/
Channel: O16 -> Be9, Detector: AGL
Energy (ek/n): 4.2190486071 GeV/n
----------------------------------------
--- Acceptance Calculation Details ---
Scale Factor (3.9^2 * Pi): 47.7836242611
Acc(Y): 
  Raw Events: 137071.0000000000 (from /eos/user/z/zixuan/Isotope/Add/Be9_w1_frag4.root)
  MC Flux:    199933990.5918053389
  => Calculated Acc(Y) = (Events/Flux)*Scale = 0.0327595580
Acc(XfragY): 
  Raw Events: 3.0000000000 (from /eos/user/z/zixuan/Isotope/Add/O16_w1_frag4.root)
  MC Flux:    165031170.3918091655
  => Calculated Acc(XfragY) = (Events/Flux)*Scale = 0.0000008686
----------------------------------------
--- Epsilon Calculation Details ---
Flux(O16) at 4.2190486071 GeV/n:   0.2576538960
Flux(Be9) at 4.2190486071 GeV/n: 0.0078479250
=> Flux Ratio (X/Y) from TF1:  32.8308303830
----------------------------------------
Acceptance Ratio (from combined hist): 0.0000265153
Acceptance Ratio (from global spline): 0.0000151879
----------------------------------------
FINAL Epsilon = Flux Ratio * Splined Acc Ratio
              = 32.8308303830 * 0.0000151879
              = 0.0004986300
/**************************************/




/********** DEBUGGING OUTPUT (BIN 13) **********/
Channel: O16 -> Be9, Detector: AGL
Energy (ek/n): 5.1408648843 GeV/n
----------------------------------------
--- Acceptance Calculation Details ---
Scale Factor (3.9^2 * Pi): 47.7836242611
Acc(Y): 
  Raw Events: 134671.0000000000 (from /eos/user/z/zixuan/Isotope/Add/Be9_w1_frag4.root)
  MC Flux:    193969175.5960669219
  => Calculated Acc(Y) = (Events/Flux)*Scale = 0.0331757272
Acc(XfragY): 
  Raw Events: 1.0000000000 (from /eos/user/z/zixuan/Isotope/Add/O16_w1_frag4.root)
  MC Flux:    160107643.3967067599
  => Calculated Acc(XfragY) = (Events/Flux)*Scale = 0.0000002984
----------------------------------------
--- Epsilon Calculation Details ---
Flux(O16) at 5.1408648843 GeV/n:   0.1730238460
Flux(Be9) at 5.1408648843 GeV/n: 0.0050802181
=> Flux Ratio (X/Y) from TF1:  34.0583498826
----------------------------------------
Acceptance Ratio (from combined hist): 0.0000089959
Acceptance Ratio (from global spline): 0.0000141627
----------------------------------------
FINAL Epsilon = Flux Ratio * Splined Acc Ratio
              = 34.0583498826 * 0.0000141627
              = 0.0004823575
/**************************************/




/********** DEBUGGING OUTPUT (BIN 14) **********/
Channel: O16 -> Be9, Detector: AGL
Energy (ek/n): 6.2049547931 GeV/n
----------------------------------------
--- Acceptance Calculation Details ---
Scale Factor (3.9^2 * Pi): 47.7836242611
Acc(Y): 
  Raw Events: 132272.0000000000 (from /eos/user/z/zixuan/Isotope/Add/Be9_w1_frag4.root)
  MC Flux:    189149831.4636916816
  => Calculated Acc(Y) = (Events/Flux)*Scale = 0.0334149679
Acc(XfragY): 
  Raw Events: 0.0000000000 (from /eos/user/z/zixuan/Isotope/Add/O16_w1_frag4.root)
  MC Flux:    156129620.4485698342
  => Calculated Acc(XfragY) = (Events/Flux)*Scale = 0.0000000000
----------------------------------------
--- Epsilon Calculation Details ---
Flux(O16) at 6.2049547931 GeV/n:   0.1164731154
Flux(Be9) at 6.2049547931 GeV/n: 0.0032867936
=> Flux Ratio (X/Y) from TF1:  35.4366992996
----------------------------------------
Acceptance Ratio (from combined hist): 0.0000000000
Acceptance Ratio (from global spline): 0.0000159571
----------------------------------------
FINAL Epsilon = Flux Ratio * Splined Acc Ratio
              = 35.4366992996 * 0.0000159571
              = 0.0005654680
/**************************************/




/********** DEBUGGING OUTPUT (BIN 15) **********/
Channel: O16 -> Be9, Detector: AGL
Energy (ek/n): 7.4457899798 GeV/n
----------------------------------------
--- Acceptance Calculation Details ---
Scale Factor (3.9^2 * Pi): 47.7836242611
Acc(Y): 
  Raw Events: 133290.0000000000 (from /eos/user/z/zixuan/Isotope/Add/Be9_w1_frag4.root)
  MC Flux:    188703334.2345405221
  => Calculated Acc(Y) = (Events/Flux)*Scale = 0.0337518110
Acc(XfragY): 
  Raw Events: 5.0000000000 (from /eos/user/z/zixuan/Isotope/Add/O16_w1_frag4.root)
  MC Flux:    155761069.0077397823
  => Calculated Acc(XfragY) = (Events/Flux)*Scale = 0.0000015339
----------------------------------------
--- Epsilon Calculation Details ---
Flux(O16) at 7.4457899798 GeV/n:   0.0777407330
Flux(Be9) at 7.4457899798 GeV/n: 0.0020992245
=> Flux Ratio (X/Y) from TF1:  37.0330732377
----------------------------------------
Acceptance Ratio (from combined hist): 0.0000454457
Acceptance Ratio (from global spline): 0.0000186672
----------------------------------------
FINAL Epsilon = Flux Ratio * Splined Acc Ratio
              = 37.0330732377 * 0.0000186672
              = 0.0006913051
/**************************************/




/********** DEBUGGING OUTPUT (BIN 16) **********/
Channel: O16 -> Be9, Detector: AGL
Energy (ek/n): 8.8880598677 GeV/n
----------------------------------------
--- Acceptance Calculation Details ---
Scale Factor (3.9^2 * Pi): 47.7836242611
Acc(Y): 
  Raw Events: 130937.0000000000 (from /eos/user/z/zixuan/Isotope/Add/Be9_w1_frag4.root)
  MC Flux:    184502826.4138700962
  => Calculated Acc(Y) = (Events/Flux)*Scale = 0.0339108323
Acc(XfragY): 
  Raw Events: 2.0000000000 (from /eos/user/z/zixuan/Isotope/Add/O16_w1_frag4.root)
  MC Flux:    152293851.0532875657
  => Calculated Acc(XfragY) = (Events/Flux)*Scale = 0.0000006275
----------------------------------------
--- Epsilon Calculation Details ---
Flux(O16) at 8.8880598677 GeV/n:   0.0519358949
Flux(Be9) at 8.8880598677 GeV/n: 0.0013415850
=> Flux Ratio (X/Y) from TF1:  38.7123395790
----------------------------------------
Acceptance Ratio (from combined hist): 0.0000185050
Acceptance Ratio (from global spline): 0.0000211778
----------------------------------------
FINAL Epsilon = Flux Ratio * Splined Acc Ratio
              = 38.7123395790 * 0.0000211778
              = 0.0008198431
/**************************************/




/********** DEBUGGING OUTPUT (BIN 17) **********/
Channel: O16 -> Be9, Detector: AGL
Energy (ek/n): 10.5565612202 GeV/n
----------------------------------------
--- Acceptance Calculation Details ---
Scale Factor (3.9^2 * Pi): 47.7836242611
Acc(Y): 
  Raw Events: 129171.0000000000 (from /eos/user/z/zixuan/Isotope/Add/Be9_w1_frag4.root)
  MC Flux:    182910844.1045760810
  => Calculated Acc(Y) = (Events/Flux)*Scale = 0.0337446288
Acc(XfragY): 
  Raw Events: 2.0000000000 (from /eos/user/z/zixuan/Isotope/Add/O16_w1_frag4.root)
  MC Flux:    150979783.8305597007
  => Calculated Acc(XfragY) = (Events/Flux)*Scale = 0.0000006330
----------------------------------------
--- Epsilon Calculation Details ---
Flux(O16) at 10.5565612202 GeV/n:   0.0349614922
Flux(Be9) at 10.5565612202 GeV/n: 0.0008599186
=> Flux Ratio (X/Y) from TF1:  40.6567483502
----------------------------------------
Acceptance Ratio (from combined hist): 0.0000187580
Acceptance Ratio (from global spline): 0.0000225758
----------------------------------------
FINAL Epsilon = Flux Ratio * Splined Acc Ratio
              = 40.6567483502 * 0.0000225758
              = 0.0009178582
/**************************************/




/********** DEBUGGING OUTPUT (BIN 18) **********/
Channel: O16 -> Be9, Detector: AGL
Energy (ek/n): 12.4760880858 GeV/n
----------------------------------------
--- Acceptance Calculation Details ---
Scale Factor (3.9^2 * Pi): 47.7836242611
Acc(Y): 
  Raw Events: 126415.0000000000 (from /eos/user/z/zixuan/Isotope/Add/Be9_w1_frag4.root)
  MC Flux:    178315077.6039031446
  => Calculated Acc(Y) = (Events/Flux)*Scale = 0.0338758054
Acc(XfragY): 
  Raw Events: 2.0000000000 (from /eos/user/z/zixuan/Isotope/Add/O16_w1_frag4.root)
  MC Flux:    147186308.1828798652
  => Calculated Acc(XfragY) = (Events/Flux)*Scale = 0.0000006493
----------------------------------------
--- Epsilon Calculation Details ---
Flux(O16) at 12.4760880858 GeV/n:   0.0235684059
Flux(Be9) at 12.4760880858 GeV/n: 0.0005459211
=> Flux Ratio (X/Y) from TF1:  43.1718205659
----------------------------------------
Acceptance Ratio (from combined hist): 0.0000191669
Acceptance Ratio (from global spline): 0.0000226194
----------------------------------------
FINAL Epsilon = Flux Ratio * Splined Acc Ratio
              = 43.1718205659 * 0.0000226194
              = 0.0009765190
/**************************************/




/********** DEBUGGING OUTPUT (BIN 19) **********/
Channel: O16 -> Be9, Detector: AGL
Energy (ek/n): 14.6714890086 GeV/n
----------------------------------------
--- Acceptance Calculation Details ---
Scale Factor (3.9^2 * Pi): 47.7836242611
Acc(Y): 
  Raw Events: 125142.0000000000 (from /eos/user/z/zixuan/Isotope/Add/Be9_w1_frag4.root)
  MC Flux:    175525970.2872669697
  => Calculated Acc(Y) = (Events/Flux)*Scale = 0.0340675417
Acc(XfragY): 
  Raw Events: 3.0000000000 (from /eos/user/z/zixuan/Isotope/Add/O16_w1_frag4.root)
  MC Flux:    144884100.1218572259
  => Calculated Acc(XfragY) = (Events/Flux)*Scale = 0.0000009894
----------------------------------------
--- Epsilon Calculation Details ---
Flux(O16) at 14.6714890086 GeV/n:   0.0158845292
Flux(Be9) at 14.6714890086 GeV/n: 0.0003465091
=> Flux Ratio (X/Y) from TF1:  45.8415922146
----------------------------------------
Acceptance Ratio (from combined hist): 0.0000290428
Acceptance Ratio (from global spline): 0.0000219192
----------------------------------------
FINAL Epsilon = Flux Ratio * Splined Acc Ratio
              = 45.8415922146 * 0.0000219192
              = 0.0010048099
/**************************************/




/********** DEBUGGING OUTPUT (BIN 20) **********/
Channel: O16 -> Be9, Detector: AGL
Energy (ek/n): 17.1925871018 GeV/n
----------------------------------------
--- Acceptance Calculation Details ---
Scale Factor (3.9^2 * Pi): 47.7836242611
Acc(Y): 
  Raw Events: 123528.0000000000 (from /eos/user/z/zixuan/Isotope/Add/Be9_w1_frag4.root)
  MC Flux:    173527411.0526752770
  => Calculated Acc(Y) = (Events/Flux)*Scale = 0.0340154648
Acc(XfragY): 
  Raw Events: 0.0000000000 (from /eos/user/z/zixuan/Isotope/Add/O16_w1_frag4.root)
  MC Flux:    143234432.8061309457
  => Calculated Acc(XfragY) = (Events/Flux)*Scale = 0.0000000000
----------------------------------------
--- Epsilon Calculation Details ---
Flux(O16) at 17.1925871018 GeV/n:   0.0107820293
Flux(Be9) at 17.1925871018 GeV/n: 0.0002224542
=> Flux Ratio (X/Y) from TF1:  48.4685333364
----------------------------------------
Acceptance Ratio (from combined hist): 0.0000000000
Acceptance Ratio (from global spline): 0.0000210560
----------------------------------------
FINAL Epsilon = Flux Ratio * Splined Acc Ratio
              = 48.4685333364 * 0.0000210560
              = 0.0010205554
/**************************************/




/********** DEBUGGING OUTPUT (BIN 21) **********/
Channel: O16 -> Be9, Detector: AGL
Energy (ek/n): 20.0892620167 GeV/n
----------------------------------------
--- Acceptance Calculation Details ---
Scale Factor (3.9^2 * Pi): 47.7836242611
Acc(Y): 
  Raw Events: 122129.0000000000 (from /eos/user/z/zixuan/Isotope/Add/Be9_w1_frag4.root)
  MC Flux:    171715122.6805283427
  => Calculated Acc(Y) = (Events/Flux)*Scale = 0.0339851619
Acc(XfragY): 
  Raw Events: 2.0000000000 (from /eos/user/z/zixuan/Isotope/Add/O16_w1_frag4.root)
  MC Flux:    141738518.7284019887
  => Calculated Acc(XfragY) = (Events/Flux)*Scale = 0.0000006743
----------------------------------------
--- Epsilon Calculation Details ---
Flux(O16) at 20.0892620167 GeV/n:   0.0073694219
Flux(Be9) at 20.0892620167 GeV/n: 0.0001428910
=> Flux Ratio (X/Y) from TF1:  51.5737254975
----------------------------------------
Acceptance Ratio (from combined hist): 0.0000198396
Acceptance Ratio (from global spline): 0.0000205347
----------------------------------------
FINAL Epsilon = Flux Ratio * Splined Acc Ratio
              = 51.5737254975 * 0.0000205347
              = 0.0010590507
/**************************************/


    INFO: Intermediate results saved to /eos/user/z/zixuan/Isotope/BkgEst/w1_results_O16_to_Be9.pdf

>>> Processing channel: B11 -> Be10...
 flux ratio at 1 GeV/n: 21.5785183423
  -- Detector: TOF --
  -- Detector: NaF --
  -- Detector: AGL --
****************************************
Minimizer is Minuit2 / Migrad
Chi2                      = 9.6623575801
NDf                       =           10
Edm                       = 0.0000000000
NCalls                    =          280
p0                        = 0.0044069226   +/-   0.0001054337
p1                        = 0.0044034347   +/-   0.0001013156
p2                        = 0.0031583109   +/-   0.0001999770
p3                        = 0.0029175766   +/-   0.0001329600
p4                        = 0.0025231116   +/-   0.0000917324
p5                        = 0.0013282791   +/-   0.0000668380
p6                        = -0.0001303339   +/-   0.0005668077
p7                        = -0.0005474509   +/-   0.0020086547
p8                        = 0.0016516866   +/-   0.0060602112


/********** DEBUGGING OUTPUT (BIN 3) **********/
Channel: B11 -> Be10, Detector: TOF
Energy (ek/n): 0.3368463841 GeV/n
----------------------------------------
--- Acceptance Calculation Details ---
Scale Factor (3.9^2 * Pi): 47.7836242611
Acc(Y): 
  Raw Events: 405800.0000000000 (from /eos/user/z/zixuan/Isotope/Add/Be10_w1_frag4.root)
  MC Flux:    295849721.8877415657
  => Calculated Acc(Y) = (Events/Flux)*Scale = 0.0655420414
Acc(XfragY): 
  Raw Events: 1382.0000000000 (from /eos/user/z/zixuan/Isotope/Add/B11_w1_frag4.root)
  MC Flux:    227920321.4820016026
  => Calculated Acc(XfragY) = (Events/Flux)*Scale = 0.0002897371
----------------------------------------
--- Epsilon Calculation Details ---
Flux(B11) at 0.3368463841 GeV/n:   1.4563601217
Flux(Be10) at 0.3368463841 GeV/n: 0.0589455407
=> Flux Ratio (X/Y) from TF1:  24.7068752780
----------------------------------------
Acceptance Ratio (from combined hist): 0.0044206295
Acceptance Ratio (from global spline): 0.0044075694
----------------------------------------
FINAL Epsilon = Flux Ratio * Splined Acc Ratio
              = 24.7068752780 * 0.0044075694
              = 0.1088972664
/**************************************/




/********** DEBUGGING OUTPUT (BIN 4) **********/
Channel: B11 -> Be10, Detector: TOF
Energy (ek/n): 0.4968766615 GeV/n
----------------------------------------
--- Acceptance Calculation Details ---
Scale Factor (3.9^2 * Pi): 47.7836242611
Acc(Y): 
  Raw Events: 369756.0000000000 (from /eos/user/z/zixuan/Isotope/Add/Be10_w1_frag4.root)
  MC Flux:    274823847.4204167128
  => Calculated Acc(Y) = (Events/Flux)*Scale = 0.0642894783
Acc(XfragY): 
  Raw Events: 1285.0000000000 (from /eos/user/z/zixuan/Isotope/Add/B11_w1_frag4.root)
  MC Flux:    211722151.5548679233
  => Calculated Acc(XfragY) = (Events/Flux)*Scale = 0.0002900120
----------------------------------------
--- Epsilon Calculation Details ---
Flux(B11) at 0.4968766615 GeV/n:   1.0222186970
Flux(Be10) at 0.4968766615 GeV/n: 0.0432048041
=> Flux Ratio (X/Y) from TF1:  23.6598387452
----------------------------------------
Acceptance Ratio (from combined hist): 0.0045110331
Acceptance Ratio (from global spline): 0.0045426592
----------------------------------------
FINAL Epsilon = Flux Ratio * Splined Acc Ratio
              = 23.6598387452 * 0.0045426592
              = 0.1074785851
/**************************************/




/********** DEBUGGING OUTPUT (BIN 5) **********/
Channel: B11 -> Be10, Detector: TOF
Energy (ek/n): 0.7045414310 GeV/n
----------------------------------------
--- Acceptance Calculation Details ---
Scale Factor (3.9^2 * Pi): 47.7836242611
Acc(Y): 
  Raw Events: 338157.0000000000 (from /eos/user/z/zixuan/Isotope/Add/Be10_w1_frag4.root)
  MC Flux:    262445842.5403333902
  => Calculated Acc(Y) = (Events/Flux)*Scale = 0.0615683863
Acc(XfragY): 
  Raw Events: 1179.0000000000 (from /eos/user/z/zixuan/Isotope/Add/B11_w1_frag4.root)
  MC Flux:    202186233.0027966797
  => Calculated Acc(XfragY) = (Events/Flux)*Scale = 0.0002786386
----------------------------------------
--- Epsilon Calculation Details ---
Flux(B11) at 0.7045414310 GeV/n:   0.7870998456
Flux(Be10) at 0.7045414310 GeV/n: 0.0344620997
=> Flux Ratio (X/Y) from TF1:  22.8395789097
----------------------------------------
Acceptance Ratio (from combined hist): 0.0045256768
Acceptance Ratio (from global spline): 0.0044992494
----------------------------------------
FINAL Epsilon = Flux Ratio * Splined Acc Ratio
              = 22.8395789097 * 0.0044992494
              = 0.1027609611
/**************************************/




/********** DEBUGGING OUTPUT (BIN 6) **********/
Channel: B11 -> Be10, Detector: TOF
Energy (ek/n): 0.9672506104 GeV/n
----------------------------------------
--- Acceptance Calculation Details ---
Scale Factor (3.9^2 * Pi): 47.7836242611
Acc(Y): 
  Raw Events: 312530.0000000000 (from /eos/user/z/zixuan/Isotope/Add/Be10_w1_frag4.root)
  MC Flux:    250534428.7918208241
  => Calculated Acc(Y) = (Events/Flux)*Scale = 0.0596078398
Acc(XfragY): 
  Raw Events: 957.0000000000 (from /eos/user/z/zixuan/Isotope/Add/B11_w1_frag4.root)
  MC Flux:    193009772.6243878603
  => Calculated Acc(XfragY) = (Events/Flux)*Scale = 0.0002369255
----------------------------------------
--- Epsilon Calculation Details ---
Flux(B11) at 0.9672506104 GeV/n:   0.5684074140
Flux(Be10) at 0.9672506104 GeV/n: 0.0262049073
=> Flux Ratio (X/Y) from TF1:  21.6908767444
----------------------------------------
Acceptance Ratio (from combined hist): 0.0039747365
Acceptance Ratio (from global spline): 0.0039713164
----------------------------------------
FINAL Epsilon = Flux Ratio * Splined Acc Ratio
              = 21.6908767444 * 0.0039713164
              = 0.0861413340
/**************************************/




/********** DEBUGGING OUTPUT (BIN 7) **********/
Channel: B11 -> Be10, Detector: NaF
Energy (ek/n): 1.2922125341 GeV/n
----------------------------------------
--- Acceptance Calculation Details ---
Scale Factor (3.9^2 * Pi): 47.7836242611
Acc(Y): 
  Raw Events: 28714.0000000000 (from /eos/user/z/zixuan/Isotope/Add/Be10_w1_frag4.root)
  MC Flux:    241906045.1288549304
  => Calculated Acc(Y) = (Events/Flux)*Scale = 0.0056718673
Acc(XfragY): 
  Raw Events: 83.0000000000 (from /eos/user/z/zixuan/Isotope/Add/B11_w1_frag4.root)
  MC Flux:    186362533.0536190271
  => Calculated Acc(XfragY) = (Events/Flux)*Scale = 0.0000212813
----------------------------------------
--- Epsilon Calculation Details ---
Flux(B11) at 1.2922125341 GeV/n:   0.4189192905
Flux(Be10) at 1.2922125341 GeV/n: 0.0200788674
=> Flux Ratio (X/Y) from TF1:  20.8636912219
----------------------------------------
Acceptance Ratio (from combined hist): 0.0037520837
Acceptance Ratio (from global spline): 0.0033146576
----------------------------------------
FINAL Epsilon = Flux Ratio * Splined Acc Ratio
              = 20.8636912219 * 0.0033146576
              = 0.0691559930
/**************************************/




/********** DEBUGGING OUTPUT (BIN 8) **********/
Channel: B11 -> Be10, Detector: NaF
Energy (ek/n): 1.6909447265 GeV/n
----------------------------------------
--- Acceptance Calculation Details ---
Scale Factor (3.9^2 * Pi): 47.7836242611
Acc(Y): 
  Raw Events: 28272.0000000000 (from /eos/user/z/zixuan/Isotope/Add/Be10_w1_frag4.root)
  MC Flux:    236994939.6714595854
  => Calculated Acc(Y) = (Events/Flux)*Scale = 0.0057002847
Acc(XfragY): 
  Raw Events: 65.0000000000 (from /eos/user/z/zixuan/Isotope/Add/B11_w1_frag4.root)
  MC Flux:    182579055.6599633098
  => Calculated Acc(XfragY) = (Events/Flux)*Scale = 0.0000170115
----------------------------------------
--- Epsilon Calculation Details ---
Flux(B11) at 1.6909447265 GeV/n:   0.2877259961
Flux(Be10) at 1.6909447265 GeV/n: 0.0144091174
=> Flux Ratio (X/Y) from TF1:  19.9683289258
----------------------------------------
Acceptance Ratio (from combined hist): 0.0029843169
Acceptance Ratio (from global spline): 0.0029549887
----------------------------------------
FINAL Epsilon = Flux Ratio * Splined Acc Ratio
              = 19.9683289258 * 0.0029549887
              = 0.0590061862
/**************************************/




/********** DEBUGGING OUTPUT (BIN 9) **********/
Channel: B11 -> Be10, Detector: NaF
Energy (ek/n): 2.1727158116 GeV/n
----------------------------------------
--- Acceptance Calculation Details ---
Scale Factor (3.9^2 * Pi): 47.7836242611
Acc(Y): 
  Raw Events: 27349.0000000000 (from /eos/user/z/zixuan/Isotope/Add/Be10_w1_frag4.root)
  MC Flux:    229506651.5705285668
  => Calculated Acc(Y) = (Events/Flux)*Scale = 0.0056941022
Acc(XfragY): 
  Raw Events: 52.0000000000 (from /eos/user/z/zixuan/Isotope/Add/B11_w1_frag4.root)
  MC Flux:    176810136.8304176927
  => Calculated Acc(XfragY) = (Events/Flux)*Scale = 0.0000140532
----------------------------------------
--- Epsilon Calculation Details ---
Flux(B11) at 2.1727158116 GeV/n:   0.1881856759
Flux(Be10) at 2.1727158116 GeV/n: 0.0097819205
=> Flux Ratio (X/Y) from TF1:  19.2381113769
----------------------------------------
Acceptance Ratio (from combined hist): 0.0024680276
Acceptance Ratio (from global spline): 0.0028769193
----------------------------------------
FINAL Epsilon = Flux Ratio * Splined Acc Ratio
              = 19.2381113769 * 0.0028769193
              = 0.0553464948
/**************************************/




/********** DEBUGGING OUTPUT (BIN 10) **********/
Channel: B11 -> Be10, Detector: NaF
Energy (ek/n): 2.7468447478 GeV/n
----------------------------------------
--- Acceptance Calculation Details ---
Scale Factor (3.9^2 * Pi): 47.7836242611
Acc(Y): 
  Raw Events: 27076.0000000000 (from /eos/user/z/zixuan/Isotope/Add/Be10_w1_frag4.root)
  MC Flux:    223912750.9297534227
  => Calculated Acc(Y) = (Events/Flux)*Scale = 0.0057780962
Acc(XfragY): 
  Raw Events: 59.0000000000 (from /eos/user/z/zixuan/Isotope/Add/B11_w1_frag4.root)
  MC Flux:    172500639.3455166519
  => Calculated Acc(XfragY) = (Events/Flux)*Scale = 0.0000163433
----------------------------------------
--- Epsilon Calculation Details ---
Flux(B11) at 2.7468447478 GeV/n:   0.1183576251
Flux(Be10) at 2.7468447478 GeV/n: 0.0063066806
=> Flux Ratio (X/Y) from TF1:  18.7670236798
----------------------------------------
Acceptance Ratio (from combined hist): 0.0028284964
Acceptance Ratio (from global spline): 0.0029039294
----------------------------------------
FINAL Epsilon = Flux Ratio * Splined Acc Ratio
              = 18.7670236798 * 0.0029039294
              = 0.0544981113
/**************************************/




/********** DEBUGGING OUTPUT (BIN 11) **********/
Channel: B11 -> Be10, Detector: AGL
Energy (ek/n): 3.4250117177 GeV/n
----------------------------------------
--- Acceptance Calculation Details ---
Scale Factor (3.9^2 * Pi): 47.7836242611
Acc(Y): 
  Raw Events: 144688.0000000000 (from /eos/user/z/zixuan/Isotope/Add/Be10_w1_frag4.root)
  MC Flux:    217650661.2241520286
  => Calculated Acc(Y) = (Events/Flux)*Scale = 0.0317652011
Acc(XfragY): 
  Raw Events: 346.0000000000 (from /eos/user/z/zixuan/Isotope/Add/B11_w1_frag4.root)
  MC Flux:    167676374.2093430161
  => Calculated Acc(XfragY) = (Events/Flux)*Scale = 0.0000986015
----------------------------------------
--- Epsilon Calculation Details ---
Flux(B11) at 3.4250117177 GeV/n:   0.0756819913
Flux(Be10) at 3.4250117177 GeV/n: 0.0040896790
=> Flux Ratio (X/Y) from TF1:  18.5056067899
----------------------------------------
Acceptance Ratio (from combined hist): 0.0031040714
Acceptance Ratio (from global spline): 0.0029129980
----------------------------------------
FINAL Epsilon = Flux Ratio * Splined Acc Ratio
              = 18.5056067899 * 0.0029129980
              = 0.0539067947
/**************************************/




/********** DEBUGGING OUTPUT (BIN 12) **********/
Channel: B11 -> Be10, Detector: AGL
Energy (ek/n): 4.2190486071 GeV/n
----------------------------------------
--- Acceptance Calculation Details ---
Scale Factor (3.9^2 * Pi): 47.7836242611
Acc(Y): 
  Raw Events: 145519.0000000000 (from /eos/user/z/zixuan/Isotope/Add/Be10_w1_frag4.root)
  MC Flux:    212070904.2746616006
  => Calculated Acc(Y) = (Events/Flux)*Scale = 0.0327882094
Acc(XfragY): 
  Raw Events: 309.0000000000 (from /eos/user/z/zixuan/Isotope/Add/B11_w1_frag4.root)
  MC Flux:    163377772.9140477180
  => Calculated Acc(XfragY) = (Events/Flux)*Scale = 0.0000903742
----------------------------------------
--- Epsilon Calculation Details ---
Flux(B11) at 4.2190486071 GeV/n:   0.0478878471
Flux(Be10) at 4.2190486071 GeV/n: 0.0026159750
=> Flux Ratio (X/Y) from TF1:  18.3059268023
----------------------------------------
Acceptance Ratio (from combined hist): 0.0027563026
Acceptance Ratio (from global spline): 0.0028367520
----------------------------------------
FINAL Epsilon = Flux Ratio * Splined Acc Ratio
              = 18.3059268023 * 0.0028367520
              = 0.0519293750
/**************************************/




/********** DEBUGGING OUTPUT (BIN 13) **********/
Channel: B11 -> Be10, Detector: AGL
Energy (ek/n): 5.1408648843 GeV/n
----------------------------------------
--- Acceptance Calculation Details ---
Scale Factor (3.9^2 * Pi): 47.7836242611
Acc(Y): 
  Raw Events: 142966.0000000000 (from /eos/user/z/zixuan/Isotope/Add/Be10_w1_frag4.root)
  MC Flux:    205743997.5479314327
  => Calculated Acc(Y) = (Events/Flux)*Scale = 0.0332035622
Acc(XfragY): 
  Raw Events: 278.0000000000 (from /eos/user/z/zixuan/Isotope/Add/B11_w1_frag4.root)
  MC Flux:    158503573.2496312261
  => Calculated Acc(XfragY) = (Events/Flux)*Scale = 0.0000838079
----------------------------------------
--- Epsilon Calculation Details ---
Flux(B11) at 5.1408648843 GeV/n:   0.0306561888
Flux(Be10) at 5.1408648843 GeV/n: 0.0016934060
=> Flux Ratio (X/Y) from TF1:  18.1032712251
----------------------------------------
Acceptance Ratio (from combined hist): 0.0025240627
Acceptance Ratio (from global spline): 0.0026514743
----------------------------------------
FINAL Epsilon = Flux Ratio * Splined Acc Ratio
              = 18.1032712251 * 0.0026514743
              = 0.0480003582
/**************************************/




/********** DEBUGGING OUTPUT (BIN 14) **********/
Channel: B11 -> Be10, Detector: AGL
Energy (ek/n): 6.2049547931 GeV/n
----------------------------------------
--- Acceptance Calculation Details ---
Scale Factor (3.9^2 * Pi): 47.7836242611
Acc(Y): 
  Raw Events: 141769.0000000000 (from /eos/user/z/zixuan/Isotope/Add/Be10_w1_frag4.root)
  MC Flux:    200632097.0394767523
  => Calculated Acc(Y) = (Events/Flux)*Scale = 0.0337644710
Acc(XfragY): 
  Raw Events: 275.0000000000 (from /eos/user/z/zixuan/Isotope/Add/B11_w1_frag4.root)
  MC Flux:    154565404.9125555158
  => Calculated Acc(XfragY) = (Events/Flux)*Scale = 0.0000850158
----------------------------------------
--- Epsilon Calculation Details ---
Flux(B11) at 6.2049547931 GeV/n:   0.0195128022
Flux(Be10) at 6.2049547931 GeV/n: 0.0010955979
=> Flux Ratio (X/Y) from TF1:  17.8101864963
----------------------------------------
Acceptance Ratio (from combined hist): 0.0025179061
Acceptance Ratio (from global spline): 0.0023455232
----------------------------------------
FINAL Epsilon = Flux Ratio * Splined Acc Ratio
              = 17.8101864963 * 0.0023455232
              = 0.0417742051
/**************************************/




/********** DEBUGGING OUTPUT (BIN 15) **********/
Channel: B11 -> Be10, Detector: AGL
Energy (ek/n): 7.4457899798 GeV/n
----------------------------------------
--- Acceptance Calculation Details ---
Scale Factor (3.9^2 * Pi): 47.7836242611
Acc(Y): 
  Raw Events: 141160.0000000000 (from /eos/user/z/zixuan/Isotope/Add/Be10_w1_frag4.root)
  MC Flux:    200158495.3729373217
  => Calculated Acc(Y) = (Events/Flux)*Scale = 0.0336989763
Acc(XfragY): 
  Raw Events: 203.0000000000 (from /eos/user/z/zixuan/Isotope/Add/B11_w1_frag4.root)
  MC Flux:    154200545.8773555756
  => Calculated Acc(XfragY) = (Events/Flux)*Scale = 0.0000629056
----------------------------------------
--- Epsilon Calculation Details ---
Flux(B11) at 7.4457899798 GeV/n:   0.0123133589
Flux(Be10) at 7.4457899798 GeV/n: 0.0006997415
=> Flux Ratio (X/Y) from TF1:  17.5970114189
----------------------------------------
Acceptance Ratio (from combined hist): 0.0018666913
Acceptance Ratio (from global spline): 0.0019564543
----------------------------------------
FINAL Epsilon = Flux Ratio * Splined Acc Ratio
              = 17.5970114189 * 0.0019564543
              = 0.0344277482
/**************************************/




/********** DEBUGGING OUTPUT (BIN 16) **********/
Channel: B11 -> Be10, Detector: AGL
Energy (ek/n): 8.8880598677 GeV/n
----------------------------------------
--- Acceptance Calculation Details ---
Scale Factor (3.9^2 * Pi): 47.7836242611
Acc(Y): 
  Raw Events: 138326.0000000000 (from /eos/user/z/zixuan/Isotope/Add/Be10_w1_frag4.root)
  MC Flux:    195702997.3892996907
  => Calculated Acc(Y) = (Events/Flux)*Scale = 0.0337742278
Acc(XfragY): 
  Raw Events: 179.0000000000 (from /eos/user/z/zixuan/Isotope/Add/B11_w1_frag4.root)
  MC Flux:    150768064.9329307079
  => Calculated Acc(XfragY) = (Events/Flux)*Scale = 0.0000567313
----------------------------------------
--- Epsilon Calculation Details ---
Flux(B11) at 8.8880598677 GeV/n:   0.0078079744
Flux(Be10) at 8.8880598677 GeV/n: 0.0004471950
=> Flux Ratio (X/Y) from TF1:  17.4598872653
----------------------------------------
Acceptance Ratio (from combined hist): 0.0016797217
Acceptance Ratio (from global spline): 0.0015632685
----------------------------------------
FINAL Epsilon = Flux Ratio * Splined Acc Ratio
              = 17.4598872653 * 0.0015632685
              = 0.0272944922
/**************************************/




/********** DEBUGGING OUTPUT (BIN 17) **********/
Channel: B11 -> Be10, Detector: AGL
Energy (ek/n): 10.5565612202 GeV/n
----------------------------------------
--- Acceptance Calculation Details ---
Scale Factor (3.9^2 * Pi): 47.7836242611
Acc(Y): 
  Raw Events: 136140.0000000000 (from /eos/user/z/zixuan/Isotope/Add/Be10_w1_frag4.root)
  MC Flux:    194014374.4246807396
  => Calculated Acc(Y) = (Events/Flux)*Scale = 0.0335297971
Acc(XfragY): 
  Raw Events: 135.0000000000 (from /eos/user/z/zixuan/Isotope/Add/B11_w1_frag4.root)
  MC Flux:    149467162.9530265629
  => Calculated Acc(XfragY) = (Events/Flux)*Scale = 0.0000431586
----------------------------------------
--- Epsilon Calculation Details ---
Flux(B11) at 10.5565612202 GeV/n:   0.0049261906
Flux(Be10) at 10.5565612202 GeV/n: 0.0002866395
=> Flux Ratio (X/Y) from TF1:  17.1860132854
----------------------------------------
Acceptance Ratio (from combined hist): 0.0012871707
Acceptance Ratio (from global spline): 0.0012338596
----------------------------------------
FINAL Epsilon = Flux Ratio * Splined Acc Ratio
              = 17.1860132854 * 0.0012338596
              = 0.0212051268
/**************************************/




/********** DEBUGGING OUTPUT (BIN 18) **********/
Channel: B11 -> Be10, Detector: AGL
Energy (ek/n): 12.4760880858 GeV/n
----------------------------------------
--- Acceptance Calculation Details ---
Scale Factor (3.9^2 * Pi): 47.7836242611
Acc(Y): 
  Raw Events: 132233.0000000000 (from /eos/user/z/zixuan/Isotope/Add/Be10_w1_frag4.root)
  MC Flux:    189139623.7394772768
  => Calculated Acc(Y) = (Events/Flux)*Scale = 0.0334069185
Acc(XfragY): 
  Raw Events: 90.0000000000 (from /eos/user/z/zixuan/Isotope/Add/B11_w1_frag4.root)
  MC Flux:    145711692.9927140474
  => Calculated Acc(XfragY) = (Events/Flux)*Scale = 0.0000295139
----------------------------------------
--- Epsilon Calculation Details ---
Flux(B11) at 12.4760880858 GeV/n:   0.0030859256
Flux(Be10) at 12.4760880858 GeV/n: 0.0001819737
=> Flux Ratio (X/Y) from TF1:  16.9580873117
----------------------------------------
Acceptance Ratio (from combined hist): 0.0008834679
Acceptance Ratio (from global spline): 0.0009923820
----------------------------------------
FINAL Epsilon = Flux Ratio * Splined Acc Ratio
              = 16.9580873117 * 0.0009923820
              = 0.0168289005
/**************************************/




/********** DEBUGGING OUTPUT (BIN 19) **********/
Channel: B11 -> Be10, Detector: AGL
Energy (ek/n): 14.6714890086 GeV/n
----------------------------------------
--- Acceptance Calculation Details ---
Scale Factor (3.9^2 * Pi): 47.7836242611
Acc(Y): 
  Raw Events: 129547.0000000000 (from /eos/user/z/zixuan/Isotope/Add/Be10_w1_frag4.root)
  MC Flux:    186181204.7682591677
  => Calculated Acc(Y) = (Events/Flux)*Scale = 0.0332483893
Acc(XfragY): 
  Raw Events: 82.0000000000 (from /eos/user/z/zixuan/Isotope/Add/B11_w1_frag4.root)
  MC Flux:    143432550.0592814684
  => Calculated Acc(XfragY) = (Events/Flux)*Scale = 0.0000273178
----------------------------------------
--- Epsilon Calculation Details ---
Flux(B11) at 14.6714890086 GeV/n:   0.0019546602
Flux(Be10) at 14.6714890086 GeV/n: 0.0001155030
=> Flux Ratio (X/Y) from TF1:  16.9230202286
----------------------------------------
Acceptance Ratio (from combined hist): 0.0008216268
Acceptance Ratio (from global spline): 0.0008078204
----------------------------------------
FINAL Epsilon = Flux Ratio * Splined Acc Ratio
              = 16.9230202286 * 0.0008078204
              = 0.0136707615
/**************************************/




/********** DEBUGGING OUTPUT (BIN 20) **********/
Channel: B11 -> Be10, Detector: AGL
Energy (ek/n): 17.1925871018 GeV/n
----------------------------------------
--- Acceptance Calculation Details ---
Scale Factor (3.9^2 * Pi): 47.7836242611
Acc(Y): 
  Raw Events: 127844.0000000000 (from /eos/user/z/zixuan/Isotope/Add/Be10_w1_frag4.root)
  MC Flux:    184061323.7871823311
  => Calculated Acc(Y) = (Events/Flux)*Scale = 0.0331892085
Acc(XfragY): 
  Raw Events: 70.0000000000 (from /eos/user/z/zixuan/Isotope/Add/B11_w1_frag4.root)
  MC Flux:    141799410.2624018490
  => Calculated Acc(XfragY) = (Events/Flux)*Scale = 0.0000235886
----------------------------------------
--- Epsilon Calculation Details ---
Flux(B11) at 17.1925871018 GeV/n:   0.0012528916
Flux(Be10) at 17.1925871018 GeV/n: 0.0000741514
=> Flux Ratio (X/Y) from TF1:  16.8963981544
----------------------------------------
Acceptance Ratio (from combined hist): 0.0007107319
Acceptance Ratio (from global spline): 0.0006478471
----------------------------------------
FINAL Epsilon = Flux Ratio * Splined Acc Ratio
              = 16.8963981544 * 0.0006478471
              = 0.0109462819
/**************************************/




/********** DEBUGGING OUTPUT (BIN 21) **********/
Channel: B11 -> Be10, Detector: AGL
Energy (ek/n): 20.0892620167 GeV/n
----------------------------------------
--- Acceptance Calculation Details ---
Scale Factor (3.9^2 * Pi): 47.7836242611
Acc(Y): 
  Raw Events: 126782.0000000000 (from /eos/user/z/zixuan/Isotope/Add/Be10_w1_frag4.root)
  MC Flux:    182139021.1674528420
  => Calculated Acc(Y) = (Events/Flux)*Scale = 0.0332608763
Acc(XfragY): 
  Raw Events: 46.0000000000 (from /eos/user/z/zixuan/Isotope/Add/B11_w1_frag4.root)
  MC Flux:    140318483.2962421179
  => Calculated Acc(XfragY) = (Events/Flux)*Scale = 0.0000156647
----------------------------------------
--- Epsilon Calculation Details ---
Flux(B11) at 20.0892620167 GeV/n:   0.0007940950
Flux(Be10) at 20.0892620167 GeV/n: 0.0000476303
=> Flux Ratio (X/Y) from TF1:  16.6720419472
----------------------------------------
Acceptance Ratio (from combined hist): 0.0004709647
Acceptance Ratio (from global spline): 0.0004853686
----------------------------------------
FINAL Epsilon = Flux Ratio * Splined Acc Ratio
              = 16.6720419472 * 0.0004853686
              = 0.0080920857
/**************************************/


    INFO: Intermediate results saved to /eos/user/z/zixuan/Isotope/BkgEst/w1_results_B11_to_Be10.pdf

>>> Processing channel: C12 -> Be10...
 flux ratio at 1 GeV/n: 98.6142501687
  -- Detector: TOF --
  -- Detector: NaF --
  -- Detector: AGL --
****************************************
Minimizer is Minuit2 / Migrad
Chi2                      = 23.2820878002
NDf                       =           12
Edm                       = 0.0000000000
NCalls                    =          187
p0                        = 0.0003366268   +/-   0.0000218139
p1                        = 0.0001288341   +/-   0.0000229222
p2                        = 0.0001245842   +/-   0.0000144696
p3                        = 0.0001094929   +/-   0.0000158618
p4                        = 0.0004718719   +/-   0.0001625844
p5                        = 0.0005719649   +/-   0.0006031295
p6                        = -0.0017256463   +/-   0.0018196715


/********** DEBUGGING OUTPUT (BIN 3) **********/
Channel: C12 -> Be10, Detector: TOF
Energy (ek/n): 0.3368463841 GeV/n
----------------------------------------
--- Acceptance Calculation Details ---
Scale Factor (3.9^2 * Pi): 47.7836242611
Acc(Y): 
  Raw Events: 405800.0000000000 (from /eos/user/z/zixuan/Isotope/Add/Be10_w1_frag4.root)
  MC Flux:    295849721.8877415657
  => Calculated Acc(Y) = (Events/Flux)*Scale = 0.0655420414
Acc(XfragY): 
  Raw Events: 116.0000000000 (from /eos/user/z/zixuan/Isotope/Add/C12_w1_frag4.root)
  MC Flux:    259769200.0070431232
  => Calculated Acc(XfragY) = (Events/Flux)*Scale = 0.0000213378
----------------------------------------
--- Epsilon Calculation Details ---
Flux(C12) at 0.3368463841 GeV/n:   6.6964749180
Flux(Be10) at 0.3368463841 GeV/n: 0.0589455407
=> Flux Ratio (X/Y) from TF1:  113.6044362464
----------------------------------------
Acceptance Ratio (from combined hist): 0.0003255588
Acceptance Ratio (from global spline): 0.0003365369
----------------------------------------
FINAL Epsilon = Flux Ratio * Splined Acc Ratio
              = 113.6044362464 * 0.0003365369
              = 0.0382320839
/**************************************/




/********** DEBUGGING OUTPUT (BIN 4) **********/
Channel: C12 -> Be10, Detector: TOF
Energy (ek/n): 0.4968766615 GeV/n
----------------------------------------
--- Acceptance Calculation Details ---
Scale Factor (3.9^2 * Pi): 47.7836242611
Acc(Y): 
  Raw Events: 369756.0000000000 (from /eos/user/z/zixuan/Isotope/Add/Be10_w1_frag4.root)
  MC Flux:    274823847.4204167128
  => Calculated Acc(Y) = (Events/Flux)*Scale = 0.0642894783
Acc(XfragY): 
  Raw Events: 96.0000000000 (from /eos/user/z/zixuan/Isotope/Add/C12_w1_frag4.root)
  MC Flux:    241307548.0745191574
  => Calculated Acc(XfragY) = (Events/Flux)*Scale = 0.0000190099
----------------------------------------
--- Epsilon Calculation Details ---
Flux(C12) at 0.4968766615 GeV/n:   4.6914710881
Flux(Be10) at 0.4968766615 GeV/n: 0.0432048041
=> Flux Ratio (X/Y) from TF1:  108.5867923810
----------------------------------------
Acceptance Ratio (from combined hist): 0.0002956920
Acceptance Ratio (from global spline): 0.0003061429
----------------------------------------
FINAL Epsilon = Flux Ratio * Splined Acc Ratio
              = 108.5867923810 * 0.0003061429
              = 0.0332430745
/**************************************/




/********** DEBUGGING OUTPUT (BIN 5) **********/
Channel: C12 -> Be10, Detector: TOF
Energy (ek/n): 0.7045414310 GeV/n
----------------------------------------
--- Acceptance Calculation Details ---
Scale Factor (3.9^2 * Pi): 47.7836242611
Acc(Y): 
  Raw Events: 338157.0000000000 (from /eos/user/z/zixuan/Isotope/Add/Be10_w1_frag4.root)
  MC Flux:    262445842.5403333902
  => Calculated Acc(Y) = (Events/Flux)*Scale = 0.0615683863
Acc(XfragY): 
  Raw Events: 76.0000000000 (from /eos/user/z/zixuan/Isotope/Add/C12_w1_frag4.root)
  MC Flux:    230439109.8523510695
  => Calculated Acc(XfragY) = (Events/Flux)*Scale = 0.0000157593
----------------------------------------
--- Epsilon Calculation Details ---
Flux(C12) at 0.7045414310 GeV/n:   3.6061501427
Flux(Be10) at 0.7045414310 GeV/n: 0.0344620997
=> Flux Ratio (X/Y) from TF1:  104.6410454903
----------------------------------------
Acceptance Ratio (from combined hist): 0.0002559639
Acceptance Ratio (from global spline): 0.0002480042
----------------------------------------
FINAL Epsilon = Flux Ratio * Splined Acc Ratio
              = 104.6410454903 * 0.0002480042
              = 0.0259514199
/**************************************/




/********** DEBUGGING OUTPUT (BIN 6) **********/
Channel: C12 -> Be10, Detector: TOF
Energy (ek/n): 0.9672506104 GeV/n
----------------------------------------
--- Acceptance Calculation Details ---
Scale Factor (3.9^2 * Pi): 47.7836242611
Acc(Y): 
  Raw Events: 312530.0000000000 (from /eos/user/z/zixuan/Isotope/Add/Be10_w1_frag4.root)
  MC Flux:    250534428.7918208241
  => Calculated Acc(Y) = (Events/Flux)*Scale = 0.0596078398
Acc(XfragY): 
  Raw Events: 73.0000000000 (from /eos/user/z/zixuan/Isotope/Add/C12_w1_frag4.root)
  MC Flux:    219980359.3736940026
  => Calculated Acc(XfragY) = (Events/Flux)*Scale = 0.0000158569
----------------------------------------
--- Epsilon Calculation Details ---
Flux(C12) at 0.9672506104 GeV/n:   2.5969608230
Flux(Be10) at 0.9672506104 GeV/n: 0.0262049073
=> Flux Ratio (X/Y) from TF1:  99.1020801791
----------------------------------------
Acceptance Ratio (from combined hist): 0.0002660202
Acceptance Ratio (from global spline): 0.0001878061
----------------------------------------
FINAL Epsilon = Flux Ratio * Splined Acc Ratio
              = 99.1020801791 * 0.0001878061
              = 0.0186119762
/**************************************/




/********** DEBUGGING OUTPUT (BIN 7) **********/
Channel: C12 -> Be10, Detector: NaF
Energy (ek/n): 1.2922125341 GeV/n
----------------------------------------
--- Acceptance Calculation Details ---
Scale Factor (3.9^2 * Pi): 47.7836242611
Acc(Y): 
  Raw Events: 28714.0000000000 (from /eos/user/z/zixuan/Isotope/Add/Be10_w1_frag4.root)
  MC Flux:    241906045.1288549304
  => Calculated Acc(Y) = (Events/Flux)*Scale = 0.0056718673
Acc(XfragY): 
  Raw Events: 1.0000000000 (from /eos/user/z/zixuan/Isotope/Add/C12_w1_frag4.root)
  MC Flux:    212404255.1705844402
  => Calculated Acc(XfragY) = (Events/Flux)*Scale = 0.0000002250
----------------------------------------
--- Epsilon Calculation Details ---
Flux(C12) at 1.2922125341 GeV/n:   1.9311557781
Flux(Be10) at 1.2922125341 GeV/n: 0.0200788674
=> Flux Ratio (X/Y) from TF1:  96.1785211944
----------------------------------------
Acceptance Ratio (from combined hist): 0.0000396634
Acceptance Ratio (from global spline): 0.0001400376
----------------------------------------
FINAL Epsilon = Flux Ratio * Splined Acc Ratio
              = 96.1785211944 * 0.0001400376
              = 0.0134686056
/**************************************/




/********** DEBUGGING OUTPUT (BIN 8) **********/
Channel: C12 -> Be10, Detector: NaF
Energy (ek/n): 1.6909447265 GeV/n
----------------------------------------
--- Acceptance Calculation Details ---
Scale Factor (3.9^2 * Pi): 47.7836242611
Acc(Y): 
  Raw Events: 28272.0000000000 (from /eos/user/z/zixuan/Isotope/Add/Be10_w1_frag4.root)
  MC Flux:    236994939.6714595854
  => Calculated Acc(Y) = (Events/Flux)*Scale = 0.0057002847
Acc(XfragY): 
  Raw Events: 5.0000000000 (from /eos/user/z/zixuan/Isotope/Add/C12_w1_frag4.root)
  MC Flux:    208092086.3854410052
  => Calculated Acc(XfragY) = (Events/Flux)*Scale = 0.0000011481
----------------------------------------
--- Epsilon Calculation Details ---
Flux(C12) at 1.6909447265 GeV/n:   1.3561381403
Flux(Be10) at 1.6909447265 GeV/n: 0.0144091174
=> Flux Ratio (X/Y) from TF1:  94.1166694046
----------------------------------------
Acceptance Ratio (from combined hist): 0.0002014174
Acceptance Ratio (from global spline): 0.0001117113
----------------------------------------
FINAL Epsilon = Flux Ratio * Splined Acc Ratio
              = 94.1166694046 * 0.0001117113
              = 0.0105138975
/**************************************/




/********** DEBUGGING OUTPUT (BIN 9) **********/
Channel: C12 -> Be10, Detector: NaF
Energy (ek/n): 2.1727158116 GeV/n
----------------------------------------
--- Acceptance Calculation Details ---
Scale Factor (3.9^2 * Pi): 47.7836242611
Acc(Y): 
  Raw Events: 27349.0000000000 (from /eos/user/z/zixuan/Isotope/Add/Be10_w1_frag4.root)
  MC Flux:    229506651.5705285668
  => Calculated Acc(Y) = (Events/Flux)*Scale = 0.0056941022
Acc(XfragY): 
  Raw Events: 5.0000000000 (from /eos/user/z/zixuan/Isotope/Add/C12_w1_frag4.root)
  MC Flux:    201517036.7386499643
  => Calculated Acc(XfragY) = (Events/Flux)*Scale = 0.0000011856
----------------------------------------
--- Epsilon Calculation Details ---
Flux(C12) at 2.1727158116 GeV/n:   0.9222679723
Flux(Be10) at 2.1727158116 GeV/n: 0.0097819205
=> Flux Ratio (X/Y) from TF1:  94.2829143852
----------------------------------------
Acceptance Ratio (from combined hist): 0.0002082150
Acceptance Ratio (from global spline): 0.0001001372
----------------------------------------
FINAL Epsilon = Flux Ratio * Splined Acc Ratio
              = 94.2829143852 * 0.0001001372
              = 0.0094412288
/**************************************/




/********** DEBUGGING OUTPUT (BIN 10) **********/
Channel: C12 -> Be10, Detector: NaF
Energy (ek/n): 2.7468447478 GeV/n
----------------------------------------
--- Acceptance Calculation Details ---
Scale Factor (3.9^2 * Pi): 47.7836242611
Acc(Y): 
  Raw Events: 27076.0000000000 (from /eos/user/z/zixuan/Isotope/Add/Be10_w1_frag4.root)
  MC Flux:    223912750.9297534227
  => Calculated Acc(Y) = (Events/Flux)*Scale = 0.0057780962
Acc(XfragY): 
  Raw Events: 1.0000000000 (from /eos/user/z/zixuan/Isotope/Add/C12_w1_frag4.root)
  MC Flux:    196605343.4468629956
  => Calculated Acc(XfragY) = (Events/Flux)*Scale = 0.0000002430
----------------------------------------
--- Epsilon Calculation Details ---
Flux(C12) at 2.7468447478 GeV/n:   0.6079732250
Flux(Be10) at 2.7468447478 GeV/n: 0.0063066806
=> Flux Ratio (X/Y) from TF1:  96.4014604126
----------------------------------------
Acceptance Ratio (from combined hist): 0.0000420629
Acceptance Ratio (from global spline): 0.0000991433
----------------------------------------
FINAL Epsilon = Flux Ratio * Splined Acc Ratio
              = 96.4014604126 * 0.0000991433
              = 0.0095575630
/**************************************/




/********** DEBUGGING OUTPUT (BIN 11) **********/
Channel: C12 -> Be10, Detector: AGL
Energy (ek/n): 3.4250117177 GeV/n
----------------------------------------
--- Acceptance Calculation Details ---
Scale Factor (3.9^2 * Pi): 47.7836242611
Acc(Y): 
  Raw Events: 144688.0000000000 (from /eos/user/z/zixuan/Isotope/Add/Be10_w1_frag4.root)
  MC Flux:    217650661.2241520286
  => Calculated Acc(Y) = (Events/Flux)*Scale = 0.0317652011
Acc(XfragY): 
  Raw Events: 12.0000000000 (from /eos/user/z/zixuan/Isotope/Add/C12_w1_frag4.root)
  MC Flux:    191106950.4694525003
  => Calculated Acc(XfragY) = (Events/Flux)*Scale = 0.0000030004
----------------------------------------
--- Epsilon Calculation Details ---
Flux(C12) at 3.4250117177 GeV/n:   0.4054330897
Flux(Be10) at 3.4250117177 GeV/n: 0.0040896790
=> Flux Ratio (X/Y) from TF1:  99.1356755731
----------------------------------------
Acceptance Ratio (from combined hist): 0.0000944566
Acceptance Ratio (from global spline): 0.0001042568
----------------------------------------
FINAL Epsilon = Flux Ratio * Splined Acc Ratio
              = 99.1356755731 * 0.0001042568
              = 0.0103355729
/**************************************/




/********** DEBUGGING OUTPUT (BIN 12) **********/
Channel: C12 -> Be10, Detector: AGL
Energy (ek/n): 4.2190486071 GeV/n
----------------------------------------
--- Acceptance Calculation Details ---
Scale Factor (3.9^2 * Pi): 47.7836242611
Acc(Y): 
  Raw Events: 145519.0000000000 (from /eos/user/z/zixuan/Isotope/Add/Be10_w1_frag4.root)
  MC Flux:    212070904.2746616006
  => Calculated Acc(Y) = (Events/Flux)*Scale = 0.0327882094
Acc(XfragY): 
  Raw Events: 18.0000000000 (from /eos/user/z/zixuan/Isotope/Add/C12_w1_frag4.root)
  MC Flux:    186207675.9669981003
  => Calculated Acc(XfragY) = (Events/Flux)*Scale = 0.0000046191
----------------------------------------
--- Epsilon Calculation Details ---
Flux(C12) at 4.2190486071 GeV/n:   0.2673103519
Flux(Be10) at 4.2190486071 GeV/n: 0.0026159750
=> Flux Ratio (X/Y) from TF1:  102.1838321892
----------------------------------------
Acceptance Ratio (from combined hist): 0.0001408758
Acceptance Ratio (from global spline): 0.0001122748
----------------------------------------
FINAL Epsilon = Flux Ratio * Splined Acc Ratio
              = 102.1838321892 * 0.0001122748
              = 0.0114726738
/**************************************/




/********** DEBUGGING OUTPUT (BIN 13) **********/
Channel: C12 -> Be10, Detector: AGL
Energy (ek/n): 5.1408648843 GeV/n
----------------------------------------
--- Acceptance Calculation Details ---
Scale Factor (3.9^2 * Pi): 47.7836242611
Acc(Y): 
  Raw Events: 142966.0000000000 (from /eos/user/z/zixuan/Isotope/Add/Be10_w1_frag4.root)
  MC Flux:    205743997.5479314327
  => Calculated Acc(Y) = (Events/Flux)*Scale = 0.0332035622
Acc(XfragY): 
  Raw Events: 13.0000000000 (from /eos/user/z/zixuan/Isotope/Add/C12_w1_frag4.root)
  MC Flux:    180652370.7653068006
  => Calculated Acc(XfragY) = (Events/Flux)*Scale = 0.0000034386
----------------------------------------
--- Epsilon Calculation Details ---
Flux(C12) at 5.1408648843 GeV/n:   0.1779862950
Flux(Be10) at 5.1408648843 GeV/n: 0.0016934060
=> Flux Ratio (X/Y) from TF1:  105.1055039562
----------------------------------------
Acceptance Ratio (from combined hist): 0.0001035605
Acceptance Ratio (from global spline): 0.0001208648
----------------------------------------
FINAL Epsilon = Flux Ratio * Splined Acc Ratio
              = 105.1055039562 * 0.0001208648
              = 0.0127035542
/**************************************/




/********** DEBUGGING OUTPUT (BIN 14) **********/
Channel: C12 -> Be10, Detector: AGL
Energy (ek/n): 6.2049547931 GeV/n
----------------------------------------
--- Acceptance Calculation Details ---
Scale Factor (3.9^2 * Pi): 47.7836242611
Acc(Y): 
  Raw Events: 141769.0000000000 (from /eos/user/z/zixuan/Isotope/Add/Be10_w1_frag4.root)
  MC Flux:    200632097.0394767523
  => Calculated Acc(Y) = (Events/Flux)*Scale = 0.0337644710
Acc(XfragY): 
  Raw Events: 19.0000000000 (from /eos/user/z/zixuan/Isotope/Add/C12_w1_frag4.root)
  MC Flux:    176163895.0042893887
  => Calculated Acc(XfragY) = (Events/Flux)*Scale = 0.0000051537
----------------------------------------
--- Epsilon Calculation Details ---
Flux(C12) at 6.2049547931 GeV/n:   0.1185201216
Flux(Be10) at 6.2049547931 GeV/n: 0.0010955979
=> Flux Ratio (X/Y) from TF1:  108.1784898503
----------------------------------------
Acceptance Ratio (from combined hist): 0.0001526356
Acceptance Ratio (from global spline): 0.0001282136
----------------------------------------
FINAL Epsilon = Flux Ratio * Splined Acc Ratio
              = 108.1784898503 * 0.0001282136
              = 0.0138699492
/**************************************/




/********** DEBUGGING OUTPUT (BIN 15) **********/
Channel: C12 -> Be10, Detector: AGL
Energy (ek/n): 7.4457899798 GeV/n
----------------------------------------
--- Acceptance Calculation Details ---
Scale Factor (3.9^2 * Pi): 47.7836242611
Acc(Y): 
  Raw Events: 141160.0000000000 (from /eos/user/z/zixuan/Isotope/Add/Be10_w1_frag4.root)
  MC Flux:    200158495.3729373217
  => Calculated Acc(Y) = (Events/Flux)*Scale = 0.0336989763
Acc(XfragY): 
  Raw Events: 25.0000000000 (from /eos/user/z/zixuan/Isotope/Add/C12_w1_frag4.root)
  MC Flux:    175748051.6996076107
  => Calculated Acc(XfragY) = (Events/Flux)*Scale = 0.0000067972
----------------------------------------
--- Epsilon Calculation Details ---
Flux(C12) at 7.4457899798 GeV/n:   0.0783231069
Flux(Be10) at 7.4457899798 GeV/n: 0.0006997415
=> Flux Ratio (X/Y) from TF1:  111.9314898627
----------------------------------------
Acceptance Ratio (from combined hist): 0.0002017028
Acceptance Ratio (from global spline): 0.0001306445
----------------------------------------
FINAL Epsilon = Flux Ratio * Splined Acc Ratio
              = 111.9314898627 * 0.0001306445
              = 0.0146232371
/**************************************/




/********** DEBUGGING OUTPUT (BIN 16) **********/
Channel: C12 -> Be10, Detector: AGL
Energy (ek/n): 8.8880598677 GeV/n
----------------------------------------
--- Acceptance Calculation Details ---
Scale Factor (3.9^2 * Pi): 47.7836242611
Acc(Y): 
  Raw Events: 138326.0000000000 (from /eos/user/z/zixuan/Isotope/Add/Be10_w1_frag4.root)
  MC Flux:    195702997.3892996907
  => Calculated Acc(Y) = (Events/Flux)*Scale = 0.0337742278
Acc(XfragY): 
  Raw Events: 12.0000000000 (from /eos/user/z/zixuan/Isotope/Add/C12_w1_frag4.root)
  MC Flux:    171835926.5184263885
  => Calculated Acc(XfragY) = (Events/Flux)*Scale = 0.0000033369
----------------------------------------
--- Epsilon Calculation Details ---
Flux(C12) at 8.8880598677 GeV/n:   0.0519524793
Flux(Be10) at 8.8880598677 GeV/n: 0.0004471950
=> Flux Ratio (X/Y) from TF1:  116.1741041911
----------------------------------------
Acceptance Ratio (from combined hist): 0.0000988009
Acceptance Ratio (from global spline): 0.0001229067
----------------------------------------
FINAL Epsilon = Flux Ratio * Splined Acc Ratio
              = 116.1741041911 * 0.0001229067
              = 0.0142785806
/**************************************/




/********** DEBUGGING OUTPUT (BIN 17) **********/
Channel: C12 -> Be10, Detector: AGL
Energy (ek/n): 10.5565612202 GeV/n
----------------------------------------
--- Acceptance Calculation Details ---
Scale Factor (3.9^2 * Pi): 47.7836242611
Acc(Y): 
  Raw Events: 136140.0000000000 (from /eos/user/z/zixuan/Isotope/Add/Be10_w1_frag4.root)
  MC Flux:    194014374.4246807396
  => Calculated Acc(Y) = (Events/Flux)*Scale = 0.0335297971
Acc(XfragY): 
  Raw Events: 10.0000000000 (from /eos/user/z/zixuan/Isotope/Add/C12_w1_frag4.root)
  MC Flux:    170353240.5323329568
  => Calculated Acc(XfragY) = (Events/Flux)*Scale = 0.0000028050
----------------------------------------
--- Epsilon Calculation Details ---
Flux(C12) at 10.5565612202 GeV/n:   0.0346072367
Flux(Be10) at 10.5565612202 GeV/n: 0.0002866395
=> Flux Ratio (X/Y) from TF1:  120.7343532899
----------------------------------------
Acceptance Ratio (from combined hist): 0.0000836561
Acceptance Ratio (from global spline): 0.0001007101
----------------------------------------
FINAL Epsilon = Flux Ratio * Splined Acc Ratio
              = 120.7343532899 * 0.0001007101
              = 0.0121591724
/**************************************/




/********** DEBUGGING OUTPUT (BIN 18) **********/
Channel: C12 -> Be10, Detector: AGL
Energy (ek/n): 12.4760880858 GeV/n
----------------------------------------
--- Acceptance Calculation Details ---
Scale Factor (3.9^2 * Pi): 47.7836242611
Acc(Y): 
  Raw Events: 132233.0000000000 (from /eos/user/z/zixuan/Isotope/Add/Be10_w1_frag4.root)
  MC Flux:    189139623.7394772768
  => Calculated Acc(Y) = (Events/Flux)*Scale = 0.0334069185
Acc(XfragY): 
  Raw Events: 9.0000000000 (from /eos/user/z/zixuan/Isotope/Add/C12_w1_frag4.root)
  MC Flux:    166072992.8523654044
  => Calculated Acc(XfragY) = (Events/Flux)*Scale = 0.0000025895
----------------------------------------
--- Epsilon Calculation Details ---
Flux(C12) at 12.4760880858 GeV/n:   0.0229867657
Flux(Be10) at 12.4760880858 GeV/n: 0.0001819737
=> Flux Ratio (X/Y) from TF1:  126.3191740031
----------------------------------------
Acceptance Ratio (from combined hist): 0.0000775151
Acceptance Ratio (from global spline): 0.0000691723
----------------------------------------
FINAL Epsilon = Flux Ratio * Splined Acc Ratio
              = 126.3191740031 * 0.0000691723
              = 0.0087377922
/**************************************/




/********** DEBUGGING OUTPUT (BIN 19) **********/
Channel: C12 -> Be10, Detector: AGL
Energy (ek/n): 14.6714890086 GeV/n
----------------------------------------
--- Acceptance Calculation Details ---
Scale Factor (3.9^2 * Pi): 47.7836242611
Acc(Y): 
  Raw Events: 129547.0000000000 (from /eos/user/z/zixuan/Isotope/Add/Be10_w1_frag4.root)
  MC Flux:    186181204.7682591677
  => Calculated Acc(Y) = (Events/Flux)*Scale = 0.0332483893
Acc(XfragY): 
  Raw Events: 5.0000000000 (from /eos/user/z/zixuan/Isotope/Add/C12_w1_frag4.root)
  MC Flux:    163475369.5572159886
  => Calculated Acc(XfragY) = (Events/Flux)*Scale = 0.0000014615
----------------------------------------
--- Epsilon Calculation Details ---
Flux(C12) at 14.6714890086 GeV/n:   0.0153645058
Flux(Be10) at 14.6714890086 GeV/n: 0.0001155030
=> Flux Ratio (X/Y) from TF1:  133.0225274323
----------------------------------------
Acceptance Ratio (from combined hist): 0.0000439568
Acceptance Ratio (from global spline): 0.0000459391
----------------------------------------
FINAL Epsilon = Flux Ratio * Splined Acc Ratio
              = 133.0225274323 * 0.0000459391
              = 0.0061109297
/**************************************/




/********** DEBUGGING OUTPUT (BIN 20) **********/
Channel: C12 -> Be10, Detector: AGL
Energy (ek/n): 17.1925871018 GeV/n
----------------------------------------
--- Acceptance Calculation Details ---
Scale Factor (3.9^2 * Pi): 47.7836242611
Acc(Y): 
  Raw Events: 127844.0000000000 (from /eos/user/z/zixuan/Isotope/Add/Be10_w1_frag4.root)
  MC Flux:    184061323.7871823311
  => Calculated Acc(Y) = (Events/Flux)*Scale = 0.0331892085
Acc(XfragY): 
  Raw Events: 6.0000000000 (from /eos/user/z/zixuan/Isotope/Add/C12_w1_frag4.root)
  MC Flux:    161614019.8724817932
  => Calculated Acc(XfragY) = (Events/Flux)*Scale = 0.0000017740
----------------------------------------
--- Epsilon Calculation Details ---
Flux(C12) at 17.1925871018 GeV/n:   0.0103915375
Flux(Be10) at 17.1925871018 GeV/n: 0.0000741514
=> Flux Ratio (X/Y) from TF1:  140.1394585685
----------------------------------------
Acceptance Ratio (from combined hist): 0.0000534508
Acceptance Ratio (from global spline): 0.0000469464
----------------------------------------
FINAL Epsilon = Flux Ratio * Splined Acc Ratio
              = 140.1394585685 * 0.0000469464
              = 0.0065790419
/**************************************/




/********** DEBUGGING OUTPUT (BIN 21) **********/
Channel: C12 -> Be10, Detector: AGL
Energy (ek/n): 20.0892620167 GeV/n
----------------------------------------
--- Acceptance Calculation Details ---
Scale Factor (3.9^2 * Pi): 47.7836242611
Acc(Y): 
  Raw Events: 126782.0000000000 (from /eos/user/z/zixuan/Isotope/Add/Be10_w1_frag4.root)
  MC Flux:    182139021.1674528420
  => Calculated Acc(Y) = (Events/Flux)*Scale = 0.0332608763
Acc(XfragY): 
  Raw Events: 9.0000000000 (from /eos/user/z/zixuan/Isotope/Add/C12_w1_frag4.root)
  MC Flux:    159926152.7671410441
  => Calculated Acc(XfragY) = (Events/Flux)*Scale = 0.0000026891
----------------------------------------
--- Epsilon Calculation Details ---
Flux(C12) at 20.0892620167 GeV/n:   0.0070255045
Flux(Be10) at 20.0892620167 GeV/n: 0.0000476303
=> Flux Ratio (X/Y) from TF1:  147.5006233228
----------------------------------------
Acceptance Ratio (from combined hist): 0.0000808478
Acceptance Ratio (from global spline): 0.0000864915
----------------------------------------
FINAL Epsilon = Flux Ratio * Splined Acc Ratio
              = 147.5006233228 * 0.0000864915
              = 0.0127575508
/**************************************/


    INFO: Intermediate results saved to /eos/user/z/zixuan/Isotope/BkgEst/w1_results_C12_to_Be10.pdf

>>> Processing channel: N14 -> Be10...
 flux ratio at 1 GeV/n: 13.6553954411
  -- Detector: TOF --
  -- Detector: NaF --
  -- Detector: AGL --
****************************************
Minimizer is Minuit2 / Migrad
Chi2                      = 10.0204048697
NDf                       =            9
Edm                       = 0.0000000000
NCalls                    =          284
p0                        = 0.0002733872   +/-   0.0000237344
p1                        = 0.0001574996   +/-   0.0000182013
p2                        = 0.0000843934   +/-   0.0000272614
p3                        = 0.0000460856   +/-   0.0000172231
p4                        = 0.0000435670   +/-   0.0000116279
p5                        = 0.0000530602   +/-   0.0000117301
p6                        = -0.0000437387   +/-   0.0001160806
p7                        = -0.0000643721   +/-   0.0004225170
p8                        = 0.0001942138   +/-   0.0012747550


/********** DEBUGGING OUTPUT (BIN 3) **********/
Channel: N14 -> Be10, Detector: TOF
Energy (ek/n): 0.3368463841 GeV/n
----------------------------------------
--- Acceptance Calculation Details ---
Scale Factor (3.9^2 * Pi): 47.7836242611
Acc(Y): 
  Raw Events: 405800.0000000000 (from /eos/user/z/zixuan/Isotope/Add/Be10_w1_frag4.root)
  MC Flux:    295849721.8877415657
  => Calculated Acc(Y) = (Events/Flux)*Scale = 0.0655420414
Acc(XfragY): 
  Raw Events: 116.0000000000 (from /eos/user/z/zixuan/Isotope/Add/N14_w1_frag4.root)
  MC Flux:    270692465.2423504591
  => Calculated Acc(XfragY) = (Events/Flux)*Scale = 0.0000204767
----------------------------------------
--- Epsilon Calculation Details ---
Flux(N14) at 0.3368463841 GeV/n:   0.9463337766
Flux(Be10) at 0.3368463841 GeV/n: 0.0589455407
=> Flux Ratio (X/Y) from TF1:  16.0543743557
----------------------------------------
Acceptance Ratio (from combined hist): 0.0003124215
Acceptance Ratio (from global spline): 0.0002732675
----------------------------------------
FINAL Epsilon = Flux Ratio * Splined Acc Ratio
              = 16.0543743557 * 0.0002732675
              = 0.0043871393
/**************************************/




/********** DEBUGGING OUTPUT (BIN 4) **********/
Channel: N14 -> Be10, Detector: TOF
Energy (ek/n): 0.4968766615 GeV/n
----------------------------------------
--- Acceptance Calculation Details ---
Scale Factor (3.9^2 * Pi): 47.7836242611
Acc(Y): 
  Raw Events: 369756.0000000000 (from /eos/user/z/zixuan/Isotope/Add/Be10_w1_frag4.root)
  MC Flux:    274823847.4204167128
  => Calculated Acc(Y) = (Events/Flux)*Scale = 0.0642894783
Acc(XfragY): 
  Raw Events: 67.0000000000 (from /eos/user/z/zixuan/Isotope/Add/N14_w1_frag4.root)
  MC Flux:    251454502.9514956474
  => Calculated Acc(XfragY) = (Events/Flux)*Scale = 0.0000127319
----------------------------------------
--- Epsilon Calculation Details ---
Flux(N14) at 0.4968766615 GeV/n:   0.6613844464
Flux(Be10) at 0.4968766615 GeV/n: 0.0432048041
=> Flux Ratio (X/Y) from TF1:  15.3081228064
----------------------------------------
Acceptance Ratio (from combined hist): 0.0001980408
Acceptance Ratio (from global spline): 0.0002354943
----------------------------------------
FINAL Epsilon = Flux Ratio * Splined Acc Ratio
              = 15.3081228064 * 0.0002354943
              = 0.0036049757
/**************************************/




/********** DEBUGGING OUTPUT (BIN 5) **********/
Channel: N14 -> Be10, Detector: TOF
Energy (ek/n): 0.7045414310 GeV/n
----------------------------------------
--- Acceptance Calculation Details ---
Scale Factor (3.9^2 * Pi): 47.7836242611
Acc(Y): 
  Raw Events: 338157.0000000000 (from /eos/user/z/zixuan/Isotope/Add/Be10_w1_frag4.root)
  MC Flux:    262445842.5403333902
  => Calculated Acc(Y) = (Events/Flux)*Scale = 0.0615683863
Acc(XfragY): 
  Raw Events: 55.0000000000 (from /eos/user/z/zixuan/Isotope/Add/N14_w1_frag4.root)
  MC Flux:    240129048.1415599585
  => Calculated Acc(XfragY) = (Events/Flux)*Scale = 0.0000109445
----------------------------------------
--- Epsilon Calculation Details ---
Flux(N14) at 0.7045414310 GeV/n:   0.5056970681
Flux(Be10) at 0.7045414310 GeV/n: 0.0344620997
=> Flux Ratio (X/Y) from TF1:  14.6740062985
----------------------------------------
Acceptance Ratio (from combined hist): 0.0001777622
Acceptance Ratio (from global spline): 0.0001729652
----------------------------------------
FINAL Epsilon = Flux Ratio * Splined Acc Ratio
              = 14.6740062985 * 0.0001729652
              = 0.0025380920
/**************************************/




/********** DEBUGGING OUTPUT (BIN 6) **********/
Channel: N14 -> Be10, Detector: TOF
Energy (ek/n): 0.9672506104 GeV/n
----------------------------------------
--- Acceptance Calculation Details ---
Scale Factor (3.9^2 * Pi): 47.7836242611
Acc(Y): 
  Raw Events: 312530.0000000000 (from /eos/user/z/zixuan/Isotope/Add/Be10_w1_frag4.root)
  MC Flux:    250534428.7918208241
  => Calculated Acc(Y) = (Events/Flux)*Scale = 0.0596078398
Acc(XfragY): 
  Raw Events: 41.0000000000 (from /eos/user/z/zixuan/Isotope/Add/N14_w1_frag4.root)
  MC Flux:    229230508.3980275989
  => Calculated Acc(XfragY) = (Events/Flux)*Scale = 0.0000085465
----------------------------------------
--- Epsilon Calculation Details ---
Flux(N14) at 0.9672506104 GeV/n:   0.3601010089
Flux(Be10) at 0.9672506104 GeV/n: 0.0262049073
=> Flux Ratio (X/Y) from TF1:  13.7417394747
----------------------------------------
Acceptance Ratio (from combined hist): 0.0001433795
Acceptance Ratio (from global spline): 0.0001237436
----------------------------------------
FINAL Epsilon = Flux Ratio * Splined Acc Ratio
              = 13.7417394747 * 0.0001237436
              = 0.0017004530
/**************************************/




/********** DEBUGGING OUTPUT (BIN 7) **********/
Channel: N14 -> Be10, Detector: NaF
Energy (ek/n): 1.2922125341 GeV/n
----------------------------------------
--- Acceptance Calculation Details ---
Scale Factor (3.9^2 * Pi): 47.7836242611
Acc(Y): 
  Raw Events: 28714.0000000000 (from /eos/user/z/zixuan/Isotope/Add/Be10_w1_frag4.root)
  MC Flux:    241906045.1288549304
  => Calculated Acc(Y) = (Events/Flux)*Scale = 0.0056718673
Acc(XfragY): 
  Raw Events: 2.0000000000 (from /eos/user/z/zixuan/Isotope/Add/N14_w1_frag4.root)
  MC Flux:    221335829.8771829009
  => Calculated Acc(XfragY) = (Events/Flux)*Scale = 0.0000004318
----------------------------------------
--- Epsilon Calculation Details ---
Flux(N14) at 1.2922125341 GeV/n:   0.2643590385
Flux(Be10) at 1.2922125341 GeV/n: 0.0200788674
=> Flux Ratio (X/Y) from TF1:  13.1660333563
----------------------------------------
Acceptance Ratio (from combined hist): 0.0000761257
Acceptance Ratio (from global spline): 0.0000919516
----------------------------------------
FINAL Epsilon = Flux Ratio * Splined Acc Ratio
              = 13.1660333563 * 0.0000919516
              = 0.0012106373
/**************************************/




/********** DEBUGGING OUTPUT (BIN 8) **********/
Channel: N14 -> Be10, Detector: NaF
Energy (ek/n): 1.6909447265 GeV/n
----------------------------------------
--- Acceptance Calculation Details ---
Scale Factor (3.9^2 * Pi): 47.7836242611
Acc(Y): 
  Raw Events: 28272.0000000000 (from /eos/user/z/zixuan/Isotope/Add/Be10_w1_frag4.root)
  MC Flux:    236994939.6714595854
  => Calculated Acc(Y) = (Events/Flux)*Scale = 0.0057002847
Acc(XfragY): 
  Raw Events: 1.0000000000 (from /eos/user/z/zixuan/Isotope/Add/N14_w1_frag4.root)
  MC Flux:    216842334.8863987625
  => Calculated Acc(XfragY) = (Events/Flux)*Scale = 0.0000002204
----------------------------------------
--- Epsilon Calculation Details ---
Flux(N14) at 1.6909447265 GeV/n:   0.1827408793
Flux(Be10) at 1.6909447265 GeV/n: 0.0144091174
=> Flux Ratio (X/Y) from TF1:  12.6823089874
----------------------------------------
Acceptance Ratio (from combined hist): 0.0000386579
Acceptance Ratio (from global spline): 0.0000711393
----------------------------------------
FINAL Epsilon = Flux Ratio * Splined Acc Ratio
              = 12.6823089874 * 0.0000711393
              = 0.0009022111
/**************************************/




/********** DEBUGGING OUTPUT (BIN 9) **********/
Channel: N14 -> Be10, Detector: NaF
Energy (ek/n): 2.1727158116 GeV/n
----------------------------------------
--- Acceptance Calculation Details ---
Scale Factor (3.9^2 * Pi): 47.7836242611
Acc(Y): 
  Raw Events: 27349.0000000000 (from /eos/user/z/zixuan/Isotope/Add/Be10_w1_frag4.root)
  MC Flux:    229506651.5705285668
  => Calculated Acc(Y) = (Events/Flux)*Scale = 0.0056941022
Acc(XfragY): 
  Raw Events: 2.0000000000 (from /eos/user/z/zixuan/Isotope/Add/N14_w1_frag4.root)
  MC Flux:    209990805.1518020928
  => Calculated Acc(XfragY) = (Events/Flux)*Scale = 0.0000004551
----------------------------------------
--- Epsilon Calculation Details ---
Flux(N14) at 2.1727158116 GeV/n:   0.1223238031
Flux(Be10) at 2.1727158116 GeV/n: 0.0097819205
=> Flux Ratio (X/Y) from TF1:  12.5050907080
----------------------------------------
Acceptance Ratio (from combined hist): 0.0000799252
Acceptance Ratio (from global spline): 0.0000577192
----------------------------------------
FINAL Epsilon = Flux Ratio * Splined Acc Ratio
              = 12.5050907080 * 0.0000577192
              = 0.0007217837
/**************************************/




/********** DEBUGGING OUTPUT (BIN 10) **********/
Channel: N14 -> Be10, Detector: NaF
Energy (ek/n): 2.7468447478 GeV/n
----------------------------------------
--- Acceptance Calculation Details ---
Scale Factor (3.9^2 * Pi): 47.7836242611
Acc(Y): 
  Raw Events: 27076.0000000000 (from /eos/user/z/zixuan/Isotope/Add/Be10_w1_frag4.root)
  MC Flux:    223912750.9297534227
  => Calculated Acc(Y) = (Events/Flux)*Scale = 0.0057780962
Acc(XfragY): 
  Raw Events: 0.0000000000 (from /eos/user/z/zixuan/Isotope/Add/N14_w1_frag4.root)
  MC Flux:    204872575.7172422409
  => Calculated Acc(XfragY) = (Events/Flux)*Scale = 0.0000000000
----------------------------------------
--- Epsilon Calculation Details ---
Flux(N14) at 2.7468447478 GeV/n:   0.0790148422
Flux(Be10) at 2.7468447478 GeV/n: 0.0063066806
=> Flux Ratio (X/Y) from TF1:  12.5287526912
----------------------------------------
Acceptance Ratio (from combined hist): 0.0000000000
Acceptance Ratio (from global spline): 0.0000494331
----------------------------------------
FINAL Epsilon = Flux Ratio * Splined Acc Ratio
              = 12.5287526912 * 0.0000494331
              = 0.0006193346
/**************************************/




/********** DEBUGGING OUTPUT (BIN 11) **********/
Channel: N14 -> Be10, Detector: AGL
Energy (ek/n): 3.4250117177 GeV/n
----------------------------------------
--- Acceptance Calculation Details ---
Scale Factor (3.9^2 * Pi): 47.7836242611
Acc(Y): 
  Raw Events: 144688.0000000000 (from /eos/user/z/zixuan/Isotope/Add/Be10_w1_frag4.root)
  MC Flux:    217650661.2241520286
  => Calculated Acc(Y) = (Events/Flux)*Scale = 0.0317652011
Acc(XfragY): 
  Raw Events: 6.0000000000 (from /eos/user/z/zixuan/Isotope/Add/N14_w1_frag4.root)
  MC Flux:    199142975.9421876073
  => Calculated Acc(XfragY) = (Events/Flux)*Scale = 0.0000014397
----------------------------------------
--- Epsilon Calculation Details ---
Flux(N14) at 3.4250117177 GeV/n:   0.0514629550
Flux(Be10) at 3.4250117177 GeV/n: 0.0040896790
=> Flux Ratio (X/Y) from TF1:  12.5836172165
----------------------------------------
Acceptance Ratio (from combined hist): 0.0000453225
Acceptance Ratio (from global spline): 0.0000446233
----------------------------------------
FINAL Epsilon = Flux Ratio * Splined Acc Ratio
              = 12.5836172165 * 0.0000446233
              = 0.0005615224
/**************************************/




/********** DEBUGGING OUTPUT (BIN 12) **********/
Channel: N14 -> Be10, Detector: AGL
Energy (ek/n): 4.2190486071 GeV/n
----------------------------------------
--- Acceptance Calculation Details ---
Scale Factor (3.9^2 * Pi): 47.7836242611
Acc(Y): 
  Raw Events: 145519.0000000000 (from /eos/user/z/zixuan/Isotope/Add/Be10_w1_frag4.root)
  MC Flux:    212070904.2746616006
  => Calculated Acc(Y) = (Events/Flux)*Scale = 0.0327882094
Acc(XfragY): 
  Raw Events: 7.0000000000 (from /eos/user/z/zixuan/Isotope/Add/N14_w1_frag4.root)
  MC Flux:    194037687.5056353211
  => Calculated Acc(XfragY) = (Events/Flux)*Scale = 0.0000017238
----------------------------------------
--- Epsilon Calculation Details ---
Flux(N14) at 4.2190486071 GeV/n:   0.0331087165
Flux(Be10) at 4.2190486071 GeV/n: 0.0026159750
=> Flux Ratio (X/Y) from TF1:  12.6563580912
----------------------------------------
Acceptance Ratio (from combined hist): 0.0000525743
Acceptance Ratio (from global spline): 0.0000424362
----------------------------------------
FINAL Epsilon = Flux Ratio * Splined Acc Ratio
              = 12.6563580912 * 0.0000424362
              = 0.0005370875
/**************************************/




/********** DEBUGGING OUTPUT (BIN 13) **********/
Channel: N14 -> Be10, Detector: AGL
Energy (ek/n): 5.1408648843 GeV/n
----------------------------------------
--- Acceptance Calculation Details ---
Scale Factor (3.9^2 * Pi): 47.7836242611
Acc(Y): 
  Raw Events: 142966.0000000000 (from /eos/user/z/zixuan/Isotope/Add/Be10_w1_frag4.root)
  MC Flux:    205743997.5479314327
  => Calculated Acc(Y) = (Events/Flux)*Scale = 0.0332035622
Acc(XfragY): 
  Raw Events: 4.0000000000 (from /eos/user/z/zixuan/Isotope/Add/N14_w1_frag4.root)
  MC Flux:    188248782.3537592292
  => Calculated Acc(XfragY) = (Events/Flux)*Scale = 0.0000010153
----------------------------------------
--- Epsilon Calculation Details ---
Flux(N14) at 5.1408648843 GeV/n:   0.0216186832
Flux(Be10) at 5.1408648843 GeV/n: 0.0016934060
=> Flux Ratio (X/Y) from TF1:  12.7663907456
----------------------------------------
Acceptance Ratio (from combined hist): 0.0000305789
Acceptance Ratio (from global spline): 0.0000426699
----------------------------------------
FINAL Epsilon = Flux Ratio * Splined Acc Ratio
              = 12.7663907456 * 0.0000426699
              = 0.0005447401
/**************************************/




/********** DEBUGGING OUTPUT (BIN 14) **********/
Channel: N14 -> Be10, Detector: AGL
Energy (ek/n): 6.2049547931 GeV/n
----------------------------------------
--- Acceptance Calculation Details ---
Scale Factor (3.9^2 * Pi): 47.7836242611
Acc(Y): 
  Raw Events: 141769.0000000000 (from /eos/user/z/zixuan/Isotope/Add/Be10_w1_frag4.root)
  MC Flux:    200632097.0394767523
  => Calculated Acc(Y) = (Events/Flux)*Scale = 0.0337644710
Acc(XfragY): 
  Raw Events: 7.0000000000 (from /eos/user/z/zixuan/Isotope/Add/N14_w1_frag4.root)
  MC Flux:    183571566.6988726258
  => Calculated Acc(XfragY) = (Events/Flux)*Scale = 0.0000018221
----------------------------------------
--- Epsilon Calculation Details ---
Flux(N14) at 6.2049547931 GeV/n:   0.0141850453
Flux(Be10) at 6.2049547931 GeV/n: 0.0010955979
=> Flux Ratio (X/Y) from TF1:  12.9473101646
----------------------------------------
Acceptance Ratio (from combined hist): 0.0000539649
Acceptance Ratio (from global spline): 0.0000451245
----------------------------------------
FINAL Epsilon = Flux Ratio * Splined Acc Ratio
              = 12.9473101646 * 0.0000451245
              = 0.0005842408
/**************************************/




/********** DEBUGGING OUTPUT (BIN 15) **********/
Channel: N14 -> Be10, Detector: AGL
Energy (ek/n): 7.4457899798 GeV/n
----------------------------------------
--- Acceptance Calculation Details ---
Scale Factor (3.9^2 * Pi): 47.7836242611
Acc(Y): 
  Raw Events: 141160.0000000000 (from /eos/user/z/zixuan/Isotope/Add/Be10_w1_frag4.root)
  MC Flux:    200158495.3729373217
  => Calculated Acc(Y) = (Events/Flux)*Scale = 0.0336989763
Acc(XfragY): 
  Raw Events: 8.0000000000 (from /eos/user/z/zixuan/Isotope/Add/N14_w1_frag4.root)
  MC Flux:    183138237.2306533456
  => Calculated Acc(XfragY) = (Events/Flux)*Scale = 0.0000020873
----------------------------------------
--- Epsilon Calculation Details ---
Flux(N14) at 7.4457899798 GeV/n:   0.0091983207
Flux(Be10) at 7.4457899798 GeV/n: 0.0006997415
=> Flux Ratio (X/Y) from TF1:  13.1453128251
----------------------------------------
Acceptance Ratio (from combined hist): 0.0000619403
Acceptance Ratio (from global spline): 0.0000487694
----------------------------------------
FINAL Epsilon = Flux Ratio * Splined Acc Ratio
              = 13.1453128251 * 0.0000487694
              = 0.0006410893
/**************************************/




/********** DEBUGGING OUTPUT (BIN 16) **********/
Channel: N14 -> Be10, Detector: AGL
Energy (ek/n): 8.8880598677 GeV/n
----------------------------------------
--- Acceptance Calculation Details ---
Scale Factor (3.9^2 * Pi): 47.7836242611
Acc(Y): 
  Raw Events: 138326.0000000000 (from /eos/user/z/zixuan/Isotope/Add/Be10_w1_frag4.root)
  MC Flux:    195702997.3892996907
  => Calculated Acc(Y) = (Events/Flux)*Scale = 0.0337742278
Acc(XfragY): 
  Raw Events: 6.0000000000 (from /eos/user/z/zixuan/Isotope/Add/N14_w1_frag4.root)
  MC Flux:    179061607.6317557991
  => Calculated Acc(XfragY) = (Events/Flux)*Scale = 0.0000016011
----------------------------------------
--- Epsilon Calculation Details ---
Flux(N14) at 8.8880598677 GeV/n:   0.0059620302
Flux(Be10) at 8.8880598677 GeV/n: 0.0004471950
=> Flux Ratio (X/Y) from TF1:  13.3320589693
----------------------------------------
Acceptance Ratio (from combined hist): 0.0000474070
Acceptance Ratio (from global spline): 0.0000519293
----------------------------------------
FINAL Epsilon = Flux Ratio * Splined Acc Ratio
              = 13.3320589693 * 0.0000519293
              = 0.0006923247
/**************************************/




/********** DEBUGGING OUTPUT (BIN 17) **********/
Channel: N14 -> Be10, Detector: AGL
Energy (ek/n): 10.5565612202 GeV/n
----------------------------------------
--- Acceptance Calculation Details ---
Scale Factor (3.9^2 * Pi): 47.7836242611
Acc(Y): 
  Raw Events: 136140.0000000000 (from /eos/user/z/zixuan/Isotope/Add/Be10_w1_frag4.root)
  MC Flux:    194014374.4246807396
  => Calculated Acc(Y) = (Events/Flux)*Scale = 0.0335297971
Acc(XfragY): 
  Raw Events: 5.0000000000 (from /eos/user/z/zixuan/Isotope/Add/N14_w1_frag4.root)
  MC Flux:    177516574.8690378666
  => Calculated Acc(XfragY) = (Events/Flux)*Scale = 0.0000013459
----------------------------------------
--- Epsilon Calculation Details ---
Flux(N14) at 10.5565612202 GeV/n:   0.0038838111
Flux(Be10) at 10.5565612202 GeV/n: 0.0002866395
=> Flux Ratio (X/Y) from TF1:  13.5494614114
----------------------------------------
Acceptance Ratio (from combined hist): 0.0000401402
Acceptance Ratio (from global spline): 0.0000531711
----------------------------------------
FINAL Epsilon = Flux Ratio * Splined Acc Ratio
              = 13.5494614114 * 0.0000531711
              = 0.0007204399
/**************************************/




/********** DEBUGGING OUTPUT (BIN 18) **********/
Channel: N14 -> Be10, Detector: AGL
Energy (ek/n): 12.4760880858 GeV/n
----------------------------------------
--- Acceptance Calculation Details ---
Scale Factor (3.9^2 * Pi): 47.7836242611
Acc(Y): 
  Raw Events: 132233.0000000000 (from /eos/user/z/zixuan/Isotope/Add/Be10_w1_frag4.root)
  MC Flux:    189139623.7394772768
  => Calculated Acc(Y) = (Events/Flux)*Scale = 0.0334069185
Acc(XfragY): 
  Raw Events: 8.0000000000 (from /eos/user/z/zixuan/Isotope/Add/N14_w1_frag4.root)
  MC Flux:    173056343.2622618675
  => Calculated Acc(XfragY) = (Events/Flux)*Scale = 0.0000022089
----------------------------------------
--- Epsilon Calculation Details ---
Flux(N14) at 12.4760880858 GeV/n:   0.0025162837
Flux(Be10) at 12.4760880858 GeV/n: 0.0001819737
=> Flux Ratio (X/Y) from TF1:  13.8277337322
----------------------------------------
Acceptance Ratio (from combined hist): 0.0000661219
Acceptance Ratio (from global spline): 0.0000514284
----------------------------------------
FINAL Epsilon = Flux Ratio * Splined Acc Ratio
              = 13.8277337322 * 0.0000514284
              = 0.0007111385
/**************************************/




/********** DEBUGGING OUTPUT (BIN 19) **********/
Channel: N14 -> Be10, Detector: AGL
Energy (ek/n): 14.6714890086 GeV/n
----------------------------------------
--- Acceptance Calculation Details ---
Scale Factor (3.9^2 * Pi): 47.7836242611
Acc(Y): 
  Raw Events: 129547.0000000000 (from /eos/user/z/zixuan/Isotope/Add/Be10_w1_frag4.root)
  MC Flux:    186181204.7682591677
  => Calculated Acc(Y) = (Events/Flux)*Scale = 0.0332483893
Acc(XfragY): 
  Raw Events: 8.0000000000 (from /eos/user/z/zixuan/Isotope/Add/N14_w1_frag4.root)
  MC Flux:    170349490.2037938237
  => Calculated Acc(XfragY) = (Events/Flux)*Scale = 0.0000022440
----------------------------------------
--- Epsilon Calculation Details ---
Flux(N14) at 14.6714890086 GeV/n:   0.0016280305
Flux(Be10) at 14.6714890086 GeV/n: 0.0001155030
=> Flux Ratio (X/Y) from TF1:  14.0951318855
----------------------------------------
Acceptance Ratio (from combined hist): 0.0000674928
Acceptance Ratio (from global spline): 0.0000460309
----------------------------------------
FINAL Epsilon = Flux Ratio * Splined Acc Ratio
              = 14.0951318855 * 0.0000460309
              = 0.0006488118
/**************************************/




/********** DEBUGGING OUTPUT (BIN 20) **********/
Channel: N14 -> Be10, Detector: AGL
Energy (ek/n): 17.1925871018 GeV/n
----------------------------------------
--- Acceptance Calculation Details ---
Scale Factor (3.9^2 * Pi): 47.7836242611
Acc(Y): 
  Raw Events: 127844.0000000000 (from /eos/user/z/zixuan/Isotope/Add/Be10_w1_frag4.root)
  MC Flux:    184061323.7871823311
  => Calculated Acc(Y) = (Events/Flux)*Scale = 0.0331892085
Acc(XfragY): 
  Raw Events: 3.0000000000 (from /eos/user/z/zixuan/Isotope/Add/N14_w1_frag4.root)
  MC Flux:    168409870.9770912230
  => Calculated Acc(XfragY) = (Events/Flux)*Scale = 0.0000008512
----------------------------------------
--- Epsilon Calculation Details ---
Flux(N14) at 17.1925871018 GeV/n:   0.0010633025
Flux(Be10) at 17.1925871018 GeV/n: 0.0000741514
=> Flux Ratio (X/Y) from TF1:  14.3396136711
----------------------------------------
Acceptance Ratio (from combined hist): 0.0000256470
Acceptance Ratio (from global spline): 0.0000363724
----------------------------------------
FINAL Epsilon = Flux Ratio * Splined Acc Ratio
              = 14.3396136711 * 0.0000363724
              = 0.0005215656
/**************************************/




/********** DEBUGGING OUTPUT (BIN 21) **********/
Channel: N14 -> Be10, Detector: AGL
Energy (ek/n): 20.0892620167 GeV/n
----------------------------------------
--- Acceptance Calculation Details ---
Scale Factor (3.9^2 * Pi): 47.7836242611
Acc(Y): 
  Raw Events: 126782.0000000000 (from /eos/user/z/zixuan/Isotope/Add/Be10_w1_frag4.root)
  MC Flux:    182139021.1674528420
  => Calculated Acc(Y) = (Events/Flux)*Scale = 0.0332608763
Acc(XfragY): 
  Raw Events: 3.0000000000 (from /eos/user/z/zixuan/Isotope/Add/N14_w1_frag4.root)
  MC Flux:    166651029.2524609268
  => Calculated Acc(XfragY) = (Events/Flux)*Scale = 0.0000008602
----------------------------------------
--- Epsilon Calculation Details ---
Flux(N14) at 20.0892620167 GeV/n:   0.0006980497
Flux(Be10) at 20.0892620167 GeV/n: 0.0000476303
=> Flux Ratio (X/Y) from TF1:  14.6555692973
----------------------------------------
Acceptance Ratio (from combined hist): 0.0000258618
Acceptance Ratio (from global spline): 0.0000218799
----------------------------------------
FINAL Epsilon = Flux Ratio * Splined Acc Ratio
              = 14.6555692973 * 0.0000218799
              = 0.0003206622
/**************************************/


    INFO: Intermediate results saved to /eos/user/z/zixuan/Isotope/BkgEst/w1_results_N14_to_Be10.pdf

>>> Processing channel: N15 -> Be10...
 flux ratio at 1 GeV/n: 13.6553954411
  -- Detector: TOF --
  -- Detector: NaF --
  -- Detector: AGL --
****************************************
Minimizer is Minuit2 / Migrad
Chi2                      = 16.9320181047
NDf                       =           10
Edm                       = 0.0000000000
NCalls                    =          284
p0                        = 0.0005083841   +/-   0.0000304391
p1                        = 0.0002802814   +/-   0.0000231256
p2                        = 0.0001392256   +/-   0.0000357635
p3                        = 0.0000902296   +/-   0.0000195492
p4                        = 0.0000642128   +/-   0.0000134360
p5                        = 0.0000525108   +/-   0.0000123330
p6                        = 0.0002100740   +/-   0.0001295812
p7                        = 0.0002349674   +/-   0.0004676785
p8                        = -0.0007089082   +/-   0.0014110093


/********** DEBUGGING OUTPUT (BIN 3) **********/
Channel: N15 -> Be10, Detector: TOF
Energy (ek/n): 0.3368463841 GeV/n
----------------------------------------
--- Acceptance Calculation Details ---
Scale Factor (3.9^2 * Pi): 47.7836242611
Acc(Y): 
  Raw Events: 405800.0000000000 (from /eos/user/z/zixuan/Isotope/Add/Be10_w1_frag4.root)
  MC Flux:    295849721.8877415657
  => Calculated Acc(Y) = (Events/Flux)*Scale = 0.0655420414
Acc(XfragY): 
  Raw Events: 225.0000000000 (from /eos/user/z/zixuan/Isotope/Add/N15_w1_frag4.root)
  MC Flux:    300457445.0453983545
  => Calculated Acc(XfragY) = (Events/Flux)*Scale = 0.0000357832
----------------------------------------
--- Epsilon Calculation Details ---
Flux(N15) at 0.3368463841 GeV/n:   0.9463337766
Flux(Be10) at 0.3368463841 GeV/n: 0.0589455407
=> Flux Ratio (X/Y) from TF1:  16.0543743557
----------------------------------------
Acceptance Ratio (from combined hist): 0.0005459573
Acceptance Ratio (from global spline): 0.0005081504
----------------------------------------
FINAL Epsilon = Flux Ratio * Splined Acc Ratio
              = 16.0543743557 * 0.0005081504
              = 0.0081580364
/**************************************/




/********** DEBUGGING OUTPUT (BIN 4) **********/
Channel: N15 -> Be10, Detector: TOF
Energy (ek/n): 0.4968766615 GeV/n
----------------------------------------
--- Acceptance Calculation Details ---
Scale Factor (3.9^2 * Pi): 47.7836242611
Acc(Y): 
  Raw Events: 369756.0000000000 (from /eos/user/z/zixuan/Isotope/Add/Be10_w1_frag4.root)
  MC Flux:    274823847.4204167128
  => Calculated Acc(Y) = (Events/Flux)*Scale = 0.0642894783
Acc(XfragY): 
  Raw Events: 149.0000000000 (from /eos/user/z/zixuan/Isotope/Add/N15_w1_frag4.root)
  MC Flux:    279104102.2672202587
  => Calculated Acc(XfragY) = (Events/Flux)*Scale = 0.0000255093
----------------------------------------
--- Epsilon Calculation Details ---
Flux(N15) at 0.4968766615 GeV/n:   0.6613844464
Flux(Be10) at 0.4968766615 GeV/n: 0.0432048041
=> Flux Ratio (X/Y) from TF1:  15.3081228064
----------------------------------------
Acceptance Ratio (from combined hist): 0.0003967886
Acceptance Ratio (from global spline): 0.0004341697
----------------------------------------
FINAL Epsilon = Flux Ratio * Splined Acc Ratio
              = 15.3081228064 * 0.0004341697
              = 0.0066463224
/**************************************/




/********** DEBUGGING OUTPUT (BIN 5) **********/
Channel: N15 -> Be10, Detector: TOF
Energy (ek/n): 0.7045414310 GeV/n
----------------------------------------
--- Acceptance Calculation Details ---
Scale Factor (3.9^2 * Pi): 47.7836242611
Acc(Y): 
  Raw Events: 338157.0000000000 (from /eos/user/z/zixuan/Isotope/Add/Be10_w1_frag4.root)
  MC Flux:    262445842.5403333902
  => Calculated Acc(Y) = (Events/Flux)*Scale = 0.0615683863
Acc(XfragY): 
  Raw Events: 107.0000000000 (from /eos/user/z/zixuan/Isotope/Add/N15_w1_frag4.root)
  MC Flux:    266533315.6621186137
  => Calculated Acc(XfragY) = (Events/Flux)*Scale = 0.0000191828
----------------------------------------
--- Epsilon Calculation Details ---
Flux(N15) at 0.7045414310 GeV/n:   0.5056970681
Flux(Be10) at 0.7045414310 GeV/n: 0.0344620997
=> Flux Ratio (X/Y) from TF1:  14.6740062985
----------------------------------------
Acceptance Ratio (from combined hist): 0.0003115685
Acceptance Ratio (from global spline): 0.0003109805
----------------------------------------
FINAL Epsilon = Flux Ratio * Splined Acc Ratio
              = 14.6740062985 * 0.0003109805
              = 0.0045633305
/**************************************/




/********** DEBUGGING OUTPUT (BIN 6) **********/
Channel: N15 -> Be10, Detector: TOF
Energy (ek/n): 0.9672506104 GeV/n
----------------------------------------
--- Acceptance Calculation Details ---
Scale Factor (3.9^2 * Pi): 47.7836242611
Acc(Y): 
  Raw Events: 312530.0000000000 (from /eos/user/z/zixuan/Isotope/Add/Be10_w1_frag4.root)
  MC Flux:    250534428.7918208241
  => Calculated Acc(Y) = (Events/Flux)*Scale = 0.0596078398
Acc(XfragY): 
  Raw Events: 79.0000000000 (from /eos/user/z/zixuan/Isotope/Add/N15_w1_frag4.root)
  MC Flux:    254436387.1305629909
  => Calculated Acc(XfragY) = (Events/Flux)*Scale = 0.0000148363
----------------------------------------
--- Epsilon Calculation Details ---
Flux(N15) at 0.9672506104 GeV/n:   0.3601010089
Flux(Be10) at 0.9672506104 GeV/n: 0.0262049073
=> Flux Ratio (X/Y) from TF1:  13.7417394747
----------------------------------------
Acceptance Ratio (from combined hist): 0.0002488992
Acceptance Ratio (from global spline): 0.0002130049
----------------------------------------
FINAL Epsilon = Flux Ratio * Splined Acc Ratio
              = 13.7417394747 * 0.0002130049
              = 0.0029270583
/**************************************/




/********** DEBUGGING OUTPUT (BIN 7) **********/
Channel: N15 -> Be10, Detector: NaF
Energy (ek/n): 1.2922125341 GeV/n
----------------------------------------
--- Acceptance Calculation Details ---
Scale Factor (3.9^2 * Pi): 47.7836242611
Acc(Y): 
  Raw Events: 28714.0000000000 (from /eos/user/z/zixuan/Isotope/Add/Be10_w1_frag4.root)
  MC Flux:    241906045.1288549304
  => Calculated Acc(Y) = (Events/Flux)*Scale = 0.0056718673
Acc(XfragY): 
  Raw Events: 2.0000000000 (from /eos/user/z/zixuan/Isotope/Add/N15_w1_frag4.root)
  MC Flux:    245673620.3660572171
  => Calculated Acc(XfragY) = (Events/Flux)*Scale = 0.0000003890
----------------------------------------
--- Epsilon Calculation Details ---
Flux(N15) at 1.2922125341 GeV/n:   0.2643590385
Flux(Be10) at 1.2922125341 GeV/n: 0.0200788674
=> Flux Ratio (X/Y) from TF1:  13.1660333563
----------------------------------------
Acceptance Ratio (from combined hist): 0.0000685843
Acceptance Ratio (from global spline): 0.0001522097
----------------------------------------
FINAL Epsilon = Flux Ratio * Splined Acc Ratio
              = 13.1660333563 * 0.0001522097
              = 0.0020039976
/**************************************/




/********** DEBUGGING OUTPUT (BIN 8) **********/
Channel: N15 -> Be10, Detector: NaF
Energy (ek/n): 1.6909447265 GeV/n
----------------------------------------
--- Acceptance Calculation Details ---
Scale Factor (3.9^2 * Pi): 47.7836242611
Acc(Y): 
  Raw Events: 28272.0000000000 (from /eos/user/z/zixuan/Isotope/Add/Be10_w1_frag4.root)
  MC Flux:    236994939.6714595854
  => Calculated Acc(Y) = (Events/Flux)*Scale = 0.0057002847
Acc(XfragY): 
  Raw Events: 6.0000000000 (from /eos/user/z/zixuan/Isotope/Add/N15_w1_frag4.root)
  MC Flux:    240686026.7030910552
  => Calculated Acc(XfragY) = (Events/Flux)*Scale = 0.0000011912
----------------------------------------
--- Epsilon Calculation Details ---
Flux(N15) at 1.6909447265 GeV/n:   0.1827408793
Flux(Be10) at 1.6909447265 GeV/n: 0.0144091174
=> Flux Ratio (X/Y) from TF1:  12.6823089874
----------------------------------------
Acceptance Ratio (from combined hist): 0.0002089695
Acceptance Ratio (from global spline): 0.0001195047
----------------------------------------
FINAL Epsilon = Flux Ratio * Splined Acc Ratio
              = 12.6823089874 * 0.0001195047
              = 0.0015155952
/**************************************/




/********** DEBUGGING OUTPUT (BIN 9) **********/
Channel: N15 -> Be10, Detector: NaF
Energy (ek/n): 2.1727158116 GeV/n
----------------------------------------
--- Acceptance Calculation Details ---
Scale Factor (3.9^2 * Pi): 47.7836242611
Acc(Y): 
  Raw Events: 27349.0000000000 (from /eos/user/z/zixuan/Isotope/Add/Be10_w1_frag4.root)
  MC Flux:    229506651.5705285668
  => Calculated Acc(Y) = (Events/Flux)*Scale = 0.0056941022
Acc(XfragY): 
  Raw Events: 3.0000000000 (from /eos/user/z/zixuan/Isotope/Add/N15_w1_frag4.root)
  MC Flux:    233081111.9639005065
  => Calculated Acc(XfragY) = (Events/Flux)*Scale = 0.0000006150
----------------------------------------
--- Epsilon Calculation Details ---
Flux(N15) at 2.1727158116 GeV/n:   0.1223238031
Flux(Be10) at 2.1727158116 GeV/n: 0.0097819205
=> Flux Ratio (X/Y) from TF1:  12.5050907080
----------------------------------------
Acceptance Ratio (from combined hist): 0.0001080110
Acceptance Ratio (from global spline): 0.0001040217
----------------------------------------
FINAL Epsilon = Flux Ratio * Splined Acc Ratio
              = 12.5050907080 * 0.0001040217
              = 0.0013008008
/**************************************/




/********** DEBUGGING OUTPUT (BIN 10) **********/
Channel: N15 -> Be10, Detector: NaF
Energy (ek/n): 2.7468447478 GeV/n
----------------------------------------
--- Acceptance Calculation Details ---
Scale Factor (3.9^2 * Pi): 47.7836242611
Acc(Y): 
  Raw Events: 27076.0000000000 (from /eos/user/z/zixuan/Isotope/Add/Be10_w1_frag4.root)
  MC Flux:    223912750.9297534227
  => Calculated Acc(Y) = (Events/Flux)*Scale = 0.0057780962
Acc(XfragY): 
  Raw Events: 3.0000000000 (from /eos/user/z/zixuan/Isotope/Add/N15_w1_frag4.root)
  MC Flux:    227400088.8970512450
  => Calculated Acc(XfragY) = (Events/Flux)*Scale = 0.0000006304
----------------------------------------
--- Epsilon Calculation Details ---
Flux(N15) at 2.7468447478 GeV/n:   0.0790148422
Flux(Be10) at 2.7468447478 GeV/n: 0.0063066806
=> Flux Ratio (X/Y) from TF1:  12.5287526912
----------------------------------------
Acceptance Ratio (from combined hist): 0.0001091000
Acceptance Ratio (from global spline): 0.0000954270
----------------------------------------
FINAL Epsilon = Flux Ratio * Splined Acc Ratio
              = 12.5287526912 * 0.0000954270
              = 0.0011955808
/**************************************/




/********** DEBUGGING OUTPUT (BIN 11) **********/
Channel: N15 -> Be10, Detector: AGL
Energy (ek/n): 3.4250117177 GeV/n
----------------------------------------
--- Acceptance Calculation Details ---
Scale Factor (3.9^2 * Pi): 47.7836242611
Acc(Y): 
  Raw Events: 144688.0000000000 (from /eos/user/z/zixuan/Isotope/Add/Be10_w1_frag4.root)
  MC Flux:    217650661.2241520286
  => Calculated Acc(Y) = (Events/Flux)*Scale = 0.0317652011
Acc(XfragY): 
  Raw Events: 11.0000000000 (from /eos/user/z/zixuan/Isotope/Add/N15_w1_frag4.root)
  MC Flux:    221040470.0284425318
  => Calculated Acc(XfragY) = (Events/Flux)*Scale = 0.0000023779
----------------------------------------
--- Epsilon Calculation Details ---
Flux(N15) at 3.4250117177 GeV/n:   0.0514629550
Flux(Be10) at 3.4250117177 GeV/n: 0.0040896790
=> Flux Ratio (X/Y) from TF1:  12.5836172165
----------------------------------------
Acceptance Ratio (from combined hist): 0.0000748597
Acceptance Ratio (from global spline): 0.0000866166
----------------------------------------
FINAL Epsilon = Flux Ratio * Splined Acc Ratio
              = 12.5836172165 * 0.0000866166
              = 0.0010899502
/**************************************/




/********** DEBUGGING OUTPUT (BIN 12) **********/
Channel: N15 -> Be10, Detector: AGL
Energy (ek/n): 4.2190486071 GeV/n
----------------------------------------
--- Acceptance Calculation Details ---
Scale Factor (3.9^2 * Pi): 47.7836242611
Acc(Y): 
  Raw Events: 145519.0000000000 (from /eos/user/z/zixuan/Isotope/Add/Be10_w1_frag4.root)
  MC Flux:    212070904.2746616006
  => Calculated Acc(Y) = (Events/Flux)*Scale = 0.0327882094
Acc(XfragY): 
  Raw Events: 13.0000000000 (from /eos/user/z/zixuan/Isotope/Add/N15_w1_frag4.root)
  MC Flux:    215373810.9343554378
  => Calculated Acc(XfragY) = (Events/Flux)*Scale = 0.0000028842
----------------------------------------
--- Epsilon Calculation Details ---
Flux(N15) at 4.2190486071 GeV/n:   0.0331087165
Flux(Be10) at 4.2190486071 GeV/n: 0.0026159750
=> Flux Ratio (X/Y) from TF1:  12.6563580912
----------------------------------------
Acceptance Ratio (from combined hist): 0.0000879654
Acceptance Ratio (from global spline): 0.0000760626
----------------------------------------
FINAL Epsilon = Flux Ratio * Splined Acc Ratio
              = 12.6563580912 * 0.0000760626
              = 0.0009626756
/**************************************/




/********** DEBUGGING OUTPUT (BIN 13) **********/
Channel: N15 -> Be10, Detector: AGL
Energy (ek/n): 5.1408648843 GeV/n
----------------------------------------
--- Acceptance Calculation Details ---
Scale Factor (3.9^2 * Pi): 47.7836242611
Acc(Y): 
  Raw Events: 142966.0000000000 (from /eos/user/z/zixuan/Isotope/Add/Be10_w1_frag4.root)
  MC Flux:    205743997.5479314327
  => Calculated Acc(Y) = (Events/Flux)*Scale = 0.0332035622
Acc(XfragY): 
  Raw Events: 11.0000000000 (from /eos/user/z/zixuan/Isotope/Add/N15_w1_frag4.root)
  MC Flux:    208948365.5493661463
  => Calculated Acc(XfragY) = (Events/Flux)*Scale = 0.0000025155
----------------------------------------
--- Epsilon Calculation Details ---
Flux(N15) at 5.1408648843 GeV/n:   0.0216186832
Flux(Be10) at 5.1408648843 GeV/n: 0.0016934060
=> Flux Ratio (X/Y) from TF1:  12.7663907456
----------------------------------------
Acceptance Ratio (from combined hist): 0.0000757614
Acceptance Ratio (from global spline): 0.0000670851
----------------------------------------
FINAL Epsilon = Flux Ratio * Splined Acc Ratio
              = 12.7663907456 * 0.0000670851
              = 0.0008564345
/**************************************/




/********** DEBUGGING OUTPUT (BIN 14) **********/
Channel: N15 -> Be10, Detector: AGL
Energy (ek/n): 6.2049547931 GeV/n
----------------------------------------
--- Acceptance Calculation Details ---
Scale Factor (3.9^2 * Pi): 47.7836242611
Acc(Y): 
  Raw Events: 141769.0000000000 (from /eos/user/z/zixuan/Isotope/Add/Be10_w1_frag4.root)
  MC Flux:    200632097.0394767523
  => Calculated Acc(Y) = (Events/Flux)*Scale = 0.0337644710
Acc(XfragY): 
  Raw Events: 9.0000000000 (from /eos/user/z/zixuan/Isotope/Add/N15_w1_frag4.root)
  MC Flux:    203756849.5449020267
  => Calculated Acc(XfragY) = (Events/Flux)*Scale = 0.0000021106
----------------------------------------
--- Epsilon Calculation Details ---
Flux(N15) at 6.2049547931 GeV/n:   0.0141850453
Flux(Be10) at 6.2049547931 GeV/n: 0.0010955979
=> Flux Ratio (X/Y) from TF1:  12.9473101646
----------------------------------------
Acceptance Ratio (from combined hist): 0.0000625100
Acceptance Ratio (from global spline): 0.0000621938
----------------------------------------
FINAL Epsilon = Flux Ratio * Splined Acc Ratio
              = 12.9473101646 * 0.0000621938
              = 0.0008052429
/**************************************/




/********** DEBUGGING OUTPUT (BIN 15) **********/
Channel: N15 -> Be10, Detector: AGL
Energy (ek/n): 7.4457899798 GeV/n
----------------------------------------
--- Acceptance Calculation Details ---
Scale Factor (3.9^2 * Pi): 47.7836242611
Acc(Y): 
  Raw Events: 141160.0000000000 (from /eos/user/z/zixuan/Isotope/Add/Be10_w1_frag4.root)
  MC Flux:    200158495.3729373217
  => Calculated Acc(Y) = (Events/Flux)*Scale = 0.0336989763
Acc(XfragY): 
  Raw Events: 6.0000000000 (from /eos/user/z/zixuan/Isotope/Add/N15_w1_frag4.root)
  MC Flux:    203275871.7505346537
  => Calculated Acc(XfragY) = (Events/Flux)*Scale = 0.0000014104
----------------------------------------
--- Epsilon Calculation Details ---
Flux(N15) at 7.4457899798 GeV/n:   0.0091983207
Flux(Be10) at 7.4457899798 GeV/n: 0.0006997415
=> Flux Ratio (X/Y) from TF1:  13.1453128251
----------------------------------------
Acceptance Ratio (from combined hist): 0.0000418531
Acceptance Ratio (from global spline): 0.0000600780
----------------------------------------
FINAL Epsilon = Flux Ratio * Splined Acc Ratio
              = 13.1453128251 * 0.0000600780
              = 0.0007897443
/**************************************/




/********** DEBUGGING OUTPUT (BIN 16) **********/
Channel: N15 -> Be10, Detector: AGL
Energy (ek/n): 8.8880598677 GeV/n
----------------------------------------
--- Acceptance Calculation Details ---
Scale Factor (3.9^2 * Pi): 47.7836242611
Acc(Y): 
  Raw Events: 138326.0000000000 (from /eos/user/z/zixuan/Isotope/Add/Be10_w1_frag4.root)
  MC Flux:    195702997.3892996907
  => Calculated Acc(Y) = (Events/Flux)*Scale = 0.0337742278
Acc(XfragY): 
  Raw Events: 11.0000000000 (from /eos/user/z/zixuan/Isotope/Add/N15_w1_frag4.root)
  MC Flux:    198750981.4378894567
  => Calculated Acc(XfragY) = (Events/Flux)*Scale = 0.0000026446
----------------------------------------
--- Epsilon Calculation Details ---
Flux(N15) at 8.8880598677 GeV/n:   0.0059620302
Flux(Be10) at 8.8880598677 GeV/n: 0.0004471950
=> Flux Ratio (X/Y) from TF1:  13.3320589693
----------------------------------------
Acceptance Ratio (from combined hist): 0.0000783028
Acceptance Ratio (from global spline): 0.0000569393
----------------------------------------
FINAL Epsilon = Flux Ratio * Splined Acc Ratio
              = 13.3320589693 * 0.0000569393
              = 0.0007591181
/**************************************/




/********** DEBUGGING OUTPUT (BIN 17) **********/
Channel: N15 -> Be10, Detector: AGL
Energy (ek/n): 10.5565612202 GeV/n
----------------------------------------
--- Acceptance Calculation Details ---
Scale Factor (3.9^2 * Pi): 47.7836242611
Acc(Y): 
  Raw Events: 136140.0000000000 (from /eos/user/z/zixuan/Isotope/Add/Be10_w1_frag4.root)
  MC Flux:    194014374.4246807396
  => Calculated Acc(Y) = (Events/Flux)*Scale = 0.0335297971
Acc(XfragY): 
  Raw Events: 14.0000000000 (from /eos/user/z/zixuan/Isotope/Add/N15_w1_frag4.root)
  MC Flux:    197036058.9483326674
  => Calculated Acc(XfragY) = (Events/Flux)*Scale = 0.0000033952
----------------------------------------
--- Epsilon Calculation Details ---
Flux(N15) at 10.5565612202 GeV/n:   0.0038838111
Flux(Be10) at 10.5565612202 GeV/n: 0.0002866395
=> Flux Ratio (X/Y) from TF1:  13.5494614114
----------------------------------------
Acceptance Ratio (from combined hist): 0.0001012583
Acceptance Ratio (from global spline): 0.0000495648
----------------------------------------
FINAL Epsilon = Flux Ratio * Splined Acc Ratio
              = 13.5494614114 * 0.0000495648
              = 0.0006715761
/**************************************/




/********** DEBUGGING OUTPUT (BIN 18) **********/
Channel: N15 -> Be10, Detector: AGL
Energy (ek/n): 12.4760880858 GeV/n
----------------------------------------
--- Acceptance Calculation Details ---
Scale Factor (3.9^2 * Pi): 47.7836242611
Acc(Y): 
  Raw Events: 132233.0000000000 (from /eos/user/z/zixuan/Isotope/Add/Be10_w1_frag4.root)
  MC Flux:    189139623.7394772768
  => Calculated Acc(Y) = (Events/Flux)*Scale = 0.0334069185
Acc(XfragY): 
  Raw Events: 3.0000000000 (from /eos/user/z/zixuan/Isotope/Add/N15_w1_frag4.root)
  MC Flux:    192085386.2663915157
  => Calculated Acc(XfragY) = (Events/Flux)*Scale = 0.0000007463
----------------------------------------
--- Epsilon Calculation Details ---
Flux(N15) at 12.4760880858 GeV/n:   0.0025162837
Flux(Be10) at 12.4760880858 GeV/n: 0.0001819737
=> Flux Ratio (X/Y) from TF1:  13.8277337322
----------------------------------------
Acceptance Ratio (from combined hist): 0.0000223393
Acceptance Ratio (from global spline): 0.0000390348
----------------------------------------
FINAL Epsilon = Flux Ratio * Splined Acc Ratio
              = 13.8277337322 * 0.0000390348
              = 0.0005397624
/**************************************/




/********** DEBUGGING OUTPUT (BIN 19) **********/
Channel: N15 -> Be10, Detector: AGL
Energy (ek/n): 14.6714890086 GeV/n
----------------------------------------
--- Acceptance Calculation Details ---
Scale Factor (3.9^2 * Pi): 47.7836242611
Acc(Y): 
  Raw Events: 129547.0000000000 (from /eos/user/z/zixuan/Isotope/Add/Be10_w1_frag4.root)
  MC Flux:    186181204.7682591677
  => Calculated Acc(Y) = (Events/Flux)*Scale = 0.0332483893
Acc(XfragY): 
  Raw Events: 5.0000000000 (from /eos/user/z/zixuan/Isotope/Add/N15_w1_frag4.root)
  MC Flux:    189080891.2822679281
  => Calculated Acc(XfragY) = (Events/Flux)*Scale = 0.0000012636
----------------------------------------
--- Epsilon Calculation Details ---
Flux(N15) at 14.6714890086 GeV/n:   0.0016280305
Flux(Be10) at 14.6714890086 GeV/n: 0.0001155030
=> Flux Ratio (X/Y) from TF1:  14.0951318855
----------------------------------------
Acceptance Ratio (from combined hist): 0.0000380041
Acceptance Ratio (from global spline): 0.0000320602
----------------------------------------
FINAL Epsilon = Flux Ratio * Splined Acc Ratio
              = 14.0951318855 * 0.0000320602
              = 0.0004518930
/**************************************/




/********** DEBUGGING OUTPUT (BIN 20) **********/
Channel: N15 -> Be10, Detector: AGL
Energy (ek/n): 17.1925871018 GeV/n
----------------------------------------
--- Acceptance Calculation Details ---
Scale Factor (3.9^2 * Pi): 47.7836242611
Acc(Y): 
  Raw Events: 127844.0000000000 (from /eos/user/z/zixuan/Isotope/Add/Be10_w1_frag4.root)
  MC Flux:    184061323.7871823311
  => Calculated Acc(Y) = (Events/Flux)*Scale = 0.0331892085
Acc(XfragY): 
  Raw Events: 6.0000000000 (from /eos/user/z/zixuan/Isotope/Add/N15_w1_frag4.root)
  MC Flux:    186927994.1312733293
  => Calculated Acc(XfragY) = (Events/Flux)*Scale = 0.0000015338
----------------------------------------
--- Epsilon Calculation Details ---
Flux(N15) at 17.1925871018 GeV/n:   0.0010633025
Flux(Be10) at 17.1925871018 GeV/n: 0.0000741514
=> Flux Ratio (X/Y) from TF1:  14.3396136711
----------------------------------------
Acceptance Ratio (from combined hist): 0.0000462125
Acceptance Ratio (from global spline): 0.0000347837
----------------------------------------
FINAL Epsilon = Flux Ratio * Splined Acc Ratio
              = 14.3396136711 * 0.0000347837
              = 0.0004987851
/**************************************/




/********** DEBUGGING OUTPUT (BIN 21) **********/
Channel: N15 -> Be10, Detector: AGL
Energy (ek/n): 20.0892620167 GeV/n
----------------------------------------
--- Acceptance Calculation Details ---
Scale Factor (3.9^2 * Pi): 47.7836242611
Acc(Y): 
  Raw Events: 126782.0000000000 (from /eos/user/z/zixuan/Isotope/Add/Be10_w1_frag4.root)
  MC Flux:    182139021.1674528420
  => Calculated Acc(Y) = (Events/Flux)*Scale = 0.0332608763
Acc(XfragY): 
  Raw Events: 6.0000000000 (from /eos/user/z/zixuan/Isotope/Add/N15_w1_frag4.root)
  MC Flux:    184975752.5336045027
  => Calculated Acc(XfragY) = (Events/Flux)*Scale = 0.0000015499
----------------------------------------
--- Epsilon Calculation Details ---
Flux(N15) at 20.0892620167 GeV/n:   0.0006980497
Flux(Be10) at 20.0892620167 GeV/n: 0.0000476303
=> Flux Ratio (X/Y) from TF1:  14.6555692973
----------------------------------------
Acceptance Ratio (from combined hist): 0.0000465996
Acceptance Ratio (from global spline): 0.0000527147
----------------------------------------
FINAL Epsilon = Flux Ratio * Splined Acc Ratio
              = 14.6555692973 * 0.0000527147
              = 0.0007725645
/**************************************/


    INFO: Intermediate results saved to /eos/user/z/zixuan/Isotope/BkgEst/w1_results_N15_to_Be10.pdf

>>> Processing channel: O16 -> Be10...
 flux ratio at 1 GeV/n: 94.1976684491
  -- Detector: TOF --
  -- Detector: NaF --
  -- Detector: AGL --
****************************************
Minimizer is Minuit2 / Migrad
Chi2                      = 18.0640944410
NDf                       =           10
Edm                       = 0.0000000000
NCalls                    =          191
p0                        = 0.0001817251   +/-   0.0000178882
p1                        = 0.0000405748   +/-   0.0000181469
p2                        = 0.0000196238   +/-   0.0000060782
p3                        = 0.0000260351   +/-   0.0000093945
p4                        = -0.0000145193   +/-   0.0001098298
p5                        = -0.0000477552   +/-   0.0004426379
p6                        = 0.0001440799   +/-   0.0013354603


/********** DEBUGGING OUTPUT (BIN 3) **********/
Channel: O16 -> Be10, Detector: TOF
Energy (ek/n): 0.3368463841 GeV/n
----------------------------------------
--- Acceptance Calculation Details ---
Scale Factor (3.9^2 * Pi): 47.7836242611
Acc(Y): 
  Raw Events: 405800.0000000000 (from /eos/user/z/zixuan/Isotope/Add/Be10_w1_frag4.root)
  MC Flux:    295849721.8877415657
  => Calculated Acc(Y) = (Events/Flux)*Scale = 0.0655420414
Acc(XfragY): 
  Raw Events: 78.0000000000 (from /eos/user/z/zixuan/Isotope/Add/O16_w1_frag4.root)
  MC Flux:    230226895.2462744713
  => Calculated Acc(XfragY) = (Events/Flux)*Scale = 0.0000161889
----------------------------------------
--- Epsilon Calculation Details ---
Flux(O16) at 0.3368463841 GeV/n:   6.6924725674
Flux(Be10) at 0.3368463841 GeV/n: 0.0589455407
=> Flux Ratio (X/Y) from TF1:  113.5365371231
----------------------------------------
Acceptance Ratio (from combined hist): 0.0002470004
Acceptance Ratio (from global spline): 0.0001816658
----------------------------------------
FINAL Epsilon = Flux Ratio * Splined Acc Ratio
              = 113.5365371231 * 0.0001816658
              = 0.0206257033
/**************************************/




/********** DEBUGGING OUTPUT (BIN 4) **********/
Channel: O16 -> Be10, Detector: TOF
Energy (ek/n): 0.4968766615 GeV/n
----------------------------------------
--- Acceptance Calculation Details ---
Scale Factor (3.9^2 * Pi): 47.7836242611
Acc(Y): 
  Raw Events: 369756.0000000000 (from /eos/user/z/zixuan/Isotope/Add/Be10_w1_frag4.root)
  MC Flux:    274823847.4204167128
  => Calculated Acc(Y) = (Events/Flux)*Scale = 0.0642894783
Acc(XfragY): 
  Raw Events: 41.0000000000 (from /eos/user/z/zixuan/Isotope/Add/O16_w1_frag4.root)
  MC Flux:    213864798.4102097154
  => Calculated Acc(XfragY) = (Events/Flux)*Scale = 0.0000091606
----------------------------------------
--- Epsilon Calculation Details ---
Flux(O16) at 0.4968766615 GeV/n:   4.6507068433
Flux(Be10) at 0.4968766615 GeV/n: 0.0432048041
=> Flux Ratio (X/Y) from TF1:  107.6432805252
----------------------------------------
Acceptance Ratio (from combined hist): 0.0001424898
Acceptance Ratio (from global spline): 0.0001615149
----------------------------------------
FINAL Epsilon = Flux Ratio * Splined Acc Ratio
              = 107.6432805252 * 0.0001615149
              = 0.0173859948
/**************************************/




/********** DEBUGGING OUTPUT (BIN 5) **********/
Channel: O16 -> Be10, Detector: TOF
Energy (ek/n): 0.7045414310 GeV/n
----------------------------------------
--- Acceptance Calculation Details ---
Scale Factor (3.9^2 * Pi): 47.7836242611
Acc(Y): 
  Raw Events: 338157.0000000000 (from /eos/user/z/zixuan/Isotope/Add/Be10_w1_frag4.root)
  MC Flux:    262445842.5403333902
  => Calculated Acc(Y) = (Events/Flux)*Scale = 0.0615683863
Acc(XfragY): 
  Raw Events: 26.0000000000 (from /eos/user/z/zixuan/Isotope/Add/O16_w1_frag4.root)
  MC Flux:    204232375.5209761262
  => Calculated Acc(XfragY) = (Events/Flux)*Scale = 0.0000060831
----------------------------------------
--- Epsilon Calculation Details ---
Flux(O16) at 0.7045414310 GeV/n:   3.5331356129
Flux(Be10) at 0.7045414310 GeV/n: 0.0344620997
=> Flux Ratio (X/Y) from TF1:  102.5223547990
----------------------------------------
Acceptance Ratio (from combined hist): 0.0000988030
Acceptance Ratio (from global spline): 0.0001226607
----------------------------------------
FINAL Epsilon = Flux Ratio * Splined Acc Ratio
              = 102.5223547990 * 0.0001226607
              = 0.0125754676
/**************************************/




/********** DEBUGGING OUTPUT (BIN 6) **********/
Channel: O16 -> Be10, Detector: TOF
Energy (ek/n): 0.9672506104 GeV/n
----------------------------------------
--- Acceptance Calculation Details ---
Scale Factor (3.9^2 * Pi): 47.7836242611
Acc(Y): 
  Raw Events: 312530.0000000000 (from /eos/user/z/zixuan/Isotope/Add/Be10_w1_frag4.root)
  MC Flux:    250534428.7918208241
  => Calculated Acc(Y) = (Events/Flux)*Scale = 0.0596078398
Acc(XfragY): 
  Raw Events: 20.0000000000 (from /eos/user/z/zixuan/Isotope/Add/O16_w1_frag4.root)
  MC Flux:    194963048.5538398027
  => Calculated Acc(XfragY) = (Events/Flux)*Scale = 0.0000049018
----------------------------------------
--- Epsilon Calculation Details ---
Flux(O16) at 0.9672506104 GeV/n:   2.4868551191
Flux(Be10) at 0.9672506104 GeV/n: 0.0262049073
=> Flux Ratio (X/Y) from TF1:  94.9003593850
----------------------------------------
Acceptance Ratio (from combined hist): 0.0000822344
Acceptance Ratio (from global spline): 0.0000818736
----------------------------------------
FINAL Epsilon = Flux Ratio * Splined Acc Ratio
              = 94.9003593850 * 0.0000818736
              = 0.0077698333
/**************************************/




/********** DEBUGGING OUTPUT (BIN 7) **********/
Channel: O16 -> Be10, Detector: NaF
Energy (ek/n): 1.2922125341 GeV/n
----------------------------------------
--- Acceptance Calculation Details ---
Scale Factor (3.9^2 * Pi): 47.7836242611
Acc(Y): 
  Raw Events: 28714.0000000000 (from /eos/user/z/zixuan/Isotope/Add/Be10_w1_frag4.root)
  MC Flux:    241906045.1288549304
  => Calculated Acc(Y) = (Events/Flux)*Scale = 0.0056718673
Acc(XfragY): 
  Raw Events: 0.0000000000 (from /eos/user/z/zixuan/Isotope/Add/O16_w1_frag4.root)
  MC Flux:    188248538.3320857286
  => Calculated Acc(XfragY) = (Events/Flux)*Scale = 0.0000000000
----------------------------------------
--- Epsilon Calculation Details ---
Flux(O16) at 1.2922125341 GeV/n:   1.8122670363
Flux(Be10) at 1.2922125341 GeV/n: 0.0200788674
=> Flux Ratio (X/Y) from TF1:  90.2574331574
----------------------------------------
Acceptance Ratio (from combined hist): 0.0000000000
Acceptance Ratio (from global spline): 0.0000486476
----------------------------------------
FINAL Epsilon = Flux Ratio * Splined Acc Ratio
              = 90.2574331574 * 0.0000486476
              = 0.0043908042
/**************************************/




/********** DEBUGGING OUTPUT (BIN 8) **********/
Channel: O16 -> Be10, Detector: NaF
Energy (ek/n): 1.6909447265 GeV/n
----------------------------------------
--- Acceptance Calculation Details ---
Scale Factor (3.9^2 * Pi): 47.7836242611
Acc(Y): 
  Raw Events: 28272.0000000000 (from /eos/user/z/zixuan/Isotope/Add/Be10_w1_frag4.root)
  MC Flux:    236994939.6714595854
  => Calculated Acc(Y) = (Events/Flux)*Scale = 0.0057002847
Acc(XfragY): 
  Raw Events: 2.0000000000 (from /eos/user/z/zixuan/Isotope/Add/O16_w1_frag4.root)
  MC Flux:    184426771.8133660555
  => Calculated Acc(XfragY) = (Events/Flux)*Scale = 0.0000005182
----------------------------------------
--- Epsilon Calculation Details ---
Flux(O16) at 1.6909447265 GeV/n:   1.2520259574
Flux(Be10) at 1.6909447265 GeV/n: 0.0144091174
=> Flux Ratio (X/Y) from TF1:  86.8912315183
----------------------------------------
Acceptance Ratio (from combined hist): 0.0000909052
Acceptance Ratio (from global spline): 0.0000275941
----------------------------------------
FINAL Epsilon = Flux Ratio * Splined Acc Ratio
              = 86.8912315183 * 0.0000275941
              = 0.0023976824
/**************************************/




/********** DEBUGGING OUTPUT (BIN 9) **********/
Channel: O16 -> Be10, Detector: NaF
Energy (ek/n): 2.1727158116 GeV/n
----------------------------------------
--- Acceptance Calculation Details ---
Scale Factor (3.9^2 * Pi): 47.7836242611
Acc(Y): 
  Raw Events: 27349.0000000000 (from /eos/user/z/zixuan/Isotope/Add/Be10_w1_frag4.root)
  MC Flux:    229506651.5705285668
  => Calculated Acc(Y) = (Events/Flux)*Scale = 0.0056941022
Acc(XfragY): 
  Raw Events: 0.0000000000 (from /eos/user/z/zixuan/Isotope/Add/O16_w1_frag4.root)
  MC Flux:    178599471.0162364542
  => Calculated Acc(XfragY) = (Events/Flux)*Scale = 0.0000000000
----------------------------------------
--- Epsilon Calculation Details ---
Flux(O16) at 2.1727158116 GeV/n:   0.8526439760
Flux(Be10) at 2.1727158116 GeV/n: 0.0097819205
=> Flux Ratio (X/Y) from TF1:  87.1652940429
----------------------------------------
Acceptance Ratio (from combined hist): 0.0000000000
Acceptance Ratio (from global spline): 0.0000171262
----------------------------------------
FINAL Epsilon = Flux Ratio * Splined Acc Ratio
              = 87.1652940429 * 0.0000171262
              = 0.0014928138
/**************************************/




/********** DEBUGGING OUTPUT (BIN 10) **********/
Channel: O16 -> Be10, Detector: NaF
Energy (ek/n): 2.7468447478 GeV/n
----------------------------------------
--- Acceptance Calculation Details ---
Scale Factor (3.9^2 * Pi): 47.7836242611
Acc(Y): 
  Raw Events: 27076.0000000000 (from /eos/user/z/zixuan/Isotope/Add/Be10_w1_frag4.root)
  MC Flux:    223912750.9297534227
  => Calculated Acc(Y) = (Events/Flux)*Scale = 0.0057780962
Acc(XfragY): 
  Raw Events: 1.0000000000 (from /eos/user/z/zixuan/Isotope/Add/O16_w1_frag4.root)
  MC Flux:    174246361.0365336835
  => Calculated Acc(XfragY) = (Events/Flux)*Scale = 0.0000002742
----------------------------------------
--- Epsilon Calculation Details ---
Flux(O16) at 2.7468447478 GeV/n:   0.5708365720
Flux(Be10) at 2.7468447478 GeV/n: 0.0063066806
=> Flux Ratio (X/Y) from TF1:  90.5129978327
----------------------------------------
Acceptance Ratio (from combined hist): 0.0000474603
Acceptance Ratio (from global spline): 0.0000134064
----------------------------------------
FINAL Epsilon = Flux Ratio * Splined Acc Ratio
              = 90.5129978327 * 0.0000134064
              = 0.0012134554
/**************************************/




/********** DEBUGGING OUTPUT (BIN 11) **********/
Channel: O16 -> Be10, Detector: AGL
Energy (ek/n): 3.4250117177 GeV/n
----------------------------------------
--- Acceptance Calculation Details ---
Scale Factor (3.9^2 * Pi): 47.7836242611
Acc(Y): 
  Raw Events: 144688.0000000000 (from /eos/user/z/zixuan/Isotope/Add/Be10_w1_frag4.root)
  MC Flux:    217650661.2241520286
  => Calculated Acc(Y) = (Events/Flux)*Scale = 0.0317652011
Acc(XfragY): 
  Raw Events: 2.0000000000 (from /eos/user/z/zixuan/Isotope/Add/O16_w1_frag4.root)
  MC Flux:    169373273.9115057588
  => Calculated Acc(XfragY) = (Events/Flux)*Scale = 0.0000005642
----------------------------------------
--- Epsilon Calculation Details ---
Flux(O16) at 3.4250117177 GeV/n:   0.3862356563
Flux(Be10) at 3.4250117177 GeV/n: 0.0040896790
=> Flux Ratio (X/Y) from TF1:  94.4415581578
----------------------------------------
Acceptance Ratio (from combined hist): 0.0000177628
Acceptance Ratio (from global spline): 0.0000136402
----------------------------------------
FINAL Epsilon = Flux Ratio * Splined Acc Ratio
              = 94.4415581578 * 0.0000136402
              = 0.0012882026
/**************************************/




/********** DEBUGGING OUTPUT (BIN 12) **********/
Channel: O16 -> Be10, Detector: AGL
Energy (ek/n): 4.2190486071 GeV/n
----------------------------------------
--- Acceptance Calculation Details ---
Scale Factor (3.9^2 * Pi): 47.7836242611
Acc(Y): 
  Raw Events: 145519.0000000000 (from /eos/user/z/zixuan/Isotope/Add/Be10_w1_frag4.root)
  MC Flux:    212070904.2746616006
  => Calculated Acc(Y) = (Events/Flux)*Scale = 0.0327882094
Acc(XfragY): 
  Raw Events: 3.0000000000 (from /eos/user/z/zixuan/Isotope/Add/O16_w1_frag4.root)
  MC Flux:    165031170.3918091655
  => Calculated Acc(XfragY) = (Events/Flux)*Scale = 0.0000008686
----------------------------------------
--- Epsilon Calculation Details ---
Flux(O16) at 4.2190486071 GeV/n:   0.2576538960
Flux(Be10) at 4.2190486071 GeV/n: 0.0026159750
=> Flux Ratio (X/Y) from TF1:  98.4924911508
----------------------------------------
Acceptance Ratio (from combined hist): 0.0000264921
Acceptance Ratio (from global spline): 0.0000158271
----------------------------------------
FINAL Epsilon = Flux Ratio * Splined Acc Ratio
              = 98.4924911508 * 0.0000158271
              = 0.0015588539
/**************************************/




/********** DEBUGGING OUTPUT (BIN 13) **********/
Channel: O16 -> Be10, Detector: AGL
Energy (ek/n): 5.1408648843 GeV/n
----------------------------------------
--- Acceptance Calculation Details ---
Scale Factor (3.9^2 * Pi): 47.7836242611
Acc(Y): 
  Raw Events: 142966.0000000000 (from /eos/user/z/zixuan/Isotope/Add/Be10_w1_frag4.root)
  MC Flux:    205743997.5479314327
  => Calculated Acc(Y) = (Events/Flux)*Scale = 0.0332035622
Acc(XfragY): 
  Raw Events: 2.0000000000 (from /eos/user/z/zixuan/Isotope/Add/O16_w1_frag4.root)
  MC Flux:    160107643.3967067599
  => Calculated Acc(XfragY) = (Events/Flux)*Scale = 0.0000005969
----------------------------------------
--- Epsilon Calculation Details ---
Flux(O16) at 5.1408648843 GeV/n:   0.1730238460
Flux(Be10) at 5.1408648843 GeV/n: 0.0016934060
=> Flux Ratio (X/Y) from TF1:  102.1750496489
----------------------------------------
Acceptance Ratio (from combined hist): 0.0000179768
Acceptance Ratio (from global spline): 0.0000185099
----------------------------------------
FINAL Epsilon = Flux Ratio * Splined Acc Ratio
              = 102.1750496489 * 0.0000185099
              = 0.0018912515
/**************************************/




/********** DEBUGGING OUTPUT (BIN 14) **********/
Channel: O16 -> Be10, Detector: AGL
Energy (ek/n): 6.2049547931 GeV/n
----------------------------------------
--- Acceptance Calculation Details ---
Scale Factor (3.9^2 * Pi): 47.7836242611
Acc(Y): 
  Raw Events: 141769.0000000000 (from /eos/user/z/zixuan/Isotope/Add/Be10_w1_frag4.root)
  MC Flux:    200632097.0394767523
  => Calculated Acc(Y) = (Events/Flux)*Scale = 0.0337644710
Acc(XfragY): 
  Raw Events: 1.0000000000 (from /eos/user/z/zixuan/Isotope/Add/O16_w1_frag4.root)
  MC Flux:    156129620.4485698342
  => Calculated Acc(XfragY) = (Events/Flux)*Scale = 0.0000003061
----------------------------------------
--- Epsilon Calculation Details ---
Flux(O16) at 6.2049547931 GeV/n:   0.1164731154
Flux(Be10) at 6.2049547931 GeV/n: 0.0010955979
=> Flux Ratio (X/Y) from TF1:  106.3100978995
----------------------------------------
Acceptance Ratio (from combined hist): 0.0000090643
Acceptance Ratio (from global spline): 0.0000206688
----------------------------------------
FINAL Epsilon = Flux Ratio * Splined Acc Ratio
              = 106.3100978995 * 0.0000206688
              = 0.0021972979
/**************************************/




/********** DEBUGGING OUTPUT (BIN 15) **********/
Channel: O16 -> Be10, Detector: AGL
Energy (ek/n): 7.4457899798 GeV/n
----------------------------------------
--- Acceptance Calculation Details ---
Scale Factor (3.9^2 * Pi): 47.7836242611
Acc(Y): 
  Raw Events: 141160.0000000000 (from /eos/user/z/zixuan/Isotope/Add/Be10_w1_frag4.root)
  MC Flux:    200158495.3729373217
  => Calculated Acc(Y) = (Events/Flux)*Scale = 0.0336989763
Acc(XfragY): 
  Raw Events: 4.0000000000 (from /eos/user/z/zixuan/Isotope/Add/O16_w1_frag4.root)
  MC Flux:    155761069.0077397823
  => Calculated Acc(XfragY) = (Events/Flux)*Scale = 0.0000012271
----------------------------------------
--- Epsilon Calculation Details ---
Flux(O16) at 7.4457899798 GeV/n:   0.0777407330
Flux(Be10) at 7.4457899798 GeV/n: 0.0006997415
=> Flux Ratio (X/Y) from TF1:  111.0992197134
----------------------------------------
Acceptance Ratio (from combined hist): 0.0000364136
Acceptance Ratio (from global spline): 0.0000223502
----------------------------------------
FINAL Epsilon = Flux Ratio * Splined Acc Ratio
              = 111.0992197134 * 0.0000223502
              = 0.0024830925
/**************************************/




/********** DEBUGGING OUTPUT (BIN 16) **********/
Channel: O16 -> Be10, Detector: AGL
Energy (ek/n): 8.8880598677 GeV/n
----------------------------------------
--- Acceptance Calculation Details ---
Scale Factor (3.9^2 * Pi): 47.7836242611
Acc(Y): 
  Raw Events: 138326.0000000000 (from /eos/user/z/zixuan/Isotope/Add/Be10_w1_frag4.root)
  MC Flux:    195702997.3892996907
  => Calculated Acc(Y) = (Events/Flux)*Scale = 0.0337742278
Acc(XfragY): 
  Raw Events: 2.0000000000 (from /eos/user/z/zixuan/Isotope/Add/O16_w1_frag4.root)
  MC Flux:    152293851.0532875657
  => Calculated Acc(XfragY) = (Events/Flux)*Scale = 0.0000006275
----------------------------------------
--- Epsilon Calculation Details ---
Flux(O16) at 8.8880598677 GeV/n:   0.0519358949
Flux(Be10) at 8.8880598677 GeV/n: 0.0004471950
=> Flux Ratio (X/Y) from TF1:  116.1370187369
----------------------------------------
Acceptance Ratio (from combined hist): 0.0000185798
Acceptance Ratio (from global spline): 0.0000242687
----------------------------------------
FINAL Epsilon = Flux Ratio * Splined Acc Ratio
              = 116.1370187369 * 0.0000242687
              = 0.0028184890
/**************************************/




/********** DEBUGGING OUTPUT (BIN 17) **********/
Channel: O16 -> Be10, Detector: AGL
Energy (ek/n): 10.5565612202 GeV/n
----------------------------------------
--- Acceptance Calculation Details ---
Scale Factor (3.9^2 * Pi): 47.7836242611
Acc(Y): 
  Raw Events: 136140.0000000000 (from /eos/user/z/zixuan/Isotope/Add/Be10_w1_frag4.root)
  MC Flux:    194014374.4246807396
  => Calculated Acc(Y) = (Events/Flux)*Scale = 0.0335297971
Acc(XfragY): 
  Raw Events: 8.0000000000 (from /eos/user/z/zixuan/Isotope/Add/O16_w1_frag4.root)
  MC Flux:    150979783.8305597007
  => Calculated Acc(XfragY) = (Events/Flux)*Scale = 0.0000025319
----------------------------------------
--- Epsilon Calculation Details ---
Flux(O16) at 10.5565612202 GeV/n:   0.0349614922
Flux(Be10) at 10.5565612202 GeV/n: 0.0002866395
=> Flux Ratio (X/Y) from TF1:  121.9702450504
----------------------------------------
Acceptance Ratio (from combined hist): 0.0000755126
Acceptance Ratio (from global spline): 0.0000270296
----------------------------------------
FINAL Epsilon = Flux Ratio * Splined Acc Ratio
              = 121.9702450504 * 0.0000270296
              = 0.0032968099
/**************************************/




/********** DEBUGGING OUTPUT (BIN 18) **********/
Channel: O16 -> Be10, Detector: AGL
Energy (ek/n): 12.4760880858 GeV/n
----------------------------------------
--- Acceptance Calculation Details ---
Scale Factor (3.9^2 * Pi): 47.7836242611
Acc(Y): 
  Raw Events: 132233.0000000000 (from /eos/user/z/zixuan/Isotope/Add/Be10_w1_frag4.root)
  MC Flux:    189139623.7394772768
  => Calculated Acc(Y) = (Events/Flux)*Scale = 0.0334069185
Acc(XfragY): 
  Raw Events: 6.0000000000 (from /eos/user/z/zixuan/Isotope/Add/O16_w1_frag4.root)
  MC Flux:    147186308.1828798652
  => Calculated Acc(XfragY) = (Events/Flux)*Scale = 0.0000019479
----------------------------------------
--- Epsilon Calculation Details ---
Flux(O16) at 12.4760880858 GeV/n:   0.0235684059
Flux(Be10) at 12.4760880858 GeV/n: 0.0001819737
=> Flux Ratio (X/Y) from TF1:  129.5154616971
----------------------------------------
Acceptance Ratio (from combined hist): 0.0000583078
Acceptance Ratio (from global spline): 0.0000302592
----------------------------------------
FINAL Epsilon = Flux Ratio * Splined Acc Ratio
              = 129.5154616971 * 0.0000302592
              = 0.0039190405
/**************************************/




/********** DEBUGGING OUTPUT (BIN 19) **********/
Channel: O16 -> Be10, Detector: AGL
Energy (ek/n): 14.6714890086 GeV/n
----------------------------------------
--- Acceptance Calculation Details ---
Scale Factor (3.9^2 * Pi): 47.7836242611
Acc(Y): 
  Raw Events: 129547.0000000000 (from /eos/user/z/zixuan/Isotope/Add/Be10_w1_frag4.root)
  MC Flux:    186181204.7682591677
  => Calculated Acc(Y) = (Events/Flux)*Scale = 0.0332483893
Acc(XfragY): 
  Raw Events: 2.0000000000 (from /eos/user/z/zixuan/Isotope/Add/O16_w1_frag4.root)
  MC Flux:    144884100.1218572259
  => Calculated Acc(XfragY) = (Events/Flux)*Scale = 0.0000006596
----------------------------------------
--- Epsilon Calculation Details ---
Flux(O16) at 14.6714890086 GeV/n:   0.0158845292
Flux(Be10) at 14.6714890086 GeV/n: 0.0001155030
=> Flux Ratio (X/Y) from TF1:  137.5247766428
----------------------------------------
Acceptance Ratio (from combined hist): 0.0000198389
Acceptance Ratio (from global spline): 0.0000322906
----------------------------------------
FINAL Epsilon = Flux Ratio * Splined Acc Ratio
              = 137.5247766428 * 0.0000322906
              = 0.0044407643
/**************************************/




/********** DEBUGGING OUTPUT (BIN 20) **********/
Channel: O16 -> Be10, Detector: AGL
Energy (ek/n): 17.1925871018 GeV/n
----------------------------------------
--- Acceptance Calculation Details ---
Scale Factor (3.9^2 * Pi): 47.7836242611
Acc(Y): 
  Raw Events: 127844.0000000000 (from /eos/user/z/zixuan/Isotope/Add/Be10_w1_frag4.root)
  MC Flux:    184061323.7871823311
  => Calculated Acc(Y) = (Events/Flux)*Scale = 0.0331892085
Acc(XfragY): 
  Raw Events: 3.0000000000 (from /eos/user/z/zixuan/Isotope/Add/O16_w1_frag4.root)
  MC Flux:    143234432.8061309457
  => Calculated Acc(XfragY) = (Events/Flux)*Scale = 0.0000010008
----------------------------------------
--- Epsilon Calculation Details ---
Flux(O16) at 17.1925871018 GeV/n:   0.0107820293
Flux(Be10) at 17.1925871018 GeV/n: 0.0000741514
=> Flux Ratio (X/Y) from TF1:  145.4056000076
----------------------------------------
Acceptance Ratio (from combined hist): 0.0000301548
Acceptance Ratio (from global spline): 0.0000316079
----------------------------------------
FINAL Epsilon = Flux Ratio * Splined Acc Ratio
              = 145.4056000076 * 0.0000316079
              = 0.0045959589
/**************************************/




/********** DEBUGGING OUTPUT (BIN 21) **********/
Channel: O16 -> Be10, Detector: AGL
Energy (ek/n): 20.0892620167 GeV/n
----------------------------------------
--- Acceptance Calculation Details ---
Scale Factor (3.9^2 * Pi): 47.7836242611
Acc(Y): 
  Raw Events: 126782.0000000000 (from /eos/user/z/zixuan/Isotope/Add/Be10_w1_frag4.root)
  MC Flux:    182139021.1674528420
  => Calculated Acc(Y) = (Events/Flux)*Scale = 0.0332608763
Acc(XfragY): 
  Raw Events: 3.0000000000 (from /eos/user/z/zixuan/Isotope/Add/O16_w1_frag4.root)
  MC Flux:    141738518.7284019887
  => Calculated Acc(XfragY) = (Events/Flux)*Scale = 0.0000010114
----------------------------------------
--- Epsilon Calculation Details ---
Flux(O16) at 20.0892620167 GeV/n:   0.0073694219
Flux(Be10) at 20.0892620167 GeV/n: 0.0000476303
=> Flux Ratio (X/Y) from TF1:  154.7211764901
----------------------------------------
Acceptance Ratio (from combined hist): 0.0000304074
Acceptance Ratio (from global spline): 0.0000268452
----------------------------------------
FINAL Epsilon = Flux Ratio * Splined Acc Ratio
              = 154.7211764901 * 0.0000268452
              = 0.0041535259
/**************************************/


    INFO: Intermediate results saved to /eos/user/z/zixuan/Isotope/BkgEst/w1_results_O16_to_Be10.pdf

--- All calculations finished. Starting to generate plots. ---

>>> Successfully created plot: /eos/user/z/zixuan/Isotope/BkgEst/w1_frag_epsilon_B10.png
>>> Successfully created plot: /eos/user/z/zixuan/Isotope/BkgEst/w1_frag_epsilon_B11.png
>>> Successfully created plot: /eos/user/z/zixuan/Isotope/BkgEst/w1_frag_epsilon_Be10.png
>>> Successfully created plot: /eos/user/z/zixuan/Isotope/BkgEst/w1_frag_epsilon_Be7.png
>>> Successfully created plot: /eos/user/z/zixuan/Isotope/BkgEst/w1_frag_epsilon_Be9.png

--- All plots generated. Script finished. ---

